Fout	Lin	Lout	sono
1.768523	0.51681364	-0.00067045673	14.82304
1.7591673	0.82254595	-0.0023521434	14.814812
1.7622858	0.99264789	-0.0023521434	14.82304
1.7607266	1.0976729	-0.014964793	14.806583
1.7576081	1.1572731	-0.0031929866	14.806583
1.7622858	1.2068862	0.0052154465	14.818925
1.7622858	1.2310483	0.016987253	14.82304
1.7591673	1.2391025	0.0010112298	14.798356
1.7638451	1.2532777	-0.012442263	14.790128
1.7591673	1.2503781	0.035485804	14.786013
1.7607266	1.2626203	-0.0073972028	14.843609
1.7638451	1.2561771	0.007737976	14.818925
1.7638451	1.2574657	-0.010760576	14.82304
1.7607266	1.2487674	0.0085788192	14.818925
1.7622858	1.2577879	0.12713772	14.855952
1.7622858	1.253922	-0.037667561	14.827153
1.7607266	1.2610096	-0.017487323	14.82304
1.7638451	1.2532777	0.007737976	14.798356
1.7669637	1.2661642	-0.015805636	14.835382
1.7638451	1.2703522	-0.0057155164	14.806583
1.7622858	1.2677749	0.0010112298	14.802469
1.7591673	1.2645533	-0.0015113001	14.798356
1.7607266	1.263909	0.0094196629	14.82304
1.7591673	1.2687415	-0.0015113001	14.810697
1.7654045	1.2742182	0.021191468	14.818925
1.7622858	1.2674528	-0.0048746732	14.810697
1.7607266	1.2677749	-0.01160142	14.82304
1.7669637	1.2677749	-0.32103172	14.835382
1.7622858	1.2603652	-0.01160142	14.814812
1.7622858	1.2548884	-0.010760576	14.806583
1.7654045	1.250056	0.090981461	14.827153
1.7638451	1.2439349	0.0035337596	14.802469
1.7638451	1.2507004	-0.018328166	14.786013
1.7669637	1.2391025	-0.031781659	14.781899
1.7560488	1.2378138	0.0085788192	14.786013
1.7654045	1.2523111	0.049780142	14.794241
1.7622858	1.2516668	-0.010760576	14.806583
1.7622858	1.2507004	-0.013283106	14.786013
1.7638451	1.2603652	-0.0048746732	14.818925
1.7576081	1.2555327	0.019509783	14.777785
1.7638451	1.2552106	0.011942193	14.798356
1.7638451	1.2436128	0.010260507	14.794241
1.7654045	1.2532777	-0.0065563596	14.794241
1.7669637	1.2513447	0.0010112298	14.777785
1.7576081	1.2513447	-0.029259128	14.765444
1.7622858	1.2603652	-0.0082380464	14.802469
1.7700822	1.2622982	-0.014964793	14.82304
1.7669637	1.2613317	-0.0065563596	14.814812
1.7669637	1.2403911	-0.017487323	14.769557
1.7654045	1.2420019	-0.0015113001	14.790128
1.7622858	1.2468344	0.010260507	14.769557
1.7560488	1.250056	-0.00067045673	14.765444
1.7607266	1.2458678	0.0010112298	14.769557
1.7638451	1.2532777	0.014464723	14.786013
1.7576081	1.2532777	-0.00067045673	14.806583
1.7622858	1.2584323	0.0043746028	14.806583
1.7560488	1.2648755	0.040530864	14.82304
1.7591673	1.2758291	0.014464723	14.831268
1.7622858	1.2761512	-0.037667561	14.810697
1.7638451	1.2668085	0.027918214	14.781899
1.7576081	1.2693858	0.0094196629	14.814812
1.7576081	1.2632647	0.0043746028	14.798356
1.7622858	1.2561771	-0.013283106	14.814812
1.7607266	1.2622982	-0.0040338296	14.82304
1.7622858	1.2577879	0.0001703865	14.806583
1.7591673	1.2603652	-0.00067045673	14.814812
1.7654045	1.255855	0.028759057	14.810697
1.7591673	1.2610096	-0.010760576	14.802469
1.7622858	1.2651976	-0.024214068	14.806583
1.7607266	1.2622982	-0.0065563596	14.7531
1.7638451	1.2629426	-0.0099197328	14.831268
1.7607266	1.2645533	-0.024214068	14.831268
1.7591673	1.2677749	-0.0099197328	14.82304
1.7607266	1.2706745	0.0068971328	14.831268
1.7591673	1.2703522	0.0035337596	14.810697
1.7638451	1.2706745	-0.014123949	14.806583
1.7607266	1.2635869	-0.035145033	14.794241
1.7638451	1.2603652	0.051461827	14.798356
1.7591673	1.2545663	-0.015805636	14.802469
1.7576081	1.255855	0.014464723	14.806583
1.7638451	1.2645533	-0.014964793	14.835382
1.7638451	1.2526333	0.0052154465	14.810697
1.7638451	1.2487674	-0.036826719	14.810697
1.7607266	1.2471565	0.0026929164	14.781899
1.7607266	1.2490895	0.0018520731	14.794241
1.7622858	1.2568214	0.0018520731	14.818925
1.7560488	1.2648755	-0.028418286	14.827153
1.7607266	1.2577879	0.018668938	14.802469
1.7654045	1.2690636	0.0094196629	14.839496
1.7560488	1.2780842	0.018668938	14.847724
1.7576081	1.2748625	0.0043746028	14.814812
1.7638451	1.2622982	0.01614641	14.802469
1.7654045	1.2642312	0.0060562897	14.802469
1.7576081	1.2574657	0.0026929164	14.810697
1.7622858	1.2597209	-0.00067045673	14.802469
1.7544895	1.2684193	0.019509783	14.806583
1.7638451	1.265842	0.0001703865	14.835382
1.7560488	1.2719631	-0.037667561	14.82304
1.7622858	1.2745404	-0.017487323	14.827153
1.7622858	1.2606874	0.0094196629	14.82304
1.7591673	1.2700301	0.023713998	14.818925
1.7638451	1.2726074	0.01110135	14.831268
1.7607266	1.263909	0.0068971328	14.818925
1.7576081	1.2590766	0.026236527	14.802469
1.7622858	1.2693858	0.0018520731	14.835382
1.7576081	1.261976	-0.01664648	14.810697
1.7576081	1.2693858	-0.017487323	14.839496
1.7591673	1.2680972	0.0001703865	14.839496
1.7560488	1.2626203	0.021191468	14.794241
1.7622858	1.2629426	-0.0065563596	14.802469
1.7576081	1.2648755	-0.024214068	14.814812
1.7607266	1.2642312	-0.01160142	14.794241
1.7622858	1.2622982	0.0094196629	14.818925
1.7607266	1.2507004	0.01110135	14.794241
1.7622858	1.2564993	-0.01160142	14.814812
1.7560488	1.260043	-0.024214068	14.835382
1.7607266	1.2684193	0.028759057	14.843609
1.7591673	1.2603652	-0.0090788892	14.810697
1.7591673	1.2616539	-0.013283106	14.806583
1.7591673	1.2610096	-0.012442263	14.831268
1.7607266	1.2590766	0.01110135	14.814812
1.7622858	1.2616539	-0.00067045673	14.798356
1.7607266	1.2610096	0.0060562897	14.814812
1.7544895	1.2651976	-0.020009853	14.831268
1.7607266	1.2593987	0.022873154	14.790128
1.7638451	1.2642312	-0.020009853	14.802469
1.7638451	1.2574657	0.0052154465	14.806583
1.7576081	1.2507004	-0.0031929866	14.814812
1.7622858	1.2548884	-0.0073972028	14.802469
1.7607266	1.2635869	0.11620677	14.818925
1.7591673	1.2758291	-0.031781659	14.843609
1.768523	1.2677749	-0.0090788892	14.835382
1.7560488	1.2593987	-0.031781659	14.806583
1.7622858	1.2571436	0.0018520731	14.802469
1.7638451	1.248123	0.022032311	14.802469
1.7638451	1.2494117	0.023713998	14.814812
1.7607266	1.2552106	-0.0082380464	14.814812
1.7576081	1.2561771	0.0052154465	14.82304
1.7622858	1.2597209	-0.0040338296	14.818925
1.7607266	1.2693858	-0.027577441	14.843609
1.7638451	1.2574657	0.0010112298	14.802469
1.7654045	1.2642312	0.0052154465	14.814812
1.7638451	1.2742182	-0.0031929866	14.831268
1.7607266	1.2713188	0.0010112298	14.814812
1.7591673	1.2648755	0.0026929164	14.798356
1.7638451	1.2577879	0.01614641	14.786013
1.7638451	1.2513447	0.0010112298	14.814812
1.7638451	1.2471565	0.015305566	14.82304
1.7638451	1.2478008	-0.01664648	14.798356
1.7607266	1.253922	0.0018520731	14.814812
1.7544895	1.2561771	0.059029419	14.798356
1.7607266	1.2726074	-0.027577441	14.851837
1.7607266	1.2632647	0.14143206	14.802469
1.7591673	1.2803394	-0.030099971	14.835382
1.7607266	1.2806615	0.0052154465	14.835382
1.7607266	1.2845274	-0.0065563596	14.855952
1.7700822	1.2745404	0.01614641	14.806583
1.7607266	1.2738961	0.0094196629	14.827153
1.7622858	1.2687415	-0.024214068	14.82304
1.7607266	1.2777621	-0.021691538	14.818925
1.7591673	1.2829167	0.0018520731	14.814812
1.7622858	1.2726074	-0.0040338296	14.781899
1.7607266	1.2645533	0.0001703865	14.814812
1.7622858	1.2690636	0.016987253	14.843609
1.7591673	1.2526333	-0.01160142	14.798356
1.7560488	1.2626203	-0.030099971	14.806583
1.7638451	1.2574657	-0.0015113001	14.806583
1.7607266	1.253922	0.012783037	14.798356
1.7607266	1.253922	0.016987253	14.794241
1.7576081	1.2487674	0.012783037	14.798356
1.7591673	1.2613317	-0.01664648	14.810697
1.7669637	1.2613317	0.043053396	14.835382
1.7638451	1.2690636	-0.0040338296	14.818925
1.7591673	1.261976	0.020350626	14.802469
1.7576081	1.2780842	-0.033463344	14.827153
1.7622858	1.2703522	0.0068971328	14.802469
1.7654045	1.2738961	0.013623879	14.802469
1.7622858	1.2845274	-0.021691538	14.82304
1.7622858	1.2713188	0.0052154465	14.814812
1.7607266	1.2697079	0.0035337596	14.82304
1.7560488	1.2716409	-0.00067045673	14.814812
1.7560488	1.2690636	-0.0057155164	14.806583
1.7591673	1.2697079	0.0035337596	14.827153
1.7622858	1.2535998	0.015305566	14.802469
1.7576081	1.2645533	0.053143516	14.827153
1.7622858	1.265842	-0.0040338296	14.82304
1.7622858	1.2523111	0.16665737	14.802469
1.7591673	1.2535998	0.0010112298	14.818925
1.7576081	1.2635869	-0.0099197328	14.814812
1.7576081	1.2751848	0.023713998	14.831268
1.7638451	1.2716409	-0.024214068	14.802469
1.7576081	1.2603652	-0.0065563596	14.786013
1.7607266	1.25811	0.017828096	14.765444
1.7622858	1.2529554	-0.0023521434	14.806583
1.7622858	1.248123	0.018668938	14.806583
1.7544895	1.263909	-0.020850696	14.839496
1.7622858	1.2523111	0.012783037	14.814812
1.7607266	1.250056	-0.018328166	14.802469
1.7622858	1.2436128	0.01110135	14.831268
1.7607266	1.2420019	0.0035337596	14.810697
1.7560488	1.2458678	-0.014964793	14.781899
1.7576081	1.2452235	-0.0057155164	14.777785
1.7669637	1.2478008	0.012783037	14.810697
1.7560488	1.2545663	-0.025895756	14.810697
1.7576081	1.2622982	-0.038508404	14.810697
1.7622858	1.2593987	0.14059122	14.810697
1.7622858	1.2726074	0.0001703865	14.839496
1.7591673	1.2738961	0.007737976	14.806583
1.7607266	1.2758291	-0.01160142	14.835382
1.7576081	1.263909	0.0010112298	14.810697
1.7591673	1.2564993	-0.11502513	14.798356
1.7529303	1.251989	-0.0065563596	14.794241
1.7591673	1.261976	-0.020009853	14.82304
1.7591673	1.2577879	0.0052154465	14.818925
1.7669637	1.2516668	-0.00067045673	14.831268
1.7622858	1.2507004	0.016987253	14.810697
1.7544895	1.2484452	-0.0031929866	14.818925
1.7607266	1.2513447	0.0001703865	14.798356
1.7607266	1.2564993	-0.0099197328	14.818925
1.7591673	1.2613317	0.0010112298	14.814812
1.7607266	1.2622982	0.007737976	14.802469
1.7607266	1.2471565	0.0068971328	14.786013
1.7591673	1.2542441	-0.0082380464	14.802469
1.7607266	1.2590766	0.012783037	14.818925
1.7591673	1.2690636	-0.025054913	14.851837
1.7576081	1.2777621	0.0052154465	14.835382
1.7638451	1.2738961	0.0035337596	14.802469
1.7576081	1.2729295	-0.025895756	14.806583
1.7560488	1.2671306	-0.030099971	14.798356
1.7607266	1.2613317	-0.00067045673	14.794241
1.7622858	1.2642312	0.0043746028	14.806583
1.7591673	1.2587544	0.018668938	14.831268
1.7622858	1.255855	0.014464723	14.831268
1.7591673	1.2529554	-0.0065563596	14.794241
1.7591673	1.2532777	-0.01160142	14.806583
1.7591673	1.2564993	-0.018328166	14.814812
1.7622858	1.253922	0.043894235	14.810697
1.7607266	1.2635869	-0.0057155164	14.810697
1.7591673	1.2664863	-0.014123949	14.802469
1.7607266	1.2642312	0.012783037	14.82304
1.7638451	1.2697079	-0.0040338296	14.839496
1.7622858	1.2593987	-0.01664648	14.798356
1.7654045	1.2845274	-0.014964793	14.855952
1.7638451	1.2674528	-0.01160142	14.798356
1.7638451	1.2706745	0.12545605	14.839496
1.7591673	1.2610096	0.01110135	14.790128
1.7622858	1.2516668	0.0018520731	14.798356
1.7591673	1.2613317	-0.0090788892	14.835382
1.7669637	1.2648755	-0.00067045673	14.843609
1.7560488	1.251989	0.014464723	14.794241
1.7591673	1.2671306	0.021191468	14.818925
1.7529303	1.2613317	-0.015805636	14.806583
1.7576081	1.2626203	-0.0031929866	14.806583
1.7622858	1.2664863	-0.0015113001	14.806583
1.768523	1.2832388	0.016987253	14.855952
1.7544895	1.2719631	0.0010112298	14.827153
1.7591673	1.2719631	0.0068971328	14.860065
1.7607266	1.2651976	0.0052154465	14.802469
1.7607266	1.2626203	0.0001703865	14.810697
1.7576081	1.2494117	0.10863917	14.773671
1.7513711	1.2622982	-0.0082380464	14.818925
1.7560488	1.2629426	-0.01160142	14.818925
1.7544895	1.2651976	-0.0015113001	14.814812
1.7622858	1.2632647	-0.017487323	14.814812
1.7591673	1.2532777	0.012783037	14.835382
1.7591673	1.2651976	0.0010112298	14.839496
1.7513711	1.265842	0.007737976	14.806583
1.7591673	1.260043	0.011942193	14.806583
1.7607266	1.253922	0.027077371	14.769557
1.7560488	1.25811	0.0052154465	14.814812
1.7576081	1.2564993	-0.022532383	14.831268
1.7622858	1.2700301	-0.024214068	14.839496
1.7607266	1.2738961	-0.15370393	14.839496
1.7607266	1.2677749	0.0094196629	14.798356
1.7576081	1.2548884	0.015305566	14.794241
1.7622858	1.2680972	-0.0023521434	14.802469
1.7607266	1.2719631	-0.0082380464	14.814812
1.7638451	1.2780842	-0.0082380464	14.835382
1.7622858	1.2684193	0.0018520731	14.794241
1.7607266	1.2742182	-0.0031929866	14.818925
1.7607266	1.2703522	-0.0073972028	14.839496
1.7607266	1.25811	-0.0048746732	14.802469
1.7622858	1.2484452	0.0026929164	14.794241
1.7607266	1.2452235	0.026236527	14.773671
1.7560488	1.2510225	-0.0099197328	14.798356
1.7607266	1.2548884	0.013623879	14.818925
1.7591673	1.2455457	0.0060562897	14.794241
1.7622858	1.2461901	0.010260507	14.798356
1.7576081	1.2523111	-0.0073972028	14.818925
1.7576081	1.2622982	-0.025054913	14.818925
1.7591673	1.2661642	0.0043746028	14.802469
1.7576081	1.2661642	0.028759057	14.798356
1.7576081	1.2674528	-0.015805636	14.814812
1.7544895	1.2748625	0.01110135	14.806583
1.7638451	1.2758291	-0.014123949	14.810697
1.7560488	1.2842053	-0.017487323	14.818925
1.7576081	1.2738961	-0.021691538	14.835382
1.7622858	1.2645533	-0.033463344	14.810697
1.7607266	1.2584323	0.0010112298	14.806583
1.768523	1.2584323	-0.0023521434	14.798356
1.7607266	1.2455457	-0.0040338296	14.798356
1.7607266	1.2548884	-0.034304187	14.839496
1.7544895	1.2510225	-0.0057155164	14.802469
1.7591673	1.2610096	0.027918214	14.818925
1.7560488	1.2616539	0.0052154465	14.82304
1.7576081	1.2555327	-0.0057155164	14.806583
1.7591673	1.265842	-0.0031929866	14.831268
1.7591673	1.2755069	-0.014123949	14.843609
1.7622858	1.2645533	-0.0099197328	14.802469
1.7622858	1.2642312	-0.01160142	14.806583
1.7622858	1.2642312	0.022873154	14.790128
1.7560488	1.2645533	0.012783037	14.810697
1.7576081	1.2584323	0.0060562897	14.802469
1.7529303	1.2590766	-0.01916901	14.798356
1.7622858	1.2503781	0.0035337596	14.798356
1.7638451	1.2523111	-0.024214068	14.806583
1.7560488	1.2568214	0.015305566	14.818925
1.7544895	1.2535998	0.022873154	14.814812
1.7622858	1.2597209	-0.0031929866	14.814812
1.7607266	1.2622982	0.032122433	14.827153
1.7591673	1.2626203	-0.013283106	14.82304
1.7560488	1.2632647	0.036326651	14.814812
1.7576081	1.2767955	0.0068971328	14.835382
1.7591673	1.2668085	0.007737976	14.827153
1.7560488	1.2803394	-0.022532383	14.827153
1.7607266	1.2755069	0.026236527	14.835382
1.7607266	1.2680972	-0.0048746732	14.798356
1.7622858	1.2610096	0.021191468	14.798356
1.7591673	1.265842	-0.0031929866	14.818925
1.7607266	1.2561771	0.012783037	14.794241
1.7560488	1.2584323	-0.021691538	14.794241
1.7591673	1.2555327	-0.012442263	14.827153
1.7576081	1.2629426	-0.0031929866	14.82304
1.7560488	1.2523111	0.0043746028	14.806583
1.7576081	1.2545663	0.0094196629	14.790128
1.7607266	1.255855	-0.0057155164	14.806583
1.7654045	1.2616539	-0.035145033	14.831268
1.7544895	1.2651976	-0.0090788892	14.82304
1.7560488	1.2593987	-0.0015113001	14.802469
1.7622858	1.2661642	-0.0099197328	14.827153
1.7622858	1.263909	0.012783037	14.802469
1.7607266	1.2690636	0.0010112298	14.847724
1.7607266	1.2790507	-0.026736598	14.814812
1.7591673	1.2729295	0.0010112298	14.798356
1.7607266	1.2668085	-0.0048746732	14.798356
1.7560488	1.2622982	-0.0040338296	14.786013
1.7560488	1.2635869	-0.0082380464	14.818925
1.7576081	1.2532777	0.0094196629	14.810697
1.7576081	1.2471565	0.13554616	14.802469
1.7607266	1.2597209	0.0010112298	14.851837
1.7544895	1.2648755	0.0010112298	14.827153
1.7607266	1.2597209	-0.028418286	14.806583
1.7591673	1.261976	-0.028418286	14.806583
1.7576081	1.2655199	-0.0048746732	14.82304
1.7576081	1.2693858	-0.020009853	14.814812
1.7591673	1.2568214	0.0018520731	14.806583
1.7576081	1.2632647	0.03128159	14.814812
1.7622858	1.2616539	0.0094196629	14.818925
1.7576081	1.2597209	-0.0015113001	14.806583
1.7591673	1.2561771	-0.0073972028	14.794241
1.7560488	1.2722852	-0.031781659	14.818925
1.7529303	1.2622982	0.012783037	14.82304
1.7544895	1.2645533	-0.0031929866	14.814812
1.7544895	1.2577879	0.0001703865	14.82304
1.7638451	1.251989	0.025395684	14.827153
1.7513711	1.2484452	-0.014123949	14.831268
1.7560488	1.2432905	0.010260507	14.786013
1.7544895	1.250056	-0.018328166	14.82304
1.7560488	1.2503781	-0.0065563596	14.794241
1.7576081	1.2613317	-0.23190235	14.835382
1.7607266	1.253922	0.0035337596	14.794241
1.7607266	1.2610096	-0.020009853	14.818925
1.7607266	1.2693858	-0.0090788892	14.818925
1.7591673	1.2713188	-0.017487323	14.835382
1.7576081	1.2697079	0.012783037	14.806583
1.7669637	1.2655199	0.025395684	14.802469
1.7560488	1.265842	-0.0099197328	14.798356
1.7607266	1.2616539	0.013623879	14.790128
1.7622858	1.2564993	0.01614641	14.798356
1.7591673	1.260043	0.0018520731	14.827153
1.7560488	1.263909	-0.020009853	14.843609
1.7622858	1.2790507	0.0018520731	14.860065
1.7591673	1.2709966	-0.017487323	14.814812
1.7654045	1.25811	0.0060562897	14.794241
1.7591673	1.2603652	0.0052154465	14.806583
1.7576081	1.2571436	0.007737976	14.802469
1.7622858	1.2626203	-0.025054913	14.818925
1.7576081	1.2655199	-0.0031929866	14.810697
1.7591673	1.2613317	-0.00067045673	14.802469
1.7576081	1.261976	-0.00067045673	14.814812
1.7560488	1.2648755	0.019509783	14.786013
1.7607266	1.2700301	-0.0099197328	14.818925
1.7560488	1.2771177	0.010260507	14.814812
1.7622858	1.279695	0.0085788192	14.831268
1.7544895	1.2751848	-0.0082380464	14.794241
1.7529303	1.2774398	0.0068971328	14.835382
1.7560488	1.2703522	-0.0065563596	14.814812
1.7560488	1.2655199	0.011942193	14.835382
1.7576081	1.2700301	-0.0015113001	14.839496
1.7607266	1.260043	0.018668938	14.814812
1.7591673	1.2674528	0.020350626	14.798356
1.7560488	1.2703522	-0.0057155164	14.810697
1.7591673	1.2700301	-0.028418286	14.798356
1.7576081	1.263909	-0.22769812	14.806583
1.7576081	1.2548884	-0.00067045673	14.798356
1.7513711	1.2674528	-0.0082380464	14.839496
1.7591673	1.2729295	0.0043746028	14.806583
1.7560488	1.2642312	0.012783037	14.818925
1.7607266	1.2690636	0.069119543	14.814812
1.7529303	1.2635869	-0.033463344	14.806583
1.7544895	1.2671306	-0.026736598	14.806583
1.7560488	1.2568214	-0.11502513	14.794241
1.7622858	1.2507004	-0.0057155164	14.786013
1.7607266	1.2439349	0.013623879	14.806583
1.7576081	1.2487674	-0.026736598	14.818925
1.7576081	1.250056	-0.0023521434	14.806583
1.7560488	1.2574657	-0.021691538	14.814812
1.7622858	1.2510225	0.0026929164	14.806583
1.7607266	1.2526333	0.0052154465	14.786013
1.7576081	1.2574657	0.022032311	14.802469
1.7591673	1.253922	0.0052154465	14.781899
1.7622858	1.2574657	0.027077371	14.798356
1.7560488	1.2564993	-0.0065563596	14.798356
1.7622858	1.2622982	-0.020009853	14.814812
1.7607266	1.2568214	0.085936405	14.794241
1.7591673	1.2616539	-0.014964793	14.831268
1.7591673	1.2616539	-0.022532383	14.827153
1.7560488	1.2674528	-0.023373226	14.806583
1.7622858	1.2745404	-0.0023521434	14.835382
1.7607266	1.2661642	0.015305566	14.814812
1.7622858	1.2642312	-0.0031929866	14.827153
1.7591673	1.2597209	0.0060562897	14.814812
1.7622858	1.253922	-0.01664648	14.814812
1.7622858	1.2484452	0.018668938	14.786013
1.7544895	1.255855	-0.14193211	14.818925
1.7576081	1.2603652	-0.027577441	14.790128
1.7529303	1.2651976	-0.038508404	14.810697
1.7607266	1.2771177	0.027918214	14.827153
1.7544895	1.2719631	-0.017487323	14.831268
1.7529303	1.2651976	0.0068971328	14.798356
1.7560488	1.2610096	0.0068971328	14.814812
1.7560488	1.2613317	-0.0090788892	14.798356
1.7591673	1.2700301	0.027077371	14.855952
1.7576081	1.2767955	-0.0040338296	14.806583
1.7591673	1.2684193	0.0052154465	14.790128
1.7513711	1.2703522	-0.01916901	14.814812
1.7560488	1.2626203	-0.0031929866	14.806583
1.7560488	1.2671306	-0.022532383	14.82304
1.7560488	1.2642312	0.034644961	14.802469
1.7576081	1.2597209	0.0052154465	14.802469
1.7560488	1.2542441	0.030440746	14.814812
1.7607266	1.250056	0.019509783	14.786013
1.7544895	1.2513447	-0.010760576	14.786013
1.7560488	1.2564993	-0.00067045673	14.802469
1.7576081	1.2610096	0.01614641	14.810697
1.7591673	1.2584323	0.0035337596	14.814812
1.7576081	1.263909	-0.030099971	14.802469
1.7591673	1.2626203	-0.026736598	14.802469
1.7591673	1.2726074	0.0035337596	14.827153
1.7622858	1.2626203	-0.0023521434	14.798356
1.7591673	1.2738961	0.14647713	14.810697
1.7560488	1.2738961	0.0026929164	14.818925
1.7591673	1.2703522	0.0068971328	14.831268
1.7591673	1.2577879	-0.28403464	14.798356
1.7576081	1.2610096	-0.0082380464	14.814812
1.7576081	1.2671306	-0.0090788892	14.82304
1.7560488	1.2642312	0.0001703865	14.835382
1.7560488	1.2548884	0.0001703865	14.794241
1.7576081	1.2642312	0.019509783	14.831268
1.7560488	1.2671306	-0.029259128	14.818925
1.7560488	1.2661642	-0.0031929866	14.818925
1.7576081	1.2590766	0.0052154465	14.798356
1.7591673	1.255855	0.029599901	14.806583
1.7560488	1.255855	-0.022532383	14.806583
1.7591673	1.2674528	-0.025054913	14.827153
1.7591673	1.2597209	-0.024214068	14.790128
1.7622858	1.2606874	0.027918214	14.818925
1.7576081	1.2677749	-0.044394307	14.810697
1.7607266	1.2738961	-0.0040338296	14.843609
1.7560488	1.2729295	-0.014123949	14.839496
1.7638451	1.2693858	-0.0023521434	14.835382
1.7560488	1.2632647	-0.0040338296	14.810697
1.7607266	1.2590766	-0.0015113001	14.831268
1.7591673	1.2490895	0.0052154465	14.798356
1.7638451	1.2461901	0.0018520731	14.794241
1.7622858	1.2561771	0.0026929164	14.798356
1.7576081	1.2648755	-0.01916901	14.831268
1.7544895	1.260043	-0.015805636	14.806583
1.7576081	1.261976	-0.022532383	14.814812
1.7607266	1.2706745	0.092663154	14.835382
1.7622858	1.2606874	-0.0048746732	14.82304
1.7591673	1.2648755	0.0043746028	14.814812
1.7560488	1.2590766	0.027918214	14.802469
1.7560488	1.25811	-0.0015113001	14.790128
1.7576081	1.2587544	-0.0065563596	14.831268
1.7591673	1.2661642	-0.039349247	14.82304
1.7607266	1.2613317	0.0001703865	14.814812
1.7607266	1.2494117	0.011942193	14.794241
1.7654045	1.2523111	0.017828096	14.806583
1.7591673	1.2603652	-0.012442263	14.831268
1.7622858	1.2610096	0.0094196629	14.810697
1.7576081	1.2503781	0.0085788192	14.790128
1.7607266	1.2590766	0.018668938	14.802469
1.7607266	1.2606874	-0.01664648	14.818925
1.7622858	1.265842	-0.030099971	14.835382
1.7544895	1.2648755	-0.023373226	14.82304
1.7591673	1.2648755	0.0043746028	14.835382
1.7529303	1.2745404	-0.0031929866	14.818925
1.7576081	1.2690636	-0.0048746732	14.814812
1.7591673	1.2745404	-0.01160142	14.827153
1.7576081	1.2719631	0.022873154	14.806583
1.7544895	1.2687415	-0.023373226	14.798356
1.7576081	1.265842	-0.0057155164	14.810697
1.7560488	1.2616539	-0.0015113001	14.794241
1.7560488	1.260043	0.0085788192	14.835382
1.7622858	1.2674528	0.016987253	14.818925
1.7622858	1.253922	0.0060562897	14.802469
1.7591673	1.2622982	0.01110135	14.798356
1.7576081	1.251989	-0.014964793	14.806583
1.7576081	1.2645533	-0.013283106	14.818925
1.7560488	1.2597209	-0.022532383	14.802469
1.7591673	1.2687415	0.025395684	14.839496
1.7560488	1.2751848	0.10275327	14.82304
1.7529303	1.2668085	-0.014123949	14.810697
1.7513711	1.2803394	-0.0048746732	14.827153
1.7576081	1.2735739	-0.0015113001	14.814812
1.7544895	1.2571436	-0.010760576	14.790128
1.7591673	1.2722852	0.020350626	14.798356
1.7544895	1.2690636	0.01614641	14.798356
1.7560488	1.2622982	-0.0023521434	14.82304
1.7622858	1.2700301	0.013623879	14.868294
1.7576081	1.2793728	-0.014964793	14.851837
1.7544895	1.2645533	0.0035337596	14.827153
1.7544895	1.2568214	-0.0082380464	14.810697
1.7560488	1.255855	0.013623879	14.810697
1.7560488	1.2561771	0.012783037	14.806583
1.7576081	1.248123	0.021191468	14.798356
1.7529303	1.2494117	0.01110135	14.790128
1.7544895	1.2494117	0.14815882	14.814812
1.7591673	1.2545663	-0.0082380464	14.802469
1.7513711	1.2597209	-0.037667561	14.790128
1.7607266	1.2564993	0.0052154465	14.798356
1.7622858	1.2751848	-0.0048746732	14.810697
1.7576081	1.2680972	-0.030099971	14.786013
1.7638451	1.2661642	-0.010760576	14.794241
1.7622858	1.2606874	0.024554841	14.798356
1.7591673	1.2548884	0.029599901	14.810697
1.7622858	1.2542441	0.0052154465	14.818925
1.7544895	1.2642312	-0.021691538	14.831268
1.7544895	1.251989	-0.021691538	14.802469
1.7560488	1.2555327	0.0001703865	14.802469
1.7560488	1.2510225	0.018668938	14.806583
1.7544895	1.2487674	-0.0048746732	14.781899
1.7529303	1.2507004	0.0094196629	14.786013
1.7576081	1.2703522	-0.0082380464	14.851837
1.7544895	1.2645533	0.007737976	14.814812
1.7560488	1.2709966	-0.0090788892	14.827153
1.7576081	1.2738961	-0.015805636	14.806583
1.7622858	1.2887156	-0.014123949	14.818925
1.7544895	1.2761512	0.0001703865	14.814812
1.7529303	1.2613317	0.018668938	14.794241
1.7591673	1.250056	-0.018328166	14.806583
1.7591673	1.253922	-0.0065563596	14.82304
1.7607266	1.2461901	0.010260507	14.798356
1.7576081	1.2484452	0.0052154465	14.82304
1.7560488	1.2474787	-0.01664648	14.806583
1.7591673	1.2468344	-0.0023521434	14.798356
1.7576081	1.2545663	-0.013283106	14.835382
1.7560488	1.2606874	0.011942193	14.814812
1.7591673	1.2645533	-0.0048746732	14.818925
1.7529303	1.2703522	0.018668938	14.818925
1.7560488	1.2748625	-0.0048746732	14.814812
1.7560488	1.279695	-0.0057155164	14.827153
1.7513711	1.2793728	0.0018520731	14.810697
1.7513711	1.2706745	-0.015805636	14.790128
1.7482526	1.2632647	0.0001703865	14.827153
1.7576081	1.2610096	-0.023373226	14.814812
1.7576081	1.2552106	-0.0099197328	14.802469
1.7622858	1.2597209	-0.025895756	14.831268
1.7529303	1.2535998	-0.010760576	14.814812
1.7591673	1.2535998	0.014464723	14.814812
1.7576081	1.2555327	-0.0090788892	14.814812
1.7560488	1.2465122	0.16749822	14.818925
1.7591673	1.2529554	0.007737976	14.843609
1.7529303	1.2574657	-0.012442263	14.82304
1.7544895	1.2597209	0.059029419	14.802469
1.7560488	1.2584323	-0.0082380464	14.798356
1.7560488	1.2584323	0.027918214	14.810697
1.7560488	1.251989	0.0085788192	14.802469
1.7560488	1.2507004	0.011942193	14.786013
1.7544895	1.2593987	0.007737976	14.794241
1.7560488	1.2687415	0.0010112298	14.855952
1.7576081	1.2671306	0.0010112298	14.790128
1.7591673	1.2803394	0.0068971328	14.814812
1.7576081	1.2735739	-0.027577441	14.798356
1.7544895	1.2777621	-0.0057155164	14.839496
1.7544895	1.2697079	-0.0040338296	14.827153
1.7560488	1.2671306	0.0060562897	14.814812
1.7591673	1.2729295	0.01110135	14.831268
1.7560488	1.2758291	-0.0073972028	14.839496
1.7529303	1.2680972	0.013623879	14.794241
1.7544895	1.25811	-0.0082380464	14.786013
1.7591673	1.2526333	-0.0048746732	14.781899
1.7622858	1.2577879	0.083413877	14.831268
1.7654045	1.2632647	-0.0099197328	14.810697
1.7529303	1.2590766	0.0068971328	14.786013
1.7576081	1.2584323	-0.025054913	14.814812
1.7576081	1.25811	-0.020009853	14.814812
1.7560488	1.2584323	-0.0099197328	14.786013
1.7560488	1.2584323	-0.0057155164	14.798356
1.7622858	1.2593987	0.0085788192	14.798356
1.7591673	1.261976	0.0026929164	14.839496
1.7576081	1.2590766	0.0068971328	14.810697
1.7576081	1.25811	-0.01916901	14.827153
1.7622858	1.2626203	-0.0057155164	14.827153
1.7576081	1.2606874	-0.020009853	14.835382
1.7513711	1.2726074	-0.01664648	14.82304
1.7544895	1.2648755	-0.015805636	14.798356
1.7560488	1.2651976	0.0085788192	14.794241
1.7560488	1.2635869	0.0001703865	14.798356
1.7560488	1.2622982	-0.0099197328	14.798356
1.7591673	1.2597209	0.045575924	14.814812
1.7544895	1.2671306	0.025395684	14.814812
1.7560488	1.261976	0.066597007	14.827153
1.7560488	1.2719631	-0.021691538	14.839496
1.7607266	1.260043	-0.010760576	14.790128
1.7513711	1.2719631	0.13218279	14.798356
1.7591673	1.2648755	-0.020009853	14.794241
1.7576081	1.2693858	-0.013283106	14.827153
1.7529303	1.2742182	0.0010112298	14.818925
1.7591673	1.25811	-0.014123949	14.798356
1.7560488	1.2526333	-0.01664648	14.827153
1.7622858	1.2490895	-0.0040338296	14.802469
1.7591673	1.2484452	-0.0065563596	14.794241
1.7638451	1.2494117	0.01614641	14.806583
1.7560488	1.2490895	-0.015805636	14.786013
1.7544895	1.2494117	0.017828096	14.798356
1.7482526	1.2597209	-0.030940816	14.82304
1.7451341	1.2645533	-0.014964793	14.835382
1.7404562	1.2771177	0.019509783	14.855952
1.7451341	1.2806615	0.01614641	14.835382
1.7420155	1.2745404	-0.0031929866	14.814812
1.7451341	1.2697079	0.069960378	14.806583
1.7404562	1.2642312	0.0043746028	14.794241
1.7451341	1.2642312	-0.01160142	14.814812
1.7498119	1.253922	0.026236527	14.786013
1.7482526	1.2648755	-0.022532383	14.818925
1.7451341	1.2635869	-0.014123949	14.82304
1.7482526	1.2661642	-0.026736598	14.810697
1.7529303	1.2626203	-0.00067045673	14.806583
1.7513711	1.2632647	0.01614641	14.818925
1.7544895	1.2684193	0.0018520731	14.806583
1.7544895	1.2700301	-0.00067045673	14.814812
1.7513711	1.263909	0.0010112298	14.814812
1.7482526	1.2651976	0.012783037	14.814812
1.7498119	1.2745404	0.0085788192	14.843609
1.7482526	1.2793728	-0.0031929866	14.831268
1.7498119	1.2829167	-0.036826719	14.831268
1.7560488	1.2806615	0.01110135	14.827153
1.7591673	1.2858161	-0.010760576	14.810697
1.7560488	1.2719631	0.14395459	14.806583
1.7576081	1.2697079	-0.0023521434	14.790128
1.7560488	1.260043	0.0052154465	14.798356
1.7498119	1.2690636	-0.018328166	14.851837
1.7591673	1.2632647	-0.0099197328	14.806583
1.7576081	1.253922	-0.0031929866	14.802469
1.7529303	1.2478008	0.0060562897	14.773671
1.7560488	1.2584323	0.011942193	14.814812
1.7576081	1.2613317	0.079209656	14.835382
1.7638451	1.2597209	0.037167493	14.814812
1.7529303	1.2629426	-0.0048746732	14.827153
1.7560488	1.2716409	0.0026929164	14.831268
1.7607266	1.2645533	-0.014123949	14.818925
1.7591673	1.2632647	0.0010112298	14.814812
1.7622858	1.2616539	0.0060562897	14.806583
1.7576081	1.2742182	-0.0048746732	14.835382
1.7607266	1.2761512	-0.12427442	14.843609
1.7560488	1.2726074	-0.015805636	14.798356
1.7513711	1.2745404	-0.027577441	14.82304
1.7591673	1.2677749	-0.0073972028	14.802469
1.7560488	1.2635869	-0.0040338296	14.806583
1.7576081	1.2507004	0.13554616	14.790128
1.7560488	1.25811	-0.0040338296	14.814812
1.7560488	1.260043	0.0052154465	14.818925
1.7576081	1.2542441	0.026236527	14.827153
1.7576081	1.2629426	0.0043746028	14.818925
1.7576081	1.2529554	-0.028418286	14.798356
1.7560488	1.2632647	-0.024214068	14.831268
1.7560488	1.265842	-0.026736598	14.818925
1.7560488	1.2693858	-0.081391409	14.806583
1.7576081	1.2674528	0.013623879	14.802469
1.7607266	1.2584323	-0.0099197328	14.806583
1.7544895	1.2632647	0.0052154465	14.827153
1.7544895	1.2674528	-0.036826719	14.82304
1.7529303	1.260043	0.099389896	14.790128
1.7607266	1.2526333	-0.0057155164	14.786013
1.7638451	1.2458678	-0.0073972028	14.798356
1.7638451	1.2497338	-0.0090788892	14.802469
1.7607266	1.2513447	-0.013283106	14.810697
1.7544895	1.2468344	-0.023373226	14.802469
1.7576081	1.2516668	-0.010760576	14.831268
1.7544895	1.25811	-0.020009853	14.806583
1.7544895	1.2684193	-0.018328166	14.810697
1.7607266	1.2655199	0.070801228	14.798356
1.7560488	1.2674528	0.0085788192	14.831268
1.7607266	1.2716409	-0.0023521434	14.831268
1.7529303	1.2800171	-0.035985876	14.831268
1.7591673	1.2677749	0.0068971328	14.814812
1.7529303	1.2668085	0.007737976	14.835382
1.7529303	1.2674528	0.0043746028	14.806583
1.7513711	1.2648755	-0.027577441	14.790128
1.7576081	1.2632647	0.072482914	14.802469
1.7529303	1.2745404	-0.0023521434	14.827153
1.7560488	1.2761512	-0.0048746732	14.843609
1.7560488	1.2751848	-0.0090788892	14.82304
1.7498119	1.2716409	-0.0065563596	14.818925
1.7560488	1.2561771	0.026236527	14.827153
1.7560488	1.2590766	0.0026929164	14.802469
1.7544895	1.2577879	0.0035337596	14.798356
1.7622858	1.2510225	0.07752797	14.802469
1.7576081	1.2584323	-0.022532383	14.831268
1.7591673	1.2593987	-0.020009853	14.810697
1.7544895	1.2771177	-0.021691538	14.851837
1.7576081	1.263909	0.0026929164	14.802469
1.7529303	1.2603652	0.029599901	14.818925
1.7513711	1.2693858	0.013623879	14.814812
1.7529303	1.2764734	-0.0015113001	14.818925
1.7544895	1.2771177	-0.013283106	14.810697
1.7622858	1.2706745	0.032122433	14.810697
1.7513711	1.2613317	-0.013283106	14.806583
1.7560488	1.2603652	-0.0057155164	14.818925
1.7607266	1.2548884	0.0001703865	14.794241
1.7529303	1.2571436	0.014464723	14.827153
1.7529303	1.2574657	0.0068971328	14.806583
1.7576081	1.2552106	-0.0031929866	14.794241
1.7560488	1.2606874	-0.013283106	14.814812
1.7591673	1.2622982	-0.01664648	14.835382
1.7544895	1.2690636	-0.01160142	14.839496
1.7560488	1.2651976	-0.013283106	14.806583
1.7560488	1.2626203	0.0018520731	14.790128
1.7591673	1.2545663	0.018668938	14.798356
1.7529303	1.2674528	-0.01664648	14.806583
1.7560488	1.2632647	0.15993062	14.790128
1.7529303	1.2742182	-0.022532383	14.798356
1.7544895	1.2745404	-0.0090788892	14.827153
1.7529303	1.263909	-0.0040338296	14.806583
1.7560488	1.2693858	-0.014964793	14.814812
1.7513711	1.2709966	-0.0073972028	14.831268
1.7591673	1.2593987	-0.018328166	14.827153
1.7607266	1.2597209	0.0094196629	14.827153
1.7591673	1.2587544	0.026236527	14.806583
1.7622858	1.2542441	0.01110135	14.794241
1.7560488	1.2400689	0.0068971328	14.794241
1.7576081	1.2577879	0.01110135	14.82304
1.7576081	1.2642312	0.0001703865	14.806583
1.7544895	1.2642312	-0.01916901	14.798356
1.7560488	1.2661642	-0.01160142	14.818925
1.7560488	1.2706745	-0.027577441	14.806583
1.7607266	1.2742182	-0.0040338296	14.818925
1.7529303	1.2738961	-0.0031929866	14.818925
1.7576081	1.2713188	0.01110135	14.831268
1.7607266	1.2648755	-0.0048746732	14.814812
1.7560488	1.2590766	-0.0073972028	14.818925
1.7591673	1.2532777	0.0085788192	14.82304
1.7576081	1.2629426	0.0094196629	14.847724
1.7560488	1.2674528	0.0085788192	14.814812
1.7591673	1.2629426	-0.039349247	14.794241
1.7591673	1.2597209	0.0018520731	14.818925
1.7560488	1.2655199	-0.0082380464	14.814812
1.7560488	1.2626203	0.018668938	14.806583
1.7638451	1.2690636	0.024554841	14.818925
1.7576081	1.2771177	0.032122433	14.814812
1.7513711	1.2745404	-0.026736598	14.814812
1.7607266	1.2745404	-0.021691538	14.802469
1.7560488	1.279695	-0.01664648	14.814812
1.7576081	1.2587544	0.022873154	14.798356
1.7544895	1.2700301	-0.010760576	14.806583
1.7513711	1.2645533	-0.01160142	14.82304
1.7576081	1.2668085	-0.0073972028	14.818925
1.7529303	1.2626203	0.1246152	14.810697
1.7498119	1.2587544	-0.0057155164	14.798356
1.7576081	1.2622982	-0.018328166	14.831268
1.7591673	1.263909	0.0085788192	14.818925
1.7591673	1.2629426	-0.0048746732	14.827153
1.7544895	1.2722852	0.0010112298	14.831268
1.7529303	1.2697079	-0.030940816	14.827153
1.7607266	1.2648755	-0.014964793	14.786013
1.7529303	1.255855	0.010260507	14.790128
1.7560488	1.260043	0.029599901	14.806583
1.7576081	1.2548884	0.035485804	14.794241
1.7607266	1.2597209	0.022032311	14.818925
1.7607266	1.2674528	0.016987253	14.82304
1.7560488	1.2684193	0.0068971328	14.818925
1.7607266	1.2738961	-0.014964793	14.851837
1.7576081	1.2684193	-0.027577441	14.790128
1.7560488	1.2726074	0.0026929164	14.802469
1.7529303	1.2729295	-0.0082380464	14.814812
1.7576081	1.2761512	0.062392794	14.818925
1.7544895	1.2668085	-0.023373226	14.794241
1.7607266	1.2693858	0.01614641	14.814812
1.7576081	1.2593987	0.014464723	14.810697
1.7544895	1.2610096	-0.012442263	14.814812
1.7591673	1.2664863	-0.017487323	14.818925
1.7622858	1.2677749	0.0018520731	14.810697
1.7560488	1.2574657	-0.0082380464	14.790128
1.7622858	1.2571436	0.19608688	14.818925
1.7544895	1.2709966	-0.0048746732	14.835382
1.7544895	1.2668085	-0.030099971	14.814812
1.7498119	1.2668085	-0.012442263	14.802469
1.7529303	1.2735739	0.027918214	14.839496
1.7576081	1.2684193	-0.0023521434	14.798356
1.7591673	1.2745404	0.0052154465	14.818925
1.7529303	1.2709966	0.0026929164	14.82304
1.7529303	1.2742182	0.011942193	14.835382
1.7622858	1.2745404	-0.0048746732	14.839496
1.7529303	1.2684193	-0.0073972028	14.806583
1.7591673	1.2571436	0.022873154	14.794241
1.7591673	1.253922	-0.010760576	14.82304
1.7560488	1.2542441	0.01110135	14.790128
1.7544895	1.2487674	-0.013283106	14.781899
1.7576081	1.2497338	0.028759057	14.810697
1.7591673	1.2545663	-0.0040338296	14.82304
1.7607266	1.2709966	-0.021691538	14.855952
1.7529303	1.2748625	0.0010112298	14.818925
1.7591673	1.2732518	-0.01916901	14.802469
1.7544895	1.2651976	0.022873154	14.806583
1.7544895	1.2767955	0.0094196629	14.82304
1.7576081	1.2693858	-0.00067045673	14.794241
1.7513711	1.2761512	-0.0023521434	14.831268
1.7513711	1.2674528	0.0052154465	14.814812
1.7544895	1.2703522	-0.0073972028	14.827153
1.7576081	1.2597209	-0.0031929866	14.794241
1.7544895	1.2584323	-0.00067045673	14.798356
1.7576081	1.2626203	-0.020009853	14.835382
1.7576081	1.2626203	0.0010112298	14.798356
1.7560488	1.2564993	0.0010112298	14.790128
1.7544895	1.2494117	0.0094196629	14.794241
1.7576081	1.2513447	-0.0031929866	14.835382
1.7529303	1.2616539	0.007737976	14.831268
1.7576081	1.2690636	0.020350626	14.839496
1.7560488	1.2764734	-0.023373226	14.827153
1.7544895	1.2738961	-0.029259128	14.82304
1.7529303	1.2722852	-0.012442263	14.794241
1.7591673	1.2697079	-0.020850696	14.814812
1.7513711	1.2568214	-0.0073972028	14.786013
1.7622858	1.2564993	0.016987253	14.843609
1.7607266	1.2642312	0.0035337596	14.810697
1.7560488	1.2655199	0.021191468	14.831268
1.7529303	1.2593987	-0.018328166	14.814812
1.7622858	1.2497338	0.15404472	14.798356
1.7607266	1.2471565	-0.01160142	14.798356
1.7591673	1.2577879	-0.025054913	14.814812
1.7560488	1.2761512	-0.23022066	14.839496
1.7591673	1.2629426	0.0043746028	14.831268
1.7498119	1.2603652	-0.0099197328	14.806583
1.7560488	1.2574657	0.0010112298	14.806583
1.7607266	1.2590766	-0.0099197328	14.798356
1.7544895	1.2593987	0.10443496	14.806583
1.7591673	1.2684193	-0.025054913	14.818925
1.7544895	1.2693858	-0.00067045673	14.814812
1.7560488	1.2574657	-0.022532383	14.802469
1.7529303	1.2523111	0.023713998	14.806583
1.7544895	1.2494117	0.0026929164	14.794241
1.7544895	1.250056	-0.013283106	14.790128
1.7513711	1.2449014	-0.018328166	14.781899
1.7560488	1.248123	-0.0065563596	14.802469
1.7544895	1.2555327	-0.024214068	14.810697
1.7529303	1.2661642	0.010260507	14.818925
1.7560488	1.2532777	-0.00067045673	14.802469
1.7513711	1.2677749	-0.0082380464	14.839496
1.7591673	1.263909	0.024554841	14.814812
1.7654045	1.2606874	-0.0099197328	14.810697
1.7513711	1.2526333	0.027918214	14.798356
1.7591673	1.2597209	0.011942193	14.814812
1.7591673	1.2616539	-0.014123949	14.810697
1.7544895	1.2690636	-0.014964793	14.798356
1.7544895	1.2568214	0.0018520731	14.794241
1.7544895	1.2571436	0.0026929164	14.790128
1.7576081	1.2577879	0.0094196629	14.798356
1.7560488	1.2574657	0.0085788192	14.802469
1.7529303	1.2590766	-0.012442263	14.810697
1.7560488	1.2648755	0.0010112298	14.806583
1.7576081	1.2642312	0.0026929164	14.831268
1.7544895	1.2622982	0.073323756	14.802469
1.7544895	1.2590766	-0.01664648	14.810697
1.7576081	1.2661642	-0.0040338296	14.818925
1.7576081	1.2687415	0.020350626	14.810697
1.7591673	1.2751848	-0.027577441	14.843609
1.7544895	1.2709966	-0.0031929866	14.827153
1.7576081	1.2735739	-0.018328166	14.810697
1.7560488	1.2732518	-0.0031929866	14.806583
1.7560488	1.2758291	0.01110135	14.818925
1.7576081	1.2709966	-0.012442263	14.806583
1.7513711	1.2664863	-0.0015113001	14.790128
1.7560488	1.2680972	0.0085788192	14.786013
1.7544895	1.2626203	0.0035337596	14.806583
1.7560488	1.2455457	0.035485804	14.765444
1.7591673	1.2510225	-0.0090788892	14.827153
1.7591673	1.2507004	-0.012442263	14.814812
1.7544895	1.2487674	-0.0048746732	14.798356
1.7529303	1.2535998	-0.020009853	14.802469
1.7513711	1.2532777	0.11788845	14.802469
1.7576081	1.2552106	-0.018328166	14.835382
1.7544895	1.2626203	0.0068971328	14.827153
1.7560488	1.2632647	0.017828096	14.835382
1.7544895	1.2680972	-0.0057155164	14.810697
1.7560488	1.2587544	-0.024214068	14.802469
1.7560488	1.265842	-0.0065563596	14.814812
1.7576081	1.2748625	0.0035337596	14.806583
1.7622858	1.2668085	0.015305566	14.794241
1.7513711	1.2771177	-0.022532383	14.835382
1.7544895	1.2735739	-0.026736598	14.806583
1.7591673	1.2664863	0.048939295	14.810697
1.7544895	1.2677749	-0.0099197328	14.835382
1.7591673	1.2542441	0.0068971328	14.794241
1.7482526	1.255855	-0.0015113001	14.802469
1.7576081	1.2574657	-0.012442263	14.802469
1.7513711	1.25811	-0.018328166	14.806583
1.7513711	1.2535998	-0.0048746732	14.814812
1.7529303	1.2626203	-0.018328166	14.798356
1.7560488	1.2674528	0.010260507	14.827153
1.7576081	1.2648755	0.0001703865	14.814812
1.7576081	1.2693858	-0.0090788892	14.831268
1.7482526	1.2767955	0.016987253	14.831268
1.7622858	1.2655199	-0.015805636	14.794241
1.7607266	1.2668085	0.03128159	14.798356
1.7544895	1.2626203	0.011942193	14.806583
1.7560488	1.2671306	-0.0040338296	14.794241
1.7544895	1.263909	-0.010760576	14.806583
1.7560488	1.2529554	0.007737976	14.806583
1.7513711	1.2513447	0.0060562897	14.831268
1.7513711	1.260043	0.0094196629	14.831268
1.7591673	1.2532777	-0.018328166	14.810697
1.7622858	1.253922	-0.0090788892	14.810697
1.7529303	1.2471565	0.0085788192	14.802469
1.7529303	1.2458678	0.0094196629	14.790128
1.7560488	1.2507004	-0.021691538	14.802469
1.7560488	1.2726074	-0.041871779	14.851837
1.7591673	1.2838831	0.018668938	14.860065
1.7529303	1.2784064	-0.0073972028	14.802469
1.7529303	1.2700301	0.0001703865	14.790128
1.7560488	1.2726074	-0.0040338296	14.802469
1.7544895	1.2722852	-0.0031929866	14.814812
1.7576081	1.2671306	0.016987253	14.806583
1.7607266	1.2677749	-0.0015113001	14.806583
1.7544895	1.2767955	0.0068971328	14.835382
1.7576081	1.2742182	-0.020009853	14.851837
1.7560488	1.2700301	-0.014123949	14.835382
1.7576081	1.2545663	-0.014123949	14.814812
1.7498119	1.2593987	0.0001703865	14.814812
1.7576081	1.2574657	0.015305566	14.814812
1.7591673	1.2587544	0.012783037	14.814812
1.7544895	1.2574657	-0.0048746732	14.802469
1.7529303	1.2629426	-0.0065563596	14.810697
1.7529303	1.2590766	-0.025895756	14.835382
1.7544895	1.2648755	0.0018520731	14.806583
1.7576081	1.2626203	0.087618083	14.794241
1.7498119	1.2606874	-0.0065563596	14.790128
1.7560488	1.2626203	-0.0040338296	14.810697
1.7560488	1.265842	0.023713998	14.827153
1.7544895	1.2651976	0.0068971328	14.806583
1.7560488	1.2687415	0.013623879	14.802469
1.7560488	1.2671306	-0.0073972028	14.847724
1.7560488	1.2716409	0.015305566	14.839496
1.7560488	1.265842	0.026236527	14.810697
1.7513711	1.2516668	0.0026929164	14.798356
1.7544895	1.2610096	-0.012442263	14.835382
1.7513711	1.2616539	-0.0073972028	14.810697
1.7529303	1.2622982	-0.0057155164	14.810697
1.7498119	1.2684193	-0.00067045673	14.810697
1.7529303	1.2703522	-0.0082380464	14.827153
1.7544895	1.2642312	-0.010760576	14.798356
1.7560488	1.2780842	0.014464723	14.839496
1.7576081	1.2777621	0.0035337596	14.82304
1.7591673	1.2706745	-0.013283106	14.827153
1.7560488	1.2735739	-0.0099197328	14.835382
1.7544895	1.2738961	0.01614641	14.818925
1.7513711	1.263909	-0.023373226	14.82304
1.7513711	1.2713188	0.0060562897	14.839496
1.7529303	1.2674528	0.0001703865	14.814812
1.7576081	1.2622982	0.0068971328	14.827153
1.7529303	1.2545663	-0.0065563596	14.798356
1.7529303	1.2548884	0.10611665	14.806583
1.7576081	1.2655199	0.013623879	14.835382
1.7607266	1.2780842	-0.01916901	14.843609
1.7560488	1.2645533	-0.012442263	14.802469
1.7544895	1.2668085	0.0043746028	14.818925
1.7513711	1.2622982	-0.0031929866	14.794241
1.7529303	1.2635869	-0.029259128	14.790128
1.7560488	1.2610096	0.0010112298	14.814812
1.7560488	1.2655199	-0.0057155164	14.827153
1.7529303	1.2664863	-0.0040338296	14.814812
1.7529303	1.2668085	-0.021691538	14.810697
1.7560488	1.2542441	0.012783037	14.790128
1.7591673	1.2561771	0.018668938	14.82304
1.7591673	1.2497338	-0.0073972028	14.794241
1.7544895	1.2535998	-0.013283106	14.818925
1.7544895	1.2561771	0.0060562897	14.818925
1.7513711	1.2587544	0.0035337596	14.810697
1.7591673	1.2532777	-0.012442263	14.798356
1.7591673	1.2626203	-0.017487323	14.806583
1.7560488	1.2568214	-0.00067045673	14.798356
1.7591673	1.2587544	0.038008336	14.786013
1.7529303	1.2571436	0.029599901	14.810697
1.7560488	1.2552106	-0.0073972028	14.810697
1.7638451	1.25811	0.0060562897	14.827153
1.7591673	1.2655199	0.039690021	14.827153
1.7529303	1.2674528	-0.014964793	14.835382
1.7560488	1.263909	-0.0040338296	14.818925
1.7607266	1.2729295	-0.012442263	14.818925
1.7576081	1.2697079	-0.0073972028	14.798356
1.7872342	1.2703522	-0.028418286	14.814812
1.8527234	1.2648755	-0.033463344	14.786013
1.9759053	1.2590766	-0.0073972028	14.798356
2.1801691	1.2610096	-0.01664648	14.802469
2.4234147	1.2568214	-0.0065563596	14.773671
2.6728973	1.2468344	0.015305566	14.757215
2.939532	1.2407132	0.013623879	14.720188
3.2092853	1.2445792	0.0001703865	14.703732
3.4977493	1.2532777	-0.0073972028	14.695504
3.820518	1.2548884	-0.01160142	14.642023
4.1666751	1.263909	0.0018520731	14.642023
4.5471368	1.2680972	0.0001703865	14.604996
4.9572244	1.2616539	-0.015805636	14.56797
5.3704305	1.2590766	0.027918214	14.543286
5.813262	1.2593987	-0.0082380464	14.48569
6.1890459	1.2497338	0.0018520731	14.432208
6.720757	1.2487674	-0.0031929866	14.419866
7.1760635	1.2403911	-0.01916901	14.333472
7.6266923	1.2439349	-0.012442263	14.349928
8.173996	1.2316927	0.0094196629	14.30056
8.641778	1.2297598	-0.0057155164	14.275876
9.1594553	1.2265382	0.0052154465	14.238849
9.6568632	1.2159067	-0.0073972028	14.156569
10.182338	1.2094635	-0.0057155164	14.131884
10.700015	1.2068862	-0.013283106	14.123656
11.225492	1.2023759	-0.01664648	14.049603
11.757203	1.2026981	0.10948002	14.02492
12.224985	1.2049532	-0.026736598	13.996122
12.761374	1.2075305	-0.0082380464	13.930298
13.190175	1.2023759	-0.00067045673	13.89327
13.642365	1.1949662	0.010260507	13.839789
14.14601	1.2026981	0.15993062	13.806877
14.598201	1.1943219	-0.010760576	13.76985
15.100288	1.1843348	-0.0031929866	13.695798
15.561833	1.1869121	0.029599901	13.68757
16.042091	1.1811131	-0.0082380464	13.62586
16.49584	1.1830461	-0.0082380464	13.617632
16.963623	1.1772472	0.0026929164	13.555921
17.401781	1.1691931	-0.01916901	13.514781
17.846176	1.1604947	0.0052154465	13.477756
18.2703	1.156951	-0.018328166	13.457184
18.692865	1.1447088	0.030440746	13.374904
19.11075	1.1479304	0.017828096	13.354335
19.533316	1.1479304	-0.021691538	13.333763
19.940289	1.163072	-0.014964793	13.354335
20.32543	1.1556623	-0.025054913	13.24737
20.693422	1.1463195	-0.0015113001	13.218571
21.04582	1.1469638	0.073323756	13.185658
21.373268	1.1450309	0.011942193	13.169203
21.692921	1.1337552	0.0094196629	13.091037
21.995422	1.1302114	0.0052154465	13.070468
22.293245	1.1228017	-0.0015113001	13.033441
22.581713	1.127634	-0.01160142	13.054011
22.837435	1.115392	-0.00067045673	12.963503
23.068211	1.1211909	-0.027577441	12.942932
23.278713	1.1089487	0.10527579	12.905907
23.473623	1.109593	-0.020850696	12.905907
23.657619	1.1070157	-0.013283106	12.860652
23.840057	1.1073378	0.01110135	12.844195
24.011578	1.1099151	-0.0031929866	12.815398
24.170626	1.1089487	-0.16631658	12.811283
24.315638	1.1144254	-0.01664648	12.778371
24.446617	1.1105595	-0.01664648	12.745459
24.560446	1.1054049	0.0001703865	12.716661
24.6618	1.109593	-0.043553464	12.708433
24.755358	1.1021832	-0.048598524	12.663178
24.842676	1.1054049	-0.057847798	12.64261
24.926878	1.0983173	-0.053643584	12.617925
24.998604	1.1044384	-0.07550551	12.659065
25.064095	1.1002502	-0.057006955	12.593241
25.121788	1.0870416	-0.078868881	12.564442
25.15921	1.0760881	-0.067937918	12.556214
25.191957	1.0828534	-0.11922935	12.547986
25.221584	1.078021	-0.13268284	12.498618
25.23094	1.0831757	-0.17220248	12.494504
25.252768	1.0802761	-0.14529549	12.494504
25.246532	1.0709335	-0.18481512	12.46982
25.226261	1.0744772	-0.21508548	12.420452
25.198193	1.0770545	-0.2504009	12.40811
25.152975	1.0805984	-0.29580644	12.38754
25.0984	1.088008	-0.31935003	12.399881
25.026672	1.088008	-0.23526572	12.383425
24.936234	1.0873637	-0.4278188	12.366969
24.822407	1.0851086	-0.43118215	12.329944
24.702341	1.0770545	-0.47574684	12.329944
24.558886	1.0702891	-0.53124249	12.321715
24.388924	1.0731885	-0.60523665	12.325829
24.178421	1.0699669	-0.71370542	12.313487
23.93985	1.0731885	-0.76583767	12.297031
23.659178	1.0744772	-0.75995177	12.268232
23.345762	1.0590134	-1.0130454	12.247663
22.97933	1.0677118	-1.0719044	12.268232
22.559883	1.0574026	-1.160193	12.218864
22.084303	1.0628793	-1.4065598	12.214751
21.538553	1.0593356	-1.4990524	12.181839
20.91172	1.0654566	-1.784098	12.169496
20.196011	1.0702891	-1.9421763	12.169496
19.391422	1.0664232	-2.104459	12.136585
18.482363	1.0667453	-2.5105858	12.12013
17.46883	1.0564361	-2.7250004	12.087217
16.355505	1.0718999	-3.248004	12.136585
15.128354	1.060302	-3.5212777	12.074874
13.776463	1.0512815	-3.7911878	12.066646
12.340371	1.050315	-4.5454226	12.05019
10.781097	1.0412945	-4.948185	12.046077
9.145422	1.0416167	-5.3501072	12.017278
7.4925952	1.0400058	-6.3221192	11.980252
5.8771925	1.0409724	-6.9149117	11.972024
4.2399607	1.0325961	-8.1921482	11.906199
2.6370342	1.024542	-8.8538895	11.877401
1.3755879	1.0271193	-9.619895	11.836261
0.55385506	1.0348512	-10.440554	11.774551
0.29033926	1.0322739	-10.45653	11.667586
0.40572491	1.0248642	-10.337131	11.556508
0.6131072	1.008756	-10.477551	11.404289
0.77059299	1.0036014	-10.435509	11.313781
0.80333757	0.99039274	-10.450644	11.231501
0.66768146	0.99619168	-10.470825	11.153334
0.5522958	0.99039274	-10.961875	11.103966
1.3256915	0.97815055	-10.501095	11.038141
3.3979564	0.96912998	-10.444759	10.984659
2.3750775	0.95334399	-10.418693	10.894151
1.2103058	0.94271266	-10.483438	10.799528
0.75500029	0.95463264	-10.489323	10.725476
0.5429402	0.94464564	-10.475029	10.614397
0.29189852	0.94690078	-10.46662	10.523889
0.2482391	0.93659157	-10.405239	10.458065
0.25603542	0.91822827	-10.447281	10.338758
0.31216899	0.9240272	-10.448963	10.256477
0.36206546	0.90727472	-10.463257	10.071347
0.44002873	0.90791905	-10.483438	10.038435
0.71445942	0.90340877	-10.380855	9.9479265
1.0278717	0.90373093	-10.457372	9.9109001
1.3787065	0.89567691	-10.440554	9.8985586
1.4426364	0.88762283	-10.413648	9.8574181
1.6125964	0.88117957	-10.460734	9.8697605
1.7607266	0.8818239	-10.422056	9.8368483
1.9338052	0.86410493	-10.475869	9.7833652
2.1864064	0.85830599	-10.441395	9.7422256
2.4280927	0.84896326	-10.441395	9.7134275
2.7040827	0.85540652	-10.490164	9.7051992
2.9894285	0.86571574	-10.485119	9.7175417
3.2638595	0.8634606	-10.463257	9.672287
3.5164607	0.86152762	-10.459894	9.6640587
3.7799768	0.85605085	-10.357311	9.6311464
4.02946	0.85669518	-10.444759	9.6188059
4.2914166	0.8547622	-10.464098	9.5817795
4.5564923	0.86056113	-10.477551	9.5776653
4.8090935	0.86668223	-10.475029	9.5776653
5.0632539	0.86152762	-10.449803	9.5817795
5.3049412	0.85347354	-10.461576	9.5406389
5.5403905	0.84992975	-10.471665	9.5365248
5.7680435	0.8473525	-10.702055	9.5365248
5.986341	0.85186273	-10.488482	9.5612087
6.2124352	0.85637301	-10.399353	9.5406389
6.426055	0.84541953	-10.480914	9.5324106
6.6334381	0.84187573	-10.45653	9.515955
6.8345833	0.83800977	-10.317792	9.5447531
7.0201368	0.84445304	-10.462417	9.5529814
7.2088079	0.8421979	-10.452326	9.5282974
7.4005985	0.85669518	-10.438032	9.5570955
7.5736771	0.85379571	-10.472507	9.5612087
7.6890631	0.85927248	-10.40692	9.5488672
7.8356342	0.8573395	-10.464938	9.5365248
8.022747	0.86636007	-10.451485	9.5406389
8.1163034	0.87473631	-10.481755	9.5447531
8.2753487	0.85669518	-10.471665	9.4871569
8.3954134	0.8486411	-10.715508	9.4748144
8.5170364	0.84445304	-10.45653	9.4830427
8.6339808	0.84252006	-10.475869	9.5200691
8.7400112	0.84284222	-10.481755	9.4994993
8.8429232	0.83897626	-10.478392	9.5036125
8.9380388	0.83994275	-10.453167	9.4871569
9.036273	0.84380871	-10.465779	9.515955
9.1267109	0.83478814	-10.464098	9.4460163
9.2140293	0.83639896	-10.454007	9.4707003
9.2904339	0.84992975	-10.463257	9.4830427
9.3621607	0.85025191	-10.420374	9.5077267
9.424531	0.8486411	-10.45569	9.4748144
9.4946985	0.85186273	-10.457372	9.4789286
9.5539513	0.85089624	-10.437191	9.4624729
9.6085253	0.84638602	-10.461576	9.4665871
9.6708965	0.84992975	-10.237912	9.4583588
9.7348261	0.84252006	-10.467461	9.4583588
9.7847233	0.83929843	-10.468302	9.4501305
9.8283825	0.84638602	-10.376651	9.5200691
9.8767204	0.84960759	-10.469144	9.491271
9.9188204	0.84896326	-10.451485	9.4789286
9.9437685	0.84541953	-10.460734	9.4748144
9.9718361	0.84348655	-10.473348	9.4994993
10.00614	0.85315138	-10.320314	9.4953852
10.023292	0.86184978	-10.470825	9.5118408
10.073189	0.86023897	-10.459053	9.4953852
10.08878	0.86571574	-10.464098	9.5282974
10.127764	0.8573395	-10.452326	9.5036125
10.15739	0.85766166	-10.431305	9.4953852
10.185456	0.85669518	-10.480074	9.4953852
10.208845	0.8512184	-10.436351	9.491271
10.233793	0.85508436	-10.376651	9.4871569
10.250946	0.85959464	-10.475029	9.4994993
10.266538	0.86120546	-10.501936	9.515955
10.277453	0.85766166	-10.451485	9.4994993
10.28369	0.86056113	-10.472507	9.4871569
10.288368	0.83478814	-10.283318	9.4213324
10.294605	0.83221084	-10.457372	9.4336748
10.296165	0.83704329	-10.45653	9.4460163
10.303961	0.84316438	-10.485119	9.4624729
10.305519	0.84445304	-10.464098	9.4460163
10.32735	0.83800977	-10.371606	9.4172182
10.333587	0.83543247	-10.420374	9.4172182
10.338265	0.83800977	-10.490164	9.4089899
10.353857	0.8386541	-10.464098	9.4048767
10.369451	0.83414382	-10.450644	9.3884201
10.389721	0.83833194	-10.520433	9.4007626
10.406873	0.84638602	-10.436351	9.4048767
10.425584	0.85379571	-10.479233	9.4213324
10.43338	0.84348655	-10.331245	9.3925343
10.444295	0.84960759	-10.465779	9.4089899
10.45365	0.84445304	-10.460734	9.3966484
10.467685	0.84541953	-10.45653	9.4172182
10.481718	0.83511031	-10.442237	9.4048767
10.500429	0.84574169	-10.438872	9.4295607
10.51914	0.84252006	-10.478392	9.4295607
10.536292	0.84123141	-10.454848	9.4295607
10.564359	0.82834488	-10.438872	9.4172182
10.578393	0.8299557	-10.465779	9.437789
10.593986	0.83736545	-10.473348	9.4542446
10.618934	0.84155357	-10.47671	9.4419022
10.637645	0.84187573	-10.467461	9.4460163
10.662593	0.83833194	-10.359834	9.4419022
10.676627	0.83736545	-10.47671	9.4583588
10.682864	0.84316438	-10.379173	9.4583588
10.698457	0.84026492	-10.45653	9.4295607
10.704694	0.84703034	-10.470825	9.4295607
10.714049	0.84896326	-10.376651	9.437789
10.721846	0.84799683	-10.460734	9.4295607
10.729642	0.85701734	-10.467461	9.4748144
10.740557	0.85186273	-10.453167	9.4460163
10.737438	0.85250705	-10.45569	9.4419022
10.743675	0.8386541	-10.413648	9.4089899
10.746794	0.84123141	-10.459894	9.4131041
10.756149	0.83317733	-10.422896	9.3925343
10.75459	0.8360768	-10.471665	9.4007626
10.762386	0.8421979	-10.45653	9.4007626
10.760827	0.83382165	-10.427101	9.3884201
10.756149	0.84187573	-10.469984	9.4131041
10.75771	0.84606385	-10.47671	9.3760786
10.749912	0.8447752	-10.484279	9.3760786
10.740557	0.84703034	-10.478392	9.3719645
10.73432	0.84187573	-10.281635	9.3719645
10.738998	0.85250705	-10.463257	9.3966484
10.73432	0.85347354	-10.482595	9.3925343
10.738998	0.8486411	-10.330404	9.4007626
10.735879	0.83639896	-10.459053	9.3925343
10.746794	0.82157946	-10.317792	9.3884201
10.743675	0.82802272	-10.4456	9.4048767
10.753031	0.83221084	-10.47671	9.3925343
10.756149	0.83575463	-10.467461	9.4048767
10.759269	0.84348655	-10.460734	9.4542446
10.776421	0.84155357	-10.444759	9.4089899
10.776421	0.84090924	-10.465779	9.4336748
10.784217	0.84509736	-10.462417	9.4172182
10.79825	0.86152762	-10.319473	9.4542446
10.802928	0.85508436	-10.461576	9.3966484
10.810724	0.8447752	-10.471665	9.4048767
10.824759	0.83704329	-10.438872	9.384306
10.835672	0.8447752	-10.470825	9.4336748
10.846587	0.83156651	-10.329563	9.3884201
10.849707	0.82802272	-10.462417	9.4089899
10.86374	0.83156651	-10.447281	9.4007626
10.869977	0.83414382	-10.448963	9.4172182
10.88401	0.83188868	-10.470825	9.4131041
10.88401	0.8238346	-10.298452	9.3966484
10.887129	0.82737839	-10.460734	9.3884201
10.888688	0.83349949	-10.467461	9.4254465
10.887129	0.84058708	-10.425419	9.3884201
10.893366	0.84413087	-10.454007	9.4048767
10.891806	0.83736545	-10.443918	9.3678503
10.890247	0.83446598	-10.464098	9.3966484
10.896484	0.84670818	-10.446441	9.3801918
10.908958	0.83768761	-10.438032	9.3719645
10.90584	0.84509736	-10.461576	9.3719645
10.912077	0.84960759	-10.449803	9.4089899
10.916754	0.85411787	-10.453167	9.384306
10.929229	0.84992975	-10.443076	9.4048767
10.932347	0.84638602	-10.33629	9.3884201
10.932347	0.83543247	-10.447281	9.3966484
10.932347	0.82576758	-10.431305	9.3678503
10.940144	0.82190162	-10.458212	9.384306
10.938584	0.8299557	-10.483438	9.384306
10.935466	0.832533	-10.361515	9.4007626
10.944821	0.83639896	-10.45569	9.3678503
10.944821	0.84509736	-10.486801	9.3966484
10.955737	0.84638602	-10.434669	9.4007626
10.961974	0.85282922	-10.453167	9.4336748
10.961974	0.84767467	-10.429624	9.3884201
10.968211	0.84026492	-10.45569	9.359622
10.976007	0.84252006	-10.457372	9.3884201
10.983803	0.84155357	-10.41701	9.384306
10.980685	0.84606385	-10.48596	9.384306
10.982244	0.8421979	-10.467461	9.3760786
10.980685	0.8421979	-10.462417	9.3801918
10.977566	0.83994275	-10.459053	9.4254465
10.979126	0.83511031	-10.361515	9.384306
10.974448	0.83349949	-10.427101	9.3760786
10.976007	0.82705623	-10.451485	9.3760786
10.982244	0.83897626	-10.480914	9.4172182
10.980685	0.83092219	-10.459053	9.3472795
10.986922	0.82931137	-10.404398	9.3719645
10.985363	0.832533	-10.442237	9.3719645
10.993159	0.83511031	-10.454848	9.384306
10.999396	0.83543247	-10.308542	9.3678503
10.997837	0.83897626	-10.468302	9.3719645
11.008752	0.84574169	-10.358151	9.3801918
11.005633	0.84252006	-10.477551	9.3719645
11.01187	0.8360768	-10.461576	9.359622
11.004074	0.83188868	-10.306861	9.3431664
11.010311	0.84090924	-10.487641	9.3719645
11.008752	0.84445304	-10.468302	9.4172182
11.01187	0.8512184	-10.460734	9.4048767
11.021226	0.84541953	-10.443918	9.3966484
11.021226	0.82963353	-10.391786	9.3719645
11.027463	0.83092219	-10.443918	9.4007626
11.027463	0.82190162	-10.461576	9.3390522
11.036819	0.82415676	-10.439713	9.359622
11.038378	0.82061297	-10.440554	9.3637362
11.044615	0.84187573	-10.471665	9.4254465
11.055531	0.83994275	-10.473348	9.3801918
11.050852	0.84638602	-10.491005	9.4048767
11.060208	0.83994275	-10.397672	9.3925343
11.050852	0.8573395	-10.47671	9.4172182
11.052411	0.85154057	-10.359834	9.4007626
11.047734	0.8447752	-10.460734	9.3555079
11.050852	0.84284222	-10.459053	9.3719645
11.049293	0.83672112	-10.638992	9.3801918
11.050852	0.84123141	-10.46662	9.3801918
11.046174	0.83897626	-10.442237	9.3678503
11.049293	0.84123141	-10.464938	9.3678503
11.053971	0.83575463	-10.438872	9.3637362
11.047734	0.8486411	-10.4456	9.3760786
11.052411	0.84090924	-10.459894	9.359622
11.047734	0.83349949	-10.460734	9.3513937
11.047734	0.8386541	-10.45569	9.3637362
11.050852	0.832533	-10.47671	9.359622
11.046174	0.83897626	-10.432987	9.3884201
11.043056	0.84252006	-10.496891	9.3637362
11.041497	0.84541953	-10.475029	9.3678503
11.043056	0.84123141	-10.441395	9.3472795
11.043056	0.84413087	-10.465779	9.3637362
11.047734	0.84058708	-10.328723	9.3390522
11.044615	0.83349949	-10.448122	9.3555079
11.053971	0.82705623	-10.441395	9.3513937
11.055531	0.82963353	-10.432987	9.359622
11.055531	0.8386541	-10.450644	9.3760786
11.063326	0.82480109	-10.462417	9.3472795
11.072682	0.83092219	-10.449803	9.3760786
11.069563	0.82866704	-10.434669	9.3555079
11.071122	0.82480109	-10.407762	9.3225956
11.078919	0.82866704	-10.433827	9.3678503
11.080479	0.83543247	-10.454848	9.3637362
11.0758	0.82737839	-10.454848	9.3678503
11.074242	0.83285517	-10.464938	9.3637362
11.080479	0.83704329	-10.40608	9.3678503
11.077359	0.84058708	-10.447281	9.3884201
11.086716	0.84123141	-10.483438	9.3925343
11.094512	0.83994275	-10.460734	9.3513937
11.091393	0.83124435	-10.45653	9.3637362
11.097631	0.83285517	-10.413648	9.359622
11.09919	0.83575463	-10.472507	9.3884201
11.103868	0.83575463	-10.462417	9.3719645
11.103868	0.8360768	-10.45653	9.3678503
11.09919	0.83414382	-10.449803	9.3390522
11.096071	0.82802272	-10.454848	9.3472795
11.094512	0.83349949	-10.452326	9.3678503
11.102308	0.83446598	-10.451485	9.359622
11.096071	0.82576758	-10.367401	9.3431664
11.094512	0.82866704	-10.448122	9.3431664
11.094512	0.84413087	-10.458212	9.3925343
11.09919	0.83768761	-10.440554	9.3513937
11.091393	0.83897626	-10.489323	9.3637362
11.092953	0.83897626	-10.588543	9.3431664
11.096071	0.84155357	-10.461576	9.3555079
11.092953	0.84090924	-10.475029	9.3513937
11.100749	0.84509736	-10.497732	9.3719645
11.09919	0.8447752	-10.4456	9.3431664
11.097631	0.83349949	-10.344698	9.3513937
11.100749	0.81996864	-10.441395	9.3308239
11.102308	0.83221084	-10.477551	9.3513937
11.102308	0.84541953	-10.451485	9.3966484
11.105427	0.83317733	-10.475029	9.359622
11.100749	0.83833194	-10.425419	9.3719645
11.105427	0.82286811	-10.444759	9.3513937
11.110105	0.83060002	-10.469984	9.3513937
11.111664	0.82963353	-10.34638	9.3513937
11.114783	0.83575463	-10.485119	9.3678503
11.124138	0.8447752	-10.435509	9.3966484
11.127257	0.84123141	-10.467461	9.3431664
11.131934	0.82834488	-10.457372	9.359622
11.128816	0.832533	-10.4456	9.3390522
11.130375	0.82834488	-10.464098	9.359622
11.125697	0.83124435	-10.449803	9.3225956
11.125697	0.83414382	-10.478392	9.3513937
11.124138	0.83285517	-10.461576	9.3513937
11.125697	0.83156651	-10.35647	9.384306
11.130375	0.83027786	-10.459053	9.3513937
11.128816	0.82673407	-10.462417	9.3678503
11.125697	0.81674701	-10.438032	9.3225956
11.122579	0.82222378	-10.465779	9.3637362
11.131934	0.8264119	-10.388422	9.3472795
11.124138	0.82093513	-10.47671	9.334938
11.128816	0.82770056	-10.481755	9.3431664
11.130375	0.82737839	-10.464938	9.3678503
11.128816	0.83317733	-10.475869	9.3390522
11.130375	0.82931137	-10.475869	9.3184814
11.128816	0.82931137	-10.458212	9.3184814
11.131934	0.83027786	-10.479233	9.3431664
11.127257	0.8360768	-10.478392	9.3267097
11.127257	0.8299557	-10.452326	9.3143682
11.127257	0.83414382	-10.454007	9.3513937
11.135053	0.83639896	-10.428782	9.3884201
11.136612	0.83317733	-10.457372	9.3513937
11.131934	0.83639896	-10.403557	9.359622
11.142849	0.82608974	-10.446441	9.334938
11.150645	0.83092219	-10.471665	9.3637362
11.144408	0.82576758	-10.454007	9.334938
11.155323	0.83156651	-10.471665	9.3472795
11.150645	0.84348655	-10.280795	9.3678503
11.155323	0.8447752	-10.505299	9.3966484
11.145968	0.84896326	-10.467461	9.3678503
11.153765	0.85186273	-10.431305	9.3555079
11.149086	0.84896326	-10.458212	9.3308239
11.145968	0.8386541	-10.443918	9.3225956
11.152205	0.83478814	-10.492686	9.3225956
11.145968	0.8264119	-10.443918	9.3020258
11.142849	0.83349949	-10.357311	9.3308239
11.147528	0.82608974	-10.464938	9.3555079
11.156882	0.82319027	-10.423738	9.3308239
11.155323	0.83027786	-10.471665	9.3390522
11.160002	0.82834488	-10.453167	9.3308239
11.163119	0.82931137	-10.363197	9.3513937
11.163119	0.83124435	-10.450644	9.3308239
11.163119	0.83092219	-10.448122	9.3308239
11.163119	0.84026492	-10.465779	9.3472795
11.16156	0.83704329	-10.429624	9.3555079
11.158442	0.84026492	-10.760915	9.3472795
11.158442	0.83511031	-10.459053	9.2979116
11.163119	0.83285517	-10.454848	9.3102541
11.169356	0.84058708	-10.430465	9.334938
11.167797	0.84606385	-10.494368	9.3308239
11.169356	0.84638602	-10.379173	9.3308239
11.18183	0.83188868	-10.474188	9.3267097
11.180272	0.81803566	-10.423738	9.334938
11.18495	0.832533	-10.253047	9.3513937
11.189628	0.83446598	-10.469144	9.3472795
11.192746	0.84252006	-10.465779	9.3719645
11.189628	0.8447752	-10.47671	9.3637362
11.188067	0.8421979	-10.451485	9.3390522
11.194304	0.83704329	-10.380014	9.3308239
11.188067	0.82802272	-10.485119	9.3225956
11.18495	0.83478814	-10.435509	9.3431664
11.191187	0.83511031	-10.451485	9.3308239
11.191187	0.83478814	-10.475029	9.3225956
11.191187	0.83092219	-10.363197	9.3061399
11.197424	0.8386541	-10.464098	9.3102541
11.197424	0.83962059	-10.453167	9.3225956
11.200541	0.83221084	-10.47671	9.3061399
11.198983	0.83704329	-10.458212	9.3225956
11.206779	0.8421979	-10.320314	9.3472795
11.200541	0.84380871	-10.482595	9.3267097
11.197424	0.84509736	-10.494368	9.334938
11.203661	0.83382165	-10.472507	9.3308239
11.203661	0.83027786	-10.454848	9.3184814
11.200541	0.82157946	-10.325359	9.2937975
11.200541	0.81352538	-10.46662	9.3061399
11.198983	0.82544541	-10.454848	9.3225956
11.20522	0.82834488	-10.488482	9.3184814
11.208339	0.82222378	-10.459053	9.3061399
11.208339	0.82286811	-10.341335	9.3143682
11.208339	0.81867999	-10.442237	9.2937975
11.219254	0.81996864	-10.460734	9.3225956
11.219254	0.82963353	-10.468302	9.3225956
11.222372	0.83446598	-10.481755	9.3267097
11.228609	0.83800977	-10.347221	9.3184814
11.228609	0.83124435	-10.451485	9.3102541
11.230168	0.82770056	-10.473348	9.3020258
11.219254	0.8299557	-10.399353	9.3225956
11.228609	0.83382165	-10.469984	9.3267097
11.220813	0.83188868	-10.402717	9.3184814
11.220813	0.82447892	-10.470825	9.2979116
11.220813	0.83543247	-10.462417	9.3390522
11.230168	0.83897626	-10.441395	9.3267097
11.231729	0.83929843	-10.468302	9.3267097
11.237966	0.83349949	-10.448122	9.2937975
11.242642	0.82705623	-10.431305	9.2979116
11.245762	0.83736545	-10.448963	9.3308239
11.244203	0.83188868	-10.422896	9.3061399
11.25044	0.83833194	-10.483438	9.3143682
11.245762	0.83994275	-10.459894	9.3061399
11.244203	0.83543247	-10.467461	9.3061399
11.242642	0.8360768	-10.458212	9.2855692
11.244203	0.83349949	-10.475029	9.3225956
11.239525	0.84026492	-10.348903	9.3061399
11.236405	0.84252006	-10.477551	9.3308239
11.236405	0.83768761	-10.483438	9.3020258
11.236405	0.83156651	-10.45569	9.3184814
11.234846	0.82673407	-10.447281	9.2937975
11.233288	0.82415676	-10.46662	9.2937975
11.236405	0.82802272	-10.471665	9.3061399
11.231729	0.832533	-10.454848	9.3102541
11.239525	0.8202908	-10.405239	9.2855692
11.236405	0.81932431	-10.459053	9.3143682
11.242642	0.82770056	-10.425419	9.3184814
11.237966	0.82802272	-10.47671	9.3143682
11.236405	0.83092219	-10.469984	9.3061399
11.233288	0.83092219	-10.342176	9.2979116
11.230168	0.82866704	-10.460734	9.2896833
11.228609	0.83543247	-10.422896	9.3267097
11.228609	0.84252006	-10.478392	9.3102541
11.219254	0.83446598	-10.469144	9.2896833
11.225492	0.83478814	-10.438032	9.3225956
11.219254	0.82447892	-10.452326	9.3061399
11.214576	0.832533	-10.480074	9.3020258
11.206779	0.82673407	-10.454007	9.2896833
11.195865	0.82737839	-10.479233	9.2855692
11.192746	0.82963353	-10.41701	9.3184814
11.180272	0.83285517	-10.473348	9.3143682
11.169356	0.82351243	-10.475869	9.2979116
11.158442	0.83092219	-10.461576	9.2937975
11.149086	0.83929843	-10.464938	9.3472795
11.127257	0.83736545	-10.407762	9.2937975
11.11946	0.84123141	-10.491005	9.3225956
11.105427	0.83575463	-10.462417	9.2896833
11.085156	0.83994275	-10.475029	9.3225956
11.066445	0.83446598	-10.448122	9.281456
11.050852	0.82866704	-10.421215	9.2979116
11.03526	0.82576758	-10.448963	9.2896833
11.014989	0.82802272	-10.470825	9.3390522
10.994719	0.81900215	-10.454007	9.2937975
10.979126	0.82351243	-10.477551	9.3020258
10.951058	0.81932431	-10.427941	9.2691135
10.935466	0.82608974	-10.465779	9.3184814
10.921432	0.82770056	-10.475029	9.3225956
10.894925	0.82415676	-10.444759	9.2979116
10.880892	0.82737839	-10.448122	9.3184814
10.857503	0.8264119	-10.332087	9.3267097
10.834113	0.83156651	-10.470825	9.3225956
10.816961	0.8447752	-10.463257	9.3102541
10.796691	0.84992975	-10.441395	9.3225956
10.770184	0.85766166	-10.468302	9.3472795
10.746794	0.84541953	-10.331245	9.2896833
10.724964	0.83897626	-10.447281	9.2773418
10.700015	0.832533	-10.474188	9.3020258
10.682864	0.82931137	-10.477551	9.3225956
10.653238	0.83092219	-10.473348	9.3020258
10.629848	0.82157946	-10.415329	9.2691135
10.608018	0.81996864	-10.478392	9.3061399
10.579952	0.82802272	-10.479233	9.3431664
10.551885	0.83349949	-10.376651	9.3143682
10.528497	0.83382165	-10.447281	9.3184814
10.497311	0.83543247	-10.407762	9.3061399
10.466125	0.832533	-10.448963	9.3308239
10.444295	0.83511031	-10.465779	9.3225956
10.406873	0.8386541	-10.483438	9.3143682
10.383484	0.84380871	-10.485119	9.3308239
10.353857	0.84831893	-10.467461	9.3308239
10.32579	0.83349949	-10.459053	9.2896833
10.294605	0.83833194	-10.459894	9.3143682
10.264979	0.84413087	-10.435509	9.3308239
10.236912	0.82866704	-10.47671	9.3225956
10.207287	0.83188868	-10.46662	9.3020258
10.17766	0.8264119	-10.468302	9.3184814
10.148033	0.82222378	-10.484279	9.3308239
10.115289	0.82319027	-10.442237	9.3225956
10.082543	0.82157946	-10.475029	9.2979116
10.048241	0.8177135	-10.460734	9.2979116
10.021733	0.82834488	-10.46662	9.3102541
9.9858694	0.8299557	-10.477551	9.3513937
9.9500065	0.84670818	-10.451485	9.3555079
9.9203796	0.83994275	-10.484279	9.3184814
9.8829575	0.8473525	-10.451485	9.3390522
9.8564501	0.84252006	-10.421215	9.3184814
9.8159084	0.84799683	-10.474188	9.3267097
9.7784863	0.8421979	-10.348903	9.3102541
9.7410631	0.82544541	-10.450644	9.2773418
9.7020817	0.82802272	-10.488482	9.3102541
9.661541	0.83092219	-10.428782	9.3184814
9.6210003	0.83704329	-10.481755	9.3637362
9.5835772	0.83027786	-10.31611	9.3308239
9.5414772	0.83382165	-10.465779	9.3308239
9.4993763	0.8299557	-10.449803	9.3390522
9.4588356	0.82737839	-10.443076	9.334938
9.4198542	0.83317733	-10.460734	9.334938
9.369957	0.83060002	-10.425419	9.3308239
9.3294163	0.83446598	-10.457372	9.3472795
9.2826376	0.83414382	-10.453167	9.3267097
9.2358599	0.85250705	-10.48596	9.3637362
9.1890812	0.84284222	-10.480914	9.3267097
9.1423035	0.83994275	-10.317792	9.3267097
9.0939665	0.83285517	-10.449803	9.3102541
9.0487471	0.83768761	-10.467461	9.3225956
8.9863768	0.83478814	-10.390103	9.3267097
8.9364796	0.82319027	-10.454007	9.3020258
8.8819046	0.82061297	-10.463257	9.3225956
8.8320084	0.82802272	-10.451485	9.3308239
8.7727566	0.82254595	-10.480914	9.3308239
8.7150631	0.8238346	-10.428782	9.3308239
8.6573706	0.81127024	-10.471665	9.2979116
8.5934401	0.82061297	-10.464938	9.3184814
8.5310688	0.81964648	-10.473348	9.3143682
8.4640207	0.83317733	-10.467461	9.3225956
8.3985319	0.83156651	-10.34638	9.2855692
8.3299227	0.832533	-10.45653	9.3184814
8.2644339	0.84026492	-10.458212	9.3143682
8.1911488	0.84638602	-10.393467	9.3061399
8.1178627	0.84606385	-10.4456	9.3020258
8.0383396	0.84284222	-10.397672	9.2979116
7.9619355	0.82834488	-10.437191	9.2979116
7.8824129	0.83349949	-10.443918	9.3143682
7.8028898	0.82576758	-10.331245	9.3020258
7.7124524	0.82834488	-10.468302	9.3267097
7.628252	0.83092219	-10.432987	9.3225956
7.5471697	0.81964648	-10.470825	9.3102541
7.4582911	0.81932431	-10.469144	9.3225956
7.3740907	0.82866704	-10.438032	9.3225956
7.2789755	0.82125729	-10.469984	9.3020258
7.1885381	0.82061297	-10.454848	9.3431664
7.0934219	0.82834488	-10.451485	9.3308239
6.9951882	0.81578052	-10.479233	9.3020258
6.8953953	0.82705623	-10.408603	9.3061399
6.8033981	0.83124435	-10.444759	9.3267097
6.7020459	0.83511031	-10.46662	9.3308239
6.605371	0.83800977	-10.399353	9.3267097
6.4946628	0.83639896	-10.483438	9.3267097
6.4026661	0.83672112	-10.460734	9.3637362
6.2997541	0.84090924	-10.469984	9.3637362
6.1984015	0.83768761	-10.48596	9.3555079
6.0970492	0.83575463	-10.421215	9.3719645
5.9988151	0.83800977	-10.478392	9.3884201
5.8927851	0.83124435	-10.497732	9.3637362
5.7898736	0.83446598	-10.485119	9.384306
5.6900802	0.83994275	-10.459053	9.3966484
5.5887275	0.83478814	-10.463257	9.4213324
5.488934	0.82576758	-10.450644	9.384306
5.3829045	0.83060002	-10.480914	9.4213324
5.2940259	0.83704329	-10.472507	9.437789
5.1879954	0.84574169	-10.471665	9.4583588
5.1006765	0.84767467	-10.916471	9.4501305
4.9993243	0.84090924	-10.450644	9.4665871
4.9073277	0.84574169	-10.450644	9.4707003
4.8137712	0.85830599	-10.461576	9.5200691
4.7233338	0.85218489	-10.472507	9.4994993
4.6344552	0.83736545	-10.404398	9.5036125
4.5455775	0.84026492	-10.460734	9.5200691
4.53934	0.84380871	-10.464098	9.5735512
4.3834133	0.84831893	-10.464938	9.5529814
4.3241615	0.84896326	-10.459053	9.5653229
4.2368422	0.84831893	-10.480914	9.569437
4.1526418	0.85669518	-10.471665	9.6229191
4.0715599	0.86281627	-10.460734	9.5982351
3.9951558	0.86442709	-10.340494	9.6188059
3.9140737	0.86861521	-10.458212	9.6146917
3.826755	0.87022603	-10.458212	9.6640587
3.7487915	0.87087035	-10.478392	9.647603
3.6692691	0.86410493	-10.462417	9.6434889
3.6006613	0.86764872	-10.385059	9.672287
3.5195792	0.85669518	-10.463257	9.672287
3.4462938	0.85927248	-10.485119	9.672287
3.3730083	0.85895032	-10.463257	9.6928568
3.2997224	0.86990386	-10.458212	9.7298832
3.2279963	0.86378276	-10.469984	9.7339973
3.1625071	0.85862815	-10.474188	9.725769
3.0954587	0.86668223	-10.45653	9.7422256
3.0299695	0.85959464	-10.344698	9.7216549
2.9675987	0.85379571	-10.461576	9.7463398
2.9067874	0.8608833	-10.463257	9.7504539
2.8490944	0.85282922	-10.458212	9.7175417
2.7836056	0.85669518	-10.45569	9.7710238
2.7243533	0.87022603	-10.453167	9.82862
2.6682196	0.87699145	-10.482595	9.8121634
2.6120861	0.88053524	-10.448122	9.8162775
2.5512745	0.88343471	-10.489323	9.8203917
2.5013781	0.88504553	-10.464098	9.8327341
2.4436853	0.88214606	-10.459894	9.8203917
2.3922293	0.88117957	-10.462417	9.8245058
2.3376551	0.87505847	-10.432146	9.8203917
2.2846401	0.86990386	-10.46662	9.8656464
2.2316251	0.86990386	-10.470825	9.8450756
2.1848471	0.85766166	-10.418693	9.8450756
2.1349506	0.86217195	-10.461576	9.8779879
2.0866134	0.87119251	-10.485119	9.8862162
2.0413945	0.87119251	-10.463257	9.882102
1.9977351	0.87280333	-10.459894	9.8779879
1.9540756	0.86764872	-10.434669	9.9191284
1.9104161	0.8695817	-10.478392	9.9438124
1.8683161	0.8782801	-10.475029	9.9438124
1.8199787	0.88987797	-10.329563	9.9314709
1.7778785	0.8782801	-10.461576	9.9232426
1.7451341	0.88246822	-10.448122	9.9643831
1.7014745	0.88504553	-10.425419	9.9396982
1.6640522	0.87666929	-10.467461	9.9479265
1.6203928	0.88633418	-10.393467	9.9479265
1.5892074	0.87699145	-10.480074	9.9849529
1.5626998	0.88504553	-10.443918	9.9890671
1.5128033	0.88568985	-10.458212	9.9767246
1.4784995	0.88311255	-10.469984	9.9561548
1.451992	0.88697851	-10.396831	9.9561548
1.4161289	0.88246822	-10.443918	9.960269
1.381825	0.87473631	-10.442237	9.9396982
1.3490804	0.86829305	-10.446441	9.9767246
1.3178951	0.87989092	-10.469984	9.9972944
1.2898284	0.87731361	-10.390103	9.9726105
1.2539654	0.89148879	-10.484279	10.026093
1.2321355	0.88568985	-10.470825	10.013751
1.2071873	0.87956876	-10.323677	10.017865
1.1728835	0.88697851	-10.470825	10.021979
1.1541722	0.89374393	-10.438872	10.046663
1.1214277	0.88665634	-10.472507	10.030207
1.0964794	0.89245528	-10.45653	10.071347
1.0793276	0.89889848	-10.439713	10.087803
1.0574979	0.89632124	-10.452326	10.087803
1.0309904	0.89181095	-10.468302	10.096031
1.0138384	0.88214606	-10.464098	10.063119
1.0076013	0.88311255	-10.470825	10.120715
0.97485673	0.88375688	-10.319473	10.112488
0.94678998	0.88955581	-10.473348	10.133058
0.9343158	0.88633418	-10.432987	10.128943
0.92340094	0.89277744	-10.469984	10.149513
0.89377487	0.89438826	-10.479233	10.141286
0.87662297	0.90630823	-10.374128	10.190654
0.86258966	0.91951692	-10.460734	10.194768
0.84231913	0.92563802	-10.45569	10.215338
0.82360798	0.91500664	-10.449803	10.149513
0.80333757	0.90695256	-10.461576	10.170084
0.78306705	0.90630823	-10.360675	10.170084
0.77683008	0.90759689	-10.438872	10.190654
0.75967807	0.89825416	-10.441395	10.174198
0.74096692	0.88536769	-10.35563	10.161856
0.71757793	0.88923365	-10.49521	10.170084
0.70510381	0.89374393	-10.469144	10.178312
0.69730747	0.88311255	-10.485119	10.16597
0.68483335	0.90405309	-10.483438	10.20711
0.67859632	0.89084446	-10.398513	10.174198
0.66768146	0.90373093	-10.47671	10.223566
0.65208876	0.9030866	-10.447281	10.20711
0.6411739	0.90405309	-10.447281	10.20711
0.62869984	0.8966434	-10.486801	10.182425
0.62246275	0.89245528	-10.389263	10.198882
0.61154795	0.89567691	-10.479233	10.20711
0.60842937	0.89438826	-10.422056	10.219452
0.59439594	0.90115362	-10.363197	10.215338
0.59127748	0.89728773	-10.438872	10.219452
0.57880336	0.89760983	-10.484279	10.20711
0.57256627	0.89471042	-10.475869	10.22768
0.56632918	0.90115362	-10.494368	10.277048
0.56321067	0.90340877	-10.430465	10.256477
0.54449946	0.89020014	-10.471665	10.24825
0.5429402	0.88697851	-10.45569	10.244136
0.53514391	0.88279039	-10.439713	10.252364
0.53358465	0.90018713	-10.441395	10.305846
0.53358465	0.9005093	-10.438872	10.281161
0.52890682	0.90695256	-10.463257	10.297618
0.51799196	0.90566391	-10.465779	10.301732
0.50863642	0.9127515	-10.469984	10.314074
0.51019567	0.91790611	-10.475029	10.297618
0.49616227	0.91726178	-10.496049	10.285275
0.50239933	0.91951692	-10.399353	10.297618
0.49772155	0.90888554	-10.457372	10.309959
0.49460301	0.90405309	-10.448122	10.28939
0.48836592	0.9005093	-10.46662	10.309959
0.48524743	0.90340877	-10.451485	10.33053
0.47745109	0.89986497	-10.384218	10.359328
0.46965477	0.90856338	-10.478392	10.322302
0.46653622	0.89825416	-10.487641	10.322302
0.46809548	0.90405309	-10.464098	10.334644
0.45718065	0.8940661	-10.454007	10.326416
0.46185842	0.91146284	-10.40692	10.363442
0.4540621	0.91951692	-10.448122	10.346986
0.45718065	0.91081852	-10.448963	10.334644
0.45094356	0.91114068	-10.463257	10.375784
0.45094356	0.91339582	-10.460734	10.346986
0.4493843	0.91693962	-10.333768	10.359328
0.44782501	0.91436231	-10.431305	10.318188
0.44626576	0.91693962	-10.477551	10.3511
0.44002873	0.90695256	-10.45653	10.322302
0.44626576	0.92177206	-10.45569	10.392241
0.44002873	0.91404015	-10.40692	10.355214
0.44002873	0.91049635	-10.475029	10.379898
0.43379164	0.90276444	-10.472507	10.342872
0.42911386	0.91436231	-10.47671	10.367557
0.43379164	0.91693962	-10.484279	10.37167
0.43535089	0.92660451	-10.263978	10.408696
0.42755461	0.92241639	-10.46662	10.37167
0.43379164	0.90985203	-10.433827	10.3511
0.42599532	0.90630823	-10.452326	10.346986
0.42287678	0.90856338	-10.453167	10.388126
0.42443606	0.9066304	-10.371606	10.359328
0.42755461	0.91758394	-10.482595	10.355214
0.42755461	0.92918181	-10.454007	10.375784
0.42443606	0.94013536	-10.440554	10.41281
0.42443606	0.93755805	-10.453167	10.396355
0.42443606	0.93111479	-10.351425	10.379898
0.42287678	0.91339582	-10.465779	10.3511
0.42287678	0.90695256	-10.462417	10.404582
0.41663975	0.90824121	-10.331245	10.392241
0.41975826	0.90824121	-10.489323	10.404582
0.42287678	0.91565096	-10.413648	10.400468
0.41975826	0.90695256	-10.448122	10.392241
0.41508049	0.90888554	-10.470825	10.375784
0.418199	0.9092077	-10.442237	10.375784
0.41040266	0.9005093	-10.470825	10.346986
0.41508049	0.89535475	-10.438872	10.367557
0.41508049	0.90534174	-10.454007	10.379898
0.418199	0.92531586	-10.475869	10.400468
0.41508049	0.91919476	-10.434669	10.342872
0.41975826	0.92885965	-10.436351	10.392241
0.41508049	0.91726178	-10.451485	10.346986
0.41196194	0.9214499	-10.475869	10.37167
0.41196194	0.91629529	-10.471665	10.355214
0.418199	0.91693962	-10.313587	10.379898
0.418199	0.9066304	-10.471665	10.355214
0.4135212	0.91049635	-10.474188	10.342872
0.41508049	0.91790611	-10.480914	10.37167
0.41508049	0.91371799	-10.491005	10.375784
0.41040266	0.91404015	-10.349744	10.346986
0.4135212	0.90598607	-10.470825	10.305846
0.41196194	0.91629529	-10.45653	10.322302
0.41508049	0.8940661	-10.458212	10.326416
0.41196194	0.90437526	-10.448963	10.326416
0.4135212	0.90824121	-10.353948	10.309959
0.4135212	0.92499369	-10.459053	10.346986
0.41196194	0.91500664	-10.457372	10.322302
0.41196194	0.92467153	-10.490164	10.342872
0.4135212	0.92563802	-10.480074	10.301732
0.41196194	0.92628235	-10.413648	10.322302
0.41196194	0.91661745	-10.450644	10.293504
0.41508049	0.90985203	-10.469144	10.293504
0.41663975	0.90856338	-10.4456	10.297618
0.41508049	0.89696556	-10.452326	10.293504
0.41663975	0.8966434	-10.421215	10.293504
0.41508049	0.89277744	-10.439713	10.277048
0.41196194	0.91307366	-10.47671	10.297618
0.41663975	0.90856338	-10.410284	10.272934
0.4135212	0.90405309	-10.467461	10.252364
0.4135212	0.89245528	-10.409443	10.22768
0.4135212	0.89277744	-10.477551	10.260592
0.4135212	0.89471042	-10.505299	10.264706
0.41508049	0.90952986	-10.461576	10.314074
0.418199	0.91500664	-10.481755	10.281161
0.418199	0.91983908	-10.422056	10.28939
0.41196194	0.92209423	-10.446441	10.277048
0.41196194	0.91146284	-10.469984	10.260592
0.41663975	0.90469742	-10.322837	10.260592
0.418199	0.88279039	-10.450644	10.235909
0.41508049	0.87956876	-10.467461	10.240023
0.418199	0.89825416	-10.480914	10.26882
0.4135212	0.90115362	-10.483438	10.252364
0.418199	0.89760983	-10.461576	10.240023
0.418199	0.88826716	-10.448963	10.219452
0.41508049	0.89148879	-10.478392	10.244136
0.41508049	0.90083146	-10.494368	10.240023
0.41663975	0.92273855	-10.462417	10.309959
0.42599532	0.927571	-10.427941	10.297618
0.42131752	0.92434937	-10.444759	10.26882
0.41663975	0.9092077	-10.477551	10.231794
0.41663975	0.91790611	-10.469144	10.256477
0.42599532	0.9092077	-10.444759	10.240023
0.42599532	0.90501958	-10.397672	10.231794
0.42755461	0.90340877	-10.464098	10.252364
0.42287678	0.90501958	-10.447281	10.235909
0.42131752	0.90373093	-10.454848	10.24825
0.41975826	0.90276444	-10.471665	10.219452
0.42131752	0.89148879	-10.479233	10.211224
0.42599532	0.91210717	-10.490164	10.244136
0.42131752	0.89728773	-10.470825	10.194768
0.42287678	0.89889848	-10.448122	10.20711
0.42131752	0.89857632	-10.48596	10.264706
0.42599532	0.90501958	-10.30602	10.240023
0.42131752	0.90212011	-10.464938	10.223566
0.42755461	0.91307366	-10.480914	10.244136
0.418199	0.91436231	-10.499413	10.244136
0.42755461	0.90791905	-10.45569	10.219452
0.42131752	0.91726178	-10.368242	10.252364
0.42911386	0.9030866	-10.432987	10.215338
0.42599532	0.91468447	-10.45569	10.272934
0.42755461	0.91436231	-10.498572	10.231794
0.42287678	0.91114068	-10.471665	10.223566
0.42443606	0.91436231	-10.461576	10.244136
0.42287678	0.90147579	-10.45569	10.252364
0.42599532	0.89889848	-10.464938	10.20711
0.42443606	0.89599907	-10.41617	10.20711
0.42443606	0.88472337	-10.474188	10.194768
0.42755461	0.88601202	-10.319473	10.240023
0.42131752	0.8966434	-10.465779	10.219452
0.42911386	0.90824121	-10.469984	10.272934
0.43067312	0.90469742	-10.393467	10.211224
0.43379164	0.91146284	-10.435509	10.264706
0.42755461	0.90212011	-10.34638	10.18654
0.42755461	0.90566391	-10.463257	10.223566
0.43067312	0.90244228	-10.473348	10.215338
0.43379164	0.91371799	-10.423738	10.244136
0.43223241	0.90824121	-10.443076	10.190654
0.42911386	0.89857632	-10.473348	10.18654
0.42755461	0.88633418	-10.475869	10.16597
0.43067312	0.89342177	-10.434669	10.244136
0.42911386	0.90276444	-10.390945	10.202996
0.43379164	0.90856338	-10.464938	10.223566
0.43067312	0.90630823	-10.464098	10.215338
0.43067312	0.90276444	-10.451485	10.235909
0.43691018	0.8940661	-10.448122	10.198882
0.44002873	0.89503258	-10.680194	10.20711
0.43379164	0.88858932	-10.443076	10.190654
0.43067312	0.8966434	-10.480914	10.231794
0.43379164	0.9092077	-10.475869	10.219452
0.43223241	0.92016125	-10.464098	10.223566
0.42911386	0.90340877	-10.414488	10.18654
0.43379164	0.8966434	-10.443918	10.198882
0.43067312	0.90405309	-10.475029	10.194768
0.42755461	0.90373093	-10.459053	10.198882
0.43379164	0.91436231	-10.470825	10.219452
0.43691018	0.90598607	-10.350584	10.215338
0.43379164	0.89020014	-10.491845	10.153627
0.43535089	0.89503258	-10.461576	10.20711
0.44158798	0.88504553	-10.398513	10.223566
0.43379164	0.887945	-10.471665	10.215338
0.43691018	0.88730067	-10.459053	10.211224
0.43535089	0.88826716	-10.477551	10.219452
0.43379164	0.887945	-10.444759	10.182425
0.43067312	0.89696556	-10.414488	10.211224
0.42755461	0.90856338	-10.473348	10.22768
0.43067312	0.91693962	-10.464098	10.235909
0.43846944	0.91146284	-10.477551	10.215338
0.43379164	0.91436231	-10.474188	10.202996
0.43379164	0.90179795	-10.351425	10.170084
0.43691018	0.9005093	-10.464938	10.178312
0.43067312	0.90244228	-10.440554	10.198882
0.43223241	0.90630823	-10.45653	10.231794
0.43223241	0.90952986	-10.458212	10.240023
0.43535089	0.91404015	-10.388422	10.231794
0.43067312	0.9066304	-10.474188	10.194768
0.43379164	0.89922065	-10.258092	10.198882
0.42911386	0.89503258	-10.459894	10.194768
0.43691018	0.89599907	-10.449803	10.219452
0.43379164	0.88601202	-10.435509	10.182425
0.43535089	0.87892443	-10.447281	10.20711
0.43379164	0.88150173	-10.458212	10.190654
0.43379164	0.89342177	-10.471665	10.190654
0.43535089	0.90212011	-10.484279	10.215338
0.43379164	0.91242933	-10.462417	10.22768
0.43535089	0.89793199	-10.448963	10.18654
0.43535089	0.90598607	-10.498572	10.215338
0.43223241	0.91114068	-10.47671	10.215338
0.43067312	0.90534174	-10.468302	10.202996
0.43535089	0.89245528	-10.411966	10.219452
0.43379164	0.90083146	-10.458212	10.244136
0.43535089	0.90405309	-10.452326	10.240023
0.43067312	0.89889848	-10.46662	10.22768
0.42911386	0.89793199	-10.480914	10.198882
0.43223241	0.9005093	-10.440554	10.231794
0.43223241	0.89728773	-10.431305	10.202996
0.43223241	0.88858932	-10.434669	10.219452
0.43379164	0.88858932	-10.427941	10.20711
0.44002873	0.8940661	-10.490164	10.219452
0.42911386	0.90276444	-10.475029	10.223566
0.42443606	0.91822827	-10.493526	10.235909
0.43379164	0.91822827	-10.491005	10.223566
0.43223241	0.90244228	-10.432146	10.190654
0.43379164	0.89535475	-10.427101	10.182425
0.43067312	0.90147579	-10.313587	10.240023
0.43691018	0.91178501	-10.464938	10.240023
0.42755461	0.92080557	-10.465779	10.260592
0.42755461	0.91210717	-10.436351	10.235909
0.42755461	0.89760983	-10.442237	10.215338
0.43379164	0.89309961	-10.35563	10.190654
0.43223241	0.88117957	-10.449803	10.198882
0.43067312	0.88858932	-10.471665	10.223566
0.43067312	0.90147579	-10.473348	10.223566
0.42911386	0.8905223	-10.481755	10.178312
0.43067312	0.90276444	-10.352266	10.211224
0.42911386	0.90405309	-10.481755	10.240023
0.43067312	0.90534174	-10.454007	10.215338
0.43067312	0.89922065	-10.327041	10.20711
0.43067312	0.91500664	-10.503617	10.202996
0.42911386	0.90824121	-10.459053	10.211224
0.43067312	0.92209423	-10.459894	10.231794
0.42755461	0.9127515	-10.457372	10.211224
0.42755461	0.91178501	-10.41701	10.215338
0.42599532	0.89857632	-10.477551	10.194768
0.42131752	0.90759689	-10.435509	10.219452
0.42599532	0.89857632	-10.452326	10.211224
0.42755461	0.9030866	-10.451485	10.240023
0.41663975	0.88665634	-10.344698	10.190654
0.43067312	0.88665634	-10.442237	10.20711
0.42131752	0.89245528	-10.468302	10.18654
0.42287678	0.90083146	-10.459053	10.202996
0.42131752	0.90630823	-10.494368	10.211224
0.42131752	0.89825416	-10.464098	10.18654
0.42131752	0.89696556	-10.441395	10.198882
0.41975826	0.90695256	-10.462417	10.18654
0.418199	0.9030866	-10.487641	10.174198
0.41663975	0.89954281	-10.470825	10.174198
0.42755461	0.90405309	-10.418693	10.215338
0.41975826	0.89599907	-10.467461	10.161856
0.418199	0.89148879	-10.452326	10.194768
0.42131752	0.89438826	-10.464938	10.178312
0.418199	0.89148879	-10.473348	10.190654
0.41663975	0.89438826	-10.459053	10.16597
0.42287678	0.8905223	-10.469144	10.157742
0.41975826	0.88536769	-10.464938	10.149513
0.418199	0.88536769	-10.431305	10.178312
0.4135212	0.89148879	-10.487641	10.170084
0.41508049	0.90759689	-10.464098	10.190654
0.4135212	0.90534174	-10.498572	10.16597
0.41508049	0.9030866	-10.468302	10.18654
0.42131752	0.91307366	-10.440554	10.202996
0.42287678	0.90791905	-10.424579	10.194768
0.41508049	0.9030866	-10.440554	10.178312
0.418199	0.89696556	-10.454007	10.178312
0.418199	0.89245528	-10.48596	10.161856
0.42443606	0.89277744	-10.371606	10.194768
0.4135212	0.90018713	-10.475869	10.198882
0.41663975	0.91339582	-10.494368	10.244136
0.418199	0.8966434	-10.47671	10.16597
0.418199	0.89889848	-10.395989	10.178312
0.41663975	0.887945	-10.584337	10.157742
0.418199	0.88826716	-10.469984	10.174198
0.4088434	0.9066304	-10.50698	10.190654
0.41663975	0.90598607	-10.444759	10.161856
0.4135212	0.91114068	-10.443918	10.178312
0.41196194	0.90340877	-10.419534	10.178312
0.41663975	0.89535475	-10.45653	10.174198
0.41196194	0.89567691	-10.467461	10.16597
0.41040266	0.90083146	-10.471665	10.18654
0.41196194	0.90791905	-10.469144	10.178312
0.41508049	0.89922065	-10.353948	10.153627
0.41040266	0.90856338	-10.494368	10.198882
0.41508049	0.90566391	-10.422896	10.18654
0.41508049	0.91210717	-10.452326	10.223566
0.40260637	0.89986497	-10.4456	10.170084
0.4135212	0.90179795	-10.437191	10.170084
0.41040266	0.887945	-10.469144	10.157742
0.41196194	0.89696556	-10.465779	10.16597
0.4088434	0.9092077	-10.467461	10.174198
0.4135212	0.91500664	-10.470825	10.157742
0.4088434	0.91049635	-10.316951	10.120715
0.41196194	0.89567691	-10.480914	10.153627
0.41196194	0.9030866	-10.442237	10.161856
0.4135212	0.89471042	-10.460734	10.141286
0.41040266	0.90630823	-10.437191	10.128943
0.40572491	0.90598607	-10.478392	10.141286
0.4135212	0.91210717	-10.464098	10.141286
0.40728414	0.90437526	-10.471665	10.124829
0.4088434	0.89889848	-10.419534	10.124829
0.41196194	0.8966434	-10.425419	10.128943
0.40728414	0.89599907	-10.35647	10.124829
0.41040266	0.88891149	-10.471665	10.128943
0.4088434	0.89181095	-10.481755	10.133058
0.41196194	0.8844012	-10.321156	10.120715
0.4088434	0.87892443	-10.444759	10.100145
0.4088434	0.88568985	-10.464938	10.108374
0.41040266	0.88150173	-10.451485	10.108374
0.4135212	0.88311255	-10.454007	10.1454
0.40416563	0.88601202	-10.405239	10.128943
0.41040266	0.90147579	-10.480074	10.128943
0.40728414	0.90212011	-10.480074	10.100145
0.41040266	0.88858932	-10.459894	10.124829
0.40260637	0.90534174	-10.45569	10.116602
0.4088434	0.89986497	-10.349744	10.087803
0.4088434	0.90244228	-10.46662	10.087803
0.4088434	0.89857632	-10.46662	10.112488
0.40572491	0.90566391	-10.444759	10.137172
0.4088434	0.88891149	-10.465779	10.087803
0.4088434	0.90469742	-10.450644	10.133058
0.40260637	0.887945	-10.433827	10.096031
0.4088434	0.89213312	-10.474188	10.075461
0.40104708	0.89503258	-10.45569	10.112488
0.40260637	0.89438826	-10.487641	10.108374
0.40416563	0.89632124	-10.438872	10.108374
0.40572491	0.89825416	-10.463257	10.100145
0.40416563	0.89728773	-10.436351	10.096031
0.41040266	0.90985203	-10.453167	10.137172
0.40416563	0.90212011	-10.448963	10.091917
0.40728414	0.90018713	-10.469144	10.100145
0.40260637	0.90179795	-10.436351	10.096031
0.40416563	0.89922065	-10.463257	10.075461
0.40416563	0.89986497	-10.409443	10.079576
0.40416563	0.88568985	-10.444759	10.067233
0.41040266	0.89374393	-10.344698	10.108374
0.41040266	0.89760983	-10.464098	10.108374
0.4088434	0.89889848	-10.464098	10.096031
0.40260637	0.88117957	-10.332927	10.071347
0.40260637	0.88697851	-10.524638	10.100145
0.40572491	0.88343471	-10.439713	10.087803
0.40572491	0.89116663	-10.468302	10.096031
0.40104708	0.89503258	-10.475869	10.100145
0.41040266	0.89889848	-10.343017	10.091917
0.41040266	0.89986497	-10.459053	10.087803
0.40104708	0.90566391	-10.450644	10.075461
0.40572491	0.89084446	-10.492686	10.096031
0.40416563	0.89471042	-10.477551	10.079576
0.39792857	0.89793199	-10.294249	10.067233
0.40728414	0.8966434	-10.440554	10.075461
0.40416563	0.89277744	-10.471665	10.063119
0.4088434	0.88923365	-10.467461	10.063119
0.41196194	0.887945	-10.470825	10.063119
0.39948782	0.88279039	-10.396831	10.054892
0.40416563	0.8782801	-10.451485	10.079576
0.40260637	0.88150173	-10.475029	10.067233
0.40728414	0.87699145	-10.480074	10.067233
0.40572491	0.89020014	-10.438872	10.075461
0.40572491	0.88665634	-10.34638	10.059005
0.4088434	0.89954281	-10.464098	10.091917
0.40572491	0.88601202	-10.475029	10.050777
0.40416563	0.89020014	-10.468302	10.08369
0.40572491	0.88730067	-10.440554	10.08369
0.40572491	0.89535475	-10.370765	10.071347
0.40104708	0.89599907	-10.463257	10.054892
0.4088434	0.89148879	-10.439713	10.050777
0.40728414	0.88858932	-10.459053	10.067233
0.40104708	0.88117957	-10.443918	10.034321
0.40572491	0.88343471	-10.41701	10.054892
0.41196194	0.88246822	-10.469144	10.059005
0.4088434	0.89084446	-10.47671	10.104259
0.40260637	0.88407904	-10.480914	10.046663
0.40572491	0.88697851	-10.472507	10.059005
0.40416563	0.89374393	-10.452326	10.059005
0.40572491	0.89825416	-10.448963	10.087803
0.40728414	0.89213312	-10.462417	10.059005
0.40104708	0.88697851	-10.451485	10.059005
0.41040266	0.88858932	-10.442237	10.079576
0.40572491	0.89471042	-10.45569	10.087803
0.41196194	0.9030866	-10.438872	10.075461
0.4135212	0.90115362	-10.475869	10.042549
0.41196194	0.89857632	-10.492686	10.042549
0.41508049	0.89535475	-10.458212	10.050777
0.42599532	0.89986497	-10.454007	10.042549
0.41975826	0.89793199	-10.308542	10.063119
0.418199	0.89535475	-10.481755	10.067233
0.42287678	0.90276444	-10.467461	10.100145
0.42755461	0.8940661	-10.422896	10.063119
0.42443606	0.89245528	-10.467461	10.021979
0.42443606	0.8757028	-10.362356	10.026093
0.42911386	0.88343471	-10.47671	10.059005
0.42599532	0.87505847	-10.438032	10.034321
0.42443606	0.88504553	-10.429624	10.050777
0.43379164	0.89986497	-10.448122	10.087803
0.42599532	0.90469742	-10.369924	10.08369
0.42755461	0.90405309	-10.484279	10.063119
0.42443606	0.89503258	-10.452326	10.030207
0.42443606	0.88923365	-10.727281	10.013751
0.42131752	0.89181095	-10.488482	10.034321
0.42755461	0.90276444	-10.462417	10.042549
0.42755461	0.89471042	-10.478392	10.050777
0.42287678	0.89889848	-10.461576	10.071347
0.41975826	0.88504553	-10.322837	10.054892
0.42443606	0.88955581	-10.448122	10.046663
0.42755461	0.88407904	-10.471665	10.067233
0.42911386	0.88858932	-10.477551	10.046663
0.42755461	0.88085741	-10.48596	10.046663
0.42599532	0.887945	-10.442237	10.054892
0.42599532	0.8844012	-10.452326	10.042549
0.42755461	0.88568985	-10.45653	10.034321
0.42287678	0.89825416	-10.491845	10.075461
0.42755461	0.89696556	-10.465779	10.038435
0.42599532	0.88279039	-10.376651	10.026093
0.42131752	0.90824121	-10.494368	10.059005
0.42287678	0.90501958	-10.471665	10.034321
0.42755461	0.90340877	-10.477551	10.059005
0.42287678	0.88923365	-10.450644	10.030207
0.42443606	0.88955581	-10.390945	10.059005
0.42755461	0.88117957	-10.422896	10.075461
0.42287678	0.86829305	-10.459053	10.059005
0.43067312	0.87602496	-10.330404	10.079576
0.42443606	0.88117957	-10.477551	10.067233
0.42287678	0.88665634	-10.453167	10.067233
0.42443606	0.87151468	-10.464098	10.038435
0.42755461	0.86442709	-10.451485	10.026093
0.42911386	0.87119251	-10.514548	10.059005
0.42443606	0.87505847	-10.459894	10.063119
0.42443606	0.89535475	-10.446441	10.079576
0.42755461	0.89503258	-10.486801	10.059005
0.42755461	0.88891149	-10.443076	10.034321
0.42755461	0.88633418	-10.402717	10.059005
0.42755461	0.88214606	-10.427101	10.038435
0.42131752	0.88730067	-10.468302	10.054892
0.42911386	0.87860227	-10.439713	10.046663
0.42755461	0.88279039	-10.469144	10.067233
0.42911386	0.8782801	-10.462417	10.059005
0.42443606	0.89696556	-10.479233	10.08369
0.42599532	0.89245528	-10.47671	10.08369
0.42755461	0.89438826	-10.463257	10.063119
0.43067312	0.87795794	-10.424579	10.026093
0.42911386	0.887945	-10.464098	10.071347
0.42911386	0.89760983	-10.460734	10.079576
0.43535089	0.90856338	-10.478392	10.096031
0.42911386	0.90405309	-10.323677	10.067233
0.42287678	0.8966434	-10.480074	10.038435
0.42911386	0.88375688	-10.450644	10.034321
0.42911386	0.89084446	-10.454848	10.079576
0.43067312	0.89277744	-10.452326	10.08369
0.42755461	0.89148879	-10.464098	10.054892
0.42755461	0.88504553	-10.45569	10.050777
0.42755461	0.8844012	-10.472507	10.050777
0.42911386	0.87538064	-10.419534	10.042549
0.42755461	0.87441415	-10.427101	10.067233
0.42911386	0.88601202	-10.473348	10.100145
0.43067312	0.89696556	-10.485119	10.108374
0.43223241	0.89889848	-10.46662	10.091917
0.43067312	0.88536769	-10.367401	10.054892
0.42755461	0.87119251	-10.454007	10.050777
0.42755461	0.87602496	-10.890404	10.08369
0.43691018	0.89535475	-10.434669	10.100145
0.43535089	0.89535475	-10.469984	10.075461
0.42911386	0.90373093	-10.414488	10.096031
0.42755461	0.89438826	-10.478392	10.059005
0.43223241	0.88955581	-10.438872	10.096031
0.43067312	0.8905223	-10.459053	10.063119
0.43379164	0.88858932	-10.469984	10.079576
0.43535089	0.90276444	-10.437191	10.091917
0.43223241	0.89696556	-10.452326	10.087803
0.43067312	0.88085741	-10.257251	10.063119
0.42911386	0.88150173	-10.47671	10.087803
0.42911386	0.88375688	-10.478392	10.075461
0.42755461	0.88343471	-10.428782	10.104259
0.43223241	0.89020014	-10.50614	10.096031
0.42599532	0.89116663	-10.465779	10.075461
0.42911386	0.87763578	-10.442237	10.059005
0.43067312	0.86861521	-10.442237	10.034321
0.42911386	0.87473631	-10.448122	10.08369
0.43535089	0.88762283	-10.447281	10.100145
0.43379164	0.9005093	-10.451485	10.128943
0.42755461	0.90276444	-10.463257	10.124829
0.43691018	0.89342177	-10.485119	10.079576
0.43223241	0.89181095	-10.343858	10.079576
0.42911386	0.89213312	-10.459894	10.096031
0.43535089	0.90405309	-10.490164	10.141286
0.43535089	0.90534174	-10.451485	10.141286
0.43067312	0.89116663	-10.453167	10.108374
0.42755461	0.88633418	-10.27659	10.100145
0.43067312	0.87634712	-10.450644	10.108374
0.43379164	0.87602496	-10.452326	10.08369
0.42755461	0.89567691	-10.508663	10.108374
0.42911386	0.89889848	-10.494368	10.116602
0.43067312	0.9030866	-10.263978	10.116602
0.43067312	0.89793199	-10.450644	10.124829
0.43223241	0.89213312	-10.463257	10.120715
0.43223241	0.90147579	-10.451485	10.133058
0.42911386	0.91081852	-10.472507	10.133058
0.43067312	0.90888554	-10.419534	10.112488
0.43379164	0.91500664	-10.473348	10.116602
0.43067312	0.89922065	-10.448963	10.08369
0.43691018	0.887945	-10.417851	10.100145
0.43379164	0.8844012	-10.475029	10.096031
0.43067312	0.89599907	-10.384218	10.133058
0.43846944	0.89374393	-10.475029	10.116602
0.43691018	0.89116663	-10.440554	10.128943
0.42911386	0.88117957	-10.443918	10.08369
0.43067312	0.88375688	-10.440554	10.108374
0.43535089	0.88536769	-10.451485	10.104259
0.43223241	0.89309961	-10.475029	10.124829
0.43535089	0.90437526	-10.469144	10.157742
0.43379164	0.89728773	-10.448963	10.124829
0.43223241	0.88858932	-10.419534	10.104259
0.43223241	0.89342177	-10.459053	10.157742
0.43379164	0.89567691	-10.480074	10.128943
0.44002873	0.89954281	-10.469984	10.128943
0.43223241	0.89793199	-10.443918	10.096031
0.43223241	0.90856338	-10.443918	10.149513
0.43691018	0.88987797	-10.453167	10.08369
0.43691018	0.89116663	-10.453167	10.137172
0.43067312	0.88923365	-10.469984	10.120715
0.44002873	0.88762283	-10.41617	10.141286
0.42755461	0.88504553	-10.482595	10.104259
0.43067312	0.87119251	-10.458212	10.096031
0.42599532	0.87473631	-10.442237	10.104259
0.44002873	0.88697851	-10.419534	10.141286
0.43223241	0.87602496	-10.320314	10.112488
0.43691018	0.8782801	-10.469144	10.149513
0.42911386	0.88826716	-10.491845	10.116602
0.43691018	0.89922065	-10.463257	10.170084
0.43691018	0.89793199	-10.459053	10.120715
0.42911386	0.90179795	-10.325359	10.133058
0.43846944	0.91114068	-10.447281	10.120715
0.43535089	0.89760983	-10.432987	10.104259
0.43379164	0.89760983	-10.461576	10.112488
0.42755461	0.88504553	-10.469984	10.104259
0.43223241	0.89309961	-10.424579	10.137172
0.43379164	0.90405309	-10.459053	10.170084
0.43691018	0.89213312	-10.467461	10.091917
0.43379164	0.88117957	-10.441395	10.091917
0.43379164	0.87989092	-10.475869	10.112488
0.43535089	0.88504553	-10.425419	10.133058
0.43379164	0.89471042	-10.483438	10.137172
0.43067312	0.89438826	-10.461576	10.157742
0.43067312	0.89342177	-10.444759	10.1454
0.43223241	0.87860227	-10.438032	10.128943
0.43535089	0.88633418	-10.404398	10.1454
0.42755461	0.89277744	-10.469144	10.128943
0.42911386	0.8966434	-10.489323	10.141286
0.43223241	0.89599907	-10.425419	10.124829
0.42755461	0.91210717	-10.459053	10.157742
0.43223241	0.90695256	-10.461576	10.124829
0.43067312	0.89148879	-10.446441	10.128943
0.42911386	0.88923365	-10.462417	10.124829
0.43223241	0.90373093	-10.343858	10.157742
0.43535089	0.89213312	-10.468302	10.120715
0.43846944	0.87376982	-10.443918	10.137172
0.42755461	0.88279039	-10.441395	10.141286
0.43691018	0.90405309	-10.451485	10.178312
0.43379164	0.90018713	-10.33629	10.133058
0.42755461	0.90695256	-10.48596	10.16597
0.42755461	0.90212011	-10.479233	10.137172
0.42911386	0.90405309	-10.470825	10.149513
0.43379164	0.9092077	-10.438872	10.153627
0.43535089	0.90276444	-10.438872	10.1454
0.42911386	0.90630823	-10.458212	10.128943
0.43379164	0.90759689	-10.452326	10.157742
0.43379164	0.89986497	-10.463257	10.112488
0.43223241	0.89020014	-10.427941	10.100145
0.42911386	0.89148879	-10.418693	10.112488
0.43846944	0.9030866	-10.480074	10.1454
0.43223241	0.89148879	-10.434669	10.124829
0.43535089	0.87989092	-10.434669	10.124829
0.43379164	0.88568985	-10.459053	10.124829
0.42911386	0.88891149	-10.295089	10.128943
0.42911386	0.89567691	-10.469984	10.124829
0.43379164	0.88762283	-10.482595	10.087803
0.42755461	0.89245528	-10.464098	10.108374
0.43067312	0.88858932	-10.452326	10.112488
0.43535089	0.9030866	-10.418693	10.153627
0.42911386	0.9030866	-10.458212	10.124829
0.43379164	0.9092077	-10.469984	10.133058
0.43223241	0.90469742	-10.454848	10.157742
0.43067312	0.89793199	-10.461576	10.108374
0.43223241	0.89213312	-10.392627	10.096031
0.43067312	0.90212011	-10.458212	10.1454
0.43379164	0.89503258	-10.47671	10.133058
0.42599532	0.8844012	-10.440554	10.124829
0.43379164	0.88504553	-10.429624	10.1454
0.42755461	0.88601202	-10.460734	10.112488
0.42911386	0.89213312	-10.491005	10.16597
0.42755461	0.88343471	-10.475869	10.100145
0.42599532	0.88697851	-10.432146	10.120715
0.43067312	0.88730067	-10.451485	10.104259
0.42599532	0.88923365	-10.467461	10.116602
0.43067312	0.88665634	-10.458212	10.096031
0.43067312	0.90501958	-10.460734	10.141286
0.42755461	0.89986497	-10.447281	10.087803
0.43535089	0.91178501	-10.438032	10.157742
0.42443606	0.90695256	-10.461576	10.087803
0.42911386	0.91371799	-10.443076	10.100145
0.43379164	0.89471042	-10.451485	10.087803
0.42599532	0.89760983	-10.428782	10.112488
0.42287678	0.89922065	-10.487641	10.112488
0.42755461	0.8940661	-10.493526	10.100145
0.42131752	0.90018713	-10.469144	10.133058
0.42599532	0.89986497	-10.469984	10.133058
0.43223241	0.90405309	-10.469984	10.128943
0.42599532	0.89599907	-10.420374	10.096031
0.42755461	0.89922065	-10.461576	10.112488
0.43223241	0.89535475	-10.4456	10.141286
0.42287678	0.89599907	-10.468302	10.100145
0.42287678	0.8844012	-10.314428	10.075461
0.42755461	0.89213312	-10.447281	10.100145
0.42443606	0.89696556	-10.453167	10.116602
0.43067312	0.90727472	-10.509502	10.112488
0.43067312	0.91822827	-10.471665	10.137172
0.43067312	0.91017419	-10.447281	10.104259
0.42599532	0.91178501	-10.473348	10.1454
0.42443606	0.90856338	-10.464098	10.100145
0.42443606	0.89857632	-10.479233	10.116602
0.42911386	0.89760983	-10.488482	10.124829
0.42443606	0.88987797	-10.390103	10.120715
0.43067312	0.88311255	-10.432146	10.096031
0.42755461	0.89438826	-10.454848	10.108374
0.43379164	0.88697851	-10.436351	10.112488
0.42599532	0.89438826	-10.477551	10.112488
0.42911386	0.89889848	-10.361515	10.104259
0.42443606	0.90501958	-10.483438	10.112488
0.42599532	0.89471042	-10.477551	10.100145
0.42287678	0.90083146	-10.334609	10.096031
0.42755461	0.90469742	-10.480914	10.087803
0.42755461	0.89889848	-10.442237	10.108374
0.42755461	0.90437526	-10.444759	10.104259
0.43067312	0.90791905	-10.45653	10.120715
0.42443606	0.90276444	-10.998032	10.112488
0.42599532	0.88955581	-10.464098	10.071347
0.42599532	0.88117957	-10.450644	10.079576
0.42755461	0.89181095	-10.46662	10.112488
0.42755461	0.88375688	-10.464098	10.087803
0.42755461	0.887945	-10.404398	10.096031
0.41975826	0.89148879	-10.448963	10.091917
0.42755461	0.89471042	-10.765959	10.112488
0.42755461	0.89374393	-10.465779	10.08369
0.42755461	0.89954281	-10.460734	10.104259
0.42287678	0.88633418	-10.429624	10.059005
0.42131752	0.88891149	-10.481755	10.091917
0.42911386	0.89148879	-10.448963	10.087803
0.43067312	0.89632124	-10.454848	10.100145
0.41975826	0.89825416	-10.453167	10.08369
0.418199	0.8844012	-10.352266	10.067233
0.42287678	0.88343471	-10.458212	10.075461
0.42287678	0.87956876	-10.469984	10.075461
0.42131752	0.88891149	-10.469984	10.091917
0.42911386	0.89374393	-10.480914	10.120715
0.42287678	0.8940661	-10.790343	10.096031
0.42287678	0.89245528	-10.454007	10.096031
0.42911386	0.88504553	-10.433827	10.08369
0.41975826	0.88246822	-10.465779	10.079576
0.42287678	0.88891149	-10.461576	10.071347
0.42755461	0.88343471	-10.41701	10.079576
0.42287678	0.87860227	-10.471665	10.063119
0.43067312	0.89760983	-10.458212	10.124829
0.42287678	0.89696556	-10.498572	10.079576
0.42443606	0.9066304	-10.463257	10.096031
0.418199	0.8966434	-10.454007	10.091917
0.42599532	0.89471042	-10.486801	10.067233
0.42443606	0.90469742	-10.470825	10.096031
0.42599532	0.89599907	-10.443076	10.075461
0.42911386	0.89760983	-10.469984	10.091917
0.41975826	0.89084446	-10.452326	10.096031
0.42599532	0.89309961	-10.480914	10.112488
0.42287678	0.88858932	-10.469984	10.08369
0.42599532	0.87634712	-10.449803	10.100145
0.42287678	0.88375688	-10.483438	10.091917
0.42287678	0.86861521	-10.384218	10.071347
0.42287678	0.88053524	-10.480074	10.075461
0.42599532	0.88085741	-10.427941	10.071347
0.42443606	0.88891149	-10.46662	10.104259
0.42287678	0.89793199	-10.47671	10.100145
0.41975826	0.89857632	-10.357311	10.096031
0.42287678	0.90469742	-10.440554	10.120715
0.42443606	0.89793199	-10.457372	10.087803
0.42599532	0.89020014	-10.414488	10.087803
0.42287678	0.88955581	-10.501095	10.08369
0.42755461	0.89696556	-10.329563	10.087803
0.42287678	0.89728773	-10.444759	10.087803
0.42443606	0.89181095	-10.45653	10.100145
0.418199	0.90534174	-10.419534	10.120715
0.42599532	0.89181095	-10.448963	10.067233
0.42443606	0.88858932	-10.301816	10.08369
0.418199	0.88150173	-10.490164	10.087803
0.42443606	0.8757028	-10.437191	10.059005
0.418199	0.88246822	-10.407762	10.108374
0.41663975	0.89181095	-10.473348	10.087803
0.42287678	0.90018713	-10.510345	10.128943
0.41663975	0.89954281	-10.492686	10.096031
0.42755461	0.9030866	-10.446441	10.096031
0.418199	0.8966434	-10.357311	10.071347
0.42599532	0.90405309	-10.444759	10.124829
0.42287678	0.90018713	-10.48596	10.075461
0.42599532	0.89277744	-10.457372	10.091917
0.42755461	0.88955581	-10.458212	10.091917
0.42131752	0.9005093	-10.454007	10.133058
0.42443606	0.89181095	-10.464098	10.08369
0.42443606	0.88117957	-10.4456	10.079576
0.41975826	0.87409198	-10.451485	10.075461
0.42287678	0.87505847	-10.448963	10.100145
0.42443606	0.87924659	-10.299293	10.096031
0.42443606	0.89760983	-10.461576	10.104259
0.42287678	0.90179795	-10.47671	10.087803
0.42443606	0.90244228	-10.459053	10.112488
0.42443606	0.90534174	-10.475029	10.116602
0.42287678	0.89922065	-10.303497	10.100145
0.42131752	0.9005093	-10.457372	10.100145
0.41975826	0.90083146	-10.458212	10.091917
0.41975826	0.9005093	-10.464938	10.087803
0.42287678	0.89793199	-10.452326	10.091917
0.42911386	0.90115362	-10.382536	10.116602
0.42911386	0.89277744	-10.462417	10.071347
0.42131752	0.88633418	-10.464098	10.104259
0.42287678	0.88568985	-10.480074	10.079576
0.42131752	0.8782801	-10.47671	10.079576
0.43067312	0.88536769	-10.407762	10.133058
0.42287678	0.88504553	-10.451485	10.116602
0.42131752	0.8844012	-10.454848	10.096031
0.42443606	0.88504553	-10.467461	10.112488
0.42443606	0.88601202	-10.490164	10.124829
0.42131752	0.89760983	-10.364879	10.124829
0.42287678	0.89245528	-10.475029	10.091917
0.42287678	0.91178501	-10.480914	10.141286
0.42131752	0.88955581	-10.449803	10.112488
0.42911386	0.90147579	-10.469984	10.124829
0.42443606	0.90437526	-10.354789	10.112488
0.42131752	0.9127515	-10.475029	10.137172
0.42131752	0.90566391	-10.475029	10.124829
0.42131752	0.90759689	-10.633947	10.112488
0.42287678	0.89503258	-10.458212	10.091917
0.42287678	0.88730067	-10.427101	10.087803
0.41663975	0.88665634	-10.447281	10.137172
0.42755461	0.88762283	-10.473348	10.116602
0.41975826	0.88375688	-10.434669	10.112488
0.42131752	0.89374393	-10.474188	10.108374
0.42755461	0.89213312	-10.321996	10.120715
0.42755461	0.89696556	-10.464098	10.112488
0.42443606	0.89535475	-10.449803	10.120715
0.42755461	0.89760983	-10.472507	10.137172
0.42131752	0.90212011	-10.484279	10.141286
0.42287678	0.89374393	-10.451485	10.087803
0.42443606	0.88858932	-10.439713	10.104259
0.42287678	0.89084446	-10.390945	10.108374
0.418199	0.90083146	-10.432987	10.149513
0.44158798	0.91242933	-10.403557	10.153627
0.45873991	0.89954281	-10.377492	10.091917
0.4758918	0.8940661	-10.3262	10.133058
0.49772155	0.88246822	-10.351425	10.133058
0.50084007	0.88472337	-10.318632	10.133058
0.49772155	0.87795794	-10.259773	10.128943
0.48836592	0.88601202	-10.263137	10.128943
0.4805696	0.89535475	-10.252206	10.16597
0.47121403	0.89503258	-10.227822	10.137172
0.46809548	0.89020014	-10.123558	10.137172
0.47277325	0.89986497	-10.152146	10.18654
0.4758918	0.89954281	-10.168122	10.202996
0.48368815	0.9030866	-10.154669	10.198882
0.4805696	0.89857632	-10.084039	10.178312
0.48992521	0.89277744	-10.114308	10.190654
0.48524743	0.88311255	-10.070585	10.190654
0.49304372	0.9030866	-10.053768	10.252364
0.48524743	0.92080557	-9.9158707	10.318188
0.49304372	0.91178501	-9.9898643	10.305846
0.48524743	0.91242933	-9.9427767	10.318188
0.48368815	0.90437526	-9.9368916	10.305846
0.4805696	0.90179795	-9.8292637	10.309959
0.47901034	0.91178501	-9.9251194	10.346986
0.48680666	0.90566391	-9.8729868	10.342872
0.4805696	0.9127515	-9.8401947	10.363442
0.48368815	0.90244228	-9.7914257	10.322302
0.48524743	0.89503258	-9.8107653	10.3511
0.48212889	0.89889848	-9.7989931	10.359328
0.48212889	0.90179795	-9.7603149	10.367557
0.48524743	0.91983908	-9.7317266	10.404582
0.48524743	0.92241639	-9.7678823	10.404582
0.47901034	0.92950398	-9.7477026	10.421039
0.47901034	0.91629529	-10.039474	10.404582
0.48524743	0.91081852	-9.6434383	10.429267
0.47901034	0.92499369	-9.6594143	10.462178
0.4805696	0.93755805	-9.6299849	10.486863
0.48368815	0.93143696	-9.6266212	10.458065
0.48368815	0.92821532	-9.5719662	10.462178
0.47901034	0.91726178	-9.5517864	10.453951
0.47901034	0.91565096	-9.5450592	10.453951
0.47901034	0.91887259	-9.457612	10.478635
0.47901034	0.91629529	-9.5341291	10.474521
0.48368815	0.92370504	-9.4761114	10.503319
0.48212889	0.93143696	-9.4492044	10.519775
0.47901034	0.93111479	-9.3693237	10.49509
0.47745109	0.92853749	-9.4046392	10.486863
0.48212889	0.92241639	-9.3794146	10.503319
0.48368815	0.93659157	-9.360075	10.515661
0.48524743	0.9336921	-9.1860218	10.556801
0.48992521	0.9301483	-9.322237	10.507433
0.48524743	0.92306072	-9.2776728	10.523889
0.47901034	0.91017419	-9.2238588	10.536231
0.48836592	0.9092077	-9.2373123	10.536231
0.48368815	0.91597313	-9.2263813	10.573257
0.48680666	0.91951692	-9.1935892	10.565029
0.48524743	0.92724884	-9.1364117	10.581486
0.47901034	0.9127515	-9.1557512	10.560915
0.48368815	0.90791905	-9.1389341	10.544459
0.4805696	0.91726178	-9.1322069	10.597941
0.48212889	0.92692667	-9.02458	10.60617
0.48212889	0.92596018	-9.0910063	10.589713
0.48368815	0.9092077	-9.0388746	10.593827
0.48524743	0.92982614	-9.0254211	10.622625
0.48524743	0.93788022	-8.8606157	10.655538
0.48368815	0.94432348	-8.997673	10.692564
0.48524743	0.95205534	-8.9808559	10.692564
0.48212889	0.95463264	-8.9295645	10.680222
0.48836592	0.94690078	-8.851367	10.684336
0.48992521	0.94657862	-8.8925686	10.696678
0.48368815	0.94174618	-8.8530483	10.704906
0.48368815	0.93916887	-8.8774328	10.721362
0.48524743	0.94528997	-8.8017578	10.741932
0.48524743	0.94657862	-8.8177328	10.762503
0.48368815	0.94722295	-8.7883043	10.754274
0.48524743	0.94657862	-8.7218781	10.758389
0.48992521	0.94818944	-8.6638594	10.758389
0.48992521	0.95559913	-8.6882439	10.799528
0.48680666	0.95269966	-8.6806765	10.783072
0.48992521	0.95817643	-8.5957518	10.820099
0.49148446	0.95141107	-8.618454	10.828327
0.49148446	0.9610759	-8.6495657	10.869467
0.48836592	0.96075374	-8.5932293	10.836555
0.48212889	0.96236455	-8.5780935	10.848897
0.48368815	0.95753211	-8.5385742	10.848897
0.49148446	0.94303483	-8.5234394	10.83244
0.49304372	0.9485116	-8.5310068	10.890037
0.49148446	0.95269966	-8.4898052	10.922949
0.48680666	0.95334399	-8.4982147	10.918836
0.49304372	0.96172023	-8.4225388	10.955861
0.49616227	0.95463264	-8.4435596	10.906493
0.49928078	0.95559913	-8.223259	10.939405
0.49772155	0.96075374	-8.3889046	10.935291
0.49616227	0.95817643	-8.3577938	10.959974
0.49148446	0.96816349	-8.3443403	10.968203
0.49616227	0.94722295	-8.1887846	10.968203
0.49460301	0.96397537	-8.2770729	10.997001
0.49928078	0.97492892	-8.2846403	11.054597
0.49616227	0.98459381	-8.2484846	11.042255
0.49460301	0.96912998	-8.2417574	11.017571
0.49772155	0.97106296	-8.2375536	11.042255
0.49616227	0.97621757	-8.1904659	11.075168
0.50084007	0.97525108	-8.1517878	11.066939
0.49772155	0.9855603	-8.0651808	11.10808
0.49772155	0.97267377	-8.1055412	11.083395
0.50239933	0.96300888	-8.0853615	11.10808
0.49928078	0.9646197	-8.0677042	11.083395
0.49304372	0.95817643	-7.9962325	11.091623
0.50551784	0.97492892	-8.0197754	11.145105
0.49616227	0.9733181	-8.0088444	11.124536
0.50084007	0.98072785	-7.9508271	11.161562
0.50239933	0.97879487	-7.9129891	11.173903
0.50551784	0.97750622	-7.9264431	11.178018
0.49928078	0.97879487	-7.9045806	11.198588
0.49928078	0.98910409	-7.8373137	11.202702
0.49928078	0.97782838	-7.8869228	11.165676
0.49928078	0.9794392	-7.8406768	11.19036
0.50084007	0.97557324	-7.8154521	11.215044
0.50395858	0.97492892	-7.7019382	11.219158
0.50551784	0.97621757	-7.7557521	11.243842
0.49928078	0.97202945	-7.771728	11.235614
0.50084007	0.96880782	-7.7776141	11.25207
0.50239933	0.95624346	-7.6851211	11.243842
0.50395858	0.97267377	-7.7053018	11.276754
0.5070771	0.98588246	-7.6565328	11.297324
0.50239933	0.98652679	-7.6304669	11.293211
0.50551784	0.98137218	-7.5371337	11.305552
0.50239933	0.97428459	-7.6044006	11.301438
0.5070771	0.99071491	-7.5917883	11.350807
0.50084007	0.99329221	-7.5825391	11.363149
0.50395858	0.99619168	-7.4387555	11.342579
0.5070771	0.98749328	-7.5194759	11.338465
0.51331419	0.9942587	-7.4681845	11.371377
0.51019567	0.9916814	-7.416893	11.383719
0.50551784	0.99683601	-7.3992357	11.387833
0.5070771	0.99876899	-7.4353919	11.420745
0.51019567	0.98942626	-7.4160523	11.408403
0.51331419	0.99554735	-7.34374	11.453657
0.51175493	0.99071491	-7.3504667	11.433087
0.51175493	0.99748033	-7.3479447	11.453657
0.50551784	0.99039274	-7.2520885	11.44543
0.5070771	0.99748033	-7.2831998	11.482455
0.50395858	0.99039274	-7.2882447	11.466
0.50551784	0.99683601	-7.2613382	11.478341
0.51331419	1.0100447	-7.2537708	11.54828
0.5164327	1.0097225	-7.2117281	11.535938
0.51955122	1.0151993	-7.1495066	11.560622
0.51955122	1.024542	-7.1671638	11.54828
0.51799196	1.0151993	-7.0418787	11.585306
0.5164327	1.0048901	-7.1284857	11.564735
0.51487345	1.0203539	-7.1041012	11.589419
0.51331419	1.0216426	-7.008245	11.614103
0.51955122	1.0174544	-6.9981546	11.63056
0.51487345	1.022609	-7.0612178	11.663472
0.52111053	1.0177766	-7.0107675	11.659359
0.51955122	1.0306631	-6.9670439	11.688156
0.51487345	1.0232533	-6.9477048	11.704612
0.52111053	1.0190653	-6.9334106	11.71284
0.5164327	1.0097225	-6.9283652	11.708727
0.51955122	1.0094004	-6.9022994	11.729296
0.52266979	1.014555	-6.8955727	11.741639
0.51955122	1.0203539	-6.8610983	11.774551
0.51955122	1.0293745	-6.7938304	11.786893
0.52111053	1.0474155	-6.6887255	11.828032
0.51799196	1.0329182	-6.7946715	11.79512
0.52578831	1.0329182	-6.7383351	11.799235
0.52266979	1.0284079	-6.7425394	11.840376
0.52422905	1.0329182	-6.7072244	11.828032
0.52266979	1.0419388	-6.7383351	11.893857
0.53046608	1.0348512	-6.6744313	11.881516
0.52422905	1.0322739	-6.6576142	11.889744
0.52266979	1.0219647	-6.6088457	11.889744
0.52890682	1.0232533	-6.6222992	11.926769
0.52422905	1.0319518	-6.5785756	11.934998
0.52890682	1.0325961	-6.5550323	11.996709
0.51955122	1.0335625	-6.3952723	11.94734
0.53046608	1.0361398	-6.4902873	11.972024
0.52890682	1.0425831	-6.4827199	11.992594
0.53046608	1.0474155	-6.448245	12.009049
0.52734756	1.0429053	-6.4490857	12.013165
0.52890682	1.0512815	-6.4465637	12.041962
0.52890682	1.0445161	-6.4146113	12.033734
0.53358465	1.050315	-6.4003172	12.087217
0.53670317	1.0612686	-6.3877048	12.099558
0.53358465	1.0487041	-6.3448215	12.066646
0.53514391	1.0371064	-6.2901673	12.074874
0.53670317	1.0412945	-6.2355127	12.091331
0.53358465	1.0487041	-6.2918487	12.136585
0.53202534	1.0496707	-6.2615786	12.144814
0.53358465	1.0351734	-6.2144918	12.13247
0.53826243	1.0451604	-6.2077646	12.161268
0.53358465	1.0445161	-6.1758132	12.136585
0.53358465	1.0599799	-6.1758132	12.185952
0.5429402	1.0628793	-6.1135907	12.202408
0.54605877	1.0580469	-6.0295067	12.19418
0.5429402	1.0548253	-6.0782757	12.206523
0.53982168	1.054181	-6.0665035	12.218864
0.54605877	1.0557917	-5.7301669	12.231207
0.5429402	1.0635237	-6.4280648	12.288803
0.5429402	1.0690005	-6.0295067	12.260004
0.5429402	1.0751215	-6.0143714	12.297031
0.54605877	1.0786654	-5.942059	12.292916
0.54917729	1.0776988	-5.9546719	12.297031
0.54917729	1.0728664	-5.9437408	12.346399
0.54917729	1.0632015	-5.8655424	12.325829
0.55073655	1.0567583	-5.928606	12.354628
0.5429402	1.0722221	-5.8705878	12.38754
0.55073655	1.0728664	-5.855453	12.371084
0.5522958	1.0767324	-5.8134103	12.375197
0.55073655	1.0770545	-5.7940712	12.403996
0.5522958	1.0760881	-5.7537107	12.403996
0.55073655	1.0796318	-5.7335305	12.40811
0.5522958	1.0828534	-5.7486658	12.436908
0.55385506	1.0751215	-5.6048818	12.432794
0.55385506	1.0738329	-5.7116685	12.457478
0.5522958	1.0921962	-5.6603775	12.461593
0.55697358	1.0931627	-5.6208582	12.465706
0.55385506	1.0860751	-5.3929901	12.482162
0.55541432	1.0718999	-5.5720892	12.510961
0.56476992	1.0718999	-5.5477047	12.523302
0.56476992	1.0715778	-5.4863234	12.539758
0.56165141	1.0728664	-5.4997768	12.547986
0.56009215	1.0860751	-5.50314	12.593241
0.56476992	1.0822091	-5.4543715	12.568557
0.55541432	1.0873637	-5.398035	12.576785
0.56321067	1.0786654	-5.392149	12.547986
0.56321067	1.0770545	-5.4081254	12.617925
0.56321067	1.0793097	-5.376173	12.601469
0.57256627	1.085753	-5.3677649	12.630266
0.56476992	1.0967065	-5.3517885	12.634381
0.57412553	1.1025054	-5.3232002	12.679635
0.57256627	1.1025054	-5.289567	12.64261
0.57568479	1.1037941	-5.2365937	12.696091
0.57256627	1.1076601	-5.2534103	12.716661
0.57256627	1.0986395	-5.2096868	12.720775
0.57412553	1.0889746	-5.2038012	12.712547
0.57256627	1.0941292	-5.065062	12.741345
0.58036256	1.1031498	-5.1743717	12.774258
0.57568479	1.1050828	-5.151669	12.782486
0.58348113	1.0931627	-5.1205578	12.753687
0.57880336	1.088008	-5.0734706	12.76603
0.58192182	1.091874	-5.0709481	12.786599
0.57724404	1.1054049	-5.0516086	12.84831
0.58348113	1.1057271	-4.9994764	12.852424
0.58192182	1.109593	-5.0255427	12.840082
0.58815891	1.115392	-4.9952722	12.868879
0.58971816	1.1137811	-4.9860229	12.860652
0.58815891	1.1047605	-4.8985758	12.852424
0.58815891	1.1150697	-4.8624196	12.91002
0.58348113	1.1105595	-4.9179149	12.901792
0.58971816	1.109593	-4.8439207	12.926476
0.58504039	1.113459	-4.7648816	12.938819
0.59283674	1.1263454	-4.832149	12.963503
0.58815891	1.1273119	-4.8313084	12.959389
0.59127748	1.1289227	-4.8001971	12.95116
0.59907377	1.1118481	-4.7161131	12.938819
0.6037516	1.1199023	-4.7791762	12.955275
0.59751451	1.1131368	-4.7194762	12.955275
0.59751451	1.1170027	-4.7127495	12.979959
0.6037516	1.1240903	-4.6740708	12.971731
0.60842937	1.1186136	-4.6791162	12.959389
0.60219228	1.121513	-4.6194167	12.967616
0.60842937	1.1244124	-4.6059628	12.984073
0.60998863	1.1347216	-4.5899873	13.025212
0.61154795	1.1347216	-4.5883055	13.012872
0.59595525	1.1273119	-4.5933499	13.004643
0.59127748	1.1192579	-4.5639205	12.996415
0.59595525	1.1218352	-4.5067434	13.021099
0.60531086	1.1324666	-4.5109477	13.058125
0.60531086	1.1369768	-4.399116	13.074581
0.61934417	1.1398762	-4.4302268	13.086924
0.62714052	1.1337552	-4.4108877	13.06224
0.62246275	1.1192579	-4.3890257	13.06224
0.62402201	1.1192579	-4.2923293	13.107493
0.62246275	1.1166806	-4.331008	13.095152
0.61934417	1.1224796	-4.3461432	13.086924
0.61934417	1.1315	-4.2780347	13.136292
0.62558126	1.1427758	-4.2763529	13.173318
0.62090349	1.1382655	-4.2418785	13.173318
0.62402201	1.1556623	-4.2612181	13.226799
0.6302591	1.1501855	-4.1989961	13.193887
0.63181835	1.1582396	-4.2099266	13.230914
0.63493687	1.149219	-4.1527495	13.222686
0.63805544	1.1463195	-4.155272	13.284395
0.63493687	1.1498634	-4.1308875	13.272054
0.64429241	1.1427758	-4.1182752	13.28851
0.63493687	1.1395541	-4.1123891	13.292624
0.64585173	1.1463195	-4.0812778	13.333763
0.6396147	1.1347216	-4.0627794	13.296738
0.64585173	1.1514741	-4.0207376	13.362562
0.64741099	1.1498634	-3.9997163	13.362562
0.6505295	1.1608169	-3.9887853	13.424273
0.65364808	1.1527628	-3.9416983	13.39136
0.65208876	1.1627499	-3.9652419	13.407816
0.65208876	1.1540514	-3.9173138	13.420158
0.65364808	1.1459974	-3.8281846	13.424273
0.65832585	1.1463195	-3.9501069	13.469527
0.65676659	1.1653272	-3.8710675	13.518895
0.66300368	1.1534071	-3.8332295	13.461299
0.66456294	1.1585617	-3.7239203	13.531237
0.66300368	1.156951	-3.77353	13.481869
0.6661222	1.1582396	-3.7802567	13.539465
0.66768146	1.1563066	-3.7441006	13.560036
0.67547774	1.1601726	-3.6877642	13.568264
0.67391849	1.1505077	-3.7121484	13.564149
0.67391849	1.1621056	-3.6633797	13.588833
0.68015558	1.1637163	-3.6852417	13.601176
0.67391849	1.161139	-3.555752	13.613517
0.68327409	1.153085	-3.6070433	13.588833
0.67859632	1.1579174	-3.5641606	13.629973
0.68639266	1.1624277	-3.5372536	13.658772
0.68639266	1.1772472	-3.5523887	13.650544
0.68951118	1.1836904	-3.5212777	13.679341
0.69886672	1.1943219	-3.5019383	13.699912
0.69730747	1.1740255	-3.4405568	13.691685
0.69730747	1.1730591	-3.4111273	13.704025
0.70042598	1.1646829	-3.429626	13.695798
0.70354456	1.1804688	-3.4010372	13.720482
0.70822233	1.1801467	-3.3421783	13.724597
0.70666307	1.1795024	-3.3203163	13.749281
0.71290016	1.1753142	-3.3304064	13.753394
0.72069651	1.1737034	-3.2858417	13.757508
0.71445942	1.1746699	-3.2673435	13.773965
0.72069651	1.1698375	-3.2858417	13.802762
0.72537422	1.1704818	-3.2496855	13.806877
0.73005205	1.1869121	-3.1975534	13.852131
0.73005205	1.1801467	-3.1050611	13.835674
0.73317057	1.1814353	-3.1588748	13.876815
0.73317057	1.1791801	-3.1748507	13.868587
0.73472983	1.1949662	-3.1403763	13.905614
0.73472983	1.2046311	-3.1353312	13.913841
0.74096692	1.1959326	-3.0924482	13.913841
0.75188172	1.1853013	-3.0512469	13.905614
0.75188172	1.1766028	-3.0184541	13.909727
0.75344104	1.1862677	-2.9276433	13.959095
0.75811881	1.188845	-3.0092049	13.979666
0.7643559	1.2020538	-2.9940696	14.000236
0.76591516	1.2133294	-2.9713671	14.008463
0.76591516	1.1959326	-2.9478233	13.959095
0.77527076	1.1759585	-2.9209166	13.992007
0.76903373	1.1875564	-2.8965323	14.020806
0.7737115	1.1943219	-2.9444602	14.02492
0.78306705	1.2065641	-2.8654211	14.061946
0.77838933	1.208497	-2.8242197	14.078403
0.79086339	1.2046311	-2.7889042	14.057832
0.79086339	1.1933553	-2.7611566	14.053719
0.79710048	1.208497	-2.7611566	14.090744
0.79865974	1.2023759	-2.7300453	14.103086
0.79710048	1.2055975	-2.7544298	14.086631
0.80645609	1.2091414	-2.6804357	14.1072
0.80957454	1.2133294	-2.6846399	14.111315
0.80957454	1.2101078	-2.6594148	14.119543
0.81737089	1.2110744	-2.6291444	14.131884
0.82516724	1.2049532	-2.5492644	14.111315
0.83296359	1.21043	-2.5803757	14.131884
0.83140433	1.2075305	-2.5786939	14.160683
0.83140433	1.2107521	-2.4887238	14.152455
0.83608204	1.2043089	-2.5248799	14.140112
0.84075987	1.1972213	-2.4946096	14.164796
0.84699696	1.1994765	-2.4559309	14.173024
0.85323405	1.2062418	-2.3281231	14.181252
0.85947108	1.2081748	-2.4248197	14.181252
0.85791183	1.2055975	-2.413048	14.181252
0.86414886	1.2049532	-2.3760509	14.193595
0.86882663	1.2117187	-2.3415763	14.205936
0.87974155	1.2072084	-2.3205554	14.214165
0.87974155	1.214296	-2.3516665	14.234735
0.88441932	1.224283	-2.2936485	14.259419
0.89221561	1.23427	-2.2877626	14.288217
0.89689344	1.218484	-2.2305851	14.247077
0.90313053	1.2159067	-2.2204952	14.279989
0.9078083	1.2213836	-2.2297444	14.312901
0.91092688	1.2207392	-2.1347294	14.292332
0.91872323	1.2213836	-2.1565912	14.30056
0.92963803	1.22235	-2.1532278	14.329357
0.92963803	1.2197727	-2.3466215	14.312901
0.93899363	1.2178397	-2.2179728	14.312901
0.94055289	1.2310483	-2.1145492	14.358156
0.95302701	1.2255716	-2.0573719	14.349928
0.95302701	1.2271825	-2.0514858	14.345813
0.96394187	1.2265382	-1.9917861	14.333472
0.9686197	1.2220279	-1.9783326	14.337585
0.97641593	1.226216	-1.9573116	14.366385
0.98109376	1.2333035	-1.9262005	14.38284
0.98889011	1.2394246	-1.9329271	14.370498
0.99980497	1.2413576	-1.8917258	14.423981
1.0044829	1.2407132	-1.9051794	14.419866
1.0044829	1.2355586	-1.8463204	14.432208
1.0138384	1.2355586	-1.8278219	14.440436
1.0216347	1.2258939	-1.8068008	14.407524
1.0263125	1.2339479	-1.7798938	14.448665
1.0403459	1.2316927	-1.7252392	14.432208
1.0465829	1.2471565	-1.752146	14.473349
1.0512607	1.2400689	-1.7227166	14.44455
1.0637349	1.232337	-1.6924464	14.440436
1.0668534	1.224283	-1.6386323	14.440436
1.0730904	1.2358809	-1.6504042	14.469234
1.0808868	1.2349143	-1.6621759	14.448665
1.0918016	1.2507004	-1.6058395	14.498033
1.0995979	1.2532777	-1.5730467	14.473349
1.1073943	1.2529554	-1.5696833	14.498033
1.1198685	1.2455457	-1.528482	14.502146
1.1214277	1.2535998	-1.4477612	14.518602
1.1385796	1.2432905	-1.4721456	14.530944
1.1494945	1.2345922	-1.4519653	14.506259
1.1541722	1.2307262	-1.4544878	14.518602
1.1635278	1.2349143	-1.4174907	14.522716
1.1713243	1.2307262	-1.4317851	14.518602
1.1806798	1.2358809	-1.3855387	14.551515
1.1900353	1.2378138	-1.3350881	14.526831
1.2025095	1.2297598	-1.3090221	14.530944
1.2087466	1.2371695	-1.3216348	14.5474
1.2181021	1.2407132	-1.3090221	14.543286
1.2336948	1.2355586	-1.2568898	14.535058
1.246169	1.2436128	-1.1231959	14.551515
1.2477282	1.2358809	-1.2148477	14.535058
1.2695578	1.2513447	-1.2039168	14.62968
1.275795	1.2442571	-1.1786914	14.580312
1.2804728	1.253922	-1.1921449	14.609111
1.2913877	1.2564993	-1.1416944	14.617339
1.3023026	1.2545663	-1.1324451	14.600883
1.3100989	1.2516668	-1.1063789	14.604996
1.3241322	1.2442571	-1.0979706	14.600883
1.3381656	1.2439349	-1.0349073	14.633795
1.3506397	1.2507004	-1.0130454	14.658479
1.3631139	1.2548884	-0.98277509	14.646136
1.3755879	1.2507004	-0.98697931	14.633795
1.3849435	1.2523111	-0.95586812	14.65025
1.3989769	1.2490895	-0.93905127	14.65025
1.4130104	1.25811	-0.81965154	14.679049
1.4176883	1.2629426	-0.88439643	14.666707
1.4317216	1.2680972	-0.86421621	14.707848
1.4457549	1.2719631	-0.85833037	14.732532
1.4629068	1.248123	-0.80535728	14.674935
1.4707032	1.2542441	-0.83226424	14.703732
1.481618	1.251989	-0.78938127	14.703732
1.5034478	1.2561771	-0.77424604	14.7531
1.5159218	1.260043	-0.72379553	14.728416
1.5268368	1.2561771	-0.74061239	14.732532
1.5361924	1.2635869	-0.71790963	14.7531
1.5517851	1.2632647	-0.66745907	14.777785
1.5704962	1.2523111	-0.64223373	14.736645
1.575174	1.2394246	-0.60439581	14.732532
1.5985631	1.2426462	-0.59262401	14.757215
1.615715	1.2455457	-0.57496631	14.773671
1.6328669	1.2610096	-0.58085221	14.786013
1.6375446	1.255855	-0.5472185	14.786013
1.6531373	1.2561771	-0.50181299	14.781899
1.66873	1.2597209	-0.46986091	14.82304
1.6812042	1.2606874	-0.474906	14.798356
1.6999153	1.2561771	-0.45304409	14.794241
1.7139487	1.2645533	-0.42193288	14.810697
1.7342192	1.2629426	-0.3908217	14.847724
1.7451341	1.2635869	-0.41436529	14.831268
1.7700822	1.2648755	-0.3580288	14.851837
1.7825564	1.2645533	-0.32691762	14.855952
1.791912	1.2719631	-0.25880933	14.892978
1.8168603	1.2700301	-0.29664728	14.86418
1.8324529	1.265842	-0.28067124	14.868294
1.8433677	1.2584323	-0.21508548	14.851837
1.8651975	1.2629426	-0.2369474	14.897092
1.8807902	1.2738961	-0.21340381	14.909433
1.9010606	1.2861383	-0.18313344	14.917662
1.9197718	1.2809837	-0.15622646	14.90532
1.9353645	1.2784064	-0.12931947	14.930004
1.9603126	1.2767955	-0.10998008	14.921777
1.974346	1.2722852	-0.086436465	14.909433
1.9961759	1.2732518	-0.035145033	14.92589
2.0102093	1.279695	-0.05028021	14.962916
2.0289204	1.2735739	-0.030940816	14.934117
2.0507503	1.2597209	-0.021691538	14.946461
2.0663428	1.2632647	0.0052154465	14.942346
2.0866134	1.2664863	0.0060562897	14.971145
2.0944095	1.2684193	-0.024214068	14.938232
2.0959687	1.2732518	-0.014123949	14.975258
2.091291	1.2813058	-0.018328166	14.96703
2.091291	1.2751848	-0.0015113001	14.995829
2.0959687	1.283561	-0.0082380464	15.012285
2.102206	1.2825944	-0.0048746732	15.004057
2.1053245	1.2893599	0.0068971328	15.016398
2.108443	1.2842053	-0.0023521434	14.995829
2.1115615	1.2726074	0.0060562897	14.979373
2.1053245	1.2758291	0.0052154465	14.999942
2.102206	1.2703522	0.023713998	14.983486
2.0944095	1.279695	-0.014123949	15.036969
2.0881724	1.2751848	-0.0090788892	14.991714
2.0866134	1.2690636	0.010260507	14.999942
2.0772576	1.2709966	-0.0065563596	14.999942
2.0756984	1.2626203	-0.0015113001	14.995829
2.0601058	1.2761512	-0.034304187	15.012285
2.0663428	1.2800171	-0.00067045673	14.9876
2.0585465	1.2848496	-0.0015113001	14.999942
2.044513	1.2793728	0.0052154465	14.979373
2.0476315	1.2767955	-0.0065563596	15.004057
2.0413945	1.2774398	-0.01664648	14.995829
2.038276	1.2716409	0.0026929164	14.991714
2.0289204	1.2790507	-0.0031929866	15.00817
2.0242426	1.283561	-0.014964793	14.991714
2.0195649	1.2970918	-0.030940816	15.00817
2.0195649	1.2867826	-0.012442263	15.004057
2.0117686	1.2767955	-0.0015113001	14.9876
2.0180056	1.2726074	0.030440746	15.004057
2.0055315	1.2703522	0.0052154465	15.004057
2.002413	1.2722852	-0.014964793	14.995829
1.9977351	1.2648755	-0.0099197328	14.979373
1.9977351	1.2738961	-0.0040338296	14.995829
1.9946166	1.2758291	-0.01916901	14.983486
1.9899387	1.2722852	-0.015805636	14.9876
1.9805832	1.2751848	-0.013283106	14.995829
1.9899387	1.2793728	0.0010112298	15.004057
1.9883795	1.2793728	0.028759057	15.004057
1.9883795	1.2784064	-0.0090788892	14.991714
1.9837017	1.2890377	0.027918214	15.00817
1.9790239	1.2848496	0.0026929164	14.979373
1.974346	1.2880713	-0.010760576	14.991714
1.974346	1.2767955	-0.00067045673	14.962916
1.9696683	1.2803394	-0.025054913	14.975258
1.9712275	1.2777621	0.0043746028	14.971145
1.974346	1.2832388	0.007737976	14.991714
1.9649905	1.2735739	0.0060562897	14.971145
1.9649905	1.2787285	-0.0031929866	14.991714
1.9634312	1.2697079	-0.0015113001	14.958802
1.9603126	1.2648755	0.007737976	14.954689
1.9634312	1.2668085	-0.0099197328	14.991714
1.9634312	1.2800171	-0.014123949	14.999942
1.9556348	1.2758291	-0.0031929866	14.991714
1.9571941	1.2719631	-0.0023521434	14.983486
1.9540756	1.2713188	-0.014123949	14.96703
1.9525163	1.2771177	0.022032311	15.012285
1.9509572	1.2877491	-0.027577441	15.012285
1.9493979	1.279695	0.016987253	14.971145
1.9416015	1.2874269	-0.015805636	14.995829
1.9509572	1.2861383	0.018668938	14.9876
1.9462794	1.2738961	0.0035337596	15.00817
1.9431609	1.2790507	-0.014123949	14.999942
1.9462794	1.285494	0.01110135	14.999942
1.938483	1.2822723	0.0052154465	15.004057
1.9431609	1.2726074	0.022873154	14.979373
1.938483	1.2674528	-0.024214068	14.999942
1.9447201	1.2822723	-0.024214068	15.028741
1.9338052	1.2758291	-0.01916901	14.995829
1.9369237	1.2793728	0.012783037	15.032854
1.938483	1.2912929	-0.013283106	15.020513
1.9338052	1.2867826	-0.0090788892	14.995829
1.9338052	1.2825944	-0.025054913	14.999942
1.9306867	1.2771177	-0.0082380464	14.983486
1.932246	1.2803394	0.0094196629	15.004057
1.9306867	1.2838831	-0.0015113001	15.004057
1.9306867	1.2735739	-0.0082380464	14.999942
1.9306867	1.2790507	0.007737976	15.016398
1.9306867	1.2890377	0.011942193	15.012285
1.9275682	1.2874269	-0.027577441	15.00817
1.9244496	1.2829167	-0.017487323	14.995829
1.9260088	1.283561	0.0010112298	15.012285
1.9260088	1.2700301	-0.00067045673	15.00817
1.9182125	1.2713188	0.0010112298	14.995829
1.9306867	1.2719631	-0.0073972028	15.00817
1.9244496	1.2674528	-0.022532383	14.999942
1.9182125	1.263909	0.012783037	14.9876
1.9260088	1.2829167	-0.015805636	15.020513
1.9197718	1.2806615	-0.0073972028	15.012285
1.9166533	1.283561	-0.0099197328	15.016398
1.9228903	1.2848496	0.023713998	15.00817
1.9182125	1.2761512	0.0052154465	14.983486
1.915094	1.2845274	-0.0082380464	14.999942
1.9182125	1.2787285	-0.0040338296	14.999942
1.9135348	1.2716409	-0.014123949	14.962916
1.915094	1.2680972	-0.00067045673	14.979373
1.9088569	1.2651976	-0.020850696	14.971145
1.9104161	1.2661642	-0.021691538	15.00817
1.9088569	1.2729295	-0.01664648	15.004057
1.9072976	1.2735739	-0.025895756	15.024626
1.9088569	1.2729295	-0.01664648	14.999942
1.9041791	1.2697079	-0.0048746732	15.016398
1.9104161	1.260043	-0.014123949	14.971145
1.9057384	1.2677749	-0.025054913	14.991714
1.9088569	1.2690636	0.01110135	14.9876
1.9041791	1.2832388	-0.01160142	15.049311
1.9010606	1.2790507	0.0060562897	14.995829
1.9057384	1.2825944	0.0001703865	14.999942
1.8995013	1.2761512	-0.0023521434	14.954689
1.8995013	1.2726074	-0.0057155164	14.991714
1.8963828	1.2787285	-0.030940816	14.979373
1.9010606	1.2690636	0.0068971328	14.975258
1.9104161	1.2684193	0.012783037	14.9876
1.8979421	1.2706745	-0.0073972028	15.032854
1.8948234	1.2784064	-0.034304187	15.004057
1.9010606	1.281628	-0.0023521434	15.004057
1.8963828	1.2722852	-0.012442263	14.9876
1.8948234	1.2713188	-0.015805636	15.004057
1.8963828	1.2584323	-0.0023521434	14.975258
1.8963828	1.2764734	-0.018328166	14.999942
1.8963828	1.2684193	0.0085788192	14.971145
1.8979421	1.2780842	0.0052154465	15.024626
1.8963828	1.2774398	-0.020009853	14.983486
1.8932642	1.2674528	-0.00067045673	14.971145
1.8963828	1.2735739	-0.021691538	14.975258
1.8948234	1.2742182	0.027077371	14.983486
1.8901457	1.2674528	0.0085788192	14.962916
1.8963828	1.2719631	0.014464723	14.975258
1.8885864	1.283561	-0.01664648	14.999942
1.8885864	1.2858161	-0.023373226	15.028741
1.8948234	1.2848496	-0.025895756	15.012285
1.8901457	1.2690636	-0.037667561	14.983486
1.8885864	1.2684193	-0.0099197328	14.9876
1.8823495	1.2690636	0.0085788192	14.991714
1.8901457	1.2648755	-0.01916901	14.975258
1.8870271	1.263909	0.026236527	14.983486
1.8870271	1.2613317	-0.036826719	14.991714
1.8839087	1.2613317	0.0018520731	14.995829
1.8901457	1.2790507	-0.024214068	15.00817
1.8839087	1.2780842	-0.010760576	14.995829
1.8870271	1.283561	0.0018520731	14.983486
1.8885864	1.2887156	0.011942193	15.004057
1.8885864	1.2893599	-0.0015113001	14.983486
1.8885864	1.2809837	-0.014964793	14.975258
1.8807902	1.2780842	-0.0057155164	14.991714
1.8854679	1.2787285	0.011942193	14.999942
1.8885864	1.2774398	-0.028418286	14.983486
1.879231	1.281628	0.0018520731	15.020513
1.8854679	1.2838831	0.0043746028	15.00817
1.8870271	1.285494	-0.022532383	15.00817
1.8870271	1.2871047	-0.0015113001	15.016398
1.8870271	1.2809837	0.0052154465	14.995829
1.8823495	1.2703522	-0.0082380464	14.9876
1.8854679	1.2764734	0.0094196629	15.012285
1.8807902	1.2751848	0.0043746028	14.995829
1.8807902	1.2819501	-0.010760576	14.995829
1.8823495	1.2777621	-0.0015113001	14.995829
1.8729938	1.2767955	0.0010112298	14.999942
1.8839087	1.2787285	0.007737976	14.995829
1.8776717	1.2738961	0.0026929164	14.983486
1.8807902	1.2738961	-0.0048746732	14.995829
1.8776717	1.2706745	0.0068971328	14.96703
1.8761123	1.2787285	0.0001703865	14.991714
1.8745531	1.2803394	-0.0090788892	14.999942
1.8807902	1.2713188	-0.014964793	14.995829
1.879231	1.2674528	-0.0031929866	14.999942
1.8745531	1.2693858	0.0010112298	14.995829
1.8745531	1.2732518	-0.020850696	15.012285
1.8714346	1.2719631	-0.023373226	14.991714
1.8761123	1.265842	0.0035337596	14.971145
1.8698753	1.2719631	0.0094196629	14.971145
1.8761123	1.263909	-0.035145033	14.975258
1.8729938	1.2726074	-0.01664648	14.995829
1.8745531	1.2648755	0.0026929164	14.962916
1.8761123	1.2706745	0.0085788192	14.979373
1.8714346	1.2697079	-0.01916901	14.983486
1.8683161	1.2813058	0.0060562897	14.983486
1.8667568	1.2806615	-0.022532383	14.979373
1.8651975	1.285494	-0.0073972028	15.00817
1.8761123	1.2874269	-0.0057155164	14.991714
1.8698753	1.279695	0.011942193	14.979373
1.8683161	1.2677749	-0.017487323	14.983486
1.8667568	1.2761512	-0.0082380464	15.004057
1.8698753	1.2787285	-0.0040338296	14.995829
1.8683161	1.281628	-0.0065563596	14.979373
1.862079	1.2767955	-0.018328166	14.971145
1.8651975	1.2771177	-0.0040338296	14.999942
1.8651975	1.2738961	-0.01160142	14.96703
1.8683161	1.2693858	0.01110135	14.958802
1.862079	1.2738961	-0.0099197328	14.9876
1.8636383	1.2748625	-0.0048746732	14.9876
1.8636383	1.2842053	-0.014964793	14.991714
1.8636383	1.2861383	-0.018328166	14.975258
1.8636383	1.2883934	-0.01916901	14.983486
1.8683161	1.2790507	-0.00067045673	14.991714
1.8605196	1.2838831	-0.014123949	14.983486
1.862079	1.2842053	0.011942193	14.999942
1.8605196	1.2867826	-0.039349247	14.9876
1.8636383	1.2790507	-0.0099197328	14.983486
1.8667568	1.2813058	0.010260507	14.995829
1.8636383	1.2800171	0.014464723	14.991714
1.862079	1.2761512	-0.01664648	14.971145
1.8605196	1.2706745	0.014464723	14.999942
1.8605196	1.2622982	0.012783037	14.934117
1.8574011	1.2629426	-0.0073972028	14.962916
1.8589604	1.2648755	-0.00067045673	14.983486
1.8574011	1.2574657	-0.029259128	14.975258
1.8589604	1.2664863	-0.015805636	14.9876
1.8558419	1.2742182	-0.030099971	14.971145
1.8542826	1.2713188	-0.014964793	14.962916
1.8496048	1.2664863	-0.0040338296	14.991714
1.8636383	1.2703522	0.022873154	14.979373
1.8636383	1.2764734	-0.00067045673	14.975258
1.8589604	1.2742182	-0.0023521434	14.983486
1.8527234	1.2777621	-0.018328166	14.9876
1.8574011	1.2738961	-0.027577441	14.971145
1.8511641	1.2677749	-0.024214068	14.983486
1.8589604	1.2677749	0.014464723	14.975258
1.8542826	1.261976	-0.013283106	14.983486
1.8574011	1.2755069	-0.01664648	14.995829
1.8558419	1.2777621	-0.030940816	15.004057
1.8574011	1.2719631	0.0043746028	14.999942
1.8542826	1.2700301	0.014464723	15.041082
1.8527234	1.2780842	-0.01916901	14.999942
1.8542826	1.2945145	0.0026929164	15.020513
1.8558419	1.2945145	-0.0031929866	14.995829
1.8558419	1.2738961	0.010260507	14.995829
1.8480456	1.2713188	-0.0065563596	14.9876
1.8558419	1.2745404	-0.01160142	14.999942
1.8480456	1.2751848	-0.014123949	14.991714
1.8527234	1.2813058	0.0094196629	15.045197
1.8480456	1.2729295	-0.033463344	14.983486
1.8511641	1.265842	-0.025895756	14.995829
1.8496048	1.2703522	-0.010760576	14.983486
1.8496048	1.2584323	-0.0048746732	14.9876
1.8511641	1.2713188	-0.026736598	15.012285
1.8511641	1.2758291	-0.0023521434	14.999942
1.8527234	1.2842053	-0.0090788892	15.004057
1.8496048	1.2825944	-0.01160142	15.020513
1.844927	1.2755069	0.0026929164	14.999942
1.8527234	1.2690636	-0.015805636	14.983486
1.8511641	1.2729295	0.037167493	14.979373
1.8511641	1.2745404	-0.0031929866	14.9876
1.8542826	1.2806615	-0.01160142	15.004057
1.8527234	1.2851717	-0.025895756	14.999942
1.8464863	1.2832388	-0.027577441	14.946461
1.8464863	1.2784064	-0.0031929866	14.999942
1.8464863	1.2577879	-0.0015113001	14.954689
1.8464863	1.2648755	-0.01160142	14.979373
1.844927	1.2642312	0.012783037	14.96703
1.8480456	1.2690636	-0.018328166	14.9876
1.8496048	1.2690636	-0.030099971	14.9876
1.8464863	1.2642312	-0.024214068	14.96703
1.8480456	1.263909	0.012783037	14.9876
1.8496048	1.2709966	-0.036826719	14.999942
1.8433677	1.2677749	0.0043746028	14.96703
1.8418084	1.2716409	-0.036826719	14.979373
1.8402492	1.2771177	-0.0057155164	14.975258
1.8480456	1.2706745	-0.024214068	14.962916
1.8386899	1.2774398	-0.0015113001	14.979373
1.8480456	1.2787285	0.010260507	14.971145
1.8433677	1.2832388	-0.014964793	14.995829
1.8402492	1.2912929	-0.01160142	15.004057
1.844927	1.2851717	-0.014123949	14.979373
1.844927	1.2738961	0.0052154465	14.962916
1.8418084	1.2735739	0.0094196629	14.9876
1.8371307	1.2700301	-0.017487323	14.983486
1.8402492	1.2819501	-0.029259128	15.004057
1.844927	1.2848496	0.0035337596	14.999942
1.8418084	1.2764734	-0.0073972028	14.979373
1.8402492	1.2642312	0.01110135	14.971145
1.844927	1.2767955	-0.014964793	14.995829
1.8386899	1.281628	-0.026736598	14.983486
1.844927	1.2848496	-0.013283106	14.991714
1.8371307	1.2880713	-0.00067045673	15.004057
1.8402492	1.2842053	0.0018520731	14.9876
1.8433677	1.2751848	0.022032311	14.958802
1.8340122	1.2819501	-0.017487323	14.971145
1.8402492	1.2761512	0.012783037	14.958802
1.8418084	1.2780842	-0.0031929866	14.971145
1.8402492	1.2784064	0.0010112298	14.983486
1.8386899	1.2825944	-0.014123949	14.9876
1.8386899	1.2900043	-0.030099971	15.024626
1.8386899	1.2767955	0.01110135	14.96703
1.844927	1.2719631	0.0035337596	14.9876
1.8402492	1.2777621	-0.023373226	14.995829
1.8355714	1.2774398	-0.023373226	14.971145
1.8371307	1.2800171	-0.0082380464	14.979373
1.827775	1.2774398	-0.024214068	14.979373
1.8402492	1.2787285	0.0018520731	14.979373
1.8433677	1.2738961	-0.01664648	14.983486
1.8371307	1.2690636	0.0001703865	14.946461
1.8386899	1.2751848	-0.0048746732	14.983486
1.8324529	1.2867826	0.0052154465	14.991714
1.8371307	1.2771177	-0.00067045673	14.96703
1.8340122	1.2751848	-0.023373226	14.971145
1.8324529	1.2842053	-0.01160142	14.975258
1.8402492	1.2871047	-0.021691538	14.999942
1.8340122	1.2713188	-0.0015113001	14.9876
1.8371307	1.2700301	-0.0057155164	14.975258
1.8308936	1.2664863	0.033804119	14.96703
1.8371307	1.2729295	-0.017487323	14.983486
1.8308936	1.2661642	-0.014123949	14.96703
1.8308936	1.2842053	-0.0099197328	15.036969
1.8324529	1.2819501	-0.018328166	14.975258
1.8308936	1.2819501	-0.0073972028	14.983486
1.8355714	1.2832388	0.013623879	14.983486
1.8355714	1.2829167	-0.0057155164	14.9876
1.8308936	1.279695	-0.0065563596	14.971145
1.8340122	1.2883934	-0.035985876	14.971145
1.8308936	1.2806615	-0.024214068	14.954689
1.8293343	1.2945145	-0.020009853	14.999942
1.8371307	1.291615	-0.0015113001	14.995829
1.827775	1.2800171	-0.018328166	14.9876
1.8293343	1.2900043	-0.0015113001	15.016398
1.8355714	1.279695	-0.00067045673	14.991714
1.8308936	1.2700301	-0.0065563596	14.971145
1.8293343	1.2664863	0.015305566	14.983486
1.8355714	1.2732518	0.0043746028	14.9876
1.8308936	1.2780842	-0.0015113001	15.012285
1.8293343	1.2829167	0.013623879	14.962916
1.8308936	1.2764734	-0.0048746732	14.975258
1.8262157	1.2787285	-0.0082380464	14.995829
1.8324529	1.2871047	0.013623879	15.028741
1.827775	1.2874269	0.010260507	14.971145
1.827775	1.2771177	0.0001703865	14.979373
1.8308936	1.2745404	0.0085788192	14.934117
1.8293343	1.2735739	0.012783037	14.9876
1.8246565	1.2832388	-0.020850696	14.991714
1.8246565	1.281628	-0.0073972028	14.991714
1.827775	1.2848496	0.007737976	15.016398
1.8246565	1.2903264	0.0052154465	15.028741
1.8230972	1.2867826	-0.030940816	15.00817
1.827775	1.2716409	-0.027577441	14.96703
1.8262157	1.2603652	0.019509783	14.96703
1.8262157	1.2713188	-0.014964793	14.995829
1.8308936	1.2680972	-0.012442263	14.979373
1.8262157	1.2690636	-0.01160142	14.979373
1.827775	1.2668085	0.0052154465	14.962916
1.8308936	1.2629426	-0.0099197328	14.999942
1.8262157	1.2703522	-0.0090788892	14.971145
1.8246565	1.261976	0.030440746	14.950574
1.821538	1.2764734	-0.013283106	14.979373
1.821538	1.2784064	0.0010112298	14.9876
1.8293343	1.2813058	-0.0057155164	14.9876
1.8246565	1.2832388	-0.0073972028	14.979373
1.8199787	1.2726074	-0.027577441	14.971145
1.8262157	1.2848496	-0.026736598	15.045197
1.827775	1.285494	-0.0015113001	15.004057
1.821538	1.2845274	0.0018520731	14.995829
1.8199787	1.2803394	0.0052154465	14.975258
1.8230972	1.2677749	0.014464723	14.979373
1.8246565	1.2687415	0.0035337596	14.979373
1.8246565	1.2713188	-0.0015113001	14.975258
1.821538	1.2722852	-0.017487323	14.96703
1.8262157	1.2787285	-0.025054913	14.999942
1.8199787	1.279695	-0.023373226	14.971145
1.8230972	1.2764734	-0.017487323	14.971145
1.8230972	1.2790507	-0.026736598	14.96703
1.8230972	1.2861383	0.0094196629	14.999942
1.8262157	1.281628	-0.012442263	14.975258
1.8184195	1.2861383	-0.01160142	14.979373
1.8184195	1.2777621	-0.01664648	14.950574
1.8246565	1.2677749	-0.017487323	15.004057
1.8168603	1.2722852	-0.010760576	14.991714
1.8230972	1.2774398	-0.0015113001	15.00817
1.8199787	1.2706745	-0.00067045673	14.995829
1.8262157	1.2793728	-0.021691538	15.012285
1.8199787	1.2745404	0.0052154465	14.962916
1.8199787	1.2726074	-0.0099197328	14.96703
1.8199787	1.2800171	0.0085788192	14.991714
1.8230972	1.2648755	-0.0023521434	14.9876
1.8168603	1.2700301	0.018668938	14.975258
1.8199787	1.2664863	0.0043746028	14.954689
1.8153011	1.2703522	-0.0099197328	14.983486
1.8230972	1.2806615	0.0060562897	14.999942
1.8230972	1.2967696	-0.01160142	15.00817
1.8153011	1.2867826	-0.014123949	14.962916
1.8153011	1.2809837	0.0010112298	14.983486
1.8153011	1.2780842	-0.010760576	14.9876
1.8184195	1.2716409	0.018668938	14.96703
1.8153011	1.2706745	-0.0015113001	14.991714
1.8230972	1.2735739	0.013623879	14.995829
1.8246565	1.2726074	-0.0073972028	14.991714
1.8199787	1.2693858	-0.0040338296	14.975258
1.8199787	1.2732518	-0.01916901	14.962916
1.8137418	1.2645533	0.007737976	14.975258
1.8230972	1.2745404	-0.01916901	14.979373
1.8168603	1.2726074	0.0052154465	14.954689
1.8137418	1.2787285	-0.023373226	14.983486
1.8153011	1.2738961	0.0068971328	14.975258
1.8199787	1.2690636	-0.0015113001	14.995829
1.8153011	1.2690636	-0.024214068	14.979373
1.8199787	1.2748625	0.0052154465	14.979373
1.8184195	1.2813058	-0.015805636	14.995829
1.8137418	1.2829167	0.01614641	14.983486
1.8246565	1.2722852	-0.018328166	14.979373
1.8184195	1.2848496	-0.034304187	15.00817
1.8153011	1.2838831	-0.013283106	14.995829
1.827775	1.2822723	0.0001703865	14.995829
1.8199787	1.285494	-0.0057155164	14.983486
1.8153011	1.2703522	-0.0065563596	14.962916
1.8137418	1.2674528	-0.029259128	14.971145
1.8137418	1.2568214	0.022032311	14.938232
1.8168603	1.2664863	-0.018328166	14.975258
1.8137418	1.2684193	-0.010760576	14.995829
1.8199787	1.2729295	-0.010760576	14.991714
1.8153011	1.2761512	-0.015805636	14.991714
1.8137418	1.2890377	0.0026929164	14.999942
1.8137418	1.2912929	-0.027577441	14.991714
1.8137418	1.2919372	-0.0082380464	14.971145
1.8184195	1.2900043	0.0068971328	14.983486
1.8199787	1.2709966	0.022873154	14.96703
1.8137418	1.2732518	-0.012442263	14.979373
1.8168603	1.2784064	-0.01664648	15.004057
1.8090639	1.2751848	-0.012442263	14.979373
1.8168603	1.2771177	-0.0073972028	14.962916
1.8137418	1.2748625	0.015305566	14.975258
1.8168603	1.2838831	-0.020009853	14.995829
1.8121825	1.2780842	-0.017487323	14.954689
1.8106232	1.2703522	0.010260507	14.995829
1.8137418	1.2674528	-0.014964793	14.971145
1.8121825	1.2713188	-0.01916901	15.004057
1.8137418	1.261976	0.0010112298	14.96703
1.8137418	1.2738961	-0.0031929866	14.991714
1.8059454	1.2822723	-0.013283106	14.991714
1.8090639	1.2848496	-0.023373226	14.9876
1.8121825	1.2887156	-0.018328166	14.971145
1.8075047	1.2832388	0.011942193	15.004057
1.8153011	1.2806615	0.011942193	14.971145
1.8153011	1.2800171	-0.025054913	14.983486
1.8090639	1.2819501	0.0035337596	14.995829
1.8059454	1.2813058	-0.01664648	14.991714
1.8137418	1.279695	-0.025054913	14.991714
1.8075047	1.2680972	-0.014123949	14.962916
1.8059454	1.2751848	-0.021691538	14.999942
1.8121825	1.2771177	-0.0040338296	15.012285
1.8137418	1.2719631	-0.0090788892	14.975258
1.8059454	1.2677749	-0.0040338296	14.958802
1.8090639	1.2703522	-0.027577441	14.96703
1.8121825	1.2738961	-0.035145033	15.012285
1.8121825	1.2719631	-0.0073972028	14.983486
1.8075047	1.2684193	-0.024214068	14.96703
1.8137418	1.2732518	0.012783037	14.979373
1.8121825	1.2761512	-0.021691538	15.012285
1.8090639	1.2780842	0.010260507	14.971145
1.8028269	1.2803394	-0.0057155164	14.979373
1.8075047	1.2883934	-0.0090788892	14.995829
1.8137418	1.2755069	-0.0015113001	15.004057
1.8137418	1.2703522	-0.0057155164	14.975258
1.8059454	1.2651976	0.0026929164	14.958802
1.8106232	1.2690636	-0.0090788892	14.9876
1.8137418	1.265842	-0.023373226	14.983486
1.8090639	1.2632647	0.011942193	14.96703
1.8059454	1.2709966	-0.0090788892	14.971145
1.8137418	1.2651976	-0.0065563596	14.975258
1.8153011	1.2564993	0.0085788192	14.995829
1.8059454	1.2713188	0.016987253	14.995829
1.8153011	1.2793728	-0.0040338296	14.983486
1.8090639	1.2861383	-0.022532383	14.995829
1.8090639	1.2755069	-0.0073972028	14.983486
1.8028269	1.2693858	-0.017487323	14.958802
1.8043861	1.2726074	-0.01916901	14.975258
1.8075047	1.2700301	-0.018328166	14.975258
1.8090639	1.2697079	0.0026929164	14.995829
1.8090639	1.2629426	0.043053396	14.950574
1.8043861	1.2713188	-0.013283106	14.9876
1.8059454	1.2729295	-0.01664648	14.983486
1.8012676	1.2832388	-0.025895756	14.995829
1.8121825	1.2745404	-0.0073972028	14.96703
1.8028269	1.261976	0.0001703865	14.958802
1.8106232	1.2593987	0.0018520731	14.971145
1.8075047	1.2661642	-0.01916901	15.020513
1.8106232	1.2706745	-0.014964793	14.975258
1.8059454	1.2758291	-0.00067045673	14.971145
1.8059454	1.2774398	-0.037667561	14.979373
1.8012676	1.2871047	-0.023373226	14.9876
1.8043861	1.2883934	-0.018328166	14.983486
1.8028269	1.2893599	-0.0065563596	14.96703
1.8059454	1.2996691	-0.0031929866	14.983486
1.8059454	1.2893599	0.014464723	14.995829
1.8059454	1.2751848	0.0043746028	14.979373
1.8043861	1.2729295	0.013623879	14.999942
1.8028269	1.2793728	0.010260507	14.995829
1.8012676	1.2726074	-0.0099197328	14.9876
1.8012676	1.2777621	0.011942193	14.96703
1.8043861	1.2687415	-0.00067045673	14.979373
1.8059454	1.2771177	-0.012442263	14.9876
1.8028269	1.2838831	-0.015805636	15.020513
1.7981491	1.2793728	-0.0040338296	14.9876
1.7997084	1.2787285	-0.014964793	14.979373
1.8059454	1.265842	0.0085788192	14.962916
1.7997084	1.2793728	-0.0057155164	14.995829
1.8028269	1.2790507	-0.0057155164	14.971145
1.8028269	1.2813058	-0.01916901	14.983486
1.7997084	1.281628	-0.00067045673	14.975258
1.7997084	1.2848496	-0.01916901	14.999942
1.8059454	1.2858161	-0.01916901	14.995829
1.8012676	1.2829167	-0.014964793	14.991714
1.8028269	1.2777621	0.014464723	14.979373
1.8012676	1.2729295	0.0018520731	14.962916
1.8028269	1.2648755	-0.018328166	14.96703
1.7997084	1.2642312	0.0060562897	14.975258
1.8043861	1.2587544	0.021191468	14.950574
1.8012676	1.261976	0.007737976	14.971145
1.7981491	1.2632647	-0.01664648	14.983486
1.8028269	1.2709966	0.017828096	14.975258
1.8012676	1.2790507	-0.021691538	14.983486
1.8028269	1.2851717	-0.020009853	14.9876
1.8012676	1.2761512	-0.0073972028	14.958802
1.8012676	1.2729295	0.017828096	14.950574
1.7950305	1.2709966	-0.0065563596	14.950574
1.8012676	1.2906486	-0.020850696	15.012285
1.7997084	1.2777621	-0.0082380464	14.983486
1.8028269	1.2809837	0.010260507	15.00817
1.7997084	1.2787285	-0.014123949	14.983486
1.7981491	1.2693858	-0.018328166	14.999942
1.7950305	1.2793728	-0.0082380464	14.983486
1.7950305	1.2713188	0.0001703865	14.971145
1.791912	1.2661642	-0.0065563596	14.971145
1.7965899	1.2780842	0.023713998	14.979373
1.7950305	1.281628	-0.010760576	14.9876
1.7981491	1.2832388	-0.017487323	14.979373
1.7997084	1.2803394	-0.0090788892	14.9876
1.8012676	1.2803394	0.021191468	14.962916
1.7965899	1.2780842	-0.013283106	14.954689
1.7981491	1.2838831	-0.020009853	14.979373
1.8028269	1.2800171	-0.01916901	14.96703
1.8012676	1.2729295	-0.025895756	14.971145
1.7981491	1.2809837	-0.015805636	14.995829
1.8012676	1.2858161	-0.015805636	15.004057
1.7934712	1.2771177	-0.024214068	14.991714
1.8028269	1.2767955	0.020350626	15.012285
1.7981491	1.2613317	0.0052154465	14.962916
1.7981491	1.2616539	-0.0065563596	14.979373
1.7997084	1.255855	0.0001703865	14.958802
1.7965899	1.2561771	-0.01664648	14.954689
1.7965899	1.2664863	-0.012442263	14.958802
1.7997084	1.2709966	-0.020850696	14.979373
1.7950305	1.2687415	-0.021691538	14.979373
1.7965899	1.2693858	0.0052154465	14.975258
1.7981491	1.2732518	0.0085788192	14.995829
1.7981491	1.2822723	-0.014964793	14.962916
1.7997084	1.2748625	-0.0073972028	14.971145
1.7934712	1.2832388	-0.0073972028	14.971145
1.7981491	1.285494	0.0043746028	15.004057
1.7981491	1.2790507	-0.021691538	14.979373
1.7981491	1.2838831	-0.0048746732	15.016398
1.7981491	1.2738961	-0.014123949	14.983486
1.7997084	1.2755069	-0.0082380464	15.012285
1.791912	1.2777621	-0.0040338296	14.9876
1.7965899	1.2626203	0.0018520731	14.975258
1.7965899	1.2693858	0.0085788192	14.979373
1.7997084	1.2664863	0.014464723	14.979373
1.7934712	1.2771177	-0.0073972028	14.975258
1.7965899	1.2713188	-0.010760576	14.975258
1.7965899	1.2700301	-0.0048746732	14.979373
1.7965899	1.261976	-0.018328166	14.9876
1.8028269	1.2784064	0.015305566	15.004057
1.7997084	1.2764734	-0.010760576	14.999942
1.7965899	1.2877491	0.012783037	14.991714
1.7950305	1.2774398	-0.012442263	14.975258
1.7950305	1.2864604	-0.022532383	14.995829
1.7950305	1.2806615	-0.010760576	14.991714
1.7997084	1.2851717	0.018668938	15.00817
1.7903527	1.2909707	-0.020009853	15.028741
1.7934712	1.285494	0.007737976	14.991714
1.791912	1.2790507	0.0018520731	14.971145
1.7950305	1.265842	0.017828096	14.962916
1.8028269	1.2661642	-0.0031929866	14.991714
1.7965899	1.2597209	-0.015805636	14.96703
1.7950305	1.2574657	0.014464723	14.962916
1.7950305	1.2664863	0.0001703865	14.958802
1.7903527	1.2764734	0.0026929164	15.012285
1.7950305	1.2867826	-0.025054913	15.016398
1.7934712	1.2880713	-0.020850696	14.979373
1.7997084	1.2832388	0.0018520731	14.983486
1.7997084	1.2693858	0.016987253	14.962916
1.7934712	1.2758291	-0.035145033	14.979373
1.7887934	1.2703522	-0.0015113001	14.962916
1.7934712	1.2800171	-0.012442263	15.004057
1.7903527	1.2735739	-0.025895756	15.012285
1.791912	1.265842	-0.01160142	14.96703
1.791912	1.2671306	0.012783037	14.979373
1.7965899	1.2693858	-0.021691538	14.983486
1.7856749	1.2668085	-0.0057155164	14.962916
1.7934712	1.2693858	-0.026736598	14.954689
1.7950305	1.2755069	-0.027577441	14.96703
1.7903527	1.2777621	-0.014964793	14.954689
1.7934712	1.291615	-0.0099197328	15.024626
1.7872342	1.2880713	-0.0023521434	14.999942
1.7950305	1.2941923	-0.0099197328	15.016398
1.7934712	1.2951589	-0.0057155164	14.991714
1.7934712	1.2874269	0.0035337596	14.971145
1.791912	1.2761512	0.023713998	14.96703
1.7934712	1.2680972	0.014464723	14.979373
1.7934712	1.2693858	-0.0023521434	14.962916
1.7872342	1.2832388	-0.030099971	15.024626
1.7872342	1.2751848	-0.0048746732	14.9876
1.7903527	1.2719631	-0.01664648	14.979373
1.7950305	1.2597209	0.023713998	14.96703
1.791912	1.2671306	0.0043746028	14.983486
1.791912	1.2767955	-0.01664648	14.9876
1.7887934	1.2803394	-0.00067045673	14.979373
1.791912	1.2864604	0.027918214	14.999942
1.791912	1.285494	0.0035337596	15.024626
1.7903527	1.285494	0.007737976	14.979373
1.7903527	1.2903264	-0.020009853	14.991714
1.7841157	1.2909707	0.0010112298	14.962916
1.7903527	1.2832388	0.025395684	14.96703
1.7887934	1.2719631	-0.0065563596	14.96703
1.7887934	1.279695	-0.0031929866	14.995829
1.7841157	1.279695	-0.0015113001	14.983486
1.791912	1.2813058	-0.0031929866	15.00817
1.7887934	1.2726074	-0.01916901	14.971145
1.7950305	1.2732518	-0.05532527	14.991714
1.7872342	1.2803394	-0.014123949	14.979373
1.7934712	1.2764734	0.017828096	14.983486
1.7934712	1.2729295	-0.021691538	14.971145
1.7872342	1.2709966	0.0094196629	14.9876
1.7887934	1.2606874	-0.0065563596	14.96703
1.7887934	1.2738961	-0.012442263	15.00817
1.7872342	1.2693858	-0.013283106	14.9876
1.7887934	1.2716409	-0.0023521434	14.983486
1.7841157	1.2764734	0.01110135	14.979373
1.7872342	1.2745404	-0.035985876	14.995829
1.791912	1.2925816	0.0026929164	15.020513
1.7950305	1.2832388	0.012783037	14.971145
1.7903527	1.283561	0.0060562897	14.971145
1.7903527	1.2825944	-0.0040338296	14.979373
1.7841157	1.2848496	-0.01916901	14.983486
1.7872342	1.2871047	0.0060562897	14.9876
1.791912	1.283561	-0.01664648	14.995829
1.7841157	1.2742182	-0.0040338296	14.971145
1.7887934	1.2700301	-0.0015113001	14.962916
1.791912	1.2748625	-0.0090788892	15.004057
1.7872342	1.2803394	0.0010112298	14.983486
1.7841157	1.2668085	0.022873154	14.983486
1.7872342	1.2813058	-0.0065563596	15.004057
1.7841157	1.2735739	0.023713998	14.96703
1.7856749	1.2803394	0.0068971328	15.004057
1.7856749	1.2784064	0.012783037	14.983486
1.7903527	1.2761512	0.014464723	14.96703
1.7841157	1.2787285	0.017828096	14.983486
1.7903527	1.2793728	0.025395684	14.958802
1.7887934	1.2661642	-0.038508404	14.946461
1.7887934	1.2793728	0.0085788192	14.9876
1.7841157	1.2748625	-0.020850696	14.971145
1.7887934	1.2687415	-0.00067045673	14.971145
1.7809972	1.2719631	-0.0065563596	14.975258
1.7856749	1.2703522	-0.0099197328	14.999942
1.7872342	1.2755069	-0.028418286	14.995829
1.7856749	1.2668085	0.0052154465	14.983486
1.7794378	1.2603652	-0.0040338296	14.946461
1.7872342	1.2745404	-0.0048746732	14.991714
1.7809972	1.2803394	-0.0099197328	14.999942
1.7841157	1.2932259	0.0085788192	15.028741
1.7872342	1.2903264	-0.0023521434	14.9876
1.7809972	1.2813058	0.022873154	14.999942
1.7825564	1.2874269	-0.01916901	14.991714
1.7856749	1.2751848	-0.013283106	14.958802
1.7825564	1.2858161	0.015305566	14.979373
1.7872342	1.2745404	0.021191468	14.96703
1.7841157	1.2758291	-0.0065563596	14.971145
1.7841157	1.2819501	-0.012442263	14.991714
1.7872342	1.279695	0.0018520731	15.004057
1.7856749	1.2742182	0.01614641	14.999942
1.7856749	1.2690636	-0.010760576	14.971145
1.7825564	1.2758291	0.0052154465	14.999942
1.7825564	1.2751848	-0.021691538	14.971145
1.7825564	1.2858161	-0.0057155164	15.020513
1.7778785	1.2851717	-0.0099197328	14.979373
1.7841157	1.2848496	-0.020009853	14.991714
1.7887934	1.281628	-0.010760576	14.983486
1.7841157	1.2845274	0.0001703865	14.995829
1.7809972	1.2809837	-0.0048746732	14.96703
1.7841157	1.2929037	0.01110135	14.995829
1.7825564	1.2758291	0.0018520731	14.938232
1.7856749	1.2755069	-0.013283106	14.962916
1.7872342	1.2729295	-0.012442263	14.942346
1.7872342	1.2726074	-0.020850696	14.975258
1.7872342	1.2832388	-0.014964793	15.00817
1.7794378	1.2726074	-0.0073972028	15.012285
1.7809972	1.2735739	-0.035985876	14.983486
1.7841157	1.2729295	0.01110135	14.9876
1.7841157	1.2719631	0.0010112298	14.96703
1.7903527	1.2642312	0.0085788192	14.975258
1.7856749	1.261976	0.010260507	14.96703
1.7825564	1.2613317	0.026236527	14.96703
1.7872342	1.2761512	-0.027577441	14.975258
1.7763193	1.2777621	0.0094196629	14.999942
1.7872342	1.2767955	0.0085788192	14.971145
1.7887934	1.2861383	-0.00067045673	14.983486
1.7763193	1.2842053	-0.01160142	14.96703
1.7794378	1.2758291	-0.014123949	14.958802
1.7809972	1.2732518	-0.01916901	14.946461
1.7872342	1.2697079	0.0094196629	14.9876
1.7872342	1.2632647	-0.01664648	14.979373
1.7794378	1.2729295	-0.01664648	15.024626
1.7825564	1.2693858	0.018668938	14.995829
1.7794378	1.2729295	-0.023373226	14.983486
1.7809972	1.2742182	-0.012442263	14.999942
1.7887934	1.2829167	-0.014964793	15.00817
1.7825564	1.2758291	-0.01664648	14.979373
1.7809972	1.2742182	0.0085788192	14.9876
1.7809972	1.281628	-0.0082380464	14.9876
1.7856749	1.2793728	-0.0048746732	14.991714
1.7856749	1.2851717	-0.01160142	14.995829
1.7825564	1.2845274	0.0060562897	14.979373
1.7825564	1.2893599	-0.030099971	14.979373
1.7841157	1.2948366	-0.0048746732	14.983486
1.7856749	1.2951589	0.0035337596	14.995829
1.7841157	1.2806615	0.0018520731	14.950574
1.7778785	1.281628	-0.014964793	14.991714
1.77476	1.2751848	-0.0015113001	14.999942
1.7809972	1.2690636	-0.01664648	14.979373
1.7825564	1.2635869	-0.030940816	14.962916
1.7794378	1.2610096	0.0043746028	14.983486
1.7794378	1.2690636	-0.027577441	14.983486
1.7809972	1.2661642	-0.0073972028	14.96703
1.7887934	1.2748625	0.0018520731	14.983486
1.7763193	1.2716409	0.007737976	14.946461
1.7825564	1.2793728	0.01110135	15.004057
1.7778785	1.281628	-0.035985876	14.979373
1.7809972	1.2780842	0.032122433	14.962916
1.7794378	1.2825944	0.0060562897	14.962916
1.7778785	1.283561	0.0052154465	14.979373
1.7825564	1.2793728	0.0060562897	14.971145
1.7809972	1.2848496	-0.0099197328	14.983486
1.7778785	1.2738961	-0.0065563596	14.954689
1.7903527	1.2593987	0.0035337596	14.983486
1.7794378	1.2561771	-0.0031929866	14.975258
1.7825564	1.2616539	-0.0040338296	14.979373
1.7809972	1.2767955	-0.0057155164	15.004057
1.7825564	1.2748625	-0.010760576	14.983486
1.7794378	1.2729295	0.0026929164	14.96703
1.77476	1.2719631	-0.0031929866	14.958802
1.7778785	1.2813058	-0.020850696	14.971145
1.7763193	1.2771177	-0.013283106	14.983486
1.7778785	1.2751848	0.028759057	14.96703
1.7763193	1.2861383	0.0060562897	14.995829
1.7794378	1.2861383	-0.017487323	14.958802
1.7763193	1.2919372	-0.028418286	15.004057
1.7763193	1.2903264	0.0026929164	14.999942
1.7825564	1.285494	-0.0048746732	14.971145
1.7763193	1.2787285	0.013623879	14.979373
1.7809972	1.2822723	0.0035337596	14.995829
1.7794378	1.2748625	-0.043553464	14.975258
1.7778785	1.2790507	-0.025054913	14.983486
1.7778785	1.2742182	0.0026929164	14.991714
1.7732008	1.2729295	-0.015805636	14.971145
1.7778785	1.2719631	0.0026929164	14.971145
1.7825564	1.2668085	0.026236527	14.971145
1.7809972	1.2832388	-0.00067045673	14.991714
1.7778785	1.2764734	0.0060562897	14.96703
1.7763193	1.2784064	0.0085788192	14.979373
1.7763193	1.2709966	-0.0065563596	14.954689
1.7778785	1.2700301	0.0026929164	14.975258
1.7763193	1.2761512	-0.0057155164	14.983486
1.7763193	1.2819501	-0.013283106	14.979373
1.7716415	1.2790507	0.0018520731	14.96703
1.77476	1.285494	0.0052154465	14.983486
1.7794378	1.2774398	0.0010112298	14.962916
1.7809972	1.2668085	-0.0040338296	14.954689
1.7809972	1.2709966	-0.013283106	14.983486
1.7794378	1.2529554	0.012783037	14.938232
1.7825564	1.2526333	-0.018328166	14.954689
1.7778785	1.2545663	0.010260507	14.9876
1.7763193	1.2671306	-0.026736598	14.9876
1.7778785	1.2632647	0.0035337596	14.962916
1.7763193	1.2597209	-0.00067045673	14.950574
1.7716415	1.2677749	0.0085788192	14.954689
1.7794378	1.2803394	-0.00067045673	14.991714
1.7794378	1.2803394	-0.0048746732	14.995829
1.7778785	1.2726074	0.027918214	14.96703
1.7763193	1.265842	-0.025054913	14.999942
1.7778785	1.2832388	0.0068971328	15.004057
1.77476	1.2748625	-0.0023521434	14.971145
1.7716415	1.2848496	0.01110135	14.979373
1.7763193	1.2777621	-0.024214068	14.958802
1.7809972	1.2790507	-0.033463344	14.983486
1.7716415	1.2755069	-0.012442263	14.991714
1.7778785	1.2755069	0.0026929164	14.995829
1.7763193	1.2787285	-0.020850696	15.024626
1.7716415	1.279695	0.0026929164	14.979373
1.7763193	1.2693858	-0.014964793	14.950574
1.77476	1.2748625	-0.017487323	14.950574
1.7778785	1.2697079	-0.014123949	14.975258
1.77476	1.2684193	-0.0065563596	14.983486
1.7763193	1.2690636	0.011942193	14.983486
1.7825564	1.2735739	-0.0082380464	14.9876
1.7794378	1.285494	-0.0031929866	15.032854
1.7700822	1.2858161	-0.0015113001	14.991714
1.7794378	1.2838831	-0.010760576	14.983486
1.7841157	1.2842053	0.0043746028	14.979373
1.7778785	1.2867826	-0.014964793	14.995829
1.7778785	1.2780842	0.0060562897	14.979373
1.7778785	1.2806615	-0.018328166	14.9876
1.7763193	1.2800171	-0.0040338296	14.999942
1.7716415	1.2758291	0.010260507	15.00817
1.7732008	1.2780842	-0.014123949	14.979373
1.7778785	1.2742182	-0.01664648	14.958802
1.7763193	1.2706745	0.015305566	14.971145
1.7778785	1.2732518	-0.0057155164	14.999942
1.7778785	1.2780842	-0.018328166	14.991714
1.7732008	1.2842053	0.0060562897	14.999942
1.7732008	1.2912929	-0.0023521434	15.004057
1.77476	1.2903264	0.014464723	15.004057
1.7732008	1.2845274	0.007737976	14.983486
1.7778785	1.2848496	0.0043746028	14.979373
1.7778785	1.2729295	-0.01664648	14.958802
1.7794378	1.2842053	-0.0082380464	15.004057
1.77476	1.2729295	0.0001703865	14.950574
1.7809972	1.2674528	0.0018520731	14.962916
1.77476	1.2735739	-0.020009853	14.991714
1.7732008	1.2809837	-0.037667561	15.020513
1.7763193	1.2751848	-0.027577441	14.954689
1.77476	1.2813058	-0.0099197328	14.979373
1.7809972	1.2626203	0.018668938	14.962916
1.7700822	1.2687415	-0.01664648	14.971145
1.7700822	1.2668085	0.018668938	14.962916
1.77476	1.2871047	-0.020009853	15.016398
1.7732008	1.2745404	-0.022532383	14.96703
1.7716415	1.2771177	0.014464723	15.004057
1.7716415	1.2735739	0.013623879	14.979373
1.7778785	1.2709966	0.0001703865	14.971145
1.7716415	1.2690636	-0.014123949	14.958802
1.7794378	1.2697079	-0.0023521434	14.96703
1.7700822	1.283561	-0.010760576	14.983486
1.77476	1.2893599	-0.0040338296	14.975258
1.77476	1.2932259	-0.05028021	15.004057
1.77476	1.2767955	0.016987253	14.979373
1.77476	1.2661642	-0.030099971	14.950574
1.7669637	1.2597209	-0.0015113001	14.958802
1.7716415	1.2626203	-0.024214068	14.971145
1.7716415	1.2742182	-0.00067045673	14.975258
1.77476	1.2777621	0.036326651	14.954689
1.7763193	1.2774398	-0.0073972028	14.971145
1.7700822	1.2751848	-0.0065563596	14.971145
1.7732008	1.2700301	0.013623879	14.983486
1.7669637	1.2745404	0.0094196629	14.975258
1.77476	1.2848496	0.0018520731	14.991714
1.768523	1.2842053	0.0094196629	14.971145
1.7778785	1.281628	0.007737976	14.958802
1.77476	1.2690636	-0.00067045673	14.934117
1.768523	1.2858161	-0.041030932	14.971145
1.7763193	1.2842053	-0.035985876	14.962916
1.7716415	1.2819501	0.0052154465	14.979373
1.7700822	1.2745404	0.011942193	14.946461
1.7732008	1.2700301	0.0026929164	14.971145
1.7763193	1.2706745	-0.0040338296	14.962916
1.77476	1.2700301	0.0085788192	14.995829
1.768523	1.2680972	0.017828096	14.958802
1.7700822	1.2684193	-0.0090788892	14.975258
1.7654045	1.265842	-0.028418286	14.950574
1.7732008	1.2693858	-0.017487323	14.979373
1.7763193	1.2645533	0.0001703865	14.975258
1.7700822	1.2742182	-0.023373226	14.999942
1.7732008	1.2713188	0.0026929164	14.971145
1.7778785	1.2700301	0.019509783	14.971145
1.7654045	1.2758291	-0.01160142	14.96703
1.7654045	1.2709966	0.01110135	14.962916
1.768523	1.2616539	-0.020009853	14.938232
1.77476	1.2719631	-0.01916901	14.971145
1.768523	1.2719631	0.0094196629	14.983486
1.7700822	1.2703522	-0.014964793	14.971145
1.7700822	1.2722852	0.0094196629	14.991714
1.7638451	1.2664863	0.030440746	14.979373
1.7732008	1.2668085	-0.0031929866	14.983486
1.7700822	1.2738961	0.0043746028	14.995829
1.768523	1.2771177	-0.0065563596	14.975258
1.768523	1.2729295	0.0035337596	14.958802
1.77476	1.2761512	-0.01664648	14.9876
1.7700822	1.279695	-0.0099197328	15.004057
1.7716415	1.2912929	-0.025895756	15.012285
1.77476	1.2951589	0.012783037	14.991714
1.7732008	1.2829167	0.0094196629	14.96703
1.7716415	1.2758291	0.0026929164	14.950574
1.7732008	1.2784064	-0.010760576	14.971145
1.768523	1.279695	0.0085788192	14.96703
1.7732008	1.2848496	-0.014964793	15.016398
1.77476	1.2761512	-0.021691538	14.991714
1.7809972	1.2790507	-0.0065563596	15.004057
1.7794378	1.2790507	-0.028418286	14.995829
1.7872342	1.2632647	-0.020009853	14.991714
1.7887934	1.2632647	-0.0040338296	14.979373
1.7903527	1.2555327	0.01614641	14.946461
1.7981491	1.2732518	-0.0023521434	14.991714
1.7965899	1.2738961	-0.017487323	14.971145
1.7981491	1.2664863	0.0035337596	14.962916
1.7981491	1.2690636	0.0094196629	14.983486
1.7965899	1.281628	0.032122433	14.991714
1.7950305	1.2777621	-0.0099197328	14.991714
1.8012676	1.2813058	-0.0099197328	14.971145
1.7934712	1.2755069	-0.0057155164	14.938232
1.7981491	1.2761512	-0.01916901	14.999942
1.7965899	1.2755069	-0.021691538	14.9876
1.7950305	1.2758291	-0.010760576	14.983486
1.7997084	1.2842053	-0.0015113001	14.995829
1.7997084	1.2806615	-0.020850696	14.995829
1.7965899	1.2780842	0.0094196629	15.016398
1.7903527	1.2784064	0.01110135	14.971145
1.7997084	1.2755069	0.007737976	14.9876
1.7934712	1.2729295	-0.012442263	14.971145
1.7997084	1.2771177	0.017828096	14.9876
1.7950305	1.2751848	-0.0031929866	14.96703
1.7981491	1.2822723	-0.034304187	14.975258
1.7965899	1.2813058	-0.017487323	14.971145
1.7950305	1.2809837	0.011942193	14.995829
1.7950305	1.2758291	-0.0057155164	14.950574
1.7903527	1.2780842	0.0010112298	14.979373
1.7934712	1.2793728	0.0010112298	14.962916
1.791912	1.2832388	-0.023373226	14.9876
1.7934712	1.2735739	-0.01664648	14.954689
1.7965899	1.2793728	0.0001703865	14.9876
1.7997084	1.2819501	-0.027577441	14.971145
1.7965899	1.2883934	-0.0048746732	15.032854
1.7934712	1.2703522	0.011942193	14.950574
1.7950305	1.281628	0.0085788192	14.979373
1.7981491	1.2748625	0.0060562897	14.96703
1.7950305	1.2719631	-0.0023521434	14.979373
1.7887934	1.2729295	-0.0031929866	14.958802
1.7950305	1.2742182	-0.013283106	14.962916
1.7981491	1.2755069	0.0094196629	14.962916
1.7934712	1.2735739	-0.0099197328	14.975258
1.7950305	1.2697079	0.014464723	14.954689
1.7981491	1.2774398	0.026236527	14.975258
1.8012676	1.2771177	0.0068971328	14.975258
1.8028269	1.2755069	0.0035337596	14.96703
1.7997084	1.2758291	-0.012442263	14.954689
1.7997084	1.265842	-0.010760576	14.942346
1.7997084	1.2613317	-0.032622501	14.950574
1.7981491	1.2632647	0.0001703865	14.995829
1.7981491	1.263909	0.0026929164	14.983486
1.8012676	1.2671306	-0.0048746732	14.971145
1.7965899	1.2632647	0.0026929164	14.958802
1.7903527	1.2777621	-0.023373226	14.983486
1.7934712	1.2780842	0.0060562897	14.96703
1.7809972	1.2919372	-0.014123949	14.983486
1.77476	1.2729295	0.033804119	14.946461
1.7732008	1.2761512	-0.0015113001	14.975258
1.7607266	1.2742182	-0.022532383	14.975258
1.7607266	1.2751848	0.0026929164	14.979373
1.7607266	1.2774398	-0.0031929866	14.991714
1.7607266	1.2822723	0.0026929164	14.9876
1.7529303	1.2745404	-0.023373226	14.96703
1.7576081	1.2787285	0.0018520731	14.971145
1.7529303	1.2745404	-0.01916901	14.962916
1.7576081	1.2784064	-0.010760576	15.020513
1.7560488	1.2687415	0.0018520731	14.971145
1.7529303	1.2767955	0.027918214	14.991714
1.7529303	1.2890377	-0.036826719	14.999942
1.7544895	1.2864604	-0.0073972028	14.979373
1.7466934	1.265842	0.0052154465	14.938232
1.7498119	1.2674528	-0.0048746732	14.962916
1.7498119	1.2700301	0.0001703865	14.96703
1.7466934	1.2732518	-0.024214068	14.999942
1.7451341	1.2706745	0.01614641	14.962916
1.7373377	1.2716409	-0.0048746732	14.975258
1.7435747	1.2761512	0.0026929164	14.971145
1.7420155	1.2822723	-0.021691538	14.995829
1.7404562	1.2793728	-0.01160142	14.962916
1.7373377	1.2687415	0.007737976	14.971145
1.727982	1.2632647	0.013623879	14.954689
1.7295413	1.2677749	0.0052154465	14.995829
1.7357785	1.2606874	-0.00067045673	14.962916
1.7311007	1.2706745	-0.043553464	14.995829
1.7248635	1.2726074	-0.012442263	14.958802
1.727982	1.2671306	0.027077371	14.954689
1.7248635	1.2568214	0.024554841	14.934117
1.7201858	1.2661642	0.0043746028	14.946461
1.721745	1.2532777	-0.0057155164	14.946461
1.7170672	1.2713188	-0.01160142	14.991714
1.7139487	1.2693858	0.0052154465	14.962916
1.7108301	1.2764734	-0.017487323	14.954689
1.7061523	1.2819501	-0.020850696	14.958802
1.7061523	1.2767955	0.016987253	14.975258
1.7061523	1.2874269	-0.034304187	14.983486
1.7092708	1.2845274	-0.0031929866	14.962916
1.7030338	1.2755069	-0.0065563596	14.950574
1.6983559	1.2668085	0.019509783	14.971145
1.6983559	1.2767955	-0.032622501	14.991714
1.6890004	1.2709966	0.0068971328	14.96703
1.6905596	1.2761512	-0.025054913	14.971145
1.685882	1.2729295	0.0052154465	14.958802
1.685882	1.2635869	-0.0031929866	14.930004
1.6874412	1.2703522	0.0035337596	14.962916
1.6812042	1.2735739	-0.0015113001	14.9876
1.6796449	1.2693858	-0.0031929866	14.954689
1.6749671	1.2761512	-0.024214068	14.983486
1.6702893	1.2790507	0.0052154465	14.979373
1.6749671	1.2832388	-0.0048746732	14.979373
1.6718485	1.2738961	0.010260507	14.938232
1.6656115	1.2703522	-0.0073972028	14.958802
1.6640522	1.2738961	0.0094196629	14.962916
1.6593744	1.2832388	-0.01160142	14.979373
1.6593744	1.2909707	-0.01916901	14.9876
1.6515781	1.2832388	-0.027577441	14.958802
1.6546966	1.2793728	-0.012442263	14.979373
1.6500188	1.2700301	0.0094196629	14.950574
1.6515781	1.2690636	0.019509783	14.962916
1.6391039	1.265842	0.0043746028	14.962916
1.6391039	1.2716409	-0.0065563596	14.975258
1.6375446	1.2693858	-0.0099197328	14.958802
1.6391039	1.2780842	-0.031781659	14.983486
1.6359854	1.2784064	-0.018328166	14.958802
1.628189	1.2758291	-0.013283106	14.96703
1.6266297	1.2813058	-0.0082380464	14.975258
1.6235113	1.2877491	0.007737976	14.96703
1.6203928	1.2900043	0.023713998	14.999942
1.6203928	1.2780842	0.033804119	14.942346
1.6172743	1.2751848	0.0094196629	14.946461
1.6172743	1.2822723	-0.0082380464	14.954689
1.6094779	1.2764734	-0.020009853	14.971145
1.6032408	1.2729295	0.0052154465	14.938232
1.6125964	1.2729295	-0.030099971	14.938232
1.5970037	1.2706745	-0.014964793	14.917662
1.6032408	1.2719631	-0.0031929866	14.983486
1.5970037	1.2703522	-0.0099197328	14.934117
1.5970037	1.2697079	-0.01160142	14.954689
1.5938852	1.2719631	-0.00067045673	14.950574
1.5907667	1.2713188	-0.023373226	14.938232
1.5876482	1.265842	0.011942193	14.92589
1.5845296	1.2800171	-0.013283106	14.962916
1.5829704	1.2893599	-0.035145033	14.954689
1.5829704	1.2967696	-0.013283106	14.999942
1.5767332	1.2877491	0.0052154465	14.942346
1.581411	1.2958032	0.024554841	14.962916
1.575174	1.2858161	0.0026929164	14.942346
1.5704962	1.2832388	0.012783037	14.950574
1.5642591	1.2777621	-0.0099197328	14.934117
1.5611405	1.2677749	-0.00067045673	14.930004
1.5580221	1.2616539	-0.01160142	14.942346
1.5611405	1.2635869	-0.012442263	14.971145
1.5549036	1.2574657	-0.020009853	14.934117
1.5580221	1.2577879	0.0060562897	14.938232
1.5564629	1.2626203	0.0001703865	14.950574
1.5502259	1.2726074	-0.00067045673	14.975258
1.5486666	1.2726074	-0.020850696	14.942346
1.5439887	1.2651976	-0.014123949	14.934117
1.5346332	1.2687415	-0.038508404	14.950574
1.5424294	1.2742182	0.0060562897	14.975258
1.5393109	1.2719631	0.0035337596	14.954689
1.5361924	1.2729295	-0.021691538	14.92589
1.5330739	1.2813058	0.0010112298	14.950574
1.5268368	1.2845274	-0.022532383	14.962916
1.5315145	1.2732518	-0.0031929866	14.917662
1.528396	1.263909	-0.034304187	14.90532
1.5205997	1.2626203	-0.0031929866	14.934117
1.522159	1.2690636	0.0010112298	14.983486
1.5128033	1.2684193	0.0010112298	14.930004
1.5143626	1.2722852	-0.0082380464	14.938232
1.5112441	1.2651976	-0.014964793	14.90532
1.5112441	1.263909	0.0026929164	14.938232
1.5065663	1.2626203	-0.057006955	14.950574
1.4987699	1.2697079	0.0094196629	14.946461
1.4956515	1.2767955	-0.018328166	14.938232
1.4972107	1.2838831	-0.028418286	14.979373
1.4894145	1.2790507	-0.014964793	14.934117
1.4909737	1.2706745	-0.013283106	14.917662
1.4847367	1.2838831	-0.024214068	14.938232
1.481618	1.2790507	0.0010112298	14.930004
1.4784995	1.2822723	0.010260507	14.917662
1.4769403	1.2758291	0.015305566	14.921777
1.4707032	1.2726074	0.0010112298	14.938232
1.4722625	1.2709966	-0.012442263	14.954689
1.4675847	1.2613317	-0.0099197328	14.917662
1.4660254	1.2645533	0.026236527	14.934117
1.4613476	1.2584323	-0.014964793	14.90532
1.4629068	1.2674528	-0.025895756	14.954689
1.4613476	1.2693858	-0.0090788892	14.921777
1.4535513	1.2674528	-0.0057155164	14.901205
1.451992	1.2616539	-0.0040338296	14.892978
1.4488734	1.2687415	-0.030099971	14.950574
1.4395179	1.2613317	-0.014123949	14.901205
1.4457549	1.2687415	-0.030099971	14.92589
1.4457549	1.2787285	-0.0065563596	14.92589
1.4317216	1.2755069	-0.0040338296	14.892978
1.4317216	1.2674528	-0.0031929866	14.892978
1.4286031	1.2635869	-0.0073972028	14.909433
1.422366	1.2645533	-0.037667561	14.90532
1.4239253	1.2751848	-0.043553464	14.946461
1.422366	1.2690636	-0.022532383	14.909433
1.4239253	1.2687415	-0.0099197328	14.897092
1.4192475	1.2738961	-0.0015113001	14.90532
1.4208068	1.279695	-0.027577441	14.930004
1.4161289	1.2738961	0.007737976	14.90532
1.4067733	1.2610096	0.011942193	14.880636
1.4098918	1.2680972	-0.0073972028	14.901205
1.4036548	1.2632647	-0.021691538	14.888865
1.3989769	1.265842	0.012783037	14.880636
1.4005362	1.2751848	0.0052154465	14.897092
1.3974177	1.2874269	-0.012442263	14.901205
1.3942991	1.2697079	-0.01916901	14.86418
1.3911806	1.2758291	-0.026736598	14.884749
1.3927399	1.2693858	-0.0048746732	14.868294
1.3865029	1.260043	0.016987253	14.868294
1.381825	1.2561771	-0.040190089	14.884749
1.3787065	1.2668085	-0.022532383	14.90532
1.3771472	1.2635869	-0.01916901	14.880636
1.3802657	1.2606874	-0.0065563596	14.892978
1.3709103	1.263909	-0.027577441	14.872408
1.369351	1.2674528	0.026236527	14.876521
1.3709103	1.2645533	0.007737976	14.86418
1.3631139	1.2610096	0.0010112298	14.827153
1.3662324	1.2709966	0.0068971328	14.868294
1.3677918	1.2742182	-0.020850696	14.855952
1.3584361	1.2690636	-0.0015113001	14.860065
1.3537583	1.2616539	-0.014964793	14.843609
1.3521991	1.2777621	-0.0065563596	14.876521
1.3521991	1.2677749	0.0085788192	14.868294
1.3475212	1.2738961	-0.0057155164	14.888865
1.3459619	1.2542441	-0.0099197328	14.855952
1.3490804	1.2622982	0.010260507	14.884749
1.3444027	1.260043	0.0085788192	14.860065
1.3381656	1.2709966	0.014464723	14.880636
1.3366064	1.2616539	-0.030099971	14.876521
1.3319285	1.2761512	-0.025895756	14.868294
1.3319285	1.2632647	-0.0057155164	14.851837
1.3225729	1.2690636	0.0060562897	14.839496
1.3334877	1.2606874	-0.014123949	14.839496
1.3256915	1.261976	-0.021691538	14.831268
1.3272507	1.2561771	0.0060562897	14.831268
1.3210137	1.2651976	-0.0082380464	14.847724
1.3194543	1.2664863	0.014464723	14.847724
1.3178951	1.2803394	0.011942193	14.876521
1.3147765	1.2777621	0.0026929164	14.872408
1.3116581	1.2655199	-0.013283106	14.806583
1.3100989	1.2664863	-0.01160142	14.839496
1.3069804	1.2677749	0.018668938	14.86418
1.3007432	1.2635869	-0.01916901	14.847724
1.3116581	1.25811	0.0052154465	14.847724
1.3054211	1.2535998	-0.0031929866	14.835382
1.3023026	1.2461901	-0.030099971	14.806583
1.3007432	1.251989	-0.030099971	14.847724
1.2976247	1.2545663	-0.0082380464	14.835382
1.2929469	1.2571436	-0.0048746732	14.814812
1.2929469	1.261976	-0.0065563596	14.839496
1.2882692	1.261976	0.019509783	14.831268
1.2898284	1.2655199	-0.026736598	14.847724
1.2913877	1.2722852	0.0085788192	14.868294
1.282032	1.279695	0.021191468	14.86418
1.2804728	1.2793728	-0.0048746732	14.851837
1.2789135	1.2664863	0.0043746028	14.818925
1.2773542	1.2713188	-0.0099197328	14.835382
1.2695578	1.2745404	-0.024214068	14.82304
1.2711172	1.2674528	-0.014964793	14.806583
1.2726765	1.2700301	0.022032311	14.860065
1.2726765	1.2642312	0.016987253	14.835382
1.2711172	1.2574657	-0.020850696	14.827153
1.2633208	1.2626203	-0.0048746732	14.868294
1.2664393	1.2629426	-0.035985876	14.827153
1.2617615	1.2597209	-0.0099197328	14.806583
1.2633208	1.2574657	-0.015805636	14.802469
1.2648801	1.2465122	0.012783037	14.798356
1.2555245	1.2529554	-0.01160142	14.818925
1.2570838	1.250056	-0.0057155164	14.806583
1.258643	1.2593987	0.012783037	14.835382
1.2570838	1.2674528	-0.0073972028	14.868294
1.2524061	1.2774398	0.0052154465	14.835382
1.2477282	1.2787285	-0.030940816	14.827153
1.246169	1.2800171	-0.010760576	14.831268
1.2446097	1.2655199	-0.014964793	14.827153
1.2383727	1.2748625	-0.0040338296	14.827153
1.2414912	1.263909	0.0026929164	14.814812
1.246169	1.2677749	0.025395684	14.831268
1.2383727	1.2642312	0.021191468	14.831268
1.2414912	1.2661642	-0.0073972028	14.835382
1.2336948	1.2561771	-0.0090788892	14.786013
1.2414912	1.2474787	0.010260507	14.761329
1.2336948	1.2507004	-0.018328166	14.82304
1.2368134	1.2571436	-0.01160142	14.827153
1.2274578	1.25811	0.026236527	14.818925
1.2336948	1.2635869	0.015305566	14.835382
1.2305763	1.2693858	-0.00067045673	14.860065
1.2305763	1.2616539	0.015305566	14.798356
1.2258985	1.2529554	-0.035985876	14.806583
1.2305763	1.2690636	0.0052154465	14.818925
1.2258985	1.2825944	-0.0082380464	14.851837
1.22278	1.2777621	-0.0099197328	14.806583
1.2196614	1.2738961	-0.025895756	14.806583
1.2149836	1.2648755	-0.025895756	14.790128
1.2196614	1.2632647	0.0043746028	14.814812
1.2118651	1.2632647	-0.029259128	14.786013
1.2165428	1.2561771	0.01110135	14.798356
1.2149836	1.263909	0.01110135	14.802469
1.2071873	1.2700301	-0.0073972028	14.818925
1.2087466	1.2622982	-0.021691538	14.777785
1.2087466	1.2716409	-0.013283106	14.82304
1.2040688	1.2748625	-0.01160142	14.82304
1.2071873	1.2906486	0.0043746028	14.868294
1.199391	1.285494	-0.012442263	14.798356
1.2025095	1.2767955	0.018668938	14.810697
1.2025095	1.2735739	-0.017487323	14.790128
1.2009503	1.2780842	-0.010760576	14.82304
1.2009503	1.2603652	-0.014123949	14.773671
1.1884761	1.2629426	-0.020009853	14.798356
1.1900353	1.2677749	-0.0048746732	14.810697
1.1900353	1.2777621	-0.021691538	14.851837
1.1931539	1.2761512	-0.0057155164	14.814812
1.1900353	1.2690636	-0.0015113001	14.806583
1.1947131	1.2603652	-0.0057155164	14.773671
1.1884761	1.2693858	-0.0090788892	14.827153
1.1884761	1.2680972	0.0052154465	14.790128
1.1900353	1.2706745	-0.034304187	14.82304
1.1853576	1.2787285	-0.00067045673	14.82304
1.1822391	1.2780842	-0.0031929866	14.835382
1.1775613	1.2703522	0.0026929164	14.794241
1.176002	1.2693858	0.0068971328	14.802469
1.1791205	1.2597209	-0.021691538	14.794241
1.176002	1.2664863	-0.032622501	14.798356
1.1775613	1.2774398	-0.0082380464	14.806583
1.1775613	1.2668085	0.022032311	14.773671
1.1744428	1.2671306	-0.018328166	14.798356
1.1744428	1.2545663	-0.015805636	14.781899
1.1744428	1.2561771	-0.031781659	14.802469
1.1697649	1.2535998	0.011942193	14.773671
1.1682056	1.2465122	-0.0040338296	14.806583
1.1635278	1.2474787	0.0052154465	14.777785
1.1635278	1.2561771	0.03128159	14.769557
1.1713243	1.2568214	0.0018520731	14.794241
1.1728835	1.2532777	0.0094196629	14.786013
1.1650871	1.2503781	-0.0082380464	14.777785
1.1682056	1.2597209	-0.030940816	14.802469
1.1635278	1.2719631	-0.026736598	14.814812
1.1666464	1.2593987	0.025395684	14.777785
1.1635278	1.261976	0.0052154465	14.781899
1.1650871	1.2651976	-0.0082380464	14.777785
1.1666464	1.2648755	0.019509783	14.786013
1.1619686	1.2706745	-0.014964793	14.773671
1.1588501	1.2532777	-0.0090788892	14.761329
1.1572908	1.2655199	-0.030940816	14.82304
1.1572908	1.2535998	-0.0057155164	14.794241
1.1619686	1.2494117	-0.0015113001	14.798356
1.1572908	1.2590766	-0.0082380464	14.786013
1.1557316	1.2523111	0.017828096	14.798356
1.1526129	1.250056	-0.0057155164	14.781899
1.1572908	1.2384582	0.013623879	14.765444
1.1619686	1.2471565	-0.0099197328	14.794241
1.1526129	1.2616539	0.022873154	14.798356
1.1494945	1.2758291	-0.024214068	14.810697
1.1541722	1.2813058	-0.021691538	14.810697
1.1526129	1.2755069	-0.0040338296	14.781899
1.1510537	1.2738961	-0.0073972028	14.814812
1.146376	1.2780842	0.0010112298	14.790128
1.1448166	1.2677749	0.013623879	14.748987
1.1401389	1.2635869	-0.013283106	14.761329
1.1385796	1.2668085	-0.0082380464	14.786013
1.1432574	1.2645533	-0.028418286	14.790128
1.1494945	1.2671306	0.014464723	14.814812
1.1479353	1.2677749	-0.018328166	14.790128
1.1432574	1.2703522	-0.0099197328	14.835382
1.1416981	1.2610096	0.01110135	14.769557
1.1416981	1.2571436	-0.010760576	14.7531
1.1401389	1.2523111	0.0052154465	14.74076
1.1385796	1.2516668	-0.0031929866	14.761329
1.1385796	1.255855	0.01614641	14.781899
1.1354611	1.2668085	-0.031781659	14.802469
1.1385796	1.2626203	-0.0015113001	14.769557
1.1339018	1.2780842	-0.027577441	14.798356
1.1370203	1.2693858	0.0094196629	14.744873
1.1354611	1.2552106	0.0068971328	14.736645
1.1292239	1.2545663	-0.0082380464	14.790128
1.1323426	1.2584323	-0.018328166	14.794241
1.1307833	1.2574657	0.012783037	14.786013
1.1292239	1.2529554	0.0052154465	14.769557
1.1339018	1.253922	-0.013283106	14.794241
1.1307833	1.2590766	-0.01664648	14.802469
1.1323426	1.2610096	0.0052154465	14.786013
1.1229869	1.2648755	0.018668938	14.765444
1.1229869	1.2635869	0.013623879	14.769557
1.1261054	1.2552106	-0.022532383	14.757215
1.1276647	1.2497338	0.037167493	14.757215
1.1261054	1.2503781	-0.013283106	14.773671
1.1307833	1.2613317	0.0043746028	14.781899
1.1229869	1.2703522	0.0052154465	14.798356
1.1167499	1.2687415	-0.014123949	14.765444
1.1214277	1.2693858	-0.021691538	14.748987
1.1229869	1.2574657	-0.014123949	14.769557
1.1214277	1.2552106	-0.012442263	14.794241
1.1245462	1.2574657	0.018668938	14.786013
1.1261054	1.2587544	-0.0082380464	14.798356
1.1198685	1.2577879	0.0035337596	14.781899
1.1183091	1.2629426	0.014464723	14.810697
1.1151906	1.2713188	-0.023373226	14.794241
1.1151906	1.2642312	-0.022532383	14.769557
1.1183091	1.2626203	-0.021691538	14.748987
1.1151906	1.2561771	0.0018520731	14.769557
1.1183091	1.2677749	0.0001703865	14.773671
1.1073943	1.2542441	-0.014964793	14.748987
1.1136314	1.2629426	0.017828096	14.790128
1.1120721	1.2648755	-0.024214068	14.790128
1.1105129	1.2642312	-0.0090788892	14.761329
1.1073943	1.2709966	-0.030099971	14.786013
1.1089536	1.2642312	0.0094196629	14.769557
1.1089536	1.2629426	-0.030940816	14.765444
1.1058351	1.253922	0.0035337596	14.761329
1.1120721	1.2564993	0.015305566	14.781899
1.1073943	1.25811	-0.026736598	14.786013
1.1073943	1.2668085	-0.034304187	14.802469
1.1105129	1.2587544	-0.0082380464	14.765444
1.1073943	1.25811	-0.0048746732	14.781899
1.1058351	1.2487674	0.014464723	14.765444
1.1042757	1.2587544	-0.0015113001	14.765444
1.1073943	1.2497338	0.018668938	14.761329
1.1027164	1.2616539	-0.010760576	14.757215
1.1027164	1.2664863	0.013623879	14.777785
1.1073943	1.2597209	-0.021691538	14.777785
1.1027164	1.2548884	-0.012442263	14.7531
1.0995979	1.2490895	0.010260507	14.773671
1.1073943	1.2610096	-0.0040338296	14.781899
1.1027164	1.2642312	-0.023373226	14.773671
1.1027164	1.2610096	-0.0073972028	14.74076
1.0995979	1.260043	-0.036826719	14.748987
1.0995979	1.2645533	-0.027577441	14.765444
1.0995979	1.2668085	-0.0031929866	14.798356
1.0918016	1.2507004	0.025395684	14.765444
1.0933609	1.2552106	-0.0031929866	14.765444
1.0933609	1.2507004	-0.024214068	14.728416
1.0980387	1.2587544	-0.012442263	14.748987
1.0964794	1.2593987	-0.017487323	14.732532
1.0918016	1.2616539	-0.01664648	14.732532
1.0964794	1.2535998	0.020350626	14.728416
1.0933609	1.2542441	-0.017487323	14.781899
1.0871239	1.2587544	0.013623879	14.773671
1.0964794	1.2584323	0.025395684	14.769557
1.0902424	1.2684193	-0.010760576	14.777785
1.0933609	1.2626203	-0.0015113001	14.7531
1.0933609	1.2651976	-0.0073972028	14.765444
1.0902424	1.2574657	0.015305566	14.732532
1.0902424	1.2548884	-0.017487323	14.74076
1.0824461	1.2574657	-0.034304187	14.781899
1.0808868	1.2610096	-0.01916901	14.769557
1.0871239	1.2642312	0.010260507	14.757215
1.0871239	1.2529554	-0.010760576	14.748987
1.0902424	1.2490895	0.0043746028	14.728416
1.0824461	1.2394246	-0.010760576	14.720188
1.0886831	1.2651976	-0.0065563596	14.777785
1.0808868	1.2610096	-0.0023521434	14.765444
1.0824461	1.2564993	-0.0031929866	14.777785
1.0808868	1.2645533	-0.036826719	14.769557
1.0808868	1.2703522	-0.040190089	14.761329
1.0855646	1.2787285	-0.0048746732	14.794241
1.0886831	1.2677749	0.021191468	14.736645
1.0824461	1.2690636	0.033804119	14.765444
1.0824461	1.2603652	0.0068971328	14.744873
1.0777682	1.265842	-0.0023521434	14.765444
1.0746497	1.2651976	-0.0090788892	14.777785
1.0808868	1.2571436	0.0052154465	14.761329
1.0762089	1.2416798	-0.012442263	14.744873
1.0777682	1.2291155	0.0010112298	14.74076
1.0793276	1.2426462	0.0026929164	14.7531
1.0793276	1.2484452	-0.0065563596	14.761329
1.0777682	1.2535998	0.01110135	14.7531
1.0762089	1.2494117	-0.0073972028	14.732532
1.0746497	1.2413576	-0.013283106	14.736645
1.0777682	1.2474787	-0.0048746732	14.7531
1.0715312	1.2478008	-0.01916901	14.732532
1.0746497	1.260043	-0.0099197328	14.769557
1.0730904	1.2648755	0.016987253	14.757215
1.0762089	1.2671306	-0.0031929866	14.790128
1.0730904	1.2800171	0.0035337596	14.769557
1.0762089	1.2722852	-0.00067045673	14.748987
1.0777682	1.2497338	0.028759057	14.728416
1.0762089	1.2478008	-0.00067045673	14.7531
1.0762089	1.2426462	0.0094196629	14.748987
1.0668534	1.2429684	-0.023373226	14.732532
1.0668534	1.2394246	0.015305566	14.711961
1.0715312	1.2420019	0.0026929164	14.757215
1.0668534	1.2507004	0.0060562897	14.773671
1.0715312	1.2403911	-0.01160142	14.728416
1.0699719	1.2410355	0.0035337596	14.732532
1.0621756	1.2523111	-0.038508404	14.757215
1.0730904	1.2564993	0.0052154465	14.748987
1.0621756	1.2645533	-0.0073972028	14.757215
1.0652941	1.2552106	0.033804119	14.720188
1.0668534	1.2629426	0.027918214	14.769557
1.0637349	1.2568214	-0.014123949	14.732532
1.0668534	1.2584323	0.021191468	14.736645
1.0621756	1.2677749	0.0035337596	14.74076
1.0590571	1.2626203	-0.033463344	14.736645
1.0668534	1.2555327	-0.026736598	14.7531
1.0574979	1.248123	-0.00067045673	14.720188
1.0668534	1.2423241	0.018668938	14.716075
1.0637349	1.2523111	-0.041030932	14.794241
1.0590571	1.2490895	-0.00067045673	14.744873
1.0637349	1.2642312	-0.012442263	14.748987
1.0606164	1.2693858	-0.018328166	14.769557
1.0543793	1.265842	-0.035145033	14.732532
1.0590571	1.255855	-0.026736598	14.732532
1.05282	1.2661642	-0.0057155164	14.765444
1.0543793	1.2545663	0.011942193	14.732532
1.0574979	1.2700301	0.01614641	14.798356
1.0559386	1.2684193	-0.017487323	14.732532
1.0559386	1.2732518	-0.030099971	14.74076
1.05282	1.2713188	-0.012442263	14.720188
1.0543793	1.2716409	-0.013283106	14.736645
1.0574979	1.2645533	-0.00067045673	14.736645
1.05282	1.2642312	-0.0082380464	14.736645
1.0559386	1.248123	-0.0048746732	14.732532
1.0481422	1.2494117	-0.022532383	14.761329
1.0543793	1.2497338	-0.010760576	14.724303
1.0574979	1.2564993	-0.0065563596	14.736645
1.0481422	1.2474787	-0.037667561	14.720188
1.0497015	1.2564993	-0.021691538	14.773671
1.0559386	1.2490895	0.038849179	14.720188
1.0481422	1.2513447	0.020350626	14.736645
1.0497015	1.2642312	-0.025054913	14.7531
1.0450237	1.265842	-0.037667561	14.769557
1.0465829	1.2626203	-0.020850696	14.732532
1.0512607	1.2742182	0.032963276	14.765444
1.0465829	1.2655199	0.011942193	14.728416
1.0450237	1.2555327	0.010260507	14.728416
1.0450237	1.2564993	0.0010112298	14.728416
1.0465829	1.2507004	0.0026929164	14.732532
1.05282	1.2471565	-0.014123949	14.744873
1.0434644	1.2413576	-0.0040338296	14.757215
1.0403459	1.2403911	-0.0040338296	14.74076
1.0387866	1.2374916	-0.030099971	14.736645
1.035668	1.250056	-0.014964793	14.757215
1.0372273	1.2671306	-0.01664648	14.761329
1.0372273	1.2532777	0.0052154465	14.716075
1.0372273	1.2465122	0.0068971328	14.716075
1.0419052	1.2574657	-0.0023521434	14.7531
1.0372273	1.255855	-0.027577441	14.74076
1.0341088	1.265842	-0.023373226	14.744873
1.0325496	1.2677749	0.0068971328	14.732532
1.0403459	1.2735739	0.0043746028	14.711961
1.0341088	1.2700301	-0.0065563596	14.699619
1.0372273	1.2616539	0.0060562897	14.703732
1.035668	1.2555327	0.01614641	14.724303
1.0372273	1.2523111	0.022032311	14.724303
1.0294311	1.2503781	-0.021691538	14.74076
1.035668	1.2484452	-0.025054913	14.736645
1.0325496	1.2426462	0.022873154	14.720188
1.0294311	1.2507004	-0.0065563596	14.711961
1.0294311	1.2616539	-0.010760576	14.732532
1.0294311	1.2629426	-0.036826719	14.736645
1.0325496	1.261976	0.0026929164	14.74076
1.0309904	1.2407132	-0.0031929866	14.707848
1.0325496	1.2561771	-0.029259128	14.761329
1.0294311	1.2532777	-0.010760576	14.699619
1.0294311	1.2719631	-0.00067045673	14.748987
1.0263125	1.2832388	-0.022532383	14.732532
1.0325496	1.2771177	-0.018328166	14.720188
1.0247532	1.2713188	-0.013283106	14.711961
1.023194	1.2680972	-0.022532383	14.736645
1.0263125	1.2564993	-0.025895756	14.716075
1.023194	1.2497338	-0.0048746732	14.724303
1.0263125	1.2548884	-0.020009853	14.728416
1.0278717	1.2535998	0.0085788192	14.736645
1.0278717	1.2432905	-0.0073972028	14.720188
1.0278717	1.2233166	0.022032311	14.679049
1.0278717	1.2310483	-0.024214068	14.699619
1.0247532	1.2381359	0.0035337596	14.716075
1.0263125	1.2548884	-0.023373226	14.7531
1.0263125	1.2597209	-0.041871779	14.720188
1.0294311	1.251989	0.0068971328	14.691391
1.023194	1.2571436	-0.013283106	14.687276
1.023194	1.2597209	0.0010112298	14.707848
1.023194	1.2516668	-0.0099197328	14.720188
1.0263125	1.2561771	0.018668938	14.720188
1.0169569	1.2564993	0.0010112298	14.695504
1.0169569	1.2523111	0.0052154465	14.695504
1.023194	1.2391025	-0.0090788892	14.703732
1.0200754	1.2548884	0.0094196629	14.720188
1.0185162	1.2494117	-0.012442263	14.703732
1.0185162	1.2532777	-0.01664648	14.720188
1.0200754	1.2574657	-0.013283106	14.707848
1.0153977	1.2709966	-0.00067045673	14.744873
1.0200754	1.2584323	0.027077371	14.699619
1.0153977	1.2568214	-0.010760576	14.691391
1.0200754	1.2461901	0.010260507	14.683163
1.0153977	1.2410355	-0.013283106	14.67082
1.0216347	1.2516668	0.0001703865	14.703732
1.0200754	1.2613317	-0.01664648	14.736645
1.0169569	1.2684193	-0.014123949	14.707848
1.0153977	1.261976	-0.013283106	14.732532
1.0153977	1.2568214	0.0060562897	14.699619
1.012279	1.2429684	-0.01916901	14.687276
1.0138384	1.2590766	-0.00067045673	14.736645
1.012279	1.25811	0.0010112298	14.703732
1.0076013	1.2542441	0.0001703865	14.707848
1.0107198	1.248123	0.0010112298	14.720188
1.012279	1.2461901	0.014464723	14.687276
1.0138384	1.2371695	0.0060562897	14.716075
1.0091605	1.2329813	0.0026929164	14.683163
1.0107198	1.2442571	-0.0065563596	14.703732
1.0091605	1.2542441	-0.0082380464	14.716075
1.0076013	1.2574657	0.010260507	14.703732
1.012279	1.261976	-0.030099971	14.711961
1.0044829	1.2622982	0.015305566	14.732532
1.006042	1.2671306	-0.027577441	14.707848
1.006042	1.263909	-0.041030932	14.7531
1.006042	1.2516668	-0.01664648	14.679049
1.006042	1.2494117	0.03128159	14.703732
0.99824572	1.2684193	-0.021691538	14.732532
1.0029235	1.2661642	0.013623879	14.720188
0.99824572	1.2507004	-0.010760576	14.679049
0.99356794	1.2526333	-0.027577441	14.711961
1.0029235	1.2458678	-0.012442263	14.679049
1.0044829	1.2455457	-0.0082380464	14.703732
1.0044829	1.250056	-0.01160142	14.683163
1.0044829	1.2593987	0.017828096	14.691391
1.0013642	1.2684193	0.019509783	14.691391
1.0013642	1.2574657	0.0026929164	14.662592
0.99668646	1.2542441	-0.013283106	14.699619
1.0013642	1.2523111	-0.0023521434	14.695504
1.0029235	1.251989	0.0094196629	14.695504
0.9951272	1.2555327	0.0026929164	14.724303
0.99668646	1.2629426	-0.0048746732	14.699619
1.0029235	1.2706745	-0.020009853	14.707848
0.9951272	1.2574657	0.018668938	14.674935
0.99668646	1.2584323	-0.012442263	14.687276
0.99356794	1.2510225	0.0085788192	14.691391
0.99200863	1.2436128	0.017828096	14.674935
0.99356794	1.2478008	0.0052154465	14.703732
0.99356794	1.2632647	-0.0031929866	14.724303
0.99980497	1.2532777	-0.0023521434	14.683163
0.9951272	1.2510225	-0.0073972028	14.683163
0.99356794	1.2449014	-0.00067045673	14.666707
0.99044937	1.2432905	-0.01160142	14.683163
0.9951272	1.2449014	-0.021691538	14.674935
0.98421228	1.255855	-0.010760576	14.695504
0.98421228	1.2516668	0.012783037	14.691391
0.98889011	1.2587544	-0.0090788892	14.720188
0.98889011	1.2622982	-0.0073972028	14.691391
0.98733085	1.2503781	-0.0065563596	14.683163
0.99356794	1.2555327	0.016987253	14.683163
0.98733085	1.2597209	0.017828096	14.728416
0.98733085	1.2561771	-0.0065563596	14.683163
0.99044937	1.2571436	-0.0082380464	14.699619
0.98421228	1.2593987	0.0018520731	14.707848
0.98733085	1.2626203	0.0094196629	14.724303
0.98889011	1.2523111	-0.010760576	14.674935
0.98889011	1.2484452	0.021191468	14.666707
0.98421228	1.2432905	-0.012442263	14.687276
0.98733085	1.2568214	-0.01664648	14.720188
0.98109376	1.2571436	0.0060562897	14.707848
0.98109376	1.2593987	-0.0057155164	14.703732
0.98109376	1.2497338	-0.0082380464	14.666707
0.98889011	1.2648755	0.0001703865	14.736645
0.97953451	1.2706745	-0.0073972028	14.699619
0.9857716	1.2597209	0.0060562897	14.691391
0.97953451	1.2648755	-0.0048746732	14.679049
0.98265302	1.2561771	0.0043746028	14.687276
0.98265302	1.2526333	-0.0015113001	14.695504
0.98421228	1.2410355	-0.028418286	14.679049
0.98265302	1.2503781	-0.013283106	14.707848
0.97953451	1.2655199	-0.01664648	14.736645
0.98421228	1.2700301	-0.0090788892	14.703732
0.97641593	1.2568214	-0.020009853	14.662592
0.97641593	1.2571436	-0.062052015	14.707848
0.97797525	1.2455457	0.014464723	14.674935
0.97797525	1.2542441	-0.015805636	14.716075
0.97641593	1.2632647	-0.032622501	14.707848
0.97641593	1.2713188	-0.0048746732	14.732532
0.97953451	1.2716409	0.0085788192	14.732532
0.97641593	1.2767955	0.0001703865	14.703732
0.97485673	1.2719631	-0.01664648	14.683163
0.97485673	1.2697079	-0.020009853	14.666707
0.96550113	1.261976	0.0052154465	14.662592
0.97017896	1.2513447	0.0018520731	14.666707
0.97173822	1.2478008	-0.00067045673	14.67082
0.97329748	1.2374916	0.012783037	14.679049
0.97329748	1.2494117	0.0010112298	14.716075
0.97173822	1.2455457	-0.031781659	14.658479
0.97485673	1.2535998	-0.026736598	14.683163
0.97329748	1.248123	-0.020850696	14.67082
0.97485673	1.2471565	-0.018328166	14.666707
0.96706039	1.2442571	-0.0015113001	14.654365
0.96706039	1.2429684	0.022032311	14.658479
0.96550113	1.25811	0.0052154465	14.695504
0.96550113	1.2642312	-0.043553464	14.711961
0.96394187	1.263909	-0.031781659	14.691391
0.96706039	1.2642312	0.0052154465	14.683163
0.97485673	1.255855	0.022873154	14.674935
0.96550113	1.2526333	-0.0048746732	14.658479
0.96394187	1.2445792	0.0026929164	14.637908
0.95926404	1.2432905	-0.035145033	14.637908
0.96550113	1.2423241	0.0052154465	14.666707
0.95926404	1.2471565	-0.0048746732	14.67082
0.96238261	1.2526333	0.0094196629	14.683163
0.96238261	1.2478008	-0.018328166	14.691391
0.96706039	1.2345922	0.010260507	14.691391
0.97017896	1.2449014	0.0043746028	14.679049
0.96082336	1.2445792	-0.0073972028	14.654365
0.96082336	1.2548884	-0.027577441	14.67082
0.96394187	1.2603652	-0.014123949	14.699619
0.96238261	1.2532777	-0.010760576	14.683163
0.95770478	1.2597209	-0.0057155164	14.711961
0.96394187	1.2687415	0.0010112298	14.695504
0.96394187	1.2687415	-0.013283106	14.674935
0.95770478	1.2690636	-0.0065563596	14.666707
0.95614552	1.263909	0.0026929164	14.683163
0.95614552	1.2590766	0.007737976	14.674935
0.95770478	1.2494117	0.045575924	14.642023
0.95458627	1.2545663	-0.035145033	14.662592
0.95458627	1.2561771	-0.0057155164	14.687276
0.95458627	1.2474787	0.028759057	14.674935
0.95458627	1.2275046	-0.0065563596	14.674935
0.95614552	1.2442571	0.012783037	14.679049
0.95926404	1.2365252	-0.0057155164	14.666707
0.95458627	1.2484452	-0.0099197328	14.679049
0.95302701	1.2432905	-0.015805636	14.679049
0.95614552	1.2461901	0.0043746028	14.67082
0.95926404	1.2568214	0.012783037	14.691391
0.95458627	1.2574657	0.0052154465	14.666707
0.95770478	1.2651976	0.0026929164	14.699619
0.94834918	1.2571436	-0.026736598	14.658479
0.94834918	1.265842	0.007737976	14.707848
0.95458627	1.263909	-0.0099197328	14.683163
0.95458627	1.2648755	0.0026929164	14.662592
0.94523072	1.255855	-0.01916901	14.67082
0.94990844	1.2645533	-0.020850696	14.707848
0.95614552	1.2626203	-0.01160142	14.699619
0.95458627	1.2529554	-0.0015113001	14.658479
0.95146769	1.2545663	-0.024214068	14.666707
0.94834918	1.2426462	0.021191468	14.691391
0.94211215	1.2442571	-0.018328166	14.67082
0.94211215	1.2287933	0.010260507	14.662592
0.94367146	1.2416798	-0.0065563596	14.674935
0.94678998	1.236203	-0.0015113001	14.642023
0.94367146	1.2478008	-0.025054913	14.674935
0.94211215	1.2571436	-0.0040338296	14.679049
0.93743438	1.2507004	-0.020009853	14.67082
0.94990844	1.2529554	0.036326651	14.683163
0.94055289	1.2584323	-0.027577441	14.67082
0.94055289	1.260043	-0.043553464	14.662592
0.93899363	1.2597209	-0.046916839	14.674935
0.93899363	1.2613317	0.0068971328	14.674935
0.94367146	1.2642312	0.029599901	14.716075
0.93899363	1.2503781	0.0010112298	14.666707
0.94055289	1.2584323	-0.028418286	14.691391
0.93899363	1.2571436	-0.0031929866	14.695504
0.94523072	1.2503781	-0.0090788892	14.658479
0.94523072	1.248123	0.0010112298	14.67082
0.93899363	1.2378138	0.0010112298	14.642023
0.94055289	1.2468344	-0.015805636	14.67082
0.93743438	1.2613317	-0.01160142	14.695504
0.9343158	1.2684193	0.011942193	14.699619
0.93275654	1.2664863	-0.0082380464	14.658479
0.9343158	1.2693858	-0.012442263	14.695504
0.92963803	1.2593987	-0.020850696	14.642023
0.9343158	1.2697079	-0.00067045673	14.683163
0.93275654	1.2603652	-0.012442263	14.674935
0.9343158	1.255855	0.032963276	14.691391
0.92651945	1.2613317	-0.032622501	14.674935
0.92963803	1.2490895	-0.020850696	14.658479
0.93275654	1.2545663	-0.036826719	14.683163
0.93119729	1.2474787	-0.0023521434	14.679049
0.93275654	1.2494117	-0.00067045673	14.674935
0.92963803	1.2545663	-0.021691538	14.683163
0.92651945	1.2478008	0.0060562897	14.633795
0.92807877	1.2455457	-0.01160142	14.666707
0.92807877	1.2423241	-0.0040338296	14.633795
0.92651945	1.2439349	0.013623879	14.658479
0.93119729	1.2587544	-0.0057155164	14.666707
0.93275654	1.2561771	0.035485804	14.65025
0.92651945	1.2648755	-0.032622501	14.674935
0.92651945	1.2529554	-0.025054913	14.654365
0.92184168	1.2487674	0.007737976	14.633795
0.92028242	1.2416798	-0.020009853	14.65025
0.93119729	1.2487674	0.017828096	14.666707
0.93119729	1.2339479	0.022873154	14.633795
0.92963803	1.2497338	0.011942193	14.674935
0.91716391	1.248123	-0.034304187	14.67082
0.92184168	1.2458678	-0.010760576	14.662592
0.92184168	1.2429684	-0.0099197328	14.662592
0.91716391	1.2374916	0.015305566	14.642023
0.91872323	1.2449014	-0.0031929866	14.662592
0.91872323	1.2384582	0.0043746028	14.633795
0.92340094	1.2507004	0.012783037	14.67082
0.92184168	1.2603652	-0.0023521434	14.65025
0.9249602	1.2626203	0.014464723	14.695504
0.92028242	1.2584323	0.012783037	14.67082
0.91560465	1.2484452	-0.00067045673	14.646136
0.92028242	1.2655199	-0.0065563596	14.666707
0.92184168	1.2584323	0.014464723	14.67082
0.91560465	1.2668085	-0.034304187	14.67082
0.91716391	1.25811	-0.023373226	14.658479
0.91716391	1.2449014	0.0001703865	14.633795
0.91560465	1.2381359	0.036326651	14.658479
0.91404539	1.2326592	-0.0099197328	14.62968
0.91404539	1.2326592	-0.027577441	14.642023
0.91092688	1.2513447	-0.035985876	14.654365
0.92184168	1.2449014	0.0060562897	14.642023
0.91560465	1.2503781	-0.014123949	14.633795
0.92184168	1.2442571	-0.0040338296	14.662592
0.91872323	1.2442571	-0.020850696	14.666707
0.91404539	1.2545663	0.022032311	14.695504
0.91092688	1.2545663	0.025395684	14.658479
0.90936756	1.2513447	-0.028418286	14.65025
0.90157121	1.2468344	-0.021691538	14.637908
0.90624905	1.2374916	-0.014964793	14.625566
0.91248614	1.2523111	-0.01916901	14.666707
0.91872323	1.2610096	0.023713998	14.687276
0.91092688	1.2545663	-0.026736598	14.65025
0.91716391	1.2510225	-0.017487323	14.674935
0.90468979	1.2587544	-0.039349247	14.666707
0.91248614	1.2384582	0.0026929164	14.62968
0.90936756	1.2326592	-0.0048746732	14.637908
0.90157121	1.2191284	0.017828096	14.617339
0.90468979	1.2326592	-0.035145033	14.633795
0.90936756	1.2403911	0.012783037	14.633795
0.90936756	1.2545663	-0.025895756	14.699619
0.91092688	1.2471565	0.022873154	14.658479
0.91248614	1.2503781	-0.012442263	14.67082
0.90313053	1.2574657	-0.030099971	14.654365
0.90001196	1.250056	0.010260507	14.658479
0.90313053	1.2597209	-0.0048746732	14.662592
0.90468979	1.2593987	0.035485804	14.654365
0.90157121	1.265842	0.012783037	14.67082
0.90468979	1.2616539	-0.0082380464	14.658479
0.90157121	1.25811	-0.0023521434	14.65025
0.90624905	1.2468344	-0.024214068	14.642023
0.91248614	1.248123	0.015305566	14.67082
0.90624905	1.2252495	0.015305566	14.625566
0.90313053	1.2400689	0.037167493	14.658479
0.89689344	1.2403911	-0.035145033	14.646136
0.90157121	1.2471565	0.0010112298	14.65025
0.90001196	1.2503781	-0.035145033	14.642023
0.89689344	1.2487674	-0.0082380464	14.67082
0.90313053	1.2442571	0.015305566	14.646136
0.90157121	1.2523111	-0.0082380464	14.666707
0.91092688	1.2529554	-0.0048746732	14.683163
0.90157121	1.2716409	-0.010760576	14.699619
0.90468979	1.2616539	-0.0090788892	14.674935
0.90001196	1.2526333	0.01614641	14.642023
0.89221561	1.2561771	-0.026736598	14.65025
0.89689344	1.2513447	0.01110135	14.67082
0.8984527	1.2532777	0.0010112298	14.666707
0.90313053	1.232337	0.021191468	14.633795
0.8984527	1.2278268	-0.012442263	14.625566
0.90313053	1.2484452	-0.0031929866	14.67082
0.89689344	1.2626203	-0.033463344	14.707848
0.90313053	1.255855	0.013623879	14.637908
0.90313053	1.2545663	0.01110135	14.646136
0.89377487	1.2484452	0.010260507	14.642023
0.89533418	1.2494117	-0.018328166	14.642023
0.89689344	1.2426462	0.025395684	14.625566
0.89377487	1.2526333	-0.020850696	14.654365
0.89689344	1.255855	-0.015805636	14.646136
0.90001196	1.2642312	-0.0057155164	14.699619
0.89533418	1.2703522	-0.01664648	14.67082
0.8984527	1.250056	-0.0015113001	14.609111
0.89689344	1.2468344	0.0010112298	14.633795
0.89221561	1.2358809	0.023713998	14.617339
0.8875379	1.2400689	-0.0031929866	14.637908
0.89065641	1.2432905	-0.017487323	14.617339
0.89065641	1.2316927	-0.021691538	14.637908
0.8984527	1.2384582	-0.0023521434	14.666707
0.89377487	1.2320149	0.007737976	14.642023
0.89689344	1.2368473	-0.023373226	14.625566
0.89689344	1.2474787	-0.01160142	14.642023
0.89221561	1.2439349	-0.035145033	14.625566
0.88286006	1.2442571	-0.0015113001	14.633795
0.88441932	1.2507004	-0.00067045673	14.658479
0.89377487	1.2442571	0.010260507	14.633795
0.88597864	1.2503781	-0.015805636	14.67082
0.89065641	1.2497338	-0.023373226	14.621452
0.8875379	1.2523111	-0.035145033	14.637908
0.89221561	1.2507004	0.01110135	14.621452
0.89221561	1.2535998	0.0094196629	14.662592
0.88597864	1.2568214	-0.01664648	14.642023
0.88286006	1.2545663	0.015305566	14.65025
0.8875379	1.2381359	-0.015805636	14.62968
0.88130081	1.2478008	-0.0099197328	14.691391
0.88441932	1.2497338	-0.015805636	14.654365
0.88909715	1.2574657	0.014464723	14.662592
0.88441932	1.2458678	-0.036826719	14.625566
0.88286006	1.2423241	0.0060562897	14.65025
0.88286006	1.2503781	-0.0090788892	14.642023
0.88130081	1.2613317	-0.0031929866	14.646136
0.88286006	1.2584323	0.0001703865	14.642023
0.88286006	1.2497338	-0.018328166	14.654365
0.87350446	1.2523111	0.016987253	14.621452
0.87506372	1.2635869	-0.01664648	14.65025
0.88441932	1.2513447	0.019509783	14.617339
0.87974155	1.2394246	0.0094196629	14.617339
0.89065641	1.2339479	0.0094196629	14.609111
0.88909715	1.2455457	-0.010760576	14.666707
0.88909715	1.2484452	-0.0065563596	14.67082
0.89533418	1.2465122	-0.0015113001	14.683163
0.8875379	1.2613317	0.024554841	14.691391
0.87974155	1.2577879	-0.05028021	14.646136
0.87506372	1.2535998	-0.0073972028	14.637908
0.88130081	1.2420019	0.0026929164	14.654365
0.88130081	1.2333035	0.022032311	14.617339
0.87818229	1.2313706	0.0026929164	14.613224
0.88441932	1.2436128	0.0085788192	14.65025
0.87818229	1.2542441	0.0035337596	14.67082
0.88130081	1.2590766	-0.014123949	14.637908
0.87662297	1.2529554	-0.017487323	14.609111
0.87974155	1.2471565	0.0068971328	14.58854
0.87506372	1.2403911	-0.020009853	14.596767
0.8719452	1.2391025	-0.0065563596	14.609111
0.87974155	1.255855	-0.024214068	14.662592
0.88597864	1.2468344	-0.0099197328	14.621452
0.87662297	1.251989	-0.0057155164	14.662592
0.88286006	1.2461901	-0.0031929866	14.642023
0.87818229	1.2423241	-0.025895756	14.617339
0.87818229	1.2439349	-0.0048746732	14.62968
0.87974155	1.2426462	0.012783037	14.62968
0.88130081	1.2391025	0.0026929164	14.604996
0.87974155	1.2545663	-0.0073972028	14.62968
0.87662297	1.2542441	0.0010112298	14.633795
0.87662297	1.2516668	-0.027577441	14.62968
0.87662297	1.2407132	0.019509783	14.613224
0.87818229	1.2371695	-0.0065563596	14.58854
0.8719452	1.2494117	-0.012442263	14.62968
0.87038594	1.2552106	-0.014964793	14.609111
0.87662297	1.250056	-0.013283106	14.613224
0.87662297	1.2494117	0.010260507	14.633795
0.87662297	1.2507004	0.0052154465	14.62968
0.86882663	1.2410355	-0.025054913	14.62968
0.86882663	1.2278268	-0.0057155164	14.604996
0.8719452	1.2291155	-0.0048746732	14.617339
0.8719452	1.2365252	-0.0099197328	14.642023
0.87350446	1.2510225	-0.00067045673	14.65025
0.8719452	1.250056	-0.01916901	14.625566
0.87506372	1.2513447	0.0043746028	14.62968
0.86570811	1.2429684	-0.018328166	14.604996
0.87350446	1.2548884	-0.012442263	14.654365
0.86882663	1.2484452	-0.010760576	14.609111
0.87506372	1.2590766	0.027077371	14.633795
0.86882663	1.2587544	-0.035145033	14.617339
0.86726737	1.265842	0.0026929164	14.654365
0.85947108	1.2664863	-0.021691538	14.642023
0.86258966	1.2700301	-0.014123949	14.654365
0.87038594	1.2626203	-0.025895756	14.625566
0.8719452	1.2413576	-0.0040338296	14.621452
0.86570811	1.2403911	-0.015805636	14.633795
0.87350446	1.2420019	0.012783037	14.621452
0.86726737	1.2436128	-0.01160142	14.65025
0.86570811	1.2452235	0.017828096	14.600883
0.86570811	1.2436128	-0.0048746732	14.62968
0.86570811	1.2442571	0.0060562897	14.625566
0.8719452	1.2429684	0.024554841	14.617339
0.86414886	1.2606874	-0.014123949	14.642023
0.87038594	1.2613317	0.016987253	14.633795
0.87038594	1.2674528	-0.01916901	14.637908
0.8719452	1.2535998	-0.023373226	14.62968
0.87818229	1.2626203	-0.01916901	14.646136
0.86882663	1.2603652	0.010260507	14.646136
0.86882663	1.2548884	-0.029259128	14.613224
0.86882663	1.2606874	0.012783037	14.642023
0.86258966	1.2584323	0.0018520731	14.654365
0.86258966	1.2516668	-0.014964793	14.621452
0.86726737	1.232337	0.0052154465	14.609111
0.8610304	1.232337	-0.00067045673	14.617339
0.85947108	1.2287933	-0.023373226	14.613224
0.86570811	1.2313706	-0.025054913	14.62968
0.86882663	1.2510225	-0.0057155164	14.62968
0.8719452	1.2413576	-0.0057155164	14.621452
0.86258966	1.2542441	-0.025895756	14.654365
0.8719452	1.2461901	0.0085788192	14.633795
0.85791183	1.2478008	-0.034304187	14.604996
0.86414886	1.2432905	0.023713998	14.617339
0.86414886	1.236203	0.020350626	14.625566
0.85635257	1.2487674	-0.0099197328	14.662592
0.85479331	1.2668085	-0.038508404	14.654365
0.85791183	1.2651976	-0.033463344	14.633795
0.85947108	1.2442571	-0.0031929866	14.600883
0.86258966	1.23427	0.011942193	14.604996
0.86258966	1.2294376	-0.022532383	14.604996
0.86726737	1.2455457	0.0060562897	14.65025
0.85479331	1.2468344	-0.05532527	14.65025
0.85791183	1.2378138	-0.0082380464	14.637908
0.85323405	1.2381359	0.0052154465	14.613224
0.85011548	1.2436128	-0.0082380464	14.600883
0.85635257	1.2474787	-0.0031929866	14.625566
0.8610304	1.2471565	-0.013283106	14.609111
0.86414886	1.230404	0.037167493	14.58854
0.85947108	1.2378138	-0.018328166	14.637908
0.85791183	1.2445792	-0.0065563596	14.625566
0.85791183	1.260043	0.0026929164	14.674935
0.85479331	1.2648755	-0.026736598	14.62968
0.85167474	1.2593987	-0.033463344	14.625566
0.84855622	1.2468344	-0.01160142	14.609111
0.85011548	1.2523111	0.014464723	14.633795
0.84855622	1.2490895	0.018668938	14.62968
0.85947108	1.2445792	-0.023373226	14.65025
0.86258966	1.2403911	-0.0082380464	14.633795
0.8610304	1.2458678	-0.0065563596	14.637908
0.8610304	1.2510225	-0.024214068	14.642023
0.85635257	1.2439349	-0.020009853	14.592654
0.85947108	1.2420019	-0.0031929866	14.604996
0.85635257	1.2494117	0.0052154465	14.662592
0.85011548	1.2590766	0.01614641	14.67082
0.84699696	1.2574657	0.0001703865	14.637908
0.84855622	1.2751848	-0.025054913	14.658479
0.84855622	1.2616539	-0.046916839	14.637908
0.85167474	1.2674528	0.015305566	14.642023
0.85479331	1.2474787	0.0068971328	14.596767
0.85323405	1.2484452	0.0018520731	14.617339
0.85791183	1.2564993	0.01110135	14.654365
0.85791183	1.2548884	-0.028418286	14.658479
0.85323405	1.2574657	0.016987253	14.637908
0.84699696	1.2529554	0.0094196629	14.646136
0.84075987	1.2445792	-0.022532383	14.625566
0.84231913	1.2461901	-0.0040338296	14.621452
0.84543771	1.2410355	-0.0048746732	14.604996
0.85167474	1.2461901	-0.0031929866	14.633795
0.85167474	1.2484452	-0.021691538	14.65025
0.85011548	1.2484452	0.018668938	14.633795
0.85167474	1.2507004	-0.0073972028	14.600883
0.84855622	1.260043	0.0085788192	14.642023
0.84543771	1.2542441	-0.035145033	14.621452
0.84855622	1.2532777	-0.0057155164	14.62968
0.83920062	1.2510225	-0.01160142	14.621452
0.84543771	1.2587544	0.025395684	14.633795
0.84387839	1.2597209	-0.0065563596	14.646136
0.84543771	1.2516668	-0.0090788892	14.617339
0.83920062	1.2387803	-0.0048746732	14.596767
0.84699696	1.2326592	0.019509783	14.596767
0.84855622	1.2371695	-0.0057155164	14.617339
0.85323405	1.2403911	0.0035337596	14.621452
0.84855622	1.2326592	-0.025895756	14.58854
0.84855622	1.2384582	-0.014123949	14.617339
0.85011548	1.2294376	-0.0031929866	14.576199
0.83764136	1.2246052	-0.014123949	14.572083
0.83920062	1.2310483	-0.0082380464	14.621452
0.84231913	1.2474787	0.010260507	14.637908
0.83608204	1.2507004	-0.01160142	14.625566
0.84231913	1.2513447	0.015305566	14.609111
0.83920062	1.2587544	-0.038508404	14.604996
0.84231913	1.2449014	0.010260507	14.58854
0.84231913	1.2503781	-0.014964793	14.613224
0.84699696	1.2471565	0.037167493	14.604996
0.84699696	1.2526333	0.021191468	14.633795
0.83920062	1.2513447	-0.0015113001	14.609111
0.83764136	1.2394246	0.0001703865	14.604996
0.83608204	1.2484452	-0.012442263	14.592654
0.83920062	1.2403911	-0.0073972028	14.613224
0.84543771	1.2249273	0.01110135	14.592654
0.85011548	1.2213836	-0.0073972028	14.600883
0.84699696	1.2384582	-0.025895756	14.609111
0.84075987	1.2355586	0.01614641	14.584427
0.84231913	1.250056	-0.0082380464	14.617339
0.84075987	1.2503781	0.0010112298	14.621452
0.84387839	1.2507004	0.0060562897	14.604996
0.83608204	1.2452235	-0.00067045673	14.600883
0.83296359	1.2371695	-0.0082380464	14.604996
0.83296359	1.2442571	-0.037667561	14.617339
0.83452284	1.2445792	0.0026929164	14.596767
0.84231913	1.2436128	0.030440746	14.600883
0.83764136	1.250056	-0.0023521434	14.633795
0.83920062	1.2516668	0.007737976	14.617339
0.83452284	1.2564993	0.0085788192	14.625566
0.83764136	1.2552106	-0.01160142	14.604996
0.82828581	1.2487674	-0.027577441	14.621452
0.83452284	1.2606874	-0.014123949	14.637908
0.84075987	1.2423241	0.053143516	14.609111
0.83452284	1.2381359	0.017828096	14.58854
0.83452284	1.2432905	0.0010112298	14.617339
0.83452284	1.2700301	-0.0099197328	14.662592
0.83296359	1.2729295	0.0094196629	14.642023
0.83452284	1.2632647	0.026236527	14.604996
0.84231913	1.250056	0.01110135	14.592654
0.84075987	1.2487674	-0.029259128	14.600883
0.83764136	1.2420019	-0.00067045673	14.625566
0.83452284	1.2468344	-0.0048746732	14.600883
0.83296359	1.2465122	0.0085788192	14.609111
0.82516724	1.2503781	-0.038508404	14.604996
0.83296359	1.2484452	0.0094196629	14.625566
0.82984507	1.2458678	-0.0015113001	14.609111
0.83296359	1.2445792	-0.0065563596	14.613224
0.83920062	1.2378138	0.0010112298	14.617339
0.83452284	1.2432905	-0.017487323	14.654365
0.83608204	1.2458678	-0.0099197328	14.596767
0.83140433	1.2403911	-0.01664648	14.58854
0.83920062	1.2407132	-0.0073972028	14.609111
0.83608204	1.2545663	0.015305566	14.642023
0.82984507	1.2494117	0.0052154465	14.600883
0.82672656	1.25811	0.017828096	14.62968
0.82516724	1.2436128	0.0001703865	14.580312
0.82828581	1.2442571	-0.021691538	14.62968
0.82048947	1.2420019	-0.025054913	14.576199
0.82984507	1.2407132	0.0094196629	14.596767
0.82828581	1.2352365	0.0018520731	14.592654
0.83608204	1.2391025	-0.0057155164	14.617339
0.83608204	1.2526333	-0.038508404	14.65025
0.83296359	1.2552106	-0.020009853	14.625566
0.82360798	1.250056	-0.0048746732	14.604996
0.82048947	1.250056	-0.037667561	14.654365
0.82360798	1.2503781	0.0094196629	14.596767
0.82048947	1.23427	0.0035337596	14.592654
0.82672656	1.2423241	0.0035337596	14.609111
0.82984507	1.2407132	0.01110135	14.600883
0.82828581	1.2494117	-0.0048746732	14.625566
0.82360798	1.2529554	0.03128159	14.604996
0.82360798	1.2542441	-0.021691538	14.613224
0.82516724	1.2574657	-0.0015113001	14.625566
0.82984507	1.2442571	-0.014123949	14.56797
0.82204872	1.2523111	0.021191468	14.592654
0.81893015	1.2449014	-0.024214068	14.600883
0.82048947	1.2320149	0.0026929164	14.58854
0.82204872	1.2426462	-0.01916901	14.642023
0.82516724	1.2490895	0.01614641	14.642023
0.83140433	1.2484452	0.0043746028	14.613224
0.82360798	1.2336257	-0.0090788892	14.609111
0.82828581	1.2461901	-0.015805636	14.617339
0.82984507	1.2510225	-0.026736598	14.625566
0.82204872	1.2564993	-0.012442263	14.621452
0.82204872	1.2552106	0.012783037	14.62968
0.81113386	1.2452235	0.0052154465	14.58854
0.81425238	1.2436128	0.0035337596	14.609111
0.82048947	1.2497338	-0.014964793	14.604996
0.81737089	1.2584323	0.0043746028	14.637908
0.82204872	1.260043	0.018668938	14.600883
0.82828581	1.2674528	0.0010112298	14.637908
0.81581163	1.25811	-0.040190089	14.600883
0.81893015	1.2545663	-0.01160142	14.637908
0.81581163	1.2439349	0.007737976	14.604996
0.81737089	1.2426462	0.0068971328	14.613224
0.81113386	1.2287933	0.020350626	14.580312
