Fout	Lin	Lout	sono
1.7887934	0.47589901	-0.013283106	13.609404
1.7809972	0.74619341	-0.0031929866	13.613517
1.7778785	0.92241639	0.10443496	13.62586
1.7825564	1.0177766	-0.01916901	13.613517
1.7872342	1.078021	-0.013283106	13.592948
1.7809972	1.1163584	-0.0073972028	13.638202
1.7809972	1.1450309	-0.025895756	13.634088
1.7872342	1.161139	-0.0073972028	13.617632
1.7903527	1.1656493	0.013623879	13.629973
1.7887934	1.1643606	-0.0048746732	13.638202
1.7872342	1.1566287	0.015305566	13.613517
1.7856749	1.1624277	-0.0082380464	13.62586
1.7825564	1.1669379	0.084254712	13.62586
1.7809972	1.1627499	-0.022532383	13.609404
1.7841157	1.161139	0.016987253	13.621745
1.7887934	1.1646829	0.011942193	13.617632
1.7841157	1.1659715	-0.010760576	13.638202
1.7825564	1.1688709	0.030440746	13.617632
1.7856749	1.1669379	0.010260507	13.62586
1.7825564	1.1749921	-0.0057155164	13.613517
1.7887934	1.1869121	0.10359412	13.621745
1.7887934	1.1766028	-0.026736598	13.597061
1.7841157	1.1659715	0.0001703865	13.613517
1.7778785	1.1698375	-0.01160142	13.609404
1.7825564	1.1672602	-0.0065563596	13.605289
1.7794378	1.1762807	-0.021691538	13.650544
1.7778785	1.1769251	-0.012442263	13.650544
1.7841157	1.1714482	0.021191468	13.629973
1.7825564	1.1614612	0.029599901	13.605289
1.7872342	1.1708039	0.0018520731	13.605289
1.7856749	1.165005	-0.01664648	13.617632
1.7825564	1.1601726	0.027077371	13.588833
1.7841157	1.153085	0.0035337596	13.597061
1.7856749	1.1640385	-0.19070102	13.617632
1.7841157	1.1604947	0.018668938	13.617632
1.7887934	1.1704818	-0.012442263	13.634088
1.7794378	1.1637163	-0.01160142	13.609404
1.7841157	1.1791801	-0.017487323	13.621745
1.7809972	1.1685488	0.010260507	13.597061
1.7809972	1.1772472	-0.00067045673	13.617632
1.7872342	1.1824018	-0.025895756	13.646429
1.7887934	1.1749921	0.01110135	13.617632
1.7841157	1.1727369	0.0035337596	13.638202
1.7809972	1.1637163	-0.0065563596	13.601176
1.7856749	1.1691931	-0.010760576	13.634088
1.7872342	1.1704818	-0.0073972028	13.629973
1.7856749	1.1685488	0.016987253	13.634088
1.7809972	1.1637163	-0.0048746732	13.609404
1.7856749	1.1595283	-0.0065563596	13.601176
1.7841157	1.161139	-0.0073972028	13.609404
1.7778785	1.163072	-0.018328166	13.638202
1.7841157	1.1598504	0.063233636	13.613517
1.7856749	1.1688709	-0.015805636	13.634088
1.7841157	1.1766028	-0.025895756	13.629973
1.7825564	1.1824018	0.075005442	13.613517
1.7841157	1.1743478	-0.014123949	13.597061
1.7794378	1.1766028	-0.0065563596	13.605289
1.7825564	1.1598504	0.0001703865	13.592948
1.7794378	1.1746699	0.0026929164	13.658772
1.7856749	1.1746699	-0.0082380464	13.638202
1.7809972	1.1756364	-0.025895756	13.617632
1.7872342	1.1766028	0.0010112298	13.629973
1.7872342	1.1817575	-0.0031929866	13.642316
1.7841157	1.1801467	-0.030940816	13.629973
1.7856749	1.1804688	0.059029419	13.62586
1.7825564	1.1685488	0.0085788192	13.613517
1.7825564	1.161139	0.028759057	13.629973
1.7825564	1.1646829	-0.0040338296	13.638202
1.7903527	1.1711261	0.0085788192	13.613517
1.7778785	1.1817575	-0.0099197328	13.617632
1.7872342	1.1840127	0.0060562897	13.634088
1.7856749	1.1872343	-0.021691538	13.62586
1.7825564	1.1956105	0.040530864	13.642316
1.7872342	1.18659	-0.0065563596	13.617632
1.7841157	1.1869121	0.0035337596	13.609404
1.7809972	1.1798245	0.11704761	13.609404
1.7809972	1.1804688	0.0052154465	13.646429
1.7825564	1.1756364	-0.069619603	13.634088
1.7809972	1.1675823	0.0035337596	13.629973
1.7809972	1.1540514	-0.028418286	13.621745
1.7872342	1.1575953	0.012783037	13.605289
1.7872342	1.1685488	-0.022532383	13.638202
1.7763193	1.1766028	-0.0023521434	13.629973
1.7825564	1.1675823	0.013623879	13.613517
1.7809972	1.1785358	-0.020850696	13.621745
1.7841157	1.1766028	0.018668938	13.621745
1.7934712	1.1704818	-0.0099197328	13.629973
1.7856749	1.1801467	0.011942193	13.629973
1.7856749	1.1801467	0.028759057	13.617632
1.7825564	1.1882007	-0.010760576	13.62586
1.7872342	1.1714482	0.014464723	13.580605
1.7841157	1.1730591	-0.033463344	13.601176
1.7825564	1.165005	0.0043746028	13.613517
1.7825564	1.1617833	0.0068971328	13.621745
1.7856749	1.1679045	0.0068971328	13.650544
1.7825564	1.1685488	0.0094196629	13.634088
1.7809972	1.1659715	-0.038508404	13.642316
1.7856749	1.1563066	-0.014123949	13.601176
1.7794378	1.1640385	-0.01916901	13.613517
1.7841157	1.1643606	-0.0082380464	13.580605
1.7887934	1.1669379	0.01110135	13.617632
1.7825564	1.1669379	0.032122433	13.609404
1.7809972	1.1708039	0.014464723	13.650544
1.7825564	1.1785358	0.019509783	13.621745
1.7903527	1.1679045	0.011942193	13.601176
1.7856749	1.1740255	-0.0015113001	13.613517
1.7809972	1.18659	0.0001703865	13.634088
1.7794378	1.1737034	-0.023373226	13.588833
1.7887934	1.1704818	-0.025054913	13.621745
1.7856749	1.1708039	-0.0057155164	13.62586
1.7825564	1.1601726	0.0018520731	13.629973
1.7825564	1.1543736	-0.20499536	13.617632
1.7841157	1.163072	0.0094196629	13.634088
1.7872342	1.1479304	-0.0057155164	13.58472
1.7763193	1.1669379	-0.017487323	13.629973
1.7856749	1.1659715	-0.013283106	13.613517
1.77476	1.1672602	-0.024214068	13.609404
1.7903527	1.1801467	-0.00067045673	13.642316
1.7825564	1.1753142	-0.0073972028	13.646429
1.7872342	1.1782137	-0.0023521434	13.642316
1.7856749	1.1872343	0.01110135	13.629973
1.7794378	1.1785358	-0.013283106	13.613517
1.7841157	1.1704818	0.0018520731	13.601176
1.7872342	1.1737034	-0.00067045673	13.609404
1.7841157	1.1691931	0.0026929164	13.592948
1.7825564	1.1904559	-0.041871779	13.642316
1.7872342	1.1791801	0.014464723	13.642316
1.7872342	1.1708039	0.01110135	13.617632
1.7856749	1.1601726	0.0043746028	13.605289
1.7825564	1.1704818	0.014464723	13.646429
1.7778785	1.1659715	0.0094196629	13.629973
1.7825564	1.1698375	-0.01916901	13.629973
1.7794378	1.1720926	0.048939295	13.62586
1.7856749	1.1811131	-0.021691538	13.62586
1.7841157	1.1817575	-0.0015113001	13.650544
1.7841157	1.1778915	-0.0057155164	13.629973
1.7872342	1.1717705	-0.013283106	13.613517
1.7903527	1.1714482	0.095185675	13.62586
1.7841157	1.1795024	-0.021691538	13.638202
1.7778785	1.1785358	-0.01916901	13.621745
1.7856749	1.1762807	-0.0048746732	13.629973
1.7841157	1.1724148	0.0094196629	13.597061
1.7887934	1.1704818	0.015305566	13.658772
1.7841157	1.1717705	-0.012442263	13.62586
1.7841157	1.1691931	0.0001703865	13.62586
1.7809972	1.1743478	0.0010112298	13.629973
1.7841157	1.1785358	-0.020850696	13.650544
1.7809972	1.1698375	-0.0048746732	13.609404
1.7856749	1.1637163	0.01110135	13.621745
1.7841157	1.1579174	0.034644961	13.597061
1.7841157	1.1682266	0.010260507	13.658772
1.7825564	1.1769251	0.012783037	13.634088
1.7856749	1.1753142	0.0026929164	13.629973
1.7825564	1.1711261	0.16245314	13.609404
1.7778785	1.1695153	-0.028418286	13.62586
1.7778785	1.1817575	-0.030940816	13.617632
1.7825564	1.1733812	-0.0082380464	13.605289
1.7872342	1.1646829	-0.015805636	13.588833
1.7809972	1.1614612	0.050620981	13.629973
1.7809972	1.1617833	-0.01664648	13.605289
1.7825564	1.1517963	0.0001703865	13.597061
1.7856749	1.1566287	-0.01160142	13.601176
1.7763193	1.1543736	-0.0031929866	13.638202
1.7856749	1.153085	-0.0015113001	13.613517
1.7887934	1.1527628	-0.00067045673	13.621745
1.7856749	1.1595283	-0.0040338296	13.617632
1.7841157	1.1572731	0.013623879	13.617632
1.7825564	1.1662936	-0.022532383	13.613517
1.7841157	1.1669379	0.0094196629	13.621745
1.7778785	1.1604947	0.0010112298	13.605289
1.7856749	1.1743478	0.0026929164	13.650544
1.7825564	1.1730591	0.021191468	13.617632
1.7809972	1.1753142	-0.010760576	13.609404
1.7809972	1.1817575	-0.0023521434	13.634088
1.7841157	1.1698375	0.016987253	13.629973
1.7856749	1.1685488	-0.021691538	13.621745
1.7809972	1.1743478	-0.0057155164	13.629973
1.7856749	1.1746699	0.0094196629	13.617632
1.7825564	1.1669379	0.0043746028	13.621745
1.7841157	1.1672602	0.081732184	13.634088
1.7825564	1.1698375	0.010260507	13.629973
1.7841157	1.1737034	-0.01916901	13.642316
1.7841157	1.1746699	0.0052154465	13.638202
1.7825564	1.1688709	0.013623879	13.617632
1.7825564	1.1682266	0.011942193	13.613517
1.7794378	1.1737034	0.0026929164	13.634088
1.7778785	1.1740255	-0.0023521434	13.646429
1.7825564	1.1801467	-0.014123949	13.634088
1.77476	1.192711	-0.020009853	13.629973
1.7856749	1.1862677	0.013623879	13.609404
1.7809972	1.1840127	-0.0015113001	13.621745
1.7856749	1.1811131	-0.0099197328	13.617632
1.7856749	1.1766028	0.083413877	13.634088
1.7794378	1.1608169	-0.0099197328	13.609404
1.7856749	1.1637163	0.015305566	13.642316
1.7825564	1.1579174	-0.028418286	13.605289
1.7794378	1.1559844	0.0085788192	13.617632
1.7856749	1.1617833	-0.01916901	13.613517
1.7825564	1.1701596	0.0068971328	13.654657
1.7856749	1.1717705	-0.012442263	13.62586
1.7825564	1.1727369	-0.22013055	13.617632
1.7825564	1.1669379	0.0026929164	13.609404
1.7794378	1.1798245	-0.020850696	13.675228
1.7841157	1.1762807	0.007737976	13.62586
1.7778785	1.1824018	0.010260507	13.642316
1.7778785	1.180791	0.1246152	13.609404
1.7809972	1.1717705	-0.039349247	13.621745
1.7856749	1.1669379	-0.014964793	13.597061
1.7825564	1.1617833	0.0043746028	13.605289
1.7809972	1.1737034	-0.022532383	13.629973
1.7825564	1.1669379	-0.30337399	13.629973
1.7856749	1.1711261	-0.017487323	13.638202
1.7856749	1.1624277	0.0026929164	13.605289
1.7809972	1.1543736	-0.0065563596	13.592948
1.7809972	1.1456752	0.012783037	13.613517
1.7763193	1.1501855	0.0085788192	13.613517
1.7841157	1.1527628	0.012783037	13.609404
1.7856749	1.1621056	-0.014123949	13.629973
1.7809972	1.1688709	0.15656725	13.638202
1.7825564	1.1621056	-0.0048746732	13.597061
1.7856749	1.165005	0.007737976	13.621745
1.7825564	1.1717705	0.0018520731	13.617632
1.7841157	1.1675823	0.013623879	13.629973
1.7763193	1.1627499	-0.0057155164	13.601176
1.7763193	1.1559844	0.016987253	13.613517
1.7794378	1.1556623	-0.01916901	13.597061
1.7778785	1.1653272	-0.0065563596	13.617632
1.7825564	1.1637163	0.0026929164	13.62586
1.7809972	1.163072	-0.017487323	13.609404
1.7825564	1.1698375	-0.01664648	13.634088
1.7794378	1.1756364	-0.021691538	13.646429
1.7825564	1.1714482	-0.0073972028	13.613517
1.7809972	1.1749921	0.0001703865	13.634088
1.7809972	1.1782137	-0.01160142	13.638202
1.7763193	1.1714482	0.0094196629	13.621745
1.7809972	1.1801467	-0.012442263	13.638202
1.7825564	1.1814353	0.10107159	13.62586
1.7778785	1.1930332	-0.020009853	13.650544
1.7778785	1.1939996	-0.0048746732	13.654657
1.7809972	1.1882007	0.015305566	13.617632
1.7794378	1.1737034	0.020350626	13.597061
1.7856749	1.1762807	-0.024214068	13.613517
1.7825564	1.1756364	0.010260507	13.617632
1.7825564	1.178858	-0.014964793	13.650544
1.77476	1.1698375	-0.014123949	13.621745
1.7825564	1.156951	0.0060562897	13.605289
1.7778785	1.1640385	-0.032622501	13.642316
1.7763193	1.1575953	-0.0015113001	13.605289
1.7856749	1.1637163	-0.0065563596	13.617632
1.7825564	1.149219	0.016987253	13.58472
1.7794378	1.1656493	-0.0015113001	13.629973
1.7809972	1.1682266	-0.027577441	13.621745
1.7778785	1.1640385	0.075846285	13.621745
1.7887934	1.1672602	-0.014123949	13.621745
1.7825564	1.1759585	0.017828096	13.662886
1.7841157	1.1766028	-0.025054913	13.621745
1.7825564	1.1753142	0.012783037	13.613517
1.7825564	1.1708039	0.075846285	13.617632
1.7763193	1.1778915	-0.031781659	13.629973
1.7809972	1.1711261	-0.010760576	13.617632
1.7825564	1.1795024	0.013623879	13.642316
1.7763193	1.1724148	0.0060562897	13.605289
1.7841157	1.1662936	0.0018520731	13.638202
1.7825564	1.1656493	0.017828096	13.601176
1.7809972	1.1672602	0.012783037	13.613517
1.7778785	1.1737034	0.007737976	13.617632
1.7825564	1.1637163	-0.022532383	13.576491
1.7825564	1.1778915	-0.024214068	13.658772
1.7809972	1.1714482	0.007737976	13.62586
1.77476	1.1714482	-0.013283106	13.617632
1.7841157	1.1608169	-0.2428333	13.617632
1.7809972	1.1646829	0.007737976	13.609404
1.7763193	1.1582396	0.0010112298	13.601176
1.7841157	1.1691931	0.090140626	13.629973
1.7809972	1.1714482	-0.0065563596	13.638202
1.7794378	1.1695153	-0.01916901	13.609404
1.7856749	1.161139	0.015305566	13.617632
1.7841157	1.1543736	0.017828096	13.617632
1.7763193	1.1540514	0.087618083	13.613517
1.7732008	1.1585617	-0.032622501	13.613517
1.7825564	1.1653272	0.012783037	13.617632
1.7809972	1.1608169	-0.01916901	13.597061
1.7825564	1.1656493	-0.0015113001	13.629973
1.7778785	1.1669379	0.096867368	13.605289
1.7809972	1.1711261	-0.010760576	13.646429
1.7841157	1.1830461	0.022032311	13.662886
1.7809972	1.1791801	0.037167493	13.634088
1.7778785	1.1801467	0.014464723	13.62586
1.7825564	1.1824018	0.0035337596	13.638202
1.7809972	1.1849791	-0.030099971	13.617632
1.7841157	1.1830461	-0.022532383	13.646429
1.7778785	1.1785358	0.0035337596	13.621745
1.7841157	1.1714482	-0.00067045673	13.621745
1.7825564	1.1653272	0.0018520731	13.629973
1.7778785	1.1666158	0.0010112298	13.62586
1.7841157	1.1704818	0.0094196629	13.634088
1.7763193	1.1756364	-0.015805636	13.601176
1.7809972	1.1698375	0.0026929164	13.621745
1.7763193	1.1659715	-0.0040338296	13.629973
1.7809972	1.1608169	0.039690021	13.609404
1.7778785	1.1685488	-0.017487323	13.613517
1.7809972	1.1691931	0.0035337596	13.605289
1.7825564	1.1714482	-0.015805636	13.634088
1.7778785	1.1691931	-0.010760576	13.62586
1.7809972	1.1853013	0.11620677	13.629973
1.7732008	1.1836904	-0.014964793	13.609404
1.7778785	1.1843348	0.0094196629	13.650544
1.7809972	1.1798245	0.0018520731	13.609404
1.7794378	1.1720926	0.016987253	13.613517
1.7809972	1.1708039	0.0052154465	13.621745
1.7825564	1.1737034	0.014464723	13.629973
1.7809972	1.1695153	0.007737976	13.613517
1.7778785	1.1733812	0.0068971328	13.629973
1.7778785	1.1659715	-0.027577441	13.605289
1.7841157	1.156951	0.0018520731	13.646429
1.7794378	1.1666158	-0.010760576	13.613517
1.7841157	1.1637163	-0.0048746732	13.621745
1.7809972	1.1720926	-0.025054913	13.638202
1.7809972	1.1698375	-0.012442263	13.601176
1.7794378	1.1711261	-0.0015113001	13.621745
1.7794378	1.1669379	0.018668938	13.613517
1.7841157	1.1743478	-0.0065563596	13.621745
1.7763193	1.1762807	-0.26133186	13.638202
1.7841157	1.1830461	0.0026929164	13.629973
1.7825564	1.178858	-0.030099971	13.621745
1.7825564	1.1637163	-0.0031929866	13.609404
1.7825564	1.1627499	-0.014123949	13.609404
1.7809972	1.1669379	0.0026929164	13.629973
1.7778785	1.156951	0.0085788192	13.609404
1.7825564	1.1617833	-0.0031929866	13.62586
1.7809972	1.1598504	0.13386448	13.634088
1.7794378	1.1563066	-0.018328166	13.588833
1.77476	1.1598504	0.0035337596	13.601176
1.7794378	1.1666158	0.012783037	13.613517
1.7825564	1.1637163	0.0035337596	13.605289
1.77476	1.1711261	-0.017487323	13.617632
1.7778785	1.1733812	-0.030940816	13.613517
1.7778785	1.1749921	-0.020850696	13.609404
1.7809972	1.1849791	-0.0048746732	13.654657
1.7872342	1.1856234	-0.01160142	13.62586
1.7872342	1.1730591	-0.010760576	13.617632
1.7825564	1.1775694	0.0052154465	13.646429
1.77476	1.1711261	-0.014964793	13.613517
1.7778785	1.1608169	0.028759057	13.609404
1.7841157	1.1585617	0.026236527	13.642316
1.7809972	1.1546957	-0.0048746732	13.613517
1.7825564	1.1682266	-0.046075992	13.629973
1.7763193	1.1685488	-0.0023521434	13.617632
1.7872342	1.1633942	-0.021691538	13.601176
1.7825564	1.155018	0.030440746	13.601176
1.7763193	1.1646829	0.019509783	13.621745
1.7809972	1.1685488	-0.023373226	13.613517
1.7809972	1.1759585	0.1809517	13.62586
1.7825564	1.1782137	0.0001703865	13.605289
1.7794378	1.1853013	0.012783037	13.650544
1.7809972	1.180791	0.0094196629	13.605289
1.7794378	1.1817575	-0.030940816	13.617632
1.7841157	1.1778915	0.015305566	13.617632
1.7856749	1.1733812	0.012783037	13.621745
1.7778785	1.1688709	-0.0048746732	13.629973
1.7825564	1.1682266	0.0001703865	13.617632
1.7809972	1.1824018	-0.017487323	13.658772
1.7825564	1.1756364	0.012783037	13.621745
1.7825564	1.1730591	0.0026929164	13.613517
1.7841157	1.1778915	-0.036826719	13.629973
1.7778785	1.1801467	-0.010760576	13.629973
1.7809972	1.1749921	-0.034304187	13.601176
1.7856749	1.1737034	0.0026929164	13.605289
1.7763193	1.1656493	-0.0031929866	13.609404
1.7856749	1.1662936	-0.017487323	13.605289
1.7778785	1.1604947	0.024554841	13.580605
1.7841157	1.1685488	-0.0073972028	13.617632
1.7794378	1.1733812	-0.0099197328	13.621745
1.7794378	1.1782137	-0.0023521434	13.629973
1.7778785	1.178858	-0.0099197328	13.617632
1.7778785	1.1695153	0.0018520731	13.609404
1.7841157	1.1572731	-0.0057155164	13.634088
1.7809972	1.1575953	0.0035337596	13.629973
1.7809972	1.1575953	-0.0015113001	13.617632
1.7872342	1.1537293	0.018668938	13.609404
1.7794378	1.1546957	-0.013283106	13.617632
1.7763193	1.161139	0.015305566	13.617632
1.7809972	1.1675823	-0.030099971	13.613517
1.7809972	1.1604947	0.0085788192	13.609404
1.7809972	1.1585617	0.011942193	13.601176
1.7872342	1.1653272	0.03128159	13.62586
1.7778785	1.1672602	-0.0057155164	13.613517
1.7872342	1.1720926	0.0035337596	13.609404
1.7809972	1.1624277	0.01614641	13.58472
1.7763193	1.1733812	-0.024214068	13.613517
1.7841157	1.1643606	-0.01664648	13.621745
1.7794378	1.1766028	-0.027577441	13.629973
1.7841157	1.1662936	0.01110135	13.617632
1.7825564	1.1691931	0.14395459	13.629973
1.7841157	1.1730591	0.0052154465	13.638202
1.7841157	1.1682266	-0.0031929866	13.617632
1.7903527	1.161139	-0.21508548	13.638202
1.7825564	1.1682266	0.011942193	13.629973
1.7856749	1.1656493	0.021191468	13.617632
1.7809972	1.1614612	0.017828096	13.592948
1.7825564	1.1708039	-0.012442263	13.629973
1.7841157	1.1666158	-0.018328166	13.634088
1.7794378	1.1756364	-0.030099971	13.621745
1.7794378	1.1801467	-0.027577441	13.621745
1.7825564	1.1798245	-0.01160142	13.621745
1.7825564	1.1698375	0.016987253	13.597061
1.7809972	1.1817575	0.074164599	13.613517
1.7856749	1.1724148	0.0026929164	13.617632
1.7778785	1.1795024	-0.020850696	13.638202
1.7825564	1.1766028	-0.034304187	13.62586
1.7825564	1.1672602	-0.0090788892	13.621745
1.7841157	1.1698375	0.036326651	13.613517
1.7809972	1.1627499	0.015305566	13.629973
1.7794378	1.1572731	-0.038508404	13.613517
1.7872342	1.1559844	0.011942193	13.605289
1.7809972	1.1633942	-0.0073972028	13.613517
1.7778785	1.1637163	0.013623879	13.621745
1.7872342	1.1756364	-0.0082380464	13.667
1.7778785	1.1775694	-0.023373226	13.621745
1.7809972	1.1824018	0.0035337596	13.617632
1.7825564	1.1798245	-0.025895756	13.634088
1.7794378	1.1714482	0.018668938	13.597061
1.7763193	1.1662936	-0.0023521434	13.605289
1.7809972	1.1685488	-0.0048746732	13.601176
1.7825564	1.1737034	-0.014123949	13.646429
1.7841157	1.1772472	-0.0031929866	13.646429
1.7841157	1.1572731	0.0052154465	13.597061
1.7872342	1.1666158	0.036326651	13.629973
1.7763193	1.1553401	-0.020009853	13.601176
1.7809972	1.1679045	-0.0057155164	13.650544
1.7763193	1.1672602	0.01614641	13.617632
1.7825564	1.1608169	-0.012442263	13.609404
1.7763193	1.1653272	0.0001703865	13.621745
1.7809972	1.159206	0.0060562897	13.613517
1.7794378	1.1688709	-0.010760576	13.621745
1.7856749	1.1666158	0.016987253	13.617632
1.7809972	1.1724148	-0.015805636	13.62586
1.7887934	1.1743478	0.015305566	13.634088
1.7841157	1.1772472	-0.018328166	13.605289
1.7825564	1.1749921	-0.017487323	13.601176
1.7825564	1.1714482	-0.0040338296	13.609404
1.7794378	1.1762807	-0.0065563596	13.646429
1.7809972	1.1685488	0.080050498	13.617632
1.7825564	1.1637163	-0.0031929866	13.62586
1.7809972	1.163072	0.012783037	13.62586
1.7778785	1.1566287	0.017828096	13.617632
1.7856749	1.153085	0.015305566	13.605289
1.7809972	1.1521184	-0.0057155164	13.597061
1.7763193	1.1563066	0.007737976	13.621745
1.7794378	1.1501855	-0.015805636	13.58472
1.7809972	1.1621056	0.012783037	13.621745
1.7778785	1.1691931	0.0060562897	13.62586
1.7809972	1.1743478	0.0026929164	13.62586
1.7778785	1.1662936	-0.028418286	13.617632
1.7809972	1.1753142	-0.0031929866	13.609404
1.7825564	1.1769251	0.10275327	13.621745
1.7809972	1.1730591	-0.014123949	13.597061
1.7778785	1.1711261	-0.015805636	13.601176
1.7809972	1.1614612	-0.0099197328	13.58472
1.7763193	1.1546957	-0.025054913	13.613517
1.7794378	1.1566287	-0.0015113001	13.617632
1.7794378	1.1633942	0.0010112298	13.654657
1.7778785	1.1598504	0.0026929164	13.605289
1.7794378	1.1653272	0.0043746028	13.613517
1.7794378	1.159206	-0.020850696	13.609404
1.7825564	1.1566287	0.0001703865	13.605289
1.7778785	1.1637163	-0.026736598	13.613517
1.7825564	1.1643606	0.033804119	13.609404
1.7794378	1.1733812	-0.17808838	13.638202
1.7763193	1.1724148	-0.010760576	13.634088
1.7809972	1.1753142	-0.012442263	13.617632
1.7809972	1.1772472	-0.021691538	13.613517
1.7872342	1.1791801	-0.015805636	13.605289
1.7809972	1.1836904	-0.24031077	13.629973
1.7809972	1.1804688	0.0026929164	13.597061
1.7794378	1.1743478	-0.0082380464	13.597061
1.7841157	1.1785358	0.0052154465	13.629973
1.7794378	1.1675823	-0.018328166	13.638202
1.7825564	1.1727369	0.0052154465	13.642316
1.7778785	1.1601726	0.0035337596	13.601176
1.7841157	1.1669379	-0.0031929866	13.613517
1.7763193	1.1653272	0.027918214	13.617632
1.7794378	1.1646829	0.01614641	13.613517
1.7778785	1.1743478	-0.014964793	13.638202
1.7809972	1.1711261	-0.0057155164	13.621745
1.7809972	1.1785358	-0.018328166	13.662886
1.7809972	1.1772472	0.0026929164	13.617632
1.7778785	1.1843348	-0.0073972028	13.62586
1.7809972	1.1817575	0.035485804	13.609404
1.7794378	1.1898116	0.013623879	13.629973
1.7841157	1.1894894	0.013623879	13.613517
1.7794378	1.1904559	-0.01664648	13.62586
1.7778785	1.1766028	-0.0048746732	13.601176
1.7794378	1.1708039	0.0018520731	13.62586
1.7825564	1.1514741	0.029599901	13.605289
1.7794378	1.1537293	0.0035337596	13.617632
1.7841157	1.1682266	-0.013283106	13.629973
1.7778785	1.1627499	-0.0073972028	13.613517
1.7809972	1.1604947	0.0010112298	13.605289
1.7763193	1.1595283	0.0043746028	13.617632
1.7778785	1.1624277	-0.35130206	13.62586
1.7809972	1.1691931	-0.0031929866	13.646429
1.7841157	1.1730591	0.037167493	13.634088
1.7856749	1.1711261	-0.0057155164	13.613517
1.7778785	1.1733812	-0.013283106	13.613517
1.7825564	1.1733812	0.0052154465	13.621745
1.7794378	1.1646829	0.018668938	13.601176
1.7809972	1.1749921	-0.0023521434	13.617632
1.7809972	1.1685488	-0.0057155164	13.597061
1.7778785	1.1588839	-0.014964793	13.617632
1.7778785	1.1714482	-0.01160142	13.629973
1.7809972	1.1698375	-0.00067045673	13.638202
1.7809972	1.1585617	-0.010760576	13.613517
1.7763193	1.1585617	-0.0048746732	13.634088
1.7809972	1.1537293	0.0035337596	13.609404
1.7732008	1.1553401	0.0035337596	13.609404
1.7778785	1.1669379	-0.0099197328	13.62586
1.7794378	1.1849791	-0.018328166	13.683456
1.7763193	1.1778915	-0.00067045673	13.629973
1.7825564	1.1766028	0.0094196629	13.609404
1.7794378	1.1691931	0.013623879	13.601176
1.7809972	1.1753142	0.014464723	13.629973
1.7825564	1.1785358	0.015305566	13.62586
1.7841157	1.1727369	-0.0048746732	13.621745
1.7778785	1.1698375	-0.032622501	13.601176
1.7809972	1.1714482	-0.01664648	13.646429
1.7794378	1.1759585	-0.01916901	13.638202
1.7856749	1.1708039	0.026236527	13.617632
1.7825564	1.1627499	-0.0065563596	13.592948
1.7794378	1.1733812	-0.0065563596	13.646429
1.7763193	1.1720926	-0.015805636	13.617632
1.7809972	1.1701596	-0.0057155164	13.634088
1.7778785	1.1682266	0.023713998	13.597061
1.7809972	1.1666158	-0.00067045673	13.646429
1.7778785	1.1730591	-0.0031929866	13.629973
1.7763193	1.1666158	0.035485804	13.617632
1.7794378	1.1656493	-0.012442263	13.629973
1.7778785	1.1685488	0.0068971328	13.634088
1.7778785	1.180791	-0.022532383	13.650544
1.7809972	1.1701596	0.0052154465	13.601176
1.7825564	1.1785358	0.027918214	13.629973
1.7778785	1.1814353	-0.0015113001	13.634088
1.77476	1.1840127	-0.0031929866	13.629973
1.77476	1.1882007	0.007737976	13.629973
1.7856749	1.1720926	0.022873154	13.601176
1.7794378	1.1711261	0.0094196629	13.629973
1.7778785	1.1714482	-0.018328166	13.605289
1.7763193	1.1743478	-0.036826719	13.634088
1.7763193	1.1801467	-0.0048746732	13.629973
1.7778785	1.1682266	-0.0082380464	13.621745
1.7809972	1.1643606	0.019509783	13.617632
1.7778785	1.1685488	-0.023373226	13.634088
1.7778785	1.180791	-0.024214068	13.634088
1.7763193	1.1653272	0.053143516	13.629973
1.7778785	1.1795024	-0.0082380464	13.62586
1.7794378	1.1875564	-0.0015113001	13.634088
1.7763193	1.1843348	-0.035985876	13.621745
1.7809972	1.1882007	-0.023373226	13.642316
1.7825564	1.1885229	0.026236527	13.634088
1.7809972	1.1772472	0.0018520731	13.613517
1.7794378	1.1756364	-0.014123949	13.613517
1.7794378	1.1640385	0.10863917	13.642316
1.7809972	1.1524407	0.019509783	13.601176
1.7778785	1.1566287	0.0026929164	13.588833
1.7778785	1.1559844	0.0018520731	13.605289
1.7825564	1.1501855	-0.014964793	13.621745
1.7825564	1.1604947	0.096867368	13.621745
1.7825564	1.1717705	-0.014964793	13.650544
1.7763193	1.1756364	-0.025054913	13.621745
1.7809972	1.1724148	0.0018520731	13.642316
1.7778785	1.1633942	0.019509783	13.609404
1.7778785	1.1762807	0.018668938	13.621745
1.7763193	1.1746699	-0.0040338296	13.609404
1.7856749	1.1885229	-0.0099197328	13.662886
1.7825564	1.1843348	0.0085788192	13.621745
1.7841157	1.1791801	-0.022532383	13.629973
1.7825564	1.1730591	-0.014964793	13.617632
1.7825564	1.1798245	-0.014123949	13.662886
1.7794378	1.1746699	-0.014964793	13.617632
1.7825564	1.1688709	0.035485804	13.601176
1.7872342	1.156951	-0.0082380464	13.58472
1.7794378	1.1601726	-0.017487323	13.617632
1.7763193	1.1679045	-0.010760576	13.621745
1.7825564	1.1708039	0.0052154465	13.629973
1.7732008	1.1727369	0.027918214	13.621745
1.7763193	1.1875564	-0.014964793	13.691685
1.7825564	1.1885229	-0.020009853	13.629973
1.7778785	1.1840127	0.030440746	13.634088
1.7763193	1.1930332	0.0001703865	13.634088
1.7841157	1.1869121	0.019509783	13.629973
1.7825564	1.1894894	0.007737976	13.613517
1.77476	1.1730591	-0.015805636	13.601176
1.7794378	1.1666158	0.0060562897	13.609404
1.7794378	1.1640385	-0.018328166	13.642316
1.7809972	1.151152	0.0060562897	13.605289
1.7809972	1.1495411	-0.0082380464	13.617632
1.7763193	1.159206	-0.0057155164	13.621745
1.7763193	1.1701596	-0.17892922	13.646429
1.7825564	1.1627499	0.013623879	13.580605
1.7763193	1.1688709	-0.020850696	13.605289
1.7778785	1.161139	0.06743785	13.597061
1.7841157	1.1646829	-0.0057155164	13.650544
1.7841157	1.1646829	-0.017487323	13.609404
1.7778785	1.1817575	-0.0065563596	13.650544
1.7825564	1.1891673	-0.012442263	13.621745
1.7809972	1.1775694	-0.014964793	13.617632
1.7763193	1.1637163	0.0094196629	13.597061
1.7794378	1.1682266	0.0010112298	13.613517
1.7809972	1.1749921	0.0018520731	13.617632
1.7825564	1.1682266	-0.014964793	13.621745
1.7825564	1.1682266	-0.0099197328	13.621745
1.7794378	1.1717705	-0.027577441	13.629973
1.7841157	1.1753142	-0.030940816	13.646429
1.7794378	1.1656493	-0.0015113001	13.621745
1.7841157	1.1753142	0.0026929164	13.634088
1.7794378	1.1672602	0.0094196629	13.597061
1.7809972	1.1579174	0.020350626	13.609404
1.7809972	1.1537293	0.0001703865	13.638202
1.7841157	1.1695153	0.038849179	13.638202
1.7809972	1.1701596	-0.00067045673	13.642316
1.7841157	1.1675823	-0.01916901	13.601176
1.7778785	1.1669379	0.017828096	13.646429
1.77476	1.1708039	0.0085788192	13.629973
1.7825564	1.1740255	-0.041030932	13.629973
1.7856749	1.1785358	0.012783037	13.62586
1.7763193	1.1643606	0.007737976	13.621745
1.7778785	1.1643606	0.011942193	13.617632
1.7825564	1.1688709	-0.0031929866	13.62586
1.7794378	1.1643606	-0.0082380464	13.613517
1.7778785	1.1737034	-0.031781659	13.675228
1.7794378	1.1708039	0.0068971328	13.617632
1.7794378	1.1717705	0.0052154465	13.605289
1.7763193	1.1666158	-0.0031929866	13.588833
1.7841157	1.1727369	-0.0057155164	13.613517
1.7825564	1.1740255	0.020350626	13.617632
1.7763193	1.1679045	0.024554841	13.617632
1.7732008	1.1701596	-0.01664648	13.62586
1.7763193	1.1759585	0.010260507	13.646429
1.7825564	1.1737034	-0.0015113001	13.621745
1.7794378	1.1804688	0.019509783	13.629973
1.7778785	1.1746699	-0.022532383	13.613517
1.7809972	1.1853013	-0.030099971	13.671113
1.7778785	1.1740255	-0.0090788892	13.617632
1.7825564	1.1698375	-0.0057155164	13.62586
1.7763193	1.1737034	-0.0082380464	13.629973
1.7732008	1.1769251	0.0001703865	13.654657
1.7778785	1.1714482	0.0018520731	13.617632
1.7794378	1.1617833	0.013623879	13.588833
1.7778785	1.1614612	0.0052154465	13.613517
1.7809972	1.1708039	0.0094196629	13.650544
1.7778785	1.1659715	0.0026929164	13.617632
1.7794378	1.1708039	-0.014964793	13.617632
1.7778785	1.1714482	-0.0090788892	13.62586
1.7809972	1.1791801	-0.029259128	13.667
1.7809972	1.1720926	-0.0065563596	13.613517
1.7794378	1.1727369	-0.024214068	13.613517
1.7778785	1.1614612	0.019509783	13.601176
1.7763193	1.1563066	0.13890953	13.629973
1.7825564	1.149219	-0.010760576	13.601176
1.7809972	1.1621056	-0.018328166	13.638202
1.7825564	1.1575953	0.025395684	13.617632
1.7794378	1.1601726	-0.0065563596	13.638202
1.7732008	1.1566287	0.010260507	13.617632
1.7809972	1.1476082	-0.0048746732	13.605289
1.7763193	1.1517963	-0.0099197328	13.605289
1.7809972	1.1514741	0.014464723	13.605289
1.7716415	1.1501855	-0.0031929866	13.609404
1.77476	1.1579174	0.0043746028	13.617632
1.7763193	1.1691931	-0.024214068	13.613517
1.7763193	1.1836904	-0.0031929866	13.650544
1.7763193	1.1917446	-0.01916901	13.629973
1.7825564	1.1933553	0.0010112298	13.654657
1.7809972	1.1853013	-0.0031929866	13.613517
1.7825564	1.1843348	0.058188573	13.650544
1.7825564	1.1804688	-0.0082380464	13.629973
1.7794378	1.1759585	0.0010112298	13.629973
1.7778785	1.1621056	0.026236527	13.605289
1.7763193	1.1679045	0.012783037	13.638202
1.7763193	1.1708039	-0.081391409	13.621745
1.7716415	1.1714482	-0.042712618	13.634088
1.7809972	1.1688709	-0.0090788892	13.621745
1.7794378	1.1691931	0.0018520731	13.642316
1.7763193	1.159206	0.015305566	13.588833
1.7825564	1.1682266	-0.0015113001	13.621745
1.7778785	1.1624277	0.0052154465	13.597061
1.7763193	1.1791801	-0.020850696	13.646429
1.7763193	1.1737034	0.007737976	13.601176
1.7825564	1.1753142	-0.0090788892	13.605289
1.7809972	1.1685488	-0.0099197328	13.601176
1.7809972	1.1717705	0.023713998	13.646429
1.7778785	1.1720926	0.012783037	13.609404
1.7763193	1.1682266	0.0026929164	13.613517
1.7778785	1.1749921	0.0068971328	13.638202
1.7778785	1.1743478	-0.014964793	13.62586
1.7856749	1.1775694	-0.031781659	13.634088
1.77476	1.1778915	-0.0057155164	13.617632
1.7778785	1.1698375	-0.012442263	13.609404
1.7763193	1.1749921	-0.030099971	13.642316
1.7778785	1.1659715	-0.0073972028	13.609404
1.7825564	1.1553401	-0.0023521434	13.605289
1.7763193	1.1579174	0.024554841	13.609404
1.7794378	1.1553401	-0.0099197328	13.597061
1.7778785	1.1604947	-0.014123949	13.617632
1.7763193	1.161139	0.0068971328	13.605289
1.77476	1.161139	-0.18565597	13.605289
1.7763193	1.1778915	-0.017487323	13.638202
1.7809972	1.1727369	-0.014123949	13.638202
1.7778785	1.1840127	0.007737976	13.629973
1.77476	1.1711261	-0.0082380464	13.609404
1.7794378	1.1688709	-0.020850696	13.613517
1.7794378	1.1708039	-0.0090788892	13.621745
1.7763193	1.1601726	0.015305566	13.621745
1.7809972	1.1595283	0.13554616	13.617632
1.7825564	1.1633942	0.007737976	13.642316
1.7856749	1.1714482	0.0052154465	13.621745
1.7778785	1.165005	-0.0040338296	13.601176
1.7763193	1.1724148	-0.017487323	13.613517
1.7856749	1.182724	0.020350626	13.646429
1.7841157	1.1898116	-0.014964793	13.638202
1.7794378	1.1930332	-0.01664648	13.629973
1.7763193	1.1801467	0.013623879	13.605289
1.7809972	1.1740255	0.0085788192	13.62586
1.7778785	1.1791801	-0.01160142	13.605289
1.7763193	1.1691931	0.01110135	13.613517
1.7778785	1.1646829	0.0018520731	13.605289
1.7841157	1.1704818	0.16329399	13.62586
1.7809972	1.1595283	-0.01160142	13.609404
1.77476	1.1608169	-0.020009853	13.621745
1.7809972	1.1637163	-0.0082380464	13.62586
1.7763193	1.1688709	-0.024214068	13.650544
1.7794378	1.1711261	0.0085788192	13.621745
1.7809972	1.1675823	0.0060562897	13.613517
1.7763193	1.1701596	0.0026929164	13.638202
1.7732008	1.1753142	-0.021691538	13.617632
1.7794378	1.178858	-0.0090788892	13.621745
1.77476	1.1730591	0.0010112298	13.621745
1.7763193	1.1598504	-0.032622501	13.597061
1.7778785	1.1711261	0.016987253	13.634088
1.7825564	1.1698375	0.0001703865	13.617632
1.7778785	1.1688709	-0.025054913	13.588833
1.7778785	1.1772472	-0.01916901	13.609404
1.7809972	1.1817575	-0.023373226	13.601176
1.7794378	1.1708039	-0.014123949	13.621745
1.7732008	1.1672602	-0.0082380464	13.629973
1.7778785	1.1601726	0.015305566	13.609404
1.77476	1.1653272	0.0085788192	13.638202
1.7778785	1.1585617	-0.0040338296	13.609404
1.7794378	1.1617833	-0.020850696	13.621745
1.77476	1.1643606	-0.0099197328	13.609404
1.7794378	1.1679045	-0.0065563596	13.646429
1.7763193	1.1785358	-0.028418286	13.642316
1.7778785	1.1695153	0.0060562897	13.62586
1.7763193	1.1711261	-0.014123949	13.613517
1.7778785	1.1801467	-0.01664648	13.617632
1.7732008	1.1811131	0.0060562897	13.613517
1.7763193	1.1798245	0.0068971328	13.621745
1.7809972	1.1708039	0.034644961	13.588833
1.7778785	1.1759585	0.0035337596	13.629973
1.7763193	1.1782137	-0.0099197328	13.609404
1.7778785	1.1633942	0.022032311	13.609404
1.7794378	1.1588839	0.0052154465	13.617632
1.7825564	1.1517963	0.0001703865	13.613517
1.7763193	1.1672602	-0.033463344	13.658772
1.77476	1.1762807	-0.020009853	13.617632
1.7809972	1.1646829	0.0001703865	13.605289
1.7763193	1.1604947	-0.0040338296	13.621745
1.7778785	1.1624277	-0.0040338296	13.613517
1.7778785	1.1595283	0.012783037	13.62586
1.7825564	1.1653272	-0.015805636	13.638202
1.7794378	1.1778915	0.016987253	13.62586
1.7763193	1.1836904	-0.00067045673	13.629973
1.77476	1.1820797	-0.015805636	13.601176
1.7763193	1.1804688	0.0094196629	13.617632
1.7794378	1.1875564	-0.0048746732	13.646429
1.77476	1.1853013	-0.030099971	13.597061
1.7778785	1.1830461	0.011942193	13.613517
1.7778785	1.1820797	0.0060562897	13.642316
1.7809972	1.1775694	0.016987253	13.638202
1.7809972	1.1833683	-0.01160142	13.638202
1.7778785	1.1756364	0.0026929164	13.629973
1.7841157	1.1608169	0.0001703865	13.601176
1.7778785	1.1595283	0.0035337596	13.629973
1.7763193	1.1546957	0.017828096	13.588833
1.7778785	1.1643606	-0.010760576	13.601176
1.7794378	1.1672602	-0.025895756	13.621745
1.77476	1.1791801	-0.0023521434	13.629973
1.7700822	1.1778915	-0.036826719	13.609404
1.7794378	1.1711261	-0.01664648	13.609404
1.7763193	1.1830461	-0.0031929866	13.654657
1.7763193	1.1749921	-0.0065563596	13.617632
1.7778785	1.1743478	-0.0031929866	13.601176
1.7732008	1.1682266	0.0001703865	13.601176
1.7825564	1.1633942	-0.014123949	13.601176
1.77476	1.1672602	-0.010760576	13.605289
1.7794378	1.1679045	-0.0040338296	13.646429
1.77476	1.1653272	-0.027577441	13.62586
1.7809972	1.1740255	0.007737976	13.629973
1.7794378	1.1766028	-0.0015113001	13.634088
1.7794378	1.1733812	0.046416767	13.629973
1.7778785	1.1817575	-0.00067045673	13.629973
1.7809972	1.1695153	-0.0015113001	13.609404
1.7778785	1.1701596	-0.013283106	13.617632
1.7763193	1.1646829	-0.015805636	13.62586
1.7794378	1.1730591	-0.00067045673	13.638202
1.77476	1.1798245	-0.0057155164	13.609404
1.7794378	1.1749921	-0.00067045673	13.62586
1.77476	1.1817575	-0.28992054	13.617632
1.7794378	1.184657	-0.00067045673	13.617632
1.7763193	1.180791	-0.0065563596	13.621745
1.7809972	1.1753142	0.0026929164	13.601176
1.7778785	1.1695153	0.0010112298	13.621745
1.7778785	1.1714482	0.017828096	13.613517
1.7778785	1.1598504	0.027918214	13.609404
1.7763193	1.1656493	-0.015805636	13.617632
1.77476	1.1572731	0.0001703865	13.601176
1.7778785	1.1575953	0.0085788192	13.609404
1.7700822	1.1617833	0.0068971328	13.62586
1.7700822	1.1595283	0.0035337596	13.617632
1.7638451	1.1766028	-0.023373226	13.646429
1.768523	1.1701596	0.093503997	13.621745
1.7638451	1.1708039	-0.0073972028	13.629973
1.7654045	1.163072	-0.0048746732	13.58472
1.7732008	1.1617833	0.0043746028	13.605289
1.77476	1.1746699	-0.0023521434	13.634088
1.7778785	1.1836904	-0.047757678	13.629973
1.768523	1.1891673	-0.012442263	13.621745
1.7716415	1.18659	-0.014123949	13.621745
1.7732008	1.1717705	-0.037667561	13.601176
1.7716415	1.1708039	-0.0031929866	13.601176
1.7794378	1.1749921	0.0094196629	13.638202
1.7763193	1.1778915	-0.0015113001	13.621745
1.77476	1.1737034	0.01110135	13.617632
1.7716415	1.1769251	-0.0099197328	13.629973
1.7763193	1.1875564	0.0043746028	13.650544
1.7763193	1.1817575	-0.014964793	13.613517
1.77476	1.182724	0.0026929164	13.642316
1.7825564	1.1749921	0.022032311	13.613517
1.7809972	1.1769251	-0.020009853	13.613517
1.7763193	1.1704818	0.0010112298	13.597061
1.7809972	1.1730591	0.0001703865	13.617632
1.7809972	1.1675823	0.014464723	13.609404
1.7763193	1.1724148	-0.023373226	13.609404
1.77476	1.1627499	-0.031781659	13.601176
1.7763193	1.1582396	0.0052154465	13.609404
1.7794378	1.1737034	-0.0031929866	13.654657
1.7778785	1.1685488	-0.010760576	13.597061
1.7825564	1.1733812	-0.0099197328	13.613517
1.7809972	1.1598504	0.014464723	13.605289
1.7841157	1.1559844	-0.0082380464	13.617632
1.7778785	1.1595283	0.0060562897	13.621745
1.7778785	1.1640385	-0.01160142	13.617632
1.7872342	1.1785358	0.016987253	13.646429
1.77476	1.1727369	-0.0023521434	13.629973
1.7778785	1.1708039	0.0010112298	13.609404
1.7809972	1.1798245	-0.0073972028	13.629973
1.7732008	1.1853013	-0.0065563596	13.634088
1.7825564	1.1830461	-0.038508404	13.609404
1.7809972	1.1778915	0.0043746028	13.634088
1.7809972	1.18659	0.0060562897	13.621745
1.77476	1.1730591	-0.049439363	13.629973
1.7732008	1.1730591	0.007737976	13.629973
1.7778785	1.1559844	0.0085788192	13.609404
1.7763193	1.1675823	-0.027577441	13.621745
1.7732008	1.1672602	0.0085788192	13.609404
1.7778785	1.1708039	0.018668938	13.613517
1.77476	1.1682266	-0.015805636	13.601176
1.7825564	1.1746699	0.065756164	13.621745
1.7763193	1.1749921	-0.01664648	13.621745
1.7841157	1.1772472	0.0094196629	13.62586
1.7778785	1.1756364	-0.048598524	13.617632
1.7732008	1.1749921	0.007737976	13.617632
1.7794378	1.1743478	-0.012442263	13.629973
1.7778785	1.1801467	0.0052154465	13.634088
1.7794378	1.1762807	-0.0090788892	13.634088
1.77476	1.1872343	0.13050111	13.621745
1.7794378	1.1882007	0.0035337596	13.62586
1.7809972	1.1891673	-0.015805636	13.638202
1.7778785	1.1746699	0.0068971328	13.605289
1.7825564	1.1682266	0.014464723	13.613517
1.77476	1.1691931	0.12966025	13.62586
1.7778785	1.1646829	-0.010760576	13.601176
1.7794378	1.165005	-0.0031929866	13.597061
1.7732008	1.1501855	0.026236527	13.58472
1.7809972	1.1482525	0.0001703865	13.613517
1.7778785	1.1572731	-0.023373226	13.646429
1.7732008	1.1546957	-0.022532383	13.617632
1.7763193	1.1646829	-0.0090788892	13.621745
1.7763193	1.1717705	0.13302363	13.613517
1.7763193	1.1679045	-0.023373226	13.605289
1.77476	1.1801467	-0.017487323	13.613517
1.7778785	1.1785358	-0.0090788892	13.613517
1.7778785	1.1814353	-0.0082380464	13.621745
1.7809972	1.1824018	0.027918214	13.654657
1.7763193	1.1814353	0.021191468	13.629973
1.7778785	1.1711261	0.0010112298	13.621745
1.7778785	1.1701596	0.0035337596	13.605289
1.7763193	1.165005	0.01110135	13.601176
1.7778785	1.163072	-0.014123949	13.609404
1.7778785	1.1621056	0.014464723	13.592948
1.7763193	1.1643606	-0.0065563596	13.613517
1.7778785	1.1746699	-0.010760576	13.646429
1.7763193	1.1708039	0.0052154465	13.621745
1.7809972	1.1775694	0.010260507	13.642316
1.7856749	1.1772472	0.018668938	13.617632
1.7778785	1.1746699	0.0060562897	13.638202
1.77476	1.180791	0.013623879	13.62586
1.77476	1.1853013	-0.030940816	13.638202
1.7778785	1.1830461	0.010260507	13.62586
1.77476	1.178858	0.015305566	13.621745
1.77476	1.1672602	0.026236527	13.609404
1.7841157	1.1627499	0.0018520731	13.613517
1.77476	1.1534071	0.089299776	13.601176
1.7778785	1.1617833	-0.0082380464	13.638202
1.7763193	1.1575953	0.020350626	13.601176
1.7778785	1.1704818	-0.0015113001	13.617632
1.7778785	1.1717705	-0.031781659	13.613517
1.7794378	1.1746699	-0.00067045673	13.613517
1.77476	1.165005	-0.015805636	13.601176
1.77476	1.1662936	-0.0065563596	13.629973
1.7763193	1.1746699	-0.0023521434	13.629973
1.7794378	1.1791801	0.018668938	13.629973
1.7794378	1.1762807	0.0060562897	13.597061
1.7778785	1.1804688	-0.015805636	13.621745
1.77476	1.1762807	-0.025895756	13.613517
1.7763193	1.1698375	0.025395684	13.601176
1.7809972	1.1662936	-0.021691538	13.605289
1.7794378	1.1582396	-0.0090788892	13.621745
1.7763193	1.1601726	0.0052154465	13.621745
1.7778785	1.1601726	-0.015805636	13.629973
1.7778785	1.1656493	-0.012442263	13.621745
1.7763193	1.1698375	-0.023373226	13.617632
1.7778785	1.1701596	0.0068971328	13.62586
1.7716415	1.1711261	-0.021691538	13.609404
1.7809972	1.1685488	-0.0099197328	13.601176
1.7763193	1.1698375	0.046416767	13.629973
1.7794378	1.1656493	-0.01664648	13.613517
1.7763193	1.1724148	-0.012442263	13.638202
1.77476	1.1711261	0.020350626	13.617632
1.7778785	1.1675823	-0.013283106	13.597061
1.7809972	1.1643606	0.022873154	13.605289
1.7825564	1.1685488	0.0085788192	13.617632
1.7732008	1.159206	-0.025054913	13.576491
1.7732008	1.1601726	-0.00067045673	13.605289
1.7809972	1.1698375	0.0068971328	13.634088
1.7825564	1.1627499	-0.01160142	13.62586
1.7763193	1.1672602	-0.026736598	13.609404
1.7763193	1.1724148	0.0010112298	13.629973
1.7732008	1.1785358	0.10611665	13.638202
1.7809972	1.1749921	-0.0015113001	13.617632
1.7809972	1.1753142	0.014464723	13.609404
1.7778785	1.1753142	0.015305566	13.62586
1.7763193	1.1749921	-0.0082380464	13.617632
1.7778785	1.1733812	-0.00067045673	13.613517
1.7778785	1.1637163	0.03128159	13.609404
1.7794378	1.1601726	0.0094196629	13.621745
1.7809972	1.1656493	0.13134195	13.617632
1.7778785	1.1746699	-0.031781659	13.617632
1.7778785	1.1682266	0.018668938	13.621745
1.7732008	1.1717705	-0.32691762	13.613517
1.7763193	1.1717705	0.012783037	13.629973
1.7856749	1.1766028	-0.0031929866	13.654657
1.7778785	1.1737034	0.0068971328	13.629973
1.7809972	1.1656493	-0.012442263	13.613517
1.7778785	1.1637163	0.023713998	13.588833
1.77476	1.1708039	0.023713998	13.617632
1.7809972	1.1656493	0.014464723	13.597061
1.77476	1.1627499	-0.023373226	13.605289
1.7732008	1.1637163	-0.017487323	13.613517
1.7794378	1.1772472	0.010260507	13.646429
1.7825564	1.1730591	-0.014123949	13.617632
1.7778785	1.180791	0.0052154465	13.621745
1.7732008	1.1891673	0.10863917	13.638202
1.7794378	1.184657	-0.01916901	13.613517
1.7763193	1.1801467	-0.012442263	13.617632
1.7763193	1.1791801	-0.027577441	13.613517
1.7794378	1.1762807	0.0094196629	13.621745
1.7794378	1.1633942	0.075846285	13.629973
1.7794378	1.1498634	0.010260507	13.588833
1.7778785	1.1595283	-0.0082380464	13.617632
1.7794378	1.1579174	-0.013283106	13.629973
1.7778785	1.1601726	-0.0048746732	13.617632
1.77476	1.1614612	0.0018520731	13.617632
1.7809972	1.1672602	0.0026929164	13.617632
1.77476	1.1769251	-0.01916901	13.629973
1.7732008	1.1778915	-0.0082380464	13.638202
1.7763193	1.178858	-0.015805636	13.605289
1.7763193	1.1775694	-0.0090788892	13.605289
1.77476	1.1714482	0.0060562897	13.601176
1.77476	1.178858	0.014464723	13.613517
1.7825564	1.1717705	0.11788845	13.617632
1.7794378	1.182724	0.016987253	13.629973
1.7732008	1.1778915	-0.01664648	13.621745
1.7732008	1.182724	-0.039349247	13.654657
1.7763193	1.1769251	-0.0031929866	13.634088
1.7794378	1.1679045	0.011942193	13.629973
1.7778785	1.1614612	0.01110135	13.629973
1.7763193	1.1685488	0.014464723	13.634088
1.7809972	1.1585617	0.0060562897	13.609404
1.7763193	1.1595283	-0.0015113001	13.601176
1.7778785	1.1672602	0.0060562897	13.613517
1.7763193	1.1601726	0.0043746028	13.613517
1.7716415	1.161139	-0.042712618	13.601176
1.7825564	1.1695153	0.034644961	13.617632
1.7732008	1.1695153	-0.033463344	13.605289
1.7778785	1.1749921	-0.013283106	13.613517
1.7732008	1.1666158	-0.012442263	13.580605
1.7809972	1.1759585	-0.0065563596	13.634088
1.7778785	1.180791	-0.0090788892	13.638202
1.7763193	1.1753142	-0.01160142	13.642316
1.7841157	1.1688709	0.0018520731	13.609404
1.7872342	1.1762807	0.018668938	13.634088
1.8199787	1.1662936	-0.014123949	13.613517
1.8948234	1.1524407	-0.0082380464	13.597061
2.0242426	1.1517963	0.0001703865	13.597061
2.2300656	1.1472861	-0.013283106	13.580605
2.4857852	1.165005	0.11032086	13.613517
2.7337089	1.1682266	-0.01664648	13.597061
3.0034618	1.1672602	-0.01916901	13.555921
3.3153152	1.1695153	0.035485804	13.514781
3.6162539	1.1617833	-0.01664648	13.485983
3.9405813	1.1595283	0.013623879	13.461299
4.3288393	1.153085	0.0035337596	13.407816
4.7342486	1.1559844	0.0060562897	13.39136
5.1614881	1.1614612	0.027918214	13.354335
5.60432	1.1679045	-0.0031929866	13.341991
6.0253229	1.161139	-0.01664648	13.276167
6.4619184	1.1430979	-0.0057155164	13.235027
7.0201368	1.1395541	0.022032311	13.185658
7.4380212	1.1279563	0.018668938	13.185658
7.9993582	1.1286006	-0.0082380464	13.140406
8.5107985	1.1282784	-0.0048746732	13.107493
9.0019693	1.1247346	-0.0031929866	13.074581
9.53368	1.1237682	-0.024214068	13.037556
10.023292	1.1163584	0.010260507	12.9923
10.600223	1.1160363	-0.0048746732	12.959389
11.11946	1.1231239	-0.0082380464	12.930591
11.674561	1.1247346	-0.01160142	12.914135
12.21407	1.1273119	-0.00067045673	12.823627
12.733309	1.1221573	-0.01160142	12.794827
13.165227	1.1199023	0.019509783	12.757802
13.709414	1.11958	0.0035337596	12.708433
14.158484	1.1079822	-0.0065563596	12.696091
14.677724	1.0970286	0.01110135	12.659065
15.156422	1.1025054	0.010260507	12.650837
15.666306	1.0973508	-0.020009853	12.630266
16.143444	1.0947735	-0.01664648	12.552101
16.606548	1.0905854	-0.0057155164	12.547986
17.093044	1.091874	-0.0065563596	12.523302
17.559269	1.0905854	0.0001703865	12.49039
17.997425	1.08382	0.044735081	12.436908
18.443378	1.0793097	-0.013283106	12.424565
18.865944	1.0744772	0.0018520731	12.375197
19.294746	1.0809205	-0.0090788892	12.391653
19.714191	1.0815648	-0.024214068	12.321715
20.144554	1.0828534	-0.033463344	12.301145
20.551527	1.0776988	-0.0023521434	12.247663
20.936668	1.0802761	-0.01664648	12.23532
21.292185	1.0773767	0.013623879	12.169496
21.649263	1.0728664	-0.012442263	12.140698
21.978271	1.0638459	-0.0031929866	12.13247
22.299484	1.0757658	0.0010112298	12.165382
22.616018	1.0606242	-0.01664648	12.058418
22.924755	1.0564361	-0.01160142	12.037848
23.213224	1.0448383	0.022032311	11.996709
23.467388	1.0387172	0.0043746028	11.963797
23.710634	1.0316296	0.007737976	11.918541
23.924257	1.0387172	-0.024214068	11.906199
24.131643	1.0432274	0.0035337596	11.873288
24.331232	1.0493485	-0.022532383	11.877401
24.535498	1.042261	0.013623879	11.811577
24.716375	1.0467712	0.026236527	11.79512
24.897251	1.0506371	0.010260507	11.79512
25.057858	1.0535367	-0.01664648	11.778665
25.202871	1.0396837	-0.0090788892	11.716955
25.335411	1.0303409	-0.015805636	11.69227
25.460155	1.0190653	-0.00067045673	11.659359
25.575541	1.020676	-0.0057155164	11.704612
25.700285	1.0142328	0.0060562897	11.655244
25.815672	1.0155214	0.0068971328	11.642902
25.923264	1.0180987	0.0010112298	11.626447
26.018379	1.0238976	0.030440746	11.605876
26.113497	1.0174544	0.0026929164	11.560622
26.19146	1.0094004	0.0068971328	11.52771
26.274103	1.0036014	0.020350626	11.511253
26.356745	1.0081117	0.0060562897	11.523596
26.437826	1.0139107	0.0026929164	11.498912
26.511114	1.0119777	0.0035337596	11.461885
26.58596	1.0158436	-0.010760576	11.457771
26.654568	1.0042458	0.0068971328	11.437201
26.709145	0.99844682	0.0001703865	11.383719
26.76372	1.0010241	-0.022532383	11.379605
26.819855	1.0026349	0.0052154465	11.375491
26.875986	1.0161657	-0.014964793	11.433087
26.93524	1.0048901	0.036326651	11.346693
26.988256	0.99522519	0.0001703865	11.359035
27.044392	0.98845977	0.0085788192	11.334351
27.098967	0.9855603	-0.0065563596	11.350807
27.159779	0.99103707	0.007737976	11.313781
27.212793	0.98523813	-0.0023521434	11.305552
27.259573	0.98620462	-0.01664648	11.289097
27.323503	0.99135923	0.0018520731	11.317895
27.378078	0.99683601	-0.0031929866	11.276754
27.431095	0.98910409	-0.012442263	11.264412
27.48567	0.98072785	0.007737976	11.247956
27.524652	0.99393654	-0.0057155164	11.284983
27.577669	0.99844682	-0.030099971	11.247956
27.622887	0.98942626	-0.0082380464	11.215044
27.661871	0.98040569	-0.00067045673	11.219158
27.699293	0.98684895	-0.018328166	11.247956
27.741394	0.98266083	-0.018328166	11.182132
27.785053	0.98491597	0.0094196629	11.202702
27.81468	0.97557324	0.010260507	11.194474
27.852102	0.98427165	-0.0073972028	11.239728
27.883289	0.98491597	-0.030099971	11.194474
27.916033	0.98717111	0.0068971328	11.21093
27.940983	0.97492892	0.25410509	11.173903
27.959694	0.98394948	-0.0040338296	11.215044
27.992439	0.98781544	-0.0031929866	11.173903
28.022064	0.98781544	-0.010760576	11.186246
28.037659	0.99586952	-0.0073972028	11.182132
28.065725	0.98845977	-0.00067045673	11.165676
28.084438	0.98684895	0.011942193	11.157448
28.107826	0.99103707	-0.025895756	11.14922
28.124979	0.97976136	0.0035337596	11.136878
28.148369	0.98491597	-0.025054913	11.157448
28.165522	0.97460675	0.096867368	11.10808
28.192028	0.98008353	-0.014964793	11.132764
28.207623	0.9758954	-0.010760576	11.12865
28.227892	0.97557324	0.1246152	11.14922
28.234129	0.96526402	-0.041030932	11.103966
28.249722	0.9646197	-0.025054913	11.099852
28.266874	0.96623051	-0.027577441	11.099852
28.276232	0.96655267	-0.0065563596	11.099852
28.296501	0.96623051	0.0001703865	11.091623
28.304296	0.97299594	-0.020850696	11.095737
28.316771	0.97879487	-0.031781659	11.112193
28.329245	0.9916814	-0.041030932	11.132764
28.346397	0.97911704	-0.021691538	11.071054
28.352636	0.98137218	-0.051121052	11.075168
28.374466	0.967197	-0.025054913	11.042255
28.382263	0.9794392	-0.037667561	11.099852
28.399414	0.97106296	-0.021691538	11.038141
28.418125	0.96429753	-0.043553464	11.04637
28.418125	0.96751916	-0.066256233	11.058711
28.435276	0.97492892	-0.044394307	11.079282
28.435276	0.96816349	-0.070460446	11.029913
28.438396	0.95720994	-0.025054913	11.029913
28.443073	0.96043158	-0.088958994	11.042255
28.441515	0.97267377	-0.07466466	11.087509
28.444633	0.97041863	-0.061211169	11.04637
28.438396	0.96526402	-0.053643584	11.021685
28.429041	0.95978725	-0.072982974	11.021685
28.415007	0.98008353	-0.10577586	11.071054
28.400972	0.9881376	-0.088958994	11.050483
28.38694	0.97847271	-0.10998008	11.029913
28.369789	0.97911704	-0.11670683	11.009343
28.341721	0.96977431	-0.13520537	11.017571
28.307415	0.96784133	-0.13856874	10.976431
28.277788	0.97138512	-0.11334345	11.013457
28.240366	0.96268672	0.035485804	10.997001
28.201384	0.97621757	-0.15034056	11.038141
28.162401	0.98137218	-0.17724754	11.017571
28.118742	0.97106296	-0.14361382	10.980545
28.065725	0.96043158	-0.17556584	10.984659
28.004913	0.96429753	-0.20247282	11.005229
27.944101	0.96494186	-0.22601645	10.964088
27.880171	0.96590835	-0.2428333	10.976431
27.81624	0.96494186	-0.20499536	10.972317
27.736715	0.96429753	-0.28319377	10.976431
27.668106	0.96945214	-0.28067124	10.976431
27.582344	0.97267377	-0.32523593	10.959974
27.484112	0.98652679	-0.33112186	10.976431
27.392113	0.98233867	-0.25880933	10.980545
27.273607	0.96751916	-0.36643726	10.931177
27.155102	0.97267377	-0.39586672	10.955861
27.031918	0.97460675	-0.34205282	10.939405
26.897818	0.96075374	-0.44295397	10.922949
26.757481	0.95559913	-0.46145251	10.918836
26.593758	0.95624346	-0.53292418	10.914721
26.426912	0.94722295	-0.56235367	10.885923
26.253832	0.95559913	-0.5472185	10.922949
26.066717	0.95173317	-0.65484637	10.894151
25.867128	0.94657862	-0.66493648	10.890037
25.651945	0.95141107	-0.67334497	10.902379
25.413376	0.95044458	-0.80451643	10.894151
25.162331	0.95559913	-0.85917121	10.885923
24.887896	0.96204239	-0.95839065	10.869467
24.599426	0.96075374	-0.96848077	10.865353
24.287571	0.96300888	-0.99286526	10.877695
23.955442	0.95946509	-1.1416944	10.836555
23.603045	0.96494186	-1.2055985	10.848897
23.213224	0.97460675	-1.3561093	10.844783
22.801573	0.96075374	-1.4132864	10.807756
22.363415	0.95012242	-1.4326259	10.799528
21.897188	0.93949103	-1.6167704	10.77073
21.390421	0.94786727	-1.7445785	10.783072
20.854027	0.94142401	-1.7672813	10.791301
20.284889	0.94174618	-2.0363507	10.77073
19.676769	0.93755805	-2.1002548	10.737818
19.031229	0.93820238	-2.349144	10.737818
18.337349	0.93691373	-2.4685435	10.725476
17.60137	0.93401426	-2.572808	10.704906
16.838882	0.94045752	-2.8956912	10.713134
16.023378	0.94625646	-3.0445204	10.704906
15.173574	0.95366615	-3.2160521	10.746046
14.272312	0.95527697	-3.5465026	10.692564
13.355458	0.95334399	-3.7171936	10.68845
12.384031	0.94206834	-4.1418185	10.622625
11.397011	0.94335699	-4.3780947	10.62674
10.394399	0.93852454	-4.5883055	10.618511
9.3590422	0.93562508	-5.0692663	10.622625
8.3470755	0.93465859	-5.3442211	10.60617
7.324194	0.92918181	-5.5149117	10.585599
6.3465323	0.93111479	-6.2060828	10.544459
5.3829045	0.93143696	-6.5197167	10.544459
4.3943281	0.91726178	-7.2251816	10.528003
3.4572086	0.9240272	-7.5867429	10.536231
2.6557453	0.92724884	-7.83395	10.486863
1.8870271	0.9214499	-8.7740097	10.429267
1.229017	0.91404015	-9.2482433	10.355214
0.73161131	0.91339582	-9.6299849	10.318188
0.42443606	0.91565096	-10.480074	10.223566
0.32464311	0.91565096	-10.470825	10.120715
0.37142104	0.90018713	-10.454848	9.9931812
0.48836592	0.88279039	-10.434669	9.8944445
0.57412553	0.8757028	-10.332927	9.7915936
0.61154795	0.86893737	-10.463257	9.725769
1.0933609	0.85701734	-10.451485	9.6599445
2.5964935	0.85508436	-10.475029	9.5776653
1.9587533	0.84058708	-10.467461	9.4953852
1.3038619	0.83639896	-10.405239	9.3760786
1.2711172	0.82673407	-10.436351	9.281456
0.84543771	0.82737839	-10.477551	9.227973
0.59595525	0.8202908	-10.438032	9.1127806
0.41663975	0.80804861	-10.475029	8.9893608
0.37609884	0.79967242	-10.459894	8.9482203
0.6037516	0.81255889	-10.465779	8.9358788
0.97641593	0.81255889	-10.464938	8.9482203
1.2071873	0.81191456	-10.377492	9.0099306
1.4956515	0.80063891	-10.451485	9.0428429
1.7591673	0.8115924	-10.472507	9.1415787
1.9353645	0.8141697	-10.471665	9.1374645
2.148984	0.81867999	-10.453167	9.149807
2.3797553	0.81900215	-10.294249	9.125123
2.6042898	0.82254595	-10.465779	9.1374645
2.8335018	0.82190162	-10.48596	9.1374645
3.0720696	0.82125729	-10.459053	9.1456928
3.3901601	0.81706917	-10.463257	9.1333504
3.6318467	0.80933726	-10.439713	9.1580353
3.8641775	0.81030375	-10.490164	9.1456928
4.1464047	0.82319027	-10.464098	9.1827192
4.3865318	0.81255889	-10.440554	9.1786051
4.6095071	0.81545836	-10.448122	9.203289
4.8465157	0.8177135	-10.398513	9.2156315
5.0726094	0.8264119	-10.485119	9.2403154
5.2831111	0.83511031	-10.468302	9.2444296
5.5029678	0.83382165	-10.450644	9.2855692
5.7103505	0.83800977	-10.48596	9.2649994
5.9099369	0.84090924	-10.458212	9.2855692
6.1110826	0.83639896	-10.458212	9.2855692
6.3044319	0.83382165	-10.469144	9.2979116
6.4931035	0.83027786	-10.438872	9.3102541
6.6770973	0.81835783	-10.475029	9.3061399
6.8610911	0.82576758	-10.478392	9.3472795
7.0310512	0.82512325	-10.469144	9.3431664
7.1900969	0.82608974	-10.4456	9.334938
7.3491426	0.8177135	-10.343017	9.3390522
7.4863582	0.82480109	-10.47671	9.3760786
7.5191031	0.83639896	-10.454007	9.3884201
7.8060083	0.83994275	-10.453167	9.384306
7.8340755	0.83672112	-10.46662	9.3966484
8.0149508	0.84541953	-10.423738	9.3801918
8.1272182	0.84316438	-10.475029	9.3966484
8.2644339	0.83962059	-10.468302	9.3925343
8.3844976	0.84703034	-10.457372	9.4089899
8.5014429	0.83962059	-10.467461	9.3884201
8.6012363	0.83639896	-10.454848	9.4007626
8.7213001	0.84509736	-10.464098	9.4419022
8.8242121	0.84638602	-10.475029	9.4542446
8.9099722	0.84638602	-10.419534	9.4254465
9.0191212	0.85154057	-10.470825	9.4583588
9.090848	0.84123141	-10.475869	9.4254465
9.1797256	0.85347354	-10.440554	9.4501305
9.267045	0.84413087	-10.448122	9.437789
9.334094	0.8473525	-10.432146	9.4542446
9.4089384	0.85025191	-10.450644	9.4583588
9.4775467	0.83349949	-10.462417	9.4336748
9.5352402	0.83027786	-10.451485	9.4542446
9.5960512	0.84252006	-10.462417	9.4624729
9.6506262	0.8447752	-10.465779	9.4624729
9.7067604	0.85282922	-10.446441	9.4665871
9.7597742	0.84252006	-10.479233	9.4624729
9.8049946	0.8421979	-10.443076	9.4871569
9.8486538	0.84670818	-10.464938	9.4871569
9.8829575	0.84638602	-10.41617	9.4748144
9.9281759	0.83833194	-10.463257	9.4830427
9.9640388	0.83768761	-10.45653	9.4665871
10.003022	0.8421979	-10.442237	9.4830427
10.034207	0.83060002	-10.45653	9.4624729
10.059155	0.84574169	-10.464938	9.4830427
10.080985	0.84992975	-10.459053	9.4707003
10.099696	0.85250705	-10.483438	9.4830427
10.121527	0.8447752	-10.343017	9.4707003
10.140238	0.84090924	-10.467461	9.491271
10.158949	0.8547622	-10.464098	9.4748144
10.17766	0.85089624	-10.471665	9.4665871
10.190134	0.84541953	-10.45569	9.4419022
10.19793	0.8512184	-10.398513	9.4542446
10.216641	0.84928542	-10.462417	9.4542446
10.225998	0.84703034	-10.45653	9.4460163
10.243149	0.84252006	-10.35647	9.4501305
10.255623	0.84348655	-10.46662	9.4624729
10.269657	0.84413087	-10.422896	9.4501305
10.279012	0.84090924	-10.504458	9.4336748
10.291487	0.83221084	-10.465779	9.437789
10.296165	0.83736545	-10.418693	9.4419022
10.313316	0.83575463	-10.474188	9.4172182
10.32735	0.84123141	-10.444759	9.437789
10.344502	0.84638602	-10.468302	9.4501305
10.364772	0.84316438	-10.459053	9.4624729
10.388162	0.84992975	-10.448963	9.4707003
10.405313	0.85411787	-10.477551	9.4624729
10.420906	0.84541953	-10.464098	9.4542446
10.442737	0.85540652	-10.438032	9.4665871
10.463007	0.85701734	-10.484279	9.4830427
10.486396	0.84767467	-10.277431	9.4665871
10.501988	0.85250705	-10.457372	9.5118408
10.51914	0.84380871	-10.481755	9.4789286
10.537851	0.83511031	-10.458212	9.4542446
10.559682	0.83639896	-10.427101	9.4789286
10.572156	0.82447892	-10.940853	9.4707003
10.587749	0.84123141	-10.451485	9.4953852
10.603341	0.84541953	-10.473348	9.5036125
10.623611	0.84284222	-10.443918	9.4871569
10.636086	0.85508436	-10.452326	9.4994993
10.645442	0.84509736	-10.454848	9.4583588
10.659475	0.84799683	-10.47671	9.4830427
10.664153	0.85154057	-10.461576	9.4830427
10.675067	0.85540652	-10.393467	9.4953852
10.682864	0.84509736	-10.468302	9.4748144
10.685983	0.84316438	-10.469144	9.4501305
10.693778	0.83994275	-10.459053	9.4624729
10.693778	0.84252006	-10.440554	9.4624729
10.695338	0.84252006	-10.378332	9.4953852
10.696898	0.84026492	-10.461576	9.4748144
10.706253	0.85154057	-10.469984	9.4624729
10.71249	0.8421979	-10.447281	9.4707003
10.710931	0.8360768	-10.485119	9.4542446
10.724964	0.84316438	-10.393467	9.4460163
10.728083	0.83897626	-10.471665	9.4172182
10.732761	0.83478814	-10.459894	9.437789
10.73432	0.8473525	-10.334609	9.4871569
10.740557	0.84348655	-10.474188	9.4460163
10.745235	0.85025191	-10.481755	9.4707003
10.749912	0.84380871	-10.461576	9.4624729
10.753031	0.84992975	-10.437191	9.4871569
10.751472	0.84960759	-10.792866	9.4707003
10.759269	0.85444003	-10.478392	9.4871569
10.760827	0.84606385	-10.467461	9.4460163
10.768623	0.84670818	-10.464938	9.4994993
10.762386	0.84155357	-10.460734	9.4707003
10.770184	0.83800977	-10.473348	9.4748144
10.785775	0.84252006	-10.464098	9.4707003
10.788895	0.83833194	-10.45569	9.4665871
10.795132	0.83962059	-10.462417	9.4624729
10.792012	0.84541953	-10.438872	9.4501305
10.806047	0.83285517	-10.403557	9.4460163
10.807606	0.83704329	-10.453167	9.4789286
10.812284	0.84155357	-10.472507	9.4707003
10.812284	0.85025191	-10.47671	9.4830427
10.809165	0.85025191	-10.468302	9.4419022
10.815402	0.84509736	-10.348903	9.4460163
10.826317	0.84799683	-10.459894	9.4501305
10.827876	0.85089624	-10.443918	9.4336748
10.832554	0.85250705	-10.427101	9.4624729
10.841909	0.84348655	-10.454007	9.4624729
10.84347	0.84509736	-10.4456	9.4624729
10.848146	0.84316438	-10.478392	9.4624729
10.857503	0.8421979	-10.461576	9.4419022
10.869977	0.8386541	-10.434669	9.4419022
10.876214	0.83575463	-10.458212	9.4295607
10.88401	0.84413087	-10.449803	9.4665871
10.882451	0.83800977	-10.474188	9.437789
10.879332	0.84316438	-10.482595	9.4707003
10.887129	0.84380871	-10.359834	9.4460163
10.890247	0.85057408	-10.46662	9.4624729
10.894925	0.84284222	-10.433827	9.437789
10.891806	0.85508436	-10.471665	9.4665871
10.901162	0.8473525	-10.447281	9.4542446
10.908958	0.84252006	-10.458212	9.4460163
10.907399	0.85315138	-10.494368	9.4830427
10.918314	0.8486411	-10.475029	9.4624729
10.922992	0.85025191	-10.850042	9.4830427
10.929229	0.84992975	-10.467461	9.4707003
10.935466	0.8473525	-10.387582	9.4624729
10.937026	0.84026492	-10.477551	9.4789286
10.937026	0.83833194	-10.480914	9.4501305
10.941703	0.84252006	-10.337131	9.4501305
10.937026	0.8386541	-10.464098	9.4419022
10.940144	0.83833194	-10.467461	9.4501305
10.937026	0.83285517	-10.461576	9.4254465
10.937026	0.83672112	-10.457372	9.437789
10.937026	0.84380871	-10.40608	9.4501305
10.937026	0.84413087	-10.475869	9.4419022
10.944821	0.8512184	-10.458212	9.4419022
10.941703	0.84831893	-10.464098	9.4089899
10.952618	0.84799683	-10.475029	9.4501305
10.944821	0.8447752	-10.427101	9.4336748
10.954178	0.83929843	-10.454848	9.4419022
10.951058	0.8360768	-10.461576	9.4336748
10.951058	0.82802272	-10.369082	9.4213324
10.9495	0.832533	-10.469144	9.4419022
10.951058	0.83092219	-10.441395	9.4172182
10.947941	0.84090924	-10.48596	9.4501305
10.955737	0.84252006	-10.477551	9.4213324
10.960415	0.8486411	-10.421215	9.4419022
10.961974	0.84638602	-10.4456	9.4295607
10.976007	0.83736545	-10.45653	9.4048767
10.979126	0.83929843	-10.438032	9.4213324
10.9916	0.83800977	-10.419534	9.4336748
10.999396	0.84831893	-10.4456	9.4419022
11.002514	0.84026492	-10.492686	9.4172182
11.014989	0.84638602	-10.469984	9.4295607
11.014989	0.85379571	-10.458212	9.4419022
11.025904	0.85282922	-10.443076	9.4624729
11.022786	0.85444003	-10.431305	9.4748144
11.018107	0.85572869	-10.471665	9.4583588
11.024344	0.84928542	-10.462417	9.4789286
11.029023	0.83962059	-10.458212	9.4336748
11.032141	0.83511031	-10.467461	9.4295607
11.036819	0.83060002	-10.434669	9.4254465
11.043056	0.84058708	-10.475029	9.4624729
11.046174	0.84123141	-10.470825	9.4213324
11.046174	0.84703034	-10.471665	9.4419022
11.046174	0.83897626	-10.454007	9.4131041
11.052411	0.83800977	-10.459053	9.4542446
11.055531	0.83704329	-10.448122	9.4213324
11.057089	0.84670818	-10.484279	9.4254465
11.058648	0.84155357	-10.343017	9.3966484
11.052411	0.8421979	-10.464098	9.4048767
11.052411	0.84574169	-10.471665	9.4131041
11.050852	0.84606385	-10.464098	9.4131041
11.058648	0.83994275	-10.467461	9.4172182
11.053971	0.83575463	-10.376651	9.437789
11.052411	0.83639896	-10.469144	9.4172182
11.055531	0.82770056	-10.447281	9.3966484
11.057089	0.8299557	-10.461576	9.3801918
11.055531	0.83639896	-10.454007	9.437789
11.068005	0.8360768	-10.434669	9.3884201
11.061768	0.84348655	-10.463257	9.4295607
11.071122	0.8486411	-10.467461	9.4336748
11.0758	0.85637301	-10.470825	9.4707003
11.074242	0.84767467	-10.454007	9.4007626
11.071122	0.85508436	-10.364038	9.4254465
11.074242	0.84606385	-10.453167	9.4131041
11.080479	0.84413087	-10.477551	9.3966484
11.085156	0.84992975	-10.450644	9.4172182
11.077359	0.84767467	-10.496049	9.384306
11.083597	0.8486411	-10.462417	9.4172182
11.092953	0.84767467	-10.473348	9.4542446
11.094512	0.83704329	-10.459053	9.437789
11.105427	0.82898921	-10.353948	9.4089899
11.111664	0.83188868	-10.459894	9.4213324
11.111664	0.83092219	-10.471665	9.4336748
11.12102	0.8360768	-10.458212	9.4172182
11.12102	0.82866704	-10.447281	9.4131041
11.11946	0.83511031	-10.318632	9.3925343
11.127257	0.84541953	-10.472507	9.4583588
11.127257	0.8447752	-10.453167	9.4254465
11.130375	0.84638602	-10.449803	9.4295607
11.131934	0.84058708	-10.440554	9.4048767
11.128816	0.84252006	-10.322837	9.4131041
11.131934	0.84541953	-10.438032	9.4007626
11.136612	0.84509736	-10.49521	9.4048767
11.147528	0.84316438	-10.399353	9.3801918
11.141291	0.84928542	-10.493526	9.4336748
11.150645	0.85057408	-10.45653	9.4254465
11.155323	0.84413087	-10.451485	9.3925343
11.16468	0.83736545	-10.459053	9.4089899
11.158442	0.83092219	-10.384218	9.4295607
11.158442	0.83511031	-10.451485	9.4089899
11.158442	0.82157946	-10.441395	9.3884201
11.158442	0.82963353	-10.486801	9.4089899
11.158442	0.84155357	-10.460734	9.437789
11.16156	0.8473525	-10.494368	9.4172182
11.163119	0.84509736	-10.4456	9.4131041
11.163119	0.84606385	-10.48596	9.4007626
11.169356	0.84123141	-10.424579	9.4131041
11.175593	0.83994275	-10.451485	9.3884201
11.18183	0.82802272	-10.475029	9.3760786
11.180272	0.82737839	-10.488482	9.3719645
11.186509	0.82254595	-10.463257	9.3925343
11.18495	0.82222378	-10.381696	9.3678503
11.195865	0.82898921	-10.470825	9.4254465
11.186509	0.82608974	-10.863496	9.4007626
11.192746	0.82190162	-10.272387	9.4213324
11.195865	0.81835783	-10.454007	9.3760786
11.194304	0.81481403	-10.329563	9.3925343
11.189628	0.82157946	-10.450644	9.3884201
11.192746	0.83478814	-10.471665	9.4172182
11.194304	0.82898921	-10.428782	9.3884201
11.200541	0.83543247	-10.470825	9.4089899
11.206779	0.8473525	-10.360675	9.4336748
11.214576	0.8486411	-10.469984	9.4213324
11.217694	0.85766166	-10.471665	9.4213324
11.219254	0.85250705	-10.432987	9.384306
11.216135	0.8486411	-10.444759	9.384306
11.217694	0.84380871	-10.4456	9.3925343
11.208339	0.85766166	-10.478392	9.4007626
11.200541	0.84316438	-10.454007	9.3719645
11.198983	0.83736545	-10.457372	9.3719645
11.200541	0.83736545	-10.443918	9.4254465
11.20522	0.83221084	-10.491005	9.3801918
11.206779	0.83349949	-10.458212	9.3884201
11.216135	0.83027786	-10.475869	9.3719645
11.217694	0.83124435	-10.471665	9.4007626
11.216135	0.83478814	-10.451485	9.3801918
11.222372	0.84058708	-10.446441	9.3884201
11.223931	0.83382165	-10.465779	9.3884201
11.231729	0.84831893	-10.450644	9.4254465
11.22705	0.83833194	-10.467461	9.3760786
11.237966	0.83897626	-10.333768	9.3555079
11.234846	0.85218489	-10.483438	9.4048767
11.237966	0.85315138	-10.475029	9.4007626
11.237966	0.85959464	-10.450644	9.3884201
11.244203	0.8547622	-10.436351	9.384306
11.242642	0.84284222	-10.464098	9.3719645
11.242642	0.84284222	-10.454007	9.4048767
11.237966	0.82576758	-10.463257	9.3555079
11.233288	0.82737839	-10.470825	9.3719645
11.222372	0.82512325	-10.335449	9.3801918
11.219254	0.82512325	-10.473348	9.384306
11.209898	0.83800977	-10.444759	9.4089899
11.202102	0.83221084	-10.485119	9.3678503
11.192746	0.83446598	-10.370765	9.3884201
11.18183	0.83092219	-10.449803	9.4048767
11.172476	0.83704329	-10.452326	9.3966484
11.158442	0.83994275	-10.450644	9.3884201
11.144408	0.84123141	-10.470825	9.3637362
11.139731	0.84413087	-10.453167	9.4172182
11.128816	0.8486411	-10.454007	9.4007626
11.113223	0.84380871	-10.485119	9.4007626
11.092953	0.83994275	-10.480074	9.384306
11.082037	0.83897626	-10.464938	9.4007626
11.069563	0.83575463	-10.458212	9.3555079
11.052411	0.83060002	-10.421215	9.384306
11.039937	0.82512325	-10.470825	9.3801918
11.024344	0.83929843	-10.472507	9.4213324
11.01187	0.83575463	-10.461576	9.3801918
10.996277	0.83285517	-10.454007	9.3637362
10.980685	0.83543247	-10.424579	9.3760786
10.958855	0.83446598	-10.471665	9.3925343
10.943263	0.83897626	-10.47671	9.3760786
10.92767	0.83704329	-10.430465	9.3760786
10.90584	0.83929843	-10.419534	9.3801918
10.890247	0.84767467	-10.447281	9.4172182
10.868418	0.84413087	-10.47671	9.3884201
10.84035	0.8486411	-10.481755	9.4007626
10.824759	0.84831893	-10.451485	9.3884201
10.79825	0.83768761	-10.452326	9.3719645
10.776421	0.83478814	-10.451485	9.3925343
10.75459	0.8360768	-10.454007	9.3925343
10.720287	0.84026492	-10.399353	9.4007626
10.696898	0.82544541	-10.448122	9.4007626
10.676627	0.82802272	-10.458212	9.3966484
10.642323	0.83060002	-10.448122	9.3801918
10.615815	0.82705623	-10.467461	9.3801918
10.58307	0.83639896	-10.475029	9.3884201
10.558122	0.84026492	-10.454848	9.3884201
10.536292	0.84090924	-10.460734	9.3760786
10.508225	0.83124435	-10.472507	9.3719645
10.472362	0.83994275	-10.45653	9.4213324
10.447413	0.85250705	-10.480914	9.4048767
10.420906	0.85057408	-10.464938	9.384306
10.395958	0.83962059	-10.457372	9.3637362
10.364772	0.82802272	-10.449803	9.3513937
10.335146	0.83124435	-10.443918	9.384306
10.305519	0.84058708	-10.341335	9.4048767
10.275894	0.83768761	-10.492686	9.3760786
10.243149	0.83317733	-10.467461	9.3925343
10.219761	0.82834488	-10.448122	9.3760786
10.187015	0.83704329	-10.47671	9.3925343
10.15739	0.832533	-10.465779	9.3884201
10.130881	0.83478814	-10.491845	9.3760786
10.096578	0.84123141	-10.461576	9.3884201
10.060715	0.84058708	-10.449803	9.3925343
10.032647	0.83639896	-10.454848	9.3760786
9.9983435	0.82770056	-10.361515	9.3966484
9.9655991	0.8486411	-10.448122	9.3884201
9.9281759	0.84831893	-10.465779	9.3884201
9.8969898	0.84413087	-10.47671	9.3678503
9.8642464	0.85186273	-10.45569	9.4336748
9.8299427	0.84509736	-10.427941	9.3925343
9.7862835	0.84703034	-10.489323	9.3966484
9.7473001	0.84026492	-10.48596	9.3884201
9.7114372	0.832533	-10.481755	9.3966484
9.6802511	0.83060002	-10.429624	9.3678503
9.6350327	0.81739134	-10.380855	9.3555079
9.5913734	0.82963353	-10.477551	9.3966484
9.5508327	0.83511031	-10.453167	9.4172182
9.5071726	0.82931137	-10.479233	9.3760786
9.4619541	0.83478814	-10.463257	9.3760786
9.4151754	0.83639896	-10.395989	9.384306
9.3793125	0.83929843	-10.464098	9.4048767
9.3294163	0.84316438	-10.473348	9.3719645
9.2810783	0.82834488	-10.432146	9.3431664
9.2358599	0.83382165	-10.463257	9.3678503
9.1812849	0.82351243	-10.436351	9.3637362
9.1360664	0.83511031	-10.483438	9.3678503
9.0877295	0.83672112	-10.464098	9.3637362
9.0347137	0.83478814	-10.488482	9.3719645
8.9801397	0.83478814	-10.475029	9.3637362
8.9255648	0.83060002	-10.460734	9.3308239
8.8709908	0.82447892	-10.473348	9.3184814
8.811738	0.82447892	-10.465779	9.3472795
8.7540445	0.83092219	-10.412807	9.3760786
8.690115	0.83446598	-10.45569	9.3637362
8.6308622	0.83349949	-10.478392	9.3637362
8.5762882	0.83994275	-10.448122	9.3637362
8.5092392	0.83414382	-10.452326	9.3513937
8.4359541	0.83575463	-10.422896	9.334938
8.3767014	0.84574169	-10.450644	9.3555079
8.301856	0.84670818	-10.457372	9.3308239
8.2254524	0.85154057	-10.433827	9.3555079
8.1584034	0.84992975	-10.471665	9.3308239
8.0835581	0.84348655	-10.453167	9.3472795
8.0055952	0.83704329	-10.458212	9.3225956
7.9245129	0.83478814	-10.484279	9.3102541
7.8418713	0.83221084	-10.391786	9.3143682
7.7545524	0.83478814	-10.457372	9.3184814
7.6797075	0.82898921	-10.462417	9.3143682
7.5830326	0.83317733	-10.449803	9.334938
7.4988322	0.82286811	-10.461576	9.2691135
7.403717	0.81964648	-10.469144	9.3102541
7.3132796	0.8177135	-10.447281	9.2979116
7.2181635	0.82834488	-10.479233	9.3102541
7.1246076	0.83156651	-10.473348	9.2979116
7.0216956	0.83672112	-10.483438	9.2937975
6.9265804	0.83704329	-10.408603	9.2773418
6.8267875	0.83317733	-10.457372	9.3102541
6.7285533	0.83768761	-10.491845	9.2979116
6.6256413	0.83124435	-10.449803	9.281456
6.5258479	0.83060002	-10.461576	9.2896833
6.4198179	0.82286811	-10.432146	9.2526579
6.316906	0.82447892	-10.475029	9.2773418
6.2171125	0.82447892	-10.480914	9.2773418
6.1064048	0.82093513	-10.452326	9.2526579
6.0050521	0.81932431	-10.460734	9.2773418
5.9036999	0.82480109	-10.35563	9.2691135
5.7992291	0.83156651	-10.471665	9.2691135
5.6994357	0.832533	-10.481755	9.2732277
5.5934057	0.83027786	-10.348903	9.2691135
5.488934	0.82737839	-10.431305	9.2691135
5.3844633	0.83543247	-10.478392	9.2691135
5.2768741	0.83962059	-10.464098	9.2691135
5.1786399	0.84509736	-10.461576	9.2979116
5.0772877	0.8473525	-10.421215	9.2855692
4.9837313	0.83188868	-10.462417	9.2608852
4.8823791	0.83897626	-10.45569	9.2937975
4.7794676	0.84252006	-10.464098	9.2979116
4.6874704	0.83382165	-10.464098	9.3020258
4.6578445	0.82705623	-10.448122	9.2896833
4.5081549	0.82415676	-10.475869	9.281456
4.4379878	0.81964648	-10.454007	9.2773418
4.3491092	0.81996864	-10.418693	9.2773418
4.2617908	0.82480109	-10.481755	9.281456
4.1697936	0.81610268	-10.452326	9.2732277
4.0777969	0.82898921	-10.464938	9.3061399
3.9982743	0.8299557	-10.458212	9.3102541
3.9000404	0.83929843	-10.451485	9.334938
3.8189588	0.84123141	-10.442237	9.3020258
3.7285211	0.83639896	-10.45653	9.3225956
3.6505578	0.83897626	-10.47671	9.3225956
3.5679166	0.83543247	-10.451485	9.3020258
3.4946308	0.82963353	-10.427941	9.3308239
3.4119899	0.82931137	-10.475869	9.3020258
3.3340263	0.82963353	-10.4456	9.3225956
3.2576225	0.83575463	-10.465779	9.3513937
3.1858962	0.83349949	-10.467461	9.334938
3.1141701	0.83221084	-10.380855	9.3102541
3.0455623	0.82351243	-10.443076	9.3267097
2.9769542	0.82254595	-10.448963	9.3102541
2.9052281	0.81996864	-10.45653	9.3308239
2.8412981	0.82705623	-10.45653	9.3431664
2.7789276	0.83156651	-10.474188	9.3513937
2.7134383	0.83962059	-10.451485	9.3884201
2.654186	0.84509736	-10.481755	9.3678503
2.5855784	0.84348655	-10.383377	9.3431664
2.5294449	0.84509736	-10.490164	9.3678503
2.4701929	0.84670818	-10.449803	9.3760786
2.4156184	0.82770056	-10.444759	9.3431664
2.3610442	0.83575463	-10.46662	9.359622
2.3064697	0.83704329	-10.537251	9.3678503
2.2487769	0.84187573	-10.462417	9.3925343
2.1942027	0.83317733	-10.469984	9.384306
2.1443062	0.83833194	-10.450644	9.3925343
2.0881724	0.83156651	-10.465779	9.3760786
2.0367167	0.83575463	-10.437191	9.3884201
1.991498	0.83188868	-10.469984	9.3719645
1.9416015	0.84316438	-10.472507	9.4213324
1.8979421	0.8421979	-10.480914	9.3884201
1.8480456	0.83382165	-10.47671	9.3760786
1.8137418	0.8299557	-10.788662	9.3801918
1.7622858	0.83285517	-10.459053	9.4048767
1.7170672	0.84058708	-10.439713	9.4254465
1.6780856	0.83800977	-10.327041	9.4172182
1.6375446	0.8421979	-10.465779	9.4295607
1.5938852	0.84574169	-10.448122	9.4707003
1.5549036	0.8473525	-10.489323	9.4419022
1.5112441	0.8421979	-10.458212	9.4254465
1.481618	0.8386541	-10.380855	9.4583588
1.4395179	0.82415676	-10.443076	9.4254465
1.4005362	0.83349949	-10.463257	9.4624729
1.3709103	0.83833194	-10.475869	9.4748144
1.3334877	0.8447752	-10.469144	9.4460163
1.3007432	0.83575463	-10.451485	9.4542446
1.2648801	0.84574169	-10.462417	9.4707003
1.2446097	0.84316438	-10.481755	9.4665871
1.2305763	0.85154057	-10.459894	9.4830427
1.1791205	0.85089624	-10.438032	9.4624729
1.1526129	0.84252006	-10.31611	9.4665871
1.1307833	0.84413087	-10.471665	9.4994993
1.1027164	0.84155357	-10.486801	9.4707003
1.0762089	0.85057408	-10.454007	9.5036125
1.0450237	0.8486411	-10.431305	9.4871569
1.0200754	0.84670818	-10.450644	9.4994993
0.99044937	0.85186273	-10.444759	9.5324106
0.96706039	0.85057408	-10.464098	9.5365248
0.94523072	0.83736545	-10.390945	9.5036125
0.92028242	0.84541953	-10.440554	9.5406389
0.89377487	0.84606385	-10.453167	9.515955
0.88130081	0.84638602	-10.475029	9.5365248
0.86414886	0.84670818	-10.46662	9.5241833
0.84231913	0.84284222	-10.382536	9.5282974
0.81581163	0.83962059	-10.46662	9.5200691
0.80177832	0.85508436	-10.449803	9.5735512
0.77838933	0.85959464	-10.497732	9.5365248
0.7737115	0.86474925	-10.454007	9.569437
0.75032252	0.86152762	-10.421215	9.569437
0.73628914	0.86797088	-10.418693	9.5817795
0.71757793	0.8695817	-10.464938	9.594121
0.70354456	0.87763578	-10.496049	9.5817795
0.68327409	0.86603791	-10.480914	9.5982351
0.67235923	0.86184978	-10.454007	9.5858936
0.66456294	0.83704329	-10.469984	9.5570955
0.65208876	0.84348655	-10.458212	9.5900078
0.6411739	0.83768761	-10.303497	9.5735512
0.6302591	0.85218489	-10.458212	9.6146917
0.6146664	0.84767467	-10.481755	9.594121
0.60219228	0.84831893	-10.45569	9.6064634
0.59751451	0.84799683	-10.471665	9.6023493
0.58504039	0.85089624	-10.442237	9.6146917
0.57724404	0.85605085	-10.4456	9.594121
0.57100701	0.85766166	-10.444759	9.6146917
0.56476992	0.85959464	-10.435509	9.6311464
0.55385506	0.8486411	-10.427101	9.6064634
0.54138094	0.86410493	-10.458212	9.6434889
0.53358465	0.87248117	-10.484279	9.647603
0.52890682	0.85959464	-10.430465	9.6517172
0.52266979	0.8473525	-10.432146	9.6599445
0.51487345	0.83800977	-10.469984	9.6352606
0.50395858	0.84606385	-10.417851	9.6640587
0.50084007	0.85250705	-10.469144	9.672287
0.49460301	0.86152762	-10.47671	9.6681728
0.48524743	0.85701734	-10.430465	9.6517172
0.48212889	0.8547622	-10.463257	9.672287
0.47745109	0.85540652	-10.453167	9.6640587
0.48212889	0.85701734	-10.4456	9.6805153
0.46965477	0.86636007	-10.46662	9.7051992
0.46809548	0.87473631	-10.352266	9.7051992
0.46029913	0.88343471	-10.459053	9.7010851
0.46341768	0.87892443	-10.467461	9.6928568
0.45718065	0.87376982	-10.460734	9.6928568
0.4540621	0.86507142	-10.440554	9.7216549
0.44782501	0.87151468	-10.353948	9.7422256
0.44314724	0.86893737	-10.459894	9.7381115
0.44002873	0.85895032	-10.465779	9.7010851
0.44002873	0.85701734	-10.461576	9.725769
0.43535089	0.85411787	-10.475029	9.725769
0.43067312	0.85927248	-10.469144	9.7463398
0.42911386	0.87248117	-10.467461	9.7710238
0.43067312	0.872159	-10.439713	9.7669096
0.42911386	0.87151468	-10.448963	9.7463398
0.42599532	0.86152762	-10.499413	9.7093134
0.41663975	0.85862815	-10.443076	9.7216549
0.41508049	0.85895032	-10.464098	9.725769
0.41975826	0.85959464	-10.483438	9.7545671
0.42599532	0.86539358	-10.422056	9.7422256
0.41663975	0.86410493	-10.432987	9.7298832
0.41196194	0.86474925	-10.470825	9.725769
0.4088434	0.86893737	-10.493526	9.7627954
0.41040266	0.86023897	-10.4456	9.7669096
0.41663975	0.8608833	-10.41617	9.7586813
0.4088434	0.86120546	-10.479233	9.7627954
0.40728414	0.86378276	-10.460734	9.7710238
0.40572491	0.86313844	-10.470825	9.7422256
0.40572491	0.84348655	-10.454848	9.7093134
0.40572491	0.84541953	-10.386741	9.7545671
0.40416563	0.85315138	-10.464938	9.7422256
0.40260637	0.86313844	-10.451485	9.7586813
0.40260637	0.87409198	-10.458212	9.7586813
0.40260637	0.86603791	-10.479233	9.7422256
0.39792857	0.86249411	-10.441395	9.7339973
0.40104708	0.86829305	-10.457372	9.725769
0.40416563	0.87344766	-10.436351	9.7381115
0.40104708	0.86861521	-10.299293	9.7422256
0.39948782	0.86410493	-10.468302	9.7298832
0.39792857	0.87022603	-10.504458	9.7175417
0.40104708	0.8634606	-10.464098	9.7339973
0.39636928	0.85444003	-10.459894	9.7298832
0.39325073	0.84316438	-10.712146	9.7381115
0.39481002	0.86281627	-10.488482	9.7669096
0.39481002	0.85895032	-10.45653	9.7339973
0.39325073	0.86893737	-10.461576	9.7463398
0.39169151	0.86410493	-10.463257	9.7298832
0.39636928	0.86313844	-10.452326	9.7175417
0.39792857	0.85766166	-10.461576	9.7093134
0.39636928	0.86217195	-10.454007	9.7051992
0.39792857	0.86603791	-10.469144	9.7175417
0.40104708	0.86539358	-10.432146	9.7093134
0.39792857	0.8547622	-10.477551	9.6846294
0.39325073	0.86861521	-10.443918	9.7216549
0.38389516	0.86829305	-10.472507	9.7010851
0.39481002	0.87441415	-10.415329	9.7010851
0.39481002	0.86829305	-10.447281	9.6887436
0.39169151	0.84831893	-10.258933	9.6805153
0.40416563	0.84509736	-10.432146	9.7175417
0.39169151	0.84316438	-10.469984	9.6969709
0.39169151	0.85669518	-10.427101	9.7051992
0.39636928	0.85798383	-10.492686	9.6887436
0.39481002	0.85637301	-10.480074	9.6846294
0.39013225	0.85862815	-10.454848	9.6764011
0.39325073	0.85444003	-10.440554	9.6805153
0.39169151	0.85540652	-10.386741	9.6887436
0.39481002	0.86023897	-10.438872	9.7134275
0.39481002	0.85025191	-10.475869	9.6558313
0.39792857	0.8421979	-10.45569	9.6558313
0.39169151	0.86120546	-10.480074	9.6681728
0.39792857	0.87409198	-10.382536	9.6846294
0.39948782	0.85669518	-10.451485	9.6229191
0.39792857	0.84896326	-10.443076	9.647603
0.39792857	0.85605085	-10.480914	9.6311464
0.39792857	0.85766166	-10.464098	9.6434889
0.39481002	0.87087035	-10.361515	9.672287
0.39481002	0.86700439	-10.468302	9.6764011
0.39792857	0.86507142	-10.482595	9.6764011
0.39481002	0.85315138	-10.366561	9.6188059
0.39636928	0.85540652	-10.468302	9.6188059
0.39792857	0.85218489	-10.475029	9.6188059
0.39325073	0.86829305	-10.47671	9.6640587
0.39013225	0.87151468	-10.478392	9.647603
0.39792857	0.86571574	-10.40692	9.6188059
0.39792857	0.86829305	-10.493526	9.6270332
0.40416563	0.85572869	-10.472507	9.6023493
0.40104708	0.85605085	-10.459894	9.6229191
0.40572491	0.85315138	-10.478392	9.6023493
0.39792857	0.85444003	-10.395989	9.5858936
0.39792857	0.85540652	-10.501095	9.594121
0.40104708	0.86990386	-10.461576	9.6146917
0.40416563	0.87602496	-10.357311	9.6270332
0.40260637	0.86442709	-10.459894	9.594121
0.39948782	0.85540652	-10.41701	9.594121
0.40572491	0.83639896	-10.494368	9.5982351
0.40416563	0.83962059	-10.458212	9.5982351
0.4088434	0.84316438	-10.464938	9.5900078
0.40572491	0.85895032	-10.459894	9.6188059
0.41040266	0.85218489	-10.432987	9.5982351
0.40260637	0.85540652	-10.4456	9.569437
0.40260637	0.84992975	-10.464938	9.569437
0.40572491	0.86152762	-10.467461	9.594121
0.40728414	0.84703034	-10.437191	9.5612087
0.41040266	0.85830599	-10.461576	9.5776653
0.4088434	0.85540652	-10.472507	9.5529814
0.41508049	0.86732656	-10.462417	9.5900078
0.41040266	0.85637301	-10.908061	9.5776653
0.40416563	0.85186273	-10.470825	9.5570955
0.4088434	0.85089624	-10.480914	9.569437
0.41040266	0.84413087	-10.479233	9.5447531
0.4088434	0.85250705	-10.471665	9.6064634
0.40416563	0.84413087	-10.760074	9.569437
0.41196194	0.85025191	-10.479233	9.5982351
0.41663975	0.85862815	-10.471665	9.594121
0.40728414	0.8695817	-10.505299	9.6023493
0.4135212	0.85927248	-10.494368	9.5447531
0.41040266	0.85991681	-10.797912	9.569437
0.41508049	0.84574169	-10.448122	9.5365248
0.41196194	0.85766166	-10.469984	9.5982351
0.4135212	0.8473525	-10.454007	9.5488672
0.41508049	0.86668223	-10.497732	9.5735512
0.42287678	0.86281627	-10.328723	9.5488672
0.42443606	0.85862815	-10.483438	9.5529814
0.41975826	0.86152762	-10.443076	9.569437
0.42287678	0.85959464	-10.438032	9.5488672
0.42755461	0.85186273	-10.432987	9.5529814
0.42911386	0.84638602	-10.22614	9.569437
0.42911386	0.8512184	-10.453167	9.569437
0.42911386	0.85186273	-10.48596	9.5735512
0.42443606	0.84380871	-10.404398	9.5447531
0.42287678	0.84026492	-10.438032	9.5612087
0.42755461	0.82866704	-10.454848	9.5200691
0.42755461	0.83382165	-10.475869	9.5406389
0.42755461	0.83543247	-10.45653	9.5488672
0.43379164	0.8486411	-10.429624	9.6105776
0.43379164	0.84670818	-10.46662	9.5529814
0.43379164	0.86023897	-10.45653	9.5776653
0.43067312	0.85540652	-10.470825	9.5653229
0.43379164	0.85444003	-10.472507	9.5735512
0.43379164	0.85250705	-10.46662	9.5488672
0.43067312	0.85669518	-10.461576	9.5488672
0.43067312	0.86249411	-10.4456	9.5776653
0.43379164	0.85669518	-10.440554	9.5982351
0.43379164	0.84670818	-10.441395	9.5447531
0.44002873	0.84509736	-10.3859	9.5570955
0.42599532	0.83446598	-10.472507	9.5447531
0.43691018	0.82737839	-10.431305	9.5488672
0.42911386	0.84284222	-10.34554	9.5817795
0.43691018	0.85282922	-10.464098	9.569437
0.43223241	0.85540652	-10.432146	9.5488672
0.43691018	0.85250705	-10.462417	9.5817795
0.43379164	0.8486411	-10.439713	9.5570955
0.43691018	0.85089624	-10.454007	9.5447531
0.43691018	0.85444003	-10.473348	9.5570955
0.43067312	0.84123141	-10.462417	9.5447531
0.43846944	0.83800977	-10.448122	9.5200691
0.43535089	0.84252006	-10.489323	9.5447531
0.43846944	0.84541953	-10.364038	9.5406389
0.44626576	0.85186273	-10.443076	9.6023493
0.44002873	0.83833194	-10.453167	9.5241833
0.43535089	0.83800977	-10.464098	9.5488672
0.43067312	0.84638602	-10.493526	9.5447531
0.44002873	0.84799683	-10.397672	9.5612087
0.44002873	0.84155357	-10.471665	9.5324106
0.43691018	0.84413087	-10.442237	9.5447531
0.44002873	0.8486411	-10.425419	9.5529814
0.44158798	0.84928542	-10.439713	9.5817795
0.44158798	0.8447752	-10.329563	9.5612087
0.44314724	0.84831893	-10.448122	9.5365248
0.43379164	0.83897626	-10.460734	9.5200691
0.43535089	0.84703034	-10.432987	9.5612087
0.43535089	0.85057408	-10.493526	9.5488672
0.43535089	0.85250705	-10.49521	9.5365248
0.44158798	0.86571574	-10.472507	9.5735512
0.43223241	0.85766166	-10.464098	9.5529814
0.44002873	0.86056113	-10.431305	9.5735512
0.44470653	0.84767467	-10.450644	9.5365248
0.43691018	0.84252006	-10.461576	9.5241833
0.43846944	0.82834488	-10.467461	9.5324106
0.43846944	0.82898921	-10.448122	9.5200691
0.43535089	0.83704329	-10.496049	9.5324106
0.43846944	0.84026492	-10.475869	9.5324106
0.43379164	0.84413087	-10.497732	9.5612087
0.43846944	0.8421979	-10.401875	9.5282974
0.43691018	0.84445304	-10.453167	9.5529814
0.43691018	0.86571574	-10.465779	9.5735512
0.43067312	0.85798383	-10.496049	9.5653229
0.43379164	0.86442709	-10.511186	9.5488672
0.43691018	0.85766166	-10.33629	9.5365248
0.43691018	0.85379571	-10.454848	9.515955
0.43379164	0.85154057	-10.440554	9.5570955
0.43691018	0.85798383	-10.468302	9.5529814
0.43223241	0.84574169	-10.45569	9.5406389
0.43691018	0.83382165	-10.7668	9.5282974
0.43691018	0.84509736	-10.48596	9.5735512
0.43223241	0.83672112	-10.46662	9.5282974
0.43691018	0.83897626	-10.472507	9.5241833
0.43067312	0.83478814	-10.475029	9.515955
0.43223241	0.84831893	-10.378332	9.5735512
0.43379164	0.85798383	-10.491005	9.5653229
0.43067312	0.85186273	-10.460734	9.5488672
0.43067312	0.8512184	-10.475029	9.5529814
0.43379164	0.85798383	-10.490164	9.5982351
0.42443606	0.85895032	-10.367401	9.5488672
0.42599532	0.86023897	-10.464938	9.5447531
0.42755461	0.85218489	-10.480914	9.5447531
0.42911386	0.85508436	-10.47671	9.5653229
0.42755461	0.84703034	-10.427941	9.5324106
0.42755461	0.85025191	-10.464098	9.5529814
0.42755461	0.84252006	-10.463257	9.5406389
0.42599532	0.85089624	-10.468302	9.5776653
0.41975826	0.85605085	-10.367401	9.5570955
0.42287678	0.85347354	-10.45569	9.5365248
0.42755461	0.84606385	-10.45653	9.4994993
0.41663975	0.84509736	-10.480914	9.5241833
0.418199	0.84348655	-10.468302	9.5036125
0.418199	0.84799683	-10.302656	9.5488672
0.418199	0.84123141	-10.432987	9.5241833
0.42287678	0.85959464	-10.483438	9.5858936
0.41663975	0.86217195	-10.449803	9.5200691
0.418199	0.86023897	-10.45653	9.5488672
0.4135212	0.8547622	-10.380014	9.5077267
0.418199	0.85218489	-10.453167	9.5488672
0.41508049	0.84896326	-10.454007	9.5118408
0.41508049	0.84992975	-10.483438	9.515955
0.41663975	0.85057408	-10.480914	9.5447531
0.4088434	0.84509736	-10.429624	9.5653229
0.42131752	0.83833194	-10.439713	9.515955
0.4135212	0.83092219	-10.438032	9.5200691
0.418199	0.83446598	-10.457372	9.4994993
0.41040266	0.83349949	-10.463257	9.5241833
0.4135212	0.84380871	-10.449803	9.5200691
0.41040266	0.85508436	-10.459053	9.5406389
0.41040266	0.85250705	-10.459894	9.515955
0.4135212	0.86152762	-10.376651	9.5735512
0.41663975	0.85057408	-10.454848	9.5406389
0.4135212	0.84348655	-10.86686	9.5077267
0.41040266	0.85411787	-10.45569	9.5406389
0.4135212	0.84445304	-10.458212	9.5324106
0.42287678	0.84960759	-10.399353	9.5324106
0.41040266	0.85347354	-10.478392	9.5324106
0.41196194	0.84960759	-10.454007	9.5241833
0.4088434	0.84606385	-10.448963	9.5241833
0.40572491	0.84413087	-10.46662	9.5118408
0.40728414	0.83478814	-10.435509	9.4994993
0.40572491	0.83962059	-10.475869	9.5282974
0.41196194	0.8421979	-10.452326	9.515955
0.40728414	0.83382165	-10.469144	9.4830427
0.4088434	0.83156651	-10.464098	9.4830427
0.4088434	0.83800977	-10.467461	9.5241833
0.41040266	0.8386541	-10.448122	9.4994993
0.40572491	0.85637301	-10.444759	9.5529814
0.40104708	0.85798383	-10.494368	9.515955
0.40572491	0.8608833	-10.435509	9.5282974
0.40416563	0.85057408	-10.360675	9.5241833
0.4088434	0.86023897	-10.452326	9.5365248
0.40728414	0.85830599	-10.469144	9.5036125
0.40728414	0.85895032	-10.473348	9.5282974
0.40260637	0.86184978	-10.491005	9.5282974
0.40260637	0.84831893	-10.459053	9.4994993
0.40572491	0.84638602	-10.443076	9.5077267
0.40416563	0.84155357	-10.452326	9.5200691
0.40416563	0.8486411	-10.46662	9.5447531
0.39948782	0.85218489	-10.491005	9.5077267
0.39792857	0.86539358	-10.40692	9.5241833
0.39948782	0.86249411	-10.464098	9.4953852
0.40260637	0.8360768	-10.45653	9.4789286
0.39792857	0.83285517	-10.449803	9.4707003
0.40416563	0.83736545	-10.4456	9.515955
0.39792857	0.8486411	-10.45653	9.5324106
0.39792857	0.8547622	-10.464098	9.5529814
0.39636928	0.84638602	-10.459894	9.4953852
0.39792857	0.83962059	-10.453167	9.491271
0.40260637	0.83575463	-10.494368	9.5077267
0.39948782	0.84574169	-10.399353	9.5077267
0.40104708	0.8421979	-10.443076	9.515955
0.39636928	0.83994275	-10.458212	9.5200691
0.40572491	0.84252006	-10.477551	9.5118408
0.39481002	0.83639896	-10.479233	9.5200691
0.39792857	0.82931137	-10.42626	9.4665871
0.39792857	0.83639896	-10.480914	9.491271
0.39636928	0.8447752	-10.487641	9.4994993
0.39636928	0.84252006	-10.437191	9.4871569
0.40260637	0.84703034	-10.463257	9.4994993
0.40260637	0.85540652	-10.388422	9.4994993
0.39792857	0.85154057	-10.45653	9.4871569
0.39792857	0.85637301	-10.467461	9.5406389
0.39948782	0.85895032	-10.348903	9.5118408
0.40104708	0.85250705	-10.451485	9.491271
0.39325073	0.85282922	-10.442237	9.4953852
0.39325073	0.85282922	-10.498572	9.4871569
0.39481002	0.85766166	-10.502776	9.5118408
0.39481002	0.84606385	-10.494368	9.491271
0.39792857	0.84574169	-10.437191	9.515955
0.39792857	0.84026492	-10.432146	9.5406389
0.39481002	0.84316438	-10.462417	9.4830427
0.39481002	0.84928542	-10.482595	9.4953852
0.39792857	0.84670818	-10.454007	9.491271
0.39013225	0.84670818	-10.432146	9.5241833
0.39325073	0.84090924	-10.448122	9.4789286
0.39792857	0.83736545	-10.436351	9.4953852
0.39792857	0.84123141	-10.444759	9.4953852
0.39636928	0.84670818	-10.34638	9.5118408
0.39481002	0.85669518	-10.461576	9.4871569
0.39325073	0.84509736	-10.47671	9.4830427
0.40104708	0.85154057	-10.47671	9.5118408
0.39792857	0.85379571	-10.440554	9.5365248
0.39325073	0.85669518	-10.292566	9.5036125
0.39169151	0.85895032	-10.491005	9.5282974
0.39169151	0.8573395	-10.486801	9.5118408
0.39636928	0.84316438	-10.481755	9.515955
0.39792857	0.8447752	-10.436351	9.4994993
0.39792857	0.83704329	-10.452326	9.4871569
0.39481002	0.84896326	-10.469984	9.5077267
0.39325073	0.85701734	-10.475029	9.5324106
0.39636928	0.84445304	-10.510345	9.4665871
0.39792857	0.84316438	-10.462417	9.4871569
0.39636928	0.83221084	-10.344698	9.4748144
0.39636928	0.84703034	-10.438872	9.5077267
0.39636928	0.84541953	-10.46662	9.4748144
0.39481002	0.8608833	-10.399353	9.4871569
0.39481002	0.84670818	-10.480914	9.4707003
0.39325073	0.84928542	-10.4456	9.5282974
0.39481002	0.83414382	-10.434669	9.4624729
0.39792857	0.85154057	-10.458212	9.5282974
0.39792857	0.84574169	-10.398513	9.5077267
0.39636928	0.84123141	-10.451485	9.4994993
0.39636928	0.832533	-10.279114	9.491271
0.40104708	0.84316438	-10.444759	9.4953852
0.39636928	0.84574169	-10.485119	9.4953852
0.39948782	0.83736545	-10.255569	9.5241833
0.40104708	0.84896326	-10.449803	9.5036125
0.39792857	0.83543247	-10.470825	9.4871569
0.39169151	0.83027786	-10.458212	9.4665871
0.39169151	0.832533	-10.46662	9.4748144
0.39792857	0.84284222	-10.434669	9.4953852
0.40104708	0.85798383	-10.472507	9.4789286
0.39013225	0.84509736	-10.469984	9.4419022
0.39169151	0.84123141	-10.457372	9.4707003
0.39636928	0.83446598	-10.464938	9.4665871
0.39792857	0.84703034	-10.439713	9.491271
0.39636928	0.85154057	-10.485119	9.5200691
0.39325073	0.85862815	-10.469984	9.5036125
0.40104708	0.84960759	-10.461576	9.491271
0.39792857	0.83414382	-10.438872	9.4542446
0.39325073	0.84123141	-10.435509	9.4871569
0.39792857	0.82834488	-10.475029	9.4789286
0.39636928	0.8386541	-10.498572	9.4830427
0.39325073	0.84670818	-10.490164	9.4953852
0.39792857	0.85025191	-10.442237	9.4994993
0.39169151	0.84799683	-10.431305	9.4665871
0.39792857	0.85508436	-10.459053	9.4953852
0.39792857	0.85444003	-10.459053	9.4748144
0.40104708	0.86313844	-10.462417	9.5118408
0.38857296	0.86184978	-10.48596	9.4871569
0.39481002	0.84767467	-10.401035	9.4542446
0.39636928	0.84992975	-10.480914	9.4624729
0.39636928	0.85057408	-10.451485	9.4953852
0.39792857	0.86281627	-10.480074	9.5200691
0.40260637	0.85862815	-10.452326	9.5036125
0.39636928	0.83833194	-10.413648	9.4789286
0.39792857	0.85025191	-10.464098	9.491271
0.40260637	0.85025191	-10.477551	9.5118408
0.40416563	0.85315138	-10.468302	9.4830427
0.39792857	0.83285517	-10.452326	9.4542446
0.39948782	0.82705623	-10.368242	9.4624729
0.40260637	0.82898921	-10.464938	9.4748144
0.40260637	0.8264119	-10.444759	9.4501305
0.39481002	0.84123141	-10.444759	9.5077267
0.39792857	0.8512184	-10.46662	9.4748144
0.39948782	0.85089624	-10.349744	9.4830427
0.39948782	0.85572869	-10.462417	9.4707003
0.40104708	0.84252006	-10.460734	9.4583588
0.39792857	0.84316438	-10.299293	9.4501305
0.40416563	0.83897626	-10.47671	9.4665871
0.39792857	0.84703034	-10.441395	9.4953852
0.40104708	0.83382165	-10.4456	9.4707003
0.39792857	0.84348655	-10.467461	9.4994993
0.40416563	0.8473525	-10.4456	9.5077267
0.40572491	0.84348655	-10.448963	9.4871569
0.39636928	0.83027786	-10.401035	9.4501305
0.40416563	0.83124435	-10.464938	9.4542446
0.39636928	0.84348655	-10.480074	9.4830427
0.40416563	0.85637301	-10.337131	9.491271
0.40104708	0.86217195	-10.450644	9.5036125
0.39792857	0.86313844	-10.49521	9.4624729
0.39792857	0.85798383	-10.467461	9.4789286
0.40260637	0.85830599	-10.477551	9.4624729
0.39792857	0.84928542	-10.418693	9.4624729
0.39792857	0.83929843	-10.45653	9.4336748
0.39948782	0.84767467	-10.452326	9.4707003
0.40104708	0.84252006	-10.493526	9.4665871
0.39792857	0.83704329	-10.482595	9.4748144
0.40728414	0.83285517	-10.405239	9.4707003
0.39948782	0.82866704	-10.45569	9.4624729
0.39948782	0.82447892	-10.438032	9.4419022
0.39948782	0.82737839	-10.496049	9.437789
0.40416563	0.84058708	-10.494368	9.4748144
0.39948782	0.84348655	-10.349744	9.4419022
0.40572491	0.85379571	-10.46662	9.4994993
0.40728414	0.85540652	-10.458212	9.4748144
0.40260637	0.8512184	-10.475029	9.4583588
0.39792857	0.83511031	-10.444759	9.4460163
0.40260637	0.83446598	-10.337972	9.4624729
0.40260637	0.83929843	-10.450644	9.4419022
0.40260637	0.84316438	-10.478392	9.4583588
0.39948782	0.83897626	-10.439713	9.4707003
0.40572491	0.8386541	-10.479233	9.4707003
0.40104708	0.832533	-10.374128	9.4460163
0.39948782	0.82866704	-10.492686	9.437789
0.40416563	0.84058708	-10.459053	9.4789286
0.39948782	0.83833194	-10.491005	9.4707003
0.40104708	0.84606385	-10.490164	9.4665871
0.39948782	0.83188868	-10.45653	9.4542446
0.40416563	0.84090924	-10.460734	9.5036125
0.40104708	0.83124435	-10.475869	9.4460163
0.40104708	0.84026492	-10.478392	9.4707003
0.40104708	0.83736545	-10.446441	9.4542446
0.40260637	0.83575463	-10.4456	9.4419022
0.40416563	0.84380871	-10.42626	9.4707003
0.40104708	0.84090924	-10.469144	9.437789
0.40572491	0.85379571	-10.443918	9.4871569
0.40572491	0.84380871	-10.480914	9.4707003
0.40728414	0.84026492	-10.421215	9.4624729
0.39792857	0.84380871	-10.488482	9.4665871
0.39636928	0.84090924	-10.468302	9.4624729
0.40416563	0.83027786	-10.432146	9.4419022
0.40260637	0.82834488	-10.464098	9.4583588
0.40260637	0.83285517	-10.425419	9.4748144
0.40572491	0.84284222	-10.458212	9.4871569
0.40260637	0.84703034	-10.450644	9.5077267
0.4088434	0.84703034	-10.420374	9.4789286
0.40416563	0.84058708	-10.494368	9.4665871
0.40728414	0.83543247	-10.464098	9.4542446
0.39792857	0.84413087	-10.48596	9.4748144
0.40572491	0.84960759	-10.478392	9.4707003
0.4088434	0.85605085	-10.303497	9.4830427
0.40260637	0.84799683	-10.459894	9.437789
0.40104708	0.85508436	-10.372446	9.491271
0.40104708	0.84284222	-10.461576	9.4542446
0.40572491	0.84348655	-10.484279	9.4583588
0.39948782	0.83446598	-10.427941	9.437789
0.40104708	0.83478814	-10.45653	9.4460163
0.40104708	0.83478814	-10.488482	9.4542446
0.40260637	0.84090924	-10.465779	9.4707003
0.39792857	0.84380871	-10.453167	9.4789286
0.40728414	0.83994275	-10.440554	9.4542446
0.40572491	0.84026492	-10.454007	9.4665871
0.40260637	0.8386541	-10.468302	9.4665871
0.40104708	0.84992975	-10.483438	9.5118408
0.40572491	0.85089624	-10.45653	9.4871569
0.40572491	0.85669518	-10.427101	9.4748144
0.4088434	0.84703034	-10.452326	9.4583588
0.4088434	0.8473525	-10.438032	9.4419022
0.40416563	0.8447752	-10.459053	9.4501305
0.40416563	0.83929843	-10.46662	9.4419022
0.4088434	0.84767467	-10.45569	9.4707003
0.4088434	0.85508436	-10.478392	9.4748144
0.40572491	0.85315138	-10.48596	9.4748144
0.40572491	0.84799683	-10.470825	9.4624729
0.41196194	0.84670818	-10.45569	9.4789286
0.40728414	0.83092219	-10.425419	9.4254465
0.41040266	0.8299557	-10.457372	9.4665871
0.40260637	0.82061297	-10.453167	9.4542446
0.39948782	0.83478814	-10.395989	9.491271
0.40260637	0.83962059	-10.465779	9.4748144
0.40572491	0.83929843	-10.454007	9.4748144
0.40260637	0.84960759	-10.48596	9.4707003
0.40416563	0.84638602	-10.460734	9.4624729
0.40728414	0.84445304	-10.423738	9.4583588
0.4088434	0.83478814	-10.447281	9.4501305
0.40416563	0.84316438	-10.242957	9.4789286
0.40572491	0.85572869	-10.477551	9.4789286
0.40416563	0.85186273	-10.48596	9.4748144
0.40572491	0.84896326	-10.433827	9.4748144
0.41040266	0.84123141	-10.454007	9.4583588
0.40728414	0.84574169	-10.313587	9.4624729
0.40104708	0.83092219	-10.465779	9.4583588
0.40728414	0.82931137	-10.465779	9.4419022
0.4088434	0.83188868	-10.459894	9.4583588
0.41508049	0.84090924	-10.468302	9.4789286
0.4088434	0.85057408	-10.462417	9.4830427
0.41040266	0.8573395	-10.47671	9.4953852
0.40416563	0.85798383	-10.471665	9.4830427
0.40728414	0.8386541	-10.52632	9.437789
0.4135212	0.84316438	-10.477551	9.4748144
0.40728414	0.83446598	-10.461576	9.4501305
0.41040266	0.84284222	-10.47671	9.4665871
0.4088434	0.85282922	-10.485119	9.491271
0.41508049	0.86217195	-10.432146	9.4748144
0.4088434	0.85057408	-10.449803	9.4501305
0.40572491	0.84638602	-10.449803	9.4542446
0.40260637	0.83929843	-10.474188	9.4624729
0.41040266	0.84123141	-10.448122	9.4871569
0.40728414	0.83575463	-10.327041	9.4542446
0.41196194	0.83543247	-10.475029	9.4501305
0.41040266	0.83027786	-10.4456	9.4583588
0.4135212	0.83704329	-10.413648	9.4419022
0.41196194	0.84026492	-10.463257	9.4748144
0.41040266	0.84509736	-10.443918	9.4707003
0.40728414	0.85444003	-10.462417	9.4871569
0.41040266	0.84960759	-10.465779	9.4789286
0.4088434	0.84284222	-10.390945	9.4542446
0.40728414	0.84703034	-10.454007	9.4707003
0.40572491	0.832533	-10.467461	9.4542446
0.41040266	0.83124435	-10.49521	9.4295607
0.41196194	0.84284222	-10.443918	9.437789
0.40572491	0.83736545	-10.361515	9.4542446
0.41196194	0.85218489	-10.464098	9.4994993
0.4135212	0.85250705	-10.459894	9.4953852
0.40572491	0.85025191	-10.473348	9.4748144
0.4088434	0.83736545	-10.464098	9.4336748
0.40416563	0.81288105	-10.433827	9.4213324
0.4088434	0.81803566	-10.49521	9.4419022
0.41040266	0.83414382	-10.496049	9.4665871
0.40728414	0.84445304	-10.48596	9.4707003
0.41196194	0.84026492	-10.480074	9.4583588
0.4088434	0.83446598	-10.322837	9.4624729
0.41196194	0.84090924	-10.485119	9.4707003
0.4088434	0.84767467	-10.452326	9.4707003
0.40728414	0.85701734	-10.50614	9.4871569
0.41663975	0.86056113	-10.454007	9.4994993
0.4088434	0.86249411	-10.37581	9.4789286
0.40416563	0.84799683	-10.448122	9.4460163
0.40728414	0.85154057	-10.464938	9.4789286
0.40728414	0.83994275	-10.468302	9.4624729
0.40572491	0.83285517	-10.443076	9.4542446
0.41508049	0.83285517	-10.396831	9.4748144
0.40728414	0.83511031	-10.472507	9.4542446
0.4135212	0.83478814	-10.4456	9.4748144
0.40572491	0.83511031	-10.47671	9.4419022
0.41040266	0.84252006	-10.475029	9.4542446
0.40416563	0.84284222	-10.380855	9.4624729
0.41040266	0.8421979	-10.464098	9.4830427
0.40416563	0.84928542	-10.439713	9.4830427
0.40728414	0.85315138	-10.465779	9.4994993
0.41040266	0.86410493	-10.470825	9.4953852
0.4135212	0.84445304	-10.443076	9.4707003
0.40416563	0.85347354	-10.483438	9.4665871
0.40416563	0.8421979	-10.459053	9.4501305
0.41040266	0.8447752	-10.443076	9.4830427
0.40572491	0.85572869	-10.464098	9.5365248
0.40572491	0.85895032	-10.317792	9.5077267
0.41040266	0.86378276	-10.449803	9.5036125
0.40104708	0.85572869	-10.47671	9.4665871
0.41040266	0.83736545	-10.441395	9.4542446
0.39948782	0.83833194	-10.486801	9.4748144
0.39325073	0.84638602	-10.45569	9.4707003
0.39792857	0.86217195	-10.452326	9.5118408
0.40104708	0.85218489	-10.477551	9.4748144
0.40416563	0.83833194	-10.489323	9.4542446
0.4088434	0.83994275	-10.431305	9.4830427
0.4088434	0.8486411	-10.447281	9.4707003
0.418199	0.85379571	-10.480914	9.5200691
0.4135212	0.85282922	-10.434669	9.4871569
0.41663975	0.85315138	-10.469984	9.4789286
0.41508049	0.83994275	-10.393467	9.4542446
0.41508049	0.83994275	-10.474188	9.4789286
0.41975826	0.8486411	-10.477551	9.5077267
0.418199	0.85282922	-10.337972	9.515955
0.41975826	0.84123141	-10.452326	9.4830427
0.41663975	0.83929843	-10.46662	9.4830427
0.418199	0.82222378	-10.457372	9.4419022
0.41196194	0.82512325	-10.465779	9.4542446
0.41975826	0.82447892	-10.324518	9.4624729
0.4135212	0.83736545	-10.467461	9.4994993
0.42287678	0.83639896	-10.4456	9.4624729
0.418199	0.85444003	-10.457372	9.4994993
0.41663975	0.85540652	-10.496049	9.491271
0.41663975	0.85379571	-10.35647	9.4830427
0.42287678	0.8473525	-10.440554	9.4748144
0.42287678	0.85154057	-10.429624	9.491271
0.418199	0.85218489	-10.411966	9.4953852
0.41508049	0.85637301	-10.468302	9.4953852
0.42131752	0.85250705	-10.316951	9.4748144
0.42443606	0.85605085	-10.457372	9.4871569
0.42287678	0.83929843	-10.437191	9.4501305
0.41975826	0.82866704	-10.45569	9.4953852
0.41975826	0.82544541	-10.446441	9.4789286
0.42287678	0.83929843	-10.449803	9.4994993
0.41975826	0.84831893	-10.463257	9.491271
0.418199	0.84960759	-10.491005	9.4748144
0.4135212	0.85862815	-10.442237	9.4994993
0.41663975	0.85315138	-10.433827	9.4707003
0.418199	0.85572869	-10.454848	9.4830427
0.418199	0.85025191	-10.467461	9.4707003
0.41663975	0.85927248	-10.492686	9.4953852
0.418199	0.85250705	-10.436351	9.4830427
0.41663975	0.85089624	-10.438872	9.4789286
0.418199	0.83929843	-10.449803	9.4748144
0.41975826	0.84252006	-10.443076	9.4953852
0.41508049	0.84252006	-10.438032	9.4830427
0.41508049	0.84380871	-10.423738	9.4871569
0.42131752	0.84638602	-10.488482	9.4953852
0.4135212	0.83639896	-10.471665	9.4830427
0.41975826	0.82931137	-10.427101	9.4665871
0.41663975	0.82544541	-10.4456	9.4542446
0.4135212	0.82705623	-10.443076	9.4665871
0.41196194	0.84284222	-10.481755	9.4994993
0.41508049	0.84413087	-10.463257	9.4748144
0.41663975	0.84638602	-10.395989	9.4583588
0.41663975	0.84960759	-10.464098	9.4871569
0.418199	0.84509736	-10.46662	9.4583588
0.418199	0.84831893	-10.45569	9.4789286
0.41975826	0.85411787	-10.468302	9.5077267
0.4135212	0.85250705	-10.295089	9.4871569
0.41663975	0.85057408	-10.485119	9.4789286
0.41508049	0.84155357	-10.451485	9.4624729
0.42443606	0.82931137	-10.453167	9.4707003
0.41508049	0.82093513	-10.472507	9.4830427
0.41663975	0.82608974	-10.376651	9.4830427
0.41196194	0.82157946	-10.480074	9.4748144
0.42131752	0.82898921	-10.448963	9.4830427
0.4135212	0.84445304	-10.469984	9.4871569
0.4135212	0.83929843	-10.469984	9.4665871
0.41196194	0.84509736	-10.422896	9.4830427
0.41663975	0.84638602	-10.469144	9.4830427
0.41663975	0.85669518	-10.464938	9.5077267
0.4135212	0.85089624	-10.36572	9.4748144
0.4135212	0.86217195	-10.475869	9.491271
0.42131752	0.86249411	-10.386741	9.4830427
0.41663975	0.85540652	-10.475869	9.4789286
0.41663975	0.85540652	-10.462417	9.4789286
0.4135212	0.8486411	-10.425419	9.4501305
0.41663975	0.84992975	-10.464098	9.4830427
0.41196194	0.85669518	-10.493526	9.5406389
0.41975826	0.85282922	-10.464938	9.5200691
0.41196194	0.85379571	-10.460734	9.5077267
0.41508049	0.84638602	-10.453167	9.4707003
0.40572491	0.84155357	-10.459053	9.4871569
0.41196194	0.84670818	-10.457372	9.4953852
0.4135212	0.84284222	-10.460734	9.4830427
0.41663975	0.8486411	-10.454007	9.4994993
0.41663975	0.86152762	-10.418693	9.5324106
0.41663975	0.85669518	-10.465779	9.4953852
0.41508049	0.85572869	-10.459053	9.5118408
0.41508049	0.85701734	-10.448122	9.5077267
0.41196194	0.85444003	-10.446441	9.491271
0.41508049	0.86378276	-10.405239	9.5036125
0.41508049	0.85572869	-10.442237	9.4994993
0.4088434	0.86378276	-10.500254	9.5077267
0.41663975	0.85895032	-10.447281	9.5365248
0.41196194	0.85315138	-10.461576	9.4953852
0.41040266	0.83478814	-10.443076	9.4871569
0.41508049	0.82963353	-10.47671	9.4789286
0.4135212	0.82705623	-10.464098	9.5200691
0.418199	0.8447752	-10.427101	9.5282974
0.41663975	0.84380871	-10.438872	9.4994993
0.4135212	0.85154057	-10.467461	9.5200691
0.41040266	0.83897626	-10.47671	9.4994993
0.41040266	0.83382165	-10.464098	9.4830427
0.40728414	0.83736545	-10.446441	9.4871569
0.41663975	0.84606385	-10.443918	9.5118408
0.4135212	0.8473525	-10.464098	9.4953852
0.418199	0.8486411	-10.429624	9.5077267
0.4088434	0.86056113	-10.483438	9.5077267
0.42287678	0.83994275	-10.258933	9.4994993
0.41508049	0.83929843	-10.492686	9.5200691
0.41196194	0.8421979	-10.446441	9.4994993
0.41663975	0.85089624	-10.463257	9.5406389
0.41508049	0.85540652	-10.464938	9.5118408
0.4088434	0.85669518	-10.389263	9.5447531
0.4088434	0.85057408	-10.459053	9.4830427
0.41196194	0.84799683	-10.454007	9.5077267
0.41508049	0.85282922	-10.461576	9.5036125
0.41196194	0.84606385	-10.45653	9.4994993
0.41040266	0.83639896	-10.337972	9.4707003
0.4135212	0.8447752	-10.432987	9.5118408
0.4135212	0.85798383	-10.478392	9.515955
0.40416563	0.85250705	-10.441395	9.4994993
0.40572491	0.85701734	-10.459053	9.5036125
0.40572491	0.84509736	-10.385059	9.4665871
0.4088434	0.8447752	-10.469984	9.4789286
0.40572491	0.82898921	-10.454007	9.4542446
0.41196194	0.85025191	-10.475029	9.5282974
0.41196194	0.84058708	-10.459053	9.4994993
0.4135212	0.85025191	-10.447281	9.5324106
0.4135212	0.84155357	-10.457372	9.5282974
0.4088434	0.84284222	-10.448122	9.4953852
0.41196194	0.83317733	-10.293407	9.4871569
0.41040266	0.83478814	-10.447281	9.4994993
0.4088434	0.84026492	-10.444759	9.5118408
0.4088434	0.84252006	-10.471665	9.4953852
0.42131752	0.84574169	-10.462417	9.4994993
0.4135212	0.85315138	-10.390103	9.5036125
0.41040266	0.84380871	-10.491845	9.5118408
0.41040266	0.84380871	-10.500254	9.4789286
0.41508049	0.8547622	-10.486801	9.5118408
0.4135212	0.85572869	-10.454007	9.5036125
0.41040266	0.8608833	-10.925718	9.4953852
0.4135212	0.8447752	-10.468302	9.4665871
0.4088434	0.84380871	-10.467461	9.4789286
0.41663975	0.83124435	-10.467461	9.4871569
0.41196194	0.83511031	-10.443918	9.5241833
0.4135212	0.83639896	-10.313587	9.4953852
0.4135212	0.84316438	-10.491005	9.4830427
0.4088434	0.84509736	-10.458212	9.5036125
0.41663975	0.83511031	-10.430465	9.4748144
0.4135212	0.83188868	-10.463257	9.4953852
0.4088434	0.84284222	-10.427941	9.5036125
0.41040266	0.83962059	-10.478392	9.491271
0.4088434	0.8360768	-10.458212	9.5200691
0.40728414	0.83027786	-10.458212	9.4707003
0.4088434	0.84703034	-10.440554	9.4830427
0.41040266	0.86023897	-10.374128	9.5036125
0.41663975	0.86249411	-10.451485	9.5200691
0.41040266	0.84799683	-10.440554	9.4583588
0.4135212	0.84123141	-10.42626	9.4789286
0.41040266	0.8421979	-10.485119	9.4871569
0.41040266	0.83962059	-10.427101	9.5365248
0.4088434	0.8386541	-10.458212	9.4953852
0.41508049	0.85379571	-10.488482	9.5200691
0.4088434	0.84960759	-10.424579	9.5036125
0.41663975	0.84348655	-10.448963	9.515955
0.4135212	0.83800977	-10.443076	9.4953852
0.4135212	0.84445304	-10.46662	9.5036125
0.4088434	0.84090924	-10.48596	9.4871569
0.4088434	0.84187573	-10.327041	9.5118408
0.41040266	0.85444003	-10.468302	9.5118408
0.41040266	0.8608833	-10.459053	9.5118408
0.4135212	0.86603791	-10.47671	9.5036125
0.418199	0.85379571	-10.459894	9.4994993
0.40416563	0.85508436	-10.421215	9.5036125
0.41040266	0.84960759	-10.46662	9.4830427
0.4088434	0.85250705	-10.47671	9.491271
0.4088434	0.84509736	-10.464098	9.5118408
0.418199	0.84767467	-10.438872	9.5118408
0.40728414	0.84638602	-10.468302	9.5200691
0.41508049	0.84928542	-10.46662	9.5241833
0.41196194	0.832533	-10.437191	9.4994993
0.41040266	0.83188868	-10.371606	9.4789286
0.41196194	0.83962059	-10.480074	9.4994993
0.40572491	0.84316438	-10.50614	9.491271
0.418199	0.85991681	-10.472507	9.5570955
0.41508049	0.85798383	-10.471665	9.5118408
0.41663975	0.8512184	-10.621335	9.5036125
0.41196194	0.85250705	-10.438872	9.4953852
0.418199	0.84960759	-10.441395	9.5282974
0.4135212	0.84090924	-10.475029	9.4707003
0.41663975	0.82125729	-10.457372	9.4707003
0.4135212	0.82157946	-10.469984	9.4871569
0.41508049	0.83027786	-10.299293	9.4994993
0.40728414	0.82834488	-10.50614	9.4748144
0.4088434	0.82963353	-10.469984	9.4748144
0.4088434	0.8360768	-10.482595	9.5077267
0.41663975	0.83317733	-10.45653	9.4953852
0.41196194	0.84541953	-10.422056	9.5200691
0.4088434	0.85315138	-10.469984	9.5036125
0.41508049	0.83994275	-10.452326	9.4748144
0.4135212	0.83672112	-10.479233	9.4953852
0.41663975	0.84252006	-10.438032	9.491271
0.41040266	0.84799683	-10.442237	9.5077267
0.41663975	0.85347354	-10.457372	9.4953852
0.41040266	0.84799683	-10.475029	9.4953852
0.41663975	0.84992975	-10.396831	9.4953852
0.41508049	0.84638602	-10.48596	9.4830427
0.4135212	0.85025191	-10.439713	9.4871569
0.41663975	0.8512184	-10.488482	9.5118408
0.4088434	0.84799683	-10.451485	9.491271
0.4088434	0.83156651	-10.377492	9.4665871
0.40572491	0.82866704	-10.465779	9.4830427
0.41040266	0.84348655	-10.441395	9.515955
0.41040266	0.83897626	-10.458212	9.4994993
0.41663975	0.84380871	-10.443918	9.491271
0.41663975	0.83736545	-10.421215	9.491271
0.41975826	0.82705623	-10.467461	9.4953852
0.4135212	0.84252006	-10.491845	9.4994993
0.4135212	0.83994275	-10.467461	9.4953852
0.41508049	0.84445304	-10.479233	9.5036125
0.41663975	0.84509736	-10.425419	9.5200691
0.41508049	0.84187573	-10.470825	9.5036125
0.4135212	0.85540652	-10.467461	9.5241833
0.41508049	0.85605085	-10.440554	9.5200691
0.4088434	0.84928542	-10.471665	9.5077267
0.4088434	0.84541953	-10.452326	9.4707003
0.41508049	0.8386541	-10.464098	9.4748144
0.41508049	0.83092219	-10.475869	9.4707003
0.42287678	0.84638602	-10.303497	9.5570955
0.41040266	0.83833194	-10.471665	9.4748144
0.41508049	0.83994275	-10.458212	9.4748144
0.4135212	0.82963353	-10.480914	9.4665871
0.4135212	0.83478814	-10.500254	9.515955
0.41663975	0.8447752	-10.427101	9.5324106
0.4135212	0.85444003	-10.437191	9.5529814
0.41040266	0.84928542	-10.464938	9.5118408
0.41663975	0.84928542	-10.473348	9.5406389
0.4135212	0.84606385	-10.35563	9.491271
0.41196194	0.84992975	-10.491005	9.5077267
0.4088434	0.84670818	-10.312746	9.4830427
0.41663975	0.85572869	-10.42626	9.5365248
0.43535089	0.84380871	-10.862657	9.491271
0.46809548	0.84638602	-10.358993	9.5365248
0.47901034	0.84413087	-10.319473	9.5200691
0.48524743	0.85282922	-10.3262	9.5406389
0.47901034	0.84348655	-10.288363	9.4871569
0.4758918	0.84252006	-10.277431	9.5118408
0.47277325	0.85025191	-10.27575	9.5077267
0.46341768	0.84509736	-10.249683	9.5447531
0.45562136	0.83994275	-10.127762	9.5365248
0.45094356	0.84026492	-10.174008	9.5324106
0.45718065	0.85605085	-10.188303	9.5982351
0.45562136	0.8634606	-9.9974318	9.594121
0.45562136	0.86732656	-10.087401	9.5858936
0.46029913	0.85154057	-10.094969	9.5817795
0.46497697	0.85959464	-10.074789	9.6270332
0.46497697	0.85605085	-9.9209156	9.6434889
0.46497697	0.84638602	-10.008363	9.6146917
0.46341768	0.85572869	-10.016771	9.6640587
0.45873991	0.86217195	-10.003318	9.6887436
0.46029913	0.85766166	-9.868783	9.7010851
0.46341768	0.85605085	-9.9251194	9.7051992
0.46185842	0.85218489	-9.9259605	9.7051992
0.45873991	0.85282922	-9.8923264	9.7175417
0.46029913	0.8486411	-10.200074	9.7298832
0.46809548	0.8573395	-9.8839188	9.7422256
0.46185842	0.85154057	-9.8132877	9.7504539
0.46809548	0.86636007	-9.8099241	9.803936
0.46029913	0.86217195	-9.7460203	9.7792521
0.47277325	0.85766166	-9.7619972	9.7792521
0.45873991	0.86056113	-9.7434978	9.7833652
0.47121403	0.86378276	-9.706501	9.803936
0.46497697	0.87344766	-9.6644592	9.8491898
0.46809548	0.887945	-9.6703444	9.8533039
0.46809548	0.89567691	-9.6661406	9.8450756
0.47277325	0.8844012	-9.6350298	9.8409624
0.46341768	0.86797088	-9.6493235	9.8245058
0.46653622	0.86378276	-9.5744896	9.8697605
0.46029913	0.87602496	-9.582057	9.8533039
0.46029913	0.86603791	-9.6922073	9.8779879
0.45873991	0.872159	-9.5433779	9.9191284
0.46185842	0.87054819	-9.4702253	9.8697605
0.46653622	0.86603791	-9.4601345	9.8779879
0.46497697	0.8695817	-9.2785139	9.9109001
0.46497697	0.88536769	-9.4500446	9.9479265
0.46497697	0.89696556	-9.419775	9.960269
0.46809548	0.88955581	-9.4256601	9.9479265
0.46653622	0.87602496	-9.2188139	9.9314709
0.47277325	0.8782801	-9.3398952	9.9849529
0.46497697	0.86603791	-9.3306456	9.9314709
0.4758918	0.88214606	-9.3121471	9.9726105
0.47121403	0.89342177	-9.2667418	10.005523
0.46965477	0.90276444	-9.2911263	10.034321
0.46809548	0.89632124	-9.2398348	10.026093
0.46965477	0.88568985	-9.1834984	9.9972944
0.46965477	0.872159	-9.0691442	9.9849529
0.46497697	0.87312549	-9.1734085	10.042549
0.47277325	0.88214606	-9.1355705	10.034321
0.47121403	0.89148879	-9.0783939	10.067233
0.46185842	0.88504553	-9.1389341	10.038435
0.46809548	0.88117957	-9.0910063	10.046663
0.46497697	0.88117957	-9.0531683	10.067233
0.47277325	0.89213312	-9.2188139	10.104259
0.46497697	0.89696556	-9.057373	10.116602
0.46341768	0.90501958	-9.0144901	10.16597
0.47121403	0.91661745	-8.9514265	10.141286
0.46965477	0.90179795	-9.0489635	10.124829
0.46809548	0.89632124	-8.953949	10.128943
0.47121403	0.89567691	-8.916111	10.161856
0.47745109	0.9066304	-8.8875227	10.20711
0.47277325	0.89793199	-8.7958717	10.190654
0.47121403	0.89696556	-8.8698654	10.194768
0.47121403	0.8818239	-8.7723274	10.219452
0.47433254	0.88536769	-8.8084841	10.20711
0.47277325	0.87956876	-8.7941895	10.194768
0.46497697	0.9005093	-8.7613974	10.272934
0.46965477	0.89632124	-8.7294455	10.24825
0.46965477	0.90985203	-8.7319679	10.264706
0.46497697	0.9092077	-8.7286043	10.264706
0.46029913	0.91146284	-8.7243996	10.314074
0.46653622	0.91307366	-8.6705866	10.33053
0.46029913	0.91178501	-8.6310673	10.338758
0.45718065	0.90985203	-8.6386347	10.33053
0.45094356	0.90212011	-8.5789347	10.33053
0.4540621	0.9127515	-8.6159315	10.359328
0.46497697	0.91597313	-8.5949106	10.375784
0.4805696	0.91919476	-8.5562315	10.392241
0.48680666	0.9240272	-8.3897457	10.41281
0.48992521	0.92241639	-8.5394154	10.425153
0.48836592	0.91758394	-8.5099859	10.404582
0.49148446	0.91307366	-8.4881239	10.392241
0.48680666	0.91210717	-8.380496	10.392241
0.48524743	0.91307366	-8.4460821	10.43338
0.47901034	0.91790611	-8.3956318	10.41281
0.4758918	0.92112774	-8.3418179	10.441608
0.4758918	0.92950398	-8.369566	10.474521
0.47277325	0.94110185	-8.3687239	10.511547
0.47901034	0.94077969	-8.3224783	10.523889
0.47745109	0.94625646	-8.1744909	10.536231
0.4805696	0.93208128	-8.2745504	10.540345
0.48368815	0.93433642	-8.2577343	10.593827
0.47901034	0.93401426	-8.2291451	10.573257
0.48212889	0.93916887	-8.0904064	10.60617
0.48212889	0.93336993	-8.1736498	10.610284
0.47901034	0.92950398	-8.1711273	10.614397
0.47433254	0.91371799	-8.1442204	10.602056
0.47277325	0.92885965	-8.0239801	10.66788
0.47901034	0.92885965	-8.1105862	10.659652
0.47901034	0.94013536	-8.0962925	10.725476
0.4805696	0.94013536	-7.9340105	10.700792
0.48212889	0.94303483	-8.0248213	10.717248
0.47901034	0.94786727	-7.9979138	10.737818
0.48524743	0.9336921	-7.9609175	10.737818
0.47901034	0.93272561	-7.9239202	10.741932
0.48368815	0.94432348	-7.9651213	10.799528
0.48524743	0.94110185	-7.9466224	10.787187
0.48836592	0.94077969	-7.8953319	10.848897
0.48368815	0.95141107	-7.8659019	10.848897
0.48524743	0.95173317	-7.8793554	10.848897
0.48836592	0.95302182	-7.8263826	10.898265
0.47901034	0.95398831	-7.8322687	10.881809
0.48836592	0.94110185	-7.7271633	10.877695
0.48680666	0.94883376	-7.7969532	10.918836
0.48680666	0.95044458	-7.7599564	10.918836
0.48680666	0.95302182	-7.7305264	10.955861
0.48524743	0.95559913	-7.6792359	10.935291
0.48836592	0.95044458	-7.6556921	10.94352
0.4805696	0.94786727	-7.6783943	10.972317
0.48992521	0.95398831	-7.5859022	11.005229
0.49304372	0.96139807	-7.5556321	11.042255
0.48992521	0.96268672	-7.5699263	11.04637
0.49304372	0.97460675	-7.5531092	11.04637
0.48992521	0.97879487	-7.5295663	11.099852
0.48992521	0.98040569	-7.5119085	11.083395
0.48836592	0.96333104	-7.536293	11.079282
0.49304372	0.96590835	-7.4917283	11.120421
0.49304372	0.97106296	-7.5018187	11.136878
0.49460301	0.97686189	-7.4227791	11.14922
0.49616227	0.97847271	-7.4438004	11.178018
0.49772155	0.97202945	-7.3622389	11.14922
0.49772155	0.97847271	-7.270587	11.19036
0.49772155	0.98491597	-7.3479447	11.198588
0.49460301	0.99103707	-7.3294458	11.178018
0.49148446	0.96655267	-7.2890859	11.186246
0.49460301	0.97879487	-7.2924495	11.231501
0.49772155	0.98427165	-7.2647014	11.239728
0.49148446	0.98491597	-7.2386351	11.231501
0.49460301	0.98298299	-7.2007971	11.219158
0.49616227	0.97782838	-6.978816	11.25207
0.49928078	0.9881376	-7.1713681	11.297324
0.50084007	0.97847271	-7.1402569	11.297324
0.50239933	0.9881376	-7.0847616	11.317895
0.49616227	0.98008353	-7.0511274	11.297324
0.49772155	0.98878193	-7.1108274	11.346693
0.49772155	0.98942626	-7.0679445	11.350807
0.49772155	0.9758954	-7.0427194	11.359035
0.50084007	0.96912998	-6.9586353	11.359035
0.5070771	0.98137218	-6.9838605	11.424859
0.50551784	0.99071491	-6.9720893	11.396061
0.49928078	0.99039274	-6.9847012	11.437201
0.50395858	0.99393654	-6.9317284	11.428973
0.49772155	1.0032792	-6.9157524	11.457771
0.50395858	1.008756	-6.8711882	11.478341
0.5070771	1.0184209	-6.7601972	11.50714
0.50863642	1.0161657	-6.821578	11.478341
0.50863642	1.0013462	-6.8114882	11.466
0.50395858	1.0090781	-6.7618785	11.519482
0.49616227	1.014555	-6.7610378	11.544166
0.49928078	1.016488	-6.7913084	11.572964
0.50239933	1.0177766	-6.7408576	11.589419
0.50395858	1.0010241	-6.7173138	11.593534
0.49304372	1.0129441	-6.6735907	11.614103
0.48368815	1.0139107	-6.6946115	11.614103
0.47901034	1.0113333	-6.6635003	11.60999
0.48524743	1.010689	-6.5483055	11.655244
0.49304372	1.0029571	-6.6626596	11.638787
0.5164327	1.014555	-6.5987554	11.675815
0.51799196	1.0293745	-6.5777345	11.700499
0.53046608	1.0309852	-6.4894466	11.696384
0.52734756	1.0329182	-6.5676441	11.71284
0.52578831	1.0319518	-6.5037408	11.688156
0.52422905	1.0229312	-6.4827199	11.688156
0.5164327	1.0293745	-6.488606	11.71284
0.50863642	1.0319518	-6.4768338	11.721068
0.50863642	1.0300188	-6.4415183	11.737524
0.50084007	1.0258306	-6.4070439	11.762208
0.50239933	1.0219647	-6.4120893	11.778665
0.50863642	1.0222869	-6.3767738	11.823919
0.51175493	1.0177766	-6.3355727	11.799235
0.51331419	1.0129441	-6.2447619	11.832148
0.51487345	0.99941331	-6.3145518	11.807464
0.51955122	1.0135884	-6.264101	11.828032
0.52422905	1.0316296	-6.2607379	11.877401
0.52422905	1.0393615	-6.1985154	11.889744
0.51799196	1.0290523	-6.1892667	11.869173
0.51799196	1.0251863	-6.2102876	11.893857
0.52266979	1.0280858	-6.1690865	11.906199
0.5164327	1.0238976	-6.0774341	11.889744
0.52266979	1.0335625	-6.1102276	11.94734
0.51799196	1.0464491	-6.1253624	11.943225
0.52578831	1.0458047	-6.0496864	11.972024
0.51799196	1.0425831	-6.0261436	11.959682
0.52578831	1.0470934	-6.033711	12.004936
0.52578831	1.0506371	-6.0320287	12.037848
0.52890682	1.0432274	-5.9933505	11.996709
0.52890682	1.0342069	-5.9630804	12.009049
0.52578831	1.0409724	-5.9714885	12.05019
0.53046608	1.0438718	-5.9403777	12.058418
0.52578831	1.0557917	-6.291008	12.083102
0.53046608	1.0464491	-5.8125696	12.078989
0.52578831	1.0554696	-5.8697472	12.103673
0.53202534	1.0670675	-5.8487263	12.13247
0.53046608	1.0696448	-5.7839813	12.12013
0.53670317	1.0686783	-5.7797771	12.12013
0.53514391	1.060302	-5.7654829	12.144814
0.53358465	1.0612686	-5.7310085	12.148927
0.53514391	1.0651345	-5.7478251	12.148927
0.53514391	1.0577247	-5.6898069	12.136585
0.53670317	1.0493485	-5.7108278	12.148927
0.53202534	1.064168	-5.6654224	12.222979
0.54138094	1.0586913	-5.6603775	12.214751
0.54605877	1.0693226	-5.6116085	12.243548
0.54449946	1.066101	-5.598155	12.214751
0.5429402	1.0609463	-5.5603175	12.264119
0.53358465	1.0648123	-5.4753923	12.268232
0.53982168	1.0654566	-5.5334105	12.268232
0.53670317	1.0554696	-5.5241613	12.260004
0.5429402	1.048382	-5.4955726	12.284689
0.5429402	1.0554696	-5.3778548	12.297031
0.54761803	1.056114	-5.4224195	12.292916
0.54761803	1.0683562	-5.414011	12.329944
0.5522958	1.056114	-5.2416391	12.309373
0.54605877	1.0812427	-5.4089661	12.366969
0.55073655	1.0696448	-5.3475847	12.329944
0.54917729	1.0828534	-5.3307676	12.366969
0.54761803	1.0796318	-5.3416991	12.371084
0.54917729	1.079954	-5.2904077	12.391653
0.54761803	1.0786654	-5.2904077	12.416337
0.55853289	1.0731885	-5.2172542	12.395768
0.56165141	1.0757658	-5.0759931	12.441021
0.56009215	1.0677118	-5.192029	12.399881
0.55697358	1.0667453	-5.1575546	12.424565
0.56165141	1.0619129	-5.1533504	12.436908
0.56321067	1.0699669	-5.1104674	12.482162
0.56165141	1.060302	-5.1264434	12.449249
0.56321067	1.0786654	-5.0902872	12.494504
0.56476992	1.0812427	-5.040678	12.494504
0.56476992	1.0876859	-4.9641609	12.506845
0.56321067	1.0870416	-5.0432	12.502732
0.5694477	1.088008	-5.007885	12.510961
0.56632918	1.0854307	-4.9675245	12.535645
0.57100701	1.078021	-4.9515486	12.539758
0.57412553	1.0738329	-4.9591165	12.535645
0.56788844	1.0664232	-4.9330502	12.568557
0.57256627	1.0805984	-4.8842812	12.576785
0.58192182	1.0802761	-4.8287859	12.613811
0.57256627	1.089941	-4.8691463	12.630266
0.57880336	1.0896189	-4.8413987	12.617925
0.57568479	1.0889746	-4.8170142	12.663178
0.57880336	1.1002502	-4.7665634	12.64261
0.57568479	1.0944513	-4.7497468	12.65495
0.58036256	1.0999281	-4.7110677	12.687862
0.58036256	1.09574	-4.7522693	12.683749
0.58192182	1.0983173	-4.6900468	12.712547
0.58815891	1.1008946	-4.6438007	12.72489
0.58815891	1.111526	-4.2973742	12.745459
0.58971816	1.1157141	-4.5714884	12.782486
0.58659965	1.1005725	-4.599236	12.753687
0.59283674	1.0992838	-4.5378547	12.757802
0.59283674	1.0944513	-4.4874043	12.786599
0.59127748	1.0886524	-4.5412178	12.790714
0.59439594	1.0905854	-4.5210381	12.815398
0.59283674	1.0944513	-4.4974942	12.811283
0.59127748	1.1089487	-4.488245	12.860652
0.59751451	1.1108817	-4.4428396	12.856539
0.60063303	1.1008946	-4.4033203	12.864766
0.60219228	1.1054049	-4.3654823	12.856539
0.60063303	1.1037941	-4.3217587	12.881223
0.6037516	1.1118481	-4.3646412	12.893564
0.6037516	1.121513	-4.3486652	12.901792
0.60531086	1.1112038	-4.3251219	12.897678
0.6131072	1.1102374	-4.288125	12.918248
0.61622566	1.1131368	-4.2620587	12.918248
0.60842937	1.1057271	-4.2637405	12.905907
0.60998863	1.1037941	-4.2242208	12.922363
0.6146664	1.1092708	-4.1165934	12.934704
0.62402201	1.1163584	-4.1889057	12.963503
0.61622566	1.1240903	-4.1594763	13.000528
0.62090349	1.1141033	-4.0863233	12.984073
0.61778492	1.1102374	-4.1039805	12.975844
0.62246275	1.1147476	-4.1048212	13.004643
0.62402201	1.1099151	-4.0610976	13.029327
0.62402201	1.1076601	-4.0535302	13.021099
0.6302591	1.1144254	-4.022419	13.058125
0.63493687	1.133433	-4.0232596	13.10338
0.63337761	1.1289227	-3.9551518	13.111608
0.63805544	1.1369768	-4.4159327	13.10338
0.6396147	1.1389098	-3.9492657	13.095152
0.64273316	1.153085	-3.8988154	13.148633
0.63805544	1.1463195	-3.9231997	13.14452
0.64585173	1.1414871	-3.8307073	13.132177
0.6411739	1.1408428	-3.8643408	13.140406
0.65208876	1.1286006	-3.8004367	13.173318
0.6505295	1.1318222	-3.8265028	13.202115
0.6505295	1.1286006	-3.8172538	13.189774
0.65676659	1.1360103	-3.7701666	13.214458
0.65520734	1.1218352	-3.6970134	13.193887
0.65520734	1.1382655	-3.7129896	13.226799
0.65676659	1.1244124	-3.678515	13.226799
0.66144443	1.1324666	-3.6558123	13.276167
0.66456294	1.1385876	-3.6280646	13.300852
0.66456294	1.1424536	-3.5860224	13.321423
0.66924065	1.1389098	-3.6078842	13.28851
0.677037	1.1292449	-3.5650012	13.309079
0.677037	1.1298892	-3.5347309	13.321423
0.67235923	1.1543736	-3.480917	13.39136
0.677037	1.1633942	-3.5120282	13.366675
0.68327409	1.1563066	-3.4960523	13.362562
0.68951118	1.1485747	-3.4767129	13.366675
0.68483335	1.1621056	-3.4472835	13.461299
0.68327409	1.1424536	-3.4279442	13.403703
0.69107044	1.1414871	-3.4044006	13.457184
0.69418901	1.1424536	-3.4069233	13.448956
0.69107044	1.1543736	-3.3413377	13.477756
0.69886672	1.1540514	-3.35395	13.47364
0.69574821	1.1524407	-3.3203163	13.494211
0.69730747	1.1556623	-3.2168927	13.514781
0.70822233	1.1653272	-3.2707069	13.592948
0.71601868	1.1682266	-3.2530489	13.572377
0.71601868	1.1778915	-3.221097	13.621745
0.71445942	1.1817575	-3.4531693	13.613517
0.71757793	1.1814353	-3.2025986	13.621745
0.72381496	1.1717705	-3.1193552	13.597061
0.72537422	1.1695153	-3.125241	13.601176
0.72537422	1.1698375	-3.0731089	13.642316
0.73005205	1.1814353	-3.130286	13.691685
0.73472983	1.1766028	-3.0798357	13.667
0.73628914	1.1759585	-3.0739498	13.68757
0.74096692	1.1582396	-3.010046	13.68757
0.7378484	1.1585617	-3.0277035	13.695798
0.74720401	1.1598504	-2.988184	13.720482
0.75188172	1.1746699	-2.9688447	13.753394
0.75188172	1.1885229	-2.9520278	13.741053
0.75655955	1.1791801	-2.9057813	13.765737
0.75655955	1.1698375	-2.8780336	13.749281
0.75811881	1.165005	-2.8805561	13.773965
0.76747441	1.1711261	-2.7594748	13.81099
0.77683008	1.1853013	-2.7998354	13.852131
0.77215225	1.188845	-2.7956309	13.819219
0.77838933	1.188845	-2.786382	13.827446
0.77994853	1.1956105	-2.7720876	13.864473
0.78150779	1.1943219	-2.7586341	13.880929
0.78462631	1.2072084	-2.7258413	13.901499
0.79086339	1.2020538	-2.5862615	13.905614
0.800219	1.194644	-2.6762316	13.917954
0.80177832	1.178858	-2.6476429	13.917954
0.800219	1.1849791	-2.6468022	13.909727
0.80645609	1.1817575	-2.6089642	13.905614
0.81269312	1.1930332	-2.5795348	13.946754
0.81737089	1.1920667	-2.550946	13.950867
0.82516724	1.1936775	-2.5299251	13.942639
0.82828581	1.1956105	-2.4651802	13.983779
0.82984507	1.1988322	-2.5004957	13.996122
0.83608204	1.1994765	-2.4853604	14.016691
0.84231913	1.1930332	-2.4609761	14.016691
0.84699696	1.1859456	-2.3995945	14.00435
0.85167474	1.1956105	-2.3794143	14.041375
0.85011548	1.1962548	-2.3819368	14.033148
0.86414886	1.1978656	-2.3768919	14.070174
0.86570811	1.2004429	-2.5795348	14.078403
0.8719452	1.2068862	-2.3121469	14.094858
0.87350446	1.2007651	-2.2961709	14.111315
0.87818229	1.1939996	-2.2474022	14.082516
0.89221561	1.1911002	-2.2272217	14.12777
0.89689344	1.1981878	-2.1877024	14.115428
0.90624905	1.2175176	-2.1927474	14.14834
0.91248614	1.2059197	-2.0161705	14.131884
0.90936756	1.212363	-2.1977923	14.156569
0.91560465	1.2152624	-2.1565912	14.152455
0.92340094	1.2094635	-2.120435	14.185367
0.93119729	1.1988322	-1.981696	14.173024
0.93587512	1.2171954	-2.0691435	14.205936
0.93743438	1.214296	-2.0657802	14.181252
0.94211215	1.220417	-2.0506451	14.193595
0.95302701	1.224283	-1.9539483	14.197708
0.96238261	1.2316927	-2.0161705	14.222392
0.97173822	1.2210613	-1.9623567	14.226507
0.97485673	1.2268603	-1.789984	14.267648
0.97953451	1.2194506	-1.8732274	14.247077
0.99356794	1.2229943	-1.874909	14.242964
0.99200863	1.218484	-1.8774316	14.234735
1.006042	1.2075305	-1.7723264	14.234735
1.0076013	1.2023759	-1.8353895	14.23062
1.0153977	1.2152624	-1.8034375	14.263533
1.0294311	1.22235	-1.7992332	14.288217
1.0341088	1.2136517	-1.752146	14.288217
1.0465829	1.2271825	-1.752146	14.30056
1.0450237	1.2339479	-1.7033771	14.284103
1.0450237	1.2300819	-1.6596533	14.296445
1.0574979	1.2307262	-1.6974912	14.317016
1.0668534	1.2268603	-1.6386323	14.312901
1.0730904	1.2168733	-1.6150887	14.30056
1.0871239	1.218484	-1.6327465	14.329357
1.0995979	1.2310483	-1.6226562	14.378725
1.1105129	1.2255716	-1.5621157	14.333472
1.1229869	1.216229	-1.5352086	14.329357
1.1276647	1.2287933	-1.538572	14.333472
1.1307833	1.2275046	-1.5175511	14.358156
1.1370203	1.2297598	-1.4973707	14.321129
1.1448166	1.2275046	-1.491485	14.321129
1.1526129	1.220417	-1.4502836	14.333472
1.1635278	1.2236387	-1.4141273	14.386953
1.1775613	1.2165511	-1.383857	14.329357
1.1869168	1.2246052	-1.3821753	14.370498
1.1962725	1.2265382	-1.3619952	14.378725
1.2118651	1.2252495	-1.3241572	14.391068
1.2118651	1.2275046	-1.3115445	14.378725
1.2305763	1.2246052	-1.2779108	14.391068
1.2414912	1.2197727	-1.2888418	14.391068
1.246169	1.2310483	-1.2392321	14.44455
1.258643	1.2387803	-1.2207335	14.44455
1.2711172	1.2403911	-1.2207335	14.452778
1.282032	1.2307262	-1.1971899	14.415752
1.2960654	1.2287933	-1.1551478	14.440436
1.3038619	1.2297598	-1.1450578	14.423981
1.3163358	1.2233166	-1.0836762	14.423981
1.3272507	1.230404	-1.0946072	14.44455
1.3397249	1.2220279	-1.0298623	14.452778
1.3537583	1.2226722	-1.036589	14.44455
1.3615546	1.2188063	-1.0601326	14.440436
1.3802657	1.2371695	-1.0323849	14.477462
1.3942991	1.2442571	-0.98866099	14.502146
1.4020956	1.2394246	-0.95502728	14.473349
1.4130104	1.226216	-0.93484706	14.46512
1.4239253	1.2371695	-0.92980194	14.493918
1.4332809	1.2413576	-0.91382599	14.522716
1.4535513	1.2368473	-0.95670897	14.506259
1.4707032	1.2391025	-0.8381502	14.530944
1.4722625	1.248123	-0.81124318	14.551515
1.4987699	1.2378138	-0.80283475	14.56797
1.5034478	1.2387803	-0.68259418	14.530944
1.5205997	1.2365252	-0.72884053	14.551515
1.5346332	1.2349143	-0.74145323	14.535058
1.5502259	1.2407132	-0.68848008	14.58854
1.5658183	1.2326592	-0.69436604	14.563855
1.575174	1.2394246	-0.66661817	14.580312
1.5923259	1.2358809	-0.651483	14.576199
1.6032408	1.2436128	-0.48499611	14.600883
1.6172743	1.2329813	-0.59094232	14.551515
1.6391039	1.2297598	-0.57160294	14.596767
1.6484596	1.2345922	-0.54301429	14.617339
1.6624929	1.2391025	-0.56319451	14.62968
1.6827635	1.2384582	-0.53881007	14.613224
1.6983559	1.2487674	-0.52535659	14.642023
1.7108301	1.2403911	-0.48247358	14.625566
1.7357785	1.2458678	-0.38325408	14.67082
1.7513711	1.2252495	-0.41772869	14.62968
1.7700822	1.2378138	-0.39586672	14.662592
1.7841157	1.2432905	-0.39166254	14.654365
1.8012676	1.255855	-0.37989074	14.711961
1.8137418	1.2642312	-0.34457532	14.683163
1.8386899	1.2587544	-0.30673739	14.674935
1.8511641	1.261976	-0.16799827	14.691391
1.8667568	1.2632647	-0.26301354	14.707848
1.8807902	1.263909	-0.24956004	14.707848
1.9057384	1.2606874	-0.18817849	14.683163
1.9182125	1.2613317	-0.14445464	14.720188
1.9416015	1.261976	-0.17977007	14.7531
1.9587533	1.2568214	-0.16631658	14.724303
1.9790239	1.2622982	-0.14697719	14.748987
1.9930574	1.2610096	-0.12679695	14.757215
2.0117686	1.2507004	-0.11922935	14.781899
2.0351574	1.2516668	-0.054484423	14.769557
2.0507503	1.2529554	-0.030099971	14.736645
2.0756984	1.2507004	-0.038508404	14.769557
2.0944095	1.2474787	-0.021691538	14.777785
2.108443	1.2403911	-0.022532383	14.757215
2.1255949	1.2429684	0.0035337596	14.765444
2.1380692	1.2461901	-0.025054913	14.798356
2.1365099	1.2587544	0.015305566	14.835382
2.1318321	1.263909	0.0035337596	14.806583
2.1287134	1.2548884	0.010260507	14.781899
2.1443062	1.2713188	-0.014123949	14.810697
2.1443062	1.2742182	-0.01160142	14.814812
2.1521025	1.2767955	0.0043746028	14.814812
2.1521025	1.2738961	0.0026929164	14.835382
2.155221	1.2597209	0.012783037	14.82304
2.148984	1.2610096	0.0018520731	14.851837
2.1411877	1.2555327	-0.013283106	14.802469
2.1302726	1.2352365	-0.0057155164	14.790128
2.1271541	1.2378138	0.0052154465	14.806583
2.1193578	1.2474787	-0.012442263	14.835382
2.1162393	1.2561771	-0.018328166	14.814812
2.1162393	1.2593987	-0.0048746732	14.827153
2.1006467	1.2674528	0.0018520731	14.835382
2.0959687	1.2713188	-0.0031929866	14.860065
2.0944095	1.2642312	0.01614641	14.82304
2.091291	1.2697079	-0.0015113001	14.839496
2.0803761	1.2680972	0.018668938	14.818925
2.0756984	1.2726074	0.0052154465	14.843609
2.0741391	1.2671306	0.015305566	14.827153
2.0710206	1.2587544	0.022032311	14.810697
2.0679021	1.2610096	-0.010760576	14.843609
2.0616651	1.2610096	-0.014964793	14.818925
2.0585465	1.2552106	0.0068971328	14.835382
2.0538688	1.2577879	0.0085788192	14.835382
2.0523095	1.2587544	-0.027577441	14.827153
2.0507503	1.2680972	-0.0099197328	14.855952
2.044513	1.2642312	-0.018328166	14.82304
2.038276	1.2548884	0.0026929164	14.794241
2.0429537	1.2584323	0.0085788192	14.818925
2.0413945	1.260043	0.0026929164	14.818925
2.0351574	1.2738961	-0.027577441	14.847724
2.0335982	1.2738961	-0.014123949	14.810697
2.0304797	1.2664863	0.0043746028	14.814812
2.0258019	1.2651976	-0.014123949	14.82304
2.0226834	1.2574657	-0.0099197328	14.794241
2.0242426	1.2680972	-0.0031929866	14.814812
2.0226834	1.2668085	0.014464723	14.798356
2.0195649	1.2700301	0.0026929164	14.835382
2.0133278	1.2674528	-0.0065563596	14.847724
2.0148871	1.261976	-0.0090788892	14.82304
2.0070908	1.2571436	-0.01664648	14.818925
2.0117686	1.265842	0.0010112298	14.843609
2.0117686	1.2742182	-0.0065563596	14.851837
2.0055315	1.2745404	0.0043746028	14.827153
2.002413	1.2706745	0.010260507	14.814812
2.002413	1.2687415	-0.013283106	14.82304
2.0055315	1.2648755	-0.014964793	14.827153
2.0039723	1.2726074	-0.0065563596	14.839496
1.9992944	1.2674528	0.0068971328	14.810697
1.9977351	1.2729295	-0.024214068	14.851837
1.9977351	1.2793728	0.0026929164	14.814812
1.9977351	1.2677749	-0.0073972028	14.814812
1.9899387	1.2713188	0.015305566	14.814812
1.9899387	1.2597209	-0.0082380464	14.794241
1.9883795	1.2603652	-0.01916901	14.806583
1.9883795	1.2687415	-0.0015113001	14.839496
1.9899387	1.2655199	0.013623879	14.827153
1.9899387	1.2577879	0.012783037	14.851837
1.985261	1.2616539	-0.01160142	14.818925
1.9837017	1.2616539	0.01110135	14.827153
1.9805832	1.265842	-0.025054913	14.835382
1.985261	1.2632647	-0.0073972028	14.835382
1.9868202	1.2706745	0.032122433	14.851837
1.9837017	1.2774398	-0.0023521434	14.868294
1.9837017	1.279695	-0.024214068	14.835382
1.9805832	1.2767955	-0.0057155164	14.872408
1.9759053	1.2726074	0.015305566	14.814812
1.9774647	1.2758291	0.0094196629	14.835382
1.9774647	1.2677749	0.016987253	14.810697
1.9774647	1.2645533	0.0043746028	14.806583
1.974346	1.2642312	0.01110135	14.835382
1.9696683	1.2626203	-0.026736598	14.82304
1.974346	1.2713188	-0.0073972028	14.851837
1.9759053	1.2716409	-0.010760576	14.855952
1.968109	1.2764734	-0.0090788892	14.860065
1.9712275	1.2771177	-0.015805636	14.839496
1.9712275	1.2719631	-0.0031929866	14.827153
1.9696683	1.2668085	0.029599901	14.847724
1.9634312	1.2771177	-0.021691538	14.843609
1.9603126	1.2767955	0.0018520731	14.860065
1.9634312	1.2803394	-0.033463344	14.843609
1.9649905	1.2680972	-0.0082380464	14.82304
1.9556348	1.2767955	-0.025895756	14.831268
1.9665498	1.265842	0.010260507	14.827153
1.9571941	1.2584323	-0.020850696	14.802469
1.9587533	1.2622982	-0.0040338296	14.847724
1.9556348	1.2751848	-0.023373226	14.860065
1.961872	1.2648755	0.0026929164	14.827153
1.9556348	1.2564993	-0.0057155164	14.827153
1.9540756	1.2484452	0.024554841	14.790128
1.9525163	1.2516668	-0.023373226	14.839496
1.9525163	1.2574657	-0.0090788892	14.827153
1.9525163	1.2593987	-0.025895756	14.839496
1.9525163	1.2680972	0.0010112298	14.843609
1.9509572	1.2690636	0.015305566	14.827153
1.9525163	1.2742182	-0.044394307	14.855952
1.9462794	1.2761512	0.0068971328	14.835382
1.9431609	1.2713188	-0.020009853	14.831268
1.9431609	1.2761512	-0.014123949	14.835382
1.9478387	1.2780842	-0.01160142	14.82304
1.9447201	1.2803394	-0.014123949	14.835382
1.9431609	1.2767955	0.0043746028	14.839496
1.9493979	1.2726074	-0.0082380464	14.82304
1.9462794	1.2738961	-0.0082380464	14.82304
1.9447201	1.2677749	0.0068971328	14.827153
1.9447201	1.2610096	-0.0099197328	14.802469
1.9431609	1.2461901	0.0026929164	14.802469
1.9416015	1.2616539	0.0026929164	14.855952
1.9431609	1.2532777	-0.022532383	14.827153
1.9416015	1.2571436	-0.014123949	14.860065
1.9400423	1.2555327	-0.0099197328	14.806583
1.938483	1.2626203	0.0018520731	14.835382
1.9400423	1.2645533	0.01614641	14.839496
1.9353645	1.2642312	-0.013283106	14.831268
1.9353645	1.2722852	-0.0073972028	14.831268
1.9306867	1.2774398	0.012783037	14.843609
1.9306867	1.2729295	-0.031781659	14.818925
1.938483	1.2809837	0.014464723	14.860065
1.9353645	1.2842053	0.0001703865	14.839496
1.9338052	1.285494	-0.0015113001	14.847724
1.9338052	1.2838831	-0.0082380464	14.835382
1.9338052	1.2784064	-0.0057155164	14.847724
1.9369237	1.2748625	0.0001703865	14.814812
1.9369237	1.2677749	0.011942193	14.82304
1.9338052	1.260043	0.013623879	14.806583
1.9306867	1.2494117	0.010260507	14.82304
1.9338052	1.2529554	-0.030940816	14.818925
1.932246	1.250056	-0.01160142	14.806583
1.9306867	1.2532777	-0.00067045673	14.814812
1.9306867	1.2513447	-0.0040338296	14.814812
1.9306867	1.2680972	-0.026736598	14.835382
1.9260088	1.2590766	-0.042712618	14.814812
1.9353645	1.261976	-0.020850696	14.818925
1.9353645	1.2626203	0.011942193	14.851837
1.9291275	1.2648755	-0.01664648	14.810697
1.932246	1.2622982	-0.015805636	14.810697
1.9244496	1.2626203	-0.0040338296	14.806583
1.9228903	1.2507004	-0.025054913	14.814812
1.9306867	1.2497338	-0.033463344	14.802469
1.9306867	1.2571436	0.0018520731	14.827153
1.9291275	1.2635869	0.01110135	14.818925
1.9260088	1.255855	0.0001703865	14.806583
1.9260088	1.2535998	0.0010112298	14.794241
1.9244496	1.2613317	0.0026929164	14.839496
1.9244496	1.2719631	0.0094196629	14.839496
1.9244496	1.2613317	0.007737976	14.802469
1.9260088	1.2613317	-0.012442263	14.810697
1.9275682	1.2613317	-0.017487323	14.827153
1.9260088	1.2709966	-0.030940816	14.839496
1.9244496	1.2690636	-0.0040338296	14.818925
1.9244496	1.2635869	-0.0057155164	14.806583
1.9244496	1.2703522	-0.00067045673	14.818925
1.9244496	1.2709966	-0.0057155164	14.814812
1.921331	1.2745404	-0.0048746732	14.835382
1.9197718	1.2703522	0.012783037	14.818925
1.9228903	1.2697079	-0.012442263	14.831268
1.9197718	1.2629426	-0.0090788892	14.814812
1.9182125	1.2561771	0.014464723	14.794241
1.915094	1.2532777	-0.025895756	14.806583
1.9166533	1.255855	0.010260507	14.802469
1.9260088	1.2590766	-0.0031929866	14.818925
1.9135348	1.2693858	0.022032311	14.839496
1.9197718	1.2722852	-0.0073972028	14.839496
1.9182125	1.2761512	-0.010760576	14.843609
1.915094	1.2748625	0.0010112298	14.831268
1.915094	1.283561	-0.014123949	14.814812
1.915094	1.2664863	0.01110135	14.794241
1.9166533	1.2651976	0.0018520731	14.810697
1.915094	1.2635869	-0.024214068	14.818925
1.915094	1.2755069	-0.030940816	14.831268
1.9104161	1.2616539	-0.030099971	14.810697
1.9135348	1.255855	-0.035145033	14.82304
1.9182125	1.2490895	0.023713998	14.802469
1.915094	1.2455457	-0.0099197328	14.810697
1.9119755	1.2484452	-0.01916901	14.794241
1.9088569	1.2535998	-0.027577441	14.810697
1.9104161	1.2542441	-0.021691538	14.798356
1.9119755	1.2603652	-0.012442263	14.798356
1.9088569	1.2777621	-0.015805636	14.860065
1.9104161	1.2751848	0.015305566	14.835382
1.9104161	1.2732518	-0.00067045673	14.827153
1.9041791	1.2761512	0.029599901	14.839496
1.9104161	1.281628	0.011942193	14.835382
1.9072976	1.2738961	0.010260507	14.814812
1.9072976	1.2632647	0.021191468	14.810697
1.9057384	1.2642312	0.0018520731	14.818925
1.9088569	1.2664863	-0.014964793	14.806583
1.9088569	1.2651976	-0.01916901	14.827153
1.8963828	1.2674528	0.0068971328	14.831268
1.9057384	1.2761512	-0.0031929866	14.86418
1.9088569	1.265842	0.0026929164	14.806583
1.8995013	1.2597209	0.0068971328	14.82304
1.9010606	1.2574657	0.023713998	14.794241
1.9057384	1.253922	0.010260507	14.818925
1.9041791	1.2616539	0.014464723	14.818925
1.9041791	1.2700301	-0.035985876	14.839496
1.9057384	1.2735739	0.0001703865	14.851837
1.9041791	1.2668085	0.0035337596	14.827153
1.9010606	1.2735739	0.017828096	14.827153
1.9041791	1.2674528	-0.020850696	14.82304
1.9041791	1.2677749	-0.0031929866	14.802469
1.9041791	1.2687415	0.012783037	14.798356
1.9010606	1.2680972	0.0010112298	14.814812
1.8995013	1.2687415	0.0052154465	14.831268
1.8995013	1.2648755	-0.039349247	14.831268
1.9010606	1.2645533	-0.01916901	14.827153
1.9057384	1.2635869	-0.020850696	14.827153
1.8979421	1.261976	-0.028418286	14.827153
1.8963828	1.253922	-0.0065563596	14.806583
1.8979421	1.2461901	-0.0073972028	14.794241
1.8948234	1.2461901	-0.014964793	14.786013
1.9010606	1.2555327	0.0026929164	14.806583
1.8979421	1.2629426	-0.0073972028	14.827153
1.9010606	1.260043	0.012783037	14.814812
1.8948234	1.2674528	-0.0023521434	14.839496
1.8979421	1.2693858	0.0018520731	14.847724
1.8979421	1.2671306	-0.0073972028	14.818925
1.8979421	1.2642312	-0.04523515	14.806583
1.8948234	1.2706745	0.0060562897	14.82304
1.8948234	1.2703522	-0.020009853	14.814812
1.8963828	1.265842	0.0010112298	14.835382
1.8948234	1.2616539	0.0010112298	14.814812
1.8932642	1.2529554	0.0060562897	14.798356
1.8932642	1.2574657	0.0001703865	14.839496
1.8932642	1.2571436	-0.0015113001	14.814812
1.8932642	1.2574657	-0.042712618	14.818925
1.8948234	1.2684193	0.0001703865	14.831268
1.8979421	1.2668085	-0.013283106	14.798356
1.8979421	1.2590766	0.013623879	14.806583
1.8979421	1.2651976	0.014464723	14.814812
1.8963828	1.2532777	-0.014123949	14.798356
1.8948234	1.2668085	-0.025054913	14.814812
1.8885864	1.2648755	0.0085788192	14.831268
1.8932642	1.261976	-0.01916901	14.810697
1.8932642	1.2690636	0.016987253	14.827153
1.8901457	1.2645533	-0.013283106	14.818925
1.8885864	1.2722852	-0.014123949	14.847724
1.8932642	1.2732518	0.0010112298	14.839496
1.8917049	1.2700301	-0.0048746732	14.82304
1.8948234	1.2584323	0.0052154465	14.827153
1.8948234	1.2526333	0.011942193	14.82304
1.8870271	1.2432905	0.0035337596	14.814812
1.8885864	1.2465122	-0.0015113001	14.794241
1.8885864	1.2471565	0.0052154465	14.806583
1.8901457	1.2471565	-0.032622501	14.806583
1.8885864	1.263909	-0.0099197328	14.835382
1.8885864	1.2642312	0.0026929164	14.827153
1.8839087	1.2613317	-0.027577441	14.794241
1.8885864	1.2668085	0.020350626	14.82304
1.8917049	1.2738961	0.013623879	14.831268
1.8854679	1.2693858	0.0060562897	14.814812
1.8917049	1.2700301	-0.021691538	14.835382
1.8901457	1.2726074	-0.020009853	14.814812
1.8885864	1.2690636	0.007737976	14.827153
1.8807902	1.2687415	-0.0073972028	14.82304
1.8854679	1.2545663	-0.014964793	14.806583
1.8870271	1.2564993	0.0001703865	14.831268
1.8839087	1.2474787	0.0010112298	14.786013
1.8870271	1.250056	-0.0073972028	14.82304
1.8823495	1.2465122	-0.0065563596	14.806583
1.8839087	1.2426462	0.01614641	14.802469
1.8807902	1.250056	-0.01160142	14.814812
1.8854679	1.265842	-0.0040338296	14.835382
1.8870271	1.2642312	-0.0040338296	14.810697
1.8839087	1.2642312	0.015305566	14.818925
1.8776717	1.2622982	-0.012442263	14.806583
1.8839087	1.2790507	-0.01664648	14.851837
1.8854679	1.2758291	-0.013283106	14.835382
1.8823495	1.2767955	0.012783037	14.839496
1.8823495	1.2803394	-0.027577441	14.835382
1.879231	1.2706745	0.0068971328	14.827153
1.8823495	1.2713188	-0.0082380464	14.831268
1.8823495	1.2668085	0.0085788192	14.835382
1.8776717	1.2613317	-0.0057155164	14.839496
1.8807902	1.2629426	0.0035337596	14.827153
1.879231	1.2709966	-0.032622501	14.835382
1.879231	1.2593987	-0.031781659	14.798356
1.8823495	1.2478008	0.0035337596	14.794241
1.8854679	1.2471565	0.012783037	14.790128
1.8776717	1.250056	-0.0031929866	14.806583
1.8776717	1.2513447	-0.013283106	14.806583
1.8807902	1.2587544	-0.033463344	14.827153
1.879231	1.2568214	-0.020850696	14.798356
1.879231	1.2574657	-0.0082380464	14.806583
1.8823495	1.2510225	0.0018520731	14.806583
1.8776717	1.2497338	-0.0099197328	14.806583
1.8745531	1.2391025	-0.0015113001	14.794241
1.8807902	1.2465122	-0.026736598	14.806583
1.8776717	1.2494117	-0.01664648	14.835382
1.8729938	1.2490895	-0.020850696	14.810697
1.8761123	1.260043	0.0018520731	14.831268
1.8714346	1.2626203	-0.01916901	14.818925
1.879231	1.2564993	-0.028418286	14.814812
1.8839087	1.2610096	0.010260507	14.831268
1.8776717	1.2706745	0.0060562897	14.818925
1.8807902	1.2642312	0.0085788192	14.818925
1.8776717	1.2671306	0.0094196629	14.843609
1.8745531	1.2745404	-0.015805636	14.839496
1.8714346	1.2703522	-0.018328166	14.806583
1.8761123	1.2713188	-0.0048746732	14.827153
1.8729938	1.2716409	-0.0040338296	14.818925
1.8745531	1.2829167	-0.0015113001	14.847724
1.8823495	1.2780842	0.007737976	14.831268
1.8745531	1.2693858	-0.01664648	14.818925
1.8698753	1.2587544	0.014464723	14.835382
1.8745531	1.2642312	-0.014123949	14.82304
1.8667568	1.2552106	-0.029259128	14.814812
1.8729938	1.2542441	-0.0082380464	14.835382
1.8698753	1.2532777	-0.013283106	14.806583
1.8761123	1.2532777	0.0035337596	14.798356
1.8745531	1.2626203	-0.010760576	14.82304
1.8667568	1.263909	-0.0048746732	14.835382
1.879231	1.2716409	0.007737976	14.86418
1.8683161	1.263909	0.0052154465	14.798356
1.8698753	1.2648755	0.0085788192	14.827153
1.8761123	1.2561771	-0.0099197328	14.802469
1.8745531	1.2651976	0.013623879	14.802469
1.8714346	1.2587544	0.0001703865	14.790128
1.8761123	1.2697079	0.0001703865	14.827153
1.8729938	1.2648755	0.011942193	14.82304
1.8729938	1.265842	-0.01916901	14.855952
1.8667568	1.2648755	-0.0082380464	14.827153
1.8698753	1.2764734	-0.025054913	14.855952
1.8683161	1.2635869	0.0001703865	14.818925
1.8729938	1.2648755	0.023713998	14.831268
1.8698753	1.2661642	-0.017487323	14.818925
1.8729938	1.261976	-0.0031929866	14.802469
1.8714346	1.2555327	-0.021691538	14.794241
1.8776717	1.2497338	0.035485804	14.814812
1.8714346	1.2687415	0.0035337596	14.831268
1.862079	1.2655199	-0.0099197328	14.798356
1.8651975	1.2777621	-0.033463344	14.835382
1.8698753	1.2787285	-0.015805636	14.818925
1.8683161	1.2661642	0.016987253	14.786013
1.8683161	1.2590766	0.0018520731	14.761329
1.8729938	1.2709966	-0.0015113001	14.814812
1.8714346	1.2671306	-0.0023521434	14.835382
1.8636383	1.2684193	-0.020009853	14.835382
1.8745531	1.2642312	-0.015805636	14.839496
1.8651975	1.2603652	-0.012442263	14.818925
1.8698753	1.2564993	-0.0082380464	14.831268
1.8761123	1.2629426	-0.012442263	14.831268
1.8683161	1.2487674	0.016987253	14.814812
1.8714346	1.2503781	0.0010112298	14.790128
1.862079	1.2597209	-0.014123949	14.843609
1.8667568	1.2626203	-0.01916901	14.806583
1.8667568	1.2616539	-0.023373226	14.794241
1.8729938	1.2684193	0.0010112298	14.827153
1.8651975	1.2742182	-0.0040338296	14.847724
1.8651975	1.2761512	-0.020009853	14.802469
1.862079	1.2687415	0.0001703865	14.798356
1.8636383	1.2671306	0.015305566	14.806583
1.8698753	1.2687415	-0.0023521434	14.831268
1.862079	1.263909	0.0094196629	14.802469
1.862079	1.2642312	-0.014123949	14.827153
1.8683161	1.2722852	-0.010760576	14.847724
1.8636383	1.260043	-0.0048746732	14.827153
1.8605196	1.2687415	0.0035337596	14.835382
1.8651975	1.2597209	-0.0057155164	14.818925
1.8636383	1.2668085	-0.010760576	14.802469
1.8636383	1.2629426	0.011942193	14.794241
1.862079	1.260043	-0.01160142	14.814812
1.8667568	1.2671306	0.0043746028	14.839496
1.8651975	1.2680972	-0.022532383	14.82304
1.8636383	1.2626203	-0.024214068	14.839496
1.8636383	1.2684193	-0.0099197328	14.814812
1.8605196	1.2703522	-0.014123949	14.818925
1.8683161	1.2755069	0.022032311	14.827153
1.8636383	1.2687415	0.0043746028	14.810697
1.8636383	1.2610096	0.0094196629	14.777785
1.8589604	1.260043	-0.014123949	14.798356
1.8605196	1.2632647	0.007737976	14.839496
1.8605196	1.2642312	0.014464723	14.851837
1.862079	1.2523111	-0.0073972028	14.831268
1.862079	1.2523111	-0.014964793	14.818925
1.862079	1.2478008	0.016987253	14.810697
1.8527234	1.2487674	0.0001703865	14.827153
1.8605196	1.2597209	-0.0023521434	14.82304
1.8636383	1.2700301	-0.024214068	14.847724
1.862079	1.2668085	-0.041871779	14.827153
1.8651975	1.2606874	0.0043746028	14.835382
1.862079	1.2700301	-0.024214068	14.82304
1.8651975	1.2738961	0.012783037	14.827153
1.862079	1.2748625	-0.023373226	14.814812
1.8651975	1.2674528	0.020350626	14.798356
1.8636383	1.2603652	0.0018520731	14.781899
1.8636383	1.2655199	-0.01664648	14.814812
1.862079	1.2748625	-0.01916901	14.831268
1.862079	1.2590766	-0.00067045673	14.827153
1.8605196	1.2564993	0.0026929164	14.831268
1.8605196	1.2593987	-0.010760576	14.802469
1.862079	1.2529554	-0.0048746732	14.802469
1.862079	1.2545663	0.007737976	14.831268
1.8636383	1.261976	-0.020850696	14.82304
1.8574011	1.2571436	-0.012442263	14.802469
1.8636383	1.2577879	0.011942193	14.835382
1.862079	1.2622982	0.007737976	14.855952
1.8589604	1.263909	0.0018520731	14.814812
1.8605196	1.2532777	0.011942193	14.806583
1.8589604	1.2616539	-0.028418286	14.798356
1.8574011	1.2610096	0.007737976	14.82304
1.8574011	1.2561771	-0.0090788892	14.794241
1.8542826	1.253922	-0.01160142	14.790128
1.8574011	1.2484452	0.007737976	14.798356
1.8542826	1.2542441	-0.010760576	14.839496
1.8589604	1.2542441	-0.025054913	14.798356
1.862079	1.2574657	0.01110135	14.827153
1.862079	1.2613317	0.0035337596	14.839496
1.8542826	1.2632647	-0.023373226	14.839496
1.8605196	1.2587544	0.0026929164	14.814812
1.8558419	1.2490895	0.0026929164	14.786013
1.8558419	1.2587544	0.012783037	14.818925
1.8589604	1.2606874	0.028759057	14.835382
1.8574011	1.279695	-0.021691538	14.855952
1.8527234	1.2713188	-0.043553464	14.806583
1.8574011	1.2771177	-0.020850696	14.818925
1.8574011	1.2642312	0.01110135	14.806583
1.8589604	1.2610096	-0.018328166	14.786013
1.8542826	1.2545663	-0.00067045673	14.786013
1.8527234	1.2535998	-0.0057155164	14.814812
1.8511641	1.2593987	0.020350626	14.82304
1.8574011	1.2677749	-0.0040338296	14.810697
1.8527234	1.2677749	-0.017487323	14.814812
1.8542826	1.253922	0.0085788192	14.786013
1.8480456	1.2513447	-0.021691538	14.831268
1.8480456	1.2465122	0.0043746028	14.790128
1.8511641	1.2577879	-0.025895756	14.827153
1.8511641	1.2635869	-0.0057155164	14.802469
1.8574011	1.2571436	0.028759057	14.806583
1.8542826	1.2561771	0.0026929164	14.798356
1.8496048	1.2593987	-0.010760576	14.810697
1.8558419	1.2632647	-0.0023521434	14.806583
1.8605196	1.2635869	0.0052154465	14.831268
1.8589604	1.2690636	0.011942193	14.806583
1.8511641	1.2713188	-0.0082380464	14.814812
1.8496048	1.2664863	-0.010760576	14.781899
1.8542826	1.2584323	-0.020009853	14.810697
1.8527234	1.2622982	-0.024214068	14.810697
1.8589604	1.265842	-0.032622501	14.814812
1.8527234	1.2613317	0.0026929164	14.802469
1.8511641	1.2535998	0.0060562897	14.794241
1.8511641	1.253922	0.0060562897	14.810697
1.8464863	1.260043	-0.012442263	14.818925
1.8511641	1.2735739	-0.00067045673	14.831268
1.8511641	1.2674528	0.0043746028	14.827153
1.8527234	1.265842	0.0010112298	14.827153
1.8480456	1.2593987	-0.0073972028	14.794241
1.8542826	1.2613317	-0.0082380464	14.814812
1.8574011	1.2751848	0.016987253	14.851837
1.8542826	1.2845274	-0.010760576	14.835382
1.8464863	1.2713188	0.012783037	14.790128
1.8511641	1.2697079	0.014464723	14.810697
1.8511641	1.2684193	-0.0015113001	14.82304
1.8511641	1.2668085	0.0001703865	14.810697
1.8542826	1.2545663	0.0085788192	14.810697
1.844927	1.2545663	-0.0099197328	14.802469
1.8511641	1.2564993	-0.015805636	14.839496
1.8433677	1.2490895	-0.0065563596	14.786013
1.844927	1.2410355	-0.028418286	14.769557
1.8496048	1.2474787	-0.01916901	14.810697
1.8542826	1.2526333	-0.013283106	14.835382
1.8496048	1.2513447	-0.027577441	14.802469
1.8464863	1.2503781	-0.021691538	14.814812
1.8480456	1.2616539	-0.0040338296	14.835382
1.8496048	1.2677749	-0.013283106	14.847724
1.8496048	1.2745404	-0.034304187	14.82304
1.8433677	1.265842	0.0001703865	14.818925
1.8480456	1.2690636	0.0052154465	14.802469
1.8511641	1.2664863	-0.028418286	14.827153
1.8511641	1.2774398	-0.027577441	14.839496
1.844927	1.2722852	-0.025895756	14.810697
1.8496048	1.2648755	0.007737976	14.818925
1.8464863	1.2507004	0.0018520731	14.814812
1.8542826	1.2458678	-0.0048746732	14.794241
1.844927	1.2384582	0.0010112298	14.786013
1.8511641	1.2436128	0.0018520731	14.790128
1.8496048	1.2590766	0.0068971328	14.843609
1.8480456	1.2632647	-0.020850696	14.798356
1.8480456	1.2732518	-0.026736598	14.835382
1.8402492	1.260043	-0.015805636	14.802469
1.8496048	1.2668085	0.0001703865	14.839496
1.8480456	1.2706745	0.0026929164	14.798356
1.8433677	1.2732518	0.0068971328	14.810697
1.8496048	1.2684193	-0.0073972028	14.790128
1.8418084	1.2713188	0.010260507	14.818925
1.8464863	1.2661642	-0.0015113001	14.781899
1.844927	1.2671306	0.0035337596	14.818925
1.8527234	1.2651976	0.029599901	14.814812
1.8480456	1.2677749	0.01614641	14.827153
1.8480456	1.2593987	-0.035145033	14.798356
1.844927	1.2684193	-0.01916901	14.835382
1.8496048	1.2642312	0.0026929164	14.806583
1.8464863	1.2564993	-0.0099197328	14.806583
1.8433677	1.25811	-0.0057155164	14.773671
1.8386899	1.2526333	-0.021691538	14.802469
1.8511641	1.2635869	0.018668938	14.827153
1.8480456	1.2571436	0.0052154465	14.806583
1.844927	1.2671306	-0.030099971	14.818925
1.8480456	1.2745404	-0.01160142	14.818925
1.8464863	1.2758291	-0.013283106	14.827153
1.8496048	1.2790507	0.0018520731	14.835382
1.8464863	1.279695	-0.033463344	14.818925
1.8433677	1.2738961	-0.0048746732	14.777785
1.8496048	1.2748625	-0.00067045673	14.810697
1.8464863	1.2742182	-0.0065563596	14.831268
1.844927	1.2677749	-0.015805636	14.798356
1.8480456	1.2629426	-0.0015113001	14.794241
1.844927	1.2635869	-0.0057155164	14.810697
1.844927	1.2677749	-0.0031929866	14.835382
1.8418084	1.2561771	-0.021691538	14.773671
1.8433677	1.2635869	0.0010112298	14.802469
1.8464863	1.2526333	0.011942193	14.773671
1.8480456	1.2535998	-0.027577441	14.806583
1.8418084	1.251989	-0.0048746732	14.810697
1.8402492	1.2516668	-0.010760576	14.802469
1.8371307	1.2548884	-0.018328166	14.798356
1.8418084	1.2616539	-0.0031929866	14.82304
1.8371307	1.2622982	-0.020009853	14.802469
1.8402492	1.2626203	-0.0082380464	14.798356
1.844927	1.2648755	-0.030099971	14.814812
1.844927	1.2687415	-0.0040338296	14.818925
1.844927	1.2584323	0.0060562897	14.798356
1.844927	1.2513447	-0.00067045673	14.802469
1.8402492	1.2474787	0.026236527	14.790128
1.8433677	1.2523111	-0.0040338296	14.810697
1.8386899	1.2671306	-0.013283106	14.818925
1.8418084	1.2597209	0.0060562897	14.781899
1.8386899	1.2552106	-0.021691538	14.790128
1.8402492	1.2597209	0.011942193	14.781899
1.8402492	1.2629426	0.01110135	14.827153
1.8418084	1.2677749	-0.0082380464	14.827153
1.8433677	1.2671306	-0.0099197328	14.810697
1.8386899	1.2742182	-0.014964793	14.835382
1.8355714	1.263909	-0.00067045673	14.794241
1.8371307	1.2735739	-0.0082380464	14.82304
1.8480456	1.2613317	-0.0073972028	14.794241
1.8386899	1.2651976	-0.0048746732	14.806583
1.8386899	1.2642312	-0.0057155164	14.802469
1.844927	1.2606874	-0.0090788892	14.810697
1.8433677	1.2610096	-0.023373226	14.82304
1.8433677	1.2552106	0.028759057	14.806583
1.8371307	1.2616539	-0.013283106	14.810697
1.8386899	1.255855	-0.0057155164	14.802469
1.8418084	1.2474787	0.010260507	14.794241
1.8355714	1.2555327	0.007737976	14.781899
1.8402492	1.2555327	0.0018520731	14.790128
1.8418084	1.2732518	-0.024214068	14.860065
1.8418084	1.2709966	0.0001703865	14.827153
1.8402492	1.2774398	0.0026929164	14.814812
1.8386899	1.2780842	-0.010760576	14.818925
1.8371307	1.279695	0.0018520731	14.802469
1.8418084	1.2700301	-0.0031929866	14.786013
1.8386899	1.2606874	0.022032311	14.802469
1.8340122	1.2577879	0.0018520731	14.806583
1.8340122	1.260043	-0.022532383	14.806583
1.8340122	1.2632647	-0.030099971	14.818925
1.8371307	1.260043	-0.0099197328	14.818925
1.8386899	1.2545663	-0.021691538	14.798356
1.8324529	1.2523111	0.007737976	14.806583
1.8324529	1.2484452	-0.012442263	14.781899
1.8386899	1.2622982	-0.013283106	14.827153
1.8371307	1.2577879	0.0052154465	14.781899
1.8402492	1.2645533	-0.00067045673	14.810697
1.8340122	1.2648755	-0.037667561	14.802469
1.8386899	1.2716409	-0.0090788892	14.827153
1.8386899	1.2693858	-0.0031929866	14.827153
1.8386899	1.2825944	-0.0031929866	14.827153
1.8386899	1.2735739	-0.0048746732	14.806583
1.8402492	1.2784064	0.0052154465	14.847724
1.8418084	1.2880713	-0.0065563596	14.839496
1.8418084	1.2732518	0.012783037	14.818925
1.8324529	1.2629426	0.0018520731	14.802469
1.8402492	1.2487674	0.012783037	14.798356
1.8324529	1.253922	0.01614641	14.802469
1.8386899	1.2523111	0.0052154465	14.798356
1.844927	1.2635869	-0.024214068	14.818925
1.8371307	1.2590766	-0.017487323	14.82304
1.8386899	1.2545663	0.0001703865	14.790128
1.8355714	1.2503781	-0.00067045673	14.781899
1.8371307	1.2497338	0.0026929164	14.798356
1.8371307	1.2606874	-0.014123949	14.798356
1.8371307	1.2680972	-0.0015113001	14.806583
1.8386899	1.2777621	-0.012442263	14.82304
1.8371307	1.2735739	-0.0015113001	14.818925
1.8355714	1.2706745	-0.0057155164	14.82304
1.8371307	1.2771177	-0.017487323	14.806583
1.8402492	1.2684193	-0.01664648	14.806583
1.8371307	1.2606874	-0.024214068	14.831268
1.8324529	1.2548884	0.0085788192	14.802469
1.8340122	1.2545663	-0.013283106	14.810697
1.8308936	1.2555327	-0.0099197328	14.810697
1.8355714	1.2616539	-0.00067045673	14.806583
1.8340122	1.2507004	0.0068971328	14.802469
1.8324529	1.2471565	-0.0023521434	14.773671
1.8371307	1.2529554	-0.024214068	14.806583
1.8340122	1.2635869	0.0018520731	14.814812
1.8371307	1.2629426	0.036326651	14.794241
1.8355714	1.2645533	0.0035337596	14.790128
1.8308936	1.2571436	-0.021691538	14.802469
1.8371307	1.2555327	0.016987253	14.802469
1.8340122	1.2713188	-0.023373226	14.806583
1.827775	1.2745404	0.022032311	14.818925
1.8340122	1.2729295	-0.030099971	14.835382
1.8386899	1.2719631	-0.022532383	14.806583
1.8293343	1.2719631	-0.017487323	14.802469
1.8308936	1.2635869	-0.00067045673	14.790128
1.8355714	1.2542441	0.015305566	14.806583
1.8308936	1.2535998	-0.0073972028	14.798356
1.8386899	1.2529554	0.0010112298	14.810697
1.8262157	1.2584323	-0.0090788892	14.794241
1.8308936	1.255855	-0.030940816	14.786013
1.8324529	1.2584323	-0.022532383	14.802469
1.8293343	1.263909	-0.0031929866	14.810697
1.8355714	1.2635869	-0.0099197328	14.790128
1.8308936	1.2642312	-0.0057155164	14.794241
1.827775	1.25811	0.0018520731	14.786013
1.8324529	1.2613317	-0.0090788892	14.794241
1.8293343	1.2577879	0.0043746028	14.786013
1.8293343	1.2651976	-0.014964793	14.802469
1.8262157	1.2671306	-0.036826719	14.798356
1.8324529	1.2713188	-0.015805636	14.82304
1.8355714	1.2629426	0.0052154465	14.810697
1.8308936	1.2677749	-0.023373226	14.818925
1.8308936	1.2748625	0.0094196629	14.847724
1.8262157	1.2687415	0.012783037	14.806583
1.827775	1.2651976	-0.01160142	14.810697
1.8324529	1.2661642	-0.00067045673	14.814812
1.8308936	1.2671306	-0.010760576	14.798356
1.827775	1.2564993	0.025395684	14.786013
1.8308936	1.2632647	0.012783037	14.818925
1.8386899	1.2610096	0.0035337596	14.802469
1.8340122	1.2709966	-0.025054913	14.810697
1.8246565	1.2735739	0.0052154465	14.794241
1.827775	1.2703522	-0.010760576	14.802469
1.8340122	1.2661642	0.039690021	14.794241
1.8355714	1.2745404	0.0052154465	14.827153
1.8308936	1.263909	-0.0057155164	14.786013
1.8340122	1.2751848	-0.027577441	14.835382
1.8340122	1.2716409	0.0043746028	14.814812
1.8355714	1.2668085	0.015305566	14.831268
1.8340122	1.2674528	0.016987253	14.798356
1.8308936	1.2613317	-0.032622501	14.806583
1.8293343	1.2561771	-0.013283106	14.802469
1.8324529	1.2613317	-0.020009853	14.798356
1.8308936	1.2535998	0.0035337596	14.794241
1.8308936	1.2545663	-0.014123949	14.798356
1.827775	1.2648755	-0.01664648	14.827153
1.8262157	1.2732518	-0.0057155164	14.818925
1.8293343	1.2706745	0.007737976	14.798356
1.8308936	1.2713188	-0.017487323	14.794241
1.8230972	1.2703522	-0.028418286	14.810697
1.8262157	1.2722852	-0.0073972028	14.802469
1.827775	1.2732518	0.017828096	14.806583
1.8324529	1.255855	0.0085788192	14.798356
1.8230972	1.2526333	0.0035337596	14.798356
1.827775	1.2503781	0.0018520731	14.806583
1.8293343	1.2548884	0.0018520731	14.810697
1.8246565	1.2622982	0.0026929164	14.814812
1.827775	1.2622982	0.012783037	14.814812
1.827775	1.2671306	-0.030940816	14.806583
1.8308936	1.2661642	-0.014123949	14.773671
1.8308936	1.2613317	-0.012442263	14.798356
1.8293343	1.2629426	0.019509783	14.806583
1.8293343	1.2529554	-0.027577441	14.798356
1.8262157	1.2545663	0.016987253	14.786013
1.8246565	1.2555327	-0.00067045673	14.794241
1.827775	1.2574657	-0.018328166	14.773671
1.8246565	1.2651976	-0.036826719	14.794241
1.8246565	1.2677749	-0.014964793	14.794241
1.8262157	1.2610096	0.007737976	14.790128
1.8262157	1.2629426	0.0026929164	14.818925
1.8262157	1.2626203	0.007737976	14.827153
1.8262157	1.2603652	0.01614641	14.806583
1.827775	1.2455457	0.0018520731	14.781899
1.8262157	1.2597209	0.007737976	14.802469
1.8230972	1.2494117	-0.037667561	14.781899
1.8246565	1.2593987	-0.013283106	14.806583
1.8340122	1.2671306	-0.01664648	14.810697
1.8293343	1.2719631	-0.020850696	14.798356
1.8308936	1.2706745	-0.01160142	14.843609
1.8262157	1.2751848	-0.0031929866	14.82304
1.827775	1.2809837	-0.0073972028	14.827153
1.8262157	1.2874269	0.0026929164	14.82304
1.8246565	1.283561	-0.026736598	14.790128
1.8246565	1.2687415	0.023713998	14.765444
1.8262157	1.2732518	0.018668938	14.806583
1.8262157	1.2777621	-0.022532383	14.814812
1.8246565	1.2803394	-0.017487323	14.847724
1.8262157	1.2735739	0.023713998	14.814812
1.821538	1.2642312	-0.0031929866	14.814812
1.8246565	1.2603652	0.0001703865	14.798356
1.8293343	1.260043	-0.0090788892	14.802469
1.8262157	1.2597209	-0.015805636	14.802469
1.8246565	1.2719631	-0.010760576	14.827153
1.8262157	1.2684193	-0.01916901	14.802469
1.821538	1.2742182	-0.0099197328	14.827153
1.821538	1.2648755	0.0068971328	14.790128
1.827775	1.2571436	-0.01160142	14.794241
1.8262157	1.2590766	0.015305566	14.794241
1.8293343	1.2613317	0.018668938	14.790128
1.8262157	1.2764734	0.007737976	14.814812
1.827775	1.2709966	-0.0015113001	14.802469
1.8262157	1.2674528	-0.026736598	14.814812
1.8230972	1.2626203	-0.025895756	14.818925
1.8230972	1.2703522	-0.023373226	14.818925
1.8246565	1.2655199	-0.028418286	14.831268
1.821538	1.2700301	0.0052154465	14.810697
1.8199787	1.2622982	0.016987253	14.814812
1.827775	1.2606874	-0.0057155164	14.802469
1.8246565	1.2552106	-0.0048746732	14.790128
1.8262157	1.2542441	0.0026929164	14.810697
1.8230972	1.2542441	0.0018520731	14.798356
1.8230972	1.2568214	0.012783037	14.814812
1.8184195	1.2635869	-0.033463344	14.814812
1.8262157	1.2645533	0.011942193	14.806583
1.827775	1.2668085	0.0001703865	14.798356
1.821538	1.2616539	-0.0031929866	14.790128
1.821538	1.2726074	-0.034304187	14.798356
1.8262157	1.2661642	-0.0073972028	14.798356
1.821538	1.2568214	-0.0015113001	14.798356
1.8262157	1.2468344	0.011942193	14.773671
1.8230972	1.2523111	-0.030940816	14.831268
1.8246565	1.2561771	-0.0031929866	14.827153
1.8168603	1.263909	-0.029259128	14.818925
1.8262157	1.263909	-0.01664648	14.802469
1.8246565	1.2590766	0.0026929164	14.810697
1.827775	1.2716409	0.0052154465	14.827153
1.821538	1.2693858	-0.025895756	14.798356
1.8262157	1.2606874	0.017828096	14.786013
1.8230972	1.2642312	0.011942193	14.794241
1.8230972	1.2668085	-0.00067045673	14.790128
1.8230972	1.2622982	-0.010760576	14.794241
1.8199787	1.2671306	-0.0082380464	14.798356
1.8246565	1.2622982	0.0026929164	14.798356
1.8184195	1.2706745	-0.035145033	14.790128
1.8230972	1.2777621	-0.012442263	14.806583
1.8246565	1.2693858	0.0094196629	14.802469
1.8199787	1.2693858	0.0010112298	14.810697
1.821538	1.2751848	-0.017487323	14.82304
1.8199787	1.2642312	-0.0057155164	14.831268
1.8246565	1.2529554	0.011942193	14.777785
1.8230972	1.2523111	0.020350626	14.814812
1.8199787	1.2484452	0.012783037	14.786013
1.8262157	1.2584323	-0.036826719	14.810697
1.821538	1.2587544	-0.0099197328	14.802469
1.821538	1.2574657	-0.0040338296	14.798356
1.8246565	1.2532777	0.018668938	14.798356
1.8153011	1.25811	-0.0082380464	14.814812
1.8230972	1.2668085	-0.01160142	14.810697
1.821538	1.2758291	-0.01664648	14.82304
1.821538	1.2690636	0.007737976	14.790128
1.8168603	1.2742182	-0.025054913	14.802469
1.8184195	1.2748625	-0.024214068	14.786013
1.821538	1.2703522	0.0043746028	14.806583
1.8184195	1.260043	0.0010112298	14.794241
1.8168603	1.2606874	-0.0057155164	14.810697
1.8137418	1.2593987	-0.020850696	14.806583
1.8230972	1.25811	-0.017487323	14.814812
1.8230972	1.2403911	0.0035337596	14.790128
1.821538	1.2397468	-0.015805636	14.794241
1.821538	1.2403911	-0.01916901	14.790128
1.8246565	1.2494117	-0.023373226	14.814812
1.821538	1.2561771	-0.012442263	14.802469
1.8184195	1.2568214	0.0043746028	14.831268
1.821538	1.2655199	-0.041030932	14.818925
1.8230972	1.2719631	-0.014123949	14.806583
1.821538	1.2693858	-0.010760576	14.794241
1.8199787	1.2745404	-0.0099197328	14.794241
1.8230972	1.2697079	-0.0048746732	14.790128
1.821538	1.2606874	-0.0031929866	14.773671
1.821538	1.2503781	0.0043746028	14.781899
1.8199787	1.2494117	-0.0082380464	14.831268
1.8184195	1.2510225	-0.014123949	14.794241
1.8199787	1.2680972	-0.046075992	14.831268
1.8230972	1.255855	0.0052154465	14.802469
1.8199787	1.2571436	0.015305566	14.82304
1.8168603	1.2513447	0.0010112298	14.790128
1.8199787	1.2555327	0.0052154465	14.786013
1.8199787	1.2687415	-0.0048746732	14.827153
1.8184195	1.2748625	-0.012442263	14.843609
1.8153011	1.263909	0.007737976	14.798356
1.8168603	1.2709966	-0.0015113001	14.82304
1.821538	1.2780842	0.0001703865	14.827153
1.8168603	1.2732518	0.011942193	14.827153
1.8168603	1.2761512	0.007737976	14.802469
1.8230972	1.2626203	0.0052154465	14.777785
1.8137418	1.2561771	0.0043746028	14.798356
1.8153011	1.2497338	0.0052154465	14.806583
1.8153011	1.2552106	-0.01916901	14.806583
1.8230972	1.2571436	0.0094196629	14.802469
1.8153011	1.263909	-0.012442263	14.794241
1.8137418	1.2574657	-0.022532383	14.814812
1.8199787	1.255855	-0.023373226	14.818925
1.821538	1.2700301	-0.025895756	14.839496
1.8168603	1.2813058	-0.032622501	14.814812
1.8168603	1.2713188	-0.012442263	14.831268
1.8199787	1.2610096	0.022873154	14.790128
1.8121825	1.2622982	-0.025895756	14.794241
1.821538	1.2564993	-0.034304187	14.810697
1.8168603	1.2680972	-0.022532383	14.835382
1.8153011	1.2664863	0.0018520731	14.798356
1.8199787	1.2552106	-0.012442263	14.794241
1.821538	1.2507004	0.035485804	14.786013
1.8106232	1.2548884	-0.012442263	14.82304
1.8230972	1.2474787	-0.0015113001	14.786013
1.821538	1.2684193	-0.0099197328	14.839496
1.8168603	1.2648755	-0.020009853	14.798356
1.8199787	1.255855	0.013623879	14.798356
1.8090639	1.2548884	-0.01160142	14.786013
1.8246565	1.2523111	0.011942193	14.802469
1.8184195	1.25811	-0.010760576	14.810697
1.8199787	1.2532777	0.01110135	14.814812
1.8230972	1.2532777	-0.020850696	14.810697
1.8184195	1.253922	-0.013283106	14.786013
1.8199787	1.2471565	-0.0057155164	14.790128
1.8137418	1.2671306	-0.01160142	14.847724
1.8184195	1.2713188	-0.0023521434	14.810697
1.8168603	1.2677749	-0.013283106	14.806583
1.8153011	1.263909	0.0094196629	14.798356
1.8168603	1.2706745	-0.020850696	14.835382
1.8184195	1.2777621	-0.024214068	14.831268
1.8168603	1.2687415	-0.0023521434	14.806583
1.8137418	1.2616539	-0.014123949	14.806583
1.8121825	1.2587544	0.0035337596	14.798356
1.8121825	1.263909	-0.0057155164	14.802469
1.8153011	1.2632647	0.014464723	14.781899
1.8199787	1.2577879	0.007737976	14.794241
1.8153011	1.2697079	0.01110135	14.835382
1.8230972	1.2732518	0.028759057	14.818925
1.8168603	1.2700301	-0.030099971	14.818925
1.8137418	1.2648755	0.0035337596	14.810697
1.8137418	1.2758291	-0.0023521434	14.843609
1.8199787	1.2642312	0.01614641	14.786013
1.8106232	1.2690636	-0.025054913	14.802469
1.8168603	1.2738961	-0.0099197328	14.798356
1.8090639	1.2745404	-0.035145033	14.806583
1.8090639	1.2690636	-0.030940816	14.802469
1.8153011	1.2626203	-0.0048746732	14.814812
1.8168603	1.2700301	-0.0040338296	14.831268
1.8153011	1.2664863	-0.00067045673	14.818925
1.8199787	1.2626203	-0.014123949	14.806583
1.8168603	1.2606874	0.0085788192	14.794241
1.8153011	1.2564993	-0.0073972028	14.786013
1.8137418	1.2542441	-0.0048746732	14.802469
1.8153011	1.2490895	0.01614641	14.786013
1.8153011	1.2626203	-0.0048746732	14.827153
1.8121825	1.2661642	-0.0073972028	14.802469
1.8137418	1.2590766	-0.018328166	14.82304
1.8121825	1.2661642	-0.0015113001	14.814812
1.8168603	1.2774398	-0.028418286	14.818925
1.8137418	1.2703522	-0.025054913	14.786013
1.8137418	1.2709966	-0.0073972028	14.814812
1.8168603	1.2693858	0.012783037	14.798356
1.8153011	1.2571436	-0.0082380464	14.798356
1.8137418	1.2642312	-0.010760576	14.818925
1.8168603	1.2680972	-0.013283106	14.839496
1.8121825	1.2629426	-0.0090788892	14.806583
1.8168603	1.261976	0.0018520731	14.798356
1.8230972	1.2532777	0.027077371	14.777785
1.8168603	1.2532777	-0.014964793	14.814812
1.8153011	1.2587544	-0.018328166	14.777785
1.8153011	1.2661642	-0.030940816	14.831268
1.8153011	1.2677749	-0.014123949	14.810697
1.8168603	1.2642312	-0.031781659	14.835382
1.8137418	1.2680972	-0.0057155164	14.810697
1.7997084	1.2613317	-0.0040338296	14.790128
1.8059454	1.2610096	0.0052154465	14.798356
1.8059454	1.255855	0.007737976	14.802469
1.8059454	1.2642312	0.013623879	14.802469
1.8012676	1.2709966	-0.012442263	14.802469
1.8012676	1.2597209	0.0068971328	14.810697
1.7981491	1.2577879	-0.01916901	14.810697
1.7965899	1.2616539	-0.0040338296	14.806583
1.7997084	1.2584323	0.0018520731	14.814812
1.7997084	1.2584323	-0.00067045673	14.802469
1.8012676	1.2552106	0.013623879	14.814812
1.7965899	1.2635869	-0.012442263	14.814812
1.8043861	1.2523111	0.0068971328	14.781899
1.7950305	1.2526333	-0.010760576	14.781899
1.7981491	1.2532777	0.0026929164	14.814812
1.8028269	1.2577879	-0.025895756	14.806583
1.8012676	1.2680972	-0.0090788892	14.831268
1.8028269	1.2742182	0.0052154465	14.818925
1.8012676	1.2700301	0.013623879	14.818925
1.7997084	1.2709966	-0.0040338296	14.802469
1.7997084	1.2719631	-0.023373226	14.786013
1.8012676	1.2642312	-0.013283106	14.802469
1.7965899	1.2687415	-0.026736598	14.818925
1.8012676	1.2684193	-0.00067045673	14.827153
1.8012676	1.2668085	-0.0099197328	14.814812
1.7965899	1.2526333	-0.030940816	14.786013
1.7981491	1.2478008	-0.0040338296	14.806583
1.7997084	1.2484452	0.0043746028	14.786013
1.7997084	1.2513447	0.0035337596	14.786013
1.7981491	1.263909	-0.021691538	14.806583
1.7950305	1.2677749	-0.0082380464	14.802469
1.8012676	1.2758291	-0.021691538	14.810697
1.7950305	1.2738961	0.0018520731	14.827153
1.7950305	1.265842	-0.01664648	14.806583
1.7997084	1.2803394	-0.0015113001	14.86418
1.7965899	1.2671306	0.024554841	14.790128
1.8012676	1.263909	-0.0082380464	14.798356
1.7997084	1.2465122	0.03128159	14.786013
1.8043861	1.2471565	0.01110135	14.794241
1.7997084	1.2532777	-0.023373226	14.806583
1.7997084	1.2568214	-0.023373226	14.802469
1.7950305	1.2507004	0.0052154465	14.798356
1.8028269	1.2535998	0.0018520731	14.827153
1.8012676	1.2507004	-0.0065563596	14.794241
1.7981491	1.2603652	0.0052154465	14.806583
1.7981491	1.2613317	-0.01664648	14.794241
1.7981491	1.2661642	-0.0040338296	14.798356
1.7997084	1.2700301	-0.00067045673	14.818925
1.7934712	1.2716409	-0.028418286	14.794241
1.8075047	1.2697079	0.015305566	14.806583
1.8012676	1.2748625	-0.0048746732	14.839496
1.7997084	1.2767955	0.012783037	14.814812
1.7981491	1.2825944	-0.018328166	14.831268
1.7997084	1.2697079	0.0068971328	14.794241
1.7950305	1.2751848	-0.0031929866	14.810697
1.7965899	1.2687415	-0.0023521434	14.794241
1.7997084	1.2642312	-0.0040338296	14.82304
1.8028269	1.2584323	0.007737976	14.814812
1.7997084	1.2526333	-0.00067045673	14.814812
1.7981491	1.2577879	-0.0048746732	14.798356
1.8012676	1.253922	0.012783037	14.794241
1.8059454	1.2410355	0.011942193	14.777785
1.8012676	1.2564993	0.0026929164	14.843609
1.7950305	1.2593987	-0.024214068	14.786013
1.7981491	1.2610096	-0.024214068	14.802469
1.7997084	1.253922	-0.010760576	14.773671
1.7997084	1.2593987	-0.0031929866	14.827153
1.7965899	1.2719631	-0.01916901	14.814812
1.7997084	1.2655199	0.0052154465	14.798356
1.8028269	1.2729295	-0.017487323	14.814812
1.7950305	1.2632647	0.011942193	14.806583
1.7997084	1.2587544	-0.0065563596	14.798356
1.791912	1.2626203	-0.014964793	14.806583
1.8028269	1.2755069	-0.021691538	14.843609
1.7981491	1.2738961	-0.00067045673	14.847724
1.7887934	1.2574657	-0.014964793	14.794241
1.7950305	1.2471565	0.022032311	14.777785
1.7965899	1.2552106	-0.0099197328	14.810697
1.7981491	1.2516668	0.0018520731	14.814812
1.8012676	1.2603652	-0.025054913	14.806583
1.7981491	1.2626203	-0.0057155164	14.810697
1.791912	1.2526333	-0.0015113001	14.786013
1.7981491	1.2555327	-0.012442263	14.794241
1.7997084	1.2587544	0.0018520731	14.798356
1.8028269	1.2593987	0.012783037	14.781899
1.7950305	1.2458678	-0.01160142	14.769557
1.8012676	1.2584323	-0.0048746732	14.839496
1.7950305	1.255855	-0.01916901	14.781899
1.7965899	1.2655199	-0.023373226	14.827153
1.7950305	1.2632647	0.01614641	14.82304
1.7965899	1.2719631	-0.026736598	14.82304
1.7950305	1.2668085	-0.014964793	14.835382
1.7997084	1.2626203	-0.0023521434	14.794241
1.7965899	1.2516668	0.0052154465	14.786013
1.7981491	1.2577879	0.0010112298	14.847724
1.7934712	1.2593987	0.013623879	14.786013
1.7934712	1.2545663	-0.0015113001	14.786013
1.7981491	1.261976	0.0001703865	14.82304
1.7950305	1.2655199	-0.0090788892	14.802469
1.7997084	1.2713188	-0.021691538	14.818925
1.7997084	1.2777621	-0.0023521434	14.790128
1.7965899	1.2793728	0.010260507	14.802469
1.8012676	1.2751848	0.028759057	14.818925
1.7997084	1.2677749	-0.0040338296	14.802469
1.7997084	1.2606874	-0.0031929866	14.810697
1.8012676	1.2626203	-0.0099197328	14.818925
1.7934712	1.2564993	-0.01664648	14.810697
1.7934712	1.2497338	-0.0073972028	14.802469
1.7950305	1.2661642	-0.0048746732	14.831268
1.7950305	1.2626203	-0.0057155164	14.810697
1.7950305	1.2561771	-0.013283106	14.818925
1.7950305	1.2487674	0.0068971328	14.786013
1.7934712	1.2587544	-0.013283106	14.802469
1.7965899	1.2674528	0.0018520731	14.814812
1.7950305	1.2574657	0.01110135	14.790128
1.7981491	1.2529554	0.014464723	14.798356
1.7981491	1.251989	-0.010760576	14.794241
1.7950305	1.2490895	-0.0090788892	14.773671
1.7934712	1.2635869	0.0018520731	14.82304
1.7934712	1.2780842	0.007737976	14.810697
1.7934712	1.2655199	-0.0082380464	14.814812
1.791912	1.265842	-0.0048746732	14.814812
1.7950305	1.2626203	0.0018520731	14.806583
1.7903527	1.2629426	-0.028418286	14.82304
1.791912	1.2532777	-0.014964793	14.798356
1.791912	1.2610096	-0.0082380464	14.798356
1.7903527	1.251989	0.0052154465	14.806583
1.7997084	1.251989	-0.01664648	14.794241
1.7856749	1.2391025	-0.014123949	14.777785
1.7950305	1.2449014	0.0035337596	14.810697
1.7887934	1.2532777	0.0001703865	14.806583
1.7934712	1.2526333	-0.0099197328	14.786013
1.7903527	1.25811	-0.0040338296	14.798356
1.791912	1.2664863	-0.0015113001	14.802469
1.7965899	1.2526333	0.0018520731	14.790128
1.7872342	1.2680972	-0.031781659	14.814812
1.7872342	1.2677749	0.0094196629	14.786013
1.7934712	1.2674528	0.007737976	14.802469
1.7872342	1.2568214	0.028759057	14.798356
1.7856749	1.2555327	0.0035337596	14.802469
1.7841157	1.2526333	-0.020009853	14.810697
1.7856749	1.2484452	-0.020009853	14.781899
1.7809972	1.2387803	-0.018328166	14.794241
1.7841157	1.2468344	-0.01160142	14.781899
1.7825564	1.2548884	-0.036826719	14.802469
1.7825564	1.2497338	-0.025895756	14.790128
1.7809972	1.2655199	-0.022532383	14.827153
1.7809972	1.2626203	-0.025054913	14.806583
1.7809972	1.2593987	-0.027577441	14.806583
1.7887934	1.2651976	0.022032311	14.814812
1.7825564	1.2729295	-0.0090788892	14.802469
1.7794378	1.2632647	-0.0073972028	14.786013
1.7778785	1.260043	-0.024214068	14.765444
1.7763193	1.2732518	-0.0031929866	14.814812
1.7716415	1.2677749	-0.020850696	14.786013
1.7778785	1.2648755	-0.0040338296	14.814812
1.7778785	1.2664863	-0.0065563596	14.818925
1.7732008	1.250056	-0.017487323	14.798356
1.7732008	1.2507004	-0.020009853	14.806583
1.77476	1.2407132	-0.018328166	14.794241
1.7669637	1.2529554	0.0026929164	14.802469
1.7716415	1.248123	0.021191468	14.798356
1.7654045	1.2597209	-0.01916901	14.806583
1.7716415	1.2632647	0.0052154465	14.806583
1.7607266	1.2751848	-0.024214068	14.831268
1.768523	1.2780842	0.023713998	14.818925
1.7654045	1.2751848	0.0026929164	14.781899
1.7638451	1.2748625	-0.0048746732	14.798356
1.7607266	1.2680972	0.0060562897	14.794241
1.7638451	1.2738961	-0.014964793	14.806583
1.7591673	1.2713188	-0.0090788892	14.810697
1.7622858	1.2719631	-0.015805636	14.802469
1.7576081	1.2606874	-0.0090788892	14.786013
1.7529303	1.2535998	0.0068971328	14.790128
1.7513711	1.2574657	-0.0099197328	14.806583
1.7482526	1.2655199	-0.0031929866	14.831268
1.7498119	1.2626203	-0.0057155164	14.798356
1.7544895	1.2626203	0.018668938	14.802469
1.7513711	1.25811	-0.018328166	14.810697
1.7513711	1.263909	-0.014123949	14.827153
1.7420155	1.2671306	-0.0023521434	14.818925
1.7435747	1.2680972	0.010260507	14.794241
1.7357785	1.2764734	-0.0073972028	14.798356
1.7404562	1.2793728	-0.021691538	14.814812
1.7435747	1.2661642	0.017828096	14.806583
1.7451341	1.2716409	0.027918214	14.798356
1.738897	1.2690636	-0.012442263	14.814812
1.738897	1.2697079	0.012783037	14.786013
1.738897	1.2742182	-0.014964793	14.798356
1.7342192	1.2574657	-0.0057155164	14.790128
1.7357785	1.253922	-0.0023521434	14.814812
1.7311007	1.2523111	-0.00067045673	14.814812
1.7311007	1.2403911	-0.01664648	14.802469
1.7295413	1.2423241	0.007737976	14.798356
1.7295413	1.2442571	-0.00067045673	14.806583
1.7295413	1.2568214	-0.0099197328	14.818925
1.7311007	1.2523111	-0.0082380464	14.786013
1.7248635	1.2474787	-0.035145033	14.794241
1.7233043	1.2552106	-0.0040338296	14.814812
1.7233043	1.2590766	-0.017487323	14.798356
1.7233043	1.2587544	-0.0082380464	14.806583
1.7248635	1.2719631	0.0068971328	14.818925
1.721745	1.2767955	0.0018520731	14.82304
1.715508	1.2787285	-0.025054913	14.810697
1.7201858	1.2832388	-0.018328166	14.810697
1.7170672	1.2690636	-0.00067045673	14.786013
1.715508	1.2703522	0.0094196629	14.810697
1.7123893	1.2761512	-0.0057155164	14.814812
1.7092708	1.2780842	-0.027577441	14.82304
1.7045931	1.2709966	-0.0015113001	14.82304
1.7061523	1.2664863	-0.0040338296	14.810697
1.7108301	1.2490895	0.0001703865	14.769557
1.7014745	1.2471565	-0.025895756	14.798356
1.6967967	1.2455457	-0.0082380464	14.794241
1.7030338	1.2629426	-0.025895756	14.818925
1.6952374	1.2593987	-0.01664648	14.794241
1.6983559	1.2719631	-0.01664648	14.814812
1.6936781	1.2668085	-0.0048746732	14.769557
1.6983559	1.2713188	-0.022532383	14.794241
1.6952374	1.2738961	0.022873154	14.802469
1.6890004	1.2680972	0.018668938	14.765444
1.6905596	1.2687415	0.017828096	14.794241
1.6890004	1.2564993	-0.0015113001	14.773671
1.6905596	1.2606874	-0.010760576	14.786013
1.6874412	1.25811	-0.0099197328	14.781899
1.6843227	1.25811	-0.0065563596	14.814812
1.6936781	1.2629426	-0.01664648	14.806583
1.6827635	1.2542441	-0.01664648	14.786013
1.6780856	1.2590766	-0.025054913	14.794241
1.6812042	1.2761512	-0.026736598	14.82304
1.6796449	1.2719631	0.0026929164	14.802469
1.6796449	1.2735739	0.014464723	14.814812
1.6796449	1.2677749	0.013623879	14.786013
1.6765263	1.2651976	0.0052154465	14.794241
1.6796449	1.2626203	-0.014964793	14.786013
1.6718485	1.2593987	-0.0015113001	14.786013
1.6718485	1.2693858	-0.0031929866	14.806583
1.66873	1.2651976	-0.0040338296	14.790128
1.6640522	1.2671306	-0.018328166	14.794241
1.6656115	1.2697079	0.0094196629	14.798356
1.6671708	1.2574657	0.01110135	14.773671
1.6624929	1.2487674	0.0026929164	14.757215
1.6593744	1.2577879	-0.014123949	14.794241
1.6671708	1.2484452	0.01110135	14.798356
1.6624929	1.2574657	-0.035145033	14.810697
1.6578151	1.2622982	-0.0090788892	14.798356
1.6562558	1.2597209	0.0052154465	14.777785
1.6593744	1.2577879	0.021191468	14.790128
1.6546966	1.2651976	0.0018520731	14.814812
1.6562558	1.2593987	-0.014964793	14.790128
1.6515781	1.2555327	-0.023373226	14.765444
1.6515781	1.2664863	-0.022532383	14.794241
1.6578151	1.2564993	-0.0099197328	14.773671
1.6546966	1.2713188	-0.01160142	14.806583
1.6515781	1.2693858	0.007737976	14.802469
1.6484596	1.2687415	-0.031781659	14.810697
1.6500188	1.2661642	-0.0082380464	14.802469
1.6469002	1.2651976	-0.0023521434	14.790128
1.6453409	1.265842	-0.0031929866	14.790128
1.6422224	1.2697079	0.0010112298	14.790128
1.6453409	1.2668085	-0.0031929866	14.798356
1.6406631	1.2561771	-0.0040338296	14.769557
1.6422224	1.2645533	-0.0015113001	14.810697
1.6484596	1.2674528	0.0010112298	14.798356
1.6406631	1.2726074	0.0085788192	14.818925
1.6422224	1.2784064	0.022873154	14.827153
1.6375446	1.281628	-0.01160142	14.798356
1.6328669	1.2806615	-0.012442263	14.786013
1.628189	1.2738961	-0.014123949	14.790128
1.6313075	1.2684193	0.0026929164	14.790128
1.6328669	1.2687415	0.022032311	14.802469
1.6328669	1.2548884	-0.012442263	14.761329
1.6344261	1.2526333	-0.014123949	14.786013
1.6313075	1.2532777	-0.0048746732	14.814812
1.6313075	1.2526333	-0.027577441	14.790128
1.6250705	1.2561771	0.0094196629	14.790128
1.6297482	1.260043	-0.014123949	14.781899
1.6250705	1.2568214	0.0043746028	14.765444
1.628189	1.2555327	-0.014123949	14.786013
1.6203928	1.25811	0.01110135	14.781899
1.6203928	1.2555327	-0.0073972028	14.777785
1.6172743	1.2680972	-0.00067045673	14.810697
1.6266297	1.2632647	0.027918214	14.773671
1.6250705	1.2677749	-0.0015113001	14.802469
1.6203928	1.2651976	-0.0057155164	14.777785
1.6172743	1.251989	0.0026929164	14.761329
1.6125964	1.2564993	-0.0048746732	14.790128
1.615715	1.2648755	0.0094196629	14.794241
1.6172743	1.2645533	-0.032622501	14.794241
1.6125964	1.2664863	0.0010112298	14.810697
1.615715	1.2677749	-0.0031929866	14.798356
1.615715	1.2648755	-0.023373226	14.794241
1.6125964	1.2703522	-0.0048746732	14.786013
1.6141558	1.2642312	-0.01916901	14.773671
1.6125964	1.2497338	0.0026929164	14.761329
1.6094779	1.25811	-0.0015113001	14.786013
1.5985631	1.2651976	-0.010760576	14.781899
1.6079186	1.2697079	-0.035145033	14.831268
1.6032408	1.2668085	-0.018328166	14.802469
1.6063594	1.2735739	-0.012442263	14.806583
1.6094779	1.2719631	0.046416767	14.786013
1.6048001	1.2674528	-0.0040338296	14.790128
1.6048001	1.2693858	-0.017487323	14.773671
1.6001223	1.2742182	-0.043553464	14.798356
1.5970037	1.2668085	-0.0082380464	14.781899
1.6001223	1.2755069	-0.01916901	14.835382
1.5970037	1.2803394	0.010260507	14.827153
1.6032408	1.2709966	-0.0082380464	14.806583
1.5970037	1.2622982	0.007737976	14.790128
1.5970037	1.2526333	0.024554841	14.773671
1.5923259	1.2626203	0.0035337596	14.786013
1.5923259	1.253922	0.015305566	14.757215
1.5970037	1.2535998	-0.00067045673	14.748987
1.5907667	1.2664863	-0.0023521434	14.814812
1.5860889	1.2790507	-0.025054913	14.82304
1.5798517	1.2677749	-0.017487323	14.773671
1.5829704	1.2726074	-0.0015113001	14.806583
1.5923259	1.2593987	0.022032311	14.786013
1.5829704	1.2571436	-0.0065563596	14.769557
1.5907667	1.2664863	-0.0057155164	14.798356
1.5829704	1.2632647	-0.021691538	14.773671
1.5876482	1.2564993	-0.014123949	14.790128
1.5829704	1.2574657	-0.0099197328	14.798356
1.5782925	1.248123	0.021191468	14.769557
1.581411	1.2510225	-0.0090788892	14.806583
1.5767332	1.2465122	-0.0040338296	14.786013
1.5860889	1.2545663	-0.0057155164	14.798356
1.5829704	1.2597209	0.01110135	14.790128
1.575174	1.2548884	0.0094196629	14.781899
1.575174	1.2593987	-0.014123949	14.777785
1.575174	1.2664863	-0.0040338296	14.777785
1.5658183	1.2674528	0.0026929164	14.802469
1.5689369	1.2671306	0.0052154465	14.790128
1.5689369	1.2629426	-0.025054913	14.802469
1.5658183	1.2697079	-0.030940816	14.790128
1.5704962	1.2590766	0.0043746028	14.7531
1.575174	1.2668085	0.0010112298	14.790128
1.5658183	1.2713188	-0.0015113001	14.814812
1.5689369	1.2587544	0.0035337596	14.765444
1.5642591	1.2577879	0.0060562897	14.781899
1.5658183	1.2564993	-0.0073972028	14.773671
1.5626998	1.2552106	-0.010760576	14.798356
1.5595814	1.2587544	-0.014123949	14.786013
1.5642591	1.251989	-0.0073972028	14.744873
1.5626998	1.260043	-0.020850696	14.790128
1.5580221	1.2584323	0.0068971328	14.769557
1.5533444	1.2523111	-0.014123949	14.7531
1.5564629	1.2535998	-0.020850696	14.761329
1.5549036	1.2597209	-0.018328166	14.781899
1.5549036	1.2603652	0.019509783	14.790128
1.5564629	1.2613317	0.022032311	14.773671
1.5549036	1.2561771	-0.030099971	14.761329
1.5580221	1.2574657	0.0043746028	14.7531
1.5439887	1.2561771	-0.0082380464	14.748987
1.5471072	1.2497338	-0.010760576	14.748987
1.5439887	1.2535998	0.033804119	14.777785
1.5502259	1.260043	-0.014964793	14.794241
1.5517851	1.2568214	-0.012442263	14.794241
1.5486666	1.2507004	-0.01160142	14.769557
1.545548	1.2397468	0.022032311	14.748987
1.5439887	1.2413576	-0.025054913	14.765444
1.5439887	1.2487674	-0.0099197328	14.7531
1.5393109	1.2487674	-0.01664648	14.748987
1.5377517	1.2471565	-0.025054913	14.74076
1.5393109	1.2548884	-0.036826719	14.761329
1.5393109	1.2632647	-0.026736598	14.802469
1.5439887	1.2742182	-0.014964793	14.806583
1.5408702	1.2703522	0.0052154465	14.790128
1.5393109	1.2651976	-0.0040338296	14.777785
1.5361924	1.2655199	-0.014964793	14.769557
1.5315145	1.2513447	0.0018520731	14.744873
1.5299553	1.2545663	0.0094196629	14.786013
1.5330739	1.2497338	-0.01916901	14.777785
1.5299553	1.2703522	-0.010760576	14.827153
1.5361924	1.2716409	0.007737976	14.798356
1.5299553	1.263909	-0.033463344	14.765444
1.5299553	1.2526333	0.023713998	14.761329
1.5252775	1.2571436	0.01614641	14.765444
1.5205997	1.2510225	0.0035337596	14.736645
1.5252775	1.2545663	0.0068971328	14.765444
1.5252775	1.2507004	0.011942193	14.761329
1.5252775	1.2674528	0.01614641	14.798356
1.5252775	1.2732518	-0.024214068	14.773671
1.5252775	1.2755069	-0.035985876	14.74076
1.528396	1.2687415	-0.01160142	14.761329
1.5252775	1.2722852	0.0026929164	14.769557
1.5143626	1.2716409	0.012783037	14.761329
1.5174812	1.2690636	-0.0057155164	14.748987
1.5143626	1.2564993	0.023713998	14.736645
1.5174812	1.2535998	-0.01160142	14.790128
1.5174812	1.2568214	-0.0073972028	14.777785
1.5237182	1.250056	0.033804119	14.74076
1.5174812	1.2474787	-0.0040338296	14.757215
1.5237182	1.2545663	0.0018520731	14.769557
1.5205997	1.2471565	-0.0057155164	14.736645
1.5112441	1.2507004	-0.0015113001	14.74076
1.5128033	1.2442571	-0.0048746732	14.736645
1.5112441	1.2568214	-0.027577441	14.798356
1.5143626	1.2606874	0.012783037	14.765444
1.5128033	1.2668085	0.0018520731	14.757215
1.5081255	1.2661642	-0.028418286	14.736645
1.5128033	1.2542441	-0.034304187	14.748987
1.5128033	1.2616539	-0.030099971	14.765444
1.5143626	1.2516668	0.03128159	14.736645
1.5128033	1.2597209	-0.017487323	14.757215
1.5003291	1.2716409	0.011942193	14.814812
1.5034478	1.2729295	-0.031781659	14.794241
1.505007	1.2632647	0.0094196629	14.761329
1.4972107	1.2687415	-0.020009853	14.773671
1.5034478	1.2584323	0.027918214	14.769557
1.5003291	1.2677749	0.0085788192	14.769557
1.5034478	1.2597209	-0.010760576	14.761329
1.505007	1.2622982	-0.033463344	14.757215
1.505007	1.2655199	0.0035337596	14.781899
1.4972107	1.2771177	0.01614641	14.794241
1.4956515	1.2635869	0.015305566	14.748987
1.4956515	1.2629426	0.014464723	14.736645
1.4956515	1.2577879	0.0068971328	14.761329
1.4956515	1.2532777	-0.010760576	14.720188
1.4956515	1.253922	-0.0065563596	14.748987
1.4972107	1.251989	0.030440746	14.748987
1.4940922	1.2529554	-0.021691538	14.765444
1.4956515	1.2545663	-0.035145033	14.761329
1.492533	1.2655199	-0.035145033	14.781899
1.492533	1.2645533	-0.014964793	14.7531
1.4894145	1.2526333	-0.010760576	14.765444
1.4909737	1.2339479	0.0035337596	14.732532
1.4894145	1.2445792	0.0068971328	14.757215
1.4909737	1.2410355	-0.010760576	14.720188
1.492533	1.2577879	-0.028418286	14.773671
1.4878552	1.2687415	-0.026736598	14.748987
1.4894145	1.2738961	-0.0099197328	14.757215
1.4847367	1.2622982	0.020350626	14.728416
1.4847367	1.2584323	-0.0099197328	14.744873
1.4862959	1.2610096	-0.0015113001	14.748987
1.475381	1.2709966	-0.0015113001	14.748987
1.4769403	1.2635869	-0.010760576	14.736645
1.481618	1.25811	0.0094196629	14.773671
1.4769403	1.2664863	-0.021691538	14.761329
1.4862959	1.2648755	0.0010112298	14.757215
1.481618	1.2671306	-0.021691538	14.74076
1.4831774	1.2513447	0.021191468	14.757215
1.4738218	1.2516668	-0.0099197328	14.744873
1.4738218	1.263909	-0.0057155164	14.744873
1.4738218	1.2561771	0.0035337596	14.736645
1.475381	1.248123	0.027077371	14.736645
1.4707032	1.2391025	0.0085788192	14.720188
1.4784995	1.2339479	-0.018328166	14.728416
1.4784995	1.2561771	0.0026929164	14.761329
1.475381	1.2610096	-0.017487323	14.765444
1.469144	1.2613317	-0.0015113001	14.744873
1.4613476	1.2597209	-0.023373226	14.720188
1.4660254	1.2703522	-0.0048746732	14.748987
1.4644661	1.2790507	-0.028418286	14.761329
1.4629068	1.2668085	-0.0048746732	14.711961
1.469144	1.263909	-0.0057155164	14.7531
1.469144	1.2490895	0.0010112298	14.732532
1.4644661	1.2503781	-0.0040338296	14.781899
1.4551105	1.2420019	0.0085788192	14.728416
1.4613476	1.2545663	0.0068971328	14.769557
1.4582291	1.2535998	-0.0015113001	14.748987
1.4597883	1.250056	-0.030099971	14.74076
1.4582291	1.2478008	-0.027577441	14.720188
1.4629068	1.250056	-0.0099197328	14.736645
1.4629068	1.2494117	-0.036826719	14.724303
1.4613476	1.2548884	0.01614641	14.786013
1.451992	1.2587544	0.007737976	14.74076
1.451992	1.2545663	-0.015805636	14.724303
1.4504327	1.2593987	-0.024214068	14.728416
1.451992	1.2606874	-0.014123949	14.744873
1.451992	1.260043	-0.01664648	14.707848
1.4551105	1.2629426	-0.0073972028	14.74076
1.451992	1.2574657	0.012783037	14.7531
1.4535513	1.255855	-0.034304187	14.781899
1.4457549	1.2568214	0.012783037	14.765444
1.4426364	1.2584323	0.013623879	14.765444
1.4410771	1.2516668	-0.0040338296	14.74076
1.4426364	1.2423241	0.0068971328	14.728416
1.4457549	1.2494117	-0.0015113001	14.748987
1.4426364	1.2555327	-0.018328166	14.720188
1.4363995	1.255855	-0.01160142	14.736645
1.4379586	1.2661642	0.018668938	14.773671
1.4410771	1.2716409	0.018668938	14.773671
1.4348402	1.2587544	-0.033463344	14.732532
1.4348402	1.2661642	-0.0065563596	14.748987
1.4317216	1.2593987	-0.012442263	14.74076
1.4395179	1.2484452	-0.0090788892	14.699619
1.4332809	1.248123	-0.01160142	14.720188
1.4348402	1.2487674	0.0035337596	14.720188
1.4332809	1.2603652	-0.0015113001	14.781899
1.4286031	1.2532777	-0.01916901	14.748987
1.4348402	1.2626203	0.0026929164	14.773671
1.4286031	1.2606874	0.0026929164	14.748987
1.4270438	1.2629426	0.0052154465	14.773671
1.4317216	1.2465122	0.0026929164	14.711961
1.4270438	1.260043	-0.01160142	14.728416
1.4254845	1.2593987	-0.023373226	14.74076
1.4192475	1.2574657	0.03128159	14.736645
1.4286031	1.2603652	0.0043746028	14.744873
1.4254845	1.255855	0.018668938	14.732532
1.4286031	1.2626203	0.0094196629	14.736645
1.422366	1.2751848	0.007737976	14.765444
1.4145696	1.2793728	-0.0023521434	14.74076
1.422366	1.2651976	0.019509783	14.703732
1.4130104	1.2555327	-0.026736598	14.703732
1.4192475	1.2555327	-0.0040338296	14.711961
1.4254845	1.2516668	-0.012442263	14.736645
1.4176883	1.2548884	0.0094196629	14.761329
1.4176883	1.2513447	-0.0015113001	14.732532
1.4161289	1.2564993	-0.024214068	14.765444
1.4114511	1.253922	-0.0090788892	14.724303
1.4067733	1.2548884	-0.014964793	14.707848
1.4083326	1.2471565	-0.017487323	14.683163
1.4098918	1.2449014	0.0010112298	14.716075
1.4130104	1.2423241	-0.010760576	14.720188
1.4161289	1.2494117	0.0026929164	14.728416
1.4020956	1.261976	-0.0082380464	14.736645
1.4067733	1.2651976	-0.0015113001	14.748987
1.4052141	1.2690636	-0.021691538	14.724303
1.4005362	1.2693858	-0.0048746732	14.711961
1.4036548	1.250056	-0.01160142	14.691391
1.4067733	1.2490895	0.025395684	14.707848
1.4005362	1.2535998	0.0068971328	14.728416
1.4036548	1.2465122	0.0018520731	14.711961
1.4005362	1.2413576	-0.032622501	14.691391
1.3974177	1.2532777	-0.01916901	14.769557
1.3927399	1.25811	-0.043553464	14.74076
1.4005362	1.2552106	0.0010112298	14.728416
1.3911806	1.2526333	0.016987253	14.711961
1.3958584	1.2574657	0.010260507	14.7531
1.3958584	1.2535998	0.012783037	14.724303
1.3911806	1.263909	0.0018520731	14.74076
1.3958584	1.263909	0.039690021	14.728416
1.3896214	1.2510225	-0.020009853	14.736645
1.3880621	1.2545663	-0.025054913	14.711961
1.3865029	1.2574657	-0.028418286	14.716075
1.3865029	1.2593987	-0.020009853	14.703732
1.381825	1.2610096	0.0035337596	14.736645
1.3849435	1.2548884	-0.0023521434	14.716075
1.3880621	1.2468344	-0.0023521434	14.711961
1.381825	1.2497338	-0.0082380464	14.724303
1.3787065	1.2584323	-0.020009853	14.74076
1.381825	1.2465122	-0.00067045673	14.703732
1.3849435	1.2487674	-0.0090788892	14.736645
1.3849435	1.2436128	0.04221255	14.707848
1.381825	1.2458678	-0.0040338296	14.748987
1.3802657	1.2426462	-0.017487323	14.711961
1.3771472	1.2593987	-0.0057155164	14.7531
1.3740288	1.2671306	-0.028418286	14.74076
1.3755879	1.2632647	0.016987253	14.748987
1.3771472	1.2722852	-0.037667561	14.74076
1.369351	1.2651976	0.010260507	14.716075
1.3724695	1.2787285	-0.023373226	14.74076
1.3646731	1.2726074	-0.013283106	14.74076
1.3709103	1.2610096	-0.014123949	14.716075
1.3662324	1.250056	-0.00067045673	14.716075
1.3677918	1.2564993	-0.0048746732	14.728416
1.3599954	1.2584323	0.0018520731	14.724303
1.3646731	1.2561771	0.0085788192	14.728416
1.3631139	1.2535998	0.0094196629	14.691391
1.3631139	1.2513447	0.0043746028	14.724303
1.3615546	1.2574657	-0.027577441	14.761329
1.3662324	1.2410355	0.010260507	14.695504
1.3631139	1.2403911	-0.00067045673	14.724303
1.3537583	1.2471565	-0.0031929866	14.724303
1.3599954	1.2574657	-0.0090788892	14.765444
1.3568769	1.2664863	0.0085788192	14.732532
1.3521991	1.2542441	-0.0090788892	14.711961
1.3521991	1.2503781	-0.01160142	14.691391
1.3553176	1.2661642	-0.0073972028	14.7531
1.3553176	1.2642312	0.015305566	14.716075
1.3553176	1.2542441	0.027077371	14.707848
1.3506397	1.2497338	-0.010760576	14.720188
1.3459619	1.2403911	-0.014964793	14.707848
1.3490804	1.250056	-0.028418286	14.716075
1.3459619	1.2513447	0.01110135	14.707848
1.3428434	1.2442571	0.0094196629	14.699619
1.3412842	1.2391025	0.007737976	14.732532
1.3428434	1.2387803	-0.0031929866	14.732532
1.3381656	1.23427	-0.0082380464	14.711961
1.3366064	1.2352365	-0.012442263	14.695504
1.3366064	1.2452235	-0.0040338296	14.720188
1.3319285	1.251989	-0.0057155164	14.703732
1.335047	1.2687415	-0.025054913	14.728416
1.3397249	1.2587544	0.0052154465	14.707848
1.3334877	1.2626203	-0.0040338296	14.736645
1.335047	1.2606874	0.015305566	14.711961
1.32881	1.2664863	-0.01160142	14.707848
1.3366064	1.2548884	0.0094196629	14.707848
1.3256915	1.2461901	0.021191468	14.699619
1.3272507	1.255855	-0.012442263	14.724303
1.3194543	1.2523111	-0.023373226	14.699619
1.3241322	1.2445792	-0.013283106	14.703732
1.3225729	1.2420019	-0.01664648	14.716075
1.3319285	1.2407132	-0.0031929866	14.679049
1.3225729	1.2374916	0.016987253	14.691391
1.3241322	1.2378138	0.010260507	14.720188
1.3163358	1.2513447	-0.030940816	14.728416
1.3147765	1.2603652	0.0085788192	14.724303
1.3132174	1.2526333	0.0060562897	14.707848
1.3163358	1.2442571	0.012783037	14.683163
1.3132174	1.2542441	-0.0048746732	14.748987
1.3132174	1.2693858	-0.014123949	14.732532
1.3100989	1.2613317	0.007737976	14.703732
1.3147765	1.2655199	-0.0048746732	14.720188
1.3147765	1.2510225	-0.0031929866	14.691391
1.3132174	1.2507004	-0.0099197328	14.720188
1.3069804	1.2484452	-0.020009853	14.716075
1.3085396	1.253922	0.0060562897	14.711961
1.3023026	1.2593987	-0.026736598	14.728416
1.3023026	1.2597209	-0.0048746732	14.707848
1.299184	1.2555327	-0.025895756	14.683163
1.2976247	1.2523111	-0.020009853	14.67082
1.3007432	1.250056	-0.0073972028	14.711961
1.3023026	1.2484452	0.007737976	14.711961
1.3023026	1.2526333	0.016987253	14.703732
1.3054211	1.2651976	0.0043746028	14.716075
1.3038619	1.2648755	0.007737976	14.728416
1.3007432	1.253922	0.01614641	14.683163
1.2976247	1.2471565	-0.01916901	14.695504
1.2913877	1.2455457	-0.043553464	14.683163
1.299184	1.2545663	0.0035337596	14.716075
1.299184	1.248123	0.017828096	14.695504
1.2960654	1.2471565	0.015305566	14.720188
1.2898284	1.2513447	-0.022532383	14.711961
1.2913877	1.2503781	0.0026929164	14.711961
1.2898284	1.2358809	0.0035337596	14.691391
1.2913877	1.2355586	0.024554841	14.687276
1.2898284	1.2497338	-0.030940816	14.699619
1.2898284	1.255855	0.0010112298	14.711961
1.2851505	1.263909	-0.028418286	14.707848
1.2851505	1.2661642	0.0018520731	14.736645
1.275795	1.2577879	-0.010760576	14.691391
1.282032	1.2664863	0.0026929164	14.711961
1.2835913	1.2680972	-0.0048746732	14.716075
1.2898284	1.2616539	0.018668938	14.691391
1.2804728	1.2577879	-0.037667561	14.699619
1.2773542	1.2603652	-0.021691538	14.720188
1.2726765	1.2561771	-0.037667561	14.699619
1.2742357	1.2597209	-0.0023521434	14.728416
1.2804728	1.2568214	-0.0048746732	14.707848
1.275795	1.2677749	-0.015805636	14.748987
1.275795	1.2513447	0.0085788192	14.707848
1.2773542	1.260043	-0.0057155164	14.691391
1.2773542	1.2445792	0.0085788192	14.674935
1.275795	1.2513447	0.0035337596	14.720188
1.2711172	1.2574657	-0.031781659	14.683163
1.2648801	1.2680972	-0.025895756	14.728416
1.2648801	1.2590766	-0.0048746732	14.703732
1.2664393	1.2677749	-0.014123949	14.716075
1.2633208	1.2571436	-0.0073972028	14.683163
1.2726765	1.2622982	0.012783037	14.683163
1.2633208	1.2593987	-0.0090788892	14.687276
1.2617615	1.2703522	-0.024214068	14.761329
1.2664393	1.2642312	-0.017487323	14.695504
1.2664393	1.2671306	-0.012442263	14.699619
1.258643	1.2535998	-0.0031929866	14.679049
1.2602023	1.263909	0.010260507	14.732532
1.258643	1.2555327	-0.0073972028	14.683163
1.258643	1.2487674	0.007737976	14.683163
1.2539654	1.2503781	-0.0099197328	14.674935
1.2524061	1.2503781	0.012783037	14.699619
1.2524061	1.2420019	0.0035337596	14.666707
1.2524061	1.2410355	-0.014123949	14.67082
1.2477282	1.2548884	-0.027577441	14.703732
1.2508467	1.2645533	-0.0031929866	14.703732
1.2508467	1.2693858	-0.010760576	14.707848
1.2492875	1.2661642	-0.015805636	14.683163
1.2430505	1.261976	-0.053643584	14.699619
1.2492875	1.2474787	0.0043746028	14.699619
1.2492875	1.2568214	0.0018520731	14.703732
1.2492875	1.2616539	-0.0099197328	14.703732
1.2524061	1.2587544	0.0052154465	14.695504
1.2399319	1.2552106	-0.0057155164	14.683163
1.2399319	1.2471565	0.0094196629	14.67082
1.2446097	1.2503781	-0.023373226	14.703732
1.2399319	1.25811	-0.025054913	14.695504
1.246169	1.2510225	0.0052154465	14.691391
1.2368134	1.2532777	-0.0065563596	14.67082
1.2383727	1.2445792	-0.029259128	14.658479
1.235254	1.2548884	-0.0057155164	14.711961
1.2368134	1.2516668	0.0026929164	14.674935
1.235254	1.2535998	0.0018520731	14.683163
1.235254	1.2523111	0.0035337596	14.674935
1.235254	1.2603652	-0.0090788892	14.711961
1.2336948	1.2545663	0.0060562897	14.683163
1.229017	1.2697079	-0.025054913	14.728416
1.2274578	1.2603652	-0.0099197328	14.695504
1.229017	1.251989	-0.0082380464	14.674935
1.2274578	1.2432905	0.015305566	14.691391
1.2243392	1.2478008	0.0026929164	14.691391
1.22278	1.2394246	-0.018328166	14.679049
1.2212207	1.2458678	-0.023373226	14.683163
1.229017	1.2458678	-0.015805636	14.674935
1.2212207	1.2497338	-0.023373226	14.666707
1.2243392	1.2651976	-0.0073972028	14.691391
1.229017	1.2642312	0.0026929164	14.674935
1.22278	1.2738961	0.0043746028	14.703732
1.2196614	1.2564993	0.013623879	14.666707
1.2149836	1.251989	0.010260507	14.654365
1.2181021	1.2413576	-0.0057155164	14.637908
1.22278	1.2484452	-0.0073972028	14.654365
1.2212207	1.2497338	0.0068971328	14.679049
1.22278	1.2629426	-0.0073972028	14.695504
1.2165428	1.2497338	0.0060562897	14.65025
1.2149836	1.251989	-0.017487323	14.683163
1.2181021	1.2423241	0.0052154465	14.662592
1.2181021	1.2381359	0.030440746	14.674935
1.2165428	1.2316927	0.0043746028	14.666707
1.2103058	1.248123	-0.021691538	14.703732
1.2071873	1.2410355	-0.013283106	14.658479
1.2149836	1.2458678	-0.01664648	14.662592
1.2040688	1.2507004	-0.017487323	14.679049
1.2071873	1.253922	0.0010112298	14.691391
1.2071873	1.2587544	-0.024214068	14.679049
1.2087466	1.2461901	0.007737976	14.65025
1.2025095	1.250056	-0.025054913	14.658479
1.2071873	1.2484452	0.016987253	14.654365
1.2087466	1.2400689	0.0085788192	14.642023
1.205628	1.2478008	-0.014964793	14.674935
1.2103058	1.2555327	-0.0073972028	14.679049
1.2087466	1.2555327	-0.025895756	14.691391
1.2009503	1.2535998	0.0026929164	14.674935
1.1978317	1.2503781	-0.01916901	14.679049
1.199391	1.2497338	-0.031781659	14.691391
1.1962725	1.2442571	-0.0057155164	14.67082
1.1962725	1.2416798	0.01110135	14.67082
1.2009503	1.2490895	-0.017487323	14.695504
1.199391	1.2545663	0.0026929164	14.674935
1.1931539	1.2555327	-0.0057155164	14.662592
1.1947131	1.2523111	-0.01916901	14.67082
1.1931539	1.2507004	0.012783037	14.679049
1.1869168	1.2468344	-0.018328166	14.658479
1.1962725	1.2461901	0.033804119	14.65025
1.1962725	1.2577879	-0.0065563596	14.666707
1.1931539	1.2439349	-0.0031929866	14.633795
1.1931539	1.2613317	0.007737976	14.687276
1.1900353	1.2568214	-0.030099971	14.658479
1.1884761	1.2552106	0.0018520731	14.674935
1.1869168	1.2420019	-0.0099197328	14.65025
1.1884761	1.2510225	-0.0065563596	14.703732
1.1931539	1.2368473	0.0060562897	14.646136
1.1931539	1.2449014	0.007737976	14.687276
1.1915946	1.2442571	-0.0082380464	14.662592
1.1931539	1.2423241	-0.0099197328	14.642023
1.1884761	1.2494117	-0.0023521434	14.625566
1.1853576	1.2561771	-0.0065563596	14.67082
1.1837983	1.261976	-0.037667561	14.662592
1.1931539	1.263909	-0.026736598	14.687276
1.1853576	1.2629426	0.0001703865	14.65025
1.1900353	1.2661642	0.0043746028	14.662592
1.1869168	1.2571436	0.010260507	14.662592
1.1900353	1.2606874	-0.0057155164	14.646136
1.1822391	1.25811	0.016987253	14.642023
1.1837983	1.250056	0.0001703865	14.654365
1.1853576	1.2516668	-0.01664648	14.674935
1.176002	1.2523111	-0.01664648	14.666707
1.1791205	1.2378138	-0.012442263	14.646136
1.1822391	1.2429684	-0.0023521434	14.662592
1.1869168	1.2429684	0.036326651	14.67082
1.1806798	1.2358809	0.0026929164	14.62968
1.1791205	1.250056	-0.01664648	14.67082
1.1791205	1.2529554	-0.025054913	14.62968
1.176002	1.2468344	-0.0065563596	14.646136
1.1728835	1.2432905	0.013623879	14.662592
1.1775613	1.2394246	0.0010112298	14.62968
1.1837983	1.2365252	0.007737976	14.62968
1.1806798	1.2468344	0.0052154465	14.633795
1.1775613	1.2587544	-0.023373226	14.674935
1.1806798	1.263909	0.012783037	14.646136
1.1744428	1.2635869	-0.0073972028	14.633795
1.1744428	1.2613317	-0.034304187	14.642023
1.1744428	1.2661642	-0.0031929866	14.674935
1.1713243	1.2542441	-0.00067045673	14.642023
1.1728835	1.2461901	0.023713998	14.637908
1.1650871	1.2471565	-0.034304187	14.625566
1.1697649	1.2552106	-0.0040338296	14.65025
1.1713243	1.2561771	0.0026929164	14.642023
1.1728835	1.2503781	0.0043746028	14.633795
1.1713243	1.2333035	-0.01160142	14.596767
1.1728835	1.2316927	0.027077371	14.62968
1.1713243	1.2384582	-0.0031929866	14.642023
1.1666464	1.2532777	0.011942193	14.666707
1.1697649	1.2564993	0.01110135	14.637908
1.1666464	1.2535998	-0.018328166	14.642023
1.1666464	1.255855	-0.0090788892	14.617339
1.1713243	1.2507004	-0.031781659	14.637908
1.1604093	1.2529554	-0.012442263	14.625566
1.1619686	1.2555327	0.0094196629	14.646136
1.1635278	1.2587544	-0.01160142	14.67082
1.1635278	1.2587544	0.01614641	14.654365
1.1666464	1.2574657	-0.028418286	14.654365
1.1650871	1.2507004	-0.010760576	14.62968
1.1666464	1.2513447	-0.00067045673	14.662592
1.1666464	1.2445792	-0.00067045673	14.633795
1.1650871	1.2313706	0.013623879	14.633795
1.1682056	1.2394246	-0.0065563596	14.662592
1.1666464	1.2548884	-0.022532383	14.658479
1.1604093	1.2561771	-0.00067045673	14.637908
1.1619686	1.2661642	-0.014964793	14.658479
1.1572908	1.2713188	-0.021691538	14.654365
1.1604093	1.2671306	-0.01664648	14.642023
1.1635278	1.263909	-0.032622501	14.621452
1.1666464	1.2668085	0.023713998	14.666707
1.1635278	1.2529554	0.032122433	14.642023
1.1650871	1.2545663	-0.01160142	14.637908
1.1572908	1.2497338	-0.0015113001	14.625566
1.1572908	1.2416798	-0.030099971	14.625566
1.1604093	1.2513447	0.007737976	14.679049
1.1557316	1.2429684	-0.0090788892	14.637908
1.1604093	1.2426462	-0.033463344	14.642023
1.1510537	1.2436128	-0.0090788892	14.654365
1.1604093	1.2587544	0.0035337596	14.654365
1.1526129	1.2629426	-0.014123949	14.658479
1.1526129	1.2651976	-0.025054913	14.65025
1.1526129	1.253922	-0.020850696	14.609111
1.1541722	1.2606874	0.0026929164	14.662592
1.1588501	1.260043	-0.0048746732	14.642023
1.1572908	1.2606874	0.015305566	14.654365
1.1526129	1.2629426	-0.020009853	14.637908
1.1588501	1.2458678	-0.025054913	14.621452
1.1526129	1.2626203	-0.027577441	14.654365
1.1494945	1.2423241	-0.014964793	14.609111
1.1526129	1.2410355	0.0060562897	14.633795
1.1494945	1.2310483	0.011942193	14.633795
1.146376	1.2403911	-0.023373226	14.662592
1.1526129	1.2510225	0.0052154465	14.666707
1.1526129	1.2513447	0.0010112298	14.637908
1.1494945	1.2416798	0.0010112298	14.642023
1.146376	1.2423241	-0.030099971	14.621452
1.146376	1.2423241	-0.036826719	14.662592
1.1526129	1.25811	-0.0090788892	14.662592
1.1494945	1.2626203	0.010260507	14.67082
1.1541722	1.2648755	0.012783037	14.654365
1.146376	1.2513447	-0.020850696	14.62968
1.1479353	1.2490895	0.0094196629	14.621452
1.1448166	1.265842	-0.038508404	14.666707
1.1479353	1.2606874	0.0085788192	14.65025
1.1432574	1.2535998	-0.020009853	14.62968
1.146376	1.2532777	-0.014123949	14.621452
1.1416981	1.2545663	-0.01664648	14.65025
1.146376	1.2548884	0.0026929164	14.65025
1.1448166	1.2432905	-0.0040338296	14.637908
1.1432574	1.2461901	-0.014964793	14.642023
1.1479353	1.2561771	-0.0031929866	14.654365
1.1494945	1.2526333	-0.026736598	14.654365
1.1448166	1.2484452	0.018668938	14.617339
1.1479353	1.2503781	0.0010112298	14.658479
1.1385796	1.2568214	-0.010760576	14.658479
1.1416981	1.263909	0.017828096	14.674935
1.1416981	1.2680972	-0.01160142	14.654365
1.146376	1.251989	0.023713998	14.621452
1.1416981	1.2526333	-0.0031929866	14.62968
1.1354611	1.2664863	-0.013283106	14.658479
1.1385796	1.2771177	-0.027577441	14.633795
1.1385796	1.2668085	0.017828096	14.642023
1.1401389	1.2687415	0.0068971328	14.666707
1.1416981	1.2555327	0.0052154465	14.62968
1.1385796	1.2474787	-0.0082380464	14.613224
1.1385796	1.2410355	0.029599901	14.65025
1.1385796	1.2407132	-0.025895756	14.625566
1.1401389	1.2484452	-0.0048746732	14.662592
1.1370203	1.2410355	-0.0040338296	14.609111
1.1354611	1.2545663	-0.034304187	14.637908
1.1385796	1.2487674	-0.0023521434	14.662592
1.1339018	1.2648755	-0.023373226	14.662592
1.1339018	1.2635869	0.015305566	14.65025
1.1401389	1.2719631	0.027918214	14.67082
1.1354611	1.2535998	0.011942193	14.617339
1.1354611	1.2651976	0.012783037	14.662592
1.1339018	1.2568214	-0.01664648	14.617339
1.1323426	1.2564993	-0.013283106	14.637908
1.1323426	1.2561771	-0.0099197328	14.674935
1.1385796	1.2484452	0.0001703865	14.62968
1.1354611	1.2445792	0.026236527	14.617339
1.1385796	1.2461901	0.014464723	14.621452
1.1261054	1.2432905	-0.020009853	14.621452
1.1276647	1.2442571	-0.027577441	14.642023
1.1323426	1.2442571	-0.0099197328	14.637908
1.1323426	1.25811	0.010260507	14.642023
1.1307833	1.2661642	-0.025054913	14.67082
1.1292239	1.2645533	-0.01916901	14.62968
1.1276647	1.2455457	-0.014964793	14.609111
1.1245462	1.2490895	0.0026929164	14.621452
1.1307833	1.2420019	0.007737976	14.609111
1.1261054	1.2516668	0.010260507	14.625566
1.1307833	1.2490895	-0.013283106	14.600883
1.1339018	1.253922	0.01614641	14.621452
1.1245462	1.2478008	-0.024214068	14.633795
1.1261054	1.2365252	0.0052154465	14.609111
1.1245462	1.2374916	-0.034304187	14.617339
1.1276647	1.2391025	0.03128159	14.633795
1.1307833	1.2291155	-0.0040338296	14.609111
1.1245462	1.2355586	0.022873154	14.625566
1.1245462	1.2329813	-0.025895756	14.613224
1.1276647	1.2542441	-0.014123949	14.654365
1.1292239	1.2484452	-0.021691538	14.65025
1.1245462	1.2487674	-0.0073972028	14.633795
1.1198685	1.2574657	-0.04523515	14.654365
1.1183091	1.2616539	-0.0048746732	14.642023
1.1214277	1.2442571	-0.00067045673	14.62968
1.1214277	1.2465122	-0.0090788892	14.596767
1.1198685	1.2535998	0.012783037	14.637908
1.1229869	1.2677749	0.025395684	14.637908
1.1292239	1.2548884	0.012783037	14.633795
1.1214277	1.2426462	-0.0040338296	14.613224
1.1167499	1.2352365	-0.018328166	14.613224
1.1183091	1.2455457	-0.053643584	14.633795
1.1198685	1.2394246	-0.010760576	14.637908
1.1245462	1.2400689	0.007737976	14.613224
1.1261054	1.2326592	0.015305566	14.604996
1.1183091	1.2339479	-0.013283106	14.617339
1.1214277	1.2326592	-0.010760576	14.621452
1.1151906	1.2307262	-0.030099971	14.609111
1.1167499	1.2358809	-0.0040338296	14.625566
1.1151906	1.2545663	-0.030940816	14.642023
1.1167499	1.2684193	-0.021691538	14.674935
1.1151906	1.2555327	-0.023373226	14.625566
1.1183091	1.2507004	0.014464723	14.633795
1.1214277	1.2468344	-0.0015113001	14.613224
1.1151906	1.2545663	-0.015805636	14.642023
1.1198685	1.2394246	0.0060562897	14.592654
1.1198685	1.2368473	-0.00067045673	14.617339
1.1136314	1.2333035	-0.0031929866	14.621452
1.1151906	1.2529554	-0.020850696	14.687276
1.1167499	1.2374916	-0.025054913	14.604996
1.1120721	1.2381359	0.013623879	14.600883
1.1151906	1.2278268	0.012783037	14.572083
1.1120721	1.2349143	-0.043553464	14.609111
1.1073943	1.2394246	-0.01160142	14.62968
1.1151906	1.2503781	0.0068971328	14.662592
1.1073943	1.2381359	-0.018328166	14.604996
1.1105129	1.2597209	0.0060562897	14.67082
1.1120721	1.2610096	-0.029259128	14.613224
1.1120721	1.2574657	0.0068971328	14.596767
1.1105129	1.2523111	-0.01160142	14.592654
1.1151906	1.260043	0.020350626	14.609111
1.1167499	1.2642312	-0.015805636	14.625566
1.1136314	1.2548884	-0.0073972028	14.604996
1.1136314	1.2391025	0.0085788192	14.604996
1.1011572	1.2432905	0.0060562897	14.646136
1.1105129	1.2407132	-0.0099197328	14.625566
1.1105129	1.2490895	-0.014123949	14.621452
1.1073943	1.2384582	-0.0057155164	14.58854
1.1042757	1.2416798	-0.0031929866	14.596767
1.1089536	1.2461901	-0.028418286	14.637908
1.1105129	1.2574657	-0.0031929866	14.617339
1.1073943	1.2465122	0.0001703865	14.604996
1.1089536	1.255855	-0.022532383	14.662592
1.1073943	1.2484452	0.010260507	14.617339
1.1120721	1.2545663	0.007737976	14.637908
1.1058351	1.2651976	-0.025895756	14.642023
1.1073943	1.2510225	0.0010112298	14.609111
1.1073943	1.2616539	0.0085788192	14.62968
1.1011572	1.25811	-0.028418286	14.596767
1.1073943	1.263909	-0.015805636	14.633795
1.1089536	1.2568214	-0.0073972028	14.633795
1.1073943	1.2513447	0.017828096	14.617339
1.0995979	1.2407132	-0.014123949	14.600883
1.1058351	1.2471565	-0.020009853	14.604996
1.1042757	1.2432905	-0.020850696	14.633795
1.1058351	1.2400689	0.021191468	14.592654
1.1042757	1.2461901	-0.014123949	14.584427
1.1058351	1.2365252	0.026236527	14.592654
1.1073943	1.2400689	-0.0015113001	14.62968
1.1027164	1.2487674	-0.00067045673	14.62968
1.1073943	1.2613317	-0.029259128	14.637908
1.1058351	1.2645533	-0.0048746732	14.617339
1.1011572	1.265842	-0.024214068	14.658479
1.0980387	1.2516668	0.016987253	14.58854
1.1011572	1.2439349	0.0001703865	14.58854
1.1027164	1.2458678	0.025395684	14.609111
1.0980387	1.2449014	-0.0099197328	14.617339
1.1027164	1.2532777	0.0018520731	14.633795
1.0980387	1.2391025	-0.012442263	14.58854
1.0964794	1.2442571	-0.048598524	14.613224
1.1027164	1.2384582	-0.020009853	14.617339
1.1058351	1.2436128	-0.018328166	14.637908
1.0995979	1.2597209	-0.012442263	14.604996
1.0964794	1.2503781	-0.0031929866	14.58854
1.0949202	1.2474787	0.0060562897	14.596767
1.0933609	1.2523111	-0.0031929866	14.642023
1.0933609	1.2523111	-0.0057155164	14.617339
1.0995979	1.2436128	0.027077371	14.609111
1.0964794	1.2529554	-0.024214068	14.654365
1.0964794	1.2561771	0.007737976	14.62968
1.0949202	1.2645533	-0.013283106	14.58854
1.0964794	1.2735739	-0.0040338296	14.613224
1.0949202	1.2494117	0.0018520731	14.584427
1.0995979	1.2397468	0.0018520731	14.584427
1.0995979	1.2468344	-0.025895756	14.617339
1.0933609	1.2526333	-0.015805636	14.613224
1.0964794	1.2461901	0.0068971328	14.625566
1.0886831	1.2365252	-0.024214068	14.563855
1.0886831	1.2329813	-0.0065563596	14.56797
1.0949202	1.2400689	-0.051121052	14.613224
1.0964794	1.2365252	-0.01160142	14.563855
1.0902424	1.2455457	0.01110135	14.604996
1.0886831	1.250056	0.0026929164	14.621452
1.0918016	1.2532777	0.0035337596	14.604996
1.0886831	1.2487674	-0.043553464	14.613224
1.0902424	1.2513447	-0.014123949	14.596767
1.0855646	1.2513447	-0.022532383	14.576199
1.0855646	1.2545663	0.013623879	14.604996
1.0777682	1.2616539	-0.044394307	14.613224
1.0902424	1.25811	0.020350626	14.604996
1.0840054	1.2507004	-0.0099197328	14.584427
1.0871239	1.2458678	-0.014123949	14.580312
1.0902424	1.2297598	-0.0031929866	14.613224
1.0855646	1.2349143	-0.0031929866	14.58854
1.0808868	1.224283	0.01110135	14.572083
1.0902424	1.2381359	-0.012442263	14.584427
1.0793276	1.2365252	-0.034304187	14.592654
1.0840054	1.2420019	0.0094196629	14.592654
1.0793276	1.2545663	-0.014964793	14.604996
1.0777682	1.2468344	0.0052154465	14.596767
1.0824461	1.2542441	-0.013283106	14.62968
1.0824461	1.2548884	0.020350626	14.604996
1.0746497	1.248123	-0.026736598	14.576199
1.0840054	1.248123	0.012783037	14.58854
1.0855646	1.2474787	0.014464723	14.621452
1.0871239	1.2474787	-0.013283106	14.58854
1.0808868	1.2526333	-0.022532383	14.600883
1.0777682	1.2458678	-0.0048746732	14.604996
1.0762089	1.2542441	-0.01664648	14.609111
1.0824461	1.2458678	0.017828096	14.604996
1.0746497	1.2478008	-0.01160142	14.596767
1.0777682	1.2503781	0.0085788192	14.604996
1.0746497	1.2461901	-0.012442263	14.617339
1.0824461	1.248123	0.018668938	14.596767
1.0808868	1.2465122	-0.0090788892	14.584427
1.0793276	1.2374916	-0.01916901	14.559742
1.0762089	1.2426462	0.0010112298	14.609111
1.0793276	1.2571436	-0.015805636	14.613224
1.0777682	1.2590766	-0.0082380464	14.604996
1.0793276	1.2548884	0.0085788192	14.592654
1.0715312	1.2545663	0.015305566	14.621452
1.0715312	1.2587544	-0.041030932	14.580312
1.0699719	1.2503781	-0.014123949	14.596767
1.0730904	1.2503781	-0.0090788892	14.604996
1.0715312	1.2381359	-0.01916901	14.592654
1.0730904	1.2403911	-0.0099197328	14.58854
1.0746497	1.2442571	0.025395684	14.584427
1.0715312	1.2397468	-0.0048746732	14.58854
1.0730904	1.2468344	0.012783037	14.62968
1.0746497	1.2394246	-0.012442263	14.584427
1.0668534	1.2278268	-0.026736598	14.56797
1.0699719	1.2336257	-0.030099971	14.600883
1.0699719	1.2452235	-0.0015113001	14.617339
1.0730904	1.2555327	0.020350626	14.637908
1.0637349	1.2590766	-0.0082380464	14.604996
1.0684127	1.2616539	-0.023373226	14.604996
1.0762089	1.2632647	-0.0073972028	14.62968
1.0746497	1.260043	-0.0048746732	14.584427
1.0668534	1.2474787	0.0052154465	14.58854
1.0699719	1.2310483	-0.00067045673	14.56797
1.0637349	1.2458678	0.0026929164	14.600883
1.0606164	1.2461901	0.0001703865	14.572083
1.0652941	1.2561771	-0.0065563596	14.617339
1.0684127	1.2394246	-0.0073972028	14.572083
1.0621756	1.2287933	0.007737976	14.580312
1.0637349	1.2233166	0.0010112298	14.551515
1.0637349	1.2316927	-0.0082380464	14.563855
1.0652941	1.2339479	0.028759057	14.56797
1.0621756	1.250056	0.011942193	14.58854
1.0684127	1.2513447	-0.015805636	14.58854
1.0637349	1.2510225	-0.0015113001	14.58854
1.0590571	1.2532777	-0.035985876	14.576199
1.0606164	1.2616539	-0.0040338296	14.637908
1.0606164	1.2664863	-0.025054913	14.592654
1.0590571	1.2484452	-0.01160142	14.56797
1.0543793	1.248123	0.01614641	14.58854
1.0606164	1.2355586	0.020350626	14.563855
1.0621756	1.2368473	-0.01664648	14.572083
1.0637349	1.2378138	0.043053396	14.592654
1.0574979	1.2548884	-0.015805636	14.604996
1.0590571	1.2432905	0.0043746028	14.572083
1.0574979	1.2374916	-0.0031929866	14.576199
1.0590571	1.2281489	0.0094196629	14.555628
1.0574979	1.2291155	-0.0057155164	14.56797
1.0543793	1.2236387	-0.017487323	14.5474
1.0559386	1.2281489	-0.014123949	14.5474
1.0590571	1.2281489	0.0085788192	14.555628
1.0574979	1.2478008	-0.030099971	14.56797
1.0559386	1.2503781	-0.030099971	14.592654
1.05282	1.2507004	-0.014123949	14.576199
1.0574979	1.2526333	0.023713998	14.600883
1.0574979	1.2497338	0.014464723	14.576199
1.0559386	1.2381359	-0.0040338296	14.551515
1.05282	1.2236387	0.019509783	14.559742
1.05282	1.2339479	0.01614641	14.596767
1.05282	1.2384582	0.0060562897	14.572083
1.0590571	1.2513447	-0.0090788892	14.58854
1.0606164	1.2349143	-0.01664648	14.551515
1.05282	1.2403911	-0.0040338296	14.559742
1.0465829	1.2432905	-0.0031929866	14.56797
