Fout	Lin	Lout	sono
1.6375446	0.56997049	4.9132266	16.024334
1.6359854	0.87634712	4.9107046	16.016106
1.6328669	1.0673896	4.9098635	16.040791
1.6328669	1.1643606	4.9098635	16.011992
1.6359854	1.2278268	4.9098635	16.016106
1.6328669	1.2716409	4.9098635	15.995536
1.6344261	1.3048238	4.9123859	16.028448
1.6297482	1.3199654	4.9115453	16.032562
1.6375446	1.3302746	4.9115453	15.99965
1.6344261	1.354759	4.9115453	16.028448
1.6297482	1.3673234	4.9123859	16.057247
1.6266297	1.3682898	4.9107046	16.036676
1.6344261	1.3624909	4.9132266	16.032562
1.6359854	1.3618466	4.9107046	16.02022
1.6297482	1.3811764	4.9098635	16.061359
1.6359854	1.3592693	4.9115453	15.99965
1.6359854	1.34896	4.9132266	16.016106
1.6359854	1.3444498	4.9115453	15.995536
1.6313075	1.3415504	4.9107046	16.007879
1.6359854	1.3544369	4.9115453	16.024334
1.6328669	1.3502487	4.9115453	16.024334
1.6313075	1.3360735	4.9107046	16.016106
1.6375446	1.3518596	4.9098635	16.003763
1.6359854	1.3441277	4.9115453	15.983194
1.6391039	1.3425168	4.9098635	15.99965
1.6297482	1.3260865	4.9123859	15.991423
1.6328669	1.3560476	4.9123859	16.040791
1.6313075	1.3631352	4.9107046	16.02022
1.6359854	1.3550812	4.9132266	16.016106
1.6328669	1.3663568	4.9098635	16.057247
1.628189	1.34896	4.9107046	16.016106
1.6313075	1.3499266	4.9098635	15.99965
1.6375446	1.3557255	4.9123859	16.02022
1.6375446	1.3476714	4.9115453	16.011992
1.6344261	1.3421947	4.9115453	15.991423
1.6313075	1.3334962	4.9132266	16.007879
1.6375446	1.3483157	4.9098635	16.040791
1.6344261	1.3222206	4.9123859	15.987308
1.6344261	1.3286638	4.9115453	16.011992
1.6359854	1.3309189	4.9107046	16.02022
1.6328669	1.3399395	4.9123859	16.003763
1.6375446	1.3412281	4.9098635	15.983194
1.6328669	1.3434833	4.9123859	15.987308
1.6375446	1.3608801	4.9098635	16.044905
1.6375446	1.372478	4.9107046	16.032562
1.6359854	1.3728001	4.9115453	16.02022
1.6344261	1.3644239	4.9115453	16.016106
1.6297482	1.3460606	4.9132266	15.987308
1.6359854	1.3450941	4.9115453	16.016106
1.6313075	1.3557255	4.9123859	16.003763
1.6344261	1.3518596	4.9115453	16.011992
1.6344261	1.3554033	4.9123859	16.016106
1.6344261	1.34896	4.9098635	16.032562
1.6313075	1.3554033	4.9098635	16.044905
1.6375446	1.3605579	4.9098635	16.028448
1.6375446	1.3560476	4.9115453	16.024334
1.6313075	1.3460606	4.9107046	15.991423
1.6406631	1.3351071	4.9115453	16.02022
1.6359854	1.340906	4.9098635	15.991423
1.6375446	1.356692	4.9115453	16.024334
1.6391039	1.3483157	4.9098635	16.007879
1.6313075	1.3434833	4.9098635	16.016106
1.6344261	1.3537925	4.9123859	16.007879
1.6313075	1.3612022	4.9098635	16.02022
1.6344261	1.3608801	4.9123859	16.044905
1.6406631	1.3637795	4.9107046	16.02022
1.6313075	1.3592693	4.9132266	16.011992
1.6297482	1.3595915	4.9123859	16.003763
1.6328669	1.3534703	4.9123859	16.024334
1.6344261	1.3715115	4.9115453	16.036676
1.6359854	1.3628131	4.9107046	16.02022
1.6328669	1.3541147	4.9107046	16.02022
1.6359854	1.3415504	4.9107046	16.003763
1.6328669	1.3512152	4.9098635	16.024334
1.6328669	1.3399395	4.9107046	15.987308
1.6297482	1.3376844	4.9107046	16.049019
1.6359854	1.3264086	4.9098635	16.003763
1.6313075	1.3218983	4.9115453	16.02022
1.6328669	1.3505709	4.9107046	16.016106
1.6266297	1.3615245	4.9132266	16.011992
1.6313075	1.3486379	4.9115453	15.991423
1.6344261	1.3399395	4.9098635	15.99965
1.6359854	1.3570142	4.9107046	16.036676
1.6328669	1.3499266	4.9107046	16.007879
1.6328669	1.3518596	4.9115453	16.02022
1.6375446	1.3363957	4.9115453	16.003763
1.6344261	1.3360735	4.9098635	16.016106
1.628189	1.3460606	4.9132266	16.007879
1.6359854	1.340906	4.9123859	15.99965
1.6375446	1.3347849	4.9123859	16.007879
1.6359854	1.3438054	4.9115453	16.007879
1.6266297	1.3383287	4.9098635	16.007879
1.6313075	1.3396174	4.9115453	16.003763
1.6359854	1.3450941	4.9107046	16.024334
1.6250705	1.3615245	4.9107046	16.032562
1.6391039	1.3676455	4.9115453	16.032562
1.6313075	1.382465	4.9098635	16.036676
1.6297482	1.3901969	4.9115453	16.040791
1.6313075	1.3918078	4.9115453	16.02022
1.6344261	1.3776326	4.9123859	15.983194
1.6328669	1.3782769	4.9115453	16.040791
1.6359854	1.3634574	4.9098635	16.011992
1.628189	1.3550812	4.9107046	16.024334
1.6328669	1.3296303	4.9123859	16.007879
1.6375446	1.3341405	4.9115453	16.024334
1.6313075	1.3479936	4.9107046	16.040791
1.6359854	1.3573363	4.9107046	16.016106
1.6313075	1.3666791	4.9123859	16.024334
1.6328669	1.3525039	4.9115453	16.003763
1.6344261	1.3634574	4.9098635	16.032562
1.6359854	1.3789213	4.9123859	16.040791
1.6313075	1.3827872	4.9090228	16.044905
1.6313075	1.3740888	4.9098635	16.02022
1.628189	1.3618466	4.9115453	16.016106
1.6375446	1.3641018	4.9107046	16.011992
1.6344261	1.3666791	4.9123859	16.02022
1.6313075	1.3450941	4.9098635	15.99965
1.6344261	1.3380065	4.9123859	15.987308
1.6250705	1.3360735	4.9115453	15.995536
1.6313075	1.3383287	4.9098635	16.016106
1.6359854	1.3386508	4.9098635	16.024334
1.6313075	1.3525039	4.9115453	16.049019
1.6375446	1.3615245	4.9123859	16.028448
1.6313075	1.3570142	4.9115453	16.028448
1.6313075	1.3592693	4.9123859	16.016106
1.6359854	1.3650682	4.9098635	16.028448
1.6297482	1.3544369	4.9132266	16.003763
1.6313075	1.3579806	4.9115453	16.032562
1.6344261	1.3392951	4.9107046	16.011992
1.6359854	1.3692564	4.9107046	16.065475
1.6375446	1.3515373	4.9123859	15.995536
1.6344261	1.3541147	4.9107046	16.02022
1.6313075	1.342839	4.9132266	15.979079
1.6313075	1.3331741	4.9115453	15.991423
1.6328669	1.3586249	4.9098635	16.040791
1.628189	1.3505709	4.9107046	16.032562
1.6313075	1.34896	4.9132266	16.016106
1.6313075	1.3473493	4.9115453	16.011992
1.6344261	1.3457384	4.9115453	16.007879
1.6297482	1.3421947	4.9098635	16.011992
1.6328669	1.3425168	4.9115453	16.016106
1.6297482	1.3370401	4.9107046	15.99965
1.6406631	1.3454163	4.9115453	16.024334
1.6313075	1.3515373	4.9107046	16.032562
1.6313075	1.3647461	4.9107046	16.040791
1.6313075	1.3621688	4.9123859	16.036676
1.6359854	1.3779547	4.9107046	16.036676
1.6328669	1.3934186	4.9123859	16.049019
1.6328669	1.378599	4.9115453	16.024334
1.6344261	1.3699007	4.9090228	16.028448
1.6328669	1.356692	4.9107046	16.036676
1.6328669	1.3673234	4.9107046	16.02022
1.6313075	1.34896	4.9098635	16.011992
1.6297482	1.3405838	4.9107046	16.02022
1.6266297	1.3534703	4.9098635	16.02022
1.6359854	1.3450941	4.9123859	15.979079
1.6313075	1.3605579	4.9115453	16.024334
1.6359854	1.3692564	4.9115453	16.02022
1.6297482	1.3686121	4.9098635	16.016106
1.6344261	1.3592693	4.9098635	16.007879
1.6328669	1.3637795	4.9132266	16.036676
1.6328669	1.3525039	4.9090228	16.044905
1.6375446	1.3457384	4.9115453	16.003763
1.6375446	1.3573363	4.9107046	16.028448
1.6266297	1.3631352	4.9115453	16.024334
1.6375446	1.3711894	4.9107046	16.016106
1.6344261	1.3750553	4.9115453	16.028448
1.6313075	1.3650682	4.9123859	15.99965
1.6313075	1.3560476	4.9115453	16.032562
1.6359854	1.3476714	4.9107046	16.016106
1.6297482	1.374411	4.9107046	16.065475
1.6391039	1.3644239	4.9107046	16.028448
1.6344261	1.3586249	4.9115453	16.011992
1.6328669	1.356692	4.9132266	16.016106
1.6359854	1.3579806	4.9107046	15.983194
1.6313075	1.352826	4.9115453	16.016106
1.6250705	1.3431611	4.9115453	16.011992
1.6344261	1.3512152	4.9115453	16.032562
1.6359854	1.3454163	4.9115453	16.011992
1.6375446	1.3402617	4.9107046	16.044905
1.6344261	1.3363957	4.9107046	16.016106
1.6313075	1.3541147	4.9123859	16.036676
1.6328669	1.3682898	4.9098635	16.036676
1.6375446	1.3534703	4.9107046	15.987308
1.6359854	1.3441277	4.9107046	15.995536
1.6375446	1.3347849	4.9115453	15.99965
1.6313075	1.3421947	4.9115453	16.044905
1.6313075	1.3486379	4.9132266	16.016106
1.6313075	1.3512152	4.9115453	16.032562
1.6359854	1.3357514	4.9115453	16.011992
1.6297482	1.3373622	4.9115453	16.02022
1.6313075	1.340906	4.9115453	15.99965
1.6344261	1.3454163	4.9107046	15.99965
1.628189	1.3476714	4.9107046	16.028448
1.6391039	1.34896	4.9115453	15.995536
1.6313075	1.3592693	4.9107046	16.024334
1.6328669	1.3595915	4.9098635	16.049019
1.6344261	1.3599136	4.9090228	16.065475
1.6328669	1.3460606	4.9107046	16.016106
1.6344261	1.3579806	4.9107046	16.032562
1.6328669	1.3592693	4.9107046	16.02022
1.6313075	1.3441277	4.9115453	16.016106
1.6344261	1.3554033	4.9107046	16.036676
1.6375446	1.3615245	4.9107046	16.024334
1.6344261	1.3608801	4.9107046	16.057247
1.6328669	1.3624909	4.9115453	16.024334
1.628189	1.342839	4.9123859	16.003763
1.628189	1.3483157	4.9115453	15.99965
1.628189	1.3479936	4.9115453	15.991423
1.6313075	1.3505709	4.9123859	16.02022
1.6328669	1.3457384	4.9132266	16.02022
1.628189	1.3486379	4.9098635	16.024334
1.6313075	1.3612022	4.9107046	16.024334
1.6313075	1.3612022	4.9098635	16.003763
1.6297482	1.3618466	4.9107046	16.049019
1.628189	1.3624909	4.9098635	16.061359
1.6297482	1.3721558	4.9115453	16.016106
1.6313075	1.346705	4.9132266	15.991423
1.6266297	1.3486379	4.9098635	16.040791
1.6344261	1.3392951	4.9115453	16.028448
1.6313075	1.3515373	4.9115453	16.057247
1.6344261	1.344772	4.9115453	16.011992
1.6359854	1.3392951	4.9107046	16.044905
1.6359854	1.3537925	4.9132266	16.007879
1.6344261	1.3682898	4.9107046	16.032562
1.6297482	1.3657125	4.9115453	16.016106
1.6375446	1.3708671	4.9115453	16.02022
1.6313075	1.3525039	4.9115453	16.011992
1.6313075	1.352826	4.9107046	16.016106
1.6297482	1.3641018	4.9115453	16.057247
1.6297482	1.3605579	4.9123859	16.011992
1.6313075	1.3531482	4.9123859	16.02022
1.628189	1.3473493	4.9123859	15.995536
1.6297482	1.3653904	4.9115453	16.044905
1.6344261	1.3657125	4.9115453	16.007879
1.6375446	1.3412281	4.9098635	16.011992
1.6359854	1.3418725	4.9115453	16.044905
1.6359854	1.3570142	4.9098635	16.044905
1.6391039	1.356692	4.9115453	16.040791
1.6297482	1.3360735	4.9107046	16.007879
1.6297482	1.3338184	4.9123859	16.049019
1.6313075	1.3392951	4.9123859	15.991423
1.628189	1.3373622	4.9107046	15.99965
1.6344261	1.3376844	4.9098635	16.016106
1.6313075	1.3521817	4.9107046	16.036676
1.6344261	1.3586249	4.9115453	16.024334
1.6313075	1.3699007	4.9098635	16.036676
1.6359854	1.3521817	4.9115453	16.007879
1.6375446	1.3376844	4.9107046	16.007879
1.6328669	1.3505709	4.9098635	16.011992
1.6328669	1.344772	4.9115453	15.987308
1.6328669	1.3338184	4.9098635	15.99965
1.6359854	1.3380065	4.9115453	16.040791
1.6313075	1.3502487	4.9098635	16.032562
1.6328669	1.352826	4.9107046	16.044905
1.6344261	1.3589472	4.9107046	16.032562
1.628189	1.3534703	4.9115453	16.024334
1.628189	1.3544369	4.9107046	16.016106
1.628189	1.3653904	4.9107046	16.036676
1.6313075	1.3670012	4.9090228	16.016106
1.6391039	1.3618466	4.9098635	16.032562
1.6313075	1.3518596	4.9115453	16.036676
1.6344261	1.3531482	4.9107046	16.016106
1.6375446	1.3731223	4.9115453	16.024334
1.6297482	1.3441277	4.9107046	15.983194
1.6328669	1.3457384	4.9107046	16.024334
1.6297482	1.3570142	4.9115453	15.99965
1.628189	1.3621688	4.9123859	16.011992
1.6406631	1.3612022	4.9115453	16.028448
1.6297482	1.3579806	4.9115453	16.011992
1.6328669	1.3599136	4.9098635	16.016106
1.6313075	1.3483157	4.9107046	16.024334
1.628189	1.356692	4.9107046	16.028448
1.6375446	1.3383287	4.9123859	16.007879
1.628189	1.3525039	4.9123859	16.003763
1.6313075	1.3660347	4.9107046	16.02022
1.6313075	1.3641018	4.9098635	16.049019
1.6250705	1.3679677	4.9107046	16.040791
1.6313075	1.3689342	4.9115453	16.036676
1.628189	1.3708671	4.9132266	16.016106
1.6328669	1.3728001	4.9107046	16.02022
1.6359854	1.3663568	4.9115453	16.007879
1.6266297	1.3673234	4.9115453	16.003763
1.6297482	1.3628131	4.9115453	16.036676
1.6344261	1.3518596	4.9115453	16.011992
1.6344261	1.34896	4.9090228	16.024334
1.628189	1.3454163	4.9107046	16.011992
1.6328669	1.3425168	4.9098635	16.007879
1.6297482	1.3483157	4.9123859	16.011992
1.6344261	1.3631352	4.9123859	16.028448
1.6313075	1.3605579	4.9115453	16.036676
1.6344261	1.3570142	4.9123859	16.024334
1.628189	1.3557255	4.9098635	16.024334
1.6359854	1.3702228	4.9123859	16.040791
1.6313075	1.3711894	4.9107046	16.044905
1.6313075	1.3666791	4.9123859	16.02022
1.6313075	1.3499266	4.9115453	16.003763
1.6344261	1.3454163	4.9115453	15.99965
1.6328669	1.3438054	4.9123859	16.003763
1.6344261	1.3434833	4.9123859	15.99965
1.6359854	1.3647461	4.9123859	16.044905
1.6328669	1.3405838	4.9107046	15.99965
1.6297482	1.3512152	4.9115453	16.024334
1.6313075	1.3502487	4.9132266	16.003763
1.6359854	1.3380065	4.9123859	16.032562
1.6344261	1.3473493	4.9098635	16.028448
1.6359854	1.3544369	4.9115453	16.011992
1.6297482	1.3421947	4.9098635	15.979079
1.6328669	1.3560476	4.9107046	16.061359
1.6297482	1.3441277	4.9115453	16.02022
1.6344261	1.3541147	4.9115453	16.028448
1.6313075	1.3740888	4.9107046	16.061359
1.6328669	1.3679677	4.9123859	16.028448
1.6344261	1.3647461	4.9115453	16.028448
1.6328669	1.3621688	4.9090228	16.044905
1.6375446	1.3734444	4.9132266	16.02022
1.6344261	1.3637795	4.9107046	16.003763
1.6313075	1.3521817	4.9123859	16.007879
1.628189	1.3457384	4.9132266	16.02022
1.6313075	1.3457384	4.9107046	16.011992
1.6328669	1.3457384	4.9115453	16.024334
1.6313075	1.3476714	4.9132266	16.02022
1.6313075	1.3515373	4.9115453	16.011992
1.6328669	1.3621688	4.9098635	16.024334
1.628189	1.3470271	4.9115453	16.003763
1.6344261	1.3612022	4.9107046	16.003763
1.6344261	1.3460606	4.9115453	15.983194
1.6328669	1.3612022	4.9098635	16.036676
1.6313075	1.3637795	4.9115453	16.02022
1.628189	1.372478	4.9115453	16.040791
1.6328669	1.374411	4.9107046	16.007879
1.6297482	1.3612022	4.9115453	16.016106
1.6375446	1.3518596	4.9107046	16.007879
1.6313075	1.3405838	4.9115453	16.036676
1.628189	1.3525039	4.9115453	16.036676
1.628189	1.3550812	4.9115453	16.061359
1.6313075	1.3470271	4.9107046	16.011992
1.6266297	1.3418725	4.9132266	16.011992
1.628189	1.3486379	4.9123859	16.016106
1.6313075	1.3673234	4.9115453	16.032562
1.6297482	1.3644239	4.9107046	16.016106
1.6344261	1.3541147	4.9098635	15.987308
1.6359854	1.3583028	4.9107046	16.003763
1.6313075	1.3602358	4.9132266	16.024334
1.6313075	1.3589472	4.9107046	16.024334
1.6328669	1.3518596	4.9115453	16.007879
1.6313075	1.3463827	4.9098635	16.016106
1.628189	1.3647461	4.9132266	16.032562
1.628189	1.3563699	4.9123859	16.024334
1.6297482	1.3605579	4.9098635	16.024334
1.6344261	1.3441277	4.9115453	16.011992
1.6359854	1.3450941	4.9115453	16.011992
1.6344261	1.3525039	4.9090228	16.011992
1.6297482	1.3515373	4.9098635	16.044905
1.6297482	1.3483157	4.9115453	16.02022
1.628189	1.3579806	4.9107046	16.011992
1.6313075	1.3647461	4.9107046	16.02022
1.6344261	1.3515373	4.9107046	15.99965
1.6297482	1.3412281	4.9132266	16.016106
1.6344261	1.3450941	4.9115453	15.99965
1.6359854	1.3383287	4.9123859	16.028448
1.6328669	1.3405838	4.9115453	16.024334
1.6297482	1.3473493	4.9115453	16.02022
1.6344261	1.3518596	4.9098635	16.011992
1.6344261	1.3502487	4.9107046	16.003763
1.6313075	1.3570142	4.9107046	16.003763
1.6344261	1.3628131	4.9107046	16.024334
1.6359854	1.3657125	4.9115453	16.016106
1.6328669	1.3386508	4.9107046	16.011992
1.628189	1.3438054	4.9132266	16.02022
1.6313075	1.3370401	4.9123859	16.011992
1.6328669	1.3434833	4.9107046	16.024334
1.6359854	1.3370401	4.9115453	16.007879
1.628189	1.3373622	4.9123859	15.995536
1.628189	1.3373622	4.9123859	15.991423
1.6328669	1.3431611	4.9123859	16.003763
1.6250705	1.3521817	4.9098635	16.053131
1.6297482	1.3470271	4.9115453	15.995536
1.6391039	1.356692	4.9123859	16.016106
1.6359854	1.3599136	4.9115453	16.016106
1.6328669	1.3570142	4.9115453	15.991423
1.6313075	1.3699007	4.9115453	16.003763
1.6313075	1.3753774	4.9098635	16.011992
1.6297482	1.3695785	4.9107046	16.003763
1.6328669	1.3557255	4.9115453	16.003763
1.6313075	1.3653904	4.9107046	16.061359
1.6266297	1.3615245	4.9115453	16.040791
1.6297482	1.3515373	4.9107046	16.024334
1.6266297	1.3421947	4.9132266	15.99965
1.6328669	1.3438054	4.9115453	16.024334
1.6297482	1.3367178	4.9123859	16.003763
1.6313075	1.3370401	4.9107046	15.99965
1.628189	1.3515373	4.9107046	16.024334
1.6313075	1.3479936	4.9132266	16.011992
1.6313075	1.3673234	4.9115453	16.077816
1.6266297	1.3576585	4.9115453	16.011992
1.6344261	1.3657125	4.9098635	16.024334
1.6344261	1.3673234	4.9115453	16.02022
1.628189	1.3798877	4.9107046	16.032562
1.6328669	1.3602358	4.9115453	15.995536
1.6266297	1.3537925	4.9132266	15.99965
1.6344261	1.3479936	4.9123859	16.032562
1.6266297	1.3557255	4.9090228	16.02022
1.628189	1.3512152	4.9098635	16.024334
1.6266297	1.3386508	4.9107046	16.024334
1.628189	1.3322076	4.9115453	15.99965
1.6328669	1.3560476	4.9123859	16.032562
1.6313075	1.3450941	4.9107046	16.003763
1.6297482	1.3554033	4.9115453	16.032562
1.6328669	1.3463827	4.9098635	15.99965
1.6266297	1.3331741	4.9123859	16.016106
1.6313075	1.3544369	4.9107046	16.036676
1.6344261	1.3573363	4.9132266	16.049019
1.6359854	1.3460606	4.9115453	16.003763
1.628189	1.3331741	4.9098635	15.991423
1.6297482	1.3492823	4.9107046	16.024334
1.628189	1.3586249	4.9107046	15.99965
1.6266297	1.3505709	4.9123859	15.991423
1.6297482	1.3441277	4.9132266	15.99965
1.6313075	1.3399395	4.9115453	16.036676
1.6297482	1.3360735	4.9123859	15.991423
1.6313075	1.3454163	4.9123859	15.995536
1.628189	1.3334962	4.9098635	16.016106
1.628189	1.3373622	4.9123859	16.007879
1.6297482	1.3351071	4.9115453	16.003763
1.6328669	1.3499266	4.9115453	16.02022
1.6344261	1.344772	4.9123859	16.02022
1.6313075	1.3550812	4.9115453	16.024334
1.6266297	1.3583028	4.9107046	16.02022
1.6313075	1.3550812	4.9115453	16.024334
1.6250705	1.3589472	4.9107046	16.032562
1.6313075	1.3628131	4.9115453	16.016106
1.6250705	1.374411	4.9107046	16.044905
1.6313075	1.376344	4.9107046	16.011992
1.6328669	1.3779547	4.9115453	16.011992
1.6266297	1.3554033	4.9132266	15.995536
1.6313075	1.3302746	4.9115453	15.99965
1.6328669	1.3386508	4.9115453	16.036676
1.6313075	1.3483157	4.9115453	16.003763
1.6328669	1.3554033	4.9123859	16.024334
1.6266297	1.3541147	4.9115453	16.003763
1.6328669	1.3570142	4.9098635	16.024334
1.6313075	1.3634574	4.9098635	16.016106
1.6313075	1.3782769	4.9107046	16.049019
1.6328669	1.3612022	4.9115453	16.032562
1.6359854	1.356692	4.9098635	16.011992
1.6313075	1.3605579	4.9132266	16.028448
1.6313075	1.3470271	4.9115453	16.016106
1.6297482	1.3470271	4.9098635	16.049019
1.6375446	1.3373622	4.9107046	15.99965
1.6313075	1.3476714	4.9090228	16.036676
1.628189	1.3573363	4.9115453	16.044905
1.6328669	1.3537925	4.9098635	16.016106
1.6328669	1.3634574	4.9132266	16.028448
1.6313075	1.376344	4.9098635	16.028448
1.6313075	1.3721558	4.9115453	16.049019
1.6375446	1.3621688	4.9107046	15.983194
1.6297482	1.3618466	4.9115453	16.011992
1.6250705	1.3486379	4.9107046	15.983194
1.6359854	1.3499266	4.9098635	16.007879
1.6375446	1.3383287	4.9107046	16.016106
1.6359854	1.3415504	4.9123859	16.02022
1.628189	1.3521817	4.9123859	16.061359
1.628189	1.3460606	4.9132266	15.99965
1.6313075	1.354759	4.9115453	16.028448
1.6313075	1.3431611	4.9098635	16.011992
1.6266297	1.346705	4.9098635	16.024334
1.6250705	1.3525039	4.9107046	16.02022
1.6297482	1.3570142	4.9115453	15.991423
1.628189	1.3515373	4.9107046	16.040791
1.628189	1.3402617	4.9123859	15.99965
1.6266297	1.3502487	4.9090228	16.049019
1.6297482	1.3334962	4.9115453	15.99965
1.6344261	1.3438054	4.9123859	16.016106
1.6313075	1.3457384	4.9098635	16.003763
1.6328669	1.3421947	4.9098635	15.983194
1.6313075	1.3283416	4.9115453	16.02022
1.628189	1.3376844	4.9115453	15.991423
1.6344261	1.3502487	4.9132266	16.024334
1.6313075	1.3563699	4.9115453	16.011992
1.6297482	1.3425168	4.9098635	16.02022
1.6250705	1.3525039	4.9107046	16.028448
1.6266297	1.356692	4.9115453	16.003763
1.6250705	1.3586249	4.9115453	16.003763
1.6328669	1.354759	4.9107046	16.016106
1.6266297	1.3531482	4.9107046	16.011992
1.628189	1.3476714	4.9123859	16.016106
1.628189	1.3563699	4.9123859	16.032562
1.6313075	1.3525039	4.9107046	16.036676
1.6250705	1.3554033	4.9123859	16.007879
1.6313075	1.3621688	4.9115453	16.007879
1.6328669	1.356692	4.9115453	16.028448
1.6297482	1.3434833	4.9107046	15.991423
1.6359854	1.3412281	4.9107046	16.003763
1.6359854	1.34896	4.9132266	16.011992
1.6313075	1.3492823	4.9107046	16.011992
1.6297482	1.3554033	4.9115453	15.991423
1.6297482	1.3531482	4.9090228	16.036676
1.628189	1.356692	4.9098635	16.044905
1.6313075	1.378599	4.9098635	16.036676
1.6250705	1.3702228	4.9140677	16.024334
1.6313075	1.3505709	4.9123859	16.007879
1.6266297	1.3492823	4.9115453	16.036676
1.6313075	1.3425168	4.9098635	15.987308
1.6313075	1.3492823	4.9132266	16.024334
1.628189	1.3322076	4.9115453	16.028448
1.6297482	1.3293082	4.9107046	16.02022
1.6250705	1.3438054	4.9107046	16.016106
1.6266297	1.3496044	4.9107046	16.011992
1.6250705	1.3483157	4.9132266	16.016106
1.6313075	1.3618466	4.9115453	16.024334
1.6313075	1.3695785	4.9123859	16.024334
1.6313075	1.3802099	4.9098635	16.028448
1.6313075	1.3653904	4.9107046	16.003763
1.6297482	1.3673234	4.9107046	16.003763
1.628189	1.3628131	4.9123859	15.983194
1.628189	1.3521817	4.9115453	16.040791
1.6328669	1.3415504	4.9123859	15.99965
1.6297482	1.3444498	4.9098635	16.036676
1.6313075	1.3380065	4.9098635	16.036676
1.6313075	1.3670012	4.9123859	16.053131
1.6313075	1.3544369	4.9115453	16.003763
1.6297482	1.3534703	4.9098635	16.016106
1.6328669	1.3512152	4.9098635	16.028448
1.6313075	1.3621688	4.9115453	16.007879
1.628189	1.3595915	4.9107046	16.003763
1.6313075	1.3460606	4.9123859	15.99965
1.6266297	1.3479936	4.9132266	16.032562
1.6266297	1.3502487	4.9107046	16.011992
1.628189	1.3602358	4.9123859	16.016106
1.628189	1.3505709	4.9140677	16.007879
1.6297482	1.3479936	4.9115453	16.007879
1.6297482	1.3441277	4.9123859	15.987308
1.6328669	1.3621688	4.9132266	15.995536
1.6328669	1.342839	4.9107046	16.003763
1.6359854	1.3431611	4.9115453	16.016106
1.6328669	1.3415504	4.9115453	16.032562
1.6313075	1.3421947	4.9107046	16.040791
1.628189	1.3412281	4.9115453	16.02022
1.628189	1.3537925	4.9115453	16.024334
1.6375446	1.3518596	4.9132266	16.007879
1.6266297	1.3653904	4.9098635	16.044905
1.628189	1.3644239	4.9115453	16.003763
1.6297482	1.3708671	4.9115453	16.02022
1.628189	1.3612022	4.9090228	16.044905
1.6328669	1.3670012	4.9090228	16.02022
1.6266297	1.3628131	4.9107046	16.011992
1.628189	1.3450941	4.9123859	15.987308
1.6219521	1.3360735	4.9123859	16.007879
1.628189	1.3418725	4.9115453	15.991423
1.6344261	1.3679677	4.9107046	16.032562
1.628189	1.3592693	4.9123859	16.007879
1.6266297	1.3525039	4.9123859	15.995536
1.6344261	1.3370401	4.9115453	15.983194
1.6313075	1.3628131	4.9107046	16.053131
1.628189	1.3579806	4.9132266	16.024334
1.6297482	1.3576585	4.9098635	16.02022
1.6235113	1.3418725	4.9115453	15.991423
1.6297482	1.3505709	4.9107046	16.024334
1.6313075	1.3595915	4.9132266	16.011992
1.6266297	1.3460606	4.9107046	16.02022
1.6328669	1.3434833	4.9098635	16.02022
1.628189	1.3309189	4.9115453	16.003763
1.6266297	1.3483157	4.9115453	16.007879
1.6313075	1.3483157	4.9107046	15.99965
1.628189	1.3434833	4.9098635	16.024334
1.6250705	1.3670012	4.9098635	16.028448
1.6266297	1.3537925	4.9123859	16.007879
1.6266297	1.3692564	4.9123859	16.044905
1.628189	1.3534703	4.9115453	16.024334
1.628189	1.3583028	4.9098635	16.02022
1.628189	1.3521817	4.9115453	15.983194
1.6266297	1.3347849	4.9123859	15.983194
1.6297482	1.3309189	4.9115453	15.99965
1.6328669	1.342839	4.9107046	16.024334
1.628189	1.3486379	4.9107046	16.003763
1.6266297	1.3554033	4.9098635	16.032562
1.6266297	1.3537925	4.9115453	16.007879
1.628189	1.3476714	4.9098635	16.032562
1.6250705	1.3695785	4.9098635	16.024334
1.6313075	1.3776326	4.9098635	16.049019
1.6328669	1.3521817	4.9115453	16.016106
1.6297482	1.3396174	4.9098635	15.983194
1.628189	1.3376844	4.9098635	15.99965
1.6328669	1.338973	4.9107046	16.011992
1.6297482	1.3431611	4.9115453	16.003763
1.6297482	1.3312411	4.9123859	15.99965
1.628189	1.3434833	4.9098635	16.02022
1.6266297	1.3441277	4.9123859	15.99965
1.6266297	1.3544369	4.9115453	15.99965
1.6328669	1.3554033	4.9115453	15.991423
1.6313075	1.3673234	4.9115453	16.007879
1.6313075	1.3631352	4.9107046	16.02022
1.628189	1.3608801	4.9107046	16.036676
1.628189	1.3721558	4.9115453	16.044905
1.6266297	1.380532	4.9115453	16.044905
1.6250705	1.3798877	4.9107046	16.024334
1.6313075	1.3773104	4.9098635	16.024334
1.628189	1.3798877	4.9098635	16.036676
1.6313075	1.3740888	4.9115453	16.003763
1.6266297	1.3573363	4.9115453	15.99965
1.6313075	1.3544369	4.9098635	16.016106
1.6266297	1.3570142	4.9115453	15.99965
1.6297482	1.3483157	4.9132266	16.02022
1.628189	1.3328519	4.9098635	16.011992
1.6313075	1.3312411	4.9098635	15.995536
1.6250705	1.3434833	4.9098635	16.02022
1.6297482	1.3628131	4.9132266	16.011992
1.6250705	1.3605579	4.9115453	15.99965
1.628189	1.3679677	4.9123859	16.011992
1.6297482	1.3586249	4.9115453	16.024334
1.6297482	1.3782769	4.9132266	16.053131
1.6250705	1.3692564	4.907341	16.036676
1.6297482	1.3605579	4.9098635	16.016106
1.6266297	1.3595915	4.9115453	16.028448
1.6313075	1.3650682	4.9123859	16.024334
1.6250705	1.3711894	4.9107046	16.02022
1.6203928	1.3438054	4.9098635	16.007879
1.6344261	1.3438054	4.9123859	16.016106
1.6313075	1.3483157	4.9123859	16.016106
1.6313075	1.3557255	4.9123859	16.036676
1.6266297	1.3386508	4.9115453	15.995536
1.6297482	1.3444498	4.9115453	16.02022
1.6203928	1.3557255	4.9115453	15.995536
1.6250705	1.3595915	4.9098635	16.028448
1.6313075	1.352826	4.9107046	15.99965
1.6313075	1.3563699	4.9115453	16.016106
1.6266297	1.356692	4.9123859	16.028448
1.6313075	1.3415504	4.9107046	15.99965
1.6266297	1.3438054	4.9098635	16.02022
1.6235113	1.3441277	4.9098635	16.011992
1.6328669	1.3531482	4.9098635	16.011992
1.6328669	1.3521817	4.9123859	16.011992
1.6250705	1.3628131	4.9115453	16.024334
1.6359854	1.3605579	4.9115453	16.040791
1.6297482	1.3608801	4.9098635	16.024334
1.6328669	1.3557255	4.9115453	16.032562
1.6328669	1.3450941	4.9115453	16.02022
1.628189	1.3557255	4.9098635	16.032562
1.6297482	1.3537925	4.9123859	15.99965
1.6313075	1.3512152	4.9123859	16.011992
1.6328669	1.34896	4.9098635	16.011992
1.6297482	1.3444498	4.9090228	16.011992
1.6328669	1.3373622	4.9107046	16.007879
1.628189	1.350893	4.9115453	16.032562
1.628189	1.3608801	4.9115453	16.053131
1.6297482	1.346705	4.9115453	16.003763
1.6266297	1.3615245	4.9115453	16.024334
1.628189	1.3756996	4.9115453	16.040791
1.6344261	1.3831093	4.9098635	16.036676
1.6297482	1.3831093	4.9098635	16.036676
1.6313075	1.3686121	4.9132266	16.028448
1.628189	1.3711894	4.9115453	16.069588
1.6250705	1.3415504	4.9107046	16.003763
1.6328669	1.3486379	4.9107046	16.024334
1.6266297	1.3512152	4.9098635	16.011992
1.6266297	1.3483157	4.9132266	15.995536
1.6313075	1.3479936	4.9107046	16.02022
1.628189	1.3641018	4.9132266	16.02022
1.6328669	1.3773104	4.9107046	16.086044
1.6313075	1.3721558	4.9115453	16.024334
1.628189	1.3647461	4.9107046	16.02022
1.6313075	1.3657125	4.9115453	16.007879
1.6344261	1.370545	4.9115453	16.032562
1.6266297	1.372478	4.9115453	16.02022
1.6313075	1.3653904	4.9107046	16.007879
1.6266297	1.3595915	4.9123859	15.99965
1.6266297	1.3708671	4.9115453	16.028448
1.6297482	1.3496044	4.9115453	16.007879
1.6297482	1.3376844	4.9098635	16.02022
1.6266297	1.3267308	4.9123859	16.036676
1.6266297	1.346705	4.9115453	16.044905
1.6266297	1.3554033	4.9107046	16.036676
1.6297482	1.3502487	4.9098635	15.99965
1.628189	1.3602358	4.9115453	16.016106
1.628189	1.3605579	4.9107046	16.003763
1.628189	1.3621688	4.9107046	16.003763
1.6313075	1.3641018	4.9132266	16.049019
1.6297482	1.3676455	4.9115453	16.040791
1.6313075	1.3644239	4.9115453	16.011992
1.628189	1.3454163	4.9123859	16.003763
1.628189	1.3386508	4.9107046	16.024334
1.6313075	1.3537925	4.9132266	16.024334
1.628189	1.346705	4.9123859	16.02022
1.6266297	1.340906	4.9115453	16.02022
1.6203928	1.3425168	4.9098635	15.99965
1.6297482	1.350893	4.9123859	16.003763
1.6266297	1.3544369	4.9123859	16.028448
1.6313075	1.3438054	4.9115453	16.040791
1.6313075	1.3612022	4.9107046	16.049019
1.6250705	1.3682898	4.9107046	16.024334
1.6313075	1.3631352	4.9123859	16.011992
1.6250705	1.3444498	4.9123859	15.995536
1.6313075	1.3434833	4.9107046	16.016106
1.628189	1.3525039	4.9107046	16.032562
1.628189	1.354759	4.9115453	16.044905
1.6297482	1.3518596	4.9107046	16.016106
1.6313075	1.3605579	4.9090228	16.032562
1.628189	1.3589472	4.9107046	16.032562
1.6297482	1.3521817	4.9107046	16.02022
1.6328669	1.3699007	4.9107046	16.036676
1.6344261	1.3621688	4.9115453	16.016106
1.6328669	1.3570142	4.9107046	16.032562
1.6250705	1.3483157	4.9123859	16.036676
1.6297482	1.3460606	4.9107046	15.987308
1.6266297	1.3412281	4.9107046	16.028448
1.628189	1.3421947	4.9115453	16.049019
1.6250705	1.3383287	4.9132266	15.99965
1.628189	1.3325298	4.9098635	16.003763
1.6297482	1.34896	4.9123859	16.024334
1.6266297	1.3534703	4.9107046	16.036676
1.6297482	1.3550812	4.9115453	16.016106
1.6219521	1.3653904	4.9098635	16.040791
1.6266297	1.3621688	4.9107046	16.069588
1.6266297	1.3779547	4.9123859	16.02022
1.6297482	1.3641018	4.9098635	16.02022
1.6297482	1.3660347	4.9098635	16.011992
1.6313075	1.3586249	4.9107046	15.995536
1.6266297	1.3492823	4.9132266	15.991423
1.6313075	1.3631352	4.9115453	16.02022
1.6359854	1.3454163	4.9115453	16.044905
1.6297482	1.3396174	4.9107046	16.02022
1.6266297	1.3322076	4.9132266	15.991423
1.6266297	1.3399395	4.9107046	16.007879
1.6328669	1.3515373	4.9115453	16.044905
1.6297482	1.3570142	4.9107046	16.040791
1.6313075	1.356692	4.9115453	16.016106
1.628189	1.3663568	4.9107046	16.044905
1.628189	1.3563699	4.9115453	16.016106
1.628189	1.3534703	4.9107046	16.007879
1.6313075	1.3579806	4.9107046	16.032562
1.6297482	1.3734444	4.9123859	16.061359
1.6297482	1.3660347	4.9115453	16.003763
1.6266297	1.3647461	4.9123859	16.016106
1.6266297	1.3670012	4.9107046	16.028448
1.6313075	1.3708671	4.9107046	16.02022
1.6297482	1.3666791	4.9123859	16.02022
1.628189	1.354759	4.9115453	16.02022
1.6297482	1.3463827	4.9115453	16.028448
1.6250705	1.3415504	4.9090228	16.02022
1.6266297	1.3302746	4.9115453	15.991423
1.6375446	1.3322076	4.9107046	16.007879
1.6235113	1.3334962	4.9123859	15.983194
1.6266297	1.3331741	4.9107046	16.02022
1.6313075	1.3431611	4.9107046	16.028448
1.6313075	1.3583028	4.9123859	16.040791
1.6297482	1.3618466	4.9115453	16.028448
1.6250705	1.3554033	4.9123859	16.003763
1.6328669	1.34896	4.9107046	15.991423
1.6313075	1.3563699	4.9115453	16.036676
1.6313075	1.3679677	4.9123859	16.02022
1.6250705	1.3699007	4.9107046	16.044905
1.6235113	1.3682898	4.9123859	16.040791
1.6313075	1.3512152	4.9123859	16.032562
1.6266297	1.3731223	4.9115453	16.057247
1.6250705	1.3515373	4.9115453	16.016106
1.6297482	1.3470271	4.9098635	16.032562
1.6297482	1.3331741	4.9132266	15.979079
1.6297482	1.3283416	4.9123859	15.99965
1.628189	1.3344628	4.9115453	16.003763
1.6297482	1.3325298	4.9123859	15.995536
1.6250705	1.3441277	4.9107046	15.99965
1.6266297	1.346705	4.9123859	16.003763
1.6250705	1.3554033	4.9098635	16.044905
1.6313075	1.3644239	4.9123859	16.028448
1.6235113	1.3541147	4.9098635	15.995536
1.6297482	1.3554033	4.9115453	16.003763
1.6313075	1.3670012	4.9123859	16.024334
1.628189	1.3592693	4.9107046	16.036676
1.628189	1.338973	4.9123859	16.024334
1.6250705	1.3521817	4.9115453	16.040791
1.6313075	1.3621688	4.9115453	16.02022
1.6313075	1.3699007	4.9107046	16.036676
1.6250705	1.3657125	4.9123859	16.011992
1.628189	1.3579806	4.9107046	16.049019
1.6297482	1.3686121	4.9090228	16.016106
1.628189	1.3537925	4.9123859	16.016106
1.6219521	1.3347849	4.9107046	15.995536
1.6219521	1.3312411	4.9107046	16.011992
1.6266297	1.3341405	4.9107046	16.003763
1.6297482	1.3557255	4.9107046	16.036676
1.628189	1.3554033	4.9107046	16.044905
1.6266297	1.3460606	4.9107046	16.003763
1.6250705	1.3592693	4.9123859	16.011992
1.628189	1.3728001	4.9123859	16.024334
1.6250705	1.3692564	4.9123859	16.011992
1.6344261	1.3463827	4.9115453	16.003763
1.6266297	1.3525039	4.9107046	16.036676
1.6313075	1.3647461	4.9115453	16.040791
1.6344261	1.3631352	4.9098635	16.032562
1.6266297	1.3431611	4.9115453	16.003763
1.6297482	1.3454163	4.9115453	15.995536
1.6266297	1.3647461	4.9107046	16.032562
1.6235113	1.356692	4.9115453	16.003763
1.6266297	1.3486379	4.9132266	16.02022
1.6235113	1.3425168	4.9115453	16.016106
1.6344261	1.3534703	4.9098635	16.032562
1.6266297	1.3534703	4.9123859	16.032562
1.6250705	1.3579806	4.9107046	16.02022
1.6297482	1.3515373	4.9115453	16.016106
1.6250705	1.3692564	4.9123859	16.024334
1.6297482	1.3618466	4.9123859	16.007879
1.6250705	1.3579806	4.9115453	16.032562
1.628189	1.3534703	4.9115453	16.032562
1.6313075	1.3605579	4.9098635	16.036676
1.628189	1.3679677	4.9123859	16.049019
1.6297482	1.3641018	4.9123859	16.016106
1.6328669	1.3438054	4.9098635	16.003763
1.6266297	1.3483157	4.9115453	16.011992
1.628189	1.3360735	4.9132266	15.99965
1.6313075	1.3363957	4.9132266	16.003763
1.6313075	1.3360735	4.9107046	16.016106
1.6266297	1.3373622	4.9132266	15.99965
1.628189	1.34896	4.9115453	16.007879
1.6250705	1.3492823	4.9107046	16.011992
1.6250705	1.3322076	4.9132266	15.983194
1.628189	1.3386508	4.9098635	15.983194
1.6266297	1.3450941	4.9115453	16.003763
1.6250705	1.3537925	4.9132266	16.02022
1.6266297	1.3412281	4.9115453	16.02022
1.628189	1.3402617	4.9115453	16.032562
1.628189	1.354759	4.9107046	16.044905
1.628189	1.3624909	4.9107046	16.016106
1.628189	1.3560476	4.9107046	16.028448
1.628189	1.3431611	4.9107046	16.007879
1.6313075	1.3457384	4.9115453	16.003763
1.6359854	1.3673234	4.9098635	16.044905
1.6219521	1.3592693	4.9123859	16.003763
1.6313075	1.350893	4.9115453	16.02022
1.628189	1.3563699	4.9098635	16.024334
1.6266297	1.3631352	4.9090228	16.044905
1.6235113	1.3760217	4.9115453	16.032562
1.6250705	1.3554033	4.9115453	16.003763
1.628189	1.3515373	4.9123859	15.991423
1.6266297	1.3534703	4.9098635	15.99965
1.6250705	1.3460606	4.9115453	15.99965
1.6250705	1.3363957	4.9098635	16.003763
1.6313075	1.346705	4.9132266	16.040791
1.6266297	1.3502487	4.9107046	16.016106
1.628189	1.3554033	4.9115453	16.032562
1.6266297	1.3499266	4.9090228	16.007879
1.6266297	1.3441277	4.9115453	16.02022
1.6313075	1.3583028	4.9123859	16.036676
1.6313075	1.3605579	4.9115453	16.024334
1.6313075	1.3560476	4.9107046	16.024334
1.6328669	1.3486379	4.9098635	15.991423
1.6328669	1.3386508	4.9115453	16.011992
1.6250705	1.3695785	4.9107046	16.040791
1.6328669	1.3798877	4.9107046	16.053131
1.6313075	1.3679677	4.9107046	16.007879
1.6313075	1.3492823	4.9098635	15.995536
1.6344261	1.3473493	4.9123859	16.011992
1.6266297	1.3644239	4.9115453	16.032562
1.6250705	1.356692	4.9123859	16.032562
1.6250705	1.352826	4.9115453	16.007879
1.628189	1.3463827	4.9115453	16.016106
1.628189	1.356692	4.9107046	16.028448
1.6266297	1.3666791	4.9107046	16.003763
1.628189	1.3537925	4.9123859	16.016106
1.6266297	1.3679677	4.9098635	16.028448
1.628189	1.3789213	4.9098635	16.057247
1.6266297	1.3885862	4.9123859	16.036676
1.6235113	1.3740888	4.9107046	16.028448
1.6250705	1.3525039	4.9123859	16.003763
1.6313075	1.3628131	4.9098635	16.028448
1.6297482	1.3550812	4.9123859	16.016106
1.6313075	1.3618466	4.9132266	15.991423
1.6250705	1.356692	4.9115453	16.044905
1.6250705	1.3612022	4.9115453	15.99965
1.6219521	1.3663568	4.9115453	16.036676
1.6250705	1.3592693	4.9115453	16.024334
1.628189	1.356692	4.9115453	15.995536
1.6266297	1.3634574	4.9098635	16.02022
1.6297482	1.3502487	4.9107046	15.99965
1.6266297	1.3460606	4.9115453	16.011992
1.6250705	1.3634574	4.9098635	16.028448
1.6328669	1.3473493	4.9107046	16.024334
1.6250705	1.3531482	4.9098635	16.032562
1.6266297	1.3612022	4.9098635	16.044905
1.6266297	1.3602358	4.9123859	16.024334
1.6266297	1.3554033	4.9132266	16.007879
1.6266297	1.3554033	4.9107046	16.02022
1.6235113	1.3518596	4.9115453	15.99965
1.628189	1.3631352	4.9107046	16.024334
1.6297482	1.374411	4.9123859	16.016106
1.6266297	1.3502487	4.9123859	16.032562
1.628189	1.3438054	4.9123859	16.011992
1.6313075	1.3431611	4.9107046	16.02022
1.628189	1.344772	4.9123859	16.011992
1.6203928	1.3499266	4.9090228	16.016106
1.6266297	1.3570142	4.9123859	16.02022
1.6344261	1.34896	4.9098635	16.007879
1.628189	1.3479936	4.9123859	16.007879
1.6250705	1.3496044	4.9098635	15.995536
1.6266297	1.346705	4.9107046	16.032562
1.6266297	1.3492823	4.9107046	16.036676
1.628189	1.3534703	4.9123859	16.036676
1.628189	1.3586249	4.9123859	16.016106
1.6250705	1.3502487	4.9132266	16.036676
1.6266297	1.3476714	4.9098635	16.007879
1.6266297	1.3682898	4.9107046	16.024334
1.628189	1.3563699	4.9132266	16.016106
1.6297482	1.3563699	4.9107046	16.011992
1.6266297	1.3367178	4.9115453	16.024334
1.6266297	1.3441277	4.9098635	16.003763
1.6235113	1.3595915	4.9115453	16.040791
1.6266297	1.3586249	4.9123859	16.02022
1.6250705	1.3708671	4.9098635	16.040791
1.6250705	1.3731223	4.9123859	16.02022
1.6266297	1.3695785	4.9115453	15.99965
1.6297482	1.3460606	4.9123859	16.02022
1.6250705	1.3518596	4.9132266	16.016106
1.6297482	1.3438054	4.9123859	16.024334
1.6250705	1.3586249	4.9081817	16.044905
1.628189	1.3692564	4.9107046	16.036676
1.6250705	1.3814986	4.9115453	16.044905
1.628189	1.3673234	4.9123859	15.99965
1.6250705	1.3769883	4.9098635	16.044905
1.6266297	1.3718337	4.9098635	16.036676
1.6328669	1.3721558	4.9140677	16.011992
1.628189	1.3737667	4.9123859	16.028448
1.6297482	1.3602358	4.9090228	16.053131
1.6203928	1.3576585	4.9115453	16.032562
1.6297482	1.3657125	4.9098635	16.036676
1.6250705	1.3711894	4.9115453	16.028448
1.628189	1.3592693	4.9098635	16.032562
1.6250705	1.3573363	4.9107046	16.02022
1.628189	1.3563699	4.9107046	16.028448
1.6266297	1.3579806	4.9107046	16.040791
1.6266297	1.3615245	4.9123859	15.995536
1.6313075	1.3525039	4.9132266	16.003763
1.6266297	1.3621688	4.9115453	15.99965
1.6266297	1.3595915	4.9107046	16.028448
1.6266297	1.3618466	4.9132266	15.991423
1.6219521	1.3454163	4.9115453	16.003763
1.6266297	1.3380065	4.9098635	16.049019
1.6297482	1.342839	4.9115453	16.040791
1.6266297	1.3515373	4.9098635	16.053131
1.6266297	1.3347849	4.9107046	16.02022
1.6219521	1.3247979	4.9107046	16.024334
1.6266297	1.3370401	4.9115453	16.007879
1.6266297	1.3328519	4.9107046	16.003763
1.628189	1.3592693	4.9123859	16.02022
1.6250705	1.3512152	4.9107046	16.003763
1.6219521	1.3505709	4.9107046	16.007879
1.6328669	1.3563699	4.9090228	16.028448
1.628189	1.3660347	4.9123859	16.049019
1.6250705	1.3718337	4.9123859	16.016106
1.6250705	1.3686121	4.9132266	15.995536
1.628189	1.3631352	4.9098635	16.003763
1.6266297	1.3615245	4.9132266	15.99965
1.6328669	1.3518596	4.9123859	16.003763
1.628189	1.3399395	4.9107046	16.02022
1.6313075	1.3457384	4.9107046	16.040791
1.6266297	1.3347849	4.9098635	16.032562
1.6266297	1.3412281	4.9107046	16.011992
1.6266297	1.346705	4.9115453	16.02022
1.6250705	1.3592693	4.9107046	16.049019
1.628189	1.356692	4.9098635	16.02022
1.6235113	1.3473493	4.9123859	15.99965
1.6328669	1.3589472	4.9123859	16.040791
1.6313075	1.3483157	4.9123859	16.011992
1.628189	1.3512152	4.9107046	16.028448
1.6266297	1.3483157	4.9107046	16.003763
1.6250705	1.3505709	4.9115453	16.028448
1.6250705	1.356692	4.9098635	16.011992
1.6250705	1.3689342	4.9123859	16.007879
1.628189	1.3708671	4.9098635	16.016106
1.6250705	1.3512152	4.9115453	15.987308
1.628189	1.3370401	4.9098635	15.991423
1.628189	1.3615245	4.9123859	16.053131
1.6250705	1.3644239	4.9107046	16.053131
1.6266297	1.3563699	4.9132266	16.011992
1.6266297	1.3531482	4.9098635	16.007879
1.6250705	1.3434833	4.9123859	16.011992
1.6297482	1.3682898	4.9090228	16.053131
1.628189	1.3550812	4.9115453	15.99965
1.628189	1.3589472	4.9123859	16.040791
1.6250705	1.3602358	4.9115453	16.053131
1.6250705	1.3583028	4.9115453	16.02022
1.6250705	1.356692	4.9115453	16.032562
1.628189	1.3563699	4.9115453	16.007879
1.628189	1.3663568	4.9123859	16.049019
1.6250705	1.3708671	4.9123859	15.99965
1.6250705	1.3599136	4.9123859	15.987308
1.6250705	1.3666791	4.9115453	16.053131
1.6266297	1.3457384	4.9132266	15.991423
1.6250705	1.3370401	4.9123859	15.987308
1.6250705	1.340906	4.9107046	16.007879
1.6266297	1.3505709	4.9098635	16.044905
1.6235113	1.3347849	4.9132266	15.991423
1.6328669	1.3267308	4.9107046	16.011992
1.6328669	1.3450941	4.9123859	16.024334
1.6266297	1.3576585	4.9123859	16.016106
1.628189	1.3583028	4.9107046	16.032562
1.6297482	1.3537925	4.9132266	15.99965
1.6313075	1.3531482	4.9115453	16.049019
1.6297482	1.3628131	4.9107046	16.02022
1.628189	1.3686121	4.9090228	16.028448
1.6313075	1.3599136	4.9123859	15.983194
1.628189	1.3756996	4.9107046	16.053131
1.628189	1.3554033	4.9098635	15.991423
1.6266297	1.3641018	4.9107046	16.016106
1.628189	1.3550812	4.9115453	16.036676
1.6235113	1.3618466	4.9107046	16.040791
1.6219521	1.3544369	4.9132266	16.016106
1.6250705	1.3441277	4.9107046	15.995536
1.6266297	1.3628131	4.9115453	16.049019
1.6250705	1.3502487	4.9115453	16.003763
1.6219521	1.3660347	4.9123859	16.036676
1.6313075	1.3576585	4.9107046	16.024334
1.6780856	1.3641018	4.9090228	16.024334
1.7576081	1.3670012	4.9048185	15.991423
1.915094	1.3441277	4.8938875	15.950282
2.1193578	1.340906	4.8795929	15.93794
2.3626034	1.3450941	4.8602533	15.872115
2.6401527	1.3525039	4.8417549	15.822746
2.9192617	1.3460606	4.8240972	15.752809
3.1999295	1.3360735	4.8114843	15.72401
3.5195792	1.3444498	4.801394	15.6623
3.8594997	1.3512152	4.796349	15.612932
4.2306051	1.3309189	4.785418	15.588248
4.6282182	1.327053	4.7761688	15.538879
5.0538988	1.3325298	4.7652378	15.510081
5.4749012	1.3090118	4.752625	15.415459
5.8194995	1.2912929	4.7273998	15.370204
6.0549488	1.2977362	4.6786308	15.316723
6.1906056	1.2964475	4.6004319	15.271467
6.1890459	1.2848496	4.495326	15.213871
6.0518303	1.2858161	4.3658357	15.156275
5.8569217	1.281628	4.2279372	15.106907
5.6355057	1.2790507	4.0891976	15.036969
5.4655457	1.2887156	3.9580255	14.991714
5.3579559	1.2735739	3.836103	14.897092
5.3330078	1.2664863	3.7293155	14.847724
5.3766675	1.2700301	3.6351407	14.786013
5.4780197	1.260043	3.5426476	14.724303
5.6058798	1.2442571	3.4493139	14.642023
5.7228246	1.2503781	3.350935	14.58854
5.8007879	1.2445792	3.2407842	14.535058
5.8179402	1.2423241	3.1230659	14.436321
5.7664843	1.236203	2.9944167	14.354041
5.6885204	1.2229943	2.8624041	14.288217
5.6089983	1.2326592	2.730391	14.226507
5.5419493	1.2171954	2.6009011	14.135999
5.5123234	1.2113965	2.4764562	14.061946
5.5123234	1.2200949	2.352011	14.037262
5.5325937	1.1978656	2.2326109	13.913841
5.5575418	1.188845	2.1174154	13.860358
5.5934057	1.1914223	1.9988562	13.790421
5.6261501	1.1727369	1.8802972	13.741053
5.652658	1.1766028	1.7583748	13.662886
5.6682506	1.1856234	1.6322482	13.576491
5.6604538	1.1585617	1.5061214	13.506553
5.6479797	1.149219	1.3757906	13.420158
5.6261501	1.1318222	1.2429372	13.341991
5.5965242	1.1298892	1.1109248	13.259711
5.5762534	1.1318222	0.97891235	13.222686
5.5700164	1.1269897	0.84942234	13.128064
5.5715756	1.1302114	0.71993238	13.06224
5.5840497	1.1137811	0.59380585	12.979959
5.5902872	1.1128147	0.46515682	12.930591
5.5965242	1.1179693	0.33734858	12.856539
5.5934057	1.1141033	0.20954038	12.774258
5.5965242	1.109593	0.081732184	12.72489
5.6027613	1.1066935	-0.048598524	12.663178
5.6012015	1.0931627	-0.17640668	12.605582
5.598083	1.0854307	-0.30505568	12.515074
5.5902872	1.0776988	-0.43454552	12.445136
5.5824904	1.0751215	-0.56403536	12.383425
5.5746942	1.0599799	-0.69268435	12.325829
5.5684571	1.0554696	-0.81965154	12.272347
5.5715756	1.050315	-0.94409633	12.19418
5.5778127	1.0451604	-1.0710636	12.13247
5.5871682	1.0284079	-1.1955082	12.054305
5.5902872	1.0303409	-1.3216348	12.013165
5.591846	1.0316296	-1.4494429	11.939112
5.5949645	1.0258306	-1.5747284	11.885629
5.5887275	1.0216426	-1.7000138	11.815691
5.5871682	1.0371064	-1.8252993	11.753981
5.5949645	1.048382	-1.9514257	11.704612
5.5902872	1.042261	-2.0750296	11.614103
5.5840497	1.0284079	-2.200315	11.560622
5.5840497	1.0151993	-2.3247597	11.511253
5.5809312	1.0016685	-2.4508858	11.478341
5.5887275	0.98942626	-2.572808	11.396061
5.5793719	0.99619168	-2.6964118	11.326122
5.5793719	0.98394948	-2.8208563	11.268526
5.5824904	0.96880782	-2.9419377	11.215044
5.5809312	0.9584986	-3.0638597	11.145105
5.5731349	0.96172023	-3.1857815	11.079282
5.5637789	0.95044458	-3.3068631	11.017571
5.5637789	0.9485116	-3.4254215	10.951747
5.5622201	0.93530291	-3.5414577	10.881809
5.5653386	0.93498075	-3.6583347	10.824213
5.5637789	0.92467153	-3.7752118	10.766617
5.5715756	0.92853749	-3.8895662	10.696678
5.5668979	0.94496781	-4.0047612	10.680222
5.5668979	0.93562508	-4.1191158	10.593827
5.5653386	0.92112774	-4.2292662	10.544459
5.5622201	0.92596018	-4.3394165	10.511547
5.5544233	0.90695256	-4.4504075	10.437494
5.5591016	0.90276444	-4.5571942	10.425153
5.5559831	0.91371799	-4.6656628	10.388126
5.5575418	0.91629529	-4.7724495	10.37167
5.5575418	0.90759689	-4.8750319	10.293504
5.549746	0.90630823	-4.9776144	10.240023
5.5559831	0.90437526	-5.0793567	10.190654
5.5559831	0.89148879	-5.1802573	10.1454
5.5559831	0.90083146	-5.2786355	10.112488
5.5544233	0.90566391	-5.376173	10.096031
5.5528646	0.89825416	-5.4711885	10.046663
5.5481863	0.90276444	-5.5653625	10.009637
5.5450678	0.88891149	-5.6603775	9.9931812
5.5481863	0.88021308	-5.7503471	9.9438124
5.5450678	0.88536769	-5.8394766	9.8944445
5.549746	0.89277744	-5.9269238	9.8697605
5.5466275	0.87505847	-6.0143714	9.8162775
5.5544233	0.86893737	-6.0976148	9.8162775
5.5559831	0.86152762	-6.180017	9.725769
5.5544233	0.85798383	-6.2632604	9.7463398
5.5450678	0.8421979	-6.3439808	9.6887436
5.5450678	0.8421979	-6.4213381	9.6517172
5.5419493	0.84574169	-6.4961734	9.6270332
5.5466275	0.82576758	-6.5735302	9.594121
5.5450678	0.8421979	-6.645843	9.6023493
5.549746	0.8447752	-6.7164731	9.5365248
5.5544233	0.8573395	-6.786263	9.5406389
5.543509	0.83672112	-6.8560529	9.4624729
5.5481863	0.84413087	-6.9250016	9.4542446
5.5513048	0.84928542	-6.9889054	9.4131041
5.5544233	0.83672112	-7.054491	9.4089899
5.549746	0.83511031	-7.1175542	9.3760786
5.543509	0.84123141	-7.1789355	9.3431664
5.5481863	0.83188868	-7.2377944	9.3102541
5.5419493	0.82834488	-7.2974939	9.3184814
5.543509	0.82963353	-7.3538303	9.2937975
5.5450678	0.84348655	-7.4076443	9.2979116
5.5528646	0.83511031	-7.4622984	9.2526579
5.5575418	0.83575463	-7.5135899	9.2444296
5.5606604	0.82931137	-7.565722	9.227973
5.5528646	0.82093513	-7.6178541	9.1909475
5.5559831	0.8054713	-7.6674638	9.1744909
5.5575418	0.8264119	-7.7128692	9.1991749
5.5528646	0.82415676	-7.760797	9.1580353
5.5481863	0.81642485	-7.8053617	9.1456928
5.543509	0.8141697	-7.8474035	9.1210089
5.543509	0.81578052	-7.8902864	9.1210089
5.543509	0.8016054	-7.9331698	9.0880966
5.537272	0.81996864	-7.9701662	9.1045523
5.5419493	0.81674701	-8.0080042	9.0922108
5.549746	0.81706917	-8.0424786	9.0592985
5.5481863	0.80482697	-8.0777941	9.0469561
5.5591016	0.79451782	-8.1105862	9.0387287
5.5637789	0.80128324	-8.1416979	9.0592985
5.5606604	0.79516214	-8.1761723	9.0099306
5.5700164	0.78743023	-8.2081242	9.0058165
5.5668979	0.80675995	-8.2375536	9.0181589
5.5700164	0.79000753	-8.2653017	8.9852467
5.5700164	0.77905399	-8.2955713	8.993475
5.5668979	0.78936321	-8.3224783	8.9770184
5.5559831	0.79097402	-8.3493853	8.9893608
5.5606604	0.7867859	-8.3762922	8.9564486
5.5637789	0.79032969	-8.3989944	8.9399929
5.5622201	0.79580647	-8.4267426	8.9605627
5.5653386	0.78710806	-8.4494457	8.9276505
5.5622201	0.79065186	-8.4721479	8.9482203
5.5668979	0.78453076	-8.4931688	8.9070807
5.5684571	0.77712101	-8.5133495	8.9358788
5.5731349	0.78227562	-8.5343704	8.890624
5.5778127	0.78936321	-8.5562315	8.9070807
5.5778127	0.78034264	-8.5764122	8.8823957
5.5684571	0.77712101	-8.5974331	8.890624
5.5731349	0.79000753	-8.6176138	8.8741684
5.5684571	0.78807455	-8.6352711	8.8453703
5.5668979	0.80611563	-8.6529284	8.8618259
5.5606604	0.80353832	-8.6697454	8.8535976
5.5575418	0.79967242	-8.6857214	8.837142
5.5606604	0.79773945	-8.7016973	8.8289137
5.5668979	0.79806161	-8.715992	8.8494844
5.5622201	0.80128324	-8.7311268	8.8247995
5.5668979	0.79806161	-8.7445803	8.7918873
5.5715756	0.79935026	-8.7555113	8.7918873
5.5793719	0.7806648	-8.7689648	8.7713175
5.585609	0.79258484	-8.7824183	8.8042297
5.5809312	0.79516214	-8.7958717	8.7877741
5.5840497	0.78871888	-8.8101654	8.812458
5.5824904	0.7745437	-8.8227787	8.7630892
5.5762534	0.78485292	-8.8328676	8.7795458
5.5731349	0.7780875	-8.8471632	8.7507477
5.5668979	0.77293289	-8.8580933	8.7754316
5.5684571	0.78549725	-8.8698654	8.7425194
5.5622201	0.77003342	-8.8791151	8.7425194
5.5622201	0.77647668	-8.889205	8.758975
5.5668979	0.78549725	-8.8976126	8.7384052
5.5700164	0.79194051	-8.9034986	8.7548618
5.5731349	0.80611563	-8.9102259	8.7466335
5.5809312	0.79967242	-8.9203157	8.7672033
5.5824904	0.79580647	-8.9278831	8.7384052
5.5824904	0.79999459	-8.9346104	8.7137213
5.5762534	0.77712101	-8.9421778	8.7137213
5.5809312	0.77389938	-8.948904	8.7178354
5.5746942	0.77937615	-8.9564714	8.7219496
5.5762534	0.76423448	-8.9623575	8.7137213
5.5746942	0.77744317	-8.9699259	8.7507477
5.5746942	0.77099991	-8.9774933	8.705493
5.5715756	0.75907993	-8.9816971	8.6766949
5.5684571	0.76262367	-8.9875832	8.6931515
5.5684571	0.76520097	-8.991787	8.7137213
5.5793719	0.76391232	-8.9959908	8.6725807
5.5824904	0.76971126	-9.0001955	8.6849232
5.5840497	0.7780875	-9.0060816	8.6931515
5.591846	0.78743023	-9.008604	8.6725807
5.5902872	0.79226267	-9.0128078	8.6766949
5.5934057	0.80869293	-9.0203753	8.680809
5.5965242	0.80933726	-9.0262613	8.6890373
5.5934057	0.79451782	-9.0329885	8.6437826
5.5871682	0.78936321	-9.0388746	8.6478968
5.5809312	0.79483998	-9.0447598	8.6684666
5.5809312	0.79516214	-9.051487	8.6643534
5.5731349	0.79065186	-9.0565319	8.6561251
5.5731349	0.7954843	-9.0615768	8.6478968
5.5762534	0.78839672	-9.0666218	8.6478968
5.5762534	0.77132207	-9.0708265	8.6108704
5.5778127	0.78517509	-9.0758715	8.6355553
5.5824904	0.79999459	-9.0792341	8.6355553
5.5809312	0.77325505	-9.0817575	8.6108704
5.5809312	0.79032969	-9.0876427	8.627327
5.5902872	0.78646374	-9.0910063	8.602643
5.5840497	0.78324211	-9.0968924	8.627327
5.5840497	0.78034264	-9.100255	8.5861864
5.5840497	0.7806648	-9.1053009	8.5985289
5.5778127	0.79226267	-9.1095047	8.6190987
5.5746942	0.78034264	-9.1137085	8.627327
5.5793719	0.79355133	-9.1179132	8.6067562
5.5700164	0.79451782	-9.1204357	8.5903006
5.5762534	0.78453076	-9.122117	8.6108704
5.5824904	0.7780875	-9.1263218	8.5903006
5.5824904	0.78227562	-9.1296854	8.6149845
5.5902872	0.7780875	-9.1313667	8.5861864
5.5902872	0.78034264	-9.1364117	8.6314411
5.5902872	0.7684226	-9.1389341	8.5985289
5.585609	0.7623015	-9.1414566	8.602643
5.5887275	0.76294583	-9.1465015	8.5861864
5.5824904	0.75779128	-9.1507063	8.5779581
5.585609	0.75456965	-9.1532278	8.5738449
5.5778127	0.77293289	-9.1582737	8.5985289
5.5778127	0.7780875	-9.1624775	8.5861864
5.5731349	0.7719664	-9.1658411	8.5573883
5.5731349	0.77164423	-9.1666813	8.5532742
5.5746942	0.77744317	-9.1683636	8.5532742
5.5731349	0.76648962	-9.170886	8.5738449
5.5778127	0.75746912	-9.1734085	8.5615025
5.5824904	0.76777828	-9.1767721	8.5779581
5.5824904	0.76036853	-9.1792946	8.5697308
5.5871682	0.76648962	-9.1792946	8.5615025
5.591846	0.77132207	-9.1818171	8.5573883
5.585609	0.77325505	-9.186862	8.54916
5.5902872	0.76938909	-9.1877031	8.5779581
5.5809312	0.76391232	-9.1902256	8.5327044
5.5809312	0.76423448	-9.1944294	8.5450459
5.5840497	0.76616746	-9.1961117	8.5532742
5.5746942	0.77905399	-9.1986332	8.5656166
5.5778127	0.78324211	-9.2019968	8.5573883
5.5809312	0.7842086	-9.2028379	8.5450459
5.5840497	0.78743023	-9.2053604	8.54916
5.5871682	0.78098696	-9.2078829	8.5327044
5.5887275	0.77389938	-9.2104053	8.5244761
5.5902872	0.77937615	-9.2129278	8.5080204
5.5965242	0.75972426	-9.2146101	8.4956789
5.591846	0.75199234	-9.2188139	8.5285902
5.591846	0.75134802	-9.2213364	8.5162477
5.5871682	0.76681179	-9.2238588	8.5450459
5.585609	0.77744317	-9.2263813	8.5121346
5.5793719	0.76326799	-9.2297449	8.5080204
5.5793719	0.78034264	-9.2339487	8.5368185
5.5793719	0.77067775	-9.235631	8.4997921
5.5778127	0.75843561	-9.2364712	8.5039062
5.5746942	0.76133502	-9.2373123	8.5039062
5.5793719	0.7745437	-9.2406759	8.5368185
5.5824904	0.76487881	-9.2406759	8.5121346
5.5809312	0.77647668	-9.2423573	8.5162477
5.5902872	0.77325505	-9.2457209	8.4833364
5.585609	0.77937615	-9.2474022	8.5327044
5.591846	0.78034264	-9.2482433	8.4915648
5.598083	0.78904104	-9.2490845	8.5203619
5.591846	0.78291994	-9.2507658	8.4915648
5.5871682	0.78549725	-9.2549696	8.5039062
5.585609	0.7719664	-9.2574921	8.4915648
5.5824904	0.77647668	-9.2600155	8.5039062
5.5824904	0.77293289	-9.2608557	8.5039062
5.5793719	0.76036853	-9.2633781	8.4874506
5.5793719	0.76552314	-9.2667418	8.5162477
5.5809312	0.76713395	-9.2684231	8.4874506
5.5840497	0.76745611	-9.2675829	8.4956789
5.5824904	0.75360316	-9.2692642	8.4833364
5.5887275	0.77873182	-9.2709455	8.5244761
5.5887275	0.78002048	-9.273469	8.4956789
5.5871682	0.76391232	-9.273469	8.4751091
5.5871682	0.76455665	-9.2768316	8.4627666
5.5871682	0.77099991	-9.2793541	8.4792223
5.585609	0.77744317	-9.2801952	8.4874506
5.5840497	0.78291994	-9.2835588	8.4956789
5.5778127	0.77679884	-9.2827177	8.4956789
5.5809312	0.7658453	-9.2835588	8.4668808
5.5793719	0.76165718	-9.2835588	8.4545383
5.5793719	0.75746912	-9.2852402	8.4586525
5.5762534	0.77099991	-9.2860813	8.4874506
5.5824904	0.76938909	-9.2852402	8.4709949
5.5934057	0.7594021	-9.2877626	8.4586525
5.5934057	0.76165718	-9.289444	8.4997921
5.5887275	0.78098696	-9.2911263	8.5039062
5.5902872	0.76133502	-9.2902861	8.4504242
5.5934057	0.76648962	-9.2944899	8.4792223
5.585609	0.77583236	-9.2944899	8.4833364
5.5887275	0.76713395	-9.2978535	8.4792223
5.585609	0.7558583	-9.2995348	8.44631
5.5809312	0.76197934	-9.3012161	8.4627666
5.5793719	0.75392532	-9.3020573	8.4504242
5.5793719	0.75199234	-9.3054209	8.4668808
5.5778127	0.74844855	-9.3062611	8.44631
5.5778127	0.75424749	-9.3071022	8.4709949
5.585609	0.74393827	-9.3096247	8.44631
5.585609	0.74812639	-9.3079433	8.44631
5.5840497	0.76423448	-9.311307	8.4545383
5.5871682	0.76391232	-9.3129883	8.4380827
5.5902872	0.76938909	-9.3146696	8.4833364
5.585609	0.78646374	-9.3163509	8.4874506
5.5840497	0.78807455	-9.3171921	8.4709949
5.5809312	0.77647668	-9.3188744	8.44631
5.5793719	0.7842086	-9.3205557	8.4504242
5.5824904	0.76938909	-9.322237	8.4504242
5.5746942	0.77261072	-9.322237	8.4257402
5.5824904	0.78002048	-9.322237	8.4668808
5.5793719	0.77293289	-9.322237	8.4545383
5.5824904	0.76423448	-9.3247595	8.4627666
5.5824904	0.76391232	-9.3239183	8.4504242
5.5887275	0.74844855	-9.3256006	8.4380827
5.591846	0.7436161	-9.327282	8.4339685
5.5871682	0.74136096	-9.3256006	8.4545383
5.5871682	0.75102586	-9.3281231	8.4668808
5.585609	0.75843561	-9.3289642	8.4380827
5.5887275	0.73588419	-9.3323278	8.4298544
5.5809312	0.74619341	-9.3323278	8.4298544
5.585609	0.75746912	-9.3373728	8.44631
5.5824904	0.75167018	-9.3356905	8.4504242
5.5762534	0.75456965	-9.3390541	8.4421968
5.5809312	0.76101285	-9.338213	8.44631
5.5778127	0.75907993	-9.3390541	8.4257402
5.5824904	0.76810044	-9.3407354	8.4586525
5.5871682	0.75489181	-9.3398952	8.4257402
5.585609	0.75779128	-9.3415766	8.4627666
5.5871682	0.76455665	-9.3407354	8.4257402
5.5902872	0.74587125	-9.3415766	8.4298544
5.585609	0.74168313	-9.344099	8.4298544
5.5871682	0.74522692	-9.3466215	8.4545383
5.5824904	0.73942798	-9.3466215	8.4175119
5.5902872	0.75070369	-9.349144	8.4298544
5.5840497	0.73749501	-9.3474627	8.392828
5.5824904	0.73652852	-9.3508263	8.4216261
5.5809312	0.7623015	-9.3508263	8.4504242
5.5793719	0.75746912	-9.3525076	8.4257402
5.5793719	0.7497372	-9.3525076	8.4051704
5.5871682	0.75779128	-9.3541889	8.4380827
5.5840497	0.76487881	-9.3550301	8.4627666
5.5871682	0.75199234	-9.3541889	8.4216261
5.5934057	0.76004636	-9.3567123	8.4216261
5.5887275	0.75811344	-9.3567123	8.4092846
5.591846	0.75231451	-9.360075	8.4421968
5.5871682	0.73942798	-9.3617563	8.4380827
5.5871682	0.76197934	-9.3642797	8.4380827
5.585609	0.76197934	-9.3651199	8.4298544
5.5809312	0.753281	-9.3668013	8.4051704
5.5793719	0.74554908	-9.3684835	8.3846006
5.5762534	0.75360316	-9.371006	8.4051704
5.5762534	0.74071664	-9.371006	8.3887138
5.5778127	0.75295883	-9.3735285	8.4216261
5.5731349	0.76423448	-9.3718472	8.4257402
5.5840497	0.76262367	-9.3718472	8.4133987
5.5824904	0.75392532	-9.3726873	8.4092846
5.5887275	0.75618047	-9.3726873	8.4133987
5.591846	0.7558583	-9.3760509	8.4092846
5.5887275	0.75618047	-9.3735285	8.4216261
5.591846	0.75811344	-9.3777332	8.4175119
5.5887275	0.74264961	-9.3768921	8.4051704
5.585609	0.7323404	-9.3802547	8.4133987
5.5824904	0.74393827	-9.3794146	8.4216261
5.5809312	0.75811344	-9.3802547	8.4586525
5.5793719	0.76294583	-9.3836184	8.4380827
5.5778127	0.75650263	-9.381937	8.4175119
5.5793719	0.76391232	-9.3853006	8.4175119
5.5824904	0.76262367	-9.3827782	8.3969421
5.585609	0.76745611	-9.3836184	8.4133987
5.585609	0.77067775	-9.3844595	8.4175119
5.5824904	0.78388643	-9.3861408	8.4504242
5.5902872	0.77969831	-9.3878222	8.3846006
5.5887275	0.76069069	-9.386982	8.3846006
5.5949645	0.75650263	-9.3920269	8.392828
5.591846	0.76294583	-9.392868	8.4133987
5.5840497	0.75424749	-9.3937082	8.3846006
5.5793719	0.76004636	-9.3945494	8.3804865
5.5824904	0.75070369	-9.3962317	8.4175119
5.5731349	0.74941504	-9.3987541	8.4133987
5.5762534	0.75843561	-9.397913	8.4298544
5.5762534	0.75102586	-9.4004354	8.3969421
5.5778127	0.74200529	-9.4021177	8.4092846
5.5778127	0.74812639	-9.4012756	8.4092846
5.5809312	0.75070369	-9.4029579	8.4051704
5.585609	0.76294583	-9.4029579	8.4216261
5.5902872	0.75746912	-9.4046392	8.3887138
5.591846	0.76391232	-9.4037991	8.4051704
5.5934057	0.75714695	-9.4046392	8.3969421
5.5887275	0.76101285	-9.4080029	8.4298544
5.5871682	0.75521398	-9.4080029	8.3846006
5.5887275	0.77099991	-9.4105253	8.4133987
5.5809312	0.76938909	-9.4122066	8.3887138
5.5824904	0.77067775	-9.4138889	8.4298544
5.5871682	0.77486587	-9.4147291	8.392828
5.5824904	0.78388643	-9.4164114	8.4010563
5.5778127	0.7719664	-9.4189339	8.4298544
5.5809312	0.7497372	-9.4164114	8.3722582
5.585609	0.76294583	-9.4180927	8.4092846
5.5871682	0.75553614	-9.419775	8.3846006
5.5871682	0.75070369	-9.4206152	8.4133987
5.5871682	0.76359016	-9.4222965	8.3846006
5.5840497	0.76036853	-9.4248199	8.3969421
5.5840497	0.75456965	-9.4256601	8.4092846
5.5793719	0.75038153	-9.4273424	8.3722582
5.585609	0.75295883	-9.4273424	8.3887138
5.5746942	0.7558583	-9.4273424	8.3969421
5.5809312	0.75360316	-9.4298649	8.4092846
5.5762534	0.76874477	-9.430706	8.4010563
5.5762534	0.76036853	-9.4315462	8.3804865
5.5840497	0.74780422	-9.4315462	8.3804865
5.5840497	0.76262367	-9.4298649	8.4092846
5.585609	0.77615452	-9.4323874	8.3887138
5.585609	0.75199234	-9.4298649	8.3599157
5.591846	0.74426043	-9.4332275	8.3969421
5.5871682	0.73781717	-9.4323874	8.3763723
5.5871682	0.73137391	-9.4349098	8.3763723
5.5871682	0.74168313	-9.435751	8.3722582
5.5887275	0.75650263	-9.4382734	8.4051704
5.585609	0.75489181	-9.4399548	8.3846006
5.5824904	0.75263667	-9.441637	8.3887138
5.5809312	0.75070369	-9.4433184	8.4175119
5.5762534	0.76197934	-9.4449997	8.3846006
5.5762534	0.74587125	-9.446681	8.3516884
5.5809312	0.74264961	-9.4483633	8.3640299
5.5793719	0.7558583	-9.4492044	8.3969421
5.5809312	0.75489181	-9.4483633	8.3804865
5.5902872	0.75199234	-9.4492044	8.3599157
5.5871682	0.75167018	-9.4525671	8.368144
5.5824904	0.75521398	-9.4508858	8.3640299
5.5902872	0.76069069	-9.4525671	8.3640299
5.5887275	0.75521398	-9.4550905	8.3640299
5.5871682	0.7471599	-9.4559307	8.3640299
5.5887275	0.75650263	-9.4559307	8.3763723
5.5778127	0.75746912	-9.4567719	8.3763723
5.5793719	0.76069069	-9.4609756	8.4010563
5.5809312	0.76101285	-9.4609756	8.368144
5.5809312	0.75875777	-9.4618168	8.3722582
5.5715756	0.75199234	-9.4609756	8.3640299
5.5824904	0.75038153	-9.4609756	8.3846006
5.5809312	0.74297178	-9.4626579	8.3763723
5.5887275	0.74071664	-9.4626579	8.3640299
5.5902872	0.73846149	-9.4643393	8.3640299
5.5934057	0.74136096	-9.4660206	8.3887138
5.5871682	0.75102586	-9.4651804	8.3722582
5.5902872	0.73910582	-9.4693842	8.3558016
5.5824904	0.74522692	-9.4693842	8.3722582
5.585609	0.74748206	-9.4710655	8.3887138
5.585609	0.7410388	-9.4744291	8.368144
5.5793719	0.73201823	-9.4719067	8.3516884
5.5778127	0.72654146	-9.4761114	8.3640299
5.5793719	0.73137391	-9.4744291	8.3558016
5.5746942	0.75038153	-9.4777927	8.392828
5.5793719	0.75456965	-9.4761114	8.3763723
5.5809312	0.75167018	-9.4752703	8.3516884
5.585609	0.77067775	-9.4786329	8.3804865
5.5902872	0.75972426	-9.4761114	8.3558016
5.5871682	0.76101285	-9.4777927	8.3722582
5.5871682	0.77293289	-9.4794741	8.368144
5.585609	0.76520097	-9.4803152	8.3722582
5.5871682	0.76648962	-9.4828377	8.3599157
5.5840497	0.77067775	-9.4828377	8.368144
5.5871682	0.77003342	-9.484519	8.368144
5.5793719	0.76359016	-9.4853601	8.3475742
5.5778127	0.76294583	-9.4878826	8.3763723
5.5793719	0.75360316	-9.484519	8.3599157
5.5824904	0.75360316	-9.4878826	8.3393459
5.5793719	0.74877071	-9.4887238	8.3352318
5.5902872	0.74426043	-9.4920864	8.3640299
5.5871682	0.75102586	-9.4904051	8.3475742
5.5887275	0.74812639	-9.4904051	8.3393459
5.5871682	0.75779128	-9.4929276	8.3763723
5.5871682	0.76487881	-9.4912462	8.3640299
5.5840497	0.76423448	-9.4946098	8.3722582
5.5871682	0.74780422	-9.4962912	8.3393459
5.5793719	0.76648962	-9.4979725	8.368144
5.5871682	0.75392532	-9.4996538	8.3558016
5.5762534	0.74748206	-9.5004959	8.3434601
5.5762534	0.75714695	-9.5013361	8.3599157
5.5746942	0.75456965	-9.4988136	8.3516884
5.5809312	0.76391232	-9.5021772	8.3640299
5.5809312	0.75489181	-9.5021772	8.3434601
5.585609	0.74426043	-9.5030174	8.3516884
5.585609	0.74329394	-9.5030174	8.3352318
5.5887275	0.74651557	-9.5030174	8.3270035
5.5949645	0.74812639	-9.5038586	8.3434601
5.5840497	0.73813933	-9.5046997	8.3187761
5.5871682	0.74168313	-9.506381	8.3393459
5.5809312	0.75070369	-9.506381	8.3270035
5.5871682	0.75972426	-9.5080633	8.3599157
5.5824904	0.75392532	-9.5080633	8.3516884
5.585609	0.74941504	-9.5097446	8.3352318
5.5824904	0.76520097	-9.511426	8.3516884
5.5793719	0.76520097	-9.5131073	8.3599157
5.5840497	0.77679884	-9.5122671	8.3640299
5.5871682	0.78227562	-9.5122671	8.3516884
5.591846	0.77551019	-9.5122671	8.3434601
5.585609	0.76133502	-9.5147896	8.3105478
5.5902872	0.76165718	-9.5147896	8.3352318
5.5902872	0.76326799	-9.5156307	8.3516884
5.585609	0.76713395	-9.5156307	8.3558016
5.5824904	0.77228856	-9.5181532	8.3475742
5.5840497	0.73975015	-9.5198345	8.3187761
5.5840497	0.75038153	-9.5215168	8.3434601
5.5762534	0.7658453	-9.522357	8.3434601
5.5762534	0.75746912	-9.5215168	8.3352318
5.5793719	0.76165718	-9.5206757	8.314662
5.5778127	0.77486587	-9.5231981	8.3722582
5.5762534	0.7719664	-9.522357	8.3599157
5.5809312	0.77293289	-9.5231981	8.3516884
5.5824904	0.77647668	-9.522357	8.3599157
5.5824904	0.78098696	-9.522357	8.3475742
5.585609	0.76165718	-9.5231981	8.3475742
5.5887275	0.76069069	-9.5215168	8.3352318
5.5809312	0.75779128	-9.522357	8.368144
5.5809312	0.75167018	-9.5215168	8.3352318
5.5824904	0.74007231	-9.5198345	8.3270035
5.5762534	0.7436161	-9.5206757	8.3434601
5.5809312	0.73330688	-9.5206757	8.3352318
5.5824904	0.73523986	-9.5181532	8.3311176
5.585609	0.7287966	-9.5156307	8.3434601
5.5824904	0.73781717	-9.517312	8.3434601
5.5809312	0.73975015	-9.5156307	8.3352318
5.5778127	0.7471599	-9.5156307	8.3270035
5.5762534	0.75102586	-9.5139494	8.3187761
5.5809312	0.74941504	-9.5131073	8.3311176
5.5731349	0.75650263	-9.5080633	8.3475742
5.5731349	0.75424749	-9.5089035	8.3475742
5.5778127	0.74651557	-9.5038586	8.3516884
5.5778127	0.75650263	-9.5030174	8.3558016
5.5762534	0.7497372	-9.4996538	8.3434601
5.5809312	0.74136096	-9.49545	8.3516884
5.5793719	0.74200529	-9.4920864	8.3475742
5.5793719	0.73846149	-9.4862013	8.3475742
5.5762534	0.73652852	-9.4836788	8.3475742
5.5840497	0.75392532	-9.4794741	8.392828
5.5809312	0.74071664	-9.4761114	8.3804865
5.5824904	0.73330688	-9.4719067	8.3599157
5.5840497	0.72750795	-9.4668617	8.3475742
5.585609	0.73942798	-9.4609756	8.368144
5.5902872	0.73588419	-9.4584532	8.3558016
5.5887275	0.73942798	-9.4550905	8.3640299
5.5824904	0.75714695	-9.4492044	8.3599157
5.5824904	0.75714695	-9.4458408	8.3722582
5.5871682	0.77518803	-9.4424772	8.3887138
5.585609	0.76810044	-9.4382734	8.3969421
5.5793719	0.7658453	-9.435751	8.4092846
5.5778127	0.76069069	-9.430706	8.392828
5.5793719	0.75618047	-9.4248199	8.4133987
5.5809312	0.75746912	-9.4222965	8.4216261
5.5840497	0.76101285	-9.4180927	8.4133987
5.5715756	0.75553614	-9.4122066	8.392828
5.5793719	0.75102586	-9.4071617	8.4092846
5.5731349	0.74844855	-9.4012756	8.4092846
5.5778127	0.75650263	-9.397913	8.4339685
5.5809312	0.76810044	-9.3920269	8.4380827
5.5778127	0.76326799	-9.3853006	8.4545383
5.5809312	0.76359016	-9.3777332	8.4175119
5.5824904	0.77647668	-9.3718472	8.4257402
5.5902872	0.76069069	-9.3642797	8.4051704
5.5809312	0.76487881	-9.360075	8.4216261
5.5824904	0.76165718	-9.3508263	8.4504242
5.5731349	0.76648962	-9.3457804	8.4339685
5.5793719	0.76133502	-9.3373728	8.4545383
5.5778127	0.76520097	-9.3314867	8.4668808
5.5762534	0.77261072	-9.3256006	8.4709949
5.5762534	0.76101285	-9.3146696	8.4709949
5.5778127	0.76262367	-9.3079433	8.4915648
5.5793719	0.75972426	-9.2995348	8.4792223
5.5778127	0.77099991	-9.2911263	8.4956789
5.5715756	0.7806648	-9.2818766	8.5080204
5.5700164	0.76777828	-9.2709455	8.4956789
5.5684571	0.78227562	-9.2616968	8.5203619
5.5684571	0.77583236	-9.251606	8.5203619
5.5778127	0.77164423	-9.2415171	8.5327044
5.5746942	0.77776533	-9.2263813	8.5244761
5.5668979	0.77518803	-9.2146101	8.5327044
5.5715756	0.77067775	-9.2028379	8.54916
5.5731349	0.77969831	-9.1902256	8.5368185
5.5700164	0.76069069	-9.1750908	8.5615025
5.5684571	0.76359016	-9.1607952	8.5656166
5.5637789	0.76648962	-9.1448202	8.5656166
5.5591016	0.77067775	-9.1280031	8.5820723
5.5559831	0.78098696	-9.1078224	8.5820723
5.5591016	0.77422154	-9.089325	8.5985289
5.5575418	0.76552314	-9.0691442	8.627327
5.5528646	0.7658453	-9.0472822	8.6314411
5.5544233	0.77261072	-9.0262613	8.6190987
5.543509	0.76165718	-8.997673	8.6355553
5.5419493	0.7684226	-8.9724474	8.6643534
5.5419493	0.77422154	-8.9447002	8.6972656
5.5310349	0.77551019	-8.9144297	8.6972656
5.5294752	0.78034264	-8.8807964	8.7096071
5.5216789	0.78324211	-8.8437996	8.7096071
5.5123234	0.79097402	-8.8042793	8.7301769
5.5092049	0.77840966	-8.7630787	8.7507477
5.4982896	0.7867859	-8.7185144	8.7836599
5.4936123	0.78581941	-8.6697454	8.8083439
5.482697	0.77132207	-8.6150904	8.8165722
5.4811382	0.78614157	-8.5570726	8.8618259
5.4655457	0.79773945	-8.4956913	8.8741684
5.4624267	0.80063891	-8.4259014	8.890624
5.4483933	0.78743023	-8.3552713	8.9358788
5.4437156	0.8054713	-8.2745504	8.9893608
5.4437156	0.82447892	-8.1938295	9.0592985
5.4359198	0.81320322	-8.1021786	9.0592985
5.4265642	0.80708212	-8.0046406	9.0839825
5.4234452	0.82157946	-7.9020586	9.1539211
5.4156489	0.81384754	-7.7893853	9.2074032
5.4047341	0.82351243	-7.6708269	9.2526579
5.3984971	0.83092219	-7.547224	9.2979116
5.3938189	0.8360768	-7.4135299	9.3801918
5.3907003	0.83349949	-7.2714281	9.4172182
5.3751078	0.8360768	-7.1225996	9.5036125
5.3626337	0.82866704	-6.9619989	9.5653229
5.3610744	0.83349949	-6.7921491	9.6805153
5.3454819	0.84413087	-6.6147318	9.7381115
5.3314481	0.85154057	-6.4280648	9.8203917
5.3283296	0.86152762	-6.228786	9.9438124
5.3174152	0.87795794	-6.0177345	10.034321
5.3142967	0.87183684	-5.7974348	10.141286
5.3080597	0.88343471	-5.5645218	10.264706
5.2987037	0.91693962	-5.3232002	10.425153
5.2971444	0.91790611	-5.0633807	10.519775
5.2940259	0.91790611	-4.796834	10.643196
5.2877889	0.93175912	-4.5159931	10.791301
5.2924666	0.92660451	-4.2242208	10.939405
5.2971444	0.94754511	-3.9206772	11.087509
5.2955852	0.96139807	-3.6053615	11.260299
5.3174152	0.96590835	-3.2774336	11.457771
5.325211	0.97460675	-2.9394152	11.601762
5.3408041	0.98491597	-2.5921474	11.799235
5.3610744	0.98330516	-2.2322669	11.955568
5.3844633	1.0142328	-1.869864	12.173611
5.4062934	1.0242199	-1.4965298	12.358741
5.43436	1.0496707	-1.1173099	12.547986
5.47646	1.0770545	-0.73304474	12.782486
5.5232382	1.0870416	-0.34541616	12.975844
5.5778127	1.1076601	0.039690021	13.193887
5.6339464	1.1372989	0.426478	13.424273
5.7119098	1.1643606	0.8073802	13.671113
5.7929921	1.1582396	1.1790332	13.823333
5.886548	1.1775694	1.5372328	14.029035
5.9847817	1.2014095	1.881138	14.242964
6.0954895	1.2226722	2.2040224	14.440436
6.2093167	1.2249273	2.4991589	14.637908
6.3122282	1.2429684	2.7665477	14.781899
6.4057846	1.2429684	2.9994617	14.930004
6.4712739	1.2468344	3.1894927	15.049311
6.5118151	1.2523111	3.344208	15.148046
6.5071368	1.2632647	3.4594042	15.234442
6.4665956	1.2735739	3.5359209	15.312608
6.3792768	1.2726074	3.5796449	15.329064
6.262332	1.2774398	3.5981436	15.370204
6.1032863	1.2929037	3.5914168	15.415459
5.9426818	1.2970918	3.5745997	15.399003
5.7820768	1.289682	3.5485337	15.386661
5.6355057	1.3119113	3.5249901	15.415459
5.5154419	1.3132	3.5031281	15.431915
5.4296827	1.3109448	3.4905152	15.407231
5.3813448	1.3099784	3.4888337	15.386661
5.3704305	1.3028908	3.4989238	15.382547
5.379786	1.3009578	3.5207858	15.366091
5.4140897	1.2987026	3.5434887	15.407231
5.4671044	1.2983805	3.5771224	15.407231
5.5170012	1.2999913	3.6107564	15.444257
5.5746942	1.2925816	3.6460719	15.403116
5.6230311	1.3003135	3.6813874	15.4278
5.6682506	1.2813058	3.7124984	15.419573
5.6869617	1.2822723	3.738565	15.4278
5.700995	1.3090118	3.7595859	15.464828
5.6978765	1.3067567	3.7764027	15.456599
5.6791649	1.2987026	3.7881746	15.505968
5.6635723	1.3012799	3.7965832	15.477169
5.6386242	1.3141664	3.8024693	15.510081
5.6074386	1.3019242	3.8100367	15.481283
5.5840497	1.3080454	3.8192861	15.526537
5.5700164	1.3025686	3.8285353	15.514195
5.5544233	1.2987026	3.840307	15.514195
5.5528646	1.2996691	3.8520789	15.538879
5.5513048	1.2961253	3.8638508	15.510081
5.5559831	1.3041794	3.8823493	15.530652
5.5668979	1.3064345	3.9008479	15.542994
5.5746942	1.293548	3.9201875	15.542994
5.5871682	1.3061124	3.9370046	15.530652
5.5965242	1.2929037	3.9563439	15.530652
5.6105571	1.3006356	3.9740016	15.547108
5.6089983	1.3215762	3.9891369	15.58002
5.6105571	1.3244756	4.0051126	15.567677
5.6121168	1.315133	4.0219297	15.559449
5.6105571	1.3257643	4.0320201	15.596477
5.60432	1.3280195	4.047996	15.563564
5.6012015	1.3334962	4.0597677	15.584133
5.598083	1.3357514	4.0732217	15.563564
5.5887275	1.3518596	4.085834	15.596477
5.5840497	1.3434833	4.0992875	15.612932
5.5840497	1.3264086	4.1119003	15.604704
5.585609	1.3302746	4.1270356	15.625274
5.5871682	1.3106227	4.1430116	15.592361
5.5934057	1.3125557	4.1556244	15.612932
5.591846	1.3157773	4.1707597	15.60059
5.598083	1.3106227	4.1850538	15.629388
5.598083	1.3077232	4.1968255	15.608817
5.6027613	1.3083675	4.2085977	15.629388
5.60432	1.3167437	4.2212105	15.641729
5.6012015	1.319321	4.229619	15.641729
5.5996428	1.3299525	4.2447538	15.649958
5.60432	1.3286638	4.2548442	15.629388
5.6027613	1.3318855	4.2649345	15.641729
5.60432	1.3186767	4.2741838	15.612932
5.5965242	1.3125557	4.2842741	15.617045
5.598083	1.3373622	4.2952046	15.654073
5.5934057	1.3276973	4.3044543	15.641729
5.5887275	1.3115891	4.3128629	15.645844
5.5949645	1.3173881	4.3246346	15.666413
5.591846	1.3164216	4.3372469	15.68287
5.585609	1.3122334	4.3456554	15.6623
5.5934057	1.3186767	4.3557458	15.658186
5.591846	1.3070788	4.3675175	15.6623
5.5949645	1.3132	4.3792892	15.686985
5.5902872	1.3164216	4.3885388	15.68287
5.598083	1.3338184	4.4003105	15.686985
5.5934057	1.3360735	4.4095597	15.719897
5.5949645	1.3347849	4.4196501	15.711669
5.5965242	1.3457384	4.4288993	15.715782
5.591846	1.3454163	4.4415121	15.695212
5.5996428	1.3183546	4.4541249	15.686985
5.5965242	1.3215762	4.4633741	15.674642
5.591846	1.3247979	4.473464	15.707554
5.6027613	1.3347849	4.4827137	15.732238
5.6012015	1.3434833	4.4911218	15.715782
5.5965242	1.3254422	4.5020528	15.691098
5.5996428	1.3254422	4.5121431	15.715782
5.6027613	1.3354292	4.5163474	15.736353
5.5934057	1.3196433	4.5298009	15.711669
5.5996428	1.338973	4.5365276	15.740466
5.5934057	1.3283416	4.546618	15.732238
5.598083	1.323187	4.5550261	15.719897
5.5949645	1.3383287	4.5642757	15.752809
5.5949645	1.3347849	4.5726843	15.728125
5.598083	1.3370401	4.5819335	15.740466
5.598083	1.3399395	4.5895009	15.752809
5.591846	1.327053	4.5970683	15.740466
5.5949645	1.3289859	4.6046362	15.732238
5.5949645	1.3283416	4.6130447	15.76515
5.5949645	1.3267308	4.6206121	15.740466
5.5965242	1.3260865	4.6307025	15.740466
5.5965242	1.3186767	4.6374292	15.72401
5.598083	1.3273752	4.6449971	15.740466
5.5949645	1.323187	4.6542459	15.736353
5.5934057	1.3148108	4.6609726	15.728125
5.5934057	1.3099784	4.6685405	15.748694
5.5949645	1.317066	4.6777897	15.736353
5.5902872	1.3267308	4.681994	15.773378
5.5949645	1.3499266	4.6904025	15.785721
5.5949645	1.3431611	4.6988111	15.761037
5.598083	1.3486379	4.7080603	15.777493
5.5996428	1.3624909	4.7122645	15.777493
5.591846	1.3560476	4.7206731	15.781607
5.5934057	1.3644239	4.7273998	15.798062
5.5965242	1.3518596	4.7349677	15.761037
5.5949645	1.3515373	4.7416945	15.773378
5.5949645	1.3431611	4.7492619	15.76515
5.5902872	1.3399395	4.7543068	15.789834
5.5934057	1.3312411	4.7635565	15.785721
5.5902872	1.323187	4.7694421	15.785721
5.5934057	1.3322076	4.77701	15.761037
5.5934057	1.315133	4.7820549	15.756923
5.5934057	1.3183546	4.7879405	15.777493
5.5902872	1.3305968	4.7971902	15.777493
5.5996428	1.3289859	4.8039169	15.793949
5.591846	1.3302746	4.8123255	15.793949
5.5965242	1.3415504	4.8190522	15.802177
5.598083	1.3476714	4.825779	15.798062
5.5949645	1.3563699	4.8308239	15.814519
5.591846	1.354759	4.8383913	15.789834
5.5934057	1.3460606	4.8467999	15.789834
5.5965242	1.350893	4.8526859	15.789834
5.591846	1.3418725	4.8602533	15.793949
5.598083	1.3354292	4.8686619	15.789834
5.5949645	1.3402617	4.872025	15.810406
5.5965242	1.3373622	4.8787522	15.814519
5.5965242	1.3341405	4.8880014	15.806291
5.5949645	1.3315632	4.8930464	15.810406
5.591846	1.3309189	4.8989325	15.789834
5.5934057	1.3318855	4.9031367	15.793949
5.5934057	1.3293082	4.9081817	15.798062
5.5965242	1.3386508	4.9140677	15.806291
5.5965242	1.3492823	4.9199533	15.830975
5.5949645	1.3421947	4.9258394	15.822746
5.5934057	1.3463827	4.9334073	15.818633
5.5949645	1.3621688	4.9367704	15.843318
5.5887275	1.3624909	4.9418154	15.830975
5.591846	1.3618466	4.9468608	15.822746
5.5934057	1.3663568	4.9535875	15.859774
5.5902872	1.3653904	4.9594736	15.851545
5.5871682	1.3586249	4.9645185	15.830975
5.5965242	1.3544369	4.9687228	15.839203
5.5934057	1.3589472	4.9771309	15.847431
5.5949645	1.34896	4.9813356	15.818633
5.5934057	1.3502487	4.988903	15.822746
5.5934057	1.3483157	4.9922662	15.83509
5.5902872	1.3460606	4.9998341	15.826861
5.5902872	1.3421947	5.0074015	15.814519
5.5887275	1.3367178	5.0116057	15.843318
5.5949645	1.340906	5.0183325	15.847431
5.598083	1.3525039	5.0242186	15.847431
5.5996428	1.3460606	5.0309453	15.843318
5.5965242	1.3425168	5.0351496	15.847431
5.598083	1.3586249	5.0401945	15.863887
5.5949645	1.3450941	5.0460806	15.826861
5.598083	1.3373622	5.051126	15.83509
5.591846	1.3431611	5.0578527	15.847431
5.5949645	1.3518596	5.0603747	15.859774
5.5902872	1.3347849	5.0637383	15.847431
5.5902872	1.3325298	5.0679426	15.839203
5.591846	1.3412281	5.0738287	15.859774
5.5934057	1.3293082	5.0788736	15.851545
5.5778127	1.3386508	5.0847597	15.859774
5.5092049	1.338973	5.0864415	15.855659
5.3984971	1.3360735	5.0738287	15.859774
5.3018227	1.3309189	5.0528073	15.843318
5.2238588	1.3302746	5.0216961	15.839203
5.142777	1.3296303	4.9931073	15.826861
5.0648136	1.3376844	4.9695635	15.830975
4.9837313	1.3276973	4.95611	15.798062
4.9088864	1.3370401	4.9493833	15.826861
4.8465157	1.3360735	4.9460201	15.826861
4.805975	1.3357514	4.940134	15.830975
4.770112	1.3199654	4.9367704	15.802177
4.7436042	1.3109448	4.9317255	15.83509
4.7389264	1.317066	4.9275212	15.814519
4.7170968	1.3238313	4.923317	15.818633
4.7015038	1.3267308	4.9207945	15.798062
4.6937075	1.3141664	4.918272	15.773378
4.6812334	1.32512	4.9149084	15.793949
4.6687593	1.3228649	4.9157495	15.785721
4.6578445	1.3144886	4.9174314	15.826861
4.6516075	1.3267308	4.9157495	15.822746
4.6516075	1.3286638	4.9140677	15.802177
4.642252	1.3202876	4.9132266	15.802177
4.6344552	1.3450941	4.9140677	15.847431
4.6328959	1.354759	4.9140677	15.793949
4.6282182	1.3450941	4.9132266	15.798062
4.6188626	1.3570142	4.9132266	15.822746
4.6157441	1.3608801	4.9123859	15.847431
4.6048298	1.3525039	4.9132266	15.810406
4.6048298	1.3541147	4.9115453	15.822746
4.6017108	1.3554033	4.9115453	15.859774
4.590796	1.3544369	4.9132266	15.802177
4.584559	1.3576585	4.9132266	15.818633
4.5829997	1.3602358	4.9140677	15.822746
4.5720849	1.3470271	4.9132266	15.798062
4.5689664	1.3479936	4.9123859	15.810406
4.5627294	1.3560476	4.9132266	15.822746
4.5580516	1.3454163	4.9140677	15.83509
4.5549331	1.3334962	4.9140677	15.798062
4.5455775	1.3405838	4.9115453	15.814519
4.5440183	1.3328519	4.9149084	15.793949
4.5408998	1.3286638	4.9132266	15.785721
4.533103	1.3405838	4.9132266	15.793949
4.5237474	1.3454163	4.9132266	15.785721
4.5206289	1.3399395	4.9132266	15.818633
4.5143919	1.319321	4.9149084	15.789834
4.5081549	1.3386508	4.9140677	15.822746
4.5003586	1.3189989	4.9115453	15.810406
4.4956808	1.3273752	4.9157495	15.855659
4.491003	1.3296303	4.9115453	15.802177
4.4878845	1.3373622	4.9149084	15.810406
4.478529	1.3331741	4.9132266	15.810406
4.4707322	1.3283416	4.9123859	15.793949
4.4676137	1.3302746	4.9132266	15.818633
4.4644952	1.323187	4.9157495	15.818633
4.4598174	1.3354292	4.9132266	15.847431
4.4598174	1.3415504	4.9123859	15.814519
4.4535804	1.3347849	4.9132266	15.798062
4.4442248	1.3502487	4.9107046	15.806291
4.4411063	1.3354292	4.9157495	15.761037
4.4379878	1.3347849	4.9140677	15.793949
4.4317508	1.3415504	4.9132266	15.802177
4.427073	1.3199654	4.9123859	15.806291
4.4223952	1.3450941	4.9140677	15.818633
4.420836	1.3289859	4.9123859	15.802177
4.4145985	1.3318855	4.9132266	15.822746
4.4068022	1.3521817	4.9115453	15.843318
4.3974466	1.3450941	4.9140677	15.806291
4.3974466	1.3392951	4.9140677	15.793949
4.3896503	1.3618466	4.9132266	15.839203
4.3834133	1.3444498	4.9132266	15.818633
4.375617	1.3554033	4.9132266	15.83509
4.3740578	1.356692	4.9132266	15.810406
4.3662615	1.3563699	4.9115453	15.83509
4.3647022	1.3405838	4.9132266	15.773378
4.3569059	1.3460606	4.9123859	15.798062
4.3584652	1.3518596	4.9140677	15.789834
4.3475499	1.3534703	4.9132266	15.802177
4.3444314	1.3441277	4.9132266	15.810406
4.3381948	1.3402617	4.9140677	15.802177
4.3350763	1.352826	4.9123859	15.843318
4.3226023	1.3396174	4.9123859	15.789834
4.321043	1.3260865	4.9123859	15.789834
4.3179245	1.3347849	4.9132266	15.818633
4.311687	1.3273752	4.9149084	15.818633
4.311687	1.32512	4.9132266	15.814519
4.3007722	1.3354292	4.9123859	15.810406
4.2945352	1.3376844	4.9132266	15.830975
4.2929759	1.3473493	4.9123859	15.839203
4.2867389	1.3370401	4.9140677	15.798062
4.2820611	1.3370401	4.9140677	15.802177
4.2758241	1.3399395	4.9149084	15.818633
4.2758241	1.3460606	4.9123859	15.793949
4.2680278	1.3563699	4.9123859	15.818633
4.26335	1.3673234	4.9140677	15.822746
4.2617908	1.3483157	4.9140677	15.802177
4.2539945	1.3483157	4.9132266	15.826861
4.2539945	1.342839	4.9132266	15.810406
4.2461977	1.3315632	4.9123859	15.822746
4.2430792	1.3289859	4.9140677	15.785721
4.2337236	1.3202876	4.9123859	15.793949
4.2259274	1.3334962	4.9132266	15.781607
4.2212496	1.3215762	4.9123859	15.802177
4.2196903	1.317066	4.9140677	15.802177
4.2134533	1.3144886	4.9123859	15.814519
4.211894	1.3103005	4.9132266	15.83509
4.2072163	1.3286638	4.9123859	15.822746
4.2009792	1.3302746	4.9123859	15.814519
4.1947422	1.3209319	4.9123859	15.802177
4.1900644	1.3357514	4.9132266	15.814519
4.1807084	1.3289859	4.9140677	15.798062
4.1744714	1.3235092	4.9123859	15.798062
4.1713529	1.3305968	4.9132266	15.826861
4.1697936	1.3331741	4.9123859	15.814519
4.1651158	1.3415504	4.9132266	15.802177
4.1619973	1.3438054	4.9132266	15.810406
4.1573195	1.3380065	4.9123859	15.810406
4.1510825	1.3492823	4.9140677	15.793949
4.1432862	1.3354292	4.9149084	15.789834
4.1401677	1.3247979	4.9149084	15.789834
4.1448455	1.3499266	4.9115453	15.822746
4.1354899	1.3402617	4.9115453	15.814519
4.1245747	1.3267308	4.9132266	15.810406
4.1214561	1.3312411	4.9140677	15.818633
4.1121006	1.3438054	4.9132266	15.818633
4.1136599	1.3331741	4.9140677	15.789834
4.1105413	1.3283416	4.9123859	15.810406
4.1136599	1.3376844	4.9140677	15.814519
4.1027455	1.3244756	4.9123859	15.802177
4.0965085	1.3305968	4.9115453	15.826861
4.0965085	1.34896	4.9140677	15.822746
4.0949492	1.3373622	4.9123859	15.814519
4.084034	1.3196433	4.9115453	15.785721
4.0777969	1.3215762	4.9123859	15.806291
4.0793562	1.3247979	4.9132266	15.83509
4.0762377	1.3312411	4.9132266	15.777493
4.0700006	1.3183546	4.9132266	15.802177
4.0653229	1.3318855	4.9132266	15.818633
4.0590858	1.3360735	4.9132266	15.789834
4.0575266	1.3276973	4.9140677	15.793949
4.0497303	1.3454163	4.9123859	15.822746
4.0466118	1.3595915	4.9132266	15.830975
4.0450525	1.3483157	4.9132266	15.785721
4.0372562	1.3502487	4.9132266	15.810406
4.0372562	1.3328519	4.9132266	15.789834
4.02946	1.3512152	4.9132266	15.822746
4.026341	1.3573363	4.9132266	15.818633
4.0216632	1.3405838	4.9132266	15.818633
4.0169854	1.3325298	4.9132266	15.798062
4.0045114	1.3354292	4.9132266	15.793949
4.0013928	1.3289859	4.9115453	15.789834
4.0060706	1.3167437	4.9140677	15.781607
3.9920373	1.3273752	4.9132266	15.793949
3.9889188	1.3305968	4.9115453	15.818633
3.9826818	1.3283416	4.9132266	15.826861
3.979563	1.3396174	4.9123859	15.793949
3.9764445	1.3470271	4.9132266	15.802177
3.9717667	1.3399395	4.9115453	15.793949
3.9686482	1.3347849	4.9115453	15.793949
3.9639704	1.3492823	4.9132266	15.851545
3.9561741	1.3473493	4.9123859	15.802177
3.9561741	1.3363957	4.9123859	15.793949
3.9530556	1.3280195	4.9123859	15.814519
3.9483776	1.3470271	4.9132266	15.839203
3.9405813	1.3399395	4.9123859	15.814519
3.9390221	1.3280195	4.9123859	15.818633
3.9359035	1.3244756	4.9132266	15.810406
3.9296665	1.3276973	4.9132266	15.822746
3.9281073	1.3283416	4.9140677	15.814519
3.9171922	1.3257643	4.9115453	15.818633
3.915633	1.3247979	4.9123859	15.830975
3.915633	1.3264086	4.9115453	15.830975
3.9093959	1.3322076	4.9140677	15.826861
3.9078367	1.3257643	4.9132266	15.818633
3.9000404	1.3534703	4.9115453	15.847431
3.8969219	1.3492823	4.9123859	15.802177
3.9000404	1.350893	4.9140677	15.826861
3.8891256	1.3450941	4.9140677	15.814519
3.8906848	1.352826	4.9123859	15.839203
3.8828888	1.340906	4.9140677	15.83509
3.87977	1.3460606	4.9123859	15.847431
3.8813295	1.3592693	4.9123859	15.847431
3.873533	1.3341405	4.9132266	15.818633
3.867296	1.3257643	4.9140677	15.810406
3.8688552	1.3450941	4.9115453	15.851545
3.861059	1.3421947	4.9132266	15.826861
3.8532627	1.340906	4.9123859	15.855659
3.8548219	1.3370401	4.9132266	15.839203
3.8439069	1.3441277	4.9123859	15.826861
3.8485847	1.3438054	4.9123859	15.83509
3.8392291	1.346705	4.9123859	15.814519
3.8329921	1.344772	4.9123859	15.814519
3.8251958	1.3505709	4.9140677	15.802177
3.826755	1.3496044	4.9132266	15.806291
3.8298736	1.3534703	4.9123859	15.818633
3.8220773	1.3570142	4.9132266	15.826861
3.8111622	1.3570142	4.9149084	15.83509
3.8127215	1.3357514	4.9157495	15.814519
3.809603	1.3431611	4.9123859	15.822746
3.8033659	1.3521817	4.9140677	15.826861
3.8018067	1.3560476	4.9123859	15.814519
3.7877734	1.3309189	4.9123859	15.777493
3.7908919	1.3457384	4.9115453	15.830975
3.7862139	1.3557255	4.9132266	15.830975
3.7830954	1.3444498	4.9123859	15.839203
3.7784176	1.3276973	4.9123859	15.818633
3.7768583	1.3512152	4.9123859	15.851545
3.7752991	1.3463827	4.9123859	15.818633
3.7721806	1.3289859	4.9123859	15.806291
3.7675028	1.3354292	4.9140677	15.814519
3.7675028	1.3515373	4.9140677	15.826861
3.7581472	1.3312411	4.9123859	15.818633
3.7581472	1.3338184	4.9132266	15.806291
3.7534692	1.3412281	4.9132266	15.822746
3.7472322	1.3315632	4.9123859	15.822746
3.7472322	1.3283416	4.9123859	15.839203
3.7472322	1.3160994	4.9123859	15.818633
3.7363174	1.3347849	4.9123859	15.826861
3.7331989	1.3257643	4.9132266	15.818633
3.7316396	1.3289859	4.9140677	15.851545
3.7269619	1.3431611	4.9123859	15.847431
3.7222838	1.3402617	4.9098635	15.851545
3.7238431	1.346705	4.9123859	15.826861
3.7160468	1.3412281	4.9123859	15.826861
3.7160468	1.3434833	4.9132266	15.818633
3.7082505	1.3663568	4.9132266	15.843318
3.705132	1.3441277	4.9123859	15.802177
3.7098098	1.3354292	4.9149084	15.839203
3.7020135	1.3302746	4.9115453	15.818633
3.6973357	1.3380065	4.9123859	15.839203
3.6942172	1.3344628	4.9132266	15.826861
3.6848614	1.3125557	4.9115453	15.810406
3.6864207	1.3132	4.9123859	15.789834
3.6833022	1.3331741	4.9132266	15.822746
3.6770654	1.3218983	4.9132266	15.818633
3.6770654	1.338973	4.9132266	15.843318
3.6770654	1.3515373	4.9123859	15.847431
3.6661506	1.346705	4.9132266	15.830975
3.6583543	1.3586249	4.9123859	15.839203
3.6599135	1.3570142	4.9132266	15.826861
3.656795	1.3605579	4.9149084	15.83509
3.6552355	1.356692	4.9132266	15.830975
3.6474392	1.3628131	4.9115453	15.839203
3.6427615	1.3425168	4.9140677	15.802177
3.6474392	1.3276973	4.9123859	15.818633
3.64588	1.3415504	4.9115453	15.851545
3.6365244	1.3167437	4.9140677	15.818633
3.6334059	1.3164216	4.9123859	15.810406
3.6318467	1.3061124	4.9132266	15.785721
3.6256096	1.3125557	4.9123859	15.798062
3.6224909	1.3141664	4.9115453	15.789834
3.6271689	1.3077232	4.9132266	15.769265
3.6209316	1.3305968	4.9140677	15.859774
3.6146946	1.3460606	4.9149084	15.818633
3.6146946	1.3363957	4.9115453	15.843318
3.6068983	1.342839	4.9115453	15.839203
3.6068983	1.3525039	4.9123859	15.851545
3.6006613	1.3496044	4.9115453	15.818633
3.5959835	1.3425168	4.9123859	15.826861
3.5928648	1.3457384	4.9132266	15.814519
3.5944242	1.3392951	4.9140677	15.810406
3.5866277	1.3373622	4.9123859	15.818633
3.5835092	1.3347849	4.9115453	15.855659
3.5803907	1.3415504	4.9132266	15.847431
3.5850685	1.3457384	4.9115453	15.806291
3.5772722	1.32512	4.9132266	15.818633
3.5725944	1.3283416	4.9115453	15.806291
3.5694759	1.3418725	4.9123859	15.793949
3.5601201	1.3483157	4.9132266	15.806291
3.5601201	1.3615245	4.9107046	15.839203
3.5601201	1.3412281	4.9132266	15.83509
3.5523238	1.3518596	4.9123859	15.847431
3.5507646	1.3602358	4.9115453	15.826861
3.547646	1.3589472	4.9140677	15.830975
3.547646	1.352826	4.9132266	15.822746
3.5429683	1.3334962	4.9132266	15.810406
3.5382905	1.3670012	4.9132266	15.839203
3.5367312	1.3521817	4.9107046	15.855659
3.535172	1.3315632	4.9123859	15.818633
3.5336127	1.3354292	4.9132266	15.83509
3.5289347	1.3260865	4.9149084	15.826861
3.5273755	1.327053	4.9132266	15.851545
3.5242569	1.3083675	4.9123859	15.806291
3.5226977	1.3183546	4.9132266	15.806291
3.5149014	1.3351071	4.9140677	15.810406
3.5117829	1.3322076	4.9132266	15.789834
3.5086644	1.3383287	4.9140677	15.826861
3.5071051	1.3479936	4.9132266	15.818633
3.5071051	1.3631352	4.9132266	15.859774
3.5024273	1.3618466	4.9123859	15.83509
3.5024273	1.3728001	4.9132266	15.847431
3.4961901	1.3537925	4.9115453	15.818633
3.4915123	1.3470271	4.9140677	15.839203
3.489953	1.350893	4.9115453	15.83509
3.489953	1.3338184	4.9115453	15.818633
3.4837162	1.34896	4.9123859	15.855659
3.4805977	1.3376844	4.9132266	15.814519
3.4790385	1.3405838	4.9132266	15.814519
3.47592	1.3309189	4.9123859	15.822746
3.4743607	1.315133	4.9123859	15.851545
3.4696829	1.3351071	4.9115453	15.826861
3.4696829	1.315133	4.9149084	15.818633
3.4618864	1.3228649	4.9123859	15.855659
3.4587679	1.3196433	4.9115453	15.822746
3.4587679	1.3405838	4.9123859	15.830975
3.4572086	1.3515373	4.9132266	15.839203
3.4556494	1.3615245	4.9107046	15.851545
3.4462938	1.3608801	4.9115453	15.810406
3.4462938	1.3602358	4.9140677	15.806291
3.4462938	1.3618466	4.9123859	15.822746
3.4462938	1.3782769	4.9123859	15.859774
3.4384975	1.372478	4.9115453	15.83509
3.4400568	1.3637795	4.9115453	15.830975
3.4369383	1.3647461	4.9115453	15.868002
3.4322605	1.3563699	4.9115453	15.843318
3.4260232	1.3363957	4.9107046	15.830975
3.4275825	1.3296303	4.9123859	15.814519
3.4260232	1.3273752	4.9123859	15.826861
3.4166677	1.3267308	4.9115453	15.810406
3.4166677	1.3199654	4.9123859	15.810406
3.4213455	1.3103005	4.9132266	15.839203
3.4151084	1.3399395	4.9132266	15.822746
3.4073122	1.3441277	4.9132266	15.826861
3.4104307	1.3415504	4.9115453	15.822746
3.4073122	1.3525039	4.9107046	15.855659
3.4073122	1.3431611	4.9115453	15.785721
3.4073122	1.3322076	4.9115453	15.793949
3.3995156	1.3247979	4.9115453	15.839203
3.4010751	1.3373622	4.9107046	15.859774
3.3963971	1.3386508	4.9115453	15.818633
3.3948379	1.3457384	4.9123859	15.839203
3.3948379	1.3499266	4.9107046	15.851545
3.3917193	1.3621688	4.9107046	15.851545
3.3886008	1.3550812	4.9140677	15.806291
3.3839231	1.3463827	4.9132266	15.814519
3.3792453	1.352826	4.9132266	15.818633
3.3792453	1.3405838	4.9123859	15.83509
3.3792453	1.3244756	4.9132266	15.814519
3.371449	1.3309189	4.9115453	15.826861
3.3698897	1.3344628	4.9140677	15.822746
3.3652117	1.3254422	4.9115453	15.818633
3.366771	1.3309189	4.9115453	15.826861
3.366771	1.3347849	4.9115453	15.826861
3.3558562	1.3351071	4.9123859	15.793949
3.3589747	1.3322076	4.9123859	15.810406
3.3574154	1.3418725	4.9115453	15.863887
3.3589747	1.3479936	4.9132266	15.839203
3.3574154	1.3486379	4.9140677	15.826861
3.3496192	1.3260865	4.9107046	15.802177
3.3496192	1.3512152	4.9107046	15.863887
3.3480599	1.3634574	4.9115453	15.847431
3.3402636	1.3621688	4.9107046	15.830975
3.3387043	1.3676455	4.9132266	15.847431
3.3371449	1.3460606	4.9132266	15.814519
3.3355856	1.352826	4.9132266	15.839203
3.3402636	1.3479936	4.9115453	15.822746
3.3293486	1.3425168	4.9132266	15.839203
3.3277893	1.3392951	4.9123859	15.802177
3.3184338	1.3309189	4.9132266	15.806291
3.3231115	1.3341405	4.9115453	15.830975
3.3231115	1.3338184	4.9123859	15.826861
3.3184338	1.3296303	4.9107046	15.818633
3.3168745	1.3376844	4.9132266	15.826861
3.3168745	1.3412281	4.9115453	15.83509
3.3106375	1.3299525	4.9140677	15.839203
3.3106375	1.3386508	4.9132266	15.822746
3.3106375	1.3492823	4.9115453	15.847431
3.3028409	1.342839	4.9123859	15.83509
3.3028409	1.3534703	4.9098635	15.851545
3.3044002	1.3312411	4.9115453	15.806291
3.3028409	1.3476714	4.9107046	15.847431
3.2934856	1.346705	4.9123859	15.839203
3.2950449	1.3354292	4.9115453	15.830975
3.2950449	1.3589472	4.9140677	15.855659
3.2888079	1.3325298	4.9123859	15.810406
3.2872486	1.3554033	4.9132266	15.830975
3.2810116	1.3544369	4.9140677	15.818633
3.2841301	1.3405838	4.9123859	15.818633
3.2856894	1.3331741	4.9115453	15.810406
3.2794523	1.3276973	4.9115453	15.822746
3.2732153	1.3309189	4.9115453	15.83509
3.2763338	1.3254422	4.9115453	15.822746
3.271656	1.3305968	4.9123859	15.818633
3.2778931	1.3396174	4.9115453	15.822746
3.2700968	1.3421947	4.9123859	15.83509
3.266978	1.3434833	4.9140677	15.83509
3.2623003	1.3679677	4.9115453	15.872115
3.2623003	1.3595915	4.9115453	15.83509
3.2560632	1.3521817	4.9132266	15.826861
3.2591817	1.3318855	4.9123859	15.806291
3.2576225	1.3402617	4.9123859	15.839203
3.2529447	1.340906	4.9115453	15.822746
3.2560632	1.3267308	4.9107046	15.83509
3.2498262	1.3215762	4.9107046	15.806291
3.2482669	1.3312411	4.9123859	15.83509
3.2451484	1.3431611	4.9123859	15.855659
3.2482669	1.3476714	4.9123859	15.83509
3.2482669	1.3586249	4.9140677	15.847431
3.2373519	1.3450941	4.9132266	15.802177
3.2389114	1.3512152	4.9115453	15.839203
3.2373519	1.3341405	4.9115453	15.789834
3.2389114	1.3473493	4.9107046	15.830975
3.2373519	1.3360735	4.9107046	15.822746
3.2326741	1.327053	4.9115453	15.830975
3.2326741	1.3289859	4.9123859	15.814519
3.2311149	1.3218983	4.9123859	15.822746
3.2248778	1.3283416	4.9098635	15.839203
3.2248778	1.3247979	4.9115453	15.83509
3.2202001	1.3254422	4.9115453	15.806291
3.2155223	1.3396174	4.9140677	15.810406
3.2155223	1.3338184	4.9123859	15.798062
3.2092853	1.3402617	4.9132266	15.83509
3.2108445	1.3328519	4.9132266	15.818633
3.2155223	1.3386508	4.9140677	15.826861
3.2061667	1.3280195	4.9123859	15.806291
3.207726	1.3351071	4.9115453	15.822746
3.2046072	1.3473493	4.9123859	15.83509
3.207726	1.3299525	4.9107046	15.822746
3.2014887	1.3499266	4.9123859	15.843318
3.1983702	1.3402617	4.9098635	15.826861
3.2046072	1.3525039	4.9115453	15.826861
3.1999295	1.3670012	4.9123859	15.863887
3.1936924	1.3431611	4.9123859	15.822746
3.1952517	1.3676455	4.9132266	15.830975
3.1921332	1.3479936	4.9132266	15.826861
3.1874554	1.3476714	4.9115453	15.818633
3.1874554	1.344772	4.9123859	15.814519
3.1905739	1.3325298	4.9115453	15.814519
3.1858962	1.3325298	4.9132266	15.818633
3.1780999	1.3283416	4.9123859	15.83509
3.1765406	1.3189989	4.9115453	15.839203
3.1765406	1.3309189	4.9098635	15.839203
3.1812184	1.3373622	4.9115453	15.818633
3.1718626	1.3483157	4.9115453	15.847431
3.1734219	1.3289859	4.9123859	15.814519
3.1656256	1.3483157	4.9115453	15.851545
3.1718626	1.3444498	4.9115453	15.810406
3.1703033	1.3305968	4.9115453	15.822746
3.1671848	1.3363957	4.9115453	15.810406
3.1609478	1.340906	4.9115453	15.802177
3.1640663	1.3457384	4.9123859	15.810406
3.1625071	1.3486379	4.9140677	15.83509
3.1593885	1.3502487	4.9098635	15.83509
3.1578293	1.3660347	4.9123859	15.839203
3.1578293	1.3586249	4.9123859	15.822746
3.1547108	1.3660347	4.9115453	15.839203
3.1531515	1.3421947	4.9115453	15.814519
3.1531515	1.3618466	4.9123859	15.839203
3.150033	1.3296303	4.9132266	15.806291
3.1484737	1.3099784	4.9115453	15.814519
3.1484737	1.3173881	4.9115453	15.810406
3.1484737	1.3218983	4.9098635	15.810406
3.143796	1.3412281	4.9115453	15.826861
3.1422365	1.3218983	4.9115453	15.818633
3.1359994	1.3280195	4.9123859	15.83509
3.1406772	1.352826	4.9132266	15.83509
3.1344402	1.352826	4.9115453	15.818633
3.1375587	1.3347849	4.9132266	15.785721
3.1359994	1.3525039	4.9107046	15.839203
3.1375587	1.3624909	4.9107046	15.818633
3.1328809	1.350893	4.9132266	15.863887
3.1282032	1.3360735	4.9115453	15.814519
3.1266439	1.3318855	4.9107046	15.843318
3.1250846	1.3373622	4.9107046	15.822746
3.1235254	1.3383287	4.9115453	15.839203
3.1219664	1.327053	4.9107046	15.826861
3.1172886	1.3357514	4.9123859	15.839203
3.1172886	1.3457384	4.9123859	15.822746
3.1172886	1.3402617	4.9115453	15.798062
3.1188478	1.3557255	4.9098635	15.859774
3.1188478	1.3708671	4.9123859	15.843318
3.1126108	1.3576585	4.9140677	15.822746
3.1094923	1.3586249	4.9123859	15.818633
3.1094923	1.3534703	4.9132266	15.822746
3.1016958	1.3586249	4.9115453	15.814519
3.103255	1.3405838	4.9132266	15.777493
3.0985773	1.3286638	4.9140677	15.802177
3.097018	1.3051459	4.9123859	15.793949
3.0985773	1.3177103	4.9123859	15.855659
3.1001365	1.3238313	4.9132266	15.818633
3.097018	1.3254422	4.9115453	15.822746
3.0923402	1.3189989	4.9123859	15.810406
3.0938995	1.3293082	4.9132266	15.822746
3.0923402	1.3302746	4.9123859	15.793949
3.0923402	1.3244756	4.9132266	15.806291
3.0892217	1.327053	4.9115453	15.839203
3.0876625	1.3479936	4.9123859	15.851545
3.090781	1.3399395	4.9132266	15.826861
3.0829847	1.3305968	4.9123859	15.826861
3.0814254	1.3302746	4.9081817	15.839203
3.0845439	1.3496044	4.9115453	15.826861
3.0845439	1.3402617	4.9123859	15.814519
3.0783069	1.3325298	4.9132266	15.818633
3.0814254	1.3492823	4.9123859	15.818633
3.0783069	1.3450941	4.9123859	15.810406
3.0767477	1.3518596	4.9115453	15.839203
3.0705104	1.3492823	4.9115453	15.859774
3.0720696	1.3331741	4.9107046	15.826861
3.0689511	1.3441277	4.9123859	15.818633
3.0705104	1.3438054	4.9115453	15.818633
3.0705104	1.315133	4.9107046	15.802177
3.0658326	1.3283416	4.9115453	15.822746
3.0642734	1.3296303	4.9132266	15.793949
3.0611548	1.3331741	4.9107046	15.847431
3.0627141	1.3267308	4.9132266	15.83509
3.0595956	1.3347849	4.9107046	15.83509
3.0627141	1.3576585	4.9123859	15.847431
3.0564771	1.344772	4.9123859	15.818633
3.0549178	1.3334962	4.9123859	15.822746
3.0564771	1.3380065	4.9115453	15.806291
3.0595956	1.3351071	4.9107046	15.826861
3.0549178	1.3302746	4.9123859	15.818633
3.0549178	1.3180324	4.9123859	15.826861
3.0517993	1.3438054	4.9123859	15.839203
3.0533586	1.3376844	4.9115453	15.83509
3.0517993	1.3370401	4.9107046	15.818633
3.0424435	1.3244756	4.9107046	15.798062
3.0455623	1.3347849	4.9115453	15.826861
3.0408843	1.3421947	4.9132266	15.818633
3.0408843	1.3341405	4.9115453	15.826861
3.0362065	1.3512152	4.9107046	15.847431
3.0408843	1.3418725	4.9115453	15.863887
3.0424435	1.350893	4.9107046	15.830975
3.0408843	1.3563699	4.9115453	15.822746
3.0362065	1.3434833	4.9115453	15.839203
3.0315287	1.3576585	4.9123859	15.83509
3.0377657	1.3444498	4.9140677	15.798062
3.033088	1.3544369	4.9107046	15.814519
3.033088	1.3444498	4.9123859	15.83509
3.0284102	1.319321	4.9107046	15.802177
3.0299695	1.3322076	4.9107046	15.814519
3.0268509	1.3273752	4.9115453	15.810406
3.0284102	1.3199654	4.9115453	15.843318
3.0237324	1.321254	4.9098635	15.798062
3.0221732	1.3351071	4.9098635	15.839203
3.0190547	1.3457384	4.9107046	15.851545
3.0174954	1.340906	4.9123859	15.847431
3.0190547	1.3502487	4.9107046	15.83509
3.0190547	1.3579806	4.9098635	15.826861
3.0128176	1.3602358	4.9098635	15.859774
3.0128176	1.3679677	4.9107046	15.847431
3.0143769	1.372478	4.9107046	15.826861
3.0174954	1.3618466	4.9115453	15.822746
3.0174954	1.3573363	4.9132266	15.802177
3.0174954	1.3621688	4.9123859	15.83509
3.0096989	1.3264086	4.9115453	15.793949
3.0065804	1.3057902	4.9123859	15.830975
3.0034618	1.3215762	4.9123859	15.806291
3.0081396	1.317066	4.9123859	15.818633
3.0065804	1.3228649	4.9098635	15.826861
3.0034618	1.3235092	4.9107046	15.83509
3.0034618	1.3322076	4.9098635	15.789834
3.0034618	1.3473493	4.9115453	15.818633
2.992547	1.3434833	4.9123859	15.855659
3.0019026	1.3541147	4.9115453	15.855659
2.9941063	1.3554033	4.9123859	15.839203
2.9956656	1.3579806	4.9115453	15.855659
2.9972248	1.3283416	4.9132266	15.806291
2.992547	1.3267308	4.9132266	15.798062
2.9941063	1.3347849	4.9123859	15.814519
2.9909878	1.3357514	4.9107046	15.851545
2.992547	1.3312411	4.9132266	15.843318
2.9894285	1.3315632	4.9107046	15.822746
2.9878693	1.3534703	4.9123859	15.843318
2.9847507	1.3499266	4.9081817	15.855659
2.9847507	1.3534703	4.9123859	15.843318
2.98631	1.3431611	4.9115453	15.793949
2.9878693	1.344772	4.9107046	15.798062
2.9847507	1.3360735	4.9115453	15.789834
2.9816322	1.3315632	4.9115453	15.830975
2.9816322	1.3479936	4.9123859	15.826861
2.9769542	1.3421947	4.9123859	15.859774
2.9816322	1.3412281	4.9115453	15.818633
2.9722764	1.3392951	4.9115453	15.822746
2.975395	1.327053	4.9098635	15.818633
2.9738357	1.3463827	4.9107046	15.863887
2.9722764	1.3296303	4.9115453	15.814519
2.9707172	1.3386508	4.9132266	15.826861
2.9691579	1.3244756	4.9115453	15.818633
2.9660394	1.3260865	4.9107046	15.830975
2.9675987	1.3280195	4.9132266	15.822746
2.9629209	1.3299525	4.9098635	15.822746
2.9707172	1.3338184	4.9123859	15.830975
2.9660394	1.3396174	4.9090228	15.826861
2.9598024	1.3502487	4.9107046	15.826861
2.9644802	1.3579806	4.9123859	15.822746
2.9613616	1.3650682	4.9115453	15.855659
2.9598024	1.3579806	4.9107046	15.826861
2.9598024	1.3647461	4.9115453	15.830975
2.9598024	1.344772	4.9132266	15.83509
2.9582431	1.3328519	4.9123859	15.83509
2.9566839	1.3338184	4.9107046	15.826861
2.9551246	1.3328519	4.9123859	15.839203
2.9520063	1.3415504	4.9115453	15.802177
2.9566839	1.3273752	4.9098635	15.830975
2.9535654	1.3334962	4.9115453	15.851545
2.9520063	1.34896	4.9107046	15.872115
2.9504471	1.3402617	4.9115453	15.822746
2.9504471	1.3376844	4.9132266	15.810406
2.9442101	1.3238313	4.9123859	15.814519
2.9426506	1.3276973	4.9098635	15.847431
2.9426506	1.3402617	4.9123859	15.822746
2.9426506	1.3383287	4.9107046	15.818633
2.9442101	1.3444498	4.9107046	15.847431
2.9457693	1.3570142	4.9090228	15.851545
2.9442101	1.3579806	4.9132266	15.83509
2.9410913	1.3338184	4.9123859	15.806291
2.9348543	1.3244756	4.9123859	15.798062
2.9379728	1.3299525	4.9098635	15.826861
2.9364135	1.3222206	4.9132266	15.830975
2.9301765	1.3183546	4.9115453	15.83509
2.9317358	1.3238313	4.9123859	15.826861
2.9317358	1.3399395	4.9115453	15.859774
2.933295	1.3450941	4.9132266	15.847431
2.9317358	1.3502487	4.9115453	15.851545
2.9254987	1.3550812	4.9140677	15.83509
2.9317358	1.3499266	4.9123859	15.802177
2.9286172	1.3325298	4.9115453	15.818633
2.933295	1.3486379	4.9107046	15.839203
2.9286172	1.3550812	4.9115453	15.851545
2.9239395	1.3399395	4.9107046	15.839203
2.927058	1.3463827	4.9123859	15.855659
2.9192617	1.3541147	4.9115453	15.855659
2.9223802	1.352826	4.9107046	15.83509
2.9239395	1.3312411	4.9107046	15.802177
2.9254987	1.3180324	4.9098635	15.814519
2.9223802	1.3367178	4.9123859	15.830975
2.9254987	1.3347849	4.9115453	15.847431
2.9177024	1.3392951	4.9115453	15.872115
2.920821	1.3267308	4.9132266	15.847431
2.9177024	1.3360735	4.9107046	15.839203
2.9177024	1.3367178	4.9123859	15.847431
2.9177024	1.3399395	4.9132266	15.83509
2.9114652	1.3376844	4.9115453	15.802177
2.9192617	1.340906	4.9115453	15.802177
2.9161432	1.3502487	4.9123859	15.830975
2.9130247	1.3505709	4.9123859	15.83509
2.9083467	1.3631352	4.9098635	15.859774
2.9083467	1.3486379	4.9115453	15.83509
2.9099059	1.3418725	4.9140677	15.818633
2.9130247	1.3370401	4.9107046	15.83509
2.9083467	1.3376844	4.9115453	15.826861
2.9099059	1.3286638	4.9115453	15.818633
2.9083467	1.3038572	4.9140677	15.810406
2.9099059	1.3267308	4.9115453	15.814519
2.9067874	1.3218983	4.9115453	15.830975
2.9067874	1.3244756	4.9123859	15.843318
2.9052281	1.3167437	4.9123859	15.839203
2.9005504	1.3286638	4.9132266	15.822746
2.9036689	1.3247979	4.9123859	15.814519
2.8927541	1.319321	4.9123859	15.83509
2.9005504	1.3209319	4.9123859	15.793949
2.8974319	1.3367178	4.9123859	15.822746
2.8974319	1.350893	4.9115453	15.83509
2.8943133	1.3689342	4.9090228	15.843318
2.8943133	1.3641018	4.9123859	15.843318
2.8943133	1.3782769	4.9107046	15.855659
2.8974319	1.3769883	4.9115453	15.847431
2.8880763	1.3505709	4.9123859	15.818633
2.886517	1.3334962	4.9098635	15.814519
2.8911948	1.3141664	4.9115453	15.793949
2.8911948	1.3164216	4.9107046	15.806291
2.8896356	1.3357514	4.9123859	15.822746
2.886517	1.3322076	4.9115453	15.826861
2.8818393	1.3376844	4.9123859	15.822746
2.8880763	1.3550812	4.9115453	15.839203
2.8911948	1.3460606	4.9115453	15.814519
2.8802798	1.3347849	4.9098635	15.802177
2.8833985	1.3206097	4.9115453	15.814519
2.875602	1.3450941	4.9115453	15.839203
2.8787205	1.3608801	4.9107046	15.843318
2.8802798	1.3386508	4.9132266	15.802177
2.8818393	1.3560476	4.9098635	15.830975
2.8787205	1.3425168	4.9123859	15.798062
2.8787205	1.356692	4.9107046	15.822746
2.8771613	1.3460606	4.9107046	15.789834
2.875602	1.3402617	4.9107046	15.802177
2.8787205	1.3412281	4.9123859	15.798062
2.8740427	1.327053	4.9115453	15.806291
2.8678057	1.3286638	4.9140677	15.793949
2.8724835	1.3254422	4.9123859	15.810406
2.8724835	1.3189989	4.9115453	15.793949
2.869365	1.3267308	4.9115453	15.802177
2.8678057	1.3283416	4.9123859	15.785721
2.8678057	1.3370401	4.9098635	15.814519
2.8678057	1.3357514	4.9098635	15.814519
2.8678057	1.3554033	4.9123859	15.83509
2.869365	1.3415504	4.9149084	15.793949
2.8631279	1.3177103	4.9123859	15.814519
2.8709242	1.3183546	4.9098635	15.798062
2.8678057	1.3460606	4.9107046	15.847431
2.8646872	1.3396174	4.9115453	15.818633
2.8631279	1.3325298	4.9107046	15.806291
2.8678057	1.3505709	4.9107046	15.868002
2.8615687	1.3450941	4.9115453	15.814519
2.8600094	1.3473493	4.9132266	15.818633
2.8584502	1.3241535	4.9123859	15.798062
2.8584502	1.3370401	4.9115453	15.818633
2.8584502	1.3293082	4.9123859	15.818633
2.8615687	1.3209319	4.9123859	15.798062
2.8584502	1.3312411	4.9123859	15.814519
2.8537724	1.3141664	4.9115453	15.793949
2.8553317	1.3141664	4.9132266	15.802177
2.8537724	1.327053	4.9098635	15.843318
2.8537724	1.3254422	4.9123859	15.810406
2.8553317	1.3421947	4.9123859	15.822746
2.8506539	1.3483157	4.9115453	15.826861
2.8553317	1.3570142	4.9123859	15.830975
2.8506539	1.3418725	4.9115453	15.802177
2.8444166	1.3521817	4.9123859	15.822746
2.8506539	1.3450941	4.9098635	15.818633
2.8475351	1.3615245	4.9123859	15.884458
2.8490944	1.3502487	4.9107046	15.830975
2.8490944	1.3215762	4.9107046	15.818633
2.8428574	1.3299525	4.9123859	15.830975
2.8428574	1.311267	4.9140677	15.806291
2.8490944	1.3380065	4.9115453	15.818633
2.8459759	1.3225427	4.9115453	15.802177
2.8444166	1.3254422	4.9123859	15.839203
2.8459759	1.3367178	4.9107046	15.814519
2.8428574	1.3305968	4.9115453	15.806291
2.8428574	1.352826	4.9132266	15.83509
2.8366203	1.3412281	4.9107046	15.830975
2.8303833	1.3525039	4.9123859	15.839203
2.8319426	1.370545	4.9115453	15.855659
2.8381796	1.3499266	4.9107046	15.822746
2.8366203	1.3383287	4.9132266	15.802177
2.8397388	1.3347849	4.9107046	15.810406
2.8366203	1.3370401	4.9123859	15.830975
2.8303833	1.3383287	4.9115453	15.83509
2.8350611	1.3244756	4.9132266	15.822746
2.8303833	1.3402617	4.9123859	15.839203
2.8319426	1.3492823	4.9107046	15.851545
2.8319426	1.3370401	4.9132266	15.806291
2.8335018	1.3235092	4.9115453	15.802177
2.8303833	1.3383287	4.9123859	15.818633
2.8335018	1.3512152	4.9107046	15.859774
2.8319426	1.3460606	4.9115453	15.826861
2.8319426	1.3360735	4.9115453	15.798062
2.828824	1.3405838	4.9107046	15.806291
2.828824	1.3376844	4.9132266	15.810406
2.8241463	1.3328519	4.9107046	15.818633
2.822587	1.3141664	4.9123859	15.814519
2.822587	1.3267308	4.9098635	15.83509
2.8272648	1.3305968	4.9132266	15.818633
2.8257055	1.3338184	4.9115453	15.83509
2.8257055	1.319321	4.9123859	15.806291
2.822587	1.3257643	4.9115453	15.839203
2.817909	1.3450941	4.9115453	15.839203
2.8147905	1.3402617	4.9115453	15.814519
2.817909	1.342839	4.9123859	15.810406
2.8132312	1.3470271	4.9115453	15.814519
2.817909	1.3673234	4.9132266	15.839203
2.817909	1.3631352	4.9115453	15.830975
2.817909	1.3438054	4.9107046	15.83509
2.8132312	1.3525039	4.9107046	15.839203
2.817909	1.3579806	4.9115453	15.83509
2.817909	1.3525039	4.9098635	15.826861
2.811672	1.3383287	4.9090228	15.830975
2.8163497	1.3334962	4.9123859	15.802177
2.8132312	1.3502487	4.9115453	15.843318
2.8085535	1.3512152	4.9090228	15.851545
2.8132312	1.3318855	4.9123859	15.826861
2.8163497	1.3399395	4.9115453	15.851545
2.811672	1.3554033	4.9115453	15.843318
2.8069942	1.3399395	4.9107046	15.855659
2.8163497	1.3119113	4.9123859	15.789834
2.8101127	1.3135221	4.9123859	15.802177
2.8038757	1.3218983	4.9107046	15.822746
2.8085535	1.327053	4.9123859	15.83509
2.8054349	1.3206097	4.9132266	15.822746
2.8085535	1.338973	4.9140677	15.839203
2.8069942	1.3595915	4.9107046	15.855659
2.8054349	1.3653904	4.9107046	15.830975
2.8101127	1.3612022	4.9107046	15.810406
2.8038757	1.354759	4.9132266	15.802177
2.8023164	1.3438054	4.9107046	15.789834
2.8007572	1.3450941	4.9098635	15.826861
2.8038757	1.3341405	4.9107046	15.847431
2.8007572	1.3444498	4.9115453	15.868002
2.7960794	1.3354292	4.9123859	15.83509
2.8007572	1.3267308	4.9123859	15.822746
2.7960794	1.3199654	4.9115453	15.814519
2.7960794	1.32512	4.9132266	15.83509
2.7976387	1.3373622	4.9115453	15.806291
2.7960794	1.338973	4.9107046	15.814519
2.7960794	1.3357514	4.9098635	15.851545
2.7976387	1.3486379	4.9107046	15.847431
2.7898426	1.3550812	4.9115453	15.839203
2.7929609	1.3473493	4.9115453	15.818633
2.7929609	1.3418725	4.9115453	15.839203
2.7929609	1.3463827	4.9123859	15.826861
2.7960794	1.3502487	4.9132266	15.826861
2.7929609	1.3347849	4.9107046	15.810406
2.7914016	1.3167437	4.9123859	15.798062
2.7929609	1.3173881	4.9123859	15.793949
2.7867241	1.3399395	4.9115453	15.83509
2.7898426	1.3338184	4.9123859	15.868002
2.7929609	1.3380065	4.9123859	15.814519
2.7851648	1.3402617	4.9107046	15.83509
2.7882833	1.3386508	4.9107046	15.826861
2.7882833	1.3418725	4.9107046	15.826861
2.7867241	1.3157773	4.9132266	15.793949
2.7898426	1.3354292	4.9132266	15.847431
2.7836056	1.34896	4.9098635	15.872115
2.7836056	1.3492823	4.9098635	15.843318
2.7804868	1.3354292	4.9115453	15.818633
2.7851648	1.3460606	4.9107046	15.822746
2.7836056	1.3628131	4.9132266	15.847431
2.7789276	1.3473493	4.9132266	15.810406
2.7742498	1.3405838	4.9107046	15.826861
2.775809	1.3518596	4.9115453	15.855659
2.775809	1.3576585	4.9123859	15.826861
2.7773683	1.3525039	4.9107046	15.839203
2.7789276	1.3363957	4.9098635	15.822746
2.775809	1.3541147	4.9115453	15.859774
2.7773683	1.3560476	4.9098635	15.863887
2.7726905	1.3534703	4.9107046	15.830975
2.7726905	1.3380065	4.9123859	15.806291
2.7742498	1.3386508	4.9140677	15.822746
2.7742498	1.3450941	4.9107046	15.822746
2.7726905	1.3260865	4.9123859	15.818633
2.7726905	1.338973	4.9132266	15.83509
2.7711313	1.3470271	4.9098635	15.826861
2.7726905	1.3399395	4.9123859	15.810406
2.7726905	1.3537925	4.9115453	15.839203
2.769572	1.327053	4.9123859	15.826861
2.7680128	1.3325298	4.9123859	15.802177
2.7648942	1.3280195	4.9123859	15.822746
2.7711313	1.3344628	4.9098635	15.843318
2.7664535	1.3396174	4.9115453	15.826861
2.7680128	1.3276973	4.9123859	15.793949
2.7680128	1.344772	4.9123859	15.806291
2.7664535	1.3309189	4.9123859	15.822746
2.769572	1.3244756	4.9098635	15.818633
2.7617757	1.3370401	4.9123859	15.830975
2.7539794	1.3431611	4.9107046	15.859774
2.7602165	1.3431611	4.9132266	15.851545
2.7586572	1.3264086	4.9115453	15.818633
2.7617757	1.3434833	4.9115453	15.814519
2.7617757	1.3421947	4.9115453	15.818633
2.7602165	1.3425168	4.9115453	15.818633
2.7648942	1.350893	4.9123859	15.822746
2.763335	1.3486379	4.9107046	15.798062
2.7586572	1.3573363	4.9132266	15.843318
2.7539794	1.3405838	4.9115453	15.826861
2.7555387	1.3557255	4.9132266	15.855659
2.763335	1.3360735	4.9132266	15.822746
2.7586572	1.3318855	4.9115453	15.822746
2.7586572	1.3370401	4.9123859	15.810406
2.7539794	1.3241535	4.9115453	15.810406
2.7524202	1.3415504	4.9132266	15.839203
2.7524202	1.3412281	4.9123859	15.814519
2.7602165	1.3521817	4.9115453	15.822746
2.7539794	1.3431611	4.9140677	15.814519
2.7586572	1.3267308	4.9107046	15.826861
2.7539794	1.3363957	4.9115453	15.826861
2.7539794	1.3473493	4.9107046	15.83509
2.7555387	1.3492823	4.9140677	15.830975
2.7539794	1.3441277	4.9115453	15.822746
2.7539794	1.3492823	4.9107046	15.83509
2.7508609	1.3457384	4.9123859	15.822746
2.7524202	1.3492823	4.9107046	15.83509
2.7493014	1.3280195	4.9115453	15.818633
2.7524202	1.3421947	4.9098635	15.839203
2.7446237	1.3492823	4.9123859	15.83509
2.7461829	1.3515373	4.9107046	15.847431
2.7461829	1.3660347	4.9098635	15.851545
2.7493014	1.3334962	4.9123859	15.802177
2.7461829	1.3486379	4.9107046	15.822746
2.7446237	1.3418725	4.9115453	15.806291
2.7477422	1.3334962	4.9123859	15.83509
2.7430644	1.3473493	4.9098635	15.855659
2.7477422	1.3383287	4.9098635	15.839203
2.7430644	1.3525039	4.9115453	15.839203
2.7461829	1.3351071	4.9107046	15.802177
2.7383866	1.3425168	4.9098635	15.863887
2.7446237	1.3457384	4.9098635	15.818633
2.7430644	1.3235092	4.9123859	15.802177
2.7368274	1.3370401	4.9123859	15.847431
2.7430644	1.3309189	4.9123859	15.839203
2.7430644	1.3373622	4.9107046	15.839203
2.7337089	1.3386508	4.9115453	15.822746
2.7415051	1.344772	4.9115453	15.830975
2.7430644	1.3454163	4.9115453	15.789834
2.7337089	1.3605579	4.9132266	15.855659
2.7368274	1.3650682	4.9098635	15.83509
2.7321496	1.3715115	4.9098635	15.859774
2.7321496	1.3450941	4.9115453	15.802177
2.7383866	1.3331741	4.9107046	15.810406
2.7352681	1.323187	4.9107046	15.802177
2.7321496	1.32512	4.9123859	15.826861
2.7305903	1.3228649	4.9123859	15.810406
2.7352681	1.3202876	4.9107046	15.826861
2.7321496	1.3312411	4.9107046	15.826861
2.7321496	1.3463827	4.9115453	15.843318
2.7305903	1.3492823	4.9140677	15.851545
2.7352681	1.3463827	4.9115453	15.826861
2.7290311	1.3370401	4.9123859	15.818633
2.7305903	1.3473493	4.9132266	15.814519
2.7274718	1.3441277	4.9115453	15.826861
2.7274718	1.3380065	4.9115453	15.830975
2.7290311	1.3550812	4.9107046	15.855659
2.7243533	1.350893	4.9123859	15.843318
2.7243533	1.34896	4.9115453	15.822746
2.7243533	1.3399395	4.9123859	15.806291
2.7227941	1.3312411	4.9107046	15.806291
2.7259126	1.3457384	4.9107046	15.802177
2.7227941	1.3309189	4.9098635	15.806291
2.7243533	1.3148108	4.9115453	15.806291
2.7196755	1.3183546	4.9107046	15.810406
2.7243533	1.3299525	4.9107046	15.822746
2.7227941	1.3235092	4.9123859	15.839203
2.7212348	1.3235092	4.9132266	15.822746
2.7243533	1.3334962	4.9132266	15.822746
2.7212348	1.3286638	4.9123859	15.814519
2.7196755	1.3454163	4.9107046	15.830975
2.7196755	1.3486379	4.9107046	15.839203
2.7227941	1.344772	4.9115453	15.818633
2.7196755	1.3302746	4.9107046	15.826861
2.718116	1.3421947	4.9090228	15.839203
2.711879	1.3473493	4.9098635	15.839203
2.7165568	1.338973	4.9115453	15.83509
2.7165568	1.319321	4.9107046	15.802177
2.7165568	1.3241535	4.9132266	15.806291
2.7134383	1.3383287	4.9107046	15.814519
2.7134383	1.3273752	4.9107046	15.810406
2.7103198	1.3347849	4.9098635	15.818633
2.7134383	1.327053	4.9115453	15.822746
2.7134383	1.3286638	4.9132266	15.83509
2.7087605	1.340906	4.9115453	15.843318
2.711879	1.3328519	4.9123859	15.826861
2.718116	1.3380065	4.9123859	15.83509
2.7165568	1.3418725	4.9123859	15.802177
2.711879	1.3586249	4.9123859	15.843318
2.7165568	1.3615245	4.9098635	15.843318
2.7103198	1.3647461	4.9132266	15.843318
2.7103198	1.3560476	4.9098635	15.839203
2.7040827	1.3418725	4.9123859	15.802177
2.7087605	1.34896	4.9115453	15.826861
2.7040827	1.3296303	4.9115453	15.798062
2.7087605	1.32512	4.9123859	15.810406
2.705642	1.3283416	4.9132266	15.810406
2.7103198	1.3354292	4.9098635	15.810406
2.7087605	1.3434833	4.9098635	15.855659
2.7025235	1.3438054	4.9107046	15.830975
2.7040827	1.3563699	4.9132266	15.843318
2.7040827	1.3463827	4.9123859	15.814519
2.7072012	1.3525039	4.9098635	15.818633
2.705642	1.3260865	4.9098635	15.806291
2.699405	1.3305968	4.9115453	15.826861
2.7040827	1.3421947	4.9107046	15.839203
2.6978457	1.3515373	4.9115453	15.839203
2.699405	1.3621688	4.9123859	15.859774
2.6978457	1.3502487	4.9115453	15.826861
2.7009642	1.3615245	4.9132266	15.847431
2.6978457	1.3483157	4.9123859	15.806291
2.699405	1.3315632	4.9123859	15.818633
2.699405	1.3135221	4.9123859	15.793949
2.6962864	1.3157773	4.9107046	15.802177
2.6931679	1.3235092	4.9107046	15.814519
2.6962864	1.3322076	4.9132266	15.830975
2.6947272	1.3454163	4.9115453	15.859774
2.6962864	1.3415504	4.9115453	15.806291
2.6962864	1.3431611	4.9107046	15.793949
2.6947272	1.352826	4.9123859	15.83509
2.7025235	1.3537925	4.9115453	15.847431
2.6962864	1.3534703	4.9123859	15.826861
2.6931679	1.3602358	4.9123859	15.826861
2.6978457	1.3653904	4.9098635	15.859774
2.7072012	1.3412281	4.9115453	15.822746
2.7134383	1.3537925	4.9098635	15.843318
2.7149975	1.3273752	4.9115453	15.802177
2.7259126	1.3341405	4.9090228	15.810406
2.7399459	1.3338184	4.9098635	15.802177
2.7508609	1.3289859	4.9090228	15.814519
2.763335	1.3309189	4.907341	15.802177
2.7742498	1.3215762	4.9064999	15.802177
2.7929609	1.3244756	4.9056592	15.793949
2.7991979	1.315133	4.9056592	15.806291
2.811672	1.3254422	4.907341	15.859774
2.8319426	1.3431611	4.9064999	15.822746
2.8490944	1.3360735	4.9039779	15.806291
2.8678057	1.3360735	4.9056592	15.818633
2.8787205	1.3305968	4.9031367	15.818633
2.8958726	1.3576585	4.9056592	15.851545
2.9145839	1.3586249	4.9039779	15.855659
2.9254987	1.3479936	4.9031367	15.892686
2.939532	1.3418725	4.9064999	15.826861
2.9535654	1.3460606	4.9039779	15.843318
2.9691579	1.3438054	4.9048185	15.843318
2.9847507	1.3264086	4.907341	15.830975
2.9909878	1.3173881	4.9081817	15.818633
3.0050211	1.3257643	4.9081817	15.822746
3.0050211	1.3373622	4.9056592	15.859774
3.0159361	1.3238313	4.9064999	15.839203
3.0206139	1.3392951	4.9056592	15.872115
3.0284102	1.3367178	4.9081817	15.830975
3.0268509	1.3341405	4.9090228	15.892686
3.033088	1.3296303	4.9090228	15.818633
3.0346472	1.3293082	4.9090228	15.826861
3.0377657	1.3328519	4.9107046	15.830975
3.0362065	1.3338184	4.9090228	15.859774
3.0408843	1.3370401	4.9098635	15.868002
3.039325	1.3479936	4.9098635	15.868002
3.044003	1.350893	4.9115453	15.892686
3.0471215	1.3563699	4.9107046	15.872115
3.039325	1.3699007	4.9098635	15.880342
3.0471215	1.3573363	4.9123859	15.847431
3.0424435	1.3512152	4.9098635	15.859774
3.0424435	1.3537925	4.9115453	15.859774
3.0455623	1.3525039	4.9081817	15.880342
3.0424435	1.3318855	4.9098635	15.880342
3.0424435	1.3144886	4.9123859	15.851545
3.0471215	1.3096561	4.9123859	15.843318
3.039325	1.3264086	4.9107046	15.872115
3.039325	1.3267308	4.9107046	15.876229
3.0424435	1.3286638	4.9090228	15.847431
3.0362065	1.3512152	4.9140677	15.83509
3.0377657	1.3470271	4.9115453	15.855659
3.0408843	1.3518596	4.9123859	15.851545
3.0377657	1.3541147	4.9123859	15.859774
3.0362065	1.3431611	4.9132266	15.847431
3.0362065	1.3515373	4.9123859	15.892686
3.0315287	1.3421947	4.9132266	15.855659
3.0284102	1.350893	4.9098635	15.859774
3.0284102	1.3525039	4.9132266	15.847431
3.0221732	1.3473493	4.9140677	15.859774
3.0252917	1.3583028	4.9107046	15.896799
3.0206139	1.3331741	4.9132266	15.851545
3.0206139	1.346705	4.9132266	15.884458
3.0143769	1.34896	4.9107046	15.868002
3.0159361	1.3441277	4.9098635	15.868002
3.0112581	1.3438054	4.9107046	15.843318
3.0128176	1.3450941	4.9115453	15.868002
3.0034618	1.3418725	4.9123859	15.851545
2.9987841	1.3225427	4.9115453	15.83509
3.0019026	1.3351071	4.9115453	15.892686
2.9972248	1.3515373	4.9132266	15.876229
2.992547	1.3418725	4.9107046	15.855659
2.992547	1.3425168	4.9132266	15.884458
2.9878693	1.3525039	4.9107046	15.892686
2.9847507	1.3586249	4.9123859	15.872115
2.98631	1.3492823	4.9140677	15.851545
2.9816322	1.3357514	4.9123859	15.876229
2.975395	1.3425168	4.9140677	15.872115
2.9660394	1.338973	4.9132266	15.859774
2.9722764	1.3434833	4.9123859	15.868002
2.9660394	1.327053	4.9140677	15.884458
2.9660394	1.3373622	4.9107046	15.859774
2.9566839	1.3537925	4.9132266	15.859774
2.9488878	1.3441277	4.9132266	15.855659
2.9457693	1.3512152	4.9123859	15.855659
2.9426506	1.3470271	4.9123859	15.859774
2.9348543	1.3496044	4.9132266	15.859774
2.9254987	1.3599136	4.9132266	15.884458
2.9254987	1.340906	4.9132266	15.847431
2.9192617	1.3363957	4.9123859	15.839203
2.9145839	1.3286638	4.9157495	15.826861
2.9145839	1.3457384	4.9140677	15.884458
2.9021096	1.3309189	4.9123859	15.847431
2.9036689	1.315133	4.9132266	15.855659
2.9005504	1.3412281	4.9140677	15.884458
2.8927541	1.3402617	4.9132266	15.859774
2.8911948	1.3376844	4.9132266	15.880342
2.8802798	1.3457384	4.9140677	15.863887
2.8771613	1.3473493	4.9140677	15.851545
2.8787205	1.3454163	4.9157495	15.843318
2.8678057	1.3235092	4.9123859	15.843318
2.8600094	1.3363957	4.9123859	15.868002
2.8678057	1.3376844	4.9132266	15.843318
2.8522131	1.3264086	4.9132266	15.855659
2.8506539	1.3177103	4.9140677	15.843318
2.8522131	1.3402617	4.9123859	15.884458
2.8428574	1.3392951	4.9132266	15.830975
2.8350611	1.3441277	4.9132266	15.843318
2.8272648	1.3473493	4.9115453	15.843318
2.8303833	1.356692	4.9140677	15.851545
2.8257055	1.3721558	4.9140677	15.892686
2.817909	1.376344	4.9149084	15.880342
2.8085535	1.3425168	4.9140677	15.855659
2.8085535	1.3286638	4.9115453	15.847431
2.8054349	1.3305968	4.9115453	15.863887
2.7976387	1.32512	4.9123859	15.851545
2.7929609	1.3177103	4.9132266	15.851545
2.7914016	1.3096561	4.9140677	15.839203
2.7914016	1.3260865	4.9123859	15.851545
2.7820463	1.3309189	4.9123859	15.847431
2.7742498	1.3344628	4.9132266	15.843318
2.7773683	1.3402617	4.9123859	15.851545
2.7680128	1.3557255	4.9157495	15.830975
2.7648942	1.34896	4.9149084	15.843318
2.7617757	1.3312411	4.9123859	15.818633
2.757098	1.3283416	4.9132266	15.818633
2.757098	1.340906	4.9123859	15.839203
2.7508609	1.3438054	4.9123859	15.851545
2.7446237	1.3363957	4.9123859	15.843318
2.7461829	1.3341405	4.9115453	15.826861
2.7415051	1.3518596	4.9132266	15.868002
2.7415051	1.3512152	4.9123859	15.859774
2.7352681	1.3586249	4.9123859	15.839203
2.7305903	1.3628131	4.9132266	15.851545
2.7290311	1.3521817	4.9123859	15.839203
2.7290311	1.3370401	4.9149084	15.830975
2.7227941	1.3360735	4.9149084	15.847431
2.718116	1.3479936	4.9132266	15.855659
2.7103198	1.3460606	4.9115453	15.859774
2.7103198	1.3512152	4.9140677	15.847431
2.7103198	1.3386508	4.9115453	15.830975
2.7072012	1.3367178	4.9115453	15.855659
2.705642	1.3483157	4.9123859	15.826861
2.7009642	1.3315632	4.9140677	15.818633
2.6962864	1.3247979	4.9140677	15.851545
2.6884902	1.3354292	4.9132266	15.847431
2.6931679	1.3454163	4.9115453	15.851545
2.6916087	1.3431611	4.9132266	15.855659
2.6884902	1.321254	4.9115453	15.847431
2.6853714	1.3344628	4.9123859	15.830975
2.6869307	1.3457384	4.9115453	15.830975
2.6822529	1.3380065	4.9115453	15.839203
2.6760159	1.327053	4.9107046	15.83509
2.6775751	1.3499266	4.9115453	15.859774
2.6682196	1.3711894	4.9132266	15.859774
2.6666603	1.3798877	4.9115453	15.900914
2.6682196	1.3740888	4.9115453	15.855659
2.6713381	1.3534703	4.9107046	15.818633
2.6682196	1.352826	4.9123859	15.826861
2.6651011	1.3244756	4.9132266	15.814519
2.6604233	1.3238313	4.9123859	15.839203
2.6619825	1.3318855	4.9107046	15.847431
2.6635418	1.3164216	4.9123859	15.839203
2.6573048	1.3247979	4.9123859	15.814519
2.654186	1.3235092	4.9107046	15.806291
2.6495082	1.3180324	4.9123859	15.822746
2.654186	1.3338184	4.9140677	15.843318
2.6463897	1.338973	4.9115453	15.863887
2.6401527	1.3331741	4.9123859	15.839203
2.6448305	1.319321	4.9115453	15.839203
2.647949	1.3289859	4.9123859	15.818633
2.6448305	1.3392951	4.9123859	15.847431
2.6432712	1.3541147	4.9115453	15.868002
2.641712	1.3692564	4.9132266	15.868002
2.6385934	1.3608801	4.9123859	15.855659
2.6401527	1.374411	4.9132266	15.855659
2.6292381	1.3563699	4.9115453	15.851545
2.6307974	1.3476714	4.9123859	15.855659
2.6307974	1.3450941	4.9115453	15.851545
2.6370342	1.3376844	4.9115453	15.855659
2.6292381	1.3331741	4.9115453	15.826861
2.6230011	1.3289859	4.9115453	15.847431
2.6307974	1.3434833	4.9123859	15.83509
2.6307974	1.3363957	4.9107046	15.818633
2.6245604	1.3463827	4.9115453	15.851545
2.6245604	1.352826	4.9107046	15.859774
2.6214418	1.3583028	4.9132266	15.863887
2.6214418	1.3541147	4.9107046	15.851545
2.6245604	1.3605579	4.9107046	15.859774
2.6261196	1.3673234	4.9123859	15.847431
2.6214418	1.3438054	4.9123859	15.798062
2.6152046	1.3399395	4.9123859	15.822746
2.6198826	1.3479936	4.9107046	15.855659
2.6183231	1.3457384	4.9115453	15.847431
2.6120861	1.3267308	4.9107046	15.830975
2.6136453	1.3399395	4.9123859	15.855659
2.6183231	1.3450941	4.9098635	15.863887
2.6120861	1.346705	4.9132266	15.843318
2.6136453	1.3312411	4.9123859	15.822746
2.6120861	1.3405838	4.9123859	15.826861
2.6152046	1.3554033	4.9115453	15.83509
2.6120861	1.3434833	4.9123859	15.826861
2.6120861	1.3315632	4.9107046	15.830975
2.6089675	1.3363957	4.9115453	15.855659
2.599612	1.346705	4.9115453	15.863887
2.6089675	1.3599136	4.9115453	15.868002
2.605849	1.3293082	4.9115453	15.822746
2.6027305	1.3441277	4.9115453	15.839203
2.605849	1.3425168	4.9132266	15.818633
2.6011713	1.3457384	4.9107046	15.872115
2.599612	1.342839	4.9115453	15.847431
2.6042898	1.3235092	4.9107046	15.851545
2.6027305	1.346705	4.9123859	15.855659
2.599612	1.3496044	4.9115453	15.859774
2.5964935	1.3576585	4.9107046	15.859774
2.5980527	1.3608801	4.9115453	15.859774
2.5980527	1.3367178	4.9123859	15.818633
2.593375	1.3418725	4.9123859	15.810406
2.5918157	1.3351071	4.9098635	15.822746
2.5964935	1.3415504	4.9107046	15.855659
2.5964935	1.3386508	4.9107046	15.843318
2.5949342	1.340906	4.9107046	15.83509
2.5964935	1.3380065	4.9107046	15.855659
2.5949342	1.3302746	4.9115453	15.830975
2.5964935	1.3454163	4.9115453	15.843318
2.5918157	1.3550812	4.9140677	15.830975
2.5886972	1.3608801	4.9115453	15.839203
2.5949342	1.3695785	4.9123859	15.876229
2.5980527	1.3653904	4.9123859	15.880342
2.593375	1.3550812	4.9107046	15.859774
2.5871377	1.3634574	4.9098635	15.868002
2.593375	1.3541147	4.9098635	15.855659
2.5886972	1.3457384	4.9098635	15.868002
2.5918157	1.342839	4.9123859	15.818633
2.5855784	1.3312411	4.9098635	15.859774
2.5824599	1.3470271	4.9115453	15.839203
2.5871377	1.3341405	4.9115453	15.839203
2.5918157	1.3383287	4.9098635	15.859774
2.5855784	1.3296303	4.9123859	15.83509
2.5871377	1.3344628	4.9123859	15.826861
2.5886972	1.3360735	4.9115453	15.822746
2.5886972	1.3247979	4.9115453	15.830975
2.5855784	1.3351071	4.9107046	15.826861
2.5840192	1.3402617	4.9123859	15.814519
2.5824599	1.3473493	4.9107046	15.855659
2.5871377	1.3460606	4.9115453	15.863887
2.5871377	1.3454163	4.9123859	15.83509
2.5855784	1.3518596	4.9098635	15.839203
2.5809007	1.3312411	4.9132266	15.810406
2.5871377	1.3257643	4.9115453	15.818633
2.5840192	1.3196433	4.9107046	15.806291
2.5809007	1.323187	4.9115453	15.83509
2.5855784	1.3228649	4.9115453	15.855659
2.5855784	1.3280195	4.9115453	15.826861
2.5793414	1.3376844	4.9107046	15.822746
2.5824599	1.3560476	4.9123859	15.855659
2.5809007	1.3583028	4.9107046	15.830975
2.5809007	1.3492823	4.9123859	15.806291
2.5840192	1.3399395	4.9123859	15.793949
2.5793414	1.3286638	4.9132266	15.806291
2.5840192	1.3360735	4.9115453	15.839203
2.5855784	1.3367178	4.9081817	15.851545
2.5824599	1.342839	4.9107046	15.839203
2.5777822	1.3347849	4.9140677	15.855659
2.5809007	1.338973	4.9115453	15.83509
2.5762229	1.3431611	4.9132266	15.826861
2.5777822	1.3405838	4.9098635	15.814519
2.5762229	1.3235092	4.9115453	15.789834
2.5762229	1.3125557	4.9115453	15.810406
2.5746636	1.3328519	4.9107046	15.847431
2.5746636	1.344772	4.9098635	15.859774
2.5762229	1.3421947	4.9115453	15.826861
2.5777822	1.3463827	4.9115453	15.814519
2.5746636	1.3492823	4.9123859	15.818633
2.5793414	1.3544369	4.9115453	15.839203
2.5762229	1.3563699	4.9115453	15.826861
2.5731044	1.3425168	4.9098635	15.810406
2.5746636	1.3315632	4.9107046	15.847431
2.5793414	1.3325298	4.9123859	15.826861
2.5731044	1.3228649	4.9123859	15.822746
2.5699859	1.3241535	4.9115453	15.839203
2.5699859	1.3135221	4.9098635	15.839203
2.5731044	1.3148108	4.9090228	15.826861
2.5699859	1.3386508	4.9115453	15.843318
2.5762229	1.3392951	4.9107046	15.843318
2.5762229	1.3347849	4.9098635	15.826861
2.5715451	1.3325298	4.9115453	15.826861
2.5715451	1.3254422	4.9115453	15.806291
2.5746636	1.3415504	4.9115453	15.847431
2.5684266	1.3305968	4.9115453	15.822746
2.5731044	1.3476714	4.9123859	15.810406
2.5684266	1.3363957	4.9107046	15.822746
2.5699859	1.3431611	4.9123859	15.826861
2.5684266	1.3344628	4.9115453	15.810406
2.5762229	1.3260865	4.9123859	15.798062
2.5699859	1.3351071	4.9115453	15.843318
2.5731044	1.3225427	4.9132266	15.785721
2.5684266	1.3048238	4.9115453	15.802177
2.5684266	1.3041794	4.9115453	15.822746
2.5653081	1.3157773	4.9107046	15.859774
2.5668674	1.3305968	4.9123859	15.822746
2.5621896	1.3431611	4.9115453	15.818633
2.5653081	1.3434833	4.9132266	15.863887
2.5653081	1.3412281	4.9115453	15.818633
2.5637488	1.3570142	4.9107046	15.830975
2.5668674	1.3479936	4.9123859	15.789834
2.5637488	1.3586249	4.9098635	15.872115
2.5637488	1.3457384	4.9107046	15.798062
2.5684266	1.3628131	4.9098635	15.847431
2.5684266	1.3560476	4.9115453	15.830975
2.5637488	1.352826	4.9115453	15.830975
2.5621896	1.3380065	4.9123859	15.814519
2.5621896	1.3238313	4.9132266	15.818633
2.5668674	1.3431611	4.9107046	15.859774
2.5590711	1.3367178	4.9107046	15.818633
2.5637488	1.3286638	4.9098635	15.789834
2.5606303	1.3180324	4.9123859	15.802177
2.5637488	1.3209319	4.9107046	15.806291
2.5543931	1.3476714	4.9132266	15.839203
2.5575118	1.3305968	4.9123859	15.826861
2.5575118	1.3518596	4.9107046	15.863887
2.5590711	1.3563699	4.9107046	15.839203
2.5590711	1.3554033	4.9098635	15.83509
2.5621896	1.3637795	4.9115453	15.839203
2.5590711	1.3492823	4.9132266	15.839203
2.5575118	1.342839	4.9123859	15.802177
2.5559523	1.3421947	4.9107046	15.806291
2.5590711	1.3434833	4.9123859	15.872115
2.5590711	1.3383287	4.9115453	15.839203
2.5606303	1.3405838	4.9115453	15.839203
2.5559523	1.3363957	4.9132266	15.826861
2.5512745	1.3305968	4.9115453	15.83509
2.5559523	1.3228649	4.9132266	15.793949
2.5559523	1.3338184	4.9107046	15.818633
2.5590711	1.3586249	4.9123859	15.843318
2.5559523	1.3534703	4.9098635	15.851545
2.5575118	1.3441277	4.9123859	15.839203
2.5543931	1.3399395	4.9107046	15.830975
2.5528338	1.3402617	4.9115453	15.855659
2.5512745	1.3289859	4.9132266	15.814519
2.5497153	1.3315632	4.9098635	15.814519
2.5512745	1.3357514	4.9123859	15.789834
2.5528338	1.340906	4.9115453	15.806291
2.5528338	1.3515373	4.9132266	15.822746
2.5528338	1.3421947	4.9123859	15.822746
2.5590711	1.3505709	4.9098635	15.847431
2.5497153	1.3376844	4.9132266	15.814519
2.5512745	1.3550812	4.9115453	15.839203
2.5512745	1.3550812	4.9098635	15.839203
2.5575118	1.3415504	4.9107046	15.839203
2.5497153	1.3338184	4.9123859	15.798062
2.5450375	1.3351071	4.9115453	15.802177
2.5512745	1.3460606	4.9107046	15.826861
2.5512745	1.3454163	4.9107046	15.814519
2.5497153	1.340906	4.9123859	15.818633
2.5465968	1.3592693	4.9115453	15.855659
2.5465968	1.3425168	4.9107046	15.839203
2.5497153	1.3434833	4.9115453	15.810406
2.5497153	1.3380065	4.9098635	15.818633
2.5450375	1.3470271	4.9132266	15.822746
2.5543931	1.3438054	4.9115453	15.822746
2.5497153	1.3241535	4.9140677	15.818633
2.548156	1.3276973	4.9115453	15.826861
2.5434783	1.3177103	4.9115453	15.818633
2.5528338	1.3354292	4.9098635	15.83509
2.548156	1.34896	4.9098635	15.843318
2.5450375	1.3312411	4.9132266	15.806291
2.548156	1.3370401	4.9115453	15.802177
2.5465968	1.3492823	4.9132266	15.826861
2.5465968	1.3573363	4.9107046	15.839203
2.5512745	1.3444498	4.9098635	15.826861
2.5465968	1.3399395	4.9098635	15.810406
2.5465968	1.3518596	4.9098635	15.806291
2.5434783	1.346705	4.9123859	15.818633
2.5450375	1.3215762	4.9107046	15.830975
2.5450375	1.3334962	4.9098635	15.814519
2.5403597	1.3312411	4.9132266	15.802177
2.5434783	1.3293082	4.9098635	15.851545
2.5434783	1.319321	4.9107046	15.826861
2.5434783	1.3260865	4.9098635	15.847431
2.5434783	1.3283416	4.9115453	15.826861
2.5434783	1.3267308	4.9107046	15.826861
2.5434783	1.3228649	4.9132266	15.818633
2.5434783	1.3351071	4.9107046	15.802177
2.5434783	1.3486379	4.9123859	15.83509
2.548156	1.346705	4.9115453	15.810406
2.5465968	1.350893	4.9107046	15.826861
2.5388005	1.3612022	4.9115453	15.839203
2.5388005	1.3766661	4.9107046	15.847431
2.5388005	1.3827872	4.9115453	15.855659
2.5388005	1.342839	4.9115453	15.789834
2.5403597	1.3286638	4.9107046	15.798062
2.5403597	1.3338184	4.9115453	15.826861
2.5434783	1.3392951	4.9115453	15.826861
2.535682	1.3347849	4.9115453	15.826861
2.5388005	1.3257643	4.9115453	15.814519
2.535682	1.3405838	4.9123859	15.83509
2.5372412	1.3476714	4.9098635	15.839203
2.5388005	1.3341405	4.9098635	15.822746
2.535682	1.3412281	4.9115453	15.843318
2.5341227	1.3496044	4.9115453	15.830975
2.535682	1.3473493	4.9140677	15.83509
2.5341227	1.3363957	4.9115453	15.839203
2.535682	1.340906	4.9098635	15.847431
2.5372412	1.3473493	4.9107046	15.830975
2.5388005	1.3605579	4.9098635	15.843318
2.5372412	1.354759	4.9115453	15.843318
2.5388005	1.3454163	4.9098635	15.822746
2.5372412	1.3425168	4.9098635	15.802177
2.535682	1.3505709	4.9115453	15.814519
2.535682	1.3438054	4.9098635	15.814519
2.5325634	1.3363957	4.9107046	15.826861
2.5341227	1.3431611	4.9107046	15.847431
2.535682	1.3344628	4.9115453	15.826861
2.5310042	1.321254	4.9132266	15.802177
2.5278857	1.3180324	4.9107046	15.818633
2.5278857	1.3148108	4.9107046	15.806291
2.5325634	1.3354292	4.9107046	15.868002
2.535682	1.3425168	4.9123859	15.83509
2.5278857	1.3312411	4.9107046	15.847431
2.5341227	1.3505709	4.9107046	15.818633
2.5294449	1.3586249	4.9123859	15.839203
2.5263264	1.34896	4.9107046	15.830975
2.5263264	1.3515373	4.9115453	15.826861
2.5278857	1.3479936	4.9115453	15.810406
2.5341227	1.3331741	4.9115453	15.793949
2.5310042	1.3106227	4.9132266	15.793949
2.535682	1.3157773	4.9123859	15.810406
2.5294449	1.3225427	4.9132266	15.810406
2.5232077	1.3318855	4.9098635	15.818633
2.5263264	1.3331741	4.9115453	15.830975
2.5294449	1.338973	4.9107046	15.847431
2.5341227	1.3531482	4.9140677	15.839203
2.5247669	1.3521817	4.9123859	15.818633
2.5294449	1.3505709	4.9107046	15.814519
2.5310042	1.3328519	4.9098635	15.802177
2.5278857	1.338973	4.9123859	15.843318
2.5278857	1.3444498	4.9115453	15.826861
2.5247669	1.34896	4.9107046	15.859774
2.5200891	1.3309189	4.9098635	15.806291
2.5232077	1.319321	4.9098635	15.814519
2.5263264	1.3412281	4.9123859	15.798062
2.5263264	1.342839	4.9098635	15.855659
2.5232077	1.3473493	4.9107046	15.851545
2.5263264	1.3470271	4.9107046	15.839203
2.5294449	1.3483157	4.9123859	15.818633
2.5216484	1.3518596	4.9107046	15.826861
2.5247669	1.3383287	4.9115453	15.810406
2.5247669	1.3412281	4.9107046	15.818633
2.5216484	1.3376844	4.9123859	15.814519
2.5232077	1.3534703	4.9107046	15.839203
2.5185299	1.3318855	4.9115453	15.810406
2.5232077	1.3512152	4.9123859	15.843318
2.5216484	1.3592693	4.9115453	15.851545
2.5232077	1.3434833	4.9098635	15.818633
2.5294449	1.3347849	4.9132266	15.822746
2.5247669	1.3309189	4.9098635	15.814519
2.5263264	1.3347849	4.9115453	15.818633
2.5232077	1.3305968	4.9107046	15.810406
2.5200891	1.3157773	4.9123859	15.802177
2.5247669	1.3296303	4.9107046	15.847431
2.5200891	1.3125557	4.9123859	15.818633
2.5232077	1.3309189	4.9123859	15.818633
2.5185299	1.3164216	4.9098635	15.802177
2.5185299	1.3228649	4.9132266	15.810406
2.5232077	1.3186767	4.9115453	15.806291
2.5185299	1.3215762	4.9115453	15.802177
2.5263264	1.3273752	4.9132266	15.818633
2.5216484	1.3225427	4.9107046	15.814519
2.5216484	1.338973	4.9107046	15.826861
2.5200891	1.342839	4.9107046	15.843318
2.5185299	1.3441277	4.9107046	15.839203
2.5216484	1.3554033	4.9115453	15.826861
2.5185299	1.3541147	4.9107046	15.822746
2.5138521	1.3592693	4.9107046	15.830975
2.5154114	1.3405838	4.9098635	15.806291
2.5169706	1.3438054	4.9132266	15.814519
2.5185299	1.3421947	4.9123859	15.839203
2.5138521	1.3296303	4.9115453	15.830975
2.5185299	1.3138443	4.9115453	15.814519
2.5138521	1.3061124	4.9107046	15.818633
2.5138521	1.3260865	4.9115453	15.818633
2.5154114	1.3318855	4.9115453	15.839203
2.5185299	1.342839	4.9098635	15.814519
2.5154114	1.3460606	4.9123859	15.814519
2.5154114	1.3496044	4.9115453	15.830975
2.5169706	1.3557255	4.9107046	15.839203
2.5122929	1.3457384	4.9115453	15.839203
2.5138521	1.3589472	4.9115453	15.847431
2.5060558	1.3412281	4.9107046	15.822746
2.5138521	1.3322076	4.9107046	15.818633
2.5122929	1.3444498	4.9107046	15.839203
2.5091743	1.3502487	4.9123859	15.843318
2.5169706	1.3454163	4.9123859	15.83509
2.5107336	1.3370401	4.9107046	15.830975
2.5122929	1.350893	4.9123859	15.839203
2.5122929	1.3563699	4.9115453	15.859774
2.5107336	1.3463827	4.9107046	15.826861
2.5138521	1.3373622	4.9123859	15.830975
2.5138521	1.3396174	4.9140677	15.810406
2.5122929	1.3238313	4.9123859	15.777493
2.5122929	1.3132	4.9115453	15.810406
2.5138521	1.3254422	4.9098635	15.822746
2.5122929	1.338973	4.9098635	15.859774
2.5076151	1.3483157	4.9098635	15.810406
2.5076151	1.3425168	4.9123859	15.822746
2.5122929	1.3376844	4.9123859	15.818633
2.5091743	1.3425168	4.9098635	15.830975
2.5091743	1.3476714	4.9098635	15.83509
2.5138521	1.3534703	4.9115453	15.818633
2.5044966	1.3338184	4.9090228	15.839203
2.4998188	1.3438054	4.9115453	15.822746
2.5091743	1.3383287	4.9115453	15.814519
2.5013781	1.3386508	4.9115453	15.830975
2.5060558	1.344772	4.9115453	15.855659
2.5107336	1.3289859	4.9115453	15.810406
2.5044966	1.3479936	4.9123859	15.826861
2.5091743	1.3438054	4.9123859	15.818633
2.5044966	1.3376844	4.9098635	15.826861
2.5013781	1.3299525	4.9123859	15.802177
2.5091743	1.3280195	4.9115453	15.839203
2.5029373	1.3492823	4.9107046	15.863887
2.5060558	1.3457384	4.9107046	15.814519
2.5029373	1.3602358	4.9098635	15.843318
2.5060558	1.3570142	4.9115453	15.818633
2.5091743	1.3647461	4.9115453	15.83509
2.5060558	1.3586249	4.9123859	15.810406
2.5013781	1.3647461	4.9098635	15.851545
2.5060558	1.3557255	4.9132266	15.868002
2.5076151	1.3525039	4.9123859	15.826861
2.5029373	1.3341405	4.9123859	15.814519
2.5060558	1.3225427	4.9115453	15.826861
2.5044966	1.3206097	4.9107046	15.830975
2.4998188	1.3215762	4.9115453	15.814519
2.5060558	1.3322076	4.9107046	15.814519
2.5060558	1.3286638	4.9123859	15.830975
2.4998188	1.3328519	4.9115453	15.822746
2.5029373	1.3421947	4.9107046	15.818633
2.4967003	1.354759	4.9132266	15.847431
2.4998188	1.3631352	4.9123859	15.855659
2.4998188	1.3492823	4.9098635	15.798062
2.4982595	1.3537925	4.9132266	15.802177
2.4920223	1.3486379	4.9107046	15.793949
2.4998188	1.3563699	4.9132266	15.83509
2.4998188	1.3483157	4.9098635	15.83509
2.4982595	1.3531482	4.9098635	15.855659
2.495141	1.3537925	4.9132266	15.851545
2.4998188	1.346705	4.9107046	15.839203
2.4967003	1.3383287	4.9132266	15.818633
2.4982595	1.3138443	4.9081817	15.789834
2.4998188	1.3183546	4.9123859	15.822746
2.4982595	1.3196433	4.9123859	15.814519
2.4967003	1.3363957	4.9115453	15.851545
2.4982595	1.3515373	4.9107046	15.868002
2.4967003	1.3589472	4.9115453	15.847431
2.4967003	1.3618466	4.9098635	15.814519
2.4967003	1.356692	4.9123859	15.810406
2.4967003	1.3670012	4.9132266	15.83509
2.4935815	1.3415504	4.9115453	15.798062
2.495141	1.356692	4.9115453	15.847431
2.4935815	1.3679677	4.9115453	15.847431
2.4967003	1.3554033	4.9115453	15.826861
2.490463	1.3405838	4.9132266	15.810406
2.495141	1.3421947	4.9132266	15.830975
2.495141	1.3537925	4.9115453	15.872115
2.4967003	1.3267308	4.9123859	15.810406
2.484226	1.3228649	4.9123859	15.810406
2.4982595	1.3173881	4.9098635	15.822746
2.4935815	1.3412281	4.9115453	15.859774
2.4998188	1.3463827	4.9123859	15.847431
2.4967003	1.3512152	4.9115453	15.839203
2.4920223	1.3537925	4.9107046	15.839203
2.4920223	1.354759	4.9115453	15.822746
2.4920223	1.3682898	4.9107046	15.83509
2.490463	1.3802099	4.9090228	15.859774
2.4920223	1.3650682	4.9132266	15.826861
2.4935815	1.3647461	4.9090228	15.843318
2.4920223	1.3631352	4.9115453	15.847431
2.4935815	1.3525039	4.9107046	15.847431
2.4935815	1.3328519	4.9107046	15.818633
2.4889038	1.3296303	4.9115453	15.818633
2.490463	1.3154551	4.9123859	15.818633
2.4967003	1.3196433	4.9115453	15.839203
2.490463	1.3244756	4.9098635	15.830975
2.4935815	1.3257643	4.9107046	15.830975
2.4920223	1.3518596	4.9098635	15.843318
2.4857852	1.3563699	4.9123859	15.818633
2.4920223	1.3505709	4.9107046	15.826861
2.4920223	1.3444498	4.9098635	15.839203
2.4857852	1.350893	4.9107046	15.839203
2.490463	1.3534703	4.9123859	15.839203
2.4873445	1.3505709	4.9123859	15.810406
2.4857852	1.346705	4.9107046	15.818633
2.4826667	1.3412281	4.9107046	15.826861
2.490463	1.3434833	4.9107046	15.822746
2.4857852	1.3276973	4.9123859	15.806291
2.4873445	1.3038572	4.9107046	15.802177
2.4811077	1.3209319	4.9115453	15.822746
2.4857852	1.3228649	4.9115453	15.793949
2.4873445	1.3289859	4.9098635	15.83509
2.4857852	1.323187	4.9123859	15.826861
2.4935815	1.3367178	4.9132266	15.83509
2.4857852	1.34896	4.9123859	15.818633
2.4873445	1.354759	4.9090228	15.843318
2.4873445	1.346705	4.9132266	15.814519
2.4920223	1.3647461	4.9115453	15.847431
2.4857852	1.3612022	4.9115453	15.826861
2.4857852	1.3483157	4.9098635	15.843318
2.4779892	1.3399395	4.9132266	15.810406
2.4889038	1.3177103	4.9123859	15.806291
2.4826667	1.3215762	4.9090228	15.839203
2.4795485	1.3154551	4.9123859	15.83509
2.4873445	1.3334962	4.9115453	15.83509
2.4873445	1.3096561	4.9132266	15.806291
2.4857852	1.3235092	4.9132266	15.830975
2.4826667	1.3318855	4.9115453	15.818633
2.4795485	1.315133	4.9115453	15.789834
2.4889038	1.32512	4.9132266	15.802177
2.4795485	1.3157773	4.9123859	15.810406
2.4826667	1.3206097	4.9098635	15.839203
2.4826667	1.3534703	4.9115453	15.872115
2.4826667	1.3689342	4.9115453	15.851545
2.4764299	1.3541147	4.9115453	15.830975
2.4779892	1.346705	4.9090228	15.83509
2.4857852	1.3637795	4.9098635	15.847431
2.484226	1.3634574	4.9107046	15.859774
2.4826667	1.3457384	4.9123859	15.826861
2.484226	1.3318855	4.9107046	15.83509
2.4795485	1.346705	4.9123859	15.851545
2.4811077	1.3457384	4.9098635	15.83509
2.4811077	1.3396174	4.9123859	15.830975
2.4764299	1.3367178	4.9123859	15.822746
2.4795485	1.3434833	4.9090228	15.822746
2.4779892	1.3450941	4.9107046	15.802177
2.4748707	1.3351071	4.9115453	15.802177
2.4764299	1.3276973	4.9123859	15.806291
2.4795485	1.3354292	4.9107046	15.818633
2.4779892	1.342839	4.9115453	15.826861
2.4748707	1.3386508	4.9123859	15.818633
2.4779892	1.3434833	4.9098635	15.839203
2.4811077	1.3463827	4.9123859	15.802177
2.4748707	1.3441277	4.9107046	15.839203
2.4764299	1.3370401	4.9115453	15.810406
2.4764299	1.3483157	4.9115453	15.83509
2.4795485	1.3347849	4.9115453	15.818633
2.4733114	1.3502487	4.9115453	15.855659
2.4779892	1.3444498	4.9123859	15.826861
2.4748707	1.3525039	4.9107046	15.839203
2.4857852	1.3360735	4.9081817	15.810406
2.4748707	1.3328519	4.9132266	15.802177
2.4733114	1.3135221	4.9115453	15.810406
2.4811077	1.3189989	4.9090228	15.826861
2.4764299	1.3267308	4.9115453	15.83509
2.4748707	1.3312411	4.9098635	15.843318
2.4795485	1.3457384	4.9115453	15.822746
2.4701929	1.3470271	4.9123859	15.822746
2.4686337	1.3583028	4.9115453	15.818633
2.4701929	1.354759	4.9123859	15.826861
2.4764299	1.3360735	4.9132266	15.810406
2.4733114	1.3299525	4.9107046	15.793949
2.4686337	1.3241535	4.9123859	15.822746
2.4717522	1.3363957	4.9115453	15.843318
2.4733114	1.3318855	4.9098635	15.847431
2.4717522	1.3412281	4.9107046	15.830975
2.4733114	1.34896	4.9098635	15.830975
2.4686337	1.3289859	4.9132266	15.789834
2.4701929	1.346705	4.9115453	15.822746
2.4670744	1.3483157	4.9132266	15.83509
2.4748707	1.3460606	4.9098635	15.83509
2.4733114	1.338973	4.9107046	15.830975
2.4717522	1.3421947	4.9098635	15.83509
2.4733114	1.3360735	4.9132266	15.798062
2.4670744	1.3450941	4.9115453	15.83509
2.4686337	1.3438054	4.9107046	15.810406
2.4701929	1.356692	4.9107046	15.818633
2.4733114	1.3621688	4.9107046	15.830975
2.4670744	1.3460606	4.9115453	15.83509
2.4748707	1.3338184	4.9098635	15.847431
2.4686337	1.3521817	4.9107046	15.839203
2.4733114	1.3434833	4.9123859	15.822746
2.4686337	1.3357514	4.9107046	15.826861
2.4670744	1.3286638	4.9115453	15.814519
2.4701929	1.3206097	4.9123859	15.793949
2.4748707	1.3341405	4.9140677	15.793949
2.4670744	1.3347849	4.9115453	15.814519
2.4686337	1.3415504	4.9115453	15.822746
2.4701929	1.3363957	4.9115453	15.818633
2.4686337	1.3457384	4.9115453	15.814519
2.4670744	1.338973	4.9115453	15.818633
2.4686337	1.3322076	4.9115453	15.793949
2.4639559	1.3434833	4.9098635	15.818633
2.4717522	1.346705	4.9132266	15.802177
2.4639559	1.3322076	4.9132266	15.798062
2.4639559	1.3173881	4.9098635	15.814519
2.4686337	1.3183546	4.9098635	15.826861
2.4655151	1.3299525	4.9098635	15.843318
2.4608374	1.3273752	4.9123859	15.83509
2.4670744	1.3186767	4.9107046	15.83509
2.4701929	1.3338184	4.9107046	15.839203
2.4670744	1.3380065	4.9098635	15.818633
2.4592781	1.3454163	4.9132266	15.822746
2.4608374	1.327053	4.9115453	15.802177
2.4655151	1.3376844	4.9115453	15.839203
2.4686337	1.3444498	4.9098635	15.818633
2.4670744	1.3347849	4.9107046	15.826861
2.4639559	1.3273752	4.9107046	15.818633
2.4686337	1.340906	4.9115453	15.83509
2.4655151	1.3554033	4.9107046	15.822746
2.4592781	1.3586249	4.9123859	15.810406
2.4623966	1.3386508	4.9115453	15.793949
2.4623966	1.3450941	4.9115453	15.826861
2.4639559	1.356692	4.9115453	15.839203
2.4639559	1.3431611	4.9123859	15.818633
2.4639559	1.319321	4.9115453	15.822746
2.4608374	1.3322076	4.9107046	15.843318
2.4608374	1.3244756	4.9115453	15.822746
2.4639559	1.3241535	4.9115453	15.826861
2.4546001	1.3041794	4.9115453	15.798062
2.4639559	1.3135221	4.9107046	15.839203
2.4546001	1.3396174	4.9132266	15.830975
2.4577188	1.350893	4.9098635	15.839203
2.4608374	1.3615245	4.9107046	15.868002
2.4623966	1.3641018	4.9132266	15.839203
2.4639559	1.3624909	4.9115453	15.810406
2.4670744	1.3473493	4.9115453	15.802177
2.4577188	1.3431611	4.9115453	15.822746
2.4608374	1.3370401	4.9107046	15.830975
2.4577188	1.3473493	4.9107046	15.839203
2.4577188	1.3518596	4.9107046	15.839203
2.4608374	1.3444498	4.9107046	15.863887
2.4561596	1.3518596	4.9090228	15.83509
2.4623966	1.3550812	4.9123859	15.810406
2.4592781	1.3563699	4.9098635	15.810406
2.4592781	1.3376844	4.9132266	15.806291
2.4561596	1.3399395	4.9098635	15.818633
2.4561596	1.3463827	4.9115453	15.830975
2.4577188	1.3341405	4.9123859	15.830975
2.4561596	1.3199654	4.9115453	15.822746
2.4514816	1.3392951	4.9115453	15.822746
2.4530408	1.3293082	4.9123859	15.818633
2.4608374	1.3328519	4.9107046	15.822746
2.4530408	1.3209319	4.9132266	15.802177
2.4561596	1.3402617	4.9132266	15.830975
2.4546001	1.3460606	4.9115453	15.847431
2.4530408	1.3554033	4.9107046	15.814519
2.4546001	1.340906	4.9115453	15.814519
2.4561596	1.3344628	4.9115453	15.826861
2.4561596	1.3537925	4.9090228	15.872115
2.4608374	1.3454163	4.9107046	15.802177
2.4514816	1.3431611	4.9123859	15.818633
2.4561596	1.32512	4.9090228	15.814519
2.4546001	1.3312411	4.9107046	15.818633
2.4577188	1.3460606	4.9115453	15.83509
2.4530408	1.3370401	4.9132266	15.822746
2.4514816	1.3563699	4.9123859	15.872115
2.4561596	1.3608801	4.9107046	15.839203
2.4530408	1.3605579	4.9098635	15.822746
2.4546001	1.3486379	4.9098635	15.806291
2.4514816	1.3386508	4.9107046	15.826861
2.4514816	1.3305968	4.9115453	15.798062
2.4514816	1.3177103	4.9098635	15.826861
2.4530408	1.3334962	4.9107046	15.855659
2.4546001	1.3334962	4.9098635	15.843318
2.4499223	1.3370401	4.9115453	15.847431
2.4546001	1.338973	4.9098635	15.818633
2.4514816	1.3334962	4.9132266	15.826861
2.4514816	1.3402617	4.9107046	15.793949
2.4499223	1.3280195	4.9107046	15.806291
2.4546001	1.3354292	4.9107046	15.818633
2.4499223	1.3537925	4.9115453	15.822746
2.4483631	1.3434833	4.9123859	15.830975
2.4483631	1.3663568	4.9123859	15.868002
2.4483631	1.3734444	4.9090228	15.872115
2.4499223	1.3692564	4.9123859	15.806291
2.4530408	1.3628131	4.9098635	15.814519
2.4514816	1.3483157	4.9115453	15.810406
2.4514816	1.354759	4.9123859	15.83509
2.4499223	1.3283416	4.9098635	15.822746
2.4514816	1.3096561	4.9107046	15.818633
2.4468038	1.3009578	4.9107046	15.839203
2.4468038	1.3215762	4.9098635	15.818633
2.4514816	1.3135221	4.9123859	15.818633
2.4499223	1.3196433	4.9115453	15.814519
2.4514816	1.3479936	4.9115453	15.872115
2.4514816	1.3341405	4.9115453	15.806291
2.4499223	1.34896	4.9090228	15.830975
2.4468038	1.3486379	4.9132266	15.843318
2.4499223	1.3399395	4.9115453	15.810406
2.4499223	1.3457384	4.9115453	15.826861
2.4499223	1.346705	4.9132266	15.826861
2.4514816	1.3557255	4.9098635	15.868002
2.4499223	1.3515373	4.9107046	15.818633
2.4452446	1.344772	4.9115453	15.822746
2.4499223	1.3512152	4.9115453	15.843318
2.4436853	1.352826	4.9090228	15.830975
2.4436853	1.3618466	4.9115453	15.855659
2.4452446	1.3502487	4.9115453	15.818633
2.4483631	1.3537925	4.9098635	15.855659
2.4390075	1.3621688	4.9107046	15.839203
2.4468038	1.344772	4.9107046	15.818633
2.4436853	1.3347849	4.9098635	15.814519
2.442126	1.3415504	4.9098635	15.826861
2.4405668	1.3537925	4.9132266	15.839203
2.4483631	1.3421947	4.9107046	15.822746
2.442126	1.3331741	4.9098635	15.843318
2.4405668	1.3434833	4.9107046	15.814519
2.4452446	1.3537925	4.9123859	15.793949
2.4468038	1.3554033	4.9115453	15.822746
2.442126	1.3663568	4.9115453	15.868002
2.4405668	1.3560476	4.9115453	15.818633
2.4436853	1.3431611	4.9132266	15.818633
2.4436853	1.346705	4.9123859	15.859774
2.4436853	1.3296303	4.9107046	15.83509
2.4390075	1.3479936	4.9115453	15.855659
2.4390075	1.3380065	4.9115453	15.822746
2.4390075	1.3438054	4.9123859	15.843318
2.4436853	1.3315632	4.9107046	15.785721
2.4374483	1.3235092	4.9115453	15.826861
2.442126	1.3302746	4.9098635	15.83509
2.4452446	1.3325298	4.9123859	15.822746
2.4343297	1.3444498	4.9132266	15.826861
2.442126	1.3454163	4.9107046	15.83509
2.4390075	1.340906	4.9107046	15.83509
2.4436853	1.3525039	4.9107046	15.802177
2.442126	1.3454163	4.9132266	15.789834
2.435889	1.3312411	4.9115453	15.773378
2.4374483	1.3412281	4.9098635	15.818633
2.4374483	1.3450941	4.9098635	15.83509
2.4436853	1.3521817	4.9115453	15.847431
2.4374483	1.3415504	4.9098635	15.83509
2.4374483	1.3431611	4.9123859	15.826861
2.4390075	1.346705	4.9107046	15.818633
2.442126	1.327053	4.9115453	15.818633
2.435889	1.3225427	4.9115453	15.826861
2.442126	1.3267308	4.9115453	15.822746
2.4374483	1.3370401	4.9098635	15.830975
2.435889	1.3444498	4.9115453	15.826861
2.4343297	1.3550812	4.9107046	15.843318
2.4390075	1.338973	4.9140677	15.806291
2.435889	1.3328519	4.9107046	15.818633
2.4390075	1.3492823	4.9115453	15.83509
2.4374483	1.3537925	4.9098635	15.818633
2.4374483	1.3421947	4.9115453	15.810406
2.4327705	1.3628131	4.9098635	15.843318
2.4374483	1.3621688	4.9090228	15.847431
2.435889	1.3583028	4.9115453	15.810406
2.4312112	1.3405838	4.9107046	15.814519
2.4374483	1.3309189	4.9098635	15.818633
2.4405668	1.340906	4.9123859	15.83509
2.4374483	1.3228649	4.9107046	15.802177
2.4343297	1.3318855	4.9090228	15.839203
2.4280927	1.3264086	4.9107046	15.822746
2.4327705	1.3273752	4.9123859	15.83509
2.435889	1.3373622	4.9107046	15.859774
2.4312112	1.346705	4.9107046	15.839203
2.4374483	1.3444498	4.9115453	15.822746
2.4343297	1.3518596	4.9115453	15.826861
2.4327705	1.3583028	4.9115453	15.847431
2.4343297	1.3576585	4.9115453	15.839203
2.4390075	1.3573363	4.9115453	15.802177
2.435889	1.3438054	4.9107046	15.83509
2.435889	1.3438054	4.9107046	15.818633
2.429652	1.3418725	4.9123859	15.822746
2.435889	1.3325298	4.9107046	15.798062
2.4327705	1.3238313	4.9123859	15.818633
2.4343297	1.3154551	4.9123859	15.822746
2.435889	1.3383287	4.9132266	15.814519
2.429652	1.344772	4.9107046	15.839203
2.4343297	1.3331741	4.9098635	15.822746
2.4327705	1.3299525	4.9132266	15.830975
2.429652	1.3431611	4.9098635	15.822746
2.4265335	1.370545	4.9098635	15.872115
2.4343297	1.3563699	4.9098635	15.830975
2.429652	1.3550812	4.9123859	15.814519
2.4312112	1.3476714	4.9123859	15.793949
2.4265335	1.3583028	4.9115453	15.826861
2.429652	1.3421947	4.9090228	15.818633
2.429652	1.3444498	4.9098635	15.839203
2.429652	1.3431611	4.9115453	15.810406
2.424974	1.3247979	4.9107046	15.802177
2.429652	1.3331741	4.9107046	15.818633
2.429652	1.3334962	4.9115453	15.822746
2.429652	1.3373622	4.9115453	15.839203
2.4327705	1.3267308	4.9107046	15.802177
2.429652	1.3331741	4.9115453	15.818633
2.4234147	1.3476714	4.9090228	15.843318
2.4265335	1.3576585	4.9098635	15.851545
2.4234147	1.340906	4.9123859	15.830975
2.424974	1.3479936	4.9123859	15.83509
2.429652	1.3579806	4.9115453	15.822746
2.429652	1.3373622	4.9115453	15.826861
2.4280927	1.3534703	4.9107046	15.847431
2.4312112	1.3576585	4.9107046	15.851545
2.4218554	1.3483157	4.9123859	15.806291
2.4234147	1.3454163	4.9123859	15.822746
2.4234147	1.3305968	4.9123859	15.806291
2.4218554	1.3257643	4.9123859	15.814519
2.4265335	1.3054681	4.9132266	15.802177
2.4234147	1.3106227	4.9107046	15.822746
2.4234147	1.2990248	4.9115453	15.785721
2.424974	1.3186767	4.9123859	15.826861
2.4280927	1.340906	4.9107046	15.843318
2.4218554	1.3383287	4.9107046	15.830975
2.424974	1.3502487	4.9123859	15.851545
2.4265335	1.3573363	4.9107046	15.843318
2.4234147	1.3576585	4.9098635	15.826861
2.4280927	1.3740888	4.9107046	15.868002
2.4265335	1.3595915	4.9107046	15.818633
2.424974	1.352826	4.9098635	15.826861
2.424974	1.3521817	4.9123859	15.839203
2.4218554	1.3405838	4.9123859	15.818633
2.4171777	1.3450941	4.9132266	15.83509
2.4234147	1.3354292	4.9123859	15.818633
2.4202962	1.327053	4.9098635	15.839203
2.424974	1.3431611	4.9115453	15.830975
2.4234147	1.3196433	4.9132266	15.806291
2.424974	1.3357514	4.9115453	15.810406
2.4218554	1.3276973	4.9123859	15.814519
2.4187369	1.3457384	4.9132266	15.806291
2.4218554	1.3634574	4.9107046	15.847431
2.4202962	1.346705	4.9107046	15.818633
2.4187369	1.3631352	4.9115453	15.868002
2.4171777	1.338973	4.9115453	15.814519
2.4234147	1.3576585	4.9115453	15.830975
2.4187369	1.3479936	4.9115453	15.818633
2.4187369	1.3302746	4.9115453	15.814519
2.424974	1.3460606	4.9115453	15.863887
2.4218554	1.3354292	4.9123859	15.826861
2.4187369	1.3402617	4.9098635	15.839203
2.4187369	1.3276973	4.9123859	15.818633
2.4234147	1.317066	4.9115453	15.785721
2.4156184	1.3235092	4.9123859	15.818633
2.4140592	1.3367178	4.9123859	15.818633
2.4218554	1.3367178	4.9123859	15.83509
2.4171777	1.3328519	4.9107046	15.818633
2.4140592	1.3541147	4.9115453	15.843318
2.4218554	1.3550812	4.9098635	15.826861
2.4202962	1.3383287	4.9123859	15.814519
2.4234147	1.3244756	4.9123859	15.806291
2.4187369	1.3296303	4.9132266	15.818633
2.4187369	1.3380065	4.9115453	15.851545
2.4187369	1.3334962	4.9098635	15.830975
2.4202962	1.3483157	4.9098635	15.847431
2.4124999	1.3589472	4.9107046	15.83509
2.4218554	1.3586249	4.9115453	15.855659
2.4187369	1.3383287	4.9115453	15.806291
2.4234147	1.3512152	4.9107046	15.843318
2.4218554	1.3612022	4.9107046	15.851545
2.4187369	1.3418725	4.9090228	15.818633
2.4124999	1.3421947	4.9098635	15.822746
2.4124999	1.323187	4.9107046	15.806291
2.4124999	1.3215762	4.9132266	15.839203
2.4156184	1.3273752	4.9107046	15.818633
2.4124999	1.3415504	4.9123859	15.826861
2.4124999	1.3576585	4.9115453	15.818633
2.4156184	1.3670012	4.9107046	15.851545
2.4140592	1.3650682	4.9115453	15.818633
2.4124999	1.3708671	4.9098635	15.839203
2.4109406	1.3776326	4.9098635	15.822746
2.4140592	1.356692	4.9098635	15.83509
2.4124999	1.3586249	4.9098635	15.859774
2.4156184	1.3525039	4.9115453	15.83509
2.4140592	1.3360735	4.9098635	15.859774
2.4140592	1.3412281	4.9123859	15.830975
2.4062629	1.3196433	4.9132266	15.822746
2.4109406	1.3392951	4.9115453	15.830975
2.4124999	1.3180324	4.9107046	15.802177
2.4109406	1.3257643	4.9098635	15.818633
2.4156184	1.3328519	4.9115453	15.83509
2.4093814	1.3376844	4.9115453	15.868002
2.4093814	1.3518596	4.9115453	15.826861
2.4093814	1.3363957	4.9123859	15.802177
2.4093814	1.3470271	4.9123859	15.839203
2.4047036	1.3537925	4.9107046	15.839203
2.4078221	1.352826	4.9107046	15.818633
2.4062629	1.3434833	4.9115453	15.793949
2.4093814	1.3370401	4.9123859	15.818633
2.4093814	1.3486379	4.9098635	15.826861
2.4187369	1.3499266	4.9115453	15.839203
2.4109406	1.3412281	4.9123859	15.847431
2.4093814	1.3302746	4.9115453	15.839203
2.4062629	1.3315632	4.9115453	15.839203
2.4109406	1.338973	4.9123859	15.826861
2.4093814	1.3463827	4.9107046	15.847431
2.4093814	1.3315632	4.9107046	15.793949
2.4047036	1.3370401	4.9098635	15.83509
2.4109406	1.3386508	4.9123859	15.822746
2.4062629	1.3354292	4.9107046	15.843318
2.4093814	1.3180324	4.9098635	15.806291
2.4047036	1.3334962	4.9098635	15.826861
2.4062629	1.3386508	4.9107046	15.818633
2.4078221	1.3322076	4.9107046	15.839203
2.4109406	1.3331741	4.9098635	15.818633
2.4062629	1.344772	4.9132266	15.830975
2.4093814	1.3563699	4.9115453	15.855659
2.4093814	1.340906	4.9123859	15.814519
2.4062629	1.3344628	4.9115453	15.810406
2.4047036	1.3396174	4.9098635	15.83509
2.4047036	1.3470271	4.9098635	15.847431
2.4047036	1.3415504	4.9115453	15.830975
2.4047036	1.323187	4.9115453	15.810406
2.4047036	1.3380065	4.9132266	15.843318
2.4093814	1.3347849	4.9098635	15.822746
2.4109406	1.3373622	4.9107046	15.843318
2.4031444	1.3225427	4.9132266	15.822746
2.4062629	1.3189989	4.9115453	15.83509
2.4047036	1.3486379	4.9123859	15.830975
2.4062629	1.3431611	4.9123859	15.810406
2.4078221	1.3235092	4.9115453	15.802177
2.4062629	1.3267308	4.9115453	15.793949
2.4000258	1.3412281	4.9115453	15.839203
2.3953481	1.3247979	4.9115453	15.822746
2.4093814	1.3180324	4.9123859	15.830975
2.4047036	1.3177103	4.9090228	15.810406
2.4062629	1.311267	4.9123859	15.806291
2.4015851	1.3096561	4.9123859	15.814519
2.4031444	1.3074011	4.9115453	15.830975
2.4078221	1.323187	4.9107046	15.818633
2.4047036	1.3373622	4.9123859	15.826861
2.4062629	1.3280195	4.9115453	15.839203
2.4047036	1.3515373	4.9107046	15.847431
2.4078221	1.3454163	4.9115453	15.818633
2.3984666	1.356692	4.9123859	15.818633
2.4047036	1.3699007	4.9115453	15.859774
2.4000258	1.3463827	4.9123859	15.798062
2.3984666	1.3402617	4.9115453	15.810406
2.3984666	1.3454163	4.9123859	15.818633
2.3984666	1.3373622	4.9107046	15.822746
2.4031444	1.323187	4.9123859	15.818633
2.4015851	1.3228649	4.9115453	15.810406
2.4062629	1.346705	4.9115453	15.863887
2.4000258	1.3434833	4.9123859	15.822746
2.4015851	1.3351071	4.9107046	15.810406
2.4000258	1.3380065	4.9115453	15.798062
2.4062629	1.346705	4.9107046	15.83509
2.3984666	1.3460606	4.9132266	15.83509
2.4015851	1.3341405	4.9132266	15.830975
2.4047036	1.3312411	4.9115453	15.83509
2.4015851	1.3367178	4.9132266	15.806291
2.4015851	1.3421947	4.9090228	15.822746
2.4015851	1.3412281	4.9115453	15.826861
2.4031444	1.3541147	4.9107046	15.839203
2.4015851	1.3679677	4.9123859	15.839203
2.3984666	1.34896	4.9115453	15.818633
2.3984666	1.3592693	4.9107046	15.859774
2.4000258	1.3412281	4.9115453	15.806291
2.3984666	1.344772	4.9115453	15.822746
2.3969073	1.3392951	4.9107046	15.822746
2.4031444	1.3283416	4.9115453	15.83509
2.4015851	1.3334962	4.9107046	15.810406
2.3937888	1.3228649	4.9107046	15.781607
2.3937888	1.3383287	4.9123859	15.826861
2.4031444	1.3347849	4.9115453	15.806291
2.4031444	1.3312411	4.9107046	15.818633
2.3969073	1.3351071	4.9123859	15.818633
2.4031444	1.3431611	4.9107046	15.839203
2.4000258	1.3496044	4.9123859	15.826861
2.3969073	1.3460606	4.9098635	15.839203
2.3969073	1.3586249	4.9123859	15.822746
2.3969073	1.3512152	4.9123859	15.822746
2.4000258	1.342839	4.9115453	15.822746
2.3984666	1.3444498	4.9107046	15.839203
2.3937888	1.3483157	4.9115453	15.843318
2.3969073	1.3550812	4.9123859	15.843318
2.3969073	1.3347849	4.9132266	15.810406
2.3922293	1.3383287	4.9098635	15.818633
2.3984666	1.3425168	4.9107046	15.843318
2.3969073	1.3473493	4.9123859	15.810406
2.3922293	1.3415504	4.9115453	15.802177
2.3891108	1.3296303	4.9123859	15.810406
2.3937888	1.3512152	4.9123859	15.830975
2.3953481	1.3399395	4.9132266	15.781607
2.3953481	1.3296303	4.9123859	15.826861
2.3922293	1.3502487	4.9098635	15.855659
2.3953481	1.3322076	4.9123859	15.802177
2.3937888	1.3441277	4.9123859	15.814519
2.3891108	1.3341405	4.9123859	15.822746
2.3953481	1.3334962	4.9123859	15.822746
2.3953481	1.3276973	4.9115453	15.822746
2.3937888	1.3183546	4.9107046	15.822746
2.3937888	1.3257643	4.9115453	15.818633
2.3953481	1.3228649	4.9123859	15.826861
2.3937888	1.3222206	4.9115453	15.810406
2.3937888	1.3331741	4.9098635	15.826861
2.3953481	1.3305968	4.9123859	15.806291
2.3969073	1.3351071	4.9115453	15.826861
2.3906701	1.3534703	4.9098635	15.855659
2.3984666	1.3676455	4.9132266	15.847431
2.3937888	1.3376844	4.9098635	15.806291
2.3875515	1.3305968	4.9123859	15.789834
2.3875515	1.3235092	4.9115453	15.806291
2.3891108	1.3173881	4.9107046	15.830975
2.3891108	1.3299525	4.9115453	15.822746
2.3969073	1.3247979	4.9123859	15.826861
2.3859923	1.3218983	4.9115453	15.818633
2.3875515	1.3148108	4.9123859	15.802177
2.3922293	1.3267308	4.9115453	15.822746
2.3937888	1.3283416	4.9107046	15.810406
2.3891108	1.3344628	4.9115453	15.839203
2.3891108	1.3367178	4.9123859	15.802177
2.3891108	1.3457384	4.9098635	15.822746
2.3891108	1.3396174	4.9132266	15.802177
2.3937888	1.3334962	4.9115453	15.839203
2.3953481	1.3312411	4.9107046	15.810406
2.3922293	1.323187	4.9107046	15.793949
2.3906701	1.3386508	4.9098635	15.818633
2.3922293	1.3438054	4.9107046	15.818633
2.3875515	1.3454163	4.9098635	15.830975
2.3859923	1.3386508	4.9123859	15.781607
2.384433	1.3412281	4.9115453	15.826861
2.3891108	1.3309189	4.9140677	15.814519
2.3891108	1.3244756	4.9115453	15.839203
2.3859923	1.3318855	4.9098635	15.843318
2.3922293	1.3264086	4.9090228	15.830975
2.3875515	1.3344628	4.9115453	15.83509
2.3891108	1.3283416	4.9123859	15.793949
2.384433	1.327053	4.9132266	15.818633
2.3859923	1.3373622	4.9090228	15.814519
2.3859923	1.3238313	4.9107046	15.83509
2.3953481	1.3386508	4.9098635	15.847431
2.3906701	1.3341405	4.9115453	15.83509
2.3813145	1.3486379	4.9107046	15.843318
2.384433	1.3576585	4.9107046	15.810406
2.3922293	1.3563699	4.9123859	15.822746
2.384433	1.3753774	4.9098635	15.83509
2.3875515	1.3505709	4.9123859	15.785721
2.3797553	1.3608801	4.9115453	15.826861
2.3828738	1.3473493	4.9107046	15.806291
2.3859923	1.3450941	4.9107046	15.83509
2.3797553	1.3289859	4.9098635	15.83509
2.3875515	1.3199654	4.9098635	15.830975
2.3875515	1.3344628	4.9090228	15.855659
2.384433	1.3196433	4.9107046	15.802177
2.384433	1.3473493	4.9098635	15.855659
2.3875515	1.3492823	4.9115453	15.847431
2.3828738	1.3557255	4.9115453	15.83509
2.3828738	1.3570142	4.9107046	15.839203
2.3797553	1.3670012	4.9081817	15.855659
2.3797553	1.3592693	4.9115453	15.83509
2.3797553	1.3618466	4.9132266	15.826861
2.384433	1.3689342	4.9090228	15.851545
2.3813145	1.350893	4.9123859	15.830975
2.3797553	1.3370401	4.9115453	15.785721
2.384433	1.3312411	4.9115453	15.814519
2.3875515	1.3399395	4.9107046	15.830975
2.3859923	1.3309189	4.9115453	15.826861
2.3813145	1.32512	4.9123859	15.810406
2.3797553	1.3315632	4.9115453	15.839203
2.384433	1.3357514	4.9098635	15.814519
2.3828738	1.3486379	4.9123859	15.847431
2.3797553	1.3267308	4.9107046	15.814519
2.3797553	1.3457384	4.9107046	15.83509
2.3891108	1.3421947	4.9115453	15.822746
2.378196	1.3386508	4.9115453	15.818633
2.3813145	1.3412281	4.9115453	15.814519
2.3875515	1.3612022	4.9107046	15.851545
2.3813145	1.3592693	4.9115453	15.822746
2.3828738	1.338973	4.9098635	15.806291
2.3766367	1.3360735	4.9107046	15.802177
2.3813145	1.3283416	4.9107046	15.843318
2.384433	1.3289859	4.9115453	15.843318
2.3859923	1.321254	4.9123859	15.822746
2.3828738	1.3296303	4.9115453	15.814519
2.3828738	1.3457384	4.9115453	15.810406
2.3813145	1.3396174	4.9107046	15.818633
2.3797553	1.3486379	4.9107046	15.826861
2.384433	1.3454163	4.9107046	15.802177
2.3797553	1.3438054	4.9115453	15.818633
2.3828738	1.3215762	4.9107046	15.822746
2.378196	1.344772	4.9115453	15.855659
2.3813145	1.3476714	4.9123859	15.851545
2.3797553	1.3618466	4.9107046	15.855659
2.3797553	1.3363957	4.9123859	15.810406
2.3828738	1.3367178	4.9107046	15.814519
2.3797553	1.3534703	4.9098635	15.814519
2.3766367	1.3554033	4.9107046	15.826861
2.3797553	1.3386508	4.9123859	15.822746
2.378196	1.3276973	4.9098635	15.843318
2.3828738	1.3470271	4.9115453	15.851545
2.3797553	1.3444498	4.9115453	15.822746
2.3766367	1.3476714	4.9115453	15.818633
2.3797553	1.3399395	4.9107046	15.810406
2.3766367	1.3373622	4.9115453	15.806291
2.3797553	1.3312411	4.9115453	15.785721
2.3797553	1.3344628	4.9115453	15.810406
2.378196	1.342839	4.9107046	15.843318
2.378196	1.3328519	4.9115453	15.818633
2.3750775	1.3228649	4.9115453	15.814519
2.3766367	1.3222206	4.9123859	15.839203
2.3750775	1.3148108	4.9115453	15.806291
2.3797553	1.3276973	4.9115453	15.822746
2.3750775	1.3309189	4.9115453	15.818633
2.371959	1.3376844	4.9107046	15.802177
2.3735182	1.3315632	4.9123859	15.806291
2.378196	1.3463827	4.9115453	15.830975
2.3735182	1.3425168	4.9115453	15.872115
2.3766367	1.3479936	4.9123859	15.818633
2.378196	1.3615245	4.9115453	15.839203
2.3766367	1.3431611	4.9115453	15.826861
2.3735182	1.3460606	4.9115453	15.83509
2.3735182	1.3557255	4.9098635	15.822746
2.3797553	1.3563699	4.9123859	15.802177
2.3688405	1.3470271	4.9115453	15.83509
2.3750775	1.34896	4.9107046	15.830975
2.3735182	1.356692	4.9123859	15.855659
2.3688405	1.344772	4.9132266	15.826861
2.3688405	1.3473493	4.9081817	15.851545
2.3735182	1.3280195	4.9132266	15.814519
2.3735182	1.3434833	4.9107046	15.855659
2.3735182	1.3541147	4.9115453	15.810406
2.3703997	1.3531482	4.9098635	15.847431
2.3750775	1.3483157	4.9115453	15.826861
2.3735182	1.350893	4.9123859	15.839203
2.3735182	1.3544369	4.9115453	15.855659
2.3797553	1.3515373	4.9098635	15.83509
2.3703997	1.3421947	4.9123859	15.818633
2.3766367	1.3222206	4.9115453	15.793949
2.3750775	1.3328519	4.9107046	15.818633
2.3735182	1.3247979	4.9115453	15.810406
2.3688405	1.3412281	4.9107046	15.830975
2.3703997	1.3396174	4.9123859	15.830975
2.371959	1.3473493	4.9123859	15.826861
2.3688405	1.352826	4.9132266	15.826861
2.3703997	1.3492823	4.9115453	15.843318
2.371959	1.3612022	4.9115453	15.847431
2.3750775	1.3354292	4.9115453	15.814519
2.3735182	1.3476714	4.9132266	15.839203
2.3766367	1.3421947	4.9123859	15.847431
2.3750775	1.3302746	4.9132266	15.818633
2.371959	1.3399395	4.9123859	15.830975
2.3766367	1.3312411	4.9107046	15.830975
2.371959	1.3496044	4.9081817	15.859774
2.3672812	1.3479936	4.9081817	15.830975
2.3766367	1.3476714	4.9098635	15.826861
2.3735182	1.3402617	4.9115453	15.810406
2.3688405	1.3518596	4.9123859	15.839203
2.3688405	1.3454163	4.9098635	15.822746
2.3626034	1.3370401	4.9107046	15.818633
2.3688405	1.3383287	4.9123859	15.839203
2.3750775	1.3457384	4.9115453	15.806291
2.371959	1.3457384	4.9107046	15.793949
2.3703997	1.3380065	4.9115453	15.814519
2.371959	1.346705	4.9107046	15.83509
2.3688405	1.3521817	4.9115453	15.843318
2.3688405	1.3460606	4.9107046	15.826861
2.3610442	1.338973	4.9115453	15.843318
2.3672812	1.3276973	4.9115453	15.826861
2.3657219	1.3305968	4.9123859	15.822746
2.3672812	1.3296303	4.9115453	15.843318
2.3672812	1.3421947	4.9115453	15.859774
2.3641627	1.3479936	4.9098635	15.830975
2.3688405	1.3525039	4.9107046	15.847431
2.3672812	1.3589472	4.9115453	15.839203
2.3688405	1.352826	4.9115453	15.822746
2.3672812	1.3537925	4.9115453	15.818633
2.3657219	1.3476714	4.9098635	15.818633
2.3688405	1.3386508	4.9107046	15.830975
2.3641627	1.3351071	4.9115453	15.806291
2.3672812	1.32512	4.9123859	15.810406
2.3641627	1.3228649	4.9107046	15.806291
2.3641627	1.3160994	4.9098635	15.810406
2.3610442	1.323187	4.9107046	15.818633
2.3626034	1.3322076	4.9098635	15.855659
2.3579257	1.3421947	4.9115453	15.843318
2.3657219	1.350893	4.9123859	15.847431
2.3672812	1.3457384	4.9107046	15.822746
2.3703997	1.354759	4.9123859	15.83509
2.3610442	1.3373622	4.9098635	15.806291
2.3672812	1.3460606	4.9132266	15.826861
2.3672812	1.3515373	4.9107046	15.847431
2.3657219	1.3392951	4.9115453	15.851545
2.3703997	1.3463827	4.9098635	15.830975
2.3626034	1.3328519	4.9115453	15.826861
2.3641627	1.344772	4.9098635	15.822746
2.3641627	1.34896	4.9123859	15.83509
2.3688405	1.3383287	4.9098635	15.814519
2.3626034	1.3421947	4.9098635	15.818633
2.3594849	1.315133	4.9115453	15.818633
2.3641627	1.3363957	4.9107046	15.826861
2.3672812	1.3367178	4.9098635	15.847431
2.3610442	1.3347849	4.9107046	15.847431
2.3672812	1.3412281	4.9107046	15.847431
2.3641627	1.344772	4.9115453	15.826861
2.3626034	1.3421947	4.9115453	15.822746
2.3610442	1.3331741	4.9107046	15.826861
2.3641627	1.3502487	4.9123859	15.826861
2.3688405	1.3376844	4.9123859	15.810406
2.3641627	1.3286638	4.9115453	15.822746
2.3657219	1.3315632	4.9123859	15.847431
2.3626034	1.346705	4.9090228	15.83509
2.3626034	1.34896	4.9115453	15.802177
2.3672812	1.3405838	4.9115453	15.818633
2.3626034	1.3531482	4.9098635	15.859774
2.3610442	1.3595915	4.9098635	15.839203
2.3641627	1.356692	4.9115453	15.822746
2.3610442	1.3502487	4.9123859	15.839203
2.3610442	1.3283416	4.9098635	15.818633
2.3641627	1.3354292	4.9107046	15.810406
2.3641627	1.3305968	4.9115453	15.839203
2.3641627	1.323187	4.9107046	15.839203
2.3610442	1.3090118	4.9098635	15.810406
2.3563664	1.321254	4.9115453	15.83509
2.3579257	1.3293082	4.9123859	15.843318
2.3594849	1.3328519	4.9115453	15.847431
2.3610442	1.3309189	4.9132266	15.818633
2.3594849	1.3479936	4.9132266	15.839203
2.3610442	1.352826	4.9107046	15.839203
2.3610442	1.352826	4.9132266	15.793949
2.3641627	1.3444498	4.9107046	15.818633
2.3594849	1.3479936	4.9115453	15.818633
2.3579257	1.346705	4.9107046	15.822746
2.3594849	1.340906	4.9115453	15.843318
2.3548071	1.32512	4.9107046	15.822746
2.3579257	1.3380065	4.9098635	15.847431
2.3594849	1.344772	4.9123859	15.802177
2.3626034	1.3373622	4.9115453	15.806291
2.3594849	1.3418725	4.9115453	15.785721
2.3594849	1.3438054	4.9115453	15.839203
2.3563664	1.3415504	4.9115453	15.830975
2.3626034	1.346705	4.9107046	15.839203
2.3610442	1.338973	4.9107046	15.839203
2.3610442	1.3334962	4.9107046	15.818633
2.3532479	1.3260865	4.9115453	15.810406
2.3563664	1.3241535	4.9115453	15.802177
2.3548071	1.3177103	4.9098635	15.822746
2.3548071	1.3138443	4.9107046	15.793949
2.3532479	1.3331741	4.9098635	15.818633
2.3563664	1.338973	4.9123859	15.83509
2.3532479	1.3396174	4.9123859	15.843318
2.3516886	1.342839	4.9132266	15.826861
2.3532479	1.3586249	4.9132266	15.826861
2.3563664	1.3595915	4.9132266	15.814519
2.3548071	1.3276973	4.9107046	15.785721
2.3532479	1.3331741	4.9115453	15.822746
2.3548071	1.3376844	4.9115453	15.802177
2.3516886	1.3283416	4.9107046	15.822746
2.3563664	1.3189989	4.9123859	15.814519
2.3532479	1.3496044	4.9107046	15.868002
2.3594849	1.3534703	4.9123859	15.839203
2.3579257	1.352826	4.9115453	15.818633
2.3563664	1.3328519	4.9132266	15.798062
2.3501294	1.3302746	4.9107046	15.806291
2.3532479	1.3589472	4.9115453	15.872115
2.3563664	1.3492823	4.9123859	15.818633
2.3516886	1.3273752	4.9123859	15.818633
2.3563664	1.3164216	4.9098635	15.818633
2.3563664	1.3177103	4.9098635	15.843318
2.3563664	1.323187	4.9123859	15.818633
2.3548071	1.3244756	4.9123859	15.806291
2.3532479	1.3235092	4.9115453	15.818633
2.3563664	1.3331741	4.9115453	15.818633
2.3501294	1.3309189	4.9107046	15.802177
2.3548071	1.3386508	4.9115453	15.806291
2.3563664	1.3267308	4.9107046	15.822746
2.3548071	1.3438054	4.9132266	15.814519
2.3516886	1.352826	4.9123859	15.826861
2.3516886	1.3444498	4.9107046	15.826861
2.3548071	1.3312411	4.9123859	15.802177
2.3548071	1.3486379	4.9132266	15.822746
2.3438923	1.3541147	4.9098635	15.826861
2.3485701	1.3502487	4.9115453	15.826861
2.3532479	1.3305968	4.9107046	15.814519
2.3563664	1.3415504	4.9115453	15.83509
2.3470109	1.3502487	4.9115453	15.843318
2.3470109	1.3347849	4.9107046	15.806291
2.3516886	1.3273752	4.9107046	15.814519
2.3485701	1.3380065	4.9107046	15.826861
2.3501294	1.3280195	4.9123859	15.83509
2.3532479	1.340906	4.9123859	15.814519
2.3516886	1.3421947	4.9123859	15.818633
2.3548071	1.3518596	4.9115453	15.822746
2.3485701	1.3624909	4.9115453	15.814519
2.3532479	1.3479936	4.9115453	15.830975
2.3516886	1.3457384	4.9107046	15.802177
2.3548071	1.3470271	4.9115453	15.83509
2.3501294	1.3380065	4.9123859	15.793949
2.3532479	1.3418725	4.9115453	15.843318
2.3532479	1.3370401	4.9123859	15.826861
2.3516886	1.3421947	4.9115453	15.847431
2.3501294	1.3331741	4.9107046	15.822746
2.3501294	1.3357514	4.9115453	15.830975
2.3485701	1.3309189	4.9115453	15.814519
2.3470109	1.3267308	4.9107046	15.814519
2.3532479	1.3280195	4.9107046	15.814519
2.3501294	1.319321	4.9115453	15.793949
2.3470109	1.3338184	4.9115453	15.847431
2.3501294	1.3296303	4.9123859	15.818633
2.3485701	1.3431611	4.9098635	15.843318
2.3470109	1.3570142	4.9107046	15.839203
2.3532479	1.3628131	4.9107046	15.814519
2.3485701	1.3579806	4.9123859	15.814519
2.3516886	1.354759	4.9107046	15.806291
2.3501294	1.3602358	4.9123859	15.839203
2.3485701	1.3473493	4.9098635	15.818633
2.3501294	1.3479936	4.9107046	15.843318
2.3485701	1.3354292	4.9115453	15.810406
2.3438923	1.3302746	4.9115453	15.806291
2.3470109	1.3257643	4.9107046	15.822746
2.3516886	1.3141664	4.9132266	15.818633
2.3454516	1.3222206	4.9115453	15.830975
2.3438923	1.3148108	4.9123859	15.802177
2.3485701	1.3357514	4.9098635	15.826861
2.3470109	1.3354292	4.9132266	15.806291
2.3438923	1.3302746	4.9107046	15.851545
2.3470109	1.3473493	4.9107046	15.855659
2.3485701	1.3537925	4.9123859	15.826861
2.3454516	1.3621688	4.9123859	15.826861
2.3438923	1.3554033	4.9098635	15.822746
2.3485701	1.344772	4.9115453	15.814519
2.3485701	1.3515373	4.9115453	15.789834
2.3485701	1.3470271	4.9107046	15.830975
2.3454516	1.3457384	4.9107046	15.851545
2.3454516	1.3483157	4.9107046	15.847431
2.3454516	1.3573363	4.9107046	15.847431
2.3438923	1.3583028	4.9090228	15.847431
2.3470109	1.34896	4.9107046	15.826861
2.3485701	1.3360735	4.9098635	15.83509
2.3454516	1.3505709	4.9123859	15.830975
2.3407736	1.3322076	4.9123859	15.818633
2.3438923	1.3235092	4.9107046	15.826861
2.3376551	1.3354292	4.9107046	15.839203
2.3376551	1.3276973	4.9098635	15.847431
2.3438923	1.3486379	4.9107046	15.814519
2.3438923	1.340906	4.9140677	15.814519
2.3407736	1.344772	4.9107046	15.806291
2.3345366	1.3515373	4.9107046	15.830975
2.3407736	1.3450941	4.9115453	15.818633
2.3423328	1.3431611	4.9107046	15.814519
2.3392143	1.321254	4.9098635	15.826861
2.3470109	1.3376844	4.9107046	15.83509
2.3454516	1.3476714	4.9090228	15.847431
2.3392143	1.3483157	4.9123859	15.830975
2.3392143	1.3554033	4.9107046	15.843318
2.3376551	1.3383287	4.9107046	15.810406
2.3407736	1.3344628	4.9123859	15.806291
2.3376551	1.3376844	4.9123859	15.851545
2.3470109	1.3347849	4.9123859	15.822746
2.3376551	1.3399395	4.9115453	15.847431
2.3438923	1.3264086	4.9123859	15.826861
2.3438923	1.3376844	4.9107046	15.839203
2.3454516	1.3515373	4.9123859	15.826861
2.3454516	1.3476714	4.9115453	15.798062
2.3438923	1.34896	4.9123859	15.814519
2.3407736	1.3421947	4.9098635	15.810406
2.3423328	1.3518596	4.9123859	15.839203
2.3407736	1.3470271	4.9107046	15.822746
2.3376551	1.3357514	4.9115453	15.855659
2.3407736	1.3492823	4.9107046	15.826861
2.3438923	1.338973	4.9123859	15.806291
2.3392143	1.3354292	4.9123859	15.814519
2.3360958	1.3331741	4.9123859	15.810406
2.3392143	1.3354292	4.9115453	15.83509
2.3470109	1.3496044	4.9098635	15.843318
2.3423328	1.352826	4.9090228	15.859774
2.3360958	1.3415504	4.9098635	15.822746
2.3392143	1.3209319	4.9115453	15.802177
2.3360958	1.3425168	4.9132266	15.822746
2.3392143	1.3499266	4.9123859	15.830975
2.3407736	1.3589472	4.9132266	15.822746
2.3360958	1.3686121	4.9107046	15.847431
2.3360958	1.3602358	4.9107046	15.855659
2.3407736	1.3711894	4.9123859	15.855659
2.3392143	1.3502487	4.9123859	15.806291
2.3360958	1.3463827	4.9090228	15.830975
2.3407736	1.3309189	4.9098635	15.847431
2.3423328	1.3180324	4.9115453	15.785721
2.3329773	1.3157773	4.9098635	15.798062
2.3376551	1.3202876	4.9098635	15.802177
2.3345366	1.3244756	4.9098635	15.839203
2.331418	1.3322076	4.9090228	15.855659
2.3376551	1.3373622	4.9107046	15.826861
2.3392143	1.3412281	4.9115453	15.847431
2.3345366	1.3373622	4.9107046	15.810406
2.3376551	1.3302746	4.9115453	15.818633
2.3376551	1.3438054	4.9107046	15.826861
2.3360958	1.3434833	4.9132266	15.814519
2.3376551	1.3399395	4.9132266	15.826861
2.3360958	1.3347849	4.9115453	15.826861
2.3360958	1.3363957	4.9098635	15.855659
2.3282995	1.3360735	4.9123859	15.818633
2.3298588	1.3273752	4.9107046	15.826861
2.3376551	1.3160994	4.9090228	15.810406
2.3345366	1.3228649	4.9107046	15.830975
2.3360958	1.3344628	4.9107046	15.818633
2.3329773	1.3431611	4.9107046	15.814519
2.3329773	1.3431611	4.9123859	15.843318
2.3423328	1.346705	4.9123859	15.818633
2.3376551	1.3576585	4.9123859	15.847431
2.3360958	1.3621688	4.9115453	15.839203
2.3345366	1.3560476	4.9098635	15.855659
2.3329773	1.3563699	4.9115453	15.822746
2.3298588	1.3421947	4.9132266	15.810406
2.3345366	1.3309189	4.9107046	15.818633
2.3376551	1.3228649	4.9090228	15.802177
2.331418	1.3283416	4.9115453	15.826861
2.3329773	1.3225427	4.9107046	15.822746
2.3282995	1.3189989	4.9090228	15.855659
2.3329773	1.3380065	4.9123859	15.839203
2.3298588	1.3412281	4.9115453	15.830975
2.3345366	1.3405838	4.9123859	15.822746
2.331418	1.3386508	4.9115453	15.843318
2.3345366	1.340906	4.9115453	15.793949
2.3376551	1.3450941	4.9115453	15.806291
2.3282995	1.3218983	4.9123859	15.810406
2.3360958	1.3296303	4.9115453	15.818633
2.3298588	1.352826	4.9107046	15.855659
2.3298588	1.3396174	4.9123859	15.810406
2.3360958	1.3412281	4.9115453	15.855659
2.3298588	1.3199654	4.9123859	15.802177
2.331418	1.3173881	4.9115453	15.818633
2.3345366	1.3267308	4.9115453	15.839203
2.3376551	1.32512	4.9115453	15.822746
2.3298588	1.3125557	4.9115453	15.818633
2.3282995	1.3106227	4.9107046	15.822746
2.3329773	1.3260865	4.9090228	15.851545
2.3345366	1.3267308	4.9115453	15.798062
2.3329773	1.3363957	4.9140677	15.810406
2.331418	1.3273752	4.9115453	15.793949
2.331418	1.3325298	4.9115453	15.814519
2.3298588	1.3293082	4.9123859	15.818633
2.3298588	1.3412281	4.9115453	15.818633
2.3298588	1.3318855	4.9107046	15.839203
2.3345366	1.3486379	4.9115453	15.814519
2.331418	1.3257643	4.9115453	15.785721
2.3282995	1.3431611	4.9098635	15.826861
2.3282995	1.3344628	4.9123859	15.83509
2.3298588	1.3305968	4.9107046	15.818633
2.331418	1.3434833	4.9123859	15.830975
2.3220625	1.3370401	4.9107046	15.851545
2.3267403	1.3363957	4.9115453	15.822746
2.331418	1.3318855	4.9123859	15.822746
2.325181	1.3412281	4.9115453	15.855659
2.331418	1.3438054	4.9132266	15.830975
2.325181	1.346705	4.9115453	15.818633
2.3298588	1.3386508	4.9115453	15.822746
2.3267403	1.3286638	4.9107046	15.818633
2.3267403	1.3454163	4.9115453	15.83509
2.3282995	1.3550812	4.9107046	15.826861
2.331418	1.3431611	4.9123859	15.83509
2.3298588	1.340906	4.9123859	15.818633
2.331418	1.3525039	4.9098635	15.847431
2.3236217	1.3557255	4.9098635	15.802177
2.3267403	1.3441277	4.9123859	15.798062
2.3298588	1.3280195	4.9132266	15.802177
2.3267403	1.3502487	4.9115453	15.847431
2.331418	1.3621688	4.9107046	15.843318
2.331418	1.3418725	4.9098635	15.839203
2.3236217	1.3309189	4.9115453	15.830975
2.3282995	1.3331741	4.9107046	15.830975
2.325181	1.3399395	4.9107046	15.83509
2.325181	1.3299525	4.9115453	15.830975
2.3236217	1.3099784	4.9123859	15.810406
2.3282995	1.3331741	4.9132266	15.810406
2.3236217	1.3463827	4.9107046	15.855659
2.3236217	1.3512152	4.9098635	15.830975
2.325181	1.34896	4.9098635	15.826861
2.3298588	1.3586249	4.9098635	15.814519
2.3236217	1.3608801	4.9107046	15.83509
2.3220625	1.3641018	4.9115453	15.830975
2.3267403	1.3624909	4.9132266	15.818633
2.3236217	1.3492823	4.9090228	15.814519
2.3236217	1.323187	4.9115453	15.781607
2.3236217	1.323187	4.9115453	15.830975
2.3267403	1.3183546	4.9115453	15.83509
2.325181	1.3299525	4.9123859	15.847431
2.3236217	1.3235092	4.9132266	15.830975
2.3282995	1.3479936	4.9115453	15.843318
2.3282995	1.3421947	4.9107046	15.810406
2.3236217	1.3444498	4.9123859	15.802177
2.325181	1.34896	4.9098635	15.843318
2.3220625	1.3360735	4.9123859	15.798062
2.3236217	1.3486379	4.9107046	15.826861
2.3267403	1.3376844	4.9115453	15.822746
2.3267403	1.350893	4.9098635	15.818633
2.3236217	1.3457384	4.9115453	15.818633
2.3205032	1.3570142	4.9115453	15.818633
2.3220625	1.352826	4.9098635	15.818633
2.3267403	1.3515373	4.9115453	15.847431
2.318944	1.3525039	4.9115453	15.83509
2.3236217	1.3425168	4.9098635	15.818633
2.3220625	1.3444498	4.9123859	15.810406
2.3173847	1.3418725	4.9098635	15.818633
2.3142662	1.3392951	4.9098635	15.851545
2.318944	1.3354292	4.9123859	15.839203
2.3220625	1.3512152	4.9090228	15.855659
2.3158255	1.3612022	4.9098635	15.847431
2.3220625	1.3396174	4.9115453	15.822746
2.3236217	1.3492823	4.9107046	15.830975
2.3267403	1.344772	4.9098635	15.818633
2.3205032	1.3318855	4.9098635	15.826861
2.3220625	1.346705	4.9132266	15.810406
2.3220625	1.3599136	4.9115453	15.826861
2.3220625	1.3518596	4.9115453	15.814519
2.3236217	1.3396174	4.9115453	15.839203
2.3267403	1.3415504	4.9132266	15.843318
2.325181	1.3399395	4.9123859	15.851545
2.318944	1.3225427	4.9115453	15.802177
2.3173847	1.3173881	4.9123859	15.798062
2.3220625	1.3125557	4.9107046	15.806291
2.3220625	1.3360735	4.9098635	15.83509
2.318944	1.3276973	4.9123859	15.818633
2.3173847	1.3199654	4.9123859	15.822746
2.3220625	1.3183546	4.9107046	15.810406
2.318944	1.3392951	4.9132266	15.83509
2.318944	1.3505709	4.9115453	15.830975
2.3142662	1.344772	4.9107046	15.83509
2.318944	1.3399395	4.9107046	15.814519
2.3205032	1.3531482	4.9107046	15.826861
2.3220625	1.3676455	4.9115453	15.83509
2.3205032	1.3431611	4.9107046	15.806291
2.3158255	1.3315632	4.9098635	15.810406
2.3220625	1.3299525	4.9107046	15.814519
2.3173847	1.3380065	4.9107046	15.830975
2.3158255	1.3199654	4.9115453	15.830975
2.3205032	1.3090118	4.9107046	15.818633
2.3173847	1.3199654	4.9107046	15.802177
2.318944	1.3402617	4.9098635	15.818633
2.318944	1.346705	4.9115453	15.798062
2.3236217	1.3402617	4.9115453	15.859774
2.3220625	1.3505709	4.9107046	15.839203
2.3173847	1.3699007	4.9098635	15.888571
2.3220625	1.3618466	4.9115453	15.851545
2.318944	1.3363957	4.9115453	15.814519
2.3127069	1.3206097	4.9132266	15.814519
2.3220625	1.3380065	4.9123859	15.843318
2.3173847	1.3431611	4.9107046	15.814519
2.3173847	1.342839	4.9115453	15.830975
2.3158255	1.3460606	4.9115453	15.830975
2.3127069	1.3541147	4.9132266	15.839203
2.318944	1.3576585	4.9115453	15.855659
2.3173847	1.3492823	4.9107046	15.818633
2.3142662	1.346705	4.9098635	15.843318
2.3173847	1.3460606	4.9132266	15.826861
2.3142662	1.3338184	4.9107046	15.806291
2.3205032	1.3267308	4.9098635	15.822746
2.318944	1.3305968	4.9098635	15.822746
2.3127069	1.3286638	4.9107046	15.826861
2.3142662	1.3421947	4.9098635	15.839203
2.318944	1.3479936	4.9115453	15.851545
2.3142662	1.3441277	4.9107046	15.826861
2.3173847	1.3405838	4.9123859	15.802177
2.3142662	1.3531482	4.9098635	15.826861
2.3173847	1.350893	4.9115453	15.814519
2.3205032	1.3431611	4.9123859	15.847431
2.3173847	1.3412281	4.9107046	15.83509
2.318944	1.3450941	4.9123859	15.826861
2.3142662	1.3579806	4.9123859	15.863887
2.3142662	1.3367178	4.9107046	15.843318
2.3158255	1.3431611	4.9107046	15.814519
2.3127069	1.3399395	4.9123859	15.814519
2.3142662	1.3421947	4.9115453	15.806291
2.3111475	1.3534703	4.9107046	15.83509
2.3111475	1.3515373	4.9132266	15.826861
2.3127069	1.3628131	4.9090228	15.843318
2.3095882	1.3682898	4.9107046	15.851545
2.318944	1.3450941	4.9115453	15.798062
2.318944	1.3312411	4.9098635	15.814519
2.3142662	1.3328519	4.9107046	15.814519
2.3158255	1.356692	4.9107046	15.839203
2.3127069	1.3479936	4.9107046	15.822746
2.3127069	1.3264086	4.9123859	15.818633
2.3142662	1.3309189	4.9123859	15.851545
2.3111475	1.3460606	4.9123859	15.839203
2.3064697	1.3438054	4.9107046	15.855659
2.3158255	1.3186767	4.9098635	15.806291
2.3158255	1.3392951	4.9123859	15.839203
2.3095882	1.3392951	4.9115453	15.814519
2.3111475	1.3502487	4.9123859	15.830975
2.3080289	1.3421947	4.9115453	15.830975
2.3064697	1.3541147	4.9107046	15.822746
2.3127069	1.3570142	4.9123859	15.814519
2.3080289	1.3425168	4.9115453	15.830975
2.3095882	1.3499266	4.9107046	15.851545
2.3111475	1.3512152	4.9081817	15.826861
2.3080289	1.3541147	4.9123859	15.798062
2.3095882	1.3479936	4.9115453	15.810406
2.3095882	1.3222206	4.9115453	15.798062
2.3080289	1.3360735	4.9123859	15.83509
2.3080289	1.3235092	4.9098635	15.814519
2.3095882	1.3444498	4.9107046	15.872115
2.3127069	1.3273752	4.9115453	15.818633
2.3095882	1.3183546	4.9115453	15.810406
2.3158255	1.3434833	4.9098635	15.851545
2.3111475	1.3235092	4.9107046	15.818633
2.3033512	1.3244756	4.9123859	15.806291
2.3127069	1.3141664	4.9115453	15.814519
2.3095882	1.3322076	4.9107046	15.839203
2.3127069	1.3264086	4.9107046	15.806291
2.3111475	1.3347849	4.9132266	15.818633
2.3080289	1.352826	4.9107046	15.822746
2.3142662	1.3560476	4.9115453	15.830975
2.3080289	1.3518596	4.9123859	15.789834
2.3095882	1.3438054	4.9107046	15.806291
2.3095882	1.3222206	4.9123859	15.793949
2.3080289	1.3244756	4.9098635	15.814519
2.3064697	1.3080454	4.9123859	15.814519
2.3049104	1.309334	4.9123859	15.810406
2.3017919	1.2967696	4.9115453	15.847431
2.3095882	1.3083675	4.9107046	15.818633
2.3080289	1.3218983	4.9098635	15.843318
2.3095882	1.3421947	4.9115453	15.839203
2.3080289	1.3431611	4.9123859	15.83509
2.3080289	1.3450941	4.9115453	15.822746
2.3033512	1.3554033	4.9098635	15.839203
2.3142662	1.3457384	4.9107046	15.868002
2.3095882	1.3512152	4.9107046	15.810406
2.3111475	1.3225427	4.9123859	15.806291
2.3064697	1.3106227	4.9123859	15.802177
2.3049104	1.3476714	4.9107046	15.884458
2.3080289	1.3525039	4.9107046	15.818633
2.3064697	1.344772	4.9107046	15.822746
2.3049104	1.3296303	4.9123859	15.814519
2.3111475	1.3454163	4.9115453	15.822746
2.3049104	1.3438054	4.9132266	15.826861
2.3049104	1.3267308	4.9098635	15.826861
2.3064697	1.3180324	4.9115453	15.83509
2.3017919	1.3405838	4.9123859	15.843318
2.3127069	1.3573363	4.9107046	15.851545
2.3064697	1.3418725	4.9115453	15.826861
2.3017919	1.3402617	4.9107046	15.818633
2.3033512	1.340906	4.9123859	15.810406
2.3033512	1.3486379	4.9115453	15.822746
2.3033512	1.346705	4.9115453	15.863887
2.3049104	1.3592693	4.9090228	15.83509
2.3002326	1.34896	4.9098635	15.818633
2.3080289	1.3454163	4.9107046	15.798062
2.3033512	1.3434833	4.9123859	15.818633
2.3017919	1.3328519	4.9115453	15.822746
2.3033512	1.3441277	4.9107046	15.826861
2.3049104	1.3235092	4.9132266	15.83509
2.3033512	1.3315632	4.9115453	15.806291
2.3033512	1.3344628	4.9107046	15.839203
2.3080289	1.3254422	4.9107046	15.818633
2.3049104	1.3341405	4.9107046	15.855659
2.3017919	1.3196433	4.9123859	15.810406
2.3002326	1.3386508	4.9123859	15.843318
2.3049104	1.3380065	4.9107046	15.851545
2.2986736	1.3460606	4.9107046	15.822746
2.3049104	1.3515373	4.9107046	15.822746
2.3017919	1.3554033	4.9107046	15.83509
2.3017919	1.3421947	4.9115453	15.830975
2.3033512	1.3441277	4.9123859	15.810406
2.2971144	1.3405838	4.9115453	15.806291
2.3017919	1.3412281	4.9123859	15.826861
2.3017919	1.3157773	4.9123859	15.798062
2.3002326	1.3025686	4.9098635	15.818633
2.3095882	1.2922593	4.9132266	15.793949
2.3049104	1.2964475	4.9115453	15.810406
2.3017919	1.3138443	4.9107046	15.814519
2.3017919	1.3238313	4.9115453	15.798062
2.3002326	1.3235092	4.9123859	15.806291
2.3049104	1.3421947	4.9115453	15.826861
2.3017919	1.3460606	4.9115453	15.830975
2.3017919	1.3483157	4.9132266	15.822746
2.2986736	1.342839	4.9115453	15.839203
2.3017919	1.3544369	4.9115453	15.839203
2.2986736	1.352826	4.9115453	15.822746
2.2986736	1.3573363	4.9107046	15.818633
2.3049104	1.3450941	4.9107046	15.818633
2.3017919	1.3392951	4.9098635	15.814519
2.3002326	1.3521817	4.9098635	15.822746
2.2971144	1.3318855	4.9123859	15.822746
2.3064697	1.3164216	4.9115453	15.798062
2.3049104	1.3160994	4.9123859	15.810406
2.3033512	1.3160994	4.9098635	15.814519
2.2986736	1.3283416	4.9123859	15.851545
2.3033512	1.3347849	4.9123859	15.814519
2.2986736	1.350893	4.9132266	15.818633
2.2986736	1.3373622	4.9115453	15.789834
2.3017919	1.3531482	4.9115453	15.83509
2.3017919	1.3473493	4.9115453	15.818633
2.2986736	1.3544369	4.9123859	15.839203
2.2939959	1.3341405	4.9107046	15.818633
2.3033512	1.3415504	4.9098635	15.822746
2.3017919	1.3505709	4.9098635	15.826861
2.3033512	1.3399395	4.9123859	15.818633
2.2986736	1.3309189	4.9132266	15.806291
2.3002326	1.3196433	4.9115453	15.810406
2.2986736	1.3302746	4.9107046	15.826861
2.3002326	1.3125557	4.9123859	15.810406
2.2986736	1.3199654	4.9107046	15.826861
2.2986736	1.32512	4.9115453	15.826861
2.2986736	1.3331741	4.9115453	15.830975
2.3033512	1.3373622	4.9123859	15.818633
2.3002326	1.3299525	4.9123859	15.818633
2.3017919	1.3373622	4.9115453	15.814519
2.2971144	1.3373622	4.9115453	15.818633
2.2986736	1.3615245	4.9123859	15.847431
2.2986736	1.3518596	4.9098635	15.826861
2.2955551	1.3492823	4.9098635	15.830975
2.2986736	1.3470271	4.9107046	15.83509
2.2986736	1.3286638	4.9115453	15.810406
2.2971144	1.3167437	4.9115453	15.793949
2.2971144	1.3157773	4.9107046	15.818633
2.2986736	1.3218983	4.9115453	15.818633
2.2986736	1.3209319	4.9098635	15.826861
2.3017919	1.3438054	4.9123859	15.822746
2.3002326	1.338973	4.9132266	15.822746
2.2939959	1.3463827	4.9132266	15.818633
2.3017919	1.3370401	4.9107046	15.806291
2.2955551	1.3450941	4.9115453	15.83509
2.3017919	1.3557255	4.9115453	15.839203
2.2971144	1.3421947	4.9115453	15.814519
2.2939959	1.344772	4.9098635	15.83509
2.2955551	1.3457384	4.9107046	15.830975
2.2939959	1.3544369	4.9115453	15.818633
2.2924364	1.344772	4.9107046	15.802177
2.2971144	1.3325298	4.9123859	15.806291
2.2939959	1.338973	4.9107046	15.855659
2.2924364	1.3280195	4.9090228	15.793949
2.2971144	1.3244756	4.9123859	15.826861
2.2939959	1.32512	4.9115453	15.83509
2.2939959	1.3328519	4.9115453	15.818633
2.2986736	1.3315632	4.9115453	15.810406
2.2908771	1.3415504	4.9115453	15.822746
2.2908771	1.3351071	4.9115453	15.830975
2.2986736	1.3344628	4.9123859	15.814519
2.2877586	1.3367178	4.9115453	15.822746
2.2971144	1.3476714	4.9107046	15.839203
2.2939959	1.3383287	4.9123859	15.814519
2.2955551	1.3228649	4.9115453	15.789834
2.2893178	1.3286638	4.9123859	15.806291
2.2877586	1.3299525	4.9132266	15.822746
2.2939959	1.3450941	4.9098635	15.822746
2.2986736	1.3351071	4.9098635	15.793949
2.2939959	1.3525039	4.9132266	15.806291
2.2986736	1.3595915	4.9107046	15.868002
2.2955551	1.3370401	4.9098635	15.818633
2.2924364	1.3502487	4.9123859	15.839203
2.2908771	1.3225427	4.9115453	15.814519
2.2908771	1.3341405	4.9115453	15.826861
2.2939959	1.3370401	4.9115453	15.847431
2.2924364	1.3360735	4.9098635	15.826861
2.2908771	1.3479936	4.9098635	15.851545
2.2893178	1.3260865	4.9123859	15.798062
2.2955551	1.3438054	4.9123859	15.83509
2.2955551	1.3499266	4.9115453	15.83509
2.2939959	1.3492823	4.9107046	15.851545
2.2971144	1.3367178	4.9098635	15.810406
2.2986736	1.3280195	4.9115453	15.806291
2.2955551	1.3492823	4.9123859	15.822746
2.2955551	1.3473493	4.9107046	15.83509
2.2924364	1.3412281	4.9098635	15.802177
2.2939959	1.3421947	4.9115453	15.806291
2.2893178	1.3444498	4.9107046	15.830975
2.2893178	1.3512152	4.9107046	15.83509
2.2893178	1.3412281	4.9115453	15.822746
2.2908771	1.346705	4.9140677	15.822746
2.2846401	1.3450941	4.9115453	15.810406
2.2908771	1.3376844	4.9115453	15.83509
2.2939959	1.3296303	4.9107046	15.826861
2.2893178	1.3463827	4.9115453	15.855659
2.2924364	1.3599136	4.9098635	15.843318
2.2939959	1.3679677	4.9115453	15.851545
2.2939959	1.3615245	4.9123859	15.839203
2.2861993	1.3673234	4.9107046	15.839203
2.2877586	1.374411	4.9115453	15.863887
2.2939959	1.34896	4.9107046	15.818633
2.2955551	1.3450941	4.9107046	15.826861
2.2893178	1.3302746	4.9098635	15.806291
2.2877586	1.3257643	4.9098635	15.818633
2.2939959	1.3164216	4.9090228	15.814519
2.2955551	1.3286638	4.9098635	15.847431
2.2971144	1.3241535	4.9107046	15.814519
2.2939959	1.3283416	4.9107046	15.810406
2.2955551	1.3418725	4.9090228	15.847431
2.2971144	1.3392951	4.9115453	15.822746
2.2908771	1.3328519	4.9132266	15.785721
2.2939959	1.3341405	4.9115453	15.830975
2.2908771	1.338973	4.9115453	15.859774
2.2893178	1.3457384	4.9098635	15.855659
2.2877586	1.3367178	4.9123859	15.818633
2.2861993	1.3328519	4.9132266	15.818633
2.2893178	1.32512	4.9115453	15.793949
2.2924364	1.3392951	4.9132266	15.826861
2.2861993	1.3186767	4.9115453	15.806291
2.2877586	1.3296303	4.9123859	15.851545
2.2861993	1.3299525	4.9123859	15.814519
2.2861993	1.3183546	4.9123859	15.818633
2.2861993	1.3215762	4.9107046	15.802177
2.2893178	1.3186767	4.9098635	15.839203
2.2908771	1.3199654	4.9115453	15.793949
2.2893178	1.3331741	4.9115453	15.839203
2.2908771	1.338973	4.9107046	15.826861
2.2939959	1.3421947	4.9107046	15.826861
2.2908771	1.3370401	4.9115453	15.830975
2.2955551	1.352826	4.9115453	15.839203
2.2955551	1.3576585	4.9107046	15.863887
2.2955551	1.3557255	4.9098635	15.83509
2.2893178	1.3499266	4.9107046	15.830975
2.2893178	1.3589472	4.9115453	15.822746
2.2893178	1.3715115	4.9123859	15.855659
2.2861993	1.3450941	4.9107046	15.810406
2.2908771	1.3276973	4.9132266	15.822746
2.2861993	1.3322076	4.9123859	15.843318
2.2877586	1.3299525	4.9107046	15.822746
2.2877586	1.3331741	4.9098635	15.855659
2.2877586	1.3164216	4.9098635	15.814519
2.2939959	1.3267308	4.9107046	15.83509
2.2861993	1.3322076	4.9098635	15.810406
2.2815216	1.3286638	4.9123859	15.789834
2.2830808	1.3164216	4.9098635	15.810406
2.2861993	1.3244756	4.9115453	15.810406
2.2846401	1.3473493	4.9107046	15.851545
2.2861993	1.3360735	4.9107046	15.822746
2.2893178	1.3544369	4.9132266	15.851545
2.2877586	1.3544369	4.9098635	15.839203
2.2893178	1.3576585	4.9107046	15.826861
2.2861993	1.344772	4.9115453	15.818633
2.2861993	1.3280195	4.9115453	15.793949
2.2893178	1.3273752	4.9107046	15.826861
2.2908771	1.3222206	4.9115453	15.818633
2.2861993	1.319321	4.9115453	15.847431
2.2908771	1.3106227	4.9115453	15.826861
2.2877586	1.2922593	4.9115453	15.802177
2.2908771	1.3247979	4.9123859	15.818633
2.2893178	1.3341405	4.9123859	15.830975
2.2830808	1.3235092	4.9115453	15.793949
2.2861993	1.3173881	4.9132266	15.798062
2.2893178	1.3399395	4.9140677	15.839203
2.2830808	1.3431611	4.9123859	15.826861
2.2846401	1.3328519	4.9132266	15.826861
2.2861993	1.3325298	4.9107046	15.822746
2.2877586	1.3415504	4.9098635	15.847431
2.2846401	1.3457384	4.9107046	15.818633
2.2877586	1.3537925	4.9107046	15.818633
2.2877586	1.3612022	4.9098635	15.830975
2.2861993	1.3631352	4.9123859	15.839203
2.2908771	1.3673234	4.9098635	15.826861
2.2846401	1.3721558	4.9123859	15.847431
2.2877586	1.3531482	4.9115453	15.839203
2.2877586	1.3515373	4.9107046	15.826861
2.2830808	1.3254422	4.9123859	15.798062
2.2877586	1.3148108	4.9123859	15.814519
2.2846401	1.3206097	4.9132266	15.806291
2.2877586	1.3215762	4.9098635	15.822746
2.2861993	1.338973	4.9107046	15.810406
2.2939959	1.3434833	4.9115453	15.839203
2.2846401	1.3534703	4.9132266	15.822746
2.2861993	1.354759	4.9123859	15.851545
2.2924364	1.3521817	4.9115453	15.822746
2.2908771	1.3486379	4.9123859	15.83509
2.2846401	1.3380065	4.9107046	15.810406
2.2893178	1.3344628	4.9107046	15.814519
2.2799623	1.3454163	4.9107046	15.843318
2.2861993	1.3470271	4.9115453	15.843318
2.278403	1.3318855	4.9115453	15.822746
2.2799623	1.3357514	4.9132266	15.822746
2.2799623	1.3492823	4.9115453	15.826861
2.2799623	1.3537925	4.9107046	15.806291
2.2815216	1.3318855	4.9123859	15.789834
2.2815216	1.3386508	4.9123859	15.822746
2.278403	1.3373622	4.9115453	15.793949
2.2768438	1.3325298	4.9115453	15.798062
2.2815216	1.3260865	4.9115453	15.814519
2.2846401	1.3267308	4.9098635	15.826861
2.2815216	1.3305968	4.9090228	15.814519
2.2815216	1.3412281	4.9090228	15.793949
2.2861993	1.3483157	4.9115453	15.843318
2.2877586	1.3370401	4.9107046	15.810406
2.2861993	1.3479936	4.9115453	15.83509
2.2799623	1.3502487	4.9098635	15.839203
2.2830808	1.3554033	4.9115453	15.851545
2.2846401	1.3473493	4.9098635	15.839203
2.2799623	1.3570142	4.9098635	15.826861
2.2815216	1.3531482	4.9115453	15.814519
2.2815216	1.3512152	4.9107046	15.843318
2.2799623	1.3438054	4.9123859	15.810406
2.2799623	1.3570142	4.9098635	15.83509
2.2815216	1.3586249	4.9107046	15.802177
2.2815216	1.3505709	4.9115453	15.818633
2.2799623	1.354759	4.9098635	15.826861
2.2799623	1.3557255	4.9115453	15.818633
2.2830808	1.354759	4.9107046	15.818633
2.2768438	1.3492823	4.9107046	15.806291
2.2799623	1.3380065	4.9115453	15.806291
2.2861993	1.350893	4.9115453	15.830975
2.2815216	1.3392951	4.9107046	15.839203
2.2799623	1.3354292	4.9115453	15.826861
2.2799623	1.32512	4.9115453	15.822746
2.2830808	1.3276973	4.9115453	15.826861
2.2815216	1.3305968	4.9098635	15.830975
2.2752845	1.3267308	4.9123859	15.814519
2.2799623	1.3331741	4.9123859	15.814519
2.2799623	1.319321	4.9098635	15.822746
2.2737253	1.3280195	4.9098635	15.814519
2.2768438	1.3360735	4.9115453	15.822746
2.278403	1.3405838	4.9115453	15.855659
2.278403	1.3550812	4.9115453	15.822746
2.2768438	1.3550812	4.9123859	15.826861
2.2799623	1.3618466	4.9123859	15.83509
2.2799623	1.3421947	4.9098635	15.810406
2.2768438	1.3293082	4.9107046	15.785721
2.2768438	1.3302746	4.9107046	15.806291
2.272166	1.3254422	4.9115453	15.814519
2.2799623	1.319321	4.9107046	15.810406
2.2752845	1.3180324	4.9115453	15.818633
2.2815216	1.3222206	4.9123859	15.83509
2.2768438	1.3202876	4.9098635	15.826861
2.2768438	1.3363957	4.9115453	15.830975
2.2799623	1.3363957	4.9115453	15.814519
2.2737253	1.3399395	4.9107046	15.802177
2.2799623	1.3363957	4.9107046	15.806291
2.2799623	1.3454163	4.9098635	15.851545
2.2752845	1.3576585	4.9107046	15.851545
2.2768438	1.3534703	4.9115453	15.855659
2.2768438	1.340906	4.9140677	15.818633
2.2737253	1.3457384	4.9115453	15.806291
2.2799623	1.3496044	4.9090228	15.806291
2.2799623	1.3583028	4.9115453	15.859774
2.2799623	1.3473493	4.9123859	15.802177
2.278403	1.3415504	4.9115453	15.810406
2.2815216	1.3318855	4.9123859	15.798062
2.2815216	1.3386508	4.9123859	15.826861
2.2768438	1.3286638	4.9115453	15.818633
2.2752845	1.3344628	4.9115453	15.818633
2.278403	1.3415504	4.9123859	15.843318
2.2815216	1.3289859	4.9115453	15.814519
2.2768438	1.3296303	4.9098635	15.839203
2.2830808	1.3441277	4.9107046	15.826861
2.2799623	1.3615245	4.9107046	15.855659
2.2752845	1.3521817	4.9098635	15.847431
2.2706068	1.3692564	4.9115453	15.843318
2.2737253	1.3753774	4.9098635	15.855659
2.2752845	1.3692564	4.9107046	15.810406
2.2752845	1.3450941	4.9115453	15.802177
2.2737253	1.344772	4.9115453	15.847431
2.2768438	1.350893	4.9132266	15.847431
2.2737253	1.3289859	4.9098635	15.830975
2.2690475	1.3309189	4.9115453	15.83509
2.265929	1.3296303	4.9132266	15.839203
2.2706068	1.3325298	4.9107046	15.83509
2.2752845	1.3396174	4.9123859	15.789834
2.272166	1.3325298	4.9115453	15.83509
2.2737253	1.3405838	4.9115453	15.855659
2.272166	1.3328519	4.9090228	15.83509
2.2737253	1.3450941	4.9098635	15.839203
2.2768438	1.3537925	4.9132266	15.847431
2.2737253	1.3634574	4.9098635	15.855659
2.2690475	1.3689342	4.9115453	15.822746
2.272166	1.3592693	4.9115453	15.822746
2.272166	1.3518596	4.9132266	15.802177
2.2737253	1.3412281	4.9107046	15.810406
2.2752845	1.3238313	4.9123859	15.810406
2.2737253	1.3241535	4.9107046	15.83509
2.2737253	1.3160994	4.9123859	15.810406
2.2737253	1.317066	4.9107046	15.830975
2.272166	1.3199654	4.9123859	15.818633
2.2737253	1.3222206	4.9115453	15.810406
2.2690475	1.3260865	4.9115453	15.802177
2.2706068	1.3309189	4.9107046	15.806291
2.272166	1.344772	4.9107046	15.802177
2.2737253	1.3531482	4.9115453	15.843318
2.2690475	1.3418725	4.9123859	15.851545
2.2690475	1.354759	4.9115453	15.859774
2.2690475	1.3537925	4.9115453	15.830975
2.2737253	1.3608801	4.9140677	15.826861
2.2674882	1.340906	4.9115453	15.806291
2.2706068	1.3457384	4.9107046	15.822746
2.2752845	1.3502487	4.9107046	15.839203
2.2690475	1.3322076	4.9107046	15.814519
2.2706068	1.319321	4.9123859	15.826861
2.2737253	1.3228649	4.9115453	15.830975
2.2737253	1.3254422	4.9107046	15.826861
2.2690475	1.3315632	4.9098635	15.818633
2.272166	1.3257643	4.9098635	15.826861
2.2752845	1.3302746	4.9107046	15.818633
2.2706068	1.3473493	4.9115453	15.806291
2.2706068	1.3602358	4.9123859	15.814519
2.272166	1.3434833	4.9098635	15.822746
2.2737253	1.3318855	4.9107046	15.818633
2.2737253	1.3289859	4.9107046	15.830975
2.2674882	1.3180324	4.9115453	15.830975
2.2706068	1.3215762	4.9132266	15.826861
2.2706068	1.3399395	4.9115453	15.839203
2.272166	1.3438054	4.9115453	15.830975
2.2706068	1.3405838	4.9123859	15.83509
2.272166	1.3502487	4.9107046	15.851545
2.2690475	1.3570142	4.9123859	15.83509
2.2752845	1.3525039	4.9132266	15.818633
2.2706068	1.3276973	4.9132266	15.814519
2.265929	1.3479936	4.9115453	15.847431
2.272166	1.3363957	4.9115453	15.822746
2.272166	1.3386508	4.9123859	15.810406
2.2643697	1.3334962	4.9115453	15.814519
2.2737253	1.3325298	4.9107046	15.802177
2.272166	1.3354292	4.9115453	15.818633
2.2752845	1.3318855	4.9115453	15.822746
2.2690475	1.3241535	4.9107046	15.806291
2.2643697	1.3206097	4.9098635	15.789834
2.2752845	1.3380065	4.9107046	15.818633
2.272166	1.3499266	4.9107046	15.855659
2.2706068	1.3573363	4.9107046	15.826861
2.265929	1.3608801	4.9123859	15.826861
2.2706068	1.3579806	4.9107046	15.826861
2.2690475	1.3463827	4.9115453	15.847431
2.2674882	1.3473493	4.9107046	15.830975
2.2690475	1.3518596	4.9132266	15.847431
2.265929	1.3405838	4.9132266	15.814519
2.2706068	1.3247979	4.9123859	15.785721
2.2690475	1.3080454	4.9123859	15.789834
2.2690475	1.3244756	4.9107046	15.818633
2.261251	1.3302746	4.9115453	15.839203
2.265929	1.3347849	4.9107046	15.851545
2.2674882	1.342839	4.9115453	15.830975
2.2628105	1.3579806	4.9123859	15.818633
2.2690475	1.3592693	4.9132266	15.818633
2.272166	1.3399395	4.9098635	15.802177
2.2643697	1.3531482	4.9098635	15.818633
2.2706068	1.3502487	4.9107046	15.83509
2.2690475	1.350893	4.9115453	15.83509
2.2643697	1.3380065	4.9107046	15.830975
2.2674882	1.3460606	4.9115453	15.859774
2.265929	1.34896	4.9123859	15.855659
2.2690475	1.3405838	4.9115453	15.818633
2.2706068	1.3222206	4.9115453	15.802177
2.265929	1.3225427	4.9123859	15.814519
2.2674882	1.3260865	4.9098635	15.818633
2.2690475	1.3325298	4.9098635	15.830975
2.265929	1.3486379	4.9115453	15.83509
2.2674882	1.3486379	4.9132266	15.859774
2.2706068	1.3492823	4.9115453	15.798062
2.2643697	1.3624909	4.9123859	15.826861
2.2643697	1.3631352	4.9098635	15.83509
2.265929	1.3679677	4.9090228	15.863887
2.2643697	1.3512152	4.9107046	15.802177
2.261251	1.3631352	4.9098635	15.830975
2.2643697	1.3328519	4.9115453	15.826861
2.2643697	1.3392951	4.9115453	15.822746
2.261251	1.321254	4.9115453	15.814519
2.2643697	1.3247979	4.9140677	15.822746
2.2643697	1.3402617	4.9123859	15.855659
2.2674882	1.3312411	4.9115453	15.818633
2.2643697	1.3383287	4.9132266	15.810406
2.265929	1.3338184	4.9123859	15.826861
2.2643697	1.3302746	4.9123859	15.806291
2.265929	1.3454163	4.9107046	15.826861
2.261251	1.3450941	4.9107046	15.830975
2.265929	1.3554033	4.9123859	15.843318
2.261251	1.3399395	4.9098635	15.802177
2.261251	1.3476714	4.9123859	15.814519
2.2643697	1.3563699	4.9107046	15.830975
2.2628105	1.3502487	4.9107046	15.802177
2.2628105	1.3296303	4.9098635	15.814519
2.2690475	1.323187	4.9115453	15.810406
2.261251	1.3293082	4.9115453	15.83509
2.2643697	1.3173881	4.9115453	15.818633
2.2674882	1.311267	4.9115453	15.822746
2.265929	1.3296303	4.9123859	15.830975
2.265929	1.3399395	4.9115453	15.863887
2.2643697	1.3463827	4.9132266	15.814519
2.2643697	1.3418725	4.9098635	15.818633
2.261251	1.3386508	4.9107046	15.851545
2.2706068	1.346705	4.9123859	15.843318
2.2643697	1.3305968	4.9123859	15.818633
2.2596917	1.3241535	4.9107046	15.822746
2.261251	1.3505709	4.9140677	15.859774
2.2643697	1.3560476	4.9115453	15.826861
2.2628105	1.3460606	4.9123859	15.802177
2.2628105	1.340906	4.9115453	15.822746
2.2674882	1.3515373	4.9123859	15.818633
2.261251	1.350893	4.9090228	15.830975
2.2643697	1.3376844	4.9123859	15.822746
2.2706068	1.3376844	4.9098635	15.843318
2.2628105	1.3218983	4.9098635	15.802177
2.2643697	1.315133	4.9115453	15.806291
2.2628105	1.3077232	4.9115453	15.818633
2.2628105	1.3338184	4.9107046	15.839203
2.2628105	1.3286638	4.9123859	15.818633
2.2581325	1.327053	4.9098635	15.818633
2.2596917	1.338973	4.9107046	15.851545
2.2565732	1.3534703	4.9123859	15.847431
2.265929	1.3483157	4.9123859	15.83509
2.2643697	1.3402617	4.9115453	15.818633
2.261251	1.3444498	4.9115453	15.839203
2.2596917	1.3305968	4.9107046	15.806291
2.261251	1.3293082	4.9123859	15.806291
2.261251	1.3344628	4.9123859	15.839203
2.261251	1.3148108	4.9123859	15.810406
2.2565732	1.3244756	4.9115453	15.826861
2.261251	1.3086897	4.9123859	15.810406
2.2550139	1.3122334	4.9123859	15.830975
2.2596917	1.3267308	4.9115453	15.826861
2.261251	1.3257643	4.9115453	15.802177
2.261251	1.3331741	4.9123859	15.818633
2.2581325	1.3315632	4.9115453	15.839203
2.2596917	1.3457384	4.9098635	15.851545
2.2596917	1.3431611	4.9090228	15.843318
2.2643697	1.3492823	4.9090228	15.859774
2.2706068	1.354759	4.9115453	15.843318
2.261251	1.3392951	4.9115453	15.810406
