Fout	Lin	Lout	sono
1.5408702	0.66823006	10.654545	19.134537
1.5502259	1.048382	10.652022	19.175676
1.5377517	1.2626203	10.653704	19.150991
1.5377517	1.3934186	10.653704	19.167448
1.5393109	1.4897454	10.654545	19.167448
1.5408702	1.5235724	10.652864	19.163334
1.5439887	1.5519228	10.652864	19.163334
1.5330739	1.564165	10.654545	19.163334
1.5408702	1.5741521	10.654545	19.15922
1.5361924	1.58575	10.654545	19.167448
1.5408702	1.5776958	10.653704	19.163334
1.5377517	1.5860721	10.653704	19.196245
1.5424294	1.5950927	10.652864	19.192133
1.5361924	1.6070127	10.652022	19.188017
1.5408702	1.6002473	10.652864	19.17156
1.5408702	1.6086235	10.652864	19.183905
1.5408702	1.6005695	10.654545	19.134537
1.5439887	1.6141003	10.652864	19.179789
1.5377517	1.6060462	10.652864	19.167448
1.5361924	1.6066905	10.653704	19.17156
1.5408702	1.5983143	10.654545	19.167448
1.545548	1.6095901	10.654545	19.175676
1.5424294	1.6015359	10.652022	19.188017
1.5377517	1.5925153	10.654545	19.175676
1.5439887	1.5754408	10.655386	19.130421
1.5408702	1.5889716	10.653704	19.15922
1.5377517	1.5999252	10.653704	19.179789
1.5377517	1.595737	10.654545	19.155106
1.5393109	1.5967035	10.655386	19.155106
1.5315145	1.6089457	10.652864	19.179789
1.5361924	1.6028246	10.654545	19.179789
1.545548	1.6028246	10.654545	19.150991
1.5393109	1.593804	10.652864	19.146877
1.5424294	1.6089457	10.656226	19.15922
1.5393109	1.6021802	10.654545	19.155106
1.5424294	1.5873607	10.653704	19.146877
1.5439887	1.6025025	10.653704	19.204473
1.5377517	1.5996029	10.652022	19.175676
1.5408702	1.5896159	10.653704	19.17156
1.5424294	1.5715748	10.656226	19.134537
1.5408702	1.5764072	10.653704	19.150991
1.545548	1.5744742	10.654545	19.167448
1.5377517	1.5834948	10.654545	19.175676
1.5361924	1.5928376	10.654545	19.15922
1.5393109	1.581884	10.653704	19.15922
1.5393109	1.591871	10.653704	19.150991
1.5408702	1.6044354	10.657067	19.192133
1.5439887	1.5963813	10.654545	19.142763
1.5408702	1.6073349	10.654545	19.146877
1.5361924	1.6176441	10.65118	19.142763
1.5346332	1.6050798	10.654545	19.150991
1.545548	1.5947706	10.653704	19.138649
1.5377517	1.6073349	10.654545	19.196245
1.5377517	1.6163554	10.653704	19.196245
1.5393109	1.5970256	10.653704	19.179789
1.5361924	1.5931597	10.656226	19.17156
1.5424294	1.5889716	10.654545	19.146877
1.5424294	1.5928376	10.654545	19.163334
1.5439887	1.5851057	10.656226	19.142763
1.5424294	1.5941262	10.652864	19.146877
1.5408702	1.5960592	10.654545	19.130421
1.5361924	1.5883273	10.652864	19.142763
1.5424294	1.5989586	10.655386	19.15922
1.5424294	1.6037911	10.654545	19.138649
1.5408702	1.6057241	10.653704	19.150991
1.545548	1.6089457	10.652022	19.146877
1.5393109	1.6208657	10.65118	19.163334
1.5408702	1.6121674	10.654545	19.175676
1.5377517	1.6028246	10.654545	19.175676
1.5439887	1.5844613	10.654545	19.15922
1.5424294	1.5944483	10.654545	19.17156
1.5377517	1.5844613	10.654545	19.150991
1.5393109	1.5921932	10.652022	19.175676
1.5393109	1.6031468	10.655386	19.142763
1.5408702	1.6131338	10.654545	19.175676
1.5377517	1.6015359	10.654545	19.105738
1.5393109	1.611523	10.655386	19.138649
1.5439887	1.6137781	10.652864	19.15922
1.5393109	1.6160333	10.654545	19.150991
1.5393109	1.6137781	10.654545	19.126308
1.5439887	1.611523	10.652022	19.155106
1.5439887	1.6260203	10.652022	19.15922
1.5377517	1.6144224	10.654545	19.146877
1.5377517	1.6189327	10.653704	19.192133
1.5424294	1.6054019	10.652864	19.146877
1.5393109	1.5960592	10.654545	19.150991
1.545548	1.6124895	10.653704	19.175676
1.5439887	1.59767	10.652864	19.175676
1.5377517	1.5889716	10.652864	19.126308
1.5424294	1.5789845	10.652864	19.134537
1.5361924	1.5892937	10.653704	19.146877
1.5424294	1.5844613	10.654545	19.142763
1.5408702	1.5834948	10.653704	19.105738
1.5393109	1.5983143	10.653704	19.163334
1.5377517	1.5999252	10.653704	19.142763
1.545548	1.6208657	10.653704	19.200359
1.5408702	1.6276312	10.652022	19.179789
1.5408702	1.6176441	10.652022	19.17156
1.5424294	1.6089457	10.653704	19.17156
1.5346332	1.6137781	10.654545	19.17156
1.5361924	1.595737	10.653704	19.150991
1.5361924	1.5941262	10.654545	19.163334
1.5377517	1.581884	10.654545	19.15922
1.5393109	1.5822061	10.652864	19.179789
1.5424294	1.5950927	10.654545	19.163334
1.5377517	1.5931597	10.654545	19.17156
1.5393109	1.5928376	10.652022	19.142763
1.5346332	1.6002473	10.653704	19.163334
1.5361924	1.611523	10.653704	19.155106
1.545548	1.6099122	10.654545	19.163334
1.5377517	1.6099122	10.655386	19.15922
1.5393109	1.6218323	10.654545	19.200359
1.5393109	1.6218323	10.654545	19.15922
1.5439887	1.6070127	10.653704	19.146877
1.5377517	1.6021802	10.652864	19.15922
1.5361924	1.6095901	10.652022	19.163334
1.5408702	1.6031468	10.652022	19.138649
1.5439887	1.59767	10.654545	19.150991
1.5408702	1.5854278	10.652022	19.142763
1.5408702	1.5950927	10.654545	19.208588
1.5315145	1.595737	10.654545	19.17156
1.5393109	1.5915489	10.654545	19.17156
1.5424294	1.5844613	10.654545	19.11808
1.545548	1.595737	10.655386	19.155106
1.5424294	1.5996029	10.652022	19.130421
1.545548	1.6054019	10.652864	19.17156
1.5424294	1.6131338	10.653704	19.167448
1.5361924	1.5896159	10.654545	19.142763
1.5439887	1.5812397	10.652864	19.150991
1.5393109	1.6108787	10.654545	19.196245
1.5408702	1.6189327	10.654545	19.188017
1.5361924	1.6192549	10.654545	19.150991
1.5408702	1.6202214	10.653704	19.192133
1.5377517	1.6092678	10.654545	19.150991
1.5361924	1.6285977	10.652864	19.196245
1.5393109	1.6099122	10.653704	19.163334
1.5408702	1.6005695	10.652864	19.15922
1.5408702	1.5886494	10.654545	19.155106
1.5377517	1.5889716	10.653704	19.150991
1.5408702	1.5735078	10.653704	19.130421
1.5424294	1.5815618	10.656226	19.163334
1.5424294	1.5770515	10.654545	19.122192
1.545548	1.5786624	10.656226	19.138649
1.5393109	1.5870386	10.654545	19.15922
1.5408702	1.5925153	10.654545	19.175676
1.5424294	1.5883273	10.653704	19.150991
1.5439887	1.5986365	10.655386	19.155106
1.5377517	1.59767	10.652864	19.167448
1.5439887	1.6124895	10.652864	19.196245
1.5408702	1.5896159	10.655386	19.134537
1.5393109	1.5954149	10.653704	19.146877
1.5408702	1.6060462	10.654545	19.15922
1.5393109	1.6057241	10.655386	19.175676
1.5393109	1.5844613	10.654545	19.142763
1.5424294	1.5786624	10.656226	19.142763
1.5393109	1.5950927	10.654545	19.17156
1.5393109	1.5831727	10.654545	19.167448
1.545548	1.5747964	10.654545	19.163334
1.5439887	1.583817	10.653704	19.15922
1.5361924	1.5809175	10.654545	19.146877
1.5393109	1.5954149	10.653704	19.216816
1.5377517	1.5944483	10.654545	19.150991
1.5408702	1.6157111	10.654545	19.175676
1.5408702	1.6169997	10.655386	19.15922
1.5361924	1.6282755	10.654545	19.188017
1.5393109	1.627309	10.653704	19.150991
1.5439887	1.6231209	10.652022	19.142763
1.5408702	1.6047575	10.654545	19.130421
1.5361924	1.6131338	10.652022	19.192133
1.5408702	1.6044354	10.653704	19.155106
1.5346332	1.5960592	10.652864	19.179789
1.5393109	1.5870386	10.653704	19.163334
1.5377517	1.595737	10.655386	19.175676
1.5408702	1.59767	10.654545	19.163334
1.5408702	1.5915489	10.652864	19.138649
1.5377517	1.5815618	10.654545	19.134537
1.5408702	1.6018581	10.654545	19.167448
1.5408702	1.593804	10.653704	19.150991
1.5377517	1.6047575	10.652022	19.179789
1.5346332	1.6041132	10.652864	19.179789
1.5408702	1.5947706	10.653704	19.15922
1.5424294	1.6076571	10.655386	19.130421
1.545548	1.6005695	10.652864	19.134537
1.5377517	1.6008916	10.652864	19.150991
1.5424294	1.6002473	10.652022	19.175676
1.5424294	1.6092678	10.653704	19.183905
1.5361924	1.6150668	10.654545	19.175676
1.5408702	1.5989586	10.654545	19.17156
1.5439887	1.5992808	10.653704	19.146877
1.5408702	1.5999252	10.653704	19.134537
1.5377517	1.5954149	10.654545	19.126308
1.5393109	1.5905824	10.654545	19.146877
1.5393109	1.59767	10.652864	19.142763
1.5377517	1.6124895	10.652022	19.179789
1.5361924	1.6150668	10.654545	19.175676
1.5377517	1.6144224	10.653704	19.183905
1.545548	1.6292421	10.653704	19.196245
1.5393109	1.6314971	10.654545	19.196245
1.5346332	1.6128117	10.652864	19.15922
1.5471072	1.6063684	10.652864	19.138649
1.5408702	1.6018581	10.655386	19.142763
1.5393109	1.5947706	10.654545	19.142763
1.5377517	1.5905824	10.653704	19.175676
1.5361924	1.587683	10.654545	19.163334
1.5424294	1.5841391	10.655386	19.130421
1.5408702	1.58575	10.654545	19.175676
1.5408702	1.5860721	10.654545	19.142763
1.5424294	1.5967035	10.652864	19.17156
1.5408702	1.6124895	10.654545	19.163334
1.5346332	1.613456	10.652022	19.179789
1.5424294	1.6118451	10.654545	19.150991
1.5393109	1.6060462	10.65118	19.142763
1.5393109	1.6034689	10.652864	19.163334
1.5393109	1.613456	10.652022	19.204473
1.5377517	1.6137781	10.655386	19.146877
1.5330739	1.6047575	10.653704	19.15922
1.5377517	1.6037911	10.654545	19.15922
1.5424294	1.6060462	10.654545	19.192133
1.5393109	1.6050798	10.652022	19.142763
1.5439887	1.5931597	10.652864	19.150991
1.5377517	1.5825284	10.654545	19.146877
1.5393109	1.5996029	10.653704	19.183905
1.5408702	1.58575	10.653704	19.167448
1.5408702	1.5941262	10.654545	19.179789
1.5361924	1.595737	10.655386	19.179789
1.5424294	1.6012138	10.654545	19.196245
1.545548	1.6118451	10.652864	19.155106
1.5393109	1.5979922	10.652864	19.138649
1.5393109	1.5989586	10.654545	19.150991
1.5377517	1.5989586	10.655386	19.150991
1.5408702	1.6128117	10.655386	19.15922
1.5393109	1.6095901	10.652864	19.126308
1.5361924	1.6108787	10.653704	19.15922
1.5408702	1.6163554	10.653704	19.163334
1.5377517	1.6112008	10.652022	19.163334
1.5439887	1.6089457	10.653704	19.163334
1.5361924	1.5986365	10.653704	19.15922
1.545548	1.5902603	10.654545	19.142763
1.5424294	1.5967035	10.652864	19.163334
1.5361924	1.5934819	10.652864	19.142763
1.5346332	1.6028246	10.653704	19.163334
1.5393109	1.6105565	10.653704	19.15922
1.5408702	1.6050798	10.654545	19.142763
1.5393109	1.6025025	10.652022	19.167448
1.5424294	1.6012138	10.653704	19.17156
1.5377517	1.6044354	10.652022	19.15922
1.5361924	1.5886494	10.655386	19.150991
1.545548	1.5963813	10.652864	19.163334
1.5424294	1.5789845	10.654545	19.138649
1.5424294	1.5828505	10.653704	19.138649
1.5393109	1.5960592	10.654545	19.134537
1.5377517	1.5921932	10.654545	19.122192
1.5424294	1.5921932	10.653704	19.167448
1.5408702	1.5983143	10.653704	19.175676
1.5377517	1.6041132	10.655386	19.183905
1.545548	1.5986365	10.652864	19.142763
1.5471072	1.5889716	10.653704	19.155106
1.5361924	1.5973479	10.652864	19.150991
1.5424294	1.6057241	10.652022	19.167448
1.545548	1.6025025	10.654545	19.163334
1.5361924	1.5947706	10.655386	19.142763
1.5361924	1.6073349	10.654545	19.17156
1.5393109	1.6083014	10.653704	19.196245
1.5393109	1.6124895	10.652864	19.167448
1.545548	1.6102344	10.656226	19.150991
1.5377517	1.6237652	10.654545	19.179789
1.5424294	1.6112008	10.652864	19.17156
1.5330739	1.6089457	10.653704	19.146877
1.5377517	1.6070127	10.655386	19.179789
1.5424294	1.6182884	10.655386	19.192133
1.5408702	1.6144224	10.655386	19.188017
1.5408702	1.5983143	10.652022	19.155106
1.5408702	1.5847834	10.654545	19.146877
1.5377517	1.5828505	10.653704	19.15922
1.5361924	1.5983143	10.653704	19.175676
1.5439887	1.6028246	10.652022	19.17156
1.5393109	1.5944483	10.653704	19.150991
1.5408702	1.6118451	10.653704	19.179789
1.5408702	1.6163554	10.655386	19.179789
1.5393109	1.6141003	10.654545	19.167448
1.5361924	1.6018581	10.653704	19.109852
1.5408702	1.6054019	10.653704	19.138649
1.5377517	1.6070127	10.653704	19.130421
1.5330739	1.6021802	10.655386	19.150991
1.5377517	1.5841391	10.652864	19.11808
1.5361924	1.5880051	10.652864	19.155106
1.5377517	1.5880051	10.653704	19.17156
1.5393109	1.5873607	10.653704	19.179789
1.5393109	1.5892937	10.654545	19.142763
1.5424294	1.5909046	10.655386	19.146877
1.5408702	1.5854278	10.653704	19.138649
1.5408702	1.5947706	10.654545	19.167448
1.5393109	1.611523	10.652022	19.192133
1.5408702	1.6247317	10.653704	19.196245
1.5393109	1.6237652	10.652864	19.183905
1.5393109	1.611523	10.652864	19.150991
1.545548	1.5999252	10.654545	19.142763
1.5393109	1.6066905	10.654545	19.15922
1.5361924	1.6044354	10.652022	19.126308
1.5361924	1.5934819	10.653704	19.142763
1.5393109	1.5921932	10.654545	19.142763
1.5408702	1.6131338	10.653704	19.167448
1.5424294	1.6095901	10.652864	19.188017
1.5393109	1.5996029	10.653704	19.15922
1.5361924	1.6012138	10.652022	19.175676
1.5408702	1.6037911	10.653704	19.175676
1.5361924	1.6015359	10.653704	19.150991
1.5377517	1.6034689	10.652864	19.216816
1.5361924	1.6147447	10.654545	19.179789
1.5439887	1.6141003	10.653704	19.155106
1.5377517	1.6150668	10.654545	19.167448
1.5408702	1.615389	10.653704	19.17156
1.5424294	1.6150668	10.654545	19.142763
1.5377517	1.6144224	10.657067	19.113964
1.5393109	1.6131338	10.654545	19.17156
1.5408702	1.6205436	10.654545	19.179789
1.5393109	1.6195771	10.652864	19.163334
1.5408702	1.6163554	10.654545	19.175676
1.5424294	1.6202214	10.654545	19.183905
1.545548	1.6044354	10.652022	19.17156
1.5408702	1.6044354	10.652864	19.17156
1.5424294	1.6195771	10.653704	19.188017
1.5408702	1.6131338	10.654545	19.155106
1.5393109	1.613456	10.654545	19.179789
1.5330739	1.6118451	10.654545	19.150991
1.5408702	1.6041132	10.656226	19.142763
1.5393109	1.6086235	10.653704	19.163334
1.5346332	1.6057241	10.652022	19.17156
1.5393109	1.6008916	10.652864	19.150991
1.5393109	1.5867164	10.654545	19.122192
1.5424294	1.5873607	10.652022	19.150991
1.5408702	1.5967035	10.654545	19.179789
1.5377517	1.6073349	10.654545	19.175676
1.5424294	1.6034689	10.654545	19.150991
1.545548	1.5931597	10.654545	19.130421
1.5393109	1.6008916	10.655386	19.192133
1.5393109	1.5960592	10.652864	19.179789
1.5393109	1.6121674	10.652022	19.188017
1.5393109	1.6137781	10.653704	19.175676
1.5424294	1.6102344	10.654545	19.175676
1.5361924	1.611523	10.652864	19.179789
1.5393109	1.6112008	10.654545	19.155106
1.5439887	1.6205436	10.652864	19.167448
1.5393109	1.5944483	10.654545	19.146877
1.5346332	1.5996029	10.654545	19.15922
1.5408702	1.6070127	10.654545	19.15922
1.5408702	1.6121674	10.652022	19.200359
1.5408702	1.6182884	10.654545	19.188017
1.5424294	1.6083014	10.654545	19.138649
1.5439887	1.6102344	10.655386	19.134537
1.5393109	1.6018581	10.654545	19.163334
1.5439887	1.5928376	10.654545	19.179789
1.5424294	1.591871	10.654545	19.183905
1.5393109	1.6060462	10.652864	19.179789
1.5439887	1.6012138	10.654545	19.17156
1.5393109	1.5915489	10.653704	19.17156
1.545548	1.5986365	10.654545	19.142763
1.5393109	1.5870386	10.653704	19.138649
1.5393109	1.593804	10.654545	19.134537
1.5377517	1.5941262	10.655386	19.142763
1.5408702	1.59767	10.655386	19.134537
1.5439887	1.5979922	10.654545	19.155106
1.5377517	1.5963813	10.652022	19.175676
1.5393109	1.5992808	10.654545	19.155106
1.5393109	1.5989586	10.653704	19.196245
1.5408702	1.6021802	10.653704	19.15922
1.5346332	1.6211879	10.653704	19.167448
1.5361924	1.6063684	10.653704	19.163334
1.5424294	1.6144224	10.652022	19.196245
1.5393109	1.625376	10.652864	19.22093
1.5471072	1.6195771	10.655386	19.15922
1.5408702	1.6089457	10.654545	19.150991
1.5408702	1.5915489	10.656226	19.15922
1.5361924	1.5828505	10.655386	19.142763
1.5439887	1.5805954	10.652022	19.134537
1.5471072	1.591871	10.653704	19.155106
1.5393109	1.5996029	10.654545	19.17156
1.5377517	1.5963813	10.653704	19.155106
1.5361924	1.5989586	10.652864	19.17156
1.5393109	1.611523	10.653704	19.17156
1.5439887	1.6079792	10.653704	19.183905
1.5361924	1.6195771	10.654545	19.192133
1.5424294	1.613456	10.652022	19.150991
1.5377517	1.6221544	10.654545	19.150991
1.5393109	1.6205436	10.654545	19.167448
1.5408702	1.6070127	10.652022	19.167448
1.5393109	1.6015359	10.653704	19.150991
1.5361924	1.5925153	10.656226	19.138649
1.5377517	1.5915489	10.654545	19.175676
1.545548	1.5783402	10.653704	19.134537
1.5424294	1.5686753	10.653704	19.113964
1.5408702	1.591871	10.652864	19.113964
1.5393109	1.59767	10.654545	19.204473
1.5424294	1.5941262	10.652864	19.196245
1.5439887	1.6025025	10.654545	19.183905
1.5393109	1.5983143	10.652864	19.15922
1.5408702	1.6018581	10.656226	19.15922
1.545548	1.5928376	10.654545	19.15922
1.5439887	1.5912267	10.652864	19.134537
1.5393109	1.5967035	10.652864	19.134537
1.5393109	1.6025025	10.654545	19.163334
1.5377517	1.6063684	10.652022	19.179789
1.5408702	1.6086235	10.653704	19.150991
1.5408702	1.5934819	10.653704	19.150991
1.5424294	1.6095901	10.652864	19.183905
1.5439887	1.6102344	10.654545	19.179789
1.5393109	1.589938	10.654545	19.130421
1.5439887	1.5841391	10.654545	19.138649
1.5377517	1.5831727	10.656226	19.130421
1.5424294	1.5860721	10.654545	19.150991
1.5346332	1.5983143	10.652864	19.163334
1.5361924	1.6034689	10.653704	19.175676
1.5393109	1.5989586	10.653704	19.179789
1.545548	1.6002473	10.654545	19.155106
1.5424294	1.6118451	10.652864	19.167448
1.5393109	1.6124895	10.655386	19.175676
1.5424294	1.6205436	10.652864	19.15922
1.5393109	1.6308528	10.652864	19.192133
1.5439887	1.623443	10.654545	19.17156
1.5393109	1.6250539	10.652022	19.200359
1.5439887	1.6195771	10.654545	19.17156
1.545548	1.6179663	10.654545	19.146877
1.5424294	1.6018581	10.654545	19.126308
1.5439887	1.6137781	10.652864	19.183905
1.5361924	1.6044354	10.652022	19.142763
1.5361924	1.6060462	10.655386	19.138649
1.5408702	1.6089457	10.652022	19.179789
1.5361924	1.6050798	10.656226	19.163334
1.5346332	1.6141003	10.654545	19.208588
1.5361924	1.6054019	10.652022	19.192133
1.5393109	1.6166776	10.653704	19.155106
1.5393109	1.5909046	10.654545	19.126308
1.5439887	1.5921932	10.654545	19.134537
1.5439887	1.6002473	10.654545	19.175676
1.5361924	1.6031468	10.655386	19.163334
1.5424294	1.6012138	10.656226	19.163334
1.5377517	1.5928376	10.653704	19.150991
1.5361924	1.6012138	10.652864	19.167448
1.5361924	1.59767	10.652864	19.15922
1.5346332	1.5915489	10.654545	19.155106
1.5393109	1.5915489	10.653704	19.150991
1.5377517	1.6015359	10.653704	19.183905
1.5393109	1.6044354	10.652022	19.155106
1.5361924	1.6118451	10.652022	19.175676
1.5377517	1.6060462	10.652864	19.155106
1.5408702	1.6050798	10.653704	19.204473
1.5393109	1.6044354	10.654545	19.146877
1.5424294	1.6015359	10.654545	19.15922
1.5393109	1.5967035	10.652864	19.130421
1.5377517	1.589938	10.654545	19.130421
1.5424294	1.5841391	10.655386	19.138649
1.545548	1.5963813	10.654545	19.15922
1.5439887	1.587683	10.653704	19.155106
1.5346332	1.5863943	10.652864	19.146877
1.5408702	1.587683	10.652022	19.142763
1.5393109	1.5986365	10.655386	19.179789
1.545548	1.6002473	10.652022	19.15922
1.5408702	1.5921932	10.652864	19.142763
1.5408702	1.5934819	10.653704	19.142763
1.5424294	1.5947706	10.652022	19.142763
1.5408702	1.5860721	10.655386	19.142763
1.5377517	1.5979922	10.656226	19.163334
1.5393109	1.5912267	10.652022	19.17156
1.5439887	1.6076571	10.653704	19.17156
1.5471072	1.6079792	10.654545	19.175676
1.545548	1.5999252	10.652022	19.146877
1.545548	1.5967035	10.654545	19.11808
1.5393109	1.5912267	10.653704	19.134537
1.5408702	1.5873607	10.653704	19.146877
1.545548	1.5822061	10.655386	19.175676
1.5439887	1.5686753	10.654545	19.155106
1.5361924	1.5812397	10.653704	19.179789
1.5408702	1.5757629	10.654545	19.142763
1.5408702	1.5841391	10.654545	19.130421
1.5424294	1.5847834	10.653704	19.150991
1.5439887	1.593804	10.654545	19.122192
1.5424294	1.5886494	10.654545	19.150991
1.5424294	1.5860721	10.654545	19.167448
1.5408702	1.5950927	10.652864	19.175676
1.5408702	1.6041132	10.654545	19.146877
1.5377517	1.6050798	10.652864	19.15922
1.5377517	1.5889716	10.652022	19.142763
1.5346332	1.5983143	10.655386	19.17156
1.5408702	1.5973479	10.654545	19.138649
1.5361924	1.6202214	10.653704	19.167448
1.5346332	1.6163554	10.655386	19.179789
1.5439887	1.6083014	10.655386	19.17156
1.545548	1.6037911	10.653704	19.175676
1.5393109	1.6044354	10.653704	19.179789
1.5408702	1.5954149	10.655386	19.155106
1.5408702	1.5931597	10.652022	19.179789
1.5361924	1.5905824	10.655386	19.134537
1.5361924	1.5793067	10.653704	19.155106
1.5439887	1.5834948	10.654545	19.155106
1.5361924	1.583817	10.652864	19.175676
1.5377517	1.5892937	10.652864	19.155106
1.5424294	1.589938	10.654545	19.15922
1.5408702	1.6005695	10.653704	19.15922
1.5393109	1.6060462	10.653704	19.15922
1.5439887	1.6008916	10.653704	19.15922
1.5315145	1.59767	10.654545	19.142763
1.5393109	1.6047575	10.653704	19.163334
1.5393109	1.6031468	10.655386	19.196245
1.5393109	1.5947706	10.652864	19.163334
1.545548	1.5896159	10.653704	19.17156
1.5408702	1.5909046	10.653704	19.150991
1.5377517	1.589938	10.655386	19.150991
1.5361924	1.5896159	10.652022	19.146877
1.5346332	1.6012138	10.654545	19.15922
1.5377517	1.6160333	10.652864	19.175676
1.5377517	1.6041132	10.654545	19.17156
1.5424294	1.5902603	10.655386	19.150991
1.5361924	1.6063684	10.654545	19.167448
1.5377517	1.6141003	10.654545	19.167448
1.5439887	1.6182884	10.652864	19.17156
1.5393109	1.6240873	10.655386	19.155106
1.5393109	1.6266646	10.654545	19.179789
1.5408702	1.613456	10.655386	19.142763
1.5408702	1.6060462	10.653704	19.188017
1.5393109	1.5963813	10.654545	19.163334
1.5377517	1.5925153	10.654545	19.130421
1.5346332	1.6002473	10.653704	19.142763
1.5346332	1.6037911	10.652022	19.167448
1.5377517	1.6015359	10.652022	19.167448
1.5408702	1.5960592	10.655386	19.134537
1.5346332	1.6041132	10.652864	19.167448
1.5408702	1.6044354	10.652864	19.183905
1.5393109	1.6031468	10.654545	19.17156
1.5424294	1.6208657	10.652022	19.204473
1.5408702	1.6079792	10.655386	19.163334
1.5424294	1.6060462	10.653704	19.150991
1.5408702	1.5925153	10.653704	19.15922
1.5393109	1.6002473	10.652864	19.155106
1.5408702	1.5967035	10.653704	19.150991
1.545548	1.589938	10.654545	19.146877
1.545548	1.5834948	10.655386	19.15922
1.5393109	1.5854278	10.653704	19.150991
1.545548	1.593804	10.652022	19.179789
1.5408702	1.6028246	10.653704	19.175676
1.5377517	1.5989586	10.652864	19.188017
1.5377517	1.5979922	10.652864	19.146877
1.5377517	1.6044354	10.654545	19.155106
1.5408702	1.5941262	10.652022	19.146877
1.5361924	1.6005695	10.654545	19.15922
1.5408702	1.5963813	10.652864	19.142763
1.5393109	1.5905824	10.652864	19.15922
1.5439887	1.5860721	10.654545	19.126308
1.5393109	1.5934819	10.652022	19.183905
1.545548	1.5863943	10.654545	19.142763
1.5408702	1.6021802	10.652022	19.15922
1.5377517	1.6099122	10.652864	19.146877
1.5408702	1.6092678	10.653704	19.163334
1.5361924	1.6044354	10.656226	19.150991
1.5377517	1.6041132	10.656226	19.175676
1.5361924	1.6037911	10.654545	19.17156
1.5393109	1.5902603	10.652022	19.167448
1.5361924	1.5941262	10.654545	19.150991
1.5408702	1.5944483	10.653704	19.150991
1.5393109	1.5934819	10.653704	19.167448
1.5346332	1.6002473	10.654545	19.183905
1.5393109	1.6005695	10.654545	19.15922
1.5408702	1.6063684	10.654545	19.15922
1.5408702	1.6073349	10.654545	19.179789
1.5424294	1.6189327	10.652864	19.204473
1.5439887	1.6195771	10.652022	19.15922
1.5408702	1.617322	10.654545	19.163334
1.5346332	1.6285977	10.655386	19.175676
1.5361924	1.6276312	10.654545	19.196245
1.5377517	1.6205436	10.654545	19.15922
1.5408702	1.5973479	10.654545	19.146877
1.5439887	1.5834948	10.652864	19.167448
1.5377517	1.5780181	10.657067	19.15922
1.5393109	1.5809175	10.655386	19.146877
1.5346332	1.5889716	10.653704	19.146877
1.5377517	1.5847834	10.652022	19.163334
1.5424294	1.58575	10.653704	19.179789
1.5377517	1.6092678	10.652022	19.17156
1.5439887	1.6031468	10.654545	19.142763
1.5439887	1.6169997	10.653704	19.196245
1.5393109	1.6012138	10.654545	19.167448
1.545548	1.6112008	10.654545	19.15922
1.5424294	1.6028246	10.653704	19.155106
1.5377517	1.6028246	10.653704	19.138649
1.5439887	1.6031468	10.652022	19.142763
1.5393109	1.6092678	10.652864	19.15922
1.5315145	1.593804	10.653704	19.142763
1.5408702	1.5783402	10.654545	19.142763
1.5361924	1.5760851	10.653704	19.150991
1.5439887	1.5863943	10.654545	19.150991
1.5439887	1.5754408	10.654545	19.146877
1.5315145	1.6089457	10.652864	19.15922
1.5361924	1.5928376	10.654545	19.122192
1.5393109	1.5941262	10.653704	19.134537
1.5393109	1.6044354	10.653704	19.175676
1.545548	1.6031468	10.654545	19.175676
1.5393109	1.5967035	10.656226	19.155106
1.5346332	1.5912267	10.656226	19.142763
1.5315145	1.6066905	10.652022	19.150991
1.5439887	1.5941262	10.653704	19.138649
1.5377517	1.5915489	10.65118	19.17156
1.5361924	1.591871	10.652022	19.15922
1.5377517	1.5786624	10.652864	19.155106
1.5408702	1.591871	10.656226	19.179789
1.5424294	1.6015359	10.653704	19.179789
1.5393109	1.5979922	10.653704	19.179789
1.5408702	1.5925153	10.654545	19.130421
1.5393109	1.5883273	10.652864	19.130421
1.5393109	1.6012138	10.654545	19.15922
1.5393109	1.6121674	10.654545	19.17156
1.5393109	1.6102344	10.656226	19.175676
1.5408702	1.6066905	10.654545	19.15922
1.5361924	1.6137781	10.654545	19.179789
1.5393109	1.6076571	10.652022	19.188017
1.5377517	1.6047575	10.655386	19.17156
1.5393109	1.6050798	10.656226	19.130421
1.5315145	1.5983143	10.653704	19.15922
1.5377517	1.5860721	10.653704	19.163334
1.5361924	1.5886494	10.652022	19.155106
1.5393109	1.5934819	10.653704	19.175676
1.5393109	1.6028246	10.655386	19.196245
1.5377517	1.5954149	10.654545	19.188017
1.5408702	1.6050798	10.654545	19.179789
1.5393109	1.6112008	10.652864	19.142763
1.5424294	1.5947706	10.652864	19.130421
1.5408702	1.5996029	10.655386	19.15922
1.5408702	1.5921932	10.653704	19.134537
1.5393109	1.5873607	10.654545	19.134537
1.5377517	1.5883273	10.655386	19.15922
1.5393109	1.58575	10.654545	19.146877
1.5439887	1.5986365	10.652022	19.167448
1.5377517	1.6092678	10.654545	19.17156
1.5377517	1.5983143	10.652864	19.150991
1.5439887	1.5986365	10.652022	19.142763
1.5393109	1.6008916	10.652022	19.146877
1.5439887	1.5950927	10.654545	19.142763
1.5346332	1.5941262	10.653704	19.142763
1.5377517	1.5870386	10.652864	19.179789
1.5439887	1.5873607	10.656226	19.142763
1.5439887	1.5947706	10.654545	19.138649
1.5424294	1.5805954	10.652022	19.138649
1.5377517	1.5851057	10.654545	19.122192
1.5330739	1.5822061	10.652864	19.142763
1.5408702	1.5934819	10.654545	19.15922
1.5393109	1.5934819	10.652864	19.155106
1.5439887	1.5925153	10.654545	19.15922
1.5408702	1.5941262	10.656226	19.167448
1.5393109	1.5963813	10.652022	19.179789
1.5393109	1.5960592	10.654545	19.150991
1.5408702	1.5950927	10.653704	19.15922
1.5393109	1.5963813	10.654545	19.163334
1.5393109	1.5999252	10.654545	19.138649
1.5408702	1.5986365	10.652864	19.146877
1.5393109	1.6211879	10.652022	19.183905
1.5424294	1.6240873	10.652864	19.163334
1.5408702	1.5989586	10.654545	19.138649
1.5424294	1.5934819	10.655386	19.130421
1.5361924	1.583817	10.653704	19.146877
1.5377517	1.5815618	10.652864	19.175676
1.5346332	1.5834948	10.652022	19.146877
1.5439887	1.5783402	10.653704	19.146877
1.5408702	1.593804	10.654545	19.167448
1.5377517	1.6025025	10.654545	19.188017
1.5424294	1.6086235	10.653704	19.15922
1.5377517	1.6060462	10.653704	19.163334
1.5408702	1.5973479	10.656226	19.138649
1.5408702	1.5963813	10.654545	19.188017
1.5361924	1.5983143	10.654545	19.142763
1.545548	1.6073349	10.653704	19.146877
1.5377517	1.5947706	10.652022	19.150991
1.5408702	1.5967035	10.653704	19.175676
1.5393109	1.6050798	10.654545	19.15922
1.5439887	1.5902603	10.653704	19.138649
1.5393109	1.589938	10.654545	19.155106
1.545548	1.5828505	10.655386	19.130421
1.5408702	1.5934819	10.653704	19.130421
1.5439887	1.583817	10.653704	19.15922
1.5424294	1.5851057	10.652022	19.167448
1.5439887	1.5925153	10.654545	19.183905
1.5346332	1.6066905	10.654545	19.17156
1.5346332	1.6105565	10.654545	19.150991
1.5393109	1.6102344	10.653704	19.163334
1.5361924	1.6150668	10.654545	19.138649
1.5393109	1.615389	10.653704	19.155106
1.5439887	1.6108787	10.654545	19.138649
1.5393109	1.5963813	10.654545	19.130421
1.5424294	1.5921932	10.654545	19.167448
1.5393109	1.5970256	10.655386	19.163334
1.5315145	1.5802732	10.654545	19.142763
1.5361924	1.5909046	10.654545	19.130421
1.5439887	1.5925153	10.653704	19.163334
1.5346332	1.6018581	10.656226	19.138649
1.5393109	1.5950927	10.654545	19.130421
1.5393109	1.5873607	10.653704	19.138649
1.5408702	1.5941262	10.653704	19.175676
1.528396	1.6070127	10.652022	19.183905
1.5361924	1.5999252	10.653704	19.15922
1.5408702	1.6128117	10.652864	19.15922
1.5424294	1.6086235	10.653704	19.150991
1.5439887	1.6092678	10.653704	19.167448
1.5424294	1.6250539	10.653704	19.179789
1.5408702	1.627309	10.652864	19.146877
1.5424294	1.62151	10.654545	19.146877
1.5346332	1.6066905	10.653704	19.146877
1.5377517	1.6005695	10.653704	19.155106
1.5424294	1.6044354	10.654545	19.183905
1.5377517	1.6073349	10.655386	19.17156
1.5361924	1.6095901	10.654545	19.175676
1.5361924	1.6141003	10.653704	19.150991
1.5377517	1.5992808	10.652022	19.150991
1.5424294	1.5950927	10.654545	19.163334
1.5439887	1.5963813	10.654545	19.17156
1.5393109	1.6189327	10.654545	19.179789
1.5377517	1.6089457	10.652022	19.155106
1.5330739	1.589938	10.653704	19.138649
1.5408702	1.5921932	10.654545	19.150991
1.5439887	1.5931597	10.654545	19.122192
1.5408702	1.5947706	10.654545	19.122192
1.5408702	1.587683	10.652022	19.155106
1.5393109	1.5983143	10.654545	19.188017
1.5424294	1.6102344	10.655386	19.188017
1.5439887	1.6186106	10.654545	19.208588
1.5408702	1.6070127	10.652022	19.167448
1.5408702	1.6160333	10.652864	19.196245
1.5408702	1.5983143	10.653704	19.138649
1.5361924	1.5921932	10.652864	19.130421
1.5393109	1.589938	10.654545	19.146877
1.5377517	1.5934819	10.653704	19.15922
1.5393109	1.59767	10.653704	19.150991
1.5361924	1.5944483	10.65118	19.15922
1.5377517	1.6086235	10.653704	19.17156
1.5393109	1.6005695	10.653704	19.175676
1.5377517	1.6041132	10.654545	19.130421
1.5393109	1.5986365	10.654545	19.11808
1.5408702	1.5992808	10.654545	19.175676
1.5408702	1.6012138	10.654545	19.212702
1.5424294	1.6031468	10.654545	19.216816
1.5361924	1.6002473	10.654545	19.17156
1.5424294	1.6108787	10.653704	19.196245
1.5424294	1.5967035	10.654545	19.142763
1.5408702	1.5996029	10.653704	19.15922
1.5361924	1.6076571	10.653704	19.15922
1.5346332	1.6079792	10.656226	19.142763
1.5377517	1.6157111	10.654545	19.200359
1.5408702	1.6092678	10.653704	19.167448
1.5408702	1.6147447	10.65118	19.179789
1.5408702	1.6224766	10.654545	19.175676
1.5408702	1.6247317	10.653704	19.175676
1.5393109	1.6289198	10.653704	19.183905
1.5361924	1.6112008	10.654545	19.155106
1.5377517	1.615389	10.653704	19.183905
1.5408702	1.6131338	10.655386	19.183905
1.545548	1.5947706	10.654545	19.150991
1.545548	1.6025025	10.652022	19.183905
1.5408702	1.6083014	10.652864	19.183905
1.5424294	1.5954149	10.652022	19.17156
1.5393109	1.587683	10.653704	19.130421
1.5424294	1.5880051	10.653704	19.15922
1.5361924	1.5880051	10.655386	19.150991
1.5346332	1.5928376	10.654545	19.163334
1.5439887	1.5999252	10.652864	19.150991
1.5424294	1.6054019	10.653704	19.155106
1.5361924	1.6025025	10.652864	19.155106
1.5361924	1.6092678	10.654545	19.15922
1.5393109	1.6031468	10.653704	19.155106
1.5393109	1.6218323	10.655386	19.179789
1.5393109	1.6018581	10.652864	19.138649
1.5393109	1.5970256	10.652022	19.142763
1.545548	1.5934819	10.652022	19.138649
1.5393109	1.5960592	10.653704	19.167448
1.5393109	1.5925153	10.654545	19.155106
1.5424294	1.6066905	10.655386	19.196245
1.5408702	1.5963813	10.653704	19.163334
1.5393109	1.5996029	10.653704	19.175676
1.5377517	1.5915489	10.654545	19.15922
1.5408702	1.6079792	10.654545	19.167448
1.5408702	1.6002473	10.654545	19.150991
1.5439887	1.5963813	10.654545	19.138649
1.5361924	1.5925153	10.655386	19.155106
1.5424294	1.6005695	10.652864	19.142763
1.545548	1.6076571	10.653704	19.196245
1.5424294	1.59767	10.652022	19.15922
1.5393109	1.6002473	10.654545	19.142763
1.5377517	1.5989586	10.653704	19.142763
1.5408702	1.6089457	10.653704	19.183905
1.5377517	1.6118451	10.652864	19.15922
1.5377517	1.6028246	10.656226	19.155106
1.545548	1.6102344	10.652864	19.163334
1.5393109	1.6050798	10.652022	19.175676
1.5361924	1.6012138	10.653704	19.175676
1.5361924	1.593804	10.654545	19.150991
1.5361924	1.5909046	10.654545	19.138649
1.5361924	1.5831727	10.656226	19.130421
1.5393109	1.5863943	10.653704	19.15922
1.5377517	1.6002473	10.655386	19.17156
1.5346332	1.6131338	10.653704	19.183905
1.5346332	1.6160333	10.653704	19.200359
1.5408702	1.6044354	10.653704	19.163334
1.5439887	1.595737	10.653704	19.167448
1.5393109	1.6089457	10.653704	19.167448
1.545548	1.5960592	10.655386	19.15922
1.5408702	1.5802732	10.654545	19.134537
1.5408702	1.5789845	10.654545	19.146877
1.5408702	1.5722191	10.655386	19.142763
1.5393109	1.5773737	10.655386	19.142763
1.5377517	1.5760851	10.652864	19.15922
1.5439887	1.5776958	10.656226	19.113964
1.5330739	1.5706083	10.653704	19.122192
1.5393109	1.5731856	10.654545	19.146877
1.5377517	1.5834948	10.653704	19.130421
1.5361924	1.5831727	10.653704	19.122192
1.5377517	1.5941262	10.655386	19.175676
1.5393109	1.6012138	10.653704	19.188017
1.5439887	1.5947706	10.654545	19.146877
1.5439887	1.5970256	10.653704	19.146877
1.5377517	1.6028246	10.652022	19.138649
1.5439887	1.6028246	10.655386	19.134537
1.5424294	1.5954149	10.653704	19.142763
1.5408702	1.613456	10.654545	19.15922
1.5393109	1.6292421	10.653704	19.196245
1.5377517	1.6137781	10.653704	19.175676
1.5424294	1.5979922	10.652864	19.146877
1.5393109	1.5889716	10.653704	19.146877
1.5408702	1.593804	10.653704	19.15922
1.5393109	1.593804	10.654545	19.15922
1.5393109	1.591871	10.655386	19.188017
1.5393109	1.5841391	10.654545	19.142763
1.5424294	1.5847834	10.653704	19.150991
1.545548	1.6015359	10.654545	19.175676
1.5346332	1.6034689	10.653704	19.17156
1.5408702	1.5921932	10.653704	19.138649
1.5424294	1.6086235	10.655386	19.150991
1.5408702	1.6102344	10.654545	19.138649
1.5408702	1.6108787	10.652022	19.15922
1.5393109	1.5970256	10.654545	19.130421
1.5393109	1.6066905	10.652864	19.17156
1.5393109	1.6105565	10.654545	19.175676
1.5377517	1.5950927	10.653704	19.175676
1.5330739	1.5822061	10.654545	19.130421
1.5439887	1.5735078	10.654545	19.126308
1.5408702	1.5809175	10.655386	19.130421
1.5346332	1.5831727	10.652864	19.142763
1.5408702	1.6002473	10.654545	19.196245
1.5408702	1.6131338	10.654545	19.183905
1.5361924	1.6192549	10.652864	19.183905
1.5361924	1.6160333	10.653704	19.183905
1.5377517	1.6244096	10.653704	19.167448
1.5377517	1.6227987	10.652864	19.155106
1.5408702	1.6160333	10.653704	19.17156
1.5424294	1.6121674	10.652864	19.163334
1.5393109	1.6041132	10.652022	19.126308
1.5439887	1.5886494	10.653704	19.138649
1.5393109	1.5950927	10.654545	19.150991
1.545548	1.5831727	10.656226	19.175676
1.5408702	1.5825284	10.655386	19.138649
1.5393109	1.595737	10.652864	19.15922
1.5377517	1.595737	10.655386	19.146877
1.5330739	1.5941262	10.654545	19.142763
1.5393109	1.5870386	10.653704	19.17156
1.5377517	1.5941262	10.656226	19.15922
1.5408702	1.6112008	10.654545	19.167448
1.5377517	1.5970256	10.653704	19.175676
1.5361924	1.6176441	10.653704	19.15922
1.5377517	1.6218323	10.653704	19.17156
1.5439887	1.6169997	10.652864	19.142763
1.5393109	1.6231209	10.652864	19.196245
1.5315145	1.6376183	10.652864	19.183905
1.5393109	1.6347188	10.653704	19.167448
1.5439887	1.6066905	10.653704	19.138649
1.5361924	1.5983143	10.653704	19.150991
1.5439887	1.5880051	10.654545	19.150991
1.5393109	1.6031468	10.654545	19.17156
1.5361924	1.595737	10.653704	19.138649
1.5393109	1.5883273	10.654545	19.167448
1.5393109	1.5967035	10.654545	19.146877
1.5408702	1.5831727	10.654545	19.150991
1.5377517	1.5831727	10.653704	19.134537
1.5346332	1.5934819	10.654545	19.142763
1.5408702	1.6021802	10.652864	19.17156
1.5361924	1.5986365	10.653704	19.15922
1.5424294	1.5931597	10.654545	19.146877
1.5408702	1.6002473	10.655386	19.15922
1.5424294	1.6021802	10.653704	19.192133
1.5408702	1.5902603	10.653704	19.130421
1.5408702	1.6025025	10.654545	19.163334
1.5424294	1.6073349	10.652022	19.15922
1.5346332	1.6076571	10.652864	19.179789
1.5361924	1.5970256	10.653704	19.142763
1.5408702	1.6028246	10.653704	19.15922
1.5424294	1.6047575	10.653704	19.183905
1.5408702	1.6163554	10.653704	19.212702
1.5393109	1.5992808	10.655386	19.146877
1.5377517	1.5883273	10.654545	19.146877
1.5377517	1.5941262	10.654545	19.163334
1.5393109	1.5999252	10.652864	19.183905
1.5377517	1.6015359	10.652022	19.167448
1.5439887	1.59767	10.656226	19.150991
1.5377517	1.6041132	10.654545	19.142763
1.5377517	1.6044354	10.653704	19.150991
1.5377517	1.5960592	10.652864	19.138649
1.5424294	1.5912267	10.656226	19.126308
1.5424294	1.5973479	10.654545	19.155106
1.5393109	1.5928376	10.654545	19.163334
1.5424294	1.5909046	10.654545	19.130421
1.5408702	1.5950927	10.654545	19.146877
1.5377517	1.5912267	10.653704	19.146877
1.5424294	1.5905824	10.653704	19.183905
1.5377517	1.5870386	10.654545	19.138649
1.5408702	1.593804	10.653704	19.150991
1.5439887	1.6060462	10.652022	19.167448
1.5393109	1.6108787	10.653704	19.208588
1.5439887	1.6208657	10.652864	19.188017
1.5346332	1.6292421	10.652022	19.204473
1.5377517	1.6244096	10.654545	19.175676
1.5408702	1.6308528	10.654545	19.183905
1.5424294	1.6244096	10.652864	19.167448
1.5346332	1.6144224	10.655386	19.150991
1.5377517	1.6057241	10.653704	19.130421
1.5439887	1.5896159	10.653704	19.150991
1.5393109	1.6031468	10.654545	19.155106
1.5361924	1.5863943	10.652864	19.167448
1.5377517	1.5934819	10.653704	19.15922
1.5346332	1.5867164	10.653704	19.17156
1.5361924	1.579951	10.653704	19.146877
1.5408702	1.5983143	10.652022	19.163334
1.5393109	1.5979922	10.654545	19.179789
1.5377517	1.5886494	10.654545	19.15922
1.5439887	1.5828505	10.653704	19.150991
1.5393109	1.5967035	10.653704	19.179789
1.5408702	1.591871	10.653704	19.155106
1.5408702	1.6012138	10.653704	19.175676
1.5377517	1.5986365	10.653704	19.15922
1.5377517	1.5983143	10.653704	19.134537
1.5439887	1.6092678	10.653704	19.126308
1.5393109	1.6189327	10.654545	19.163334
1.5377517	1.6205436	10.652864	19.175676
1.5408702	1.6205436	10.652022	19.188017
1.5361924	1.6141003	10.652022	19.15922
1.545548	1.6066905	10.652022	19.15922
1.5377517	1.5960592	10.654545	19.17156
1.5393109	1.5912267	10.655386	19.163334
1.5408702	1.5880051	10.654545	19.146877
1.5393109	1.589938	10.655386	19.142763
1.5346332	1.5834948	10.652022	19.167448
1.5393109	1.5983143	10.654545	19.192133
1.5408702	1.5880051	10.654545	19.167448
1.5377517	1.6005695	10.652864	19.175676
1.5424294	1.5925153	10.652864	19.163334
1.5393109	1.6031468	10.652864	19.15922
1.5439887	1.6086235	10.654545	19.146877
1.5361924	1.6189327	10.653704	19.146877
1.545548	1.6144224	10.653704	19.155106
1.5393109	1.62151	10.654545	19.175676
1.5393109	1.623443	10.654545	19.179789
1.5439887	1.6150668	10.65118	19.179789
1.5424294	1.6079792	10.655386	19.188017
1.5408702	1.5880051	10.656226	19.138649
1.5393109	1.5796288	10.654545	19.130421
1.5393109	1.5796288	10.655386	19.150991
1.5424294	1.579951	10.655386	19.163334
1.5424294	1.5909046	10.653704	19.17156
1.5377517	1.5947706	10.653704	19.155106
1.5377517	1.5841391	10.653704	19.150991
1.5393109	1.5986365	10.652022	19.179789
1.5393109	1.6028246	10.656226	19.142763
1.5393109	1.5944483	10.654545	19.122192
1.5393109	1.5831727	10.654545	19.130421
1.5361924	1.6012138	10.653704	19.17156
1.5393109	1.5896159	10.654545	19.146877
1.5393109	1.5896159	10.654545	19.146877
1.5408702	1.5909046	10.652022	19.155106
1.5377517	1.5912267	10.653704	19.17156
1.5346332	1.5905824	10.655386	19.146877
1.5439887	1.5767294	10.652022	19.134537
1.5377517	1.5889716	10.652022	19.126308
1.5346332	1.5757629	10.654545	19.130421
1.5393109	1.5715748	10.652864	19.142763
1.5424294	1.5780181	10.653704	19.175676
1.5439887	1.5793067	10.655386	19.142763
1.5408702	1.5831727	10.653704	19.167448
1.5393109	1.5873607	10.654545	19.146877
1.5393109	1.6012138	10.655386	19.134537
1.5408702	1.5947706	10.654545	19.150991
1.5346332	1.6141003	10.654545	19.17156
1.5408702	1.611523	10.654545	19.155106
1.5393109	1.6021802	10.653704	19.146877
1.5424294	1.5967035	10.653704	19.163334
1.5424294	1.5954149	10.652864	19.192133
1.5408702	1.5996029	10.652864	19.15922
1.5424294	1.5999252	10.654545	19.17156
1.5393109	1.5950927	10.654545	19.155106
1.5393109	1.5928376	10.653704	19.138649
1.5377517	1.58575	10.654545	19.130421
1.5408702	1.6102344	10.654545	19.17156
1.5424294	1.6063684	10.654545	19.150991
1.5424294	1.5973479	10.653704	19.146877
1.5393109	1.589938	10.654545	19.15922
1.5393109	1.6008916	10.654545	19.167448
1.5377517	1.6083014	10.652022	19.167448
1.5408702	1.5928376	10.654545	19.134537
1.5393109	1.5992808	10.654545	19.188017
1.5424294	1.6112008	10.654545	19.179789
1.5377517	1.6244096	10.656226	19.179789
1.5408702	1.6150668	10.654545	19.167448
1.5424294	1.6079792	10.653704	19.150991
1.5393109	1.6112008	10.653704	19.163334
1.5439887	1.6070127	10.653704	19.15922
1.5393109	1.5954149	10.654545	19.146877
1.5393109	1.5999252	10.652864	19.183905
1.5408702	1.6005695	10.654545	19.150991
1.5393109	1.6025025	10.652864	19.142763
1.5377517	1.6131338	10.654545	19.163334
1.5377517	1.6108787	10.652864	19.175676
1.5439887	1.6086235	10.653704	19.179789
1.5767332	1.6218323	10.652022	19.167448
1.6546966	1.6079792	10.646976	19.146877
1.7778785	1.595737	10.641091	19.130421
1.9509572	1.5967035	10.625957	19.122192
2.1396284	1.5909046	10.612501	19.109852
2.3501294	1.5967035	10.598207	19.072824
2.5590711	1.5963813	10.584754	19.064596
2.7680128	1.589938	10.579709	18.957632
2.9675987	1.589938	10.573822	18.908264
3.2061667	1.5854278	10.571301	18.821871
3.482157	1.5822061	10.565414	18.776615
3.7409952	1.5706083	10.557847	18.710791
4.035697	1.5599769	10.553642	18.669651
4.3459907	1.5735078	10.544393	18.624397
4.6703186	1.5683532	10.535984	18.632626
5.0320692	1.5609434	10.53178	18.550344
5.3751078	1.5664202	10.523372	18.533888
5.7462139	1.5625542	10.518327	18.459837
6.1219974	1.5538558	10.51244	18.42281
6.5164924	1.5458018	10.506555	18.394012
6.9094281	1.5238947	10.503192	18.336416
7.2477903	1.5248611	10.493101	18.324072
7.4941545	1.526472	10.467875	18.291161
7.6532001	1.5293714	10.418265	18.266476
7.682826	1.5303379	10.347633	18.225336
7.5955067	1.5267941	10.256822	18.192423
7.4426985	1.5197065	10.15676	18.085459
7.2665014	1.5177735	10.055017	18.036091
7.1246076	1.5000546	9.9574785	17.95381
7.045085	1.5013433	9.8691893	17.887985
7.0341697	1.5000546	9.7901487	17.846846
7.0840664	1.5023097	9.7178364	17.785137
7.1589112	1.5135854	9.6455231	17.743996
7.2477903	1.4926448	9.5740509	17.678171
7.324194	1.50682	9.4966917	17.616461
7.3507018	1.5074643	9.4109259	17.575321
7.336668	1.4842685	9.3184319	17.468355
7.2976866	1.4807248	9.2225752	17.427216
7.2368751	1.4852351	9.1267185	17.365505
7.1823006	1.4755702	9.0300198	17.270884
7.1573524	1.4617171	8.9366865	17.200945
7.1589112	1.4578512	8.8483973	17.110437
7.172945	1.4530188	8.7584257	17.019928
7.2119265	1.4278901	8.6701365	16.949989
7.2431121	1.412104	8.5793247	16.851252
7.2602644	1.4256349	8.4851494	16.81834
7.2665014	1.4130706	8.3884516	16.768972
7.2540274	1.4017948	8.2925949	16.686691
7.2368751	1.4082381	8.1933746	16.608526
7.224401	1.4108154	8.0966778	16.518017
7.2119265	1.3947072	7.9940934	16.43985
7.2103677	1.4030834	7.8948731	16.402824
7.2088079	1.4162922	7.7956529	16.337
7.215045	1.3869753	7.6981144	16.217693
7.2103677	1.3898748	7.5972128	16.151869
7.2181635	1.3708671	7.4988337	16.069588
7.2259603	1.3570142	7.3987727	15.99965
7.2290788	1.3637795	7.2987113	15.93794
7.2337565	1.3463827	7.1986504	15.826861
7.2259603	1.3299525	7.093544	15.777493
7.215045	1.346705	6.9918013	15.719897
7.2088079	1.3341405	6.8875365	15.645844
7.2119265	1.3302746	6.7849531	15.559449
7.2134862	1.3351071	6.681529	15.514195
7.2166047	1.3302746	6.578105	15.431915
7.215045	1.3215762	6.4763618	15.32495
7.2134862	1.3180324	6.3704152	15.267354
7.2134862	1.3273752	6.26615	15.209758
7.2056894	1.319321	6.1618848	15.102794
7.2025709	1.3038572	6.05762	15.020513
7.2134862	1.3057902	5.9541955	14.971145
7.2197232	1.2990248	5.8490896	14.917662
7.2228417	1.2700301	5.7439837	14.806583
7.215045	1.2568214	5.6380372	14.74076
7.2166047	1.261976	5.5346127	14.674935
7.2072492	1.2468344	5.4286661	14.559742
7.2041306	1.2413576	5.3244014	14.510374
7.2041306	1.2429684	5.2184544	14.448665
7.2041306	1.2333035	5.1116667	14.374612
7.2072492	1.2194506	5.0082426	14.30056
7.2119265	1.220417	4.9022961	14.222392
7.215045	1.2046311	4.7980309	14.144227
7.2119265	1.2120408	4.6920843	14.06606
7.2056894	1.2049532	4.5869784	13.996122
7.2072492	1.2023759	4.4818726	13.913841
7.2056894	1.2055975	4.3750854	13.848017
7.2041306	1.1997986	4.2699795	13.753394
7.1994524	1.1817575	4.1623511	13.683456
7.1947751	1.1795024	4.0589271	13.613517
7.1885381	1.1675823	3.955503	13.535352
7.1900969	1.1701596	3.8512383	13.531237
7.1947751	1.149219	3.7503366	13.411931
7.1978936	1.1440644	3.6452308	13.354335
7.2056894	1.1350439	3.5426476	13.276167
7.2041306	1.1192579	3.4400644	13.198002
7.2010121	1.1211909	3.3357997	13.132177
7.1963339	1.1099151	3.2340574	13.049897
7.1885381	1.1108817	3.1323154	13.000528
7.1823006	1.1018611	3.0322545	12.938819
7.1885381	1.1089487	2.932194	12.889451
7.1916566	1.1260233	2.8338153	12.840082
7.1947751	1.1205466	2.7337544	12.770144
7.1900969	1.1063714	2.6353757	12.650837
7.1994524	1.1054049	2.5353153	12.626153
7.2025709	1.0989616	2.4386182	12.547986
7.1947751	1.091874	2.3402393	12.482162
7.1885381	1.0815648	2.2452238	12.441021
7.1838598	1.058369	2.1485267	12.38754
7.1838598	1.0551474	2.0509887	12.329944
7.1838598	1.0580469	1.9584957	12.264119
7.1807413	1.0606242	1.865162	12.202408
7.1807413	1.0693226	1.7735101	12.124243
7.1776228	1.0609463	1.6793355	12.099558
7.1885381	1.0532144	1.5910468	12.054305
7.1900969	1.0680339	1.4993948	11.996709
7.1776228	1.058369	1.411947	11.906199
7.1823006	1.0454826	1.3219767	11.893857
7.1776228	1.0506371	1.2353697	11.852716
7.1776228	1.0409724	1.1538079	11.778665
7.1776228	1.0351734	1.06636	11.71284
7.1776228	1.0316296	0.98395735	11.675815
7.1760635	1.0171323	0.90071386	11.626447
7.1713858	1.014555	0.82083368	11.572964
7.172945	0.99909115	0.74011272	11.540051
7.172945	0.99297005	0.66107339	11.494798
7.1713858	0.98523813	0.58371574	11.453657
7.1745043	0.98040569	0.50972152	11.387833
7.1745043	0.98684895	0.43488646	11.379605
7.1791821	0.99844682	0.36005136	11.301438
7.1760635	0.98491597	0.28773883	11.27264
7.172945	0.98459381	0.21458544	11.235614
7.166708	0.99683601	0.14479543	11.223272
7.1651487	0.98717111	0.075005442	11.16979
7.172945	1.0010241	0.0094196629	11.140991
7.1698265	0.9916814	-0.057847798	11.087509
7.172945	0.97750622	-0.12175188	11.054597
7.1745043	0.98330516	-0.18565597	11.054597
7.1745043	0.98974842	-0.24787836	11.009343
7.1745043	0.97041863	-0.31010073	10.997001
7.172945	0.9610759	-0.36811894	10.935291
7.172945	0.96912998	-0.43118215	10.939405
7.1745043	0.94786727	-0.4866778	10.898265
7.1698265	0.94303483	-0.54301429	10.869467
7.1682673	0.95624346	-0.59850991	10.869467
7.172945	0.94754511	-0.65232384	10.815985
7.1713858	0.9362694	-0.70613778	10.791301
7.166708	0.94303483	-0.75490665	10.762503
7.172945	0.94754511	-0.80619812	10.721362
7.1713858	0.94722295	-0.85580784	10.684336
7.1791821	0.94045752	-0.90289503	10.651423
7.1745043	0.94915593	-0.95082313	10.639082
7.1651487	0.96204239	-0.99370611	10.651423
7.1713858	0.95688778	-1.0382707	10.639082
7.1682673	0.95269966	-1.0803128	10.622625
7.172945	0.94786727	-1.122355	10.585599
7.1698265	0.93852454	-1.1593521	10.569143
7.1760635	0.93433642	-1.1997125	10.560915
7.1807413	0.91081852	-1.2350279	10.528003
7.1791821	0.91500664	-1.2745476	10.536231
7.1776228	0.91081852	-1.3081812	10.507433
7.1682673	0.91565096	-1.3443375	10.49509
7.1745043	0.90437526	-1.3771303	10.466292
7.172945	0.89728773	-1.4099232	10.449837
7.172945	0.91017419	-1.4410343	10.470407
7.1682673	0.9153288	-1.4721456	10.441608
7.1760635	0.90856338	-1.4990524	10.429267
7.1776228	0.90985203	-1.5259595	10.408696
7.1854191	0.91371799	-1.5553889	10.404582
7.1869783	0.90566391	-1.5797733	10.388126
7.1838598	0.91951692	-1.6016352	10.379898
7.1854191	0.90695256	-1.6277013	10.359328
7.1885381	0.90759689	-1.6520859	10.375784
7.1838598	0.90083146	-1.6756294	10.355214
7.1807413	0.90083146	-1.6983321	10.379898
7.1791821	0.90179795	-1.7193532	10.346986
7.1823006	0.89471042	-1.7403742	10.318188
7.1838598	0.88150173	-1.7588727	10.28939
7.1869783	0.89599907	-1.7807347	10.322302
7.1838598	0.88730067	-1.7975515	10.281161
7.1854191	0.88858932	-1.8194134	10.293504
7.1838598	0.90115362	-1.8353895	10.272934
7.1900969	0.91307366	-1.8538879	10.338758
7.1854191	0.90179795	-1.8690231	10.277048
7.1916566	0.91242933	-1.8875217	10.272934
7.1963339	0.91242933	-1.9026568	10.260592
7.1947751	0.90276444	-1.9169512	10.260592
7.1916566	0.91500664	-1.9346088	10.272934
7.1947751	0.90083146	-1.9472215	10.231794
7.1885381	0.88730067	-1.9631975	10.24825
7.1869783	0.89954281	-1.9774917	10.272934
7.1885381	0.91500664	-1.9909453	10.260592
7.1885381	0.90501958	-2.002717	10.22768
7.1916566	0.89696556	-2.0144887	10.219452
7.1947751	0.89632124	-2.029624	10.211224
7.1900969	0.88633418	-2.0397141	10.182425
7.1823006	0.89277744	-2.0489633	10.18654
7.1932154	0.89374393	-2.0573719	10.198882
7.1947751	0.89696556	-2.0699844	10.215338
7.1947751	0.90083146	-2.0792336	10.202996
7.1947751	0.89342177	-2.087642	10.178312
7.1994524	0.88279039	-2.098573	10.18654
7.1947751	0.90147579	-2.1086633	10.202996
7.1963339	0.89374393	-2.1179123	10.211224
7.1994524	0.88472337	-2.1263208	10.157742
7.2010121	0.87892443	-2.13557	10.161856
7.1947751	0.88214606	-2.1431377	10.170084
7.1932154	0.88987797	-2.1498644	10.174198
7.1900969	0.88568985	-2.1591136	10.133058
7.1885381	0.89309961	-2.1658404	10.128943
7.1916566	0.88858932	-2.1742489	10.128943
7.1947751	0.89181095	-2.1801348	10.133058
7.2010121	0.90373093	-2.1877024	10.133058
7.1978936	0.89309961	-2.1935883	10.133058
7.1978936	0.90985203	-2.1994741	10.157742
7.2010121	0.90791905	-2.2062008	10.141286
7.1963339	0.90276444	-2.2137685	10.128943
7.1978936	0.89825416	-2.2196543	10.116602
7.1978936	0.8940661	-2.2272217	10.108374
7.1947751	0.89503258	-2.2339487	10.116602
7.1963339	0.89503258	-2.2381527	10.104259
7.1947751	0.88214606	-2.242357	10.063119
7.2010121	0.88633418	-2.2499247	10.108374
7.1932154	0.8818239	-2.2549698	10.116602
7.1916566	0.87956876	-2.2608557	10.075461
7.1978936	0.88472337	-2.2659006	10.100145
7.1994524	0.88375688	-2.2726274	10.08369
7.1994524	0.8818239	-2.2768316	10.096031
7.2010121	0.8782801	-2.2818766	10.059005
7.1994524	0.89245528	-2.2877626	10.104259
7.2025709	0.8905223	-2.2919669	10.079576
7.1978936	0.87666929	-2.2978528	10.108374
7.1947751	0.87956876	-2.3012159	10.075461
7.1947751	0.8905223	-2.3054202	10.050777
7.1978936	0.88730067	-2.3121469	10.063119
7.1994524	0.89760983	-2.3146694	10.079576
7.1978936	0.90437526	-2.3205554	10.071347
7.1963339	0.89309961	-2.3239188	10.026093
7.1978936	0.90566391	-2.3264413	10.046663
7.2010121	0.9066304	-2.3314865	10.075461
7.2025709	0.89471042	-2.3340089	10.034321
7.1978936	0.89567691	-2.3373721	10.038435
7.1963339	0.87087035	-2.3415763	9.9972944
7.2025709	0.87763578	-2.3449397	10.026093
7.2010121	0.88117957	-2.3474624	10.042549
7.1963339	0.8782801	-2.3516665	10.013751
7.1994524	0.88150173	-2.3550298	10.038435
7.1978936	0.87441415	-2.3583932	10.034321
7.1994524	0.8782801	-2.3609159	10.046663
7.1932154	0.87956876	-2.3642793	10.026093
7.1947751	0.88858932	-2.3684835	10.021979
7.1947751	0.87860227	-2.371006	10.013751
7.1947751	0.88021308	-2.3735285	10.001409
7.1994524	0.87312549	-2.37521	10.001409
7.2025709	0.86893737	-2.3777325	9.9808388
7.2025709	0.86152762	-2.3785734	9.9972944
7.2041306	0.86539358	-2.3836186	9.9890671
7.2072492	0.86893737	-2.3844593	9.9726105
7.2010121	0.86668223	-2.3878226	10.001409
7.2041306	0.88633418	-2.3895044	10.009637
7.2072492	0.89889848	-2.3928678	10.013751
7.2041306	0.89567691	-2.397913	9.9890671
7.2010121	0.89309961	-2.3987536	9.9767246
7.1994524	0.88891149	-2.4029579	9.9808388
7.2025709	0.88375688	-2.4063213	9.960269
7.2025709	0.88633418	-2.4113662	9.9890671
7.1963339	0.8782801	-2.4122071	9.9726105
7.1994524	0.87538064	-2.4138887	9.9726105
7.1932154	0.87312549	-2.4155705	9.9931812
7.1994524	0.86539358	-2.4189339	9.9396982
7.2025709	0.87409198	-2.423979	9.9684963
7.2010121	0.87763578	-2.4265015	9.9849529
7.2041306	0.86732656	-2.4298649	9.9396982
7.1994524	0.872159	-2.4323874	9.9561548
7.1994524	0.86700439	-2.4349101	9.9767246
7.1947751	0.86378276	-2.4391141	9.9684963
7.1963339	0.85862815	-2.439955	9.9808388
7.1963339	0.86152762	-2.4416368	9.960269
7.1978936	0.85315138	-2.4441593	9.9438124
7.1932154	0.8608833	-2.4458408	9.9314709
7.1978936	0.88279039	-2.4483633	9.9726105
7.1994524	0.87505847	-2.4475224	9.9438124
7.1978936	0.88150173	-2.4525676	9.9561548
7.2025709	0.89632124	-2.4534085	9.9684963
7.2025709	0.89374393	-2.4534085	9.9561548
7.2072492	0.89374393	-2.4559309	9.960269
7.2088079	0.87956876	-2.4567719	9.9314709
7.2056894	0.89116663	-2.4592943	9.9273567
7.1994524	0.87956876	-2.4634986	9.9520407
7.1994524	0.88117957	-2.4643395	9.9438124
7.1994524	0.89277744	-2.4677029	9.9438124
7.2025709	0.87763578	-2.4702253	9.9273567
7.1978936	0.87312549	-2.4719069	9.9643831
7.2041306	0.88343471	-2.4727478	9.9561548
7.1978936	0.86474925	-2.4752703	9.9109001
7.2041306	0.86700439	-2.4786339	9.9273567
7.1978936	0.86990386	-2.4794745	9.9438124
7.1994524	0.87473631	-2.4803152	9.9232426
7.2041306	0.8844012	-2.4836786	9.9273567
7.2041306	0.87860227	-2.4845195	9.9026728
7.2025709	0.88504553	-2.4878829	9.9314709
7.2041306	0.88923365	-2.4887238	9.9109001
7.2088079	0.87989092	-2.4920871	9.8862162
7.2010121	0.86571574	-2.4920871	9.8903303
7.1978936	0.87344766	-2.4954505	9.9314709
7.2041306	0.87087035	-2.4988139	9.9191284
7.1963339	0.8608833	-2.5021772	9.9191284
7.1978936	0.86378276	-2.5030181	9.9026728
7.2041306	0.86700439	-2.5030181	9.9232426
7.1916566	0.87054819	-2.503859	9.9232426
7.2010121	0.86410493	-2.5072224	9.8985586
7.2010121	0.86797088	-2.5080633	9.8944445
7.1994524	0.85605085	-2.5097449	9.8862162
7.1994524	0.85282922	-2.5147901	9.8944445
7.2041306	0.86603791	-2.5139492	9.9191284
7.2010121	0.86893737	-2.5164716	9.9109001
7.2010121	0.86990386	-2.5189941	9.8779879
7.1947751	0.86410493	-2.5206757	9.8697605
7.1963339	0.86925954	-2.5206757	9.8862162
7.1994524	0.89213312	-2.5223575	9.9150143
7.1963339	0.8966434	-2.524039	9.8944445
7.1994524	0.86990386	-2.5257208	9.8409624
7.2025709	0.87989092	-2.5274024	9.8903303
7.2041306	0.88633418	-2.5274024	9.8862162
7.2056894	0.87505847	-2.5290842	9.9026728
7.2010121	0.86603791	-2.5290842	9.8944445
7.2025709	0.87924659	-2.5299251	9.8903303
7.1978936	0.86732656	-2.5316067	9.8656464
7.2010121	0.87473631	-2.53497	9.8779879
7.1994524	0.88279039	-2.5358109	9.9026728
7.2072492	0.87892443	-2.5366518	9.8944445
7.2010121	0.88375688	-2.5400152	9.8985586
7.1947751	0.87860227	-2.5408561	9.8615322
7.2025709	0.87634712	-2.5442195	9.8944445
7.2072492	0.88665634	-2.5442195	9.8738737
7.1947751	0.872159	-2.5433786	9.8533039
7.2025709	0.86990386	-2.546742	9.8574181
7.2010121	0.8844012	-2.546742	9.8862162
7.2025709	0.87473631	-2.5484238	9.8368483
7.2041306	0.86378276	-2.5501053	9.8450756
7.2056894	0.85508436	-2.5534685	9.8574181
7.2072492	0.84413087	-2.5534685	9.8738737
7.2041306	0.85669518	-2.5551503	9.8615322
7.2025709	0.85154057	-2.5576727	9.8574181
7.1994524	0.85508436	-2.5601954	9.8533039
7.2025709	0.8573395	-2.561877	9.8368483
7.1994524	0.85895032	-2.5635588	9.8368483
7.2025709	0.85605085	-2.5660813	9.82862
7.1978936	0.872159	-2.5652404	9.8245058
7.2010121	0.87087035	-2.5669222	9.8656464
7.1978936	0.87312549	-2.5677629	9.8862162
7.2010121	0.87280333	-2.5686038	9.8491898
7.1994524	0.88601202	-2.5694447	9.8491898
7.2010121	0.87699145	-2.5711262	9.8450756
7.2056894	0.89342177	-2.5702856	9.8697605
7.2025709	0.89181095	-2.572808	9.8697605
7.2025709	0.87860227	-2.572808	9.8491898
7.2072492	0.88601202	-2.5761714	9.8697605
7.2025709	0.86603791	-2.5753305	9.8327341
7.2010121	0.86056113	-2.5786939	9.8491898
7.2025709	0.86925954	-2.5786939	9.8450756
7.1978936	0.86249411	-2.5812166	9.8450756
7.1916566	0.86861521	-2.5820572	9.803936
7.1994524	0.87602496	-2.5845799	9.8368483
7.1978936	0.86474925	-2.5854206	9.8491898
7.2010121	0.872159	-2.5854206	9.8533039
7.2010121	0.87924659	-2.583739	9.8533039
7.1994524	0.87344766	-2.5871022	9.82862
7.2041306	0.88697851	-2.5871022	9.8574181
7.2041306	0.88375688	-2.5896249	9.8245058
7.2072492	0.89438826	-2.5904655	9.882102
7.2025709	0.90083146	-2.5921474	9.8368483
7.2025709	0.88762283	-2.5955107	9.8409624
7.2025709	0.87731361	-2.5963516	9.8245058
7.2010121	0.87054819	-2.5971923	9.8245058
7.1963339	0.85605085	-2.599715	9.8080502
7.1947751	0.86281627	-2.599715	9.8368483
7.1978936	0.86571574	-2.6005557	9.8327341
7.1932154	0.84992975	-2.6022375	9.8245058
7.1994524	0.84928542	-2.6056008	9.8121634
7.2010121	0.85766166	-2.6030784	9.8368483
7.2010121	0.85186273	-2.6039193	9.8327341
7.2088079	0.86313844	-2.6064417	9.803936
7.2072492	0.8782801	-2.6072826	9.8656464
7.2041306	0.872159	-2.6081233	9.82862
7.2025709	0.88053524	-2.6081233	9.8203917
7.2056894	0.86797088	-2.610646	9.8368483
7.2025709	0.86152762	-2.6131682	9.8162775
7.1994524	0.87087035	-2.6156909	9.8245058
7.1947751	0.86378276	-2.6156909	9.7957077
7.1978936	0.85508436	-2.6165316	9.8409624
7.1963339	0.85798383	-2.6182134	9.7998219
7.1900969	0.8512184	-2.6207361	9.803936
7.1978936	0.84509736	-2.6207361	9.803936
7.1978936	0.85798383	-2.6232584	9.8368483
7.2010121	0.86249411	-2.6240995	9.8162775
7.2025709	0.86281627	-2.6232584	9.8162775
7.1978936	0.86571574	-2.6266217	9.82862
7.1994524	0.87151468	-2.6249402	9.8697605
7.1994524	0.87763578	-2.6257811	9.8080502
7.1994524	0.88987797	-2.6274629	9.82862
7.2056894	0.88214606	-2.6274629	9.8327341
7.2010121	0.88987797	-2.6291444	9.8203917
7.2041306	0.88407904	-2.6291444	9.8245058
7.2025709	0.87441415	-2.6308262	9.8203917
7.1994524	0.89245528	-2.6325078	9.8245058
7.1994524	0.87151468	-2.6308262	9.8121634
7.2041306	0.87248117	-2.6316669	9.8121634
7.2010121	0.88246822	-2.6333487	9.7998219
7.1994524	0.8695817	-2.6341896	9.7792521
7.2025709	0.85830599	-2.6350303	9.803936
7.2088079	0.87248117	-2.6358712	9.8121634
7.2041306	0.86636007	-2.6392343	9.8121634
7.2041306	0.86152762	-2.6400754	9.7957077
7.2025709	0.86990386	-2.6400754	9.8162775
7.2010121	0.87441415	-2.6409161	9.7915936
7.1963339	0.87699145	-2.6425977	9.8080502
7.1994524	0.87763578	-2.645961	9.7710238
7.2010121	0.87731361	-2.6451204	9.7957077
7.2025709	0.87602496	-2.6468022	9.8203917
7.1994524	0.87344766	-2.6468022	9.7833652
7.1994524	0.89471042	-2.6493244	9.8368483
7.2025709	0.87087035	-2.6501656	9.7874794
7.2010121	0.86797088	-2.6518471	9.803936
7.2025709	0.84896326	-2.6510062	9.7627954
7.2025709	0.85572869	-2.6535289	9.8121634
7.2041306	0.84638602	-2.6543696	9.7957077
7.1978936	0.84670818	-2.6543696	9.803936
7.2041306	0.86056113	-2.6560512	9.803936
7.2025709	0.86442709	-2.6560512	9.7998219
7.1978936	0.87087035	-2.657733	9.8162775
7.2025709	0.88053524	-2.6585739	9.7915936
7.2010121	0.86700439	-2.657733	9.7792521
7.2041306	0.86249411	-2.6585739	9.7586813
7.1994524	0.87602496	-2.6594148	9.7833652
7.1963339	0.87699145	-2.6602557	9.7998219
7.2088079	0.8905223	-2.6610963	9.7957077
7.2041306	0.88279039	-2.6610963	9.7545671
7.2041306	0.86603791	-2.6644597	9.7586813
7.2010121	0.86571574	-2.6644597	9.7751379
7.2025709	0.87441415	-2.6644597	9.7957077
7.2025709	0.87119251	-2.6661415	9.7874794
7.1994524	0.86925954	-2.6669824	9.7833652
7.1947751	0.88150173	-2.6686642	9.8245058
7.2010121	0.87763578	-2.6678231	9.7957077
7.1963339	0.87699145	-2.6678231	9.7915936
7.1978936	0.88601202	-2.6695049	9.7833652
7.1947751	0.89116663	-2.6720276	9.8245058
7.1978936	0.88246822	-2.6720276	9.8121634
7.1978936	0.89084446	-2.6711864	9.7874794
7.2010121	0.88311255	-2.6737089	9.7833652
7.2010121	0.87441415	-2.6745498	9.7957077
7.1994524	0.87795794	-2.6753905	9.7627954
7.2010121	0.86507142	-2.6745498	9.7545671
7.2088079	0.86152762	-2.6753905	9.7339973
7.2056894	0.86636007	-2.6753905	9.7957077
7.1994524	0.84252006	-2.6762316	9.7545671
7.2041306	0.85766166	-2.6787539	9.7915936
7.1978936	0.86217195	-2.6821172	9.7792521
7.1994524	0.84992975	-2.6804357	9.7545671
7.2072492	0.85540652	-2.6821172	9.7915936
7.1978936	0.86636007	-2.683799	9.7627954
7.1978936	0.86829305	-2.683799	9.7586813
7.2025709	0.8634606	-2.6846399	9.7710238
7.1947751	0.87344766	-2.6846399	9.7669096
7.2041306	0.8634606	-2.6863217	9.7751379
7.2025709	0.86249411	-2.6854808	9.7545671
7.2010121	0.87634712	-2.6871624	9.7751379
7.2072492	0.87312549	-2.6871624	9.7463398
7.2088079	0.86668223	-2.6896851	9.7627954
7.2025709	0.87666929	-2.6888442	9.7627954
7.2010121	0.88536769	-2.6905258	9.7915936
7.2041306	0.87022603	-2.6938891	9.7710238
7.1994524	0.87087035	-2.6922076	9.7833652
7.1994524	0.87344766	-2.6930485	9.7751379
7.2010121	0.87248117	-2.6938891	9.7669096
7.2041306	0.86410493	-2.6955709	9.7669096
7.2025709	0.86603791	-2.6972525	9.7710238
7.1947751	0.88536769	-2.6980937	9.7792521
7.1994524	0.88665634	-2.6980937	9.7545671
7.2072492	0.88375688	-2.6972525	9.7792521
7.2010121	0.8757028	-2.6997752	9.7504539
7.1963339	0.8905223	-2.6997752	9.7627954
7.1994524	0.87602496	-2.6989343	9.7339973
7.1963339	0.86893737	-2.701457	9.7504539
7.2025709	0.87892443	-2.7031386	9.7381115
7.1978936	0.87087035	-2.7031386	9.7463398
7.2010121	0.85411787	-2.7031386	9.7381115
7.2041306	0.86700439	-2.7039793	9.7669096
7.1978936	0.86507142	-2.7048204	9.7627954
7.2010121	0.85830599	-2.7056611	9.7627954
7.2072492	0.8695817	-2.7081833	9.7627954
7.2041306	0.84896326	-2.7090244	9.7710238
7.2025709	0.84445304	-2.7081833	9.7381115
7.2072492	0.86281627	-2.7081833	9.7545671
7.2056894	0.85572869	-2.7098651	9.7339973
7.1994524	0.84960759	-2.7123878	9.7339973
7.1978936	0.85798383	-2.7123878	9.7422256
7.1963339	0.86636007	-2.7140694	9.7504539
7.2041306	0.87505847	-2.7140694	9.7586813
7.2056894	0.88117957	-2.7140694	9.7504539
7.1963339	0.87956876	-2.7165918	9.7586813
7.1947751	0.87924659	-2.7157512	9.7669096
7.1978936	0.87699145	-2.7149103	9.7545671
7.2025709	0.87699145	-2.717433	9.7627954
7.2010121	0.87087035	-2.7157512	9.7422256
7.2010121	0.88085741	-2.7157512	9.7504539
7.1994524	0.85379571	-2.7165918	9.7175417
7.2056894	0.85379571	-2.717433	9.7504539
7.2041306	0.85057408	-2.7165918	9.7175417
7.2010121	0.84831893	-2.7165918	9.7134275
7.2025709	0.85218489	-2.717433	9.7298832
7.1978936	0.86829305	-2.717433	9.7381115
7.1963339	0.8547622	-2.7182736	9.7422256
7.1947751	0.85637301	-2.7191145	9.7298832
7.1932154	0.87151468	-2.7191145	9.7339973
7.1947751	0.86700439	-2.7199552	9.7710238
7.1994524	0.86668223	-2.7199552	9.7339973
7.2041306	0.87087035	-2.7207963	9.7422256
7.2041306	0.86442709	-2.7199552	9.7381115
7.2010121	0.87312549	-2.7182736	9.725769
7.1963339	0.87376982	-2.7182736	9.7175417
7.1994524	0.87022603	-2.7182736	9.7422256
7.1963339	0.87634712	-2.7182736	9.7504539
7.1978936	0.88762283	-2.7157512	9.7669096
7.1994524	0.88246822	-2.7149103	9.7339973
7.1994524	0.87860227	-2.7140694	9.7298832
7.1963339	0.86571574	-2.7123878	9.7134275
7.2025709	0.87312549	-2.710706	9.7586813
7.1994524	0.86732656	-2.7098651	9.7175417
7.1994524	0.86378276	-2.7098651	9.7463398
7.2010121	0.85025191	-2.7056611	9.7381115
7.1947751	0.85862815	-2.7039793	9.7627954
7.2041306	0.87956876	-2.7039793	9.7669096
7.1994524	0.86410493	-2.7022977	9.7381115
7.2025709	0.85798383	-2.6989343	9.7627954
7.2010121	0.87312549	-2.6972525	9.7381115
7.1963339	0.86668223	-2.6930485	9.7545671
7.2010121	0.85282922	-2.6930485	9.7422256
7.2025709	0.86120546	-2.6913669	9.7463398
7.1963339	0.86797088	-2.6888442	9.7710238
7.1994524	0.86539358	-2.6863217	9.7833652
7.1978936	0.87666929	-2.6846399	9.7669096
7.2010121	0.87183684	-2.6804357	9.7669096
7.1994524	0.8608833	-2.679595	9.7381115
7.2025709	0.86056113	-2.6762316	9.7627954
7.1978936	0.86829305	-2.6745498	9.7422256
7.2025709	0.87054819	-2.6703458	9.7833652
7.1963339	0.88504553	-2.6661415	9.7957077
7.2010121	0.89825416	-2.6661415	9.8080502
7.1978936	0.90598607	-2.6627781	9.803936
7.2041306	0.90179795	-2.6594148	9.7915936
7.2041306	0.9030866	-2.657733	9.803936
7.2025709	0.90083146	-2.6535289	9.8121634
7.2041306	0.88375688	-2.6501656	9.7627954
7.1963339	0.88150173	-2.6476429	9.7874794
7.1994524	0.87119251	-2.6451204	9.7833652
7.1978936	0.87505847	-2.641757	9.803936
7.1994524	0.86217195	-2.6383936	9.7874794
7.2010121	0.85508436	-2.6341896	9.7792521
7.1978936	0.8757028	-2.6341896	9.7998219
7.1963339	0.86217195	-2.6316669	9.8203917
7.1963339	0.85927248	-2.6266217	9.7998219
7.1978936	0.88279039	-2.6232584	9.8245058
7.1994524	0.86893737	-2.6207361	9.82862
7.2010121	0.87731361	-2.6173728	9.8656464
7.2025709	0.88762283	-2.6140094	9.8450756
7.1963339	0.88923365	-2.6089642	9.8245058
7.1994524	0.89148879	-2.6064417	9.8656464
7.2010121	0.90534174	-2.6013966	9.8656464
7.2025709	0.9092077	-2.5980332	9.8656464
7.1978936	0.887945	-2.5955107	9.8491898
7.2010121	0.88150173	-2.588784	9.8574181
7.2010121	0.88279039	-2.5871022	9.8985586
7.1963339	0.87409198	-2.5820572	9.8450756
7.1963339	0.88375688	-2.5778532	9.882102
7.1978936	0.87409198	-2.5736489	9.8615322
7.1978936	0.88279039	-2.5711262	9.8738737
7.1932154	0.88891149	-2.5669222	9.8903303
7.1947751	0.87989092	-2.5627179	9.8985586
7.1994524	0.87860227	-2.5559912	9.8944445
7.1994524	0.88117957	-2.5526278	9.9273567
7.1994524	0.87956876	-2.5484238	9.9273567
7.1978936	0.89213312	-2.5433786	9.9396982
7.1963339	0.89922065	-2.5383334	9.9232426
7.1963339	0.88021308	-2.5324476	9.9273567
7.1978936	0.88987797	-2.5257208	9.9273567
7.1978936	0.89245528	-2.5189941	9.9273567
7.2010121	0.887945	-2.5156307	9.9273567
7.1994524	0.88085741	-2.508904	9.9438124
7.1963339	0.89245528	-2.5046999	9.9767246
7.1994524	0.89857632	-2.4962914	9.9931812
7.1947751	0.8905223	-2.4912462	9.9808388
7.2025709	0.8844012	-2.4836786	9.9931812
7.2010121	0.87473631	-2.477793	9.9767246
7.1932154	0.87183684	-2.4719069	9.9931812
7.1978936	0.872159	-2.4618168	10.009637
7.1900969	0.87666929	-2.4542491	10.026093
7.1963339	0.87054819	-2.4483633	10.030207
7.1947751	0.86893737	-2.4407959	10.030207
7.1916566	0.87344766	-2.4323874	10.046663
7.1932154	0.88697851	-2.4214563	10.054892
7.1885381	0.88150173	-2.413048	10.067233
7.1900969	0.88053524	-2.4037988	10.026093
7.1963339	0.88891149	-2.3945496	10.091917
7.1869783	0.87634712	-2.3827777	10.067233
7.1869783	0.8844012	-2.3726876	10.087803
7.1854191	0.87441415	-2.360075	10.096031
7.1838598	0.86056113	-2.349144	10.108374
7.1838598	0.87956876	-2.3356907	10.178312
7.1823006	0.89309961	-2.3205554	10.170084
7.1791821	0.87731361	-2.3062611	10.149513
7.1713858	0.88536769	-2.291126	10.174198
7.1682673	0.90179795	-2.2743089	10.202996
7.1682673	0.89535475	-2.2558105	10.211224
7.1698265	0.90824121	-2.2356303	10.240023
7.1698265	0.92692667	-2.2146094	10.264706
7.1635895	0.91919476	-2.1919065	10.260592
7.1635895	0.91500664	-2.1683629	10.301732
7.1573524	0.93723589	-2.1406152	10.33053
7.1542339	0.92016125	-2.1103449	10.28939
7.1542339	0.92209423	-2.082597	10.318188
7.1479969	0.92370504	-2.0464408	10.37167
7.1417599	0.91500664	-2.0128071	10.355214
7.1417599	0.9153288	-1.9758101	10.396355
7.1448784	0.9153288	-1.9362905	10.41281
7.1402001	0.90824121	-1.8925667	10.462178
7.1386414	0.91210717	-1.8471613	10.441608
7.1339631	0.91500664	-1.7975515	10.474521
7.1355228	0.91371799	-1.7471009	10.515661
7.1246076	0.92660451	-1.6907647	10.581486
7.1168113	0.91436231	-1.6361098	10.577372
7.1246076	0.93143696	-1.5738875	10.622625
7.1183705	0.92563802	-1.5074608	10.651423
7.1199298	0.92982614	-1.4410343	10.70902
7.115252	0.9301483	-1.368722	10.721362
7.115252	0.93723589	-1.2930461	10.766617
7.109015	0.93949103	-1.2140068	10.811871
7.1043372	0.94464564	-1.1274	10.857125
7.1012187	0.94174618	-1.0399524	10.890037
7.109015	0.94335699	-0.94745976	10.968203
7.102778	0.9549548	-0.85076278	10.997001
7.0949817	0.97750622	-0.75070244	11.103966
7.1012187	0.95592129	-0.64475626	11.112193
7.0981002	0.9758954	-0.53628755	11.186246
7.0949817	0.96880782	-0.41941035	11.231501
7.0903034	0.9733181	-0.30085149	11.309667
7.0887446	0.98652679	-0.17724754	11.379605
7.0887446	0.98169434	-0.05028021	11.433087
7.0809479	0.9978025	0.083413877	11.540051
7.0762706	1.0116554	0.22047134	11.614103
7.0793891	1.0184209	0.3634147	11.71284
7.0778294	1.0306631	0.51392573	11.766323
7.0684738	1.0409724	0.66864097	11.840376
7.0653553	1.0396837	0.82587874	11.910314
7.0591183	1.0519258	0.99236578	12.05019
7.0591183	1.066101	1.1647388	12.169496
7.0544405	1.0767324	1.341316	12.264119
7.0482035	1.0844643	1.5254608	12.354628
7.0419664	1.0728664	1.7171733	12.445136
7.0419664	1.0699669	1.9147718	12.560328
7.0357294	1.0934849	2.1174154	12.700206
7.0372887	1.0963843	2.3293083	12.811283
7.0388479	1.1070157	2.5437236	12.942932
7.0372887	1.135366	2.7673883	13.107493
7.0341697	1.1279563	3.0019841	13.235027
7.0404072	1.149219	3.2365799	13.411931
7.045085	1.1753142	3.4804251	13.580605
7.0466442	1.1724148	3.7301564	13.68757
7.057559	1.1698375	3.9857736	13.835674
7.0606775	1.1830461	4.2497993	14.008463
7.0700336	1.1843348	4.5146656	14.201823
7.0793891	1.2059197	4.7887816	14.354041
7.0934219	1.2117187	5.0620565	14.5474
7.1121335	1.216229	5.341218	14.720188
7.1261673	1.236203	5.6237421	14.938232
7.1479969	1.2436128	5.907949	15.07811
7.1698265	1.250056	6.1938372	15.271467
7.2010121	1.2597209	6.4788847	15.452484
7.2275195	1.281628	6.7639322	15.68287
7.2540274	1.2964475	7.0472975	15.843318
7.288331	1.3247979	7.3256187	16.08193
7.3226352	1.3463827	7.5988941	16.250605
7.3584981	1.3631352	7.8671255	16.464535
7.3959203	1.3814986	8.1269474	16.629095
7.4317837	1.3940629	8.3758392	16.793655
7.4738841	1.4043721	8.6154814	16.978788
7.5144248	1.4259571	8.8425112	17.13512
7.5378141	1.4340111	9.0569277	17.316137
7.5658813	1.4514079	9.2528458	17.456015
7.5830326	1.4717042	9.4344692	17.628803
7.6017442	1.4723486	9.5984354	17.756338
7.6079812	1.4842685	9.7464247	17.834505
7.6064219	1.4920005	9.8759165	17.97438
7.5939479	1.491034	9.9911127	18.056662
7.5689998	1.5087529	10.089493	18.130714
7.5331359	1.5113302	10.1761	18.204767
7.4972734	1.504887	10.250094	18.278818
7.452054	1.5232503	10.312318	18.348757
7.403717	1.5277606	10.371178	18.389896
7.3584981	1.5274384	10.419947	18.418695
7.324194	1.5490234	10.467875	18.513317
7.2867718	1.5583661	10.5116	18.54623
7.2649417	1.5638429	10.555325	18.558573
7.2384343	1.5677088	10.597366	18.570913
7.230638	1.5612656	10.636045	18.607941
7.2321973	1.5612656	10.678089	18.632626
7.230638	1.5590104	10.716768	18.665537
7.2290788	1.5664202	10.756288	18.694334
7.2415528	1.5557888	10.793285	18.710791
7.2384343	1.5564331	10.830283	18.714905
7.2446713	1.5599769	10.863917	18.747818
7.2493491	1.5570774	10.897551	18.776615
7.2493491	1.5458018	10.929503	18.776615
7.2446713	1.5474125	10.959774	18.788958
7.2415528	1.558044	10.990044	18.830097
7.221282	1.5599769	11.016953	18.838326
7.0544405	1.5625542	11.032087	18.883579
6.7597384	1.568031	11.017793	18.887695
6.5118151	1.5712526	10.971545	18.908264
6.274806	1.5773737	10.911004	18.932947
6.0643044	1.5731856	10.851303	18.871239
5.8522444	1.5709305	10.805058	18.883579
5.6557765	1.5731856	10.773105	18.854782
5.4795785	1.5715748	10.754606	18.86301
5.3423634	1.5596547	10.738629	18.809526
5.2300959	1.5551444	10.727699	18.805414
5.1458955	1.5654536	10.715927	18.84244
5.088202	1.5557888	10.704155	18.813643
5.0445433	1.5657759	10.690701	18.788958
5.0008836	1.5554667	10.683133	18.793072
4.9603429	1.5628763	10.678929	18.793072
4.9213605	1.5706083	10.673043	18.830097
4.8870568	1.5631986	10.670521	18.784843
4.8621082	1.5554667	10.667998	18.797186
4.827805	1.5596547	10.667157	18.788958
4.8012972	1.5586883	10.666317	18.8013
4.7903824	1.5644872	10.662952	18.8013
4.7685528	1.5689975	10.663795	18.788958
4.7451634	1.5780181	10.662952	18.821871
4.7202153	1.5738299	10.66043	18.838326
4.6999445	1.5783402	10.662952	18.813643
4.6703186	1.5863943	10.661271	18.805414
4.6562853	1.560299	10.662112	18.784843
4.6328959	1.562232	10.662112	18.797186
4.6157441	1.5747964	10.662952	18.805414
4.6017108	1.5722191	10.66043	18.805414
4.5783219	1.5815618	10.66043	18.834211
4.5611701	1.5889716	10.661271	18.867123
4.5346622	1.579951	10.661271	18.830097
4.5206289	1.5889716	10.66043	18.850668
4.4987993	1.5954149	10.662952	18.830097
4.4832067	1.5909046	10.66043	18.830097
4.4660544	1.5999252	10.661271	18.84244
4.4457841	1.5847834	10.662112	18.805414
4.4317508	1.5751185	10.66043	18.830097
4.4068022	1.5854278	10.661271	18.850668
4.3849726	1.5789845	10.65959	18.850668
4.36938	1.5557888	10.66043	18.825983
4.3537874	1.5728635	10.66043	18.850668
4.3288393	1.5654536	10.663795	18.84244
4.3132463	1.5570774	10.661271	18.8013
4.2976537	1.5648093	10.662952	18.825983
4.2742648	1.5474125	10.66043	18.809526
4.257113	1.5590104	10.662112	18.846554
4.2446384	1.5699639	10.661271	18.854782
4.2274866	1.5757629	10.66043	18.867123
4.2134533	1.5702862	10.661271	18.846554
4.1947422	1.5873607	10.66043	18.846554
4.1775899	1.579951	10.658749	18.846554
4.1604381	1.58575	10.65959	18.838326
4.1510825	1.5754408	10.66043	18.846554
4.1354899	1.5870386	10.65959	18.867123
4.1214561	1.5789845	10.662112	18.84244
4.1152191	1.5783402	10.66043	18.858896
4.1027455	1.5892937	10.65959	18.895922
4.0824747	1.5744742	10.658749	18.834211
4.0684414	1.5670645	10.657907	18.86301
4.0606451	1.5844613	10.657907	18.887695
4.041934	1.5863943	10.657907	18.879467
4.0279007	1.5925153	10.658749	18.887695
4.0216632	1.5725412	10.65959	18.883579
4.0076299	1.5786624	10.658749	18.875351
3.9967151	1.5815618	10.657907	18.879467
3.9811225	1.5796288	10.65959	18.879467
3.9608519	1.5989586	10.65959	18.916492
3.9608519	1.5896159	10.657907	18.867123
3.9405813	1.5747964	10.658749	18.871239
3.9296665	1.595737	10.658749	18.895922
3.9249887	1.5825284	10.661271	18.875351
3.9140737	1.5786624	10.658749	18.879467
3.9015996	1.5905824	10.657067	18.912378
3.8891256	1.5909046	10.657907	18.895922
3.8719738	1.5996029	10.658749	18.928835
3.8641775	1.6018581	10.657067	18.90415
3.8563812	1.5983143	10.657907	18.90415
3.8454661	1.5931597	10.657907	18.887695
3.8283143	1.5999252	10.65959	18.932947
3.8220773	1.5928376	10.658749	18.895922
3.8033659	1.587683	10.657067	18.90415
3.8002474	1.6002473	10.657907	18.920607
3.7877734	1.6076571	10.657067	18.957632
3.7768583	1.5892937	10.657067	18.908264
3.769062	1.6057241	10.657907	18.916492
3.7643843	1.6031468	10.657067	18.895922
3.7472322	1.58575	10.658749	18.924721
3.7441137	1.5867164	10.658749	18.908264
3.7363174	1.5915489	10.655386	18.916492
3.7222838	1.5860721	10.657067	18.895922
3.7160468	1.5747964	10.657907	18.916492
3.705132	1.5825284	10.657067	18.920607
3.7004542	1.5944483	10.658749	18.912378
3.6879799	1.568031	10.657067	18.895922
3.6755061	1.5728635	10.656226	18.895922
3.6661506	1.5860721	10.657067	18.916492
3.6661506	1.5851057	10.657907	18.932947
3.6614728	1.5677088	10.657067	18.887695
3.64588	1.5757629	10.655386	18.928835
3.6365244	1.5770515	10.656226	18.90415
3.6380837	1.5793067	10.657907	18.90415
3.6318467	1.5773737	10.655386	18.932947
3.6193724	1.5715748	10.657067	18.916492
3.6162539	1.5657759	10.657067	18.908264
3.6068983	1.5764072	10.656226	18.920607
3.6006613	1.5776958	10.654545	18.941175
3.5928648	1.5654536	10.657067	18.924721
3.5866277	1.5841391	10.656226	18.928835
3.5772722	1.5770515	10.656226	18.916492
3.5725944	1.5809175	10.655386	18.945292
3.5663574	1.5921932	10.655386	18.932947
3.5570016	1.5812397	10.657067	18.912378
3.5523238	1.587683	10.656226	18.932947
3.547646	1.5873607	10.654545	18.937063
3.5367312	1.5870386	10.658749	18.912378
3.530494	1.5841391	10.657907	18.920607
3.5273755	1.5831727	10.656226	18.920607
3.5133421	1.5709305	10.657907	18.90415
3.5102236	1.5773737	10.657067	18.90415
3.5024273	1.5815618	10.657067	18.916492
3.4977493	1.5847834	10.657907	18.908264
3.4883938	1.5773737	10.657067	18.937063
3.4837162	1.5867164	10.656226	18.953518
3.47592	1.5793067	10.657907	18.96586
3.4681237	1.5873607	10.657067	18.937063
3.4587679	1.5860721	10.657067	18.941175
3.4587679	1.5954149	10.655386	18.945292
3.4462938	1.5905824	10.656226	18.961746
3.4462938	1.5828505	10.654545	18.932947
3.4369383	1.6012138	10.655386	18.986431
3.4275825	1.5963813	10.655386	18.953518
3.4260232	1.5793067	10.654545	18.974089
3.4229047	1.5793067	10.656226	18.945292
3.4119899	1.5812397	10.655386	18.932947
3.4073122	1.5773737	10.656226	18.932947
3.4057529	1.5793067	10.657067	18.932947
3.3995156	1.5590104	10.656226	18.941175
3.3932786	1.5702862	10.656226	18.961746
3.3901601	1.5702862	10.654545	18.961746
3.3854823	1.5747964	10.655386	19.007
3.3730083	1.579951	10.654545	18.957632
3.3698897	1.5696418	10.656226	18.941175
3.366771	1.5693196	10.654545	18.953518
3.3652117	1.5773737	10.655386	18.957632
3.3542969	1.5570774	10.656226	18.916492
3.3480599	1.5809175	10.657067	18.953518
3.3480599	1.5718969	10.656226	18.945292
3.3309078	1.5783402	10.655386	18.990543
3.3355856	1.5867164	10.657067	18.957632
3.32623	1.5941262	10.655386	18.941175
3.3184338	1.5921932	10.656226	18.96586
3.3184338	1.5944483	10.656226	18.953518
3.3106375	1.6028246	10.655386	18.961746
3.3044002	1.5892937	10.654545	18.961746
3.2950449	1.5834948	10.656226	18.978203
3.2841301	1.5880051	10.656226	18.982317
3.2841301	1.5967035	10.655386	18.969975
3.2778931	1.5770515	10.656226	18.949404
3.271656	1.5738299	10.656226	18.96586
3.271656	1.5699639	10.657907	18.932947
3.2623003	1.5545001	10.657067	18.928835
3.2591817	1.564165	10.654545	18.945292
3.2529447	1.5735078	10.657067	18.953518
3.2467077	1.5686753	10.655386	18.961746
3.2435892	1.5693196	10.654545	18.941175
3.2389114	1.58575	10.654545	18.96586
3.2311149	1.5783402	10.653704	18.941175
3.2326741	1.5870386	10.656226	18.932947
3.2248778	1.5812397	10.655386	18.978203
3.2202001	1.579951	10.654545	18.937063
3.2202001	1.5805954	10.656226	18.961746
3.2170815	1.5860721	10.656226	18.96586
3.2108445	1.5860721	10.656226	18.953518
3.203048	1.589938	10.656226	18.974089
3.1952517	1.5912267	10.655386	18.957632
3.1952517	1.6044354	10.656226	18.982317
3.1936924	1.5718969	10.657067	18.941175
3.1858962	1.5947706	10.656226	18.969975
3.1843369	1.5983143	10.655386	18.974089
3.1765406	1.5912267	10.656226	18.974089
3.1796591	1.5851057	10.655386	18.982317
3.1671848	1.5789845	10.652864	18.949404
3.1625071	1.5873607	10.655386	18.945292
3.1593885	1.5860721	10.656226	18.961746
3.1547108	1.5728635	10.655386	18.982317
3.15627	1.5902603	10.655386	18.998772
3.1453552	1.5905824	10.654545	18.986431
3.150033	1.5854278	10.655386	18.990543
3.1422365	1.5912267	10.654545	19.007
3.1344402	1.5741521	10.654545	18.957632
3.1344402	1.5706083	10.654545	18.949404
3.1235254	1.5606213	10.656226	18.957632
3.1204071	1.5635207	10.655386	18.974089
3.1157293	1.5747964	10.655386	18.949404
3.1094923	1.558044	10.655386	18.949404
3.107933	1.5599769	10.656226	18.974089
3.1048143	1.583817	10.654545	19.002888
3.0985773	1.5915489	10.654545	18.986431
3.0954587	1.5783402	10.654545	18.969975
3.0876625	1.5860721	10.656226	18.978203
3.0829847	1.5992808	10.657907	18.982317
3.0845439	1.5934819	10.654545	18.986431
3.0751884	1.5822061	10.654545	18.969975
3.0751884	1.5886494	10.655386	18.974089
3.0673919	1.581884	10.657067	19.002888
3.0658326	1.5644872	10.654545	18.986431
3.0595956	1.568031	10.656226	19.002888
3.0564771	1.5809175	10.656226	18.96586
3.0533586	1.593804	10.656226	18.990543
3.0486808	1.5741521	10.655386	18.953518
3.0424435	1.5805954	10.657067	18.949404
3.044003	1.5883273	10.654545	18.953518
3.0362065	1.5812397	10.654545	18.978203
3.0377657	1.5967035	10.654545	18.969975
3.0284102	1.5996029	10.655386	19.011116
3.0221732	1.6076571	10.656226	18.957632
3.0252917	1.6050798	10.654545	18.974089
3.0221732	1.6037911	10.654545	18.986431
3.0174954	1.615389	10.655386	19.002888
3.0159361	1.6118451	10.654545	18.969975
3.0034618	1.595737	10.654545	18.978203
3.0096989	1.5831727	10.656226	18.974089
3.0050211	1.589938	10.655386	18.974089
3.0003433	1.5757629	10.656226	18.978203
2.992547	1.5718969	10.657067	18.953518
2.9878693	1.5860721	10.656226	18.994659
2.9878693	1.589938	10.654545	18.949404
2.9769542	1.5789845	10.657067	18.974089
2.9785135	1.5986365	10.655386	18.998772
2.9738357	1.5944483	10.654545	18.969975
2.9629209	1.6079792	10.654545	19.002888
2.9675987	1.6086235	10.654545	18.998772
2.9691579	1.6092678	10.654545	18.978203
2.9598024	1.6124895	10.654545	19.007
2.9629209	1.5963813	10.655386	18.974089
2.9566839	1.5983143	10.652864	18.982317
2.9442101	1.6050798	10.655386	19.002888
2.9473286	1.5973479	10.654545	18.998772
2.9442101	1.5760851	10.655386	18.982317
2.9348543	1.5744742	10.656226	18.978203
2.9379728	1.5709305	10.655386	18.982317
2.9379728	1.5670645	10.657067	18.994659
2.9364135	1.558044	10.655386	18.949404
2.9254987	1.566098	10.655386	18.949404
2.9223802	1.5873607	10.653704	18.986431
2.9239395	1.5912267	10.655386	19.027571
2.9161432	1.5764072	10.654545	18.990543
2.9161432	1.5812397	10.655386	18.994659
2.9052281	1.5867164	10.654545	18.978203
2.9099059	1.5735078	10.654545	18.998772
2.8974319	1.5960592	10.656226	18.998772
2.9005504	1.6008916	10.656226	18.994659
2.8943133	1.58575	10.654545	18.974089
2.8943133	1.5754408	10.654545	18.998772
2.8911948	1.5873607	10.654545	18.998772
2.8849578	1.5754408	10.653704	19.002888
2.8849578	1.5712526	10.657067	18.998772
2.8802798	1.5770515	10.653704	18.990543
2.8787205	1.5728635	10.653704	18.978203
2.875602	1.5822061	10.656226	18.96586
2.8724835	1.5699639	10.656226	18.969975
2.8662465	1.5831727	10.656226	19.023457
2.8631279	1.5822061	10.653704	18.990543
2.8662465	1.5786624	10.654545	19.007
2.8537724	1.5789845	10.655386	18.998772
2.8537724	1.5999252	10.655386	19.027571
2.8506539	1.5925153	10.652864	18.990543
2.8490944	1.5941262	10.654545	18.994659
2.8475351	1.5783402	10.655386	18.969975
2.8412981	1.5754408	10.654545	18.986431
2.8381796	1.5751185	10.656226	18.974089
2.8335018	1.5683532	10.654545	19.007
2.8319426	1.5751185	10.655386	18.998772
2.8350611	1.5802732	10.655386	18.990543
2.8241463	1.5709305	10.656226	18.969975
2.8210278	1.5648093	10.654545	18.978203
2.8241463	1.5847834	10.654545	18.994659
2.8194685	1.5863943	10.655386	18.96586
2.811672	1.5689975	10.654545	18.986431
2.811672	1.5834948	10.654545	18.994659
2.8085535	1.5989586	10.655386	19.011116
2.8085535	1.5886494	10.655386	18.998772
2.8054349	1.593804	10.653704	18.990543
2.8038757	1.59767	10.654545	18.998772
2.7991979	1.6073349	10.655386	19.002888
2.7991979	1.6150668	10.653704	19.002888
2.7991979	1.5934819	10.653704	18.986431
2.7914016	1.5999252	10.655386	18.986431
2.7882833	1.6073349	10.654545	19.039913
2.7836056	1.6012138	10.654545	19.011116
2.7804868	1.5992808	10.655386	18.994659
2.7820463	1.6018581	10.655386	19.019342
2.7726905	1.5921932	10.654545	18.982317
2.7773683	1.5941262	10.655386	18.994659
2.775809	1.587683	10.657067	18.961746
2.769572	1.5989586	10.655386	18.994659
2.7726905	1.587683	10.655386	18.986431
2.7617757	1.5844613	10.655386	18.990543
2.763335	1.581884	10.655386	19.019342
2.7617757	1.5731856	10.656226	18.982317
2.7602165	1.5728635	10.653704	18.986431
2.7493014	1.5773737	10.655386	18.998772
2.7555387	1.5796288	10.655386	19.015228
2.7493014	1.5822061	10.654545	19.002888
2.7430644	1.583817	10.654545	19.007
2.7446237	1.5854278	10.655386	18.994659
2.7430644	1.5834948	10.654545	19.039913
2.7430644	1.579951	10.654545	18.998772
2.7352681	1.5873607	10.654545	18.994659
2.7305903	1.5886494	10.655386	18.998772
2.7290311	1.5867164	10.655386	19.002888
2.7274718	1.5973479	10.653704	19.002888
2.7227941	1.589938	10.655386	18.982317
2.7212348	1.5883273	10.652864	19.011116
2.7196755	1.5863943	10.652864	19.011116
2.7149975	1.5883273	10.654545	19.011116
2.7134383	1.5825284	10.655386	18.998772
2.7103198	1.5860721	10.655386	18.982317
2.7072012	1.5954149	10.655386	18.998772
2.7072012	1.5986365	10.654545	18.990543
2.7009642	1.5892937	10.655386	18.998772
2.6978457	1.5973479	10.656226	18.978203
2.6962864	1.5979922	10.653704	19.027571
2.6962864	1.5950927	10.654545	19.039913
2.6947272	1.6021802	10.653704	19.027571
2.6916087	1.6034689	10.655386	19.011116
2.6884902	1.593804	10.656226	18.986431
2.6869307	1.583817	10.652864	19.007
2.6869307	1.5773737	10.653704	18.998772
2.6884902	1.5896159	10.655386	18.998772
2.6791344	1.5999252	10.654545	19.007
2.6760159	1.5999252	10.654545	19.011116
2.6744566	1.5967035	10.654545	18.998772
2.6744566	1.5979922	10.654545	19.007
2.6744566	1.6079792	10.655386	18.994659
2.6713381	1.6118451	10.654545	19.011116
2.6666603	1.5873607	10.655386	18.978203
2.6697788	1.5970256	10.655386	19.027571
2.6619825	1.5851057	10.655386	19.027571
2.6651011	1.5718969	10.654545	18.998772
2.6573048	1.5706083	10.654545	19.002888
2.658864	1.5706083	10.655386	19.007
2.6526268	1.5590104	10.656226	18.986431
2.654186	1.5606213	10.654545	19.011116
2.654186	1.5599769	10.654545	18.986431
2.647949	1.5760851	10.653704	19.011116
2.6448305	1.583817	10.654545	19.011116
2.647949	1.6002473	10.656226	19.011116
2.641712	1.5963813	10.655386	19.011116
2.6370342	1.6037911	10.652864	19.011116
2.6354749	1.6063684	10.654545	19.002888
2.6339159	1.6044354	10.654545	19.019342
2.6339159	1.5963813	10.654545	18.990543
2.6339159	1.5902603	10.654545	19.015228
2.6307974	1.6079792	10.653704	19.064596
2.6261196	1.5844613	10.654545	19.048141
2.6245604	1.5905824	10.654545	19.007
2.6245604	1.5825284	10.653704	19.011116
2.6167638	1.5812397	10.654545	18.982317
2.6152046	1.5854278	10.65118	19.019342
2.6136453	1.5931597	10.654545	19.015228
2.6136453	1.5963813	10.654545	18.998772
2.6089675	1.5825284	10.655386	18.998772
2.6105268	1.5783402	10.653704	19.015228
2.6152046	1.5812397	10.654545	19.007
2.6042898	1.5615877	10.652864	18.978203
2.599612	1.5731856	10.656226	18.986431
2.6027305	1.5696418	10.654545	18.986431
2.599612	1.5718969	10.652864	19.019342
2.6011713	1.5699639	10.654545	18.994659
2.5980527	1.5780181	10.657067	19.007
2.5949342	1.5912267	10.656226	19.052256
2.5964935	1.5828505	10.654545	19.027571
2.5871377	1.5883273	10.655386	19.011116
2.5918157	1.5825284	10.655386	18.990543
2.5840192	1.5793067	10.654545	19.011116
2.5809007	1.5809175	10.655386	18.994659
2.5855784	1.6037911	10.653704	19.027571
2.5809007	1.5915489	10.655386	18.982317
2.5793414	1.5793067	10.653704	19.015228
2.5809007	1.5844613	10.654545	19.011116
2.5777822	1.5815618	10.655386	18.998772
2.5731044	1.5950927	10.654545	19.011116
2.5731044	1.6034689	10.652864	19.019342
2.5746636	1.6034689	10.652864	19.002888
2.5715451	1.6034689	10.653704	19.007
2.5731044	1.589938	10.654545	19.007
2.5684266	1.58575	10.652022	19.048141
2.5653081	1.5925153	10.654545	19.027571
2.5606303	1.5654536	10.655386	18.990543
2.5575118	1.5667423	10.654545	19.019342
2.5606303	1.5548223	10.655386	18.986431
2.5559523	1.5577217	10.657067	18.969975
2.5543931	1.5557888	10.654545	18.986431
2.5559523	1.5780181	10.656226	19.007
2.5543931	1.5847834	10.652864	19.023457
2.5543931	1.5851057	10.655386	19.011116
2.5512745	1.5970256	10.654545	19.007
2.541919	1.6050798	10.654545	19.015228
2.5403597	1.6121674	10.654545	19.019342
2.5465968	1.611523	10.655386	19.044027
2.5434783	1.6047575	10.654545	19.011116
2.5372412	1.6015359	10.653704	19.011116
2.535682	1.59767	10.654545	19.027571
2.535682	1.5986365	10.655386	19.015228
2.535682	1.5921932	10.654545	19.007
2.535682	1.5747964	10.656226	18.998772
2.535682	1.5728635	10.655386	19.015228
2.5294449	1.5860721	10.653704	19.035799
2.5263264	1.5912267	10.656226	19.007
2.5278857	1.611523	10.654545	19.035799
2.5325634	1.615389	10.653704	19.011116
2.5263264	1.6095901	10.653704	19.007
2.5216484	1.6079792	10.654545	19.007
2.5216484	1.6047575	10.655386	18.990543
2.5232077	1.6002473	10.654545	19.027571
2.5185299	1.5889716	10.655386	19.039913
2.5169706	1.587683	10.655386	19.031685
2.5232077	1.581884	10.653704	19.007
2.5185299	1.5699639	10.653704	19.011116
2.5122929	1.5805954	10.655386	19.056368
2.5138521	1.5867164	10.652864	19.035799
2.5091743	1.5783402	10.654545	19.023457
2.5107336	1.5738299	10.653704	19.015228
2.5044966	1.5912267	10.654545	19.048141
2.5060558	1.5828505	10.653704	19.011116
2.5060558	1.5889716	10.654545	19.002888
2.5029373	1.5802732	10.654545	18.986431
2.4998188	1.6012138	10.654545	19.052256
2.5029373	1.6037911	10.655386	19.011116
2.495141	1.5950927	10.653704	19.031685
2.4967003	1.6044354	10.653704	19.039913
2.4935815	1.6086235	10.653704	19.056368
2.4967003	1.6083014	10.653704	19.019342
2.4998188	1.6028246	10.656226	19.007
2.495141	1.5886494	10.653704	18.998772
2.4935815	1.595737	10.653704	19.068712
2.4889038	1.5931597	10.655386	19.031685
2.4873445	1.5805954	10.654545	19.011116
2.4873445	1.5822061	10.655386	19.011116
2.4873445	1.5912267	10.652022	19.048141
2.4826667	1.579951	10.654545	19.011116
2.4826667	1.5751185	10.654545	19.011116
2.4795485	1.589938	10.654545	19.023457
2.4764299	1.5947706	10.656226	19.027571
2.4764299	1.6031468	10.652864	19.044027
2.4779892	1.6076571	10.654545	19.039913
2.4748707	1.6095901	10.655386	19.027571
2.4717522	1.6060462	10.653704	19.023457
2.4748707	1.5992808	10.655386	18.994659
2.4748707	1.6186106	10.654545	19.052256
2.4670744	1.6160333	10.656226	19.027571
2.4701929	1.5999252	10.653704	19.019342
2.4655151	1.6008916	10.653704	19.064596
2.4670744	1.6012138	10.653704	19.052256
2.4639559	1.5831727	10.652022	19.031685
2.4608374	1.5776958	10.653704	19.015228
2.4592781	1.5718969	10.654545	19.039913
2.4623966	1.5667423	10.653704	19.015228
2.4639559	1.5612656	10.654545	18.986431
2.4546001	1.579951	10.652864	19.015228
2.4623966	1.5815618	10.654545	19.027571
2.4608374	1.5979922	10.652864	19.064596
2.4546001	1.6147447	10.653704	19.060484
2.4530408	1.6063684	10.656226	19.019342
2.4530408	1.6037911	10.654545	19.035799
2.4530408	1.5950927	10.654545	19.011116
2.4514816	1.5873607	10.654545	19.007
2.4483631	1.5954149	10.654545	19.027571
2.4452446	1.5831727	10.653704	18.998772
2.4499223	1.5873607	10.654545	19.011116
2.4452446	1.5825284	10.652864	19.019342
2.4499223	1.5780181	10.653704	19.027571
2.4468038	1.5889716	10.653704	19.064596
2.4390075	1.579951	10.655386	19.031685
2.4405668	1.5941262	10.656226	19.011116
2.4436853	1.6034689	10.655386	19.019342
2.4374483	1.5844613	10.655386	19.027571
2.442126	1.593804	10.653704	19.039913
2.4327705	1.6037911	10.655386	19.048141
2.4374483	1.5999252	10.652022	19.039913
2.4343297	1.587683	10.654545	19.044027
2.435889	1.5983143	10.653704	19.039913
2.4265335	1.5992808	10.652864	19.015228
2.4327705	1.5825284	10.654545	18.998772
2.4327705	1.5822061	10.654545	19.011116
2.429652	1.5844613	10.657067	18.986431
2.429652	1.5831727	10.654545	19.027571
2.4265335	1.5783402	10.654545	19.027571
2.424974	1.5873607	10.653704	19.076939
2.4234147	1.5944483	10.655386	19.007
2.4218554	1.5860721	10.652022	19.007
2.4140592	1.5896159	10.654545	19.011116
2.4234147	1.6018581	10.655386	19.027571
2.4234147	1.5783402	10.654545	19.007
2.4187369	1.5793067	10.656226	19.031685
2.4187369	1.5822061	10.656226	19.019342
2.4140592	1.5860721	10.654545	19.039913
2.4140592	1.6031468	10.654545	19.068712
2.4140592	1.587683	10.655386	19.011116
2.4156184	1.5825284	10.653704	19.048141
2.4140592	1.5967035	10.654545	19.023457
2.4109406	1.5831727	10.653704	19.035799
2.4124999	1.5905824	10.652864	19.044027
2.4062629	1.5912267	10.657067	19.031685
2.4062629	1.5851057	10.652864	19.011116
2.4109406	1.5773737	10.654545	19.002888
2.4015851	1.5831727	10.653704	19.011116
2.4047036	1.5960592	10.654545	19.056368
2.4047036	1.5860721	10.656226	19.015228
2.4015851	1.5673866	10.654545	19.002888
2.3969073	1.5805954	10.654545	19.023457
2.3984666	1.5812397	10.652864	19.007
2.4047036	1.5851057	10.654545	19.048141
2.3984666	1.58575	10.654545	19.027571
2.3969073	1.6018581	10.652864	19.052256
2.4000258	1.6092678	10.655386	19.039913
2.3969073	1.6002473	10.654545	19.015228
2.3906701	1.6070127	10.652864	19.060484
2.3922293	1.6102344	10.654545	19.015228
2.3906701	1.6041132	10.654545	19.007
2.3922293	1.595737	10.654545	19.023457
2.3875515	1.5986365	10.653704	19.027571
2.3922293	1.6054019	10.654545	19.044027
2.3906701	1.5996029	10.653704	19.044027
2.3906701	1.5844613	10.655386	19.031685
2.3875515	1.5921932	10.652864	19.052256
2.3906701	1.5947706	10.654545	19.027571
2.378196	1.587683	10.654545	19.044027
2.3813145	1.58575	10.654545	19.044027
2.3813145	1.595737	10.654545	19.056368
2.3797553	1.6008916	10.653704	19.035799
2.3766367	1.5886494	10.654545	19.031685
2.3813145	1.5880051	10.654545	19.027571
2.3813145	1.6002473	10.654545	19.044027
2.3797553	1.5921932	10.652864	18.998772
2.3766367	1.5825284	10.653704	19.019342
2.3797553	1.5947706	10.654545	19.044027
2.371959	1.6079792	10.656226	19.076939
2.3797553	1.5844613	10.652864	19.023457
2.3735182	1.5831727	10.653704	19.044027
2.3735182	1.5863943	10.655386	19.035799
2.3688405	1.5873607	10.652864	19.068712
2.3766367	1.5867164	10.654545	19.039913
2.3750775	1.5744742	10.654545	19.023457
2.371959	1.581884	10.653704	19.039913
2.3657219	1.5947706	10.654545	19.072824
2.371959	1.5915489	10.653704	19.048141
2.3688405	1.5989586	10.653704	19.052256
2.3688405	1.6073349	10.654545	19.044027
2.3657219	1.6202214	10.653704	19.056368
2.3641627	1.611523	10.654545	19.039913
2.3641627	1.6150668	10.652864	19.031685
2.3610442	1.6063684	10.653704	19.007
2.3610442	1.6031468	10.656226	19.039913
2.3641627	1.5947706	10.654545	19.056368
2.3641627	1.5973479	10.654545	19.044027
2.3594849	1.5941262	10.654545	19.023457
2.3594849	1.5921932	10.654545	19.048141
2.3579257	1.5828505	10.654545	19.007
2.3579257	1.5989586	10.654545	19.023457
2.3532479	1.5989586	10.654545	19.031685
2.3548071	1.5805954	10.654545	19.027571
2.3548071	1.591871	10.653704	19.052256
2.3548071	1.6092678	10.653704	19.056368
2.3516886	1.6079792	10.652022	19.068712
2.3485701	1.6128117	10.653704	19.027571
2.3532479	1.6070127	10.652022	19.031685
2.3501294	1.6054019	10.653704	19.044027
2.3485701	1.6070127	10.653704	19.019342
2.3454516	1.5860721	10.652022	19.048141
2.3485701	1.5912267	10.654545	19.035799
2.3438923	1.5925153	10.655386	19.035799
2.3485701	1.5889716	10.654545	19.048141
2.3454516	1.5947706	10.655386	19.027571
2.3485701	1.581884	10.655386	19.052256
2.3454516	1.5886494	10.653704	19.023457
2.3438923	1.5834948	10.654545	19.031685
2.3438923	1.5786624	10.654545	19.035799
2.3392143	1.5915489	10.653704	19.052256
2.3392143	1.5854278	10.656226	19.035799
2.3470109	1.5867164	10.654545	19.035799
2.3392143	1.5902603	10.653704	19.039913
2.3423328	1.591871	10.652022	19.052256
2.3376551	1.5931597	10.653704	19.027571
2.3360958	1.5905824	10.654545	19.027571
2.331418	1.6041132	10.654545	19.072824
2.3376551	1.5973479	10.654545	19.076939
2.3360958	1.6060462	10.655386	19.048141
2.3360958	1.5973479	10.655386	19.035799
2.3360958	1.583817	10.655386	19.039913
2.331418	1.5992808	10.654545	19.076939
2.3329773	1.5934819	10.652022	19.035799
2.3267403	1.5928376	10.655386	19.011116
2.3267403	1.5828505	10.656226	19.015228
2.3267403	1.591871	10.655386	19.076939
2.331418	1.5989586	10.654545	19.039913
2.3298588	1.5909046	10.652864	19.039913
2.325181	1.5793067	10.654545	19.002888
2.3298588	1.6015359	10.65118	19.056368
2.3236217	1.6031468	10.655386	19.011116
2.3267403	1.5970256	10.653704	19.044027
2.3282995	1.6179663	10.653704	19.068712
2.331418	1.5999252	10.654545	19.064596
2.3267403	1.5934819	10.652864	19.052256
2.318944	1.6047575	10.654545	19.068712
2.3205032	1.6054019	10.654545	19.056368
2.318944	1.6018581	10.657067	19.023457
2.3220625	1.5963813	10.654545	19.015228
2.3173847	1.5851057	10.653704	19.027571
2.3142662	1.5963813	10.654545	19.031685
2.3267403	1.5793067	10.655386	19.044027
2.3220625	1.5883273	10.652864	19.056368
2.3142662	1.5983143	10.653704	19.052256
2.3127069	1.581884	10.655386	19.019342
2.318944	1.6092678	10.653704	19.056368
2.3236217	1.6037911	10.652022	19.044027
2.3095882	1.5967035	10.652864	19.052256
2.3127069	1.6044354	10.654545	19.072824
2.3142662	1.5892937	10.653704	19.052256
2.3158255	1.5999252	10.652864	19.056368
2.3158255	1.5880051	10.653704	19.052256
2.3111475	1.5905824	10.654545	19.060484
2.3142662	1.5950927	10.654545	19.064596
2.3127069	1.5934819	10.655386	19.044027
2.3111475	1.6008916	10.652864	19.035799
2.3064697	1.6124895	10.654545	19.035799
2.3080289	1.6092678	10.655386	19.023457
2.3049104	1.593804	10.653704	19.011116
2.3111475	1.6012138	10.653704	19.056368
2.3049104	1.6008916	10.652864	19.052256
2.3049104	1.6147447	10.653704	19.044027
2.3080289	1.6182884	10.653704	19.089281
2.2955551	1.5996029	10.652864	19.027571
2.3002326	1.59767	10.653704	19.060484
2.3049104	1.595737	10.655386	19.027571
2.3049104	1.5983143	10.654545	19.068712
2.3002326	1.5880051	10.654545	19.039913
2.3002326	1.5828505	10.654545	19.072824
2.2986736	1.5896159	10.656226	19.052256
2.3002326	1.5783402	10.655386	19.068712
2.3017919	1.5654536	10.653704	19.031685
2.2986736	1.5699639	10.652864	19.019342
2.3017919	1.5867164	10.655386	19.052256
2.3002326	1.5915489	10.654545	19.044027
2.2971144	1.5783402	10.653704	19.044027
2.2924364	1.5967035	10.654545	19.048141
2.2971144	1.6057241	10.654545	19.052256
2.2955551	1.6066905	10.654545	19.089281
2.2939959	1.6034689	10.654545	19.039913
2.2908771	1.6083014	10.653704	19.031685
2.2908771	1.6105565	10.657067	19.048141
2.2971144	1.595737	10.655386	19.056368
2.2924364	1.5880051	10.655386	19.044027
2.2877586	1.5992808	10.654545	19.085167
2.2908771	1.589938	10.653704	19.052256
2.2908771	1.5967035	10.65118	19.089281
2.2877586	1.5722191	10.652864	19.023457
2.2893178	1.5625542	10.654545	19.023457
2.2846401	1.5863943	10.652864	19.023457
2.2877586	1.5896159	10.654545	19.039913
2.2815216	1.5741521	10.654545	19.007
2.2861993	1.5718969	10.654545	19.011116
2.2861993	1.5983143	10.652022	19.093395
2.2846401	1.5854278	10.655386	19.076939
2.2830808	1.5770515	10.656226	19.031685
2.2893178	1.5767294	10.652022	19.044027
2.2799623	1.591871	10.652022	19.060484
2.2861993	1.5831727	10.655386	19.056368
2.2799623	1.5760851	10.653704	19.027571
2.2815216	1.5909046	10.654545	19.060484
2.2815216	1.5905824	10.653704	19.060484
2.2737253	1.5693196	10.656226	19.039913
2.2830808	1.5841391	10.654545	19.019342
2.2768438	1.5776958	10.655386	19.011116
2.2752845	1.5780181	10.653704	19.023457
2.2799623	1.5880051	10.655386	19.031685
2.2752845	1.5915489	10.654545	19.027571
2.2737253	1.5844613	10.653704	19.031685
2.2752845	1.5992808	10.652864	19.068712
2.2799623	1.6118451	10.652864	19.085167
2.2752845	1.5947706	10.655386	19.035799
2.2768438	1.59767	10.652864	19.044027
2.2768438	1.595737	10.653704	19.060484
2.2752845	1.59767	10.652864	19.044027
2.272166	1.5925153	10.654545	19.027571
2.272166	1.5847834	10.655386	19.039913
2.2690475	1.5986365	10.652864	19.068712
2.2752845	1.5867164	10.654545	19.068712
2.272166	1.5831727	10.654545	19.052256
2.2706068	1.5831727	10.654545	19.039913
2.2752845	1.5844613	10.653704	19.039913
2.2706068	1.5831727	10.655386	19.031685
2.2752845	1.5847834	10.654545	19.048141
2.2643697	1.5912267	10.655386	19.027571
2.272166	1.5889716	10.654545	19.048141
2.2706068	1.5925153	10.652864	19.060484
2.265929	1.6031468	10.653704	19.064596
2.2690475	1.6118451	10.654545	19.064596
2.2628105	1.6012138	10.654545	19.019342
2.265929	1.6028246	10.653704	19.019342
2.2690475	1.6034689	10.655386	19.056368
2.265929	1.5967035	10.654545	19.035799
2.261251	1.5902603	10.653704	19.039913
2.2690475	1.589938	10.653704	19.048141
2.261251	1.5863943	10.653704	19.089281
2.261251	1.6018581	10.653704	19.085167
2.2596917	1.5934819	10.652864	19.048141
2.261251	1.6008916	10.652864	19.035799
2.2581325	1.5989586	10.654545	19.056368
2.261251	1.5776958	10.653704	19.019342
2.2565732	1.5950927	10.653704	19.039913
2.2628105	1.587683	10.656226	19.048141
2.2581325	1.5996029	10.654545	19.097509
2.2565732	1.5989586	10.653704	19.052256
2.2550139	1.5973479	10.654545	19.052256
2.261251	1.5992808	10.654545	19.039913
2.2565732	1.5989586	10.652864	19.060484
2.2581325	1.5889716	10.652022	19.048141
2.2518954	1.5828505	10.654545	19.027571
2.2503362	1.5960592	10.654545	19.072824
2.2487769	1.5860721	10.653704	19.072824
2.2518954	1.5905824	10.653704	19.039913
2.2565732	1.5947706	10.653704	19.044027
2.2503362	1.6063684	10.657067	19.035799
2.2503362	1.5973479	10.653704	19.048141
2.2472177	1.5902603	10.654545	19.052256
2.2503362	1.5954149	10.654545	19.048141
2.2472177	1.595737	10.654545	19.060484
2.2503362	1.5831727	10.654545	19.064596
2.2518954	1.6086235	10.653704	19.064596
2.2440991	1.6121674	10.654545	19.068712
2.2487769	1.6095901	10.654545	19.052256
2.2503362	1.6186106	10.652022	19.081053
2.2472177	1.62151	10.655386	19.031685
2.2487769	1.6195771	10.656226	19.048141
2.2487769	1.6073349	10.653704	19.048141
2.2456584	1.5970256	10.655386	19.056368
2.2503362	1.6002473	10.654545	19.048141
2.2472177	1.5979922	10.655386	19.031685
2.2487769	1.5963813	10.655386	19.072824
2.2394214	1.5909046	10.652864	19.052256
2.2456584	1.587683	10.653704	19.056368
2.2409806	1.581884	10.653704	19.019342
2.2409806	1.5757629	10.653704	19.027571
2.2394214	1.5667423	10.654545	19.027571
2.2378621	1.5625542	10.653704	19.019342
2.2394214	1.5760851	10.652864	19.039913
2.2472177	1.5770515	10.652864	19.052256
2.2409806	1.5834948	10.655386	19.052256
2.2440991	1.5902603	10.654545	19.072824
2.2425399	1.5925153	10.654545	19.052256
2.2394214	1.6018581	10.654545	19.039913
2.2409806	1.5912267	10.654545	19.039913
2.2394214	1.5912267	10.653704	19.035799
2.2394214	1.5963813	10.654545	19.064596
2.2378621	1.5934819	10.654545	19.076939
2.2363029	1.5986365	10.653704	19.072824
2.2363029	1.593804	10.653704	19.089281
2.2363029	1.5925153	10.652022	19.039913
2.2378621	1.6018581	10.655386	19.048141
2.2347436	1.5851057	10.654545	19.044027
2.2347436	1.587683	10.654545	19.056368
2.2378621	1.5915489	10.653704	19.044027
2.2331843	1.5793067	10.653704	19.039913
2.2378621	1.5928376	10.652022	19.048141
2.2331843	1.6057241	10.652864	19.089281
2.2316251	1.6005695	10.653704	19.035799
2.2331843	1.5950927	10.653704	19.023457
2.2394214	1.5992808	10.653704	19.048141
2.2316251	1.5921932	10.654545	19.064596
2.2300656	1.5754408	10.654545	19.048141
2.2300656	1.5780181	10.653704	19.060484
2.2269473	1.5783402	10.653704	19.060484
2.2269473	1.5844613	10.652864	19.081053
2.2222695	1.5934819	10.655386	19.064596
2.2253881	1.5741521	10.653704	19.031685
2.2300656	1.5921932	10.652022	19.064596
2.2269473	1.5886494	10.653704	19.085167
2.2269473	1.5805954	10.653704	19.052256
2.2285063	1.6018581	10.654545	19.081053
2.2253881	1.5831727	10.654545	19.035799
2.2300656	1.5986365	10.653704	19.048141
2.2253881	1.5896159	10.653704	19.039913
2.2253881	1.5921932	10.654545	19.044027
2.2238288	1.5967035	10.652864	19.044027
2.2238288	1.595737	10.654545	19.068712
2.2238288	1.589938	10.653704	19.093395
2.219151	1.6012138	10.655386	19.068712
2.2222695	1.5880051	10.654545	19.052256
2.2238288	1.5915489	10.653704	19.085167
2.2222695	1.5889716	10.654545	19.052256
2.2222695	1.5944483	10.653704	19.048141
2.2160325	1.595737	10.654545	19.060484
2.2144732	1.589938	10.654545	19.044027
2.219151	1.5999252	10.652022	19.081053
2.219151	1.5896159	10.653704	19.031685
2.2175918	1.5925153	10.655386	19.056368
2.2175918	1.5754408	10.654545	19.023457
2.2222695	1.5867164	10.656226	19.027571
2.219151	1.5963813	10.654545	19.031685
2.2113545	1.5934819	10.652864	19.039913
2.2160325	1.6050798	10.654545	19.048141
2.2207103	1.6083014	10.654545	19.068712
2.2175918	1.6044354	10.654545	19.060484
2.2207103	1.5983143	10.654545	19.072824
2.2160325	1.6060462	10.654545	19.072824
2.219151	1.6018581	10.653704	19.093395
2.2113545	1.5870386	10.652864	19.044027
2.2160325	1.5854278	10.653704	19.052256
2.2144732	1.5941262	10.653704	19.052256
2.212914	1.6028246	10.65118	19.064596
2.219151	1.5822061	10.655386	19.048141
2.212914	1.5747964	10.654545	19.048141
2.208236	1.6028246	10.654545	19.064596
2.2113545	1.6044354	10.652864	19.076939
2.2051175	1.5954149	10.653704	19.056368
2.2144732	1.6060462	10.654545	19.052256
2.208236	1.6070127	10.654545	19.052256
2.2097952	1.6028246	10.654545	19.052256
2.2097952	1.5999252	10.654545	19.068712
2.208236	1.6060462	10.653704	19.068712
2.208236	1.6041132	10.652864	19.064596
2.2051175	1.595737	10.652022	19.076939
2.2113545	1.5735078	10.652864	19.035799
2.2066767	1.5770515	10.654545	19.039913
2.2051175	1.5786624	10.653704	19.031685
2.2019989	1.5812397	10.656226	19.072824
2.2019989	1.5883273	10.653704	19.060484
2.2066767	1.5931597	10.652864	19.064596
2.2019989	1.593804	10.655386	19.056368
2.2113545	1.59767	10.652864	19.085167
2.2066767	1.5996029	10.652864	19.044027
2.2051175	1.6118451	10.654545	19.064596
2.1988804	1.6031468	10.652864	19.052256
2.2066767	1.591871	10.655386	19.072824
2.2066767	1.587683	10.653704	19.056368
2.2004397	1.5896159	10.656226	19.052256
2.2019989	1.5780181	10.654545	19.081053
2.2019989	1.5696418	10.654545	19.064596
2.1973212	1.5751185	10.654545	19.044027
2.2019989	1.5809175	10.654545	19.060484
2.1988804	1.5686753	10.653704	19.035799
2.2004397	1.568031	10.654545	19.031685
2.1973212	1.5805954	10.653704	19.048141
2.1973212	1.5905824	10.655386	19.039913
2.2019989	1.5851057	10.655386	19.060484
2.2004397	1.5992808	10.654545	19.068712
2.1957619	1.6095901	10.65118	19.052256
2.2004397	1.6070127	10.653704	19.072824
2.2066767	1.6066905	10.653704	19.064596
2.2004397	1.5944483	10.654545	19.044027
2.1988804	1.5999252	10.652864	19.044027
2.1957619	1.6002473	10.652864	19.076939
2.1957619	1.59767	10.653704	19.064596
2.1910841	1.5941262	10.656226	19.064596
2.1895249	1.5947706	10.654545	19.048141
2.1988804	1.5902603	10.652864	19.031685
2.1957619	1.5986365	10.653704	19.060484
2.1942027	1.5870386	10.654545	19.039913
2.1973212	1.5947706	10.652022	19.048141
2.1926434	1.5902603	10.655386	19.044027
2.1926434	1.5735078	10.654545	19.039913
2.1895249	1.5805954	10.654545	19.044027
2.1895249	1.5880051	10.654545	19.035799
2.1895249	1.5886494	10.654545	19.064596
2.1926434	1.5735078	10.652864	19.027571
2.1926434	1.5896159	10.653704	19.085167
2.1879656	1.5925153	10.652022	19.081053
2.1926434	1.5909046	10.652022	19.064596
2.1832879	1.587683	10.654545	19.052256
2.1895249	1.5883273	10.654545	19.072824
2.1864064	1.6054019	10.655386	19.085167
2.1895249	1.6034689	10.654545	19.056368
2.1848471	1.5905824	10.655386	19.048141
2.1848471	1.5934819	10.654545	19.064596
2.1895249	1.5860721	10.652022	19.060484
2.1879656	1.5905824	10.655386	19.044027
2.1910841	1.5767294	10.652864	19.031685
2.1895249	1.5757629	10.654545	19.035799
2.1895249	1.5909046	10.653704	19.089281
2.1879656	1.5996029	10.653704	19.093395
2.1864064	1.5889716	10.652864	19.039913
2.1801691	1.5950927	10.653704	19.048141
2.1879656	1.6021802	10.654545	19.060484
2.1848471	1.587683	10.653704	19.052256
2.1848471	1.5996029	10.652022	19.064596
2.1817286	1.5963813	10.655386	19.064596
2.1817286	1.5880051	10.653704	19.081053
2.1832879	1.5754408	10.654545	19.044027
2.1848471	1.58575	10.654545	19.056368
2.1848471	1.5851057	10.654545	19.052256
2.1848471	1.5815618	10.654545	19.035799
2.1770506	1.5741521	10.655386	19.031685
2.1832879	1.5925153	10.653704	19.052256
2.1817286	1.579951	10.654545	19.039913
2.1754913	1.593804	10.652864	19.072824
2.1770506	1.5947706	10.653704	19.052256
2.1801691	1.5873607	10.652864	19.060484
2.1754913	1.6041132	10.654545	19.048141
2.1770506	1.5928376	10.654545	19.052256
2.1770506	1.5947706	10.654545	19.052256
2.1739321	1.5950927	10.653704	19.064596
2.1754913	1.5912267	10.654545	19.081053
2.1770506	1.5793067	10.655386	19.060484
2.1692543	1.5638429	10.655386	19.056368
2.1739321	1.5854278	10.653704	19.081053
2.1786098	1.5886494	10.652864	19.085167
2.1739321	1.5967035	10.655386	19.068712
2.1739321	1.6041132	10.655386	19.052256
2.1770506	1.6060462	10.655386	19.039913
2.1739321	1.6124895	10.653704	19.072824
2.1754913	1.615389	10.655386	19.097509
2.1801691	1.6231209	10.652022	19.113964
2.1739321	1.6037911	10.652864	19.064596
2.1754913	1.6128117	10.654545	19.081053
2.1754913	1.6176441	10.654545	19.072824
2.1723728	1.5963813	10.653704	19.064596
2.1692543	1.5912267	10.654545	19.052256
2.1723728	1.5751185	10.654545	19.019342
2.1739321	1.5931597	10.653704	19.076939
2.1692543	1.5699639	10.654545	19.044027
2.1754913	1.5638429	10.652864	19.060484
2.1692543	1.5831727	10.654545	19.060484
2.1739321	1.5793067	10.652864	19.064596
2.1723728	1.5905824	10.652864	19.089281
2.167695	1.58575	10.653704	19.031685
2.1708136	1.5905824	10.652022	19.056368
2.1754913	1.587683	10.653704	19.048141
2.1692543	1.5880051	10.653704	19.064596
2.1708136	1.6018581	10.653704	19.076939
2.1661358	1.6070127	10.653704	19.064596
2.1645765	1.6066905	10.654545	19.048141
2.1708136	1.6044354	10.652022	19.064596
2.1645765	1.6037911	10.653704	19.048141
2.161458	1.6018581	10.653704	19.039913
2.1692543	1.6012138	10.652864	19.044027
2.1630173	1.6150668	10.653704	19.105738
2.1692543	1.591871	10.654545	19.052256
2.1708136	1.579951	10.654545	19.035799
2.1661358	1.5970256	10.653704	19.076939
2.1739321	1.5896159	10.654545	19.060484
2.1661358	1.5793067	10.656226	19.048141
2.1645765	1.5731856	10.654545	19.048141
2.1630173	1.5970256	10.652022	19.081053
2.161458	1.589938	10.652022	19.101624
2.1692543	1.5841391	10.655386	19.039913
2.1630173	1.6002473	10.654545	19.076939
2.161458	1.5960592	10.654545	19.044027
2.161458	1.5944483	10.655386	19.052256
2.1645765	1.595737	10.653704	19.060484
2.1567802	1.5883273	10.654545	19.031685
2.1645765	1.5896159	10.654545	19.060484
2.1598988	1.5889716	10.654545	19.072824
2.1630173	1.5915489	10.654545	19.056368
2.1567802	1.5735078	10.653704	19.048141
2.1598988	1.5793067	10.654545	19.072824
2.161458	1.5963813	10.652022	19.085167
2.1583395	1.6054019	10.654545	19.085167
2.1598988	1.5825284	10.653704	19.056368
2.1567802	1.5783402	10.653704	19.052256
2.1583395	1.5931597	10.653704	19.097509
2.1598988	1.5789845	10.654545	19.056368
2.1567802	1.593804	10.657067	19.064596
2.1567802	1.5986365	10.655386	19.072824
2.1583395	1.5967035	10.652864	19.052256
2.1630173	1.5902603	10.652864	19.044027
2.1567802	1.5793067	10.654545	19.044027
2.1536617	1.5892937	10.655386	19.056368
2.1598988	1.5844613	10.654545	19.064596
2.1567802	1.5828505	10.652022	19.064596
2.1536617	1.5851057	10.654545	19.064596
2.1536617	1.5770515	10.653704	19.044027
2.155221	1.5831727	10.654545	19.072824
2.1521025	1.5896159	10.654545	19.085167
2.1598988	1.5860721	10.652864	19.068712
2.155221	1.581884	10.652864	19.031685
2.155221	1.5941262	10.652864	19.056368
2.1598988	1.59767	10.655386	19.064596
2.1567802	1.6012138	10.653704	19.076939
2.1505432	1.5973479	10.656226	19.076939
2.155221	1.6108787	10.654545	19.081053
2.1583395	1.6144224	10.653704	19.109852
2.1567802	1.6028246	10.653704	19.064596
2.1505432	1.6169997	10.652864	19.101624
2.1505432	1.59767	10.655386	19.052256
2.155221	1.5931597	10.654545	19.052256
2.1567802	1.5783402	10.655386	19.048141
2.1521025	1.5754408	10.654545	19.052256
2.1505432	1.5812397	10.654545	19.076939
2.1474247	1.5828505	10.655386	19.109852
2.148984	1.581884	10.654545	19.068712
2.155221	1.5967035	10.654545	19.076939
2.1458654	1.5844613	10.65118	19.056368
2.1443062	1.5960592	10.654545	19.085167
2.1505432	1.5896159	10.654545	19.048141
2.1521025	1.5786624	10.653704	19.060484
2.1474247	1.5992808	10.656226	19.076939
2.1521025	1.5802732	10.653704	19.064596
2.1396284	1.5944483	10.656226	19.076939
2.1474247	1.5967035	10.652864	19.056368
2.1458654	1.6047575	10.654545	19.035799
2.1411877	1.5996029	10.653704	19.056368
2.1443062	1.5902603	10.653704	19.056368
2.1474247	1.5889716	10.655386	19.048141
2.1443062	1.5925153	10.655386	19.072824
2.1458654	1.5760851	10.653704	19.064596
2.1458654	1.5831727	10.653704	19.076939
2.1458654	1.5896159	10.652864	19.068712
2.1443062	1.5947706	10.654545	19.072824
2.1396284	1.5902603	10.652864	19.085167
2.1443062	1.6002473	10.653704	19.076939
2.148984	1.6054019	10.653704	19.081053
2.1443062	1.5921932	10.652864	19.064596
2.1396284	1.595737	10.652864	19.076939
2.1458654	1.6131338	10.654545	19.072824
2.1443062	1.6186106	10.653704	19.060484
2.1396284	1.6137781	10.652022	19.064596
2.1443062	1.6099122	10.655386	19.056368
2.1411877	1.6041132	10.65118	19.056368
2.1396284	1.6073349	10.655386	19.076939
2.1443062	1.6037911	10.652022	19.089281
2.1443062	1.5886494	10.653704	19.081053
2.1380692	1.5693196	10.653704	19.056368
2.1443062	1.5628763	10.654545	19.056368
2.1380692	1.5689975	10.653704	19.060484
2.1443062	1.5702862	10.653704	19.060484
2.1380692	1.5654536	10.653704	19.056368
2.1365099	1.5909046	10.656226	19.085167
2.1365099	1.5986365	10.655386	19.085167
2.1380692	1.5983143	10.653704	19.068712
2.1396284	1.6047575	10.655386	19.031685
2.1365099	1.6041132	10.653704	19.056368
2.1380692	1.6099122	10.653704	19.060484
2.1380692	1.5947706	10.652022	19.035799
2.1365099	1.6018581	10.654545	19.064596
2.1396284	1.6002473	10.652864	19.072824
2.1333914	1.6037911	10.654545	19.109852
2.1365099	1.6008916	10.655386	19.081053
2.1365099	1.5941262	10.654545	19.089281
2.1365099	1.5867164	10.652864	19.064596
2.1411877	1.5886494	10.656226	19.056368
2.1333914	1.5696418	10.653704	19.039913
2.1380692	1.59767	10.654545	19.097509
2.1318321	1.5928376	10.652864	19.072824
2.1365099	1.5947706	10.654545	19.068712
2.1349506	1.5912267	10.654545	19.068712
2.1333914	1.6008916	10.652864	19.113964
2.1365099	1.6050798	10.654545	19.068712
2.1318321	1.5825284	10.654545	19.023457
2.1302726	1.5934819	10.654545	19.060484
2.1271541	1.6044354	10.653704	19.097509
2.1302726	1.6025025	10.652864	19.064596
2.1302726	1.5963813	10.656226	19.072824
2.1271541	1.6018581	10.653704	19.089281
2.1287134	1.6021802	10.652022	19.11808
2.1302726	1.5947706	10.654545	19.064596
2.1349506	1.5947706	10.653704	19.076939
2.1302726	1.595737	10.652022	19.064596
2.1240356	1.5912267	10.652864	19.068712
2.1271541	1.5960592	10.653704	19.085167
2.1271541	1.5870386	10.652022	19.081053
2.1349506	1.5851057	10.653704	19.056368
2.1349506	1.6050798	10.654545	19.109852
2.1271541	1.5999252	10.652864	19.064596
2.1287134	1.5915489	10.653704	19.048141
2.1302726	1.5941262	10.656226	19.039913
2.1271541	1.6073349	10.652022	19.081053
2.1287134	1.5960592	10.654545	19.056368
2.1255949	1.6018581	10.656226	19.064596
2.1287134	1.5989586	10.654545	19.056368
2.1224763	1.5873607	10.654545	19.068712
2.1287134	1.58575	10.653704	19.081053
2.1271541	1.5760851	10.654545	19.060484
2.1240356	1.5718969	10.655386	19.052256
2.1255949	1.5599769	10.654545	19.031685
2.1255949	1.5677088	10.652022	19.044027
2.1271541	1.5760851	10.655386	19.048141
2.1271541	1.5915489	10.653704	19.093395
2.1287134	1.6025025	10.653704	19.089281
2.1224763	1.6157111	10.654545	19.089281
2.1162393	1.6208657	10.655386	19.068712
2.1271541	1.6166776	10.654545	19.081053
2.1209171	1.6276312	10.653704	19.085167
2.1240356	1.6037911	10.652864	19.072824
2.1162393	1.5986365	10.652022	19.052256
2.1255949	1.5999252	10.654545	19.076939
2.1193578	1.5947706	10.652864	19.085167
2.1240356	1.589938	10.652022	19.081053
2.1193578	1.5905824	10.654545	19.081053
2.1177986	1.58575	10.654545	19.081053
2.1209171	1.5770515	10.653704	19.064596
2.1224763	1.5828505	10.652022	19.081053
2.1193578	1.5854278	10.652864	19.044027
2.1224763	1.583817	10.652864	19.064596
2.1193578	1.587683	10.656226	19.060484
2.1209171	1.6099122	10.653704	19.085167
2.1209171	1.6095901	10.652864	19.035799
2.1177986	1.6044354	10.653704	19.076939
2.1177986	1.5947706	10.653704	19.048141
2.1209171	1.6031468	10.654545	19.093395
2.1193578	1.5909046	10.652022	19.064596
2.1146801	1.587683	10.653704	19.068712
2.1224763	1.5828505	10.653704	19.072824
2.1177986	1.58575	10.654545	19.101624
2.1162393	1.5783402	10.653704	19.064596
2.1193578	1.5615877	10.654545	19.052256
2.1193578	1.558044	10.653704	19.048141
2.1193578	1.5693196	10.654545	19.060484
2.1177986	1.5725412	10.654545	19.052256
2.1162393	1.5780181	10.655386	19.044027
2.1131208	1.5867164	10.653704	19.048141
2.1177986	1.5999252	10.654545	19.105738
2.1100023	1.595737	10.655386	19.068712
2.1115615	1.58575	10.653704	19.064596
2.1177986	1.5915489	10.654545	19.072824
2.1193578	1.6008916	10.654545	19.072824
2.1193578	1.5931597	10.652022	19.064596
2.1146801	1.5896159	10.653704	19.060484
2.1146801	1.5989586	10.654545	19.068712
2.1146801	1.6050798	10.653704	19.097509
2.1100023	1.5809175	10.654545	19.060484
2.1131208	1.5847834	10.652864	19.076939
2.1162393	1.5776958	10.654545	19.039913
2.108443	1.5747964	10.653704	19.076939
2.1115615	1.5880051	10.654545	19.052256
2.1177986	1.5828505	10.654545	19.031685
2.1100023	1.5841391	10.654545	19.052256
2.1100023	1.5950927	10.654545	19.105738
2.108443	1.5896159	10.653704	19.076939
2.1100023	1.5902603	10.654545	19.076939
2.1100023	1.5909046	10.653704	19.072824
2.1068838	1.5764072	10.652864	19.064596
2.1100023	1.5860721	10.652864	19.056368
2.108443	1.5886494	10.654545	19.064596
2.1037652	1.6086235	10.653704	19.085167
2.1100023	1.589938	10.652864	19.089281
2.108443	1.5822061	10.652864	19.048141
2.1100023	1.591871	10.652864	19.081053
2.1053245	1.5873607	10.654545	19.072824
2.108443	1.581884	10.653704	19.072824
2.1053245	1.5780181	10.652022	19.056368
2.1068838	1.5735078	10.655386	19.048141
2.1068838	1.5883273	10.653704	19.085167
2.1068838	1.583817	10.654545	19.076939
2.1068838	1.6025025	10.653704	19.097509
2.1068838	1.6054019	10.653704	19.076939
2.1053245	1.6031468	10.653704	19.081053
2.1068838	1.6070127	10.654545	19.076939
2.108443	1.5973479	10.654545	19.072824
2.1115615	1.6005695	10.653704	19.056368
2.1100023	1.6012138	10.654545	19.064596
2.1053245	1.6054019	10.652022	19.068712
2.1068838	1.5996029	10.654545	19.081053
2.108443	1.5941262	10.653704	19.068712
2.1053245	1.593804	10.652864	19.072824
2.102206	1.581884	10.653704	19.064596
2.1006467	1.5696418	10.655386	19.072824
2.1006467	1.5851057	10.655386	19.044027
2.1053245	1.5921932	10.654545	19.052256
2.1053245	1.5909046	10.652864	19.085167
2.1037652	1.6005695	10.652864	19.109852
2.1053245	1.6054019	10.654545	19.085167
2.102206	1.6008916	10.653704	19.072824
2.108443	1.5960592	10.652022	19.072824
2.1006467	1.5889716	10.654545	19.101624
2.1053245	1.6015359	10.652864	19.076939
2.102206	1.5793067	10.653704	19.044027
2.1053245	1.5731856	10.653704	19.052256
2.1053245	1.5825284	10.655386	19.093395
2.1006467	1.5741521	10.653704	19.056368
2.097528	1.5815618	10.654545	19.052256
2.102206	1.5754408	10.652022	19.052256
2.1037652	1.5664202	10.653704	19.076939
2.1006467	1.5809175	10.654545	19.052256
2.1006467	1.5664202	10.654545	19.027571
2.102206	1.5954149	10.653704	19.093395
2.0990872	1.5967035	10.652864	19.093395
2.0990872	1.5973479	10.653704	19.089281
2.102206	1.6057241	10.655386	19.097509
2.1006467	1.6057241	10.65118	19.076939
2.102206	1.6057241	10.652022	19.085167
2.0944095	1.6083014	10.653704	19.068712
2.097528	1.6160333	10.654545	19.068712
2.1006467	1.5992808	10.655386	19.039913
2.1053245	1.5963813	10.653704	19.056368
2.1006467	1.6066905	10.653704	19.064596
2.0959687	1.6050798	10.652864	19.101624
2.0959687	1.6044354	10.652022	19.089281
2.097528	1.6018581	10.654545	19.072824
2.0990872	1.6041132	10.656226	19.052256
2.097528	1.5870386	10.653704	19.052256
2.0928502	1.5793067	10.656226	19.081053
2.091291	1.5773737	10.654545	19.052256
2.0990872	1.5783402	10.655386	19.064596
2.0944095	1.5851057	10.654545	19.085167
2.097528	1.5889716	10.654545	19.093395
2.0944095	1.5847834	10.653704	19.076939
2.0959687	1.6037911	10.655386	19.085167
2.0944095	1.6083014	10.654545	19.093395
2.0944095	1.6166776	10.653704	19.072824
2.0897317	1.6050798	10.654545	19.064596
2.0897317	1.5973479	10.655386	19.048141
2.0928502	1.6041132	10.653704	19.085167
2.091291	1.5989586	10.654545	19.093395
2.0990872	1.59767	10.654545	19.076939
2.0944095	1.6015359	10.656226	19.076939
2.0944095	1.5844613	10.655386	19.056368
2.0944095	1.5844613	10.654545	19.056368
2.0928502	1.5915489	10.654545	19.081053
2.0944095	1.5921932	10.654545	19.048141
2.097528	1.5996029	10.65118	19.089281
2.0990872	1.6037911	10.655386	19.085167
2.091291	1.6070127	10.654545	19.081053
2.0928502	1.5844613	10.652864	19.089281
2.0881724	1.59767	10.652864	19.076939
2.0881724	1.587683	10.652022	19.056368
2.0881724	1.5844613	10.654545	19.035799
2.0881724	1.5947706	10.654545	19.089281
2.0928502	1.589938	10.654545	19.048141
2.091291	1.5805954	10.654545	19.056368
2.0928502	1.5770515	10.655386	19.064596
2.091291	1.5912267	10.653704	19.109852
2.091291	1.5967035	10.652864	19.101624
2.0866134	1.5963813	10.654545	19.081053
2.0866134	1.6031468	10.654545	19.081053
2.0928502	1.6070127	10.653704	19.093395
2.0850542	1.6037911	10.654545	19.072824
2.0897317	1.5999252	10.653704	19.081053
2.0881724	1.6124895	10.653704	19.097509
2.0866134	1.6131338	10.655386	19.105738
2.0881724	1.6131338	10.653704	19.101624
2.0897317	1.6073349	10.653704	19.068712
2.0897317	1.5986365	10.653704	19.044027
2.0866134	1.6037911	10.653704	19.052256
2.0881724	1.5950927	10.652864	19.052256
2.0881724	1.5941262	10.652864	19.064596
2.0881724	1.5889716	10.652864	19.068712
2.0850542	1.5805954	10.655386	19.109852
2.0850542	1.5809175	10.652864	19.085167
2.0928502	1.568031	10.653704	19.085167
2.0881724	1.5744742	10.654545	19.076939
2.0850542	1.5773737	10.654545	19.093395
2.0866134	1.6031468	10.654545	19.093395
2.0866134	1.5967035	10.655386	19.076939
2.0881724	1.5934819	10.654545	19.097509
2.0834949	1.5960592	10.654545	19.081053
2.0819356	1.6012138	10.653704	19.093395
2.0850542	1.6095901	10.653704	19.093395
2.0819356	1.5979922	10.652864	19.085167
2.0834949	1.6005695	10.654545	19.076939
2.0819356	1.6025025	10.653704	19.068712
2.0819356	1.6008916	10.654545	19.081053
2.0881724	1.5973479	10.652864	19.064596
2.0803761	1.6102344	10.654545	19.101624
2.0803761	1.6012138	10.654545	19.064596
2.0772576	1.5954149	10.652864	19.085167
2.0819356	1.5825284	10.652022	19.081053
2.0850542	1.5928376	10.654545	19.097509
2.0803761	1.5983143	10.653704	19.113964
2.0803761	1.6002473	10.652022	19.081053
2.0788169	1.6037911	10.655386	19.072824
2.0819356	1.6070127	10.653704	19.093395
2.0819356	1.593804	10.652022	19.068712
2.0866134	1.5931597	10.653704	19.093395
2.0803761	1.5989586	10.655386	19.085167
2.0850542	1.5828505	10.655386	19.056368
2.0803761	1.583817	10.654545	19.068712
2.0803761	1.5812397	10.655386	19.044027
2.0819356	1.5812397	10.653704	19.076939
2.0772576	1.5983143	10.652022	19.105738
2.0850542	1.5883273	10.654545	19.109852
2.0772576	1.5867164	10.654545	19.076939
2.0803761	1.5841391	10.65118	19.085167
2.0756984	1.5831727	10.653704	19.076939
2.0772576	1.59767	10.653704	19.109852
2.0788169	1.5831727	10.652864	19.064596
2.0772576	1.5825284	10.654545	19.064596
2.0756984	1.5970256	10.653704	19.101624
2.0741391	1.6012138	10.652864	19.113964
2.0756984	1.6002473	10.654545	19.089281
2.0756984	1.6063684	10.654545	19.11808
2.0756984	1.5986365	10.653704	19.068712
2.0788169	1.6031468	10.652864	19.076939
2.0741391	1.5847834	10.654545	19.085167
2.0819356	1.5880051	10.656226	19.097509
2.0866134	1.5992808	10.655386	19.093395
2.0741391	1.6018581	10.656226	19.134537
2.0772576	1.5909046	10.653704	19.113964
2.0756984	1.5967035	10.653704	19.093395
2.0756984	1.5992808	10.652864	19.093395
2.0741391	1.5973479	10.653704	19.089281
2.0756984	1.5979922	10.652022	19.060484
2.0772576	1.5851057	10.655386	19.048141
2.0741391	1.6031468	10.652022	19.068712
2.0756984	1.5944483	10.653704	19.085167
2.0741391	1.6028246	10.653704	19.076939
2.0710206	1.5996029	10.654545	19.072824
2.0725799	1.5967035	10.654545	19.056368
2.0756984	1.5963813	10.652864	19.044027
2.0756984	1.5912267	10.653704	19.064596
2.0741391	1.5815618	10.654545	19.060484
2.0772576	1.5744742	10.653704	19.064596
2.0725799	1.5812397	10.652864	19.105738
2.0725799	1.5722191	10.653704	19.085167
2.0710206	1.5828505	10.654545	19.093395
2.0741391	1.6015359	10.655386	19.072824
2.0741391	1.591871	10.652022	19.076939
2.0694613	1.5854278	10.652864	19.044027
2.0694613	1.5986365	10.653704	19.076939
2.0694613	1.6021802	10.656226	19.060484
2.0694613	1.593804	10.654545	19.060484
2.0741391	1.5934819	10.653704	19.072824
2.0694613	1.6060462	10.653704	19.072824
2.0679021	1.6160333	10.654545	19.085167
2.0710206	1.5992808	10.654545	19.060484
2.0694613	1.5934819	10.655386	19.060484
2.0725799	1.5931597	10.652022	19.068712
2.0710206	1.5947706	10.654545	19.072824
2.0632243	1.5992808	10.653704	19.076939
2.0694613	1.5960592	10.655386	19.072824
2.0694613	1.5947706	10.653704	19.081053
2.0632243	1.6028246	10.654545	19.093395
2.0741391	1.5896159	10.653704	19.076939
2.0694613	1.5831727	10.654545	19.089281
2.0694613	1.5880051	10.653704	19.052256
2.0694613	1.587683	10.654545	19.044027
2.0694613	1.5793067	10.652864	19.044027
2.0694613	1.5915489	10.654545	19.031685
2.0616651	1.5883273	10.653704	19.027571
2.0710206	1.591871	10.654545	19.052256
2.0632243	1.5873607	10.655386	19.064596
2.0647836	1.5983143	10.652864	19.089281
2.0647836	1.6070127	10.654545	19.064596
2.0647836	1.6012138	10.654545	19.044027
2.0647836	1.5925153	10.652022	19.068712
2.0647836	1.6044354	10.653704	19.064596
2.0663428	1.5925153	10.652864	19.064596
2.0679021	1.5880051	10.652864	19.076939
2.0632243	1.579951	10.653704	19.048141
2.0647836	1.5812397	10.652022	19.089281
2.0569873	1.5960592	10.653704	19.052256
2.0679021	1.5812397	10.654545	19.027571
2.055428	1.5760851	10.655386	19.031685
2.0663428	1.59767	10.654545	19.089281
2.0647836	1.59767	10.654545	19.064596
2.0632243	1.5996029	10.654545	19.081053
2.0694613	1.5983143	10.655386	19.076939
2.0585465	1.5999252	10.654545	19.081053
2.0647836	1.5947706	10.654545	19.064596
2.0632243	1.6079792	10.654545	19.089281
2.0601058	1.6086235	10.654545	19.052256
2.0616651	1.6021802	10.654545	19.068712
2.0569873	1.5928376	10.654545	19.072824
2.0616651	1.5828505	10.654545	19.085167
2.0601058	1.595737	10.653704	19.101624
2.0585465	1.59767	10.655386	19.105738
2.0647836	1.5921932	10.652864	19.064596
2.0647836	1.5983143	10.654545	19.072824
2.055428	1.5928376	10.654545	19.064596
2.0601058	1.5947706	10.653704	19.060484
2.0647836	1.5947706	10.653704	19.052256
2.0569873	1.6073349	10.653704	19.105738
2.0601058	1.6002473	10.654545	19.081053
2.0632243	1.5950927	10.653704	19.085167
2.0616651	1.6008916	10.654545	19.081053
2.0616651	1.6050798	10.654545	19.060484
2.0616651	1.6108787	10.652022	19.089281
2.0616651	1.6005695	10.654545	19.060484
2.0616651	1.5947706	10.653704	19.064596
2.0616651	1.6008916	10.654545	19.072824
2.0616651	1.6060462	10.653704	19.089281
2.0616651	1.5915489	10.654545	19.072824
2.055428	1.5963813	10.654545	19.093395
2.0585465	1.6050798	10.653704	19.081053
2.0585465	1.5996029	10.653704	19.068712
2.0585465	1.5715748	10.654545	19.031685
2.0569873	1.5960592	10.655386	19.072824
2.0569873	1.6054019	10.656226	19.093395
2.0585465	1.5905824	10.653704	19.089281
2.055428	1.6021802	10.653704	19.101624
2.0523095	1.5992808	10.654545	19.105738
2.055428	1.6005695	10.652022	19.081053
2.0569873	1.593804	10.652864	19.064596
2.0569873	1.5892937	10.654545	19.072824
2.055428	1.5796288	10.652864	19.081053
2.0569873	1.5928376	10.654545	19.085167
2.0616651	1.5841391	10.654545	19.093395
2.0538688	1.5770515	10.655386	19.072824
2.055428	1.589938	10.654545	19.105738
2.0585465	1.5915489	10.654545	19.085167
2.0569873	1.5718969	10.654545	19.064596
2.0585465	1.5812397	10.653704	19.052256
2.055428	1.5841391	10.655386	19.093395
2.055428	1.5915489	10.656226	19.081053
2.055428	1.5892937	10.654545	19.081053
2.0507503	1.6066905	10.655386	19.093395
2.0538688	1.6044354	10.654545	19.109852
2.055428	1.5915489	10.654545	19.076939
2.0476315	1.6086235	10.654545	19.085167
2.055428	1.6063684	10.653704	19.068712
2.0507503	1.6041132	10.653704	19.072824
2.0523095	1.5867164	10.654545	19.064596
2.0569873	1.5970256	10.653704	19.076939
2.0507503	1.59767	10.654545	19.093395
2.0507503	1.5847834	10.654545	19.093395
2.0538688	1.5796288	10.655386	19.064596
2.0538688	1.5744742	10.654545	19.064596
2.0491908	1.5921932	10.652864	19.081053
2.0523095	1.6021802	10.652864	19.101624
2.0476315	1.583817	10.653704	19.064596
2.0491908	1.5996029	10.655386	19.105738
2.0507503	1.6021802	10.653704	19.085167
2.0491908	1.5983143	10.652864	19.113964
2.0507503	1.5954149	10.653704	19.060484
2.0507503	1.6050798	10.654545	19.085167
2.0538688	1.6083014	10.652864	19.064596
2.0491908	1.6015359	10.654545	19.081053
2.0523095	1.5944483	10.655386	19.044027
2.0507503	1.6037911	10.655386	19.052256
2.0460722	1.5947706	10.655386	19.076939
2.0491908	1.5773737	10.652864	19.081053
2.0507503	1.5802732	10.652022	19.085167
2.0523095	1.5747964	10.654545	19.060484
2.0491908	1.560299	10.652022	19.076939
2.044513	1.5631986	10.653704	19.068712
2.044513	1.5873607	10.65118	19.126308
2.0507503	1.5754408	10.653704	19.081053
2.055428	1.58575	10.653704	19.093395
2.0476315	1.5880051	10.654545	19.072824
2.0507503	1.589938	10.655386	19.093395
2.0507503	1.6070127	10.653704	19.093395
2.044513	1.6079792	10.653704	19.085167
2.0476315	1.5947706	10.654545	19.068712
2.0476315	1.5947706	10.652022	19.076939
2.055428	1.5983143	10.652864	19.072824
2.0460722	1.5902603	10.654545	19.068712
2.0476315	1.5789845	10.655386	19.060484
2.0491908	1.5596547	10.652022	19.064596
2.0507503	1.5689975	10.653704	19.068712
2.0460722	1.5654536	10.652864	19.068712
2.0476315	1.5619099	10.655386	19.048141
2.0491908	1.5812397	10.652864	19.105738
2.044513	1.595737	10.654545	19.072824
2.0476315	1.589938	10.654545	19.081053
2.044513	1.6083014	10.654545	19.101624
2.0460722	1.5989586	10.654545	19.081053
2.0507503	1.613456	10.655386	19.085167
2.0460722	1.6070127	10.653704	19.089281
2.0476315	1.6066905	10.653704	19.076939
2.044513	1.6031468	10.654545	19.085167
2.0491908	1.591871	10.654545	19.044027
2.044513	1.5992808	10.652864	19.081053
2.0429537	1.5992808	10.653704	19.056368
2.0507503	1.583817	10.654545	19.064596
2.044513	1.5812397	10.654545	19.068712
2.0398352	1.5776958	10.654545	19.085167
2.0429537	1.5764072	10.652022	19.076939
2.0460722	1.59767	10.654545	19.093395
2.0460722	1.5960592	10.654545	19.081053
2.044513	1.5870386	10.652022	19.060484
2.0491908	1.5912267	10.652864	19.076939
2.0460722	1.5928376	10.653704	19.109852
2.0429537	1.6063684	10.652864	19.089281
2.0460722	1.6086235	10.653704	19.093395
2.0429537	1.6025025	10.653704	19.072824
2.0413945	1.6131338	10.652022	19.076939
2.038276	1.6054019	10.653704	19.056368
2.0398352	1.6034689	10.652022	19.052256
2.0476315	1.6102344	10.656226	19.072824
2.038276	1.6108787	10.652022	19.093395
2.0460722	1.6044354	10.654545	19.085167
2.0429537	1.5915489	10.652022	19.085167
2.0429537	1.59767	10.653704	19.093395
2.038276	1.5989586	10.655386	19.072824
2.038276	1.5992808	10.654545	19.068712
2.0398352	1.5828505	10.652864	19.048141
2.038276	1.5863943	10.653704	19.064596
2.0429537	1.5841391	10.653704	19.081053
2.0413945	1.6012138	10.654545	19.093395
2.0367167	1.6012138	10.654545	19.093395
2.0398352	1.59767	10.654545	19.093395
2.0335982	1.6008916	10.654545	19.072824
2.0335982	1.5954149	10.654545	19.072824
2.0367167	1.5889716	10.653704	19.064596
2.0413945	1.5941262	10.653704	19.085167
2.0429537	1.6012138	10.653704	19.113964
2.038276	1.6031468	10.653704	19.105738
2.038276	1.5889716	10.655386	19.072824
2.038276	1.5892937	10.654545	19.093395
2.038276	1.587683	10.654545	19.072824
2.0398352	1.5928376	10.652022	19.089281
2.0398352	1.6054019	10.653704	19.081053
2.044513	1.6102344	10.654545	19.085167
2.0367167	1.6108787	10.652022	19.085167
2.0398352	1.6160333	10.653704	19.089281
2.038276	1.6121674	10.653704	19.101624
2.0413945	1.6083014	10.653704	19.085167
2.0335982	1.6034689	10.652022	19.064596
2.0413945	1.615389	10.653704	19.122192
2.038276	1.5883273	10.656226	19.064596
2.0367167	1.5851057	10.654545	19.052256
2.0335982	1.5744742	10.654545	19.064596
2.0367167	1.5844613	10.654545	19.064596
2.0335982	1.5809175	10.653704	19.081053
2.0351574	1.5815618	10.655386	19.068712
2.0367167	1.5825284	10.654545	19.076939
2.0351574	1.5834948	10.653704	19.105738
2.0335982	1.5812397	10.654545	19.085167
2.0351574	1.5780181	10.654545	19.064596
2.0304797	1.5863943	10.652022	19.072824
2.038276	1.59767	10.65118	19.138649
2.0351574	1.5954149	10.652022	19.101624
2.0367167	1.6037911	10.652864	19.093395
2.0335982	1.6034689	10.656226	19.064596
2.0320389	1.6076571	10.654545	19.113964
2.038276	1.6157111	10.652864	19.076939
2.0335982	1.6131338	10.652022	19.085167
2.0351574	1.6066905	10.653704	19.081053
2.0335982	1.6047575	10.654545	19.109852
2.0304797	1.5996029	10.655386	19.085167
2.0335982	1.5925153	10.652022	19.097509
2.0289204	1.583817	10.654545	19.064596
2.038276	1.5696418	10.652022	19.072824
2.0304797	1.5767294	10.653704	19.064596
2.0289204	1.5751185	10.653704	19.048141
2.0289204	1.5731856	10.654545	19.085167
2.0367167	1.5841391	10.654545	19.085167
2.0304797	1.5834948	10.653704	19.093395
2.0335982	1.5934819	10.655386	19.089281
2.0304797	1.5986365	10.656226	19.081053
2.0304797	1.5915489	10.654545	19.064596
2.0320389	1.5925153	10.653704	19.052256
2.0320389	1.5992808	10.654545	19.101624
2.0304797	1.6070127	10.655386	19.109852
2.0289204	1.62151	10.652864	19.109852
2.0273612	1.613456	10.655386	19.076939
2.0304797	1.6141003	10.654545	19.089281
2.0304797	1.6041132	10.654545	19.076939
2.0289204	1.6044354	10.652022	19.081053
2.0304797	1.5947706	10.655386	19.072824
2.0289204	1.6041132	10.653704	19.105738
2.0304797	1.6041132	10.653704	19.072824
2.0273612	1.6066905	10.653704	19.093395
2.0304797	1.6054019	10.654545	19.072824
2.0320389	1.6002473	10.652864	19.076939
2.0289204	1.6092678	10.652864	19.097509
2.0335982	1.5912267	10.653704	19.031685
2.0304797	1.6021802	10.652022	19.081053
2.0304797	1.6041132	10.652022	19.093395
2.0304797	1.6002473	10.652022	19.089281
2.0273612	1.6205436	10.654545	19.109852
2.0242426	1.6131338	10.652864	19.089281
2.0273612	1.6044354	10.652022	19.109852
2.0242426	1.5983143	10.652864	19.081053
2.0242426	1.5860721	10.654545	19.085167
2.0304797	1.5863943	10.652022	19.101624
2.0258019	1.5757629	10.653704	19.093395
2.0242426	1.5735078	10.652022	19.101624
2.0289204	1.583817	10.653704	19.072824
2.0242426	1.5825284	10.653704	19.089281
2.0304797	1.5831727	10.654545	19.060484
2.0242426	1.5963813	10.654545	19.097509
2.0258019	1.5992808	10.653704	19.072824
2.0226834	1.6018581	10.654545	19.109852
2.0211241	1.6037911	10.653704	19.085167
2.0289204	1.6044354	10.654545	19.081053
2.0242426	1.6028246	10.654545	19.089281
2.0242426	1.5954149	10.653704	19.085167
2.0273612	1.5941262	10.655386	19.093395
2.0258019	1.5989586	10.653704	19.072824
2.0211241	1.5841391	10.654545	19.089281
2.0242426	1.5741521	10.656226	19.113964
2.0226834	1.6025025	10.652864	19.130421
2.0258019	1.6057241	10.652022	19.089281
2.0273612	1.5912267	10.653704	19.052256
2.0242426	1.591871	10.655386	19.052256
2.0148871	1.6005695	10.655386	19.064596
2.0211241	1.6079792	10.654545	19.081053
2.0258019	1.5909046	10.652864	19.060484
2.0258019	1.6012138	10.654545	19.109852
2.0226834	1.6037911	10.654545	19.101624
2.0226834	1.595737	10.653704	19.097509
2.0258019	1.593804	10.652022	19.076939
2.0180056	1.5841391	10.652864	19.064596
2.0258019	1.5860721	10.654545	19.072824
2.0195649	1.5741521	10.654545	19.072824
2.0258019	1.5776958	10.654545	19.085167
2.0273612	1.5802732	10.655386	19.093395
2.0180056	1.5860721	10.654545	19.101624
2.0180056	1.5847834	10.653704	19.068712
2.0242426	1.5925153	10.653704	19.085167
2.0211241	1.595737	10.654545	19.085167
2.0242426	1.5960592	10.654545	19.044027
2.0211241	1.5805954	10.654545	19.027571
2.0211241	1.6012138	10.654545	19.109852
2.0242426	1.593804	10.652864	19.105738
2.0195649	1.6063684	10.653704	19.105738
2.0242426	1.6079792	10.652864	19.093395
2.0226834	1.6021802	10.654545	19.093395
2.0180056	1.6034689	10.653704	19.056368
2.0226834	1.5950927	10.653704	19.093395
2.0180056	1.611523	10.653704	19.072824
2.0195649	1.6025025	10.654545	19.068712
2.0242426	1.5925153	10.655386	19.093395
2.0226834	1.5909046	10.654545	19.068712
2.0226834	1.6047575	10.653704	19.093395
2.0211241	1.5925153	10.652864	19.064596
2.0195649	1.5870386	10.653704	19.060484
2.0164464	1.6005695	10.654545	19.097509
2.0195649	1.5921932	10.654545	19.048141
2.0195649	1.5889716	10.652022	19.093395
2.0211241	1.5970256	10.652864	19.101624
2.0195649	1.5973479	10.653704	19.081053
2.0195649	1.6021802	10.653704	19.101624
2.0242426	1.5992808	10.652022	19.085167
2.0148871	1.5989586	10.652022	19.072824
2.0258019	1.6015359	10.653704	19.101624
2.0195649	1.6054019	10.652864	19.068712
2.0164464	1.5983143	10.652864	19.081053
2.0164464	1.5912267	10.652864	19.072824
2.0180056	1.5831727	10.653704	19.101624
2.0164464	1.5863943	10.653704	19.072824
2.0164464	1.5776958	10.652864	19.093395
2.0242426	1.5725412	10.654545	19.052256
2.0195649	1.587683	10.652022	19.085167
2.0070908	1.5834948	10.655386	19.056368
2.0117686	1.5886494	10.654545	19.081053
2.0148871	1.6018581	10.653704	19.109852
2.0164464	1.6089457	10.653704	19.142763
2.0164464	1.5934819	10.653704	19.085167
2.0133278	1.6028246	10.654545	19.089281
2.0164464	1.6050798	10.655386	19.068712
2.0148871	1.617322	10.654545	19.105738
2.0148871	1.5925153	10.654545	19.068712
2.0148871	1.5892937	10.652864	19.068712
2.0195649	1.59767	10.654545	19.076939
2.0070908	1.5886494	10.654545	19.105738
2.0117686	1.5793067	10.655386	19.076939
2.0164464	1.587683	10.652864	19.056368
2.0133278	1.5831727	10.654545	19.056368
2.0148871	1.5886494	10.654545	19.060484
2.0117686	1.5931597	10.652022	19.076939
2.0164464	1.5944483	10.654545	19.081053
2.0180056	1.5986365	10.652864	19.081053
2.0102093	1.6047575	10.652864	19.113964
2.0133278	1.6083014	10.654545	19.105738
2.0117686	1.6160333	10.655386	19.093395
2.0164464	1.6198993	10.654545	19.101624
2.0195649	1.6008916	10.653704	19.081053
2.0133278	1.6005695	10.65118	19.093395
2.0133278	1.595737	10.653704	19.064596
2.0102093	1.5880051	10.652022	19.056368
2.0164464	1.5834948	10.656226	19.064596
2.0133278	1.581884	10.654545	19.076939
2.0148871	1.5738299	10.654545	19.056368
2.0102093	1.5828505	10.653704	19.097509
2.0133278	1.5783402	10.653704	19.064596
2.0133278	1.5844613	10.654545	19.072824
2.0117686	1.5889716	10.654545	19.097509
2.0133278	1.591871	10.654545	19.056368
2.0180056	1.5944483	10.653704	19.081053
2.0133278	1.6060462	10.653704	19.093395
2.0055315	1.5934819	10.655386	19.072824
2.0086501	1.5822061	10.654545	19.089281
2.0070908	1.5851057	10.653704	19.076939
2.0133278	1.5896159	10.652864	19.101624
2.0164464	1.5767294	10.652864	19.064596
2.0117686	1.5754408	10.652864	19.052256
2.0086501	1.5844613	10.654545	19.081053
2.0039723	1.5863943	10.654545	19.056368
2.0070908	1.5715748	10.656226	19.064596
2.0133278	1.5809175	10.654545	19.064596
2.0133278	1.587683	10.652864	19.089281
2.0102093	1.5970256	10.654545	19.11808
2.0086501	1.59767	10.654545	19.081053
2.0070908	1.5944483	10.652864	19.081053
2.0086501	1.6063684	10.653704	19.105738
2.0070908	1.6057241	10.654545	19.089281
2.0102093	1.5963813	10.655386	19.064596
2.0102093	1.6008916	10.652022	19.093395
2.0102093	1.6076571	10.654545	19.085167
2.0133278	1.6118451	10.652864	19.126308
2.0070908	1.6025025	10.654545	19.064596
2.0039723	1.6050798	10.654545	19.076939
2.0070908	1.6066905	10.654545	19.072824
2.0039723	1.5963813	10.653704	19.109852
2.0070908	1.6079792	10.65118	19.089281
2.0102093	1.5960592	10.652864	19.089281
2.0086501	1.581884	10.653704	19.081053
2.0102093	1.5954149	10.652864	19.109852
2.0055315	1.5883273	10.652864	19.101624
2.0055315	1.593804	10.652864	19.085167
2.0055315	1.5950927	10.654545	19.089281
2.0086501	1.5915489	10.654545	19.097509
2.0070908	1.5992808	10.652022	19.097509
2.0070908	1.5860721	10.652864	19.068712
2.0070908	1.5970256	10.654545	19.081053
2.0055315	1.5983143	10.652864	19.081053
2.0070908	1.5989586	10.654545	19.093395
2.0070908	1.6131338	10.654545	19.093395
2.0102093	1.5934819	10.654545	19.044027
2.0055315	1.5970256	10.653704	19.089281
2.0070908	1.5863943	10.654545	19.064596
2.0039723	1.5844613	10.652864	19.085167
2.002413	1.5715748	10.654545	19.081053
2.0055315	1.5773737	10.652022	19.109852
2.0039723	1.5909046	10.654545	19.072824
2.002413	1.5844613	10.654545	19.081053
2.0070908	1.5912267	10.654545	19.076939
2.0039723	1.6008916	10.654545	19.085167
2.0070908	1.6063684	10.653704	19.113964
2.0039723	1.615389	10.653704	19.105738
2.0039723	1.6121674	10.652022	19.081053
2.002413	1.6147447	10.653704	19.097509
2.0055315	1.6244096	10.653704	19.085167
2.0039723	1.6105565	10.654545	19.056368
2.0055315	1.6124895	10.652864	19.076939
2.002413	1.6150668	10.652022	19.081053
2.0008538	1.6047575	10.654545	19.072824
2.0008538	1.6112008	10.652022	19.122192
2.0039723	1.5954149	10.654545	19.101624
2.0008538	1.5921932	10.653704	19.101624
2.0039723	1.59767	10.652864	19.113964
2.0039723	1.5983143	10.653704	19.076939
2.0008538	1.5934819	10.653704	19.081053
2.002413	1.5905824	10.654545	19.068712
2.0008538	1.5989586	10.653704	19.097509
1.9977351	1.5989586	10.653704	19.105738
1.9961759	1.5896159	10.653704	19.072824
2.0008538	1.5912267	10.652022	19.093395
1.9992944	1.5950927	10.652864	19.105738
1.9961759	1.5905824	10.654545	19.085167
1.9961759	1.5944483	10.654545	19.064596
1.9946166	1.5873607	10.653704	19.048141
1.9992944	1.5886494	10.654545	19.093395
1.9992944	1.589938	10.654545	19.085167
2.0008538	1.5793067	10.652864	19.076939
1.9992944	1.5860721	10.653704	19.11808
2.0055315	1.5986365	10.653704	19.122192
2.0055315	1.5812397	10.653704	19.076939
2.0055315	1.5786624	10.655386	19.068712
2.0008538	1.5796288	10.652864	19.068712
2.0008538	1.5815618	10.652864	19.097509
2.002413	1.5902603	10.652022	19.085167
2.002413	1.5934819	10.653704	19.093395
2.0008538	1.5992808	10.653704	19.081053
1.9961759	1.6086235	10.654545	19.113964
1.9977351	1.6079792	10.654545	19.076939
1.9977351	1.6037911	10.654545	19.060484
1.9992944	1.6079792	10.654545	19.060484
1.9977351	1.6076571	10.652022	19.076939
1.9992944	1.6141003	10.656226	19.093395
2.0008538	1.6102344	10.652864	19.085167
1.9977351	1.5950927	10.654545	19.072824
1.9946166	1.58575	10.653704	19.076939
1.9946166	1.583817	10.654545	19.081053
2.0008538	1.5773737	10.653704	19.068712
1.9977351	1.5854278	10.656226	19.093395
2.002413	1.5741521	10.654545	19.064596
1.9992944	1.5905824	10.652864	19.081053
1.9977351	1.5886494	10.652864	19.097509
1.9946166	1.5934819	10.653704	19.089281
1.9961759	1.6083014	10.652864	19.109852
1.9946166	1.6044354	10.652864	19.089281
1.9977351	1.6208657	10.652864	19.122192
1.9977351	1.6018581	10.652022	19.101624
1.9930574	1.6102344	10.657067	19.081053
1.9946166	1.5989586	10.654545	19.081053
1.9977351	1.5889716	10.653704	19.081053
1.9946166	1.5892937	10.654545	19.072824
1.9977351	1.5915489	10.656226	19.072824
1.9946166	1.5947706	10.652864	19.105738
1.991498	1.5912267	10.655386	19.072824
1.9946166	1.5905824	10.655386	19.076939
1.9946166	1.5921932	10.655386	19.085167
1.9930574	1.5802732	10.653704	19.068712
1.9899387	1.5973479	10.65118	19.068712
1.9899387	1.587683	10.653704	19.081053
1.9946166	1.5844613	10.653704	19.076939
1.991498	1.5789845	10.653704	19.052256
1.9961759	1.5892937	10.653704	19.076939
1.9946166	1.5941262	10.65034	19.089281
1.9946166	1.5925153	10.654545	19.064596
1.9977351	1.6063684	10.654545	19.093395
1.9930574	1.5905824	10.652022	19.068712
1.9946166	1.579951	10.655386	19.081053
1.9899387	1.5892937	10.653704	19.081053
1.9946166	1.59767	10.654545	19.081053
1.991498	1.5967035	10.652864	19.105738
1.9899387	1.5886494	10.653704	19.068712
1.9946166	1.6089457	10.652022	19.105738
1.9946166	1.6121674	10.654545	19.101624
1.9977351	1.6005695	10.654545	19.064596
1.9977351	1.6041132	10.654545	19.064596
1.9992944	1.59767	10.655386	19.064596
1.9930574	1.6021802	10.654545	19.105738
1.9946166	1.6002473	10.65118	19.101624
1.991498	1.6066905	10.654545	19.11808
1.9883795	1.5999252	10.654545	19.085167
1.9899387	1.6044354	10.654545	19.101624
1.9961759	1.5992808	10.65118	19.060484
1.9930574	1.5834948	10.653704	19.056368
1.9899387	1.5722191	10.657067	19.056368
1.9899387	1.5764072	10.654545	19.11808
1.9946166	1.5844613	10.653704	19.097509
1.9946166	1.5844613	10.652022	19.068712
1.9992944	1.5834948	10.654545	19.052256
1.991498	1.5986365	10.653704	19.064596
1.9868202	1.5989586	10.653704	19.085167
1.9961759	1.5999252	10.654545	19.081053
1.9899387	1.5989586	10.653704	19.072824
1.9899387	1.5931597	10.655386	19.076939
1.9868202	1.6028246	10.654545	19.105738
1.9899387	1.5947706	10.652022	19.093395
1.9883795	1.6057241	10.654545	19.101624
1.9899387	1.6044354	10.653704	19.085167
1.9868202	1.6041132	10.654545	19.064596
1.9883795	1.6089457	10.655386	19.076939
1.9883795	1.6073349	10.654545	19.093395
1.9899387	1.6066905	10.655386	19.105738
1.985261	1.5967035	10.655386	19.072824
1.991498	1.5928376	10.653704	19.085167
1.9868202	1.5950927	10.652864	19.105738
1.9946166	1.6008916	10.653704	19.089281
1.9930574	1.5928376	10.654545	19.064596
1.9883795	1.5880051	10.652022	19.076939
1.9883795	1.5934819	10.655386	19.068712
1.9868202	1.5931597	10.653704	19.089281
1.9946166	1.6089457	10.652864	19.109852
1.9868202	1.595737	10.654545	19.097509
1.9868202	1.5909046	10.653704	19.089281
1.9899387	1.5999252	10.653704	19.089281
1.9868202	1.5934819	10.652864	19.113964
1.9883795	1.6008916	10.653704	19.064596
1.9899387	1.5889716	10.655386	19.064596
1.985261	1.5909046	10.653704	19.105738
1.9883795	1.5941262	10.653704	19.101624
1.985261	1.5767294	10.652864	19.064596
1.9883795	1.5793067	10.652864	19.093395
1.9899387	1.58575	10.652864	19.076939
1.9883795	1.5925153	10.654545	19.113964
1.9837017	1.6041132	10.652864	19.064596
1.9837017	1.6031468	10.654545	19.072824
1.985261	1.6121674	10.652022	19.093395
1.9868202	1.59767	10.654545	19.081053
1.9899387	1.5970256	10.653704	19.093395
1.9899387	1.6095901	10.652864	19.101624
1.985261	1.6202214	10.652864	19.105738
1.9899387	1.6086235	10.654545	19.113964
1.9868202	1.5847834	10.653704	19.068712
1.9868202	1.6054019	10.654545	19.081053
1.9868202	1.6025025	10.653704	19.081053
1.985261	1.6054019	10.652864	19.134537
1.9868202	1.5992808	10.654545	19.097509
1.9868202	1.6057241	10.653704	19.081053
1.9868202	1.6057241	10.656226	19.076939
1.9837017	1.5870386	10.653704	19.085167
1.9868202	1.5986365	10.653704	19.064596
1.9821424	1.5909046	10.653704	19.064596
1.9883795	1.5825284	10.653704	19.076939
1.985261	1.583817	10.652864	19.109852
1.9837017	1.5954149	10.65118	19.109852
1.985261	1.5925153	10.652022	19.072824
1.9868202	1.5950927	10.654545	19.093395
1.9837017	1.5928376	10.655386	19.101624
1.9821424	1.5950927	10.653704	19.097509
1.985261	1.5928376	10.653704	19.076939
1.9883795	1.5896159	10.653704	19.064596
1.9868202	1.6044354	10.654545	19.122192
1.9821424	1.5947706	10.655386	19.089281
1.9805832	1.6095901	10.655386	19.076939
1.9837017	1.5970256	10.654545	19.076939
1.9868202	1.6063684	10.652864	19.089281
1.985261	1.6050798	10.653704	19.097509
1.9837017	1.6047575	10.654545	19.064596
1.985261	1.5983143	10.652864	19.085167
1.9821424	1.581884	10.654545	19.081053
1.9821424	1.5915489	10.654545	19.076939
1.9805832	1.5902603	10.654545	19.085167
1.9821424	1.5992808	10.655386	19.085167
1.9868202	1.6089457	10.654545	19.097509
1.9868202	1.5963813	10.652022	19.060484
1.9821424	1.6031468	10.654545	19.076939
1.9837017	1.6121674	10.652864	19.081053
1.9821424	1.5973479	10.652864	19.064596
1.9868202	1.6070127	10.653704	19.093395
1.9805832	1.5963813	10.653704	19.076939
1.9790239	1.59767	10.653704	19.064596
1.9790239	1.5809175	10.652022	19.052256
1.9837017	1.5747964	10.654545	19.076939
1.985261	1.5854278	10.652022	19.097509
1.9821424	1.5847834	10.652864	19.068712
1.9837017	1.5780181	10.654545	19.068712
1.9821424	1.58575	10.654545	19.085167
1.9837017	1.5909046	10.654545	19.076939
1.9790239	1.5889716	10.653704	19.105738
1.9759053	1.58575	10.653704	19.064596
1.9759053	1.5925153	10.653704	19.093395
1.9805832	1.5889716	10.654545	19.081053
1.9805832	1.5996029	10.652864	19.105738
1.9868202	1.6066905	10.652864	19.097509
1.9790239	1.5950927	10.655386	19.076939
1.9805832	1.5844613	10.654545	19.064596
1.9821424	1.5757629	10.652022	19.076939
1.9821424	1.5738299	10.655386	19.064596
1.9727868	1.5896159	10.652864	19.122192
1.9821424	1.5815618	10.652864	19.072824
1.9837017	1.5834948	10.655386	19.060484
1.9805832	1.5992808	10.653704	19.072824
1.9759053	1.6002473	10.652864	19.105738
1.9821424	1.6073349	10.654545	19.093395
1.9790239	1.5963813	10.654545	19.076939
1.9759053	1.6054019	10.654545	19.093395
1.9805832	1.6089457	10.654545	19.105738
1.9805832	1.6031468	10.652022	19.085167
1.9759053	1.5963813	10.652022	19.081053
1.9774647	1.6102344	10.653704	19.089281
1.9774647	1.6018581	10.656226	19.097509
1.9805832	1.5789845	10.652022	19.064596
1.974346	1.5789845	10.653704	19.068712
1.9821424	1.5722191	10.655386	19.060484
1.9805832	1.5696418	10.653704	19.105738
1.9805832	1.5847834	10.653704	19.093395
1.9759053	1.5944483	10.654545	19.093395
1.9727868	1.5999252	10.654545	19.064596
1.9759053	1.6083014	10.652864	19.081053
1.9759053	1.5970256	10.654545	19.072824
1.9805832	1.5947706	10.652864	19.081053
1.974346	1.5896159	10.654545	19.085167
1.9774647	1.583817	10.656226	19.097509
1.974346	1.5793067	10.653704	19.072824
1.9759053	1.5970256	10.656226	19.097509
1.9790239	1.6037911	10.653704	19.105738
1.9774647	1.5883273	10.654545	19.072824
1.974346	1.5896159	10.653704	19.072824
1.9774647	1.6063684	10.654545	19.113964
1.9727868	1.5941262	10.653704	19.105738
1.9821424	1.5944483	10.652864	19.109852
1.9712275	1.5967035	10.652864	19.093395
1.9774647	1.6034689	10.653704	19.085167
1.9837017	1.5825284	10.654545	19.068712
1.9805832	1.5802732	10.652022	19.056368
1.9759053	1.5960592	10.654545	19.089281
1.9774647	1.5809175	10.653704	19.072824
1.9774647	1.5744742	10.652864	19.068712
1.9727868	1.5886494	10.654545	19.093395
1.974346	1.5754408	10.656226	19.060484
1.9759053	1.5773737	10.654545	19.064596
1.974346	1.5812397	10.652022	19.060484
1.9805832	1.5886494	10.653704	19.076939
1.9774647	1.6057241	10.654545	19.113964
1.974346	1.6015359	10.654545	19.081053
1.9727868	1.6070127	10.652022	19.130421
1.9727868	1.6031468	10.652022	19.093395
1.9727868	1.59767	10.654545	19.081053
1.9790239	1.5883273	10.654545	19.085167
1.9712275	1.5847834	10.655386	19.081053
1.9696683	1.5889716	10.654545	19.068712
1.968109	1.5921932	10.654545	19.105738
1.9712275	1.5847834	10.654545	19.081053
1.974346	1.5963813	10.653704	19.093395
1.974346	1.5925153	10.653704	19.072824
1.9712275	1.5921932	10.652022	19.097509
1.9727868	1.5941262	10.654545	19.093395
1.9759053	1.6008916	10.65118	19.081053
1.9727868	1.6076571	10.652864	19.068712
1.9727868	1.589938	10.652022	19.085167
1.9696683	1.6086235	10.653704	19.105738
1.9727868	1.5992808	10.655386	19.081053
1.9727868	1.5902603	10.655386	19.081053
1.974346	1.5967035	10.655386	19.11808
1.974346	1.587683	10.654545	19.076939
1.9805832	1.5992808	10.654545	19.093395
1.9774647	1.5831727	10.655386	19.052256
1.9759053	1.5880051	10.652864	19.093395
1.9759053	1.5892937	10.65118	19.048141
1.9727868	1.5744742	10.653704	19.076939
1.974346	1.5999252	10.653704	19.109852
1.9727868	1.5825284	10.653704	19.105738
1.9774647	1.5834948	10.653704	19.064596
1.9696683	1.5931597	10.654545	19.093395
1.9712275	1.5896159	10.652864	19.076939
1.968109	1.6073349	10.653704	19.109852
1.9665498	1.5999252	10.654545	19.089281
1.9712275	1.6063684	10.652864	19.089281
1.9727868	1.6034689	10.653704	19.109852
1.974346	1.6041132	10.655386	19.122192
1.9696683	1.6002473	10.653704	19.093395
1.9727868	1.5931597	10.657067	19.068712
1.9665498	1.6070127	10.652022	19.093395
1.9665498	1.6086235	10.652022	19.076939
1.9696683	1.6015359	10.653704	19.060484
1.9727868	1.6086235	10.654545	19.072824
1.9649905	1.5967035	10.652864	19.052256
1.9774647	1.6021802	10.652022	19.093395
1.9696683	1.6031468	10.654545	19.093395
1.9712275	1.6021802	10.653704	19.068712
1.9696683	1.6147447	10.653704	19.093395
1.968109	1.6086235	10.655386	19.081053
1.9649905	1.5983143	10.652864	19.101624
1.9696683	1.6112008	10.654545	19.097509
1.968109	1.6112008	10.654545	19.093395
1.9649905	1.6018581	10.654545	19.085167
1.974346	1.6018581	10.653704	19.097509
1.968109	1.6050798	10.654545	19.101624
1.961872	1.6031468	10.654545	19.093395
1.9649905	1.5967035	10.654545	19.068712
1.9634312	1.5860721	10.654545	19.097509
1.968109	1.6131338	10.654545	19.11808
1.9665498	1.5854278	10.653704	19.056368
1.9712275	1.583817	10.653704	19.085167
1.9712275	1.581884	10.655386	19.068712
1.9649905	1.5870386	10.653704	19.097509
1.9634312	1.6015359	10.652022	19.089281
1.9665498	1.5931597	10.652022	19.093395
1.9665498	1.6050798	10.654545	19.11808
1.9665498	1.6112008	10.654545	19.085167
1.9649905	1.5996029	10.654545	19.064596
1.9649905	1.6050798	10.654545	19.097509
1.9649905	1.593804	10.654545	19.076939
1.968109	1.5880051	10.653704	19.089281
1.968109	1.5847834	10.652022	19.081053
1.9634312	1.5912267	10.653704	19.093395
1.968109	1.5999252	10.653704	19.101624
1.9665498	1.6063684	10.654545	19.085167
1.9649905	1.5989586	10.654545	19.060484
1.9696683	1.5983143	10.655386	19.068712
1.9649905	1.6083014	10.654545	19.113964
1.961872	1.6144224	10.653704	19.085167
1.9696683	1.6025025	10.652864	19.085167
1.9649905	1.6095901	10.652864	19.101624
1.961872	1.5996029	10.653704	19.093395
1.9634312	1.5999252	10.652864	19.085167
1.9603126	1.5950927	10.652022	19.076939
1.961872	1.595737	10.654545	19.089281
1.9571941	1.5912267	10.653704	19.101624
1.9649905	1.5915489	10.653704	19.093395
1.961872	1.591871	10.652864	19.076939
1.9649905	1.5896159	10.654545	19.097509
1.9665498	1.5912267	10.652864	19.105738
1.961872	1.59767	10.654545	19.068712
1.9649905	1.6021802	10.652864	19.097509
1.9649905	1.6076571	10.654545	19.068712
1.9665498	1.5873607	10.654545	19.060484
1.961872	1.5970256	10.655386	19.068712
1.961872	1.6144224	10.653704	19.109852
1.968109	1.6041132	10.656226	19.097509
1.9665498	1.6083014	10.653704	19.085167
1.9634312	1.6169997	10.654545	19.081053
1.9665498	1.6124895	10.656226	19.072824
1.9634312	1.6063684	10.654545	19.076939
1.961872	1.5970256	10.652022	19.093395
1.9649905	1.6060462	10.652022	19.109852
1.9665498	1.5960592	10.654545	19.081053
1.9665498	1.5889716	10.652864	19.093395
1.9649905	1.5815618	10.653704	19.085167
1.9665498	1.5780181	10.652864	19.064596
1.9603126	1.5667423	10.653704	19.052256
1.9603126	1.5880051	10.652022	19.089281
1.9603126	1.5773737	10.65118	19.052256
1.9634312	1.5783402	10.652864	19.085167
1.9603126	1.5925153	10.655386	19.101624
1.9603126	1.6012138	10.654545	19.11808
1.968109	1.5973479	10.653704	19.097509
1.9587533	1.5947706	10.654545	19.093395
1.961872	1.6037911	10.654545	19.097509
1.9649905	1.6015359	10.653704	19.085167
1.9634312	1.5880051	10.653704	19.072824
1.9649905	1.5944483	10.653704	19.068712
1.9603126	1.5860721	10.654545	19.093395
1.961872	1.5934819	10.654545	19.109852
1.9634312	1.5999252	10.653704	19.101624
1.9649905	1.5986365	10.654545	19.105738
1.961872	1.5947706	10.652864	19.060484
1.961872	1.5986365	10.653704	19.072824
1.961872	1.6028246	10.653704	19.072824
1.9603126	1.5947706	10.652022	19.093395
1.9649905	1.5844613	10.654545	19.101624
1.961872	1.5905824	10.652022	19.101624
1.9649905	1.6041132	10.654545	19.113964
1.9634312	1.5867164	10.654545	19.093395
1.961872	1.5831727	10.656226	19.076939
1.9571941	1.5941262	10.655386	19.064596
1.9571941	1.5870386	10.653704	19.101624
1.961872	1.5786624	10.654545	19.101624
1.9587533	1.5825284	10.652864	19.076939
1.9587533	1.591871	10.654545	19.101624
1.961872	1.5963813	10.652864	19.097509
1.9603126	1.5909046	10.652864	19.101624
1.9603126	1.5915489	10.653704	19.072824
1.9571941	1.5996029	10.652864	19.060484
1.9525163	1.5947706	10.653704	19.093395
1.9571941	1.5963813	10.654545	19.101624
1.9525163	1.595737	10.654545	19.081053
1.9571941	1.5970256	10.655386	19.081053
1.9556348	1.6105565	10.653704	19.11808
1.9571941	1.6015359	10.652864	19.097509
1.961872	1.6121674	10.652864	19.113964
1.9587533	1.6147447	10.654545	19.105738
1.961872	1.6005695	10.653704	19.081053
1.961872	1.5883273	10.652864	19.076939
1.961872	1.5892937	10.652022	19.081053
1.9634312	1.5863943	10.655386	19.097509
1.9571941	1.568031	10.654545	19.064596
1.9556348	1.5596547	10.652864	19.081053
1.9603126	1.5638429	10.654545	19.076939
1.961872	1.5831727	10.652022	19.064596
1.9603126	1.5683532	10.652022	19.068712
1.9571941	1.5828505	10.655386	19.076939
1.9571941	1.5793067	10.655386	19.048141
1.9587533	1.5831727	10.652864	19.097509
1.9571941	1.5983143	10.654545	19.085167
1.9493979	1.5921932	10.654545	19.076939
1.9571941	1.6147447	10.654545	19.113964
1.9571941	1.6182884	10.652864	19.113964
1.9587533	1.6025025	10.653704	19.076939
1.9603126	1.611523	10.654545	19.089281
1.9571941	1.6025025	10.654545	19.064596
1.9603126	1.6047575	10.655386	19.093395
1.9587533	1.611523	10.653704	19.097509
1.9540756	1.5944483	10.653704	19.076939
1.9509572	1.6037911	10.654545	19.081053
1.9540756	1.5996029	10.654545	19.101624
1.9556348	1.58575	10.652864	19.081053
1.9556348	1.5760851	10.652022	19.076939
1.961872	1.5822061	10.654545	19.097509
1.9525163	1.5973479	10.654545	19.089281
1.9571941	1.5963813	10.654545	19.081053
1.9571941	1.5847834	10.656226	19.064596
1.9556348	1.5896159	10.653704	19.089281
1.9556348	1.6031468	10.654545	19.081053
1.9540756	1.5947706	10.656226	19.081053
1.9556348	1.6054019	10.652022	19.089281
1.9571941	1.6063684	10.653704	19.101624
1.9587533	1.5896159	10.654545	19.072824
1.9571941	1.5873607	10.654545	19.101624
1.9540756	1.5783402	10.653704	19.097509
1.9571941	1.5883273	10.654545	19.113964
1.9493979	1.58575	10.654545	19.076939
1.9525163	1.5715748	10.652022	19.085167
1.9509572	1.5796288	10.654545	19.085167
1.9525163	1.5747964	10.652022	19.085167
1.9571941	1.5822061	10.652022	19.068712
1.9509572	1.5863943	10.653704	19.068712
1.9509572	1.6037911	10.654545	19.076939
1.9509572	1.5999252	10.653704	19.113964
1.9587533	1.6028246	10.652864	19.072824
1.9525163	1.6121674	10.652864	19.089281
1.9540756	1.5925153	10.653704	19.056368
1.9556348	1.6002473	10.654545	19.085167
1.9540756	1.5912267	10.654545	19.044027
1.9556348	1.5822061	10.653704	19.068712
1.9509572	1.6002473	10.652864	19.101624
1.9509572	1.5967035	10.654545	19.11808
1.9525163	1.589938	10.653704	19.113964
1.9525163	1.5947706	10.653704	19.126308
1.9603126	1.595737	10.652864	19.113964
1.9540756	1.6021802	10.652864	19.081053
1.9540756	1.6008916	10.653704	19.081053
1.9509572	1.6031468	10.652864	19.097509
1.9509572	1.6044354	10.653704	19.085167
1.9556348	1.6041132	10.65118	19.11808
1.9556348	1.6108787	10.653704	19.093395
1.9478387	1.6028246	10.654545	19.089281
1.9525163	1.6095901	10.653704	19.093395
1.9525163	1.617322	10.653704	19.109852
1.9493979	1.6269869	10.654545	19.081053
1.9493979	1.6031468	10.655386	19.068712
1.9540756	1.6102344	10.653704	19.089281
1.9478387	1.6176441	10.654545	19.101624
1.9509572	1.6021802	10.654545	19.081053
1.9493979	1.5912267	10.654545	19.085167
1.9540756	1.5963813	10.653704	19.093395
1.9540756	1.5983143	10.653704	19.109852
1.9493979	1.5896159	10.654545	19.093395
1.9509572	1.595737	10.656226	19.089281
1.9525163	1.5780181	10.654545	19.056368
1.9525163	1.5912267	10.655386	19.085167
1.9509572	1.5979922	10.656226	19.101624
1.9462794	1.6057241	10.654545	19.093395
1.9493979	1.6244096	10.654545	19.101624
1.9462794	1.6211879	10.652864	19.081053
1.9493979	1.6244096	10.654545	19.113964
1.9525163	1.6060462	10.655386	19.060484
1.9540756	1.6050798	10.653704	19.076939
1.9493979	1.6089457	10.653704	19.109852
1.9525163	1.5925153	10.652022	19.093395
1.9509572	1.5925153	10.655386	19.105738
1.9462794	1.6018581	10.654545	19.093395
1.9493979	1.589938	10.654545	19.081053
1.9493979	1.5796288	10.654545	19.093395
1.9493979	1.5815618	10.652864	19.064596
1.9447201	1.5822061	10.653704	19.064596
1.9478387	1.583817	10.652022	19.081053
1.9509572	1.5996029	10.652864	19.134537
1.9447201	1.6141003	10.654545	19.093395
1.9462794	1.6018581	10.654545	19.076939
1.9478387	1.6066905	10.654545	19.068712
1.9431609	1.611523	10.652864	19.097509
1.9478387	1.6169997	10.653704	19.101624
1.9447201	1.6095901	10.654545	19.085167
1.9493979	1.6005695	10.654545	19.097509
1.9431609	1.5967035	10.652864	19.130421
1.9509572	1.5805954	10.655386	19.060484
1.9493979	1.58575	10.654545	19.105738
1.9478387	1.5847834	10.653704	19.076939
1.9509572	1.5873607	10.652022	19.097509
1.9478387	1.59767	10.654545	19.085167
1.9478387	1.5754408	10.656226	19.056368
1.9493979	1.5760851	10.653704	19.076939
1.9447201	1.6012138	10.653704	19.126308
1.9462794	1.6060462	10.654545	19.085167
1.9509572	1.5886494	10.654545	19.064596
1.9493979	1.5925153	10.653704	19.081053
1.9509572	1.5973479	10.654545	19.064596
1.9493979	1.5979922	10.654545	19.068712
1.9493979	1.5886494	10.652022	19.081053
1.9462794	1.5892937	10.655386	19.076939
1.9478387	1.5873607	10.653704	19.089281
1.9478387	1.5941262	10.653704	19.126308
1.9478387	1.5883273	10.653704	19.101624
1.9478387	1.6050798	10.654545	19.093395
1.9493979	1.6018581	10.654545	19.089281
1.9462794	1.6002473	10.652864	19.113964
1.9462794	1.5963813	10.653704	19.076939
1.9447201	1.5983143	10.653704	19.085167
1.9447201	1.5986365	10.654545	19.085167
1.9462794	1.6005695	10.655386	19.064596
1.9462794	1.5999252	10.654545	19.093395
1.9493979	1.6079792	10.653704	19.089281
1.9447201	1.6076571	10.652864	19.089281
1.9478387	1.5960592	10.654545	19.093395
1.9447201	1.5928376	10.652022	19.081053
1.9462794	1.6015359	10.652022	19.093395
1.9431609	1.6063684	10.654545	19.097509
1.9447201	1.6060462	10.656226	19.089281
1.9416015	1.6060462	10.653704	19.093395
1.9462794	1.6086235	10.654545	19.109852
1.9462794	1.593804	10.654545	19.076939
1.9462794	1.591871	10.656226	19.113964
1.9416015	1.5889716	10.655386	19.076939
1.9478387	1.5947706	10.652022	19.089281
1.9447201	1.5776958	10.655386	19.060484
1.9400423	1.5822061	10.652864	19.060484
1.9478387	1.6005695	10.656226	19.089281
1.9462794	1.5905824	10.652022	19.076939
1.9400423	1.5934819	10.654545	19.093395
1.9447201	1.59767	10.654545	19.109852
1.9462794	1.5950927	10.652022	19.109852
1.9431609	1.5947706	10.652022	19.072824
1.9431609	1.5896159	10.652864	19.097509
1.938483	1.5941262	10.652864	19.105738
1.9462794	1.6050798	10.654545	19.101624
1.9431609	1.5983143	10.655386	19.097509
1.9431609	1.6105565	10.654545	19.113964
1.9431609	1.5954149	10.653704	19.105738
1.9478387	1.5967035	10.654545	19.089281
1.9369237	1.5941262	10.654545	19.068712
1.9478387	1.581884	10.654545	19.081053
1.9416015	1.5844613	10.655386	19.072824
1.9400423	1.5960592	10.654545	19.072824
1.9447201	1.5970256	10.654545	19.068712
1.9369237	1.613456	10.653704	19.122192
1.9431609	1.6089457	10.654545	19.113964
1.9400423	1.6012138	10.655386	19.085167
1.9431609	1.6050798	10.652864	19.093395
1.9431609	1.6150668	10.653704	19.105738
1.9478387	1.5979922	10.654545	19.089281
1.9447201	1.5770515	10.655386	19.068712
1.9431609	1.5896159	10.652022	19.097509
1.9400423	1.5776958	10.653704	19.089281
1.9400423	1.5793067	10.654545	19.093395
1.9431609	1.5770515	10.652864	19.072824
1.9416015	1.5828505	10.654545	19.076939
1.9447201	1.5686753	10.654545	19.064596
1.9400423	1.562232	10.654545	19.064596
1.9462794	1.5802732	10.653704	19.064596
1.9416015	1.5947706	10.654545	19.064596
1.938483	1.5831727	10.655386	19.085167
1.938483	1.5999252	10.654545	19.11808
1.9369237	1.5967035	10.654545	19.089281
1.9400423	1.591871	10.654545	19.097509
1.9462794	1.5860721	10.653704	19.089281
1.9400423	1.5941262	10.653704	19.093395
1.9431609	1.5915489	10.654545	19.097509
1.9431609	1.591871	10.654545	19.085167
1.9431609	1.5909046	10.655386	19.105738
1.9431609	1.5931597	10.654545	19.097509
1.938483	1.6018581	10.653704	19.122192
1.9353645	1.5802732	10.654545	19.072824
1.9400423	1.5844613	10.654545	19.076939
1.9369237	1.587683	10.655386	19.081053
1.9400423	1.593804	10.654545	19.081053
1.938483	1.6008916	10.653704	19.101624
1.9478387	1.5947706	10.653704	19.085167
1.938483	1.6025025	10.653704	19.085167
1.9416015	1.6018581	10.652864	19.105738
1.938483	1.6163554	10.654545	19.126308
1.9369237	1.6224766	10.652864	19.093395
1.9416015	1.6102344	10.653704	19.064596
1.9353645	1.6102344	10.655386	19.101624
1.9369237	1.6002473	10.653704	19.089281
1.9369237	1.5950927	10.654545	19.093395
1.9400423	1.5770515	10.652864	19.076939
1.9416015	1.5722191	10.652864	19.101624
1.9416015	1.5696418	10.654545	19.072824
1.9400423	1.5793067	10.653704	19.089281
1.938483	1.5712526	10.654545	19.060484
1.9369237	1.5815618	10.654545	19.097509
1.9416015	1.5880051	10.656226	19.064596
1.938483	1.5947706	10.655386	19.093395
1.938483	1.6028246	10.654545	19.093395
1.9338052	1.6079792	10.653704	19.122192
1.9431609	1.6099122	10.654545	19.076939
1.938483	1.6050798	10.654545	19.081053
1.938483	1.5909046	10.655386	19.064596
1.9431609	1.6002473	10.654545	19.089281
1.9400423	1.613456	10.655386	19.109852
1.9369237	1.6131338	10.653704	19.085167
1.9291275	1.5992808	10.654545	19.085167
1.9353645	1.59767	10.655386	19.126308
1.9369237	1.6092678	10.654545	19.113964
1.938483	1.5828505	10.654545	19.081053
1.938483	1.579951	10.653704	19.076939
1.9400423	1.5735078	10.653704	19.081053
1.938483	1.5693196	10.653704	19.068712
1.9353645	1.5667423	10.652864	19.068712
1.9369237	1.5738299	10.654545	19.076939
1.9306867	1.5828505	10.656226	19.113964
1.9353645	1.5831727	10.652864	19.085167
1.9353645	1.5905824	10.655386	19.097509
1.9353645	1.6041132	10.654545	19.076939
1.932246	1.58575	10.652864	19.060484
1.9353645	1.5925153	10.654545	19.081053
1.9338052	1.6018581	10.654545	19.081053
1.938483	1.6070127	10.654545	19.093395
1.9369237	1.5925153	10.656226	19.093395
1.9338052	1.6050798	10.652864	19.113964
1.932246	1.6028246	10.652864	19.076939
1.9306867	1.5999252	10.653704	19.093395
1.9338052	1.6037911	10.654545	19.113964
1.932246	1.6063684	10.654545	19.105738
1.9400423	1.6060462	10.652022	19.068712
1.9416015	1.6021802	10.654545	19.085167
1.9447201	1.5928376	10.654545	19.089281
1.932246	1.5886494	10.654545	19.081053
1.9400423	1.5889716	10.655386	19.097509
1.9369237	1.5892937	10.655386	19.085167
1.9369237	1.5883273	10.653704	19.081053
1.9353645	1.5841391	10.652864	19.105738
1.9306867	1.5851057	10.654545	19.052256
1.932246	1.5873607	10.654545	19.064596
1.9353645	1.5809175	10.652022	19.072824
1.9416015	1.579951	10.653704	19.081053
1.9338052	1.6041132	10.652864	19.105738
1.9353645	1.6118451	10.654545	19.109852
1.9353645	1.6163554	10.653704	19.11808
1.938483	1.6076571	10.653704	19.134537
1.9416015	1.6025025	10.652864	19.072824
1.9338052	1.5944483	10.654545	19.081053
1.9306867	1.5786624	10.655386	19.076939
1.9338052	1.5892937	10.654545	19.113964
1.938483	1.591871	10.653704	19.085167
1.9306867	1.5963813	10.653704	19.081053
1.9369237	1.6037911	10.653704	19.093395
1.932246	1.6092678	10.654545	19.105738
1.9275682	1.6066905	10.654545	19.081053
1.9353645	1.6008916	10.655386	19.060484
1.932246	1.5963813	10.654545	19.089281
1.932246	1.5870386	10.653704	19.113964
1.932246	1.5731856	10.653704	19.060484
1.9260088	1.568031	10.655386	19.085167
1.9306867	1.5677088	10.653704	19.097509
1.9306867	1.5767294	10.652022	19.122192
1.9260088	1.5925153	10.652864	19.097509
1.9275682	1.5925153	10.652022	19.068712
1.932246	1.5944483	10.655386	19.089281
1.9306867	1.6021802	10.653704	19.11808
1.9369237	1.5967035	10.653704	19.093395
1.9306867	1.6092678	10.654545	19.109852
1.9306867	1.6054019	10.654545	19.085167
1.9338052	1.5973479	10.654545	19.093395
1.932246	1.5963813	10.653704	19.076939
1.9338052	1.5973479	10.654545	19.064596
1.9338052	1.5999252	10.654545	19.085167
1.932246	1.6057241	10.654545	19.105738
1.9291275	1.5844613	10.654545	19.081053
1.9353645	1.6008916	10.654545	19.093395
1.9353645	1.5996029	10.656226	19.093395
1.9306867	1.5883273	10.655386	19.085167
1.9275682	1.5921932	10.654545	19.076939
1.932246	1.6005695	10.653704	19.109852
1.9353645	1.591871	10.654545	19.072824
1.9338052	1.5934819	10.654545	19.085167
1.9306867	1.5831727	10.655386	19.068712
1.9260088	1.5925153	10.653704	19.085167
1.9353645	1.59767	10.653704	19.060484
1.932246	1.5896159	10.654545	19.085167
1.9306867	1.595737	10.652864	19.072824
1.9291275	1.6050798	10.654545	19.064596
1.9306867	1.5883273	10.654545	19.052256
1.9260088	1.591871	10.652864	19.068712
1.9275682	1.6034689	10.653704	19.11808
1.9306867	1.6041132	10.653704	19.142763
1.9338052	1.5847834	10.654545	19.097509
1.9338052	1.5741521	10.654545	19.093395
1.9306867	1.5883273	10.654545	19.113964
1.9338052	1.5902603	10.656226	19.089281
1.9275682	1.5776958	10.654545	19.068712
1.9260088	1.5828505	10.654545	19.052256
1.9275682	1.5909046	10.652864	19.085167
1.932246	1.6083014	10.654545	19.113964
1.9260088	1.6099122	10.652864	19.097509
1.9306867	1.6141003	10.653704	19.093395
1.9275682	1.6108787	10.653704	19.093395
1.9306867	1.6205436	10.653704	19.101624
1.932246	1.6131338	10.655386	19.081053
1.9306867	1.5983143	10.654545	19.097509
1.9291275	1.5960592	10.653704	19.093395
1.9306867	1.5863943	10.654545	19.097509
1.921331	1.5841391	10.652864	19.089281
1.9275682	1.5912267	10.652022	19.101624
1.9291275	1.5815618	10.652864	19.113964
1.932246	1.5870386	10.653704	19.081053
1.932246	1.5925153	10.655386	19.085167
1.9275682	1.5825284	10.654545	19.076939
1.932246	1.587683	10.656226	19.101624
1.9306867	1.5912267	10.655386	19.085167
1.9244496	1.5947706	10.654545	19.093395
1.9306867	1.6005695	10.654545	19.089281
1.9306867	1.5921932	10.654545	19.113964
1.9244496	1.6037911	10.654545	19.081053
1.9244496	1.58575	10.653704	19.064596
1.932246	1.5925153	10.653704	19.048141
1.9260088	1.5944483	10.653704	19.11808
1.9275682	1.595737	10.655386	19.085167
1.9228903	1.5851057	10.654545	19.093395
1.9291275	1.587683	10.655386	19.105738
1.9291275	1.5802732	10.654545	19.097509
1.9228903	1.58575	10.654545	19.097509
1.9260088	1.5805954	10.655386	19.101624
1.9228903	1.5822061	10.654545	19.052256
1.9260088	1.5789845	10.654545	19.076939
1.921331	1.5996029	10.653704	19.101624
1.9244496	1.5979922	10.653704	19.097509
1.9260088	1.6002473	10.656226	19.060484
1.9244496	1.6192549	10.653704	19.097509
1.9260088	1.6050798	10.652022	19.072824
1.9244496	1.6025025	10.653704	19.085167
1.932246	1.615389	10.654545	19.101624
1.9260088	1.6079792	10.654545	19.072824
1.9275682	1.6160333	10.65118	19.113964
1.9275682	1.613456	10.652022	19.097509
1.9228903	1.6211879	10.653704	19.126308
1.9244496	1.6221544	10.654545	19.109852
1.921331	1.6037911	10.654545	19.093395
1.9228903	1.5847834	10.656226	19.064596
1.9275682	1.5831727	10.655386	19.081053
1.9275682	1.5889716	10.653704	19.072824
1.9244496	1.5773737	10.653704	19.072824
1.9228903	1.5854278	10.654545	19.085167
1.9244496	1.5973479	10.654545	19.093395
1.9244496	1.6070127	10.654545	19.105738
1.9291275	1.6041132	10.654545	19.093395
1.9244496	1.6028246	10.654545	19.097509
1.9275682	1.6044354	10.654545	19.064596
1.9260088	1.5915489	10.653704	19.068712
1.9244496	1.5931597	10.652022	19.064596
1.9291275	1.5954149	10.652022	19.072824
1.9260088	1.5915489	10.653704	19.101624
1.9275682	1.5831727	10.655386	19.093395
1.9244496	1.5751185	10.652864	19.105738
1.9244496	1.583817	10.654545	19.105738
1.9306867	1.5925153	10.652022	19.097509
1.9228903	1.5718969	10.653704	19.052256
1.9228903	1.5867164	10.655386	19.113964
1.9197718	1.5905824	10.654545	19.076939
1.9228903	1.6021802	10.652022	19.105738
1.9228903	1.6021802	10.653704	19.072824
1.9244496	1.6031468	10.654545	19.101624
1.9228903	1.6031468	10.652864	19.076939
1.9228903	1.6137781	10.653704	19.093395
1.9260088	1.6079792	10.654545	19.089281
1.9244496	1.6008916	10.654545	19.081053
1.9197718	1.6079792	10.653704	19.089281
1.9228903	1.6083014	10.652864	19.109852
1.921331	1.6012138	10.652022	19.101624
1.9182125	1.6095901	10.653704	19.130421
1.9244496	1.6031468	10.653704	19.101624
1.9275682	1.6015359	10.652864	19.093395
1.9244496	1.5950927	10.654545	19.064596
1.9228903	1.6079792	10.65118	19.097509
1.9197718	1.6079792	10.654545	19.081053
1.9228903	1.6070127	10.653704	19.081053
1.9244496	1.5947706	10.654545	19.072824
1.9244496	1.6028246	10.654545	19.11808
1.9182125	1.6144224	10.652864	19.101624
1.921331	1.5909046	10.652864	19.064596
1.9244496	1.593804	10.653704	19.081053
1.9244496	1.5979922	10.652864	19.081053
1.9182125	1.5950927	10.654545	19.060484
1.915094	1.5880051	10.654545	19.093395
1.921331	1.5847834	10.654545	19.097509
1.9244496	1.5963813	10.653704	19.134537
1.9197718	1.593804	10.653704	19.113964
1.9197718	1.5828505	10.652022	19.085167
1.9228903	1.5883273	10.653704	19.072824
1.9275682	1.5776958	10.653704	19.060484
1.9197718	1.5847834	10.654545	19.064596
1.921331	1.5851057	10.654545	19.076939
1.9244496	1.5986365	10.654545	19.101624
1.9166533	1.5983143	10.653704	19.130421
1.9197718	1.5828505	10.654545	19.068712
1.9197718	1.5967035	10.652022	19.081053
1.921331	1.5944483	10.655386	19.101624
1.921331	1.5996029	10.654545	19.093395
1.915094	1.5860721	10.654545	19.097509
1.921331	1.5934819	10.654545	19.081053
1.9244496	1.5950927	10.654545	19.093395
1.9197718	1.5831727	10.653704	19.089281
1.9244496	1.5925153	10.653704	19.093395
1.9197718	1.583817	10.654545	19.072824
1.9197718	1.587683	10.652864	19.089281
1.9197718	1.5767294	10.653704	19.064596
1.9228903	1.5722191	10.654545	19.085167
1.9197718	1.5915489	10.655386	19.076939
1.9244496	1.6054019	10.655386	19.113964
1.9260088	1.6073349	10.653704	19.122192
1.9166533	1.6121674	10.655386	19.101624
1.9182125	1.6141003	10.653704	19.105738
1.9244496	1.617322	10.654545	19.093395
1.921331	1.6086235	10.653704	19.081053
1.9182125	1.6008916	10.655386	19.101624
1.9182125	1.6070127	10.652864	19.113964
1.9228903	1.6012138	10.653704	19.081053
1.9244496	1.5912267	10.655386	19.093395
1.921331	1.5831727	10.652864	19.105738
1.9197718	1.5860721	10.654545	19.089281
1.9244496	1.5825284	10.65118	19.101624
1.9182125	1.5863943	10.654545	19.072824
1.915094	1.5915489	10.654545	19.081053
1.9197718	1.5925153	10.652864	19.093395
1.9197718	1.6060462	10.652864	19.093395
1.9197718	1.6179663	10.655386	19.093395
1.921331	1.6192549	10.654545	19.138649
1.9182125	1.6102344	10.653704	19.113964
1.9197718	1.6076571	10.652864	19.093395
1.9228903	1.617322	10.654545	19.101624
1.9166533	1.6054019	10.654545	19.101624
1.915094	1.59767	10.652022	19.064596
1.9228903	1.5992808	10.652864	19.097509
1.9182125	1.6083014	10.653704	19.097509
1.9119755	1.5925153	10.654545	19.109852
1.9182125	1.6028246	10.654545	19.101624
1.9182125	1.5983143	10.656226	19.089281
1.915094	1.5925153	10.653704	19.064596
1.9197718	1.5950927	10.655386	19.089281
1.921331	1.5912267	10.652864	19.097509
1.915094	1.5928376	10.652864	19.085167
1.9182125	1.5931597	10.653704	19.101624
1.921331	1.5999252	10.652022	19.138649
1.915094	1.6070127	10.653704	19.11808
1.9228903	1.5896159	10.655386	19.085167
1.9197718	1.5873607	10.654545	19.081053
1.9135348	1.5909046	10.654545	19.081053
1.915094	1.5960592	10.652022	19.093395
1.9182125	1.6099122	10.655386	19.089281
1.915094	1.5983143	10.652864	19.068712
1.915094	1.587683	10.654545	19.076939
1.9182125	1.5912267	10.654545	19.085167
1.9135348	1.5880051	10.652022	19.085167
1.921331	1.5793067	10.653704	19.072824
1.9182125	1.5764072	10.653704	19.085167
1.9182125	1.5770515	10.655386	19.072824
1.921331	1.58575	10.656226	19.097509
1.9182125	1.5851057	10.652864	19.064596
1.9166533	1.6031468	10.652864	19.085167
1.9135348	1.615389	10.654545	19.101624
1.9119755	1.6102344	10.654545	19.089281
1.9135348	1.5983143	10.653704	19.085167
1.9197718	1.6012138	10.653704	19.081053
1.9135348	1.593804	10.654545	19.113964
1.9182125	1.6050798	10.654545	19.093395
1.9228903	1.6031468	10.652864	19.093395
1.915094	1.6018581	10.654545	19.089281
1.915094	1.5863943	10.652022	19.072824
1.9135348	1.5677088	10.654545	19.060484
1.9119755	1.5954149	10.654545	19.11808
1.9166533	1.579951	10.655386	19.105738
1.9166533	1.5847834	10.653704	19.146877
1.9057384	1.6025025	10.655386	19.113964
1.9182125	1.6054019	10.653704	19.093395
1.9197718	1.5931597	10.652022	19.068712
1.9119755	1.5973479	10.652864	19.101624
1.9119755	1.6079792	10.654545	19.097509
1.9135348	1.6005695	10.656226	19.060484
1.9119755	1.6092678	10.654545	19.097509
1.9166533	1.617322	10.652864	19.122192
1.9135348	1.6182884	10.655386	19.081053
1.9166533	1.6176441	10.653704	19.068712
1.9119755	1.627309	10.653704	19.093395
1.9182125	1.6256982	10.653704	19.11808
1.9182125	1.59767	10.652864	19.081053
1.9135348	1.6050798	10.652864	19.126308
1.9197718	1.595737	10.653704	19.109852
1.915094	1.5828505	10.654545	19.130421
1.9182125	1.579951	10.654545	19.11808
1.921331	1.5789845	10.653704	19.093395
1.9104161	1.5934819	10.654545	19.109852
1.9135348	1.583817	10.654545	19.093395
1.9135348	1.5867164	10.652022	19.097509
1.915094	1.5963813	10.655386	19.101624
1.9119755	1.5950927	10.654545	19.093395
1.9119755	1.593804	10.652864	19.085167
1.9104161	1.5912267	10.653704	19.085167
1.9119755	1.6041132	10.65118	19.093395
1.915094	1.6018581	10.654545	19.060484
1.915094	1.5992808	10.653704	19.072824
1.9119755	1.5954149	10.654545	19.039913
1.9166533	1.593804	10.652864	19.101624
1.9119755	1.5963813	10.655386	19.109852
1.9119755	1.6105565	10.65118	19.146877
1.9119755	1.6137781	10.652022	19.105738
1.9072976	1.5883273	10.652022	19.081053
1.915094	1.5870386	10.654545	19.064596
1.9135348	1.5909046	10.654545	19.076939
1.9072976	1.587683	10.654545	19.076939
1.9119755	1.5825284	10.652864	19.076939
1.9088569	1.5983143	10.654545	19.11808
1.9088569	1.6105565	10.655386	19.109852
1.9119755	1.5963813	10.654545	19.093395
1.9088569	1.5834948	10.654545	19.072824
1.9135348	1.59767	10.653704	19.064596
1.9057384	1.5960592	10.655386	19.081053
1.9119755	1.5944483	10.655386	19.089281
1.9135348	1.5873607	10.654545	19.109852
1.9119755	1.5931597	10.655386	19.089281
1.9119755	1.5921932	10.653704	19.113964
1.9119755	1.5867164	10.652864	19.093395
1.9057384	1.5941262	10.653704	19.105738
1.9072976	1.6076571	10.654545	19.105738
1.9072976	1.6041132	10.653704	19.076939
1.9104161	1.5851057	10.654545	19.044027
1.9135348	1.5967035	10.654545	19.089281
1.9119755	1.5996029	10.652864	19.097509
1.9104161	1.6095901	10.652864	19.11808
1.9119755	1.6099122	10.654545	19.113964
1.915094	1.6131338	10.652864	19.093395
1.9104161	1.6137781	10.653704	19.068712
1.9119755	1.6018581	10.654545	19.064596
1.9088569	1.6018581	10.652864	19.109852
1.9104161	1.5915489	10.656226	19.072824
1.9104161	1.5854278	10.652864	19.097509
1.9119755	1.5844613	10.653704	19.068712
1.9072976	1.5880051	10.655386	19.11808
1.9072976	1.5776958	10.652022	19.093395
1.9119755	1.5944483	10.65118	19.089281
1.9104161	1.5921932	10.653704	19.093395
1.9135348	1.591871	10.655386	19.089281
1.915094	1.5854278	10.654545	19.081053
1.9119755	1.5928376	10.652864	19.109852
1.9088569	1.6092678	10.654545	19.11808
1.915094	1.6066905	10.652022	19.146877
1.915094	1.6089457	10.652864	19.101624
1.9057384	1.6186106	10.653704	19.093395
1.9135348	1.6124895	10.655386	19.072824
1.9119755	1.6182884	10.654545	19.093395
1.9119755	1.6157111	10.655386	19.097509
1.9119755	1.6037911	10.654545	19.085167
1.9057384	1.5970256	10.653704	19.097509
1.9104161	1.5947706	10.653704	19.11808
1.9104161	1.5892937	10.652022	19.122192
1.9104161	1.593804	10.653704	19.097509
1.9057384	1.5992808	10.653704	19.097509
1.9104161	1.5944483	10.653704	19.081053
1.9041791	1.6044354	10.654545	19.093395
1.9057384	1.6092678	10.654545	19.097509
1.9072976	1.6079792	10.652864	19.097509
1.9135348	1.5905824	10.654545	19.072824
1.9104161	1.5989586	10.655386	19.076939
1.9072976	1.5986365	10.655386	19.044027
1.9135348	1.5896159	10.653704	19.097509
1.9057384	1.5896159	10.654545	19.072824
1.9119755	1.579951	10.655386	19.076939
1.9104161	1.5854278	10.652022	19.081053
1.9135348	1.5812397	10.655386	19.101624
1.9088569	1.5780181	10.652022	19.089281
1.9057384	1.5822061	10.653704	19.105738
1.9104161	1.5812397	10.653704	19.085167
1.9041791	1.5912267	10.653704	19.109852
1.9104161	1.5947706	10.654545	19.11808
1.9057384	1.6015359	10.653704	19.113964
1.9072976	1.5979922	10.653704	19.060484
1.9010606	1.5912267	10.653704	19.085167
1.9010606	1.5931597	10.654545	19.089281
1.9072976	1.5915489	10.652864	19.081053
1.9104161	1.5921932	10.652022	19.085167
1.9041791	1.6112008	10.652864	19.11808
1.9057384	1.5915489	10.653704	19.068712
1.9026198	1.5915489	10.653704	19.101624
1.9072976	1.5941262	10.654545	19.085167
1.9041791	1.6083014	10.653704	19.113964
1.9072976	1.6005695	10.653704	19.097509
1.9072976	1.5896159	10.654545	19.097509
1.9041791	1.5883273	10.653704	19.064596
1.9057384	1.5912267	10.654545	19.093395
1.9072976	1.5960592	10.654545	19.097509
1.9088569	1.5805954	10.652864	19.085167
1.9010606	1.5815618	10.654545	19.072824
1.9010606	1.5934819	10.654545	19.085167
1.8995013	1.5960592	10.652022	19.093395
1.9010606	1.5915489	10.653704	19.085167
1.9119755	1.6063684	10.654545	19.101624
1.9104161	1.5979922	10.652864	19.109852
1.9088569	1.5883273	10.654545	19.081053
1.9026198	1.5986365	10.653704	19.109852
1.9041791	1.6211879	10.65118	19.109852
1.9026198	1.6066905	10.652864	19.072824
1.9041791	1.5925153	10.652864	19.093395
1.9026198	1.6054019	10.652864	19.134537
1.9041791	1.5950927	10.652864	19.097509
1.9026198	1.591871	10.654545	19.081053
1.9057384	1.583817	10.65118	19.085167
1.9041791	1.5896159	10.653704	19.105738
1.9010606	1.5992808	10.655386	19.089281
1.9026198	1.5896159	10.655386	19.076939
1.9057384	1.595737	10.653704	19.076939
1.9088569	1.5947706	10.653704	19.122192
1.9119755	1.6018581	10.656226	19.105738
1.9026198	1.6025025	10.652022	19.093395
1.9026198	1.6002473	10.654545	19.072824
1.9057384	1.6147447	10.653704	19.113964
1.9026198	1.617322	10.653704	19.076939
1.9026198	1.5983143	10.652864	19.072824
1.9010606	1.591871	10.653704	19.068712
1.9026198	1.5973479	10.652864	19.11808
1.9026198	1.5960592	10.655386	19.113964
1.9026198	1.591871	10.654545	19.11808
1.9026198	1.5921932	10.655386	19.101624
1.9026198	1.5928376	10.653704	19.068712
1.9026198	1.5925153	10.653704	19.068712
1.9010606	1.5896159	10.652022	19.076939
1.9057384	1.5905824	10.654545	19.048141
1.9010606	1.6057241	10.654545	19.109852
1.9041791	1.6105565	10.652864	19.105738
1.9057384	1.6031468	10.652022	19.101624
1.9057384	1.6070127	10.654545	19.109852
1.8963828	1.625376	10.653704	19.097509
1.9041791	1.6083014	10.653704	19.076939
1.9026198	1.6050798	10.654545	19.076939
1.9057384	1.5979922	10.655386	19.081053
1.9057384	1.6012138	10.652022	19.109852
1.9057384	1.5896159	10.654545	19.097509
1.9041791	1.5896159	10.654545	19.113964
1.9026198	1.5934819	10.655386	19.093395
1.9026198	1.5925153	10.654545	19.093395
1.8995013	1.5844613	10.654545	19.089281
1.9041791	1.587683	10.652864	19.076939
1.9088569	1.5896159	10.654545	19.064596
1.9041791	1.5802732	10.654545	19.064596
1.9010606	1.5780181	10.653704	19.081053
1.8979421	1.5886494	10.653704	19.097509
1.9026198	1.5873607	10.652022	19.093395
1.9026198	1.5728635	10.653704	19.072824
1.9010606	1.591871	10.654545	19.126308
1.8948234	1.5844613	10.654545	19.064596
1.9010606	1.5941262	10.654545	19.072824
1.9026198	1.5902603	10.652864	19.076939
1.9057384	1.59767	10.655386	19.093395
1.9057384	1.6105565	10.653704	19.101624
1.9057384	1.6028246	10.652022	19.081053
1.9010606	1.6008916	10.654545	19.093395
1.8995013	1.6063684	10.652022	19.130421
1.8995013	1.6037911	10.653704	19.064596
1.9026198	1.6037911	10.652022	19.101624
1.9010606	1.5954149	10.654545	19.076939
1.9026198	1.6034689	10.653704	19.113964
1.9041791	1.6028246	10.653704	19.076939
1.8995013	1.6108787	10.654545	19.109852
1.9057384	1.6066905	10.653704	19.093395
1.9026198	1.6083014	10.654545	19.093395
1.9026198	1.5992808	10.654545	19.081053
1.9057384	1.5912267	10.654545	19.085167
1.9010606	1.5960592	10.652022	19.089281
1.8995013	1.6121674	10.654545	19.126308
1.9026198	1.6124895	10.656226	19.109852
1.8963828	1.6131338	10.653704	19.085167
1.9010606	1.6028246	10.654545	19.089281
1.8979421	1.6002473	10.654545	19.089281
1.9010606	1.6002473	10.652864	19.097509
1.9010606	1.5870386	10.655386	19.093395
1.9026198	1.6050798	10.654545	19.113964
1.8948234	1.6057241	10.654545	19.122192
1.8979421	1.6028246	10.652864	19.097509
1.9026198	1.6099122	10.654545	19.11808
1.9026198	1.5954149	10.656226	19.089281
1.9010606	1.6112008	10.654545	19.109852
1.9026198	1.5915489	10.652864	19.093395
1.9026198	1.5786624	10.653704	19.068712
1.9010606	1.5776958	10.655386	19.060484
1.9010606	1.5886494	10.655386	19.072824
1.8995013	1.5873607	10.652022	19.089281
1.8979421	1.5847834	10.652864	19.072824
1.8979421	1.5880051	10.654545	19.072824
1.8995013	1.5912267	10.655386	19.085167
1.9041791	1.6012138	10.654545	19.109852
1.8995013	1.6034689	10.654545	19.105738
1.8948234	1.6079792	10.653704	19.093395
1.8948234	1.6079792	10.652864	19.093395
1.9010606	1.6073349	10.652864	19.101624
1.8979421	1.5970256	10.655386	19.060484
1.8963828	1.6028246	10.654545	19.101624
1.8963828	1.6054019	10.653704	19.089281
1.8995013	1.615389	10.652022	19.134537
1.8963828	1.6021802	10.653704	19.085167
1.8963828	1.58575	10.655386	19.064596
1.8995013	1.5928376	10.652022	19.076939
1.8995013	1.5960592	10.65118	19.081053
1.9026198	1.5860721	10.654545	19.072824
1.8932642	1.581884	10.652864	19.072824
1.8995013	1.6005695	10.652022	19.089281
1.9010606	1.5834948	10.654545	19.109852
1.8979421	1.5831727	10.655386	19.076939
1.8932642	1.5867164	10.652864	19.093395
1.8948234	1.5860721	10.653704	19.064596
1.8948234	1.5805954	10.652022	19.101624
1.8932642	1.5822061	10.654545	19.097509
1.8948234	1.5954149	10.653704	19.101624
1.8979421	1.5860721	10.653704	19.085167
1.8979421	1.5947706	10.652022	19.130421
1.8963828	1.5970256	10.653704	19.101624
1.8995013	1.5986365	10.654545	19.089281
1.8979421	1.6005695	10.652864	19.081053
1.8995013	1.5947706	10.654545	19.081053
1.8948234	1.5921932	10.654545	19.068712
1.8948234	1.5847834	10.653704	19.072824
1.8932642	1.5789845	10.655386	19.076939
1.8963828	1.5870386	10.654545	19.130421
1.9010606	1.5776958	10.652864	19.089281
1.8979421	1.5909046	10.653704	19.097509
1.8995013	1.5925153	10.653704	19.097509
1.8948234	1.5931597	10.653704	19.097509
1.9010606	1.6025025	10.655386	19.076939
1.9010606	1.6063684	10.652864	19.076939
1.8948234	1.6050798	10.653704	19.101624
1.8995013	1.6095901	10.652864	19.126308
1.8948234	1.6128117	10.653704	19.113964
1.8963828	1.5996029	10.653704	19.089281
1.8948234	1.6195771	10.655386	19.113964
1.8979421	1.6018581	10.653704	19.085167
1.8932642	1.6047575	10.652864	19.076939
1.8932642	1.5867164	10.656226	19.052256
1.8932642	1.5728635	10.654545	19.081053
1.8979421	1.5873607	10.653704	19.11808
1.8948234	1.5773737	10.652022	19.089281
1.8963828	1.5822061	10.653704	19.101624
1.8995013	1.5786624	10.652022	19.076939
1.8963828	1.5934819	10.654545	19.105738
1.8979421	1.5954149	10.655386	19.101624
1.9010606	1.5941262	10.653704	19.105738
1.8948234	1.59767	10.654545	19.081053
1.8932642	1.6131338	10.652864	19.113964
1.8932642	1.6089457	10.653704	19.089281
1.8917049	1.6092678	10.653704	19.105738
1.8979421	1.6141003	10.652864	19.085167
1.8963828	1.5986365	10.655386	19.068712
1.8932642	1.589938	10.653704	19.076939
1.8901457	1.6050798	10.652022	19.081053
1.8948234	1.5999252	10.654545	19.085167
1.8932642	1.593804	10.652022	19.089281
1.8948234	1.5963813	10.654545	19.101624
1.8948234	1.587683	10.653704	19.109852
1.8979421	1.5947706	10.654545	19.105738
1.8979421	1.5912267	10.654545	19.076939
1.8995013	1.5950927	10.652864	19.126308
1.9010606	1.5970256	10.653704	19.101624
1.8979421	1.5873607	10.654545	19.076939
1.8979421	1.5992808	10.653704	19.097509
1.8948234	1.6044354	10.655386	19.109852
1.8901457	1.6047575	10.654545	19.109852
1.8995013	1.5989586	10.653704	19.085167
1.8948234	1.59767	10.654545	19.072824
1.8948234	1.595737	10.653704	19.085167
1.8979421	1.5805954	10.653704	19.064596
1.9010606	1.593804	10.654545	19.093395
1.8948234	1.6008916	10.654545	19.093395
1.8948234	1.6012138	10.653704	19.113964
1.8932642	1.5963813	10.653704	19.109852
1.8932642	1.5915489	10.652864	19.097509
1.8917049	1.5999252	10.652864	19.113964
1.8901457	1.5960592	10.654545	19.113964
1.8917049	1.5905824	10.654545	19.076939
1.8932642	1.5722191	10.654545	19.068712
1.8901457	1.5741521	10.654545	19.064596
1.8963828	1.5738299	10.654545	19.11808
1.8885864	1.5921932	10.652864	19.11808
1.8901457	1.5883273	10.654545	19.089281
1.8948234	1.5841391	10.653704	19.089281
1.8901457	1.5992808	10.655386	19.076939
1.8932642	1.5989586	10.652864	19.093395
1.8979421	1.5844613	10.652864	19.076939
1.8901457	1.5963813	10.65118	19.093395
1.8901457	1.6018581	10.654545	19.105738
1.8932642	1.6002473	10.654545	19.093395
1.8963828	1.5886494	10.655386	19.093395
1.8995013	1.5996029	10.654545	19.101624
1.8901457	1.6083014	10.655386	19.109852
1.8948234	1.591871	10.653704	19.064596
1.8948234	1.593804	10.656226	19.085167
1.8932642	1.5967035	10.654545	19.081053
1.8917049	1.6005695	10.653704	19.113964
1.8948234	1.5902603	10.654545	19.085167
1.8948234	1.5905824	10.655386	19.105738
1.8917049	1.6008916	10.654545	19.101624
1.8901457	1.5886494	10.654545	19.093395
1.8932642	1.5886494	10.654545	19.11808
1.8901457	1.5834948	10.653704	19.072824
1.8948234	1.5873607	10.653704	19.085167
1.8932642	1.5925153	10.654545	19.085167
1.8870271	1.6137781	10.653704	19.130421
1.8901457	1.6031468	10.655386	19.105738
1.8948234	1.5892937	10.653704	19.085167
1.8870271	1.58575	10.654545	19.076939
1.8901457	1.5941262	10.654545	19.122192
1.8963828	1.6037911	10.654545	19.097509
1.8932642	1.6028246	10.654545	19.085167
1.8917049	1.6037911	10.653704	19.093395
1.8932642	1.6095901	10.652022	19.109852
1.8901457	1.6137781	10.652022	19.105738
1.8932642	1.617322	10.652864	19.093395
1.8901457	1.6083014	10.653704	19.122192
1.8901457	1.6179663	10.655386	19.138649
1.8885864	1.6083014	10.654545	19.076939
1.8917049	1.5989586	10.654545	19.089281
1.8917049	1.5999252	10.654545	19.085167
1.8854679	1.5925153	10.654545	19.093395
1.8917049	1.5915489	10.652022	19.093395
1.8917049	1.581884	10.653704	19.093395
1.8885864	1.5786624	10.653704	19.097509
1.8932642	1.5809175	10.655386	19.093395
1.8932642	1.5789845	10.654545	19.089281
1.8885864	1.5831727	10.652864	19.076939
1.8839087	1.5960592	10.654545	19.081053
1.8917049	1.595737	10.654545	19.105738
1.8917049	1.595737	10.653704	19.089281
1.8870271	1.6102344	10.654545	19.126308
1.8901457	1.6137781	10.653704	19.113964
1.8917049	1.6169997	10.653704	19.11808
1.8885864	1.593804	10.655386	19.068712
1.8854679	1.5912267	10.652022	19.064596
1.8917049	1.6015359	10.652864	19.089281
1.8870271	1.5954149	10.652022	19.11808
1.8901457	1.5860721	10.653704	19.101624
1.8917049	1.5909046	10.653704	19.113964
1.8901457	1.5909046	10.655386	19.081053
1.8901457	1.595737	10.652864	19.101624
1.8932642	1.5921932	10.654545	19.081053
1.8948234	1.5963813	10.654545	19.076939
1.8885864	1.6044354	10.654545	19.097509
1.8963828	1.5986365	10.652864	19.101624
1.8901457	1.6086235	10.654545	19.109852
1.8839087	1.5989586	10.652864	19.101624
1.8870271	1.5986365	10.652864	19.105738
1.8901457	1.5931597	10.654545	19.101624
1.8839087	1.6018581	10.654545	19.109852
1.8854679	1.589938	10.653704	19.068712
1.8917049	1.5731856	10.653704	19.060484
1.8870271	1.589938	10.653704	19.089281
1.8901457	1.5947706	10.654545	19.097509
1.8948234	1.5902603	10.653704	19.101624
1.8885864	1.5886494	10.654545	19.085167
1.8885864	1.5699639	10.652864	19.076939
1.8870271	1.5822061	10.655386	19.076939
1.8870271	1.5757629	10.653704	19.081053
1.8854679	1.5873607	10.654545	19.089281
1.8885864	1.6044354	10.653704	19.109852
1.8839087	1.5909046	10.652864	19.076939
1.8870271	1.5896159	10.655386	19.105738
1.8901457	1.5760851	10.654545	19.076939
1.8870271	1.5883273	10.653704	19.093395
1.8932642	1.6002473	10.653704	19.101624
1.8885864	1.6002473	10.653704	19.093395
1.8854679	1.6050798	10.654545	19.093395
1.8901457	1.6066905	10.652864	19.101624
1.8885864	1.6018581	10.65118	19.105738
1.8885864	1.5870386	10.652022	19.097509
1.8870271	1.5979922	10.652864	19.11808
1.8885864	1.5944483	10.654545	19.105738
1.8932642	1.581884	10.652022	19.109852
1.8854679	1.593804	10.653704	19.109852
1.8932642	1.5915489	10.655386	19.072824
1.8901457	1.5863943	10.652864	19.060484
1.8901457	1.5880051	10.657067	19.105738
1.8901457	1.5744742	10.654545	19.089281
1.8870271	1.5889716	10.654545	19.093395
1.8870271	1.5834948	10.656226	19.093395
1.8885864	1.5889716	10.654545	19.113964
1.8854679	1.5934819	10.654545	19.081053
1.8839087	1.5873607	10.652864	19.081053
1.8823495	1.5844613	10.655386	19.093395
1.8917049	1.5805954	10.654545	19.085167
1.8917049	1.5780181	10.653704	19.072824
1.8839087	1.5880051	10.652864	19.101624
1.8870271	1.5851057	10.652022	19.093395
1.8870271	1.5970256	10.654545	19.146877
1.8839087	1.6102344	10.653704	19.109852
1.8870271	1.6070127	10.654545	19.076939
1.8854679	1.5931597	10.653704	19.093395
1.8870271	1.5805954	10.654545	19.072824
1.8885864	1.5873607	10.653704	19.093395
1.8870271	1.59767	10.654545	19.11808
1.8854679	1.59767	10.654545	19.122192
1.8839087	1.5867164	10.653704	19.109852
1.8807902	1.6025025	10.655386	19.085167
1.8854679	1.5973479	10.652864	19.085167
1.8854679	1.6034689	10.652022	19.109852
1.8885864	1.5989586	10.652864	19.064596
1.8854679	1.6089457	10.654545	19.072824
1.8839087	1.6034689	10.656226	19.081053
1.8901457	1.6092678	10.652022	19.097509
1.8854679	1.6025025	10.653704	19.085167
1.8870271	1.6163554	10.654545	19.093395
1.8807902	1.6182884	10.654545	19.109852
1.8839087	1.5805954	10.653704	19.085167
1.8839087	1.5809175	10.654545	19.085167
1.8870271	1.5718969	10.652864	19.052256
1.8807902	1.5625542	10.652022	19.068712
1.8885864	1.5702862	10.653704	19.101624
1.8839087	1.5831727	10.652864	19.11808
1.8807902	1.5854278	10.654545	19.093395
1.8870271	1.5973479	10.652022	19.097509
1.8948234	1.5902603	10.653704	19.081053
1.8870271	1.5931597	10.655386	19.076939
1.8823495	1.5870386	10.654545	19.089281
1.8823495	1.5934819	10.653704	19.085167
1.8885864	1.5854278	10.654545	19.085167
1.8854679	1.59767	10.653704	19.093395
1.8807902	1.5941262	10.652864	19.113964
1.8870271	1.5747964	10.654545	19.089281
1.8807902	1.5764072	10.655386	19.101624
1.8870271	1.581884	10.653704	19.105738
1.8854679	1.5773737	10.652864	19.113964
1.8823495	1.5744742	10.654545	19.081053
1.8870271	1.5747964	10.656226	19.085167
1.8870271	1.5915489	10.652864	19.105738
1.8870271	1.5947706	10.652022	19.113964
1.8823495	1.6018581	10.654545	19.089281
1.8807902	1.6060462	10.652864	19.109852
1.8839087	1.6118451	10.654545	19.089281
1.8823495	1.6037911	10.653704	19.105738
1.8885864	1.5992808	10.655386	19.085167
1.8823495	1.6182884	10.654545	19.097509
1.8870271	1.6137781	10.652864	19.076939
1.8823495	1.6070127	10.654545	19.126308
1.8854679	1.59767	10.653704	19.109852
1.8870271	1.5873607	10.654545	19.085167
1.8761123	1.59767	10.655386	19.097509
1.8823495	1.5886494	10.655386	19.093395
1.8854679	1.5950927	10.654545	19.105738
1.8839087	1.6076571	10.654545	19.105738
1.8870271	1.6102344	10.654545	19.11808
1.8776717	1.6128117	10.652864	19.113964
1.8823495	1.6150668	10.654545	19.11808
1.8839087	1.6121674	10.656226	19.089281
1.8807902	1.59767	10.652864	19.081053
1.879231	1.5954149	10.654545	19.097509
1.8839087	1.6066905	10.652022	19.105738
1.8854679	1.6047575	10.652864	19.076939
1.8807902	1.5963813	10.653704	19.068712
1.8761123	1.6054019	10.655386	19.122192
1.8870271	1.5928376	10.655386	19.085167
1.8807902	1.589938	10.652022	19.097509
1.8854679	1.5783402	10.654545	19.081053
1.8807902	1.5863943	10.653704	19.105738
1.8761123	1.5921932	10.653704	19.093395
1.8807902	1.5931597	10.653704	19.093395
1.8761123	1.5883273	10.653704	19.085167
1.879231	1.5844613	10.652864	19.093395
1.8807902	1.59767	10.653704	19.11808
1.8823495	1.5912267	10.653704	19.093395
1.8839087	1.59767	10.654545	19.068712
1.8839087	1.6002473	10.653704	19.081053
1.8823495	1.5947706	10.652864	19.076939
1.8839087	1.6008916	10.653704	19.072824
1.8823495	1.6089457	10.653704	19.122192
1.8807902	1.6076571	10.652022	19.113964
1.879231	1.6041132	10.655386	19.101624
1.8776717	1.5860721	10.654545	19.064596
1.8823495	1.595737	10.652864	19.11808
1.8776717	1.5709305	10.653704	19.072824
1.8870271	1.5728635	10.654545	19.068712
1.879231	1.5741521	10.653704	19.072824
1.8854679	1.5735078	10.652864	19.076939
1.8870271	1.5822061	10.65118	19.101624
1.8854679	1.5796288	10.655386	19.081053
1.8870271	1.6005695	10.654545	19.130421
1.8854679	1.6028246	10.653704	19.093395
1.879231	1.5912267	10.654545	19.097509
1.8761123	1.6037911	10.654545	19.11808
1.8839087	1.5912267	10.654545	19.052256
1.8839087	1.5973479	10.653704	19.081053
1.8823495	1.581884	10.655386	19.085167
1.8776717	1.5863943	10.654545	19.089281
1.8823495	1.5909046	10.652864	19.11808
1.8839087	1.5886494	10.656226	19.081053
1.8745531	1.568031	10.654545	19.076939
1.8807902	1.5863943	10.654545	19.113964
1.8807902	1.6008916	10.655386	19.105738
1.8807902	1.595737	10.654545	19.068712
1.8839087	1.6002473	10.654545	19.081053
1.8807902	1.593804	10.652864	19.109852
1.8823495	1.5944483	10.652864	19.101624
1.8761123	1.6070127	10.654545	19.097509
1.8823495	1.5921932	10.654545	19.068712
1.8807902	1.6034689	10.654545	19.122192
1.8807902	1.6031468	10.654545	19.085167
1.8807902	1.6070127	10.654545	19.105738
1.8745531	1.6099122	10.654545	19.076939
1.8807902	1.611523	10.653704	19.11808
1.8823495	1.5963813	10.655386	19.081053
1.879231	1.5979922	10.657067	19.105738
1.8807902	1.5928376	10.652864	19.081053
1.8823495	1.5870386	10.652864	19.11808
1.8776717	1.5757629	10.653704	19.064596
1.8776717	1.5863943	10.653704	19.085167
1.8807902	1.5844613	10.654545	19.048141
1.8807902	1.5912267	10.654545	19.126308
1.8776717	1.5805954	10.653704	19.085167
1.8839087	1.5989586	10.654545	19.093395
1.879231	1.6073349	10.652022	19.105738
1.8870271	1.617322	10.652864	19.109852
1.8807902	1.6150668	10.653704	19.101624
1.879231	1.613456	10.654545	19.085167
1.8885864	1.6031468	10.653704	19.085167
1.8807902	1.6102344	10.653704	19.126308
1.8745531	1.6131338	10.656226	19.093395
1.8807902	1.6208657	10.654545	19.11808
1.8839087	1.5947706	10.654545	19.072824
1.8729938	1.5950927	10.653704	19.11808
1.8761123	1.587683	10.654545	19.064596
1.8854679	1.59767	10.654545	19.089281
1.8807902	1.5847834	10.653704	19.068712
1.8807902	1.5905824	10.652864	19.089281
1.8807902	1.5883273	10.652864	19.081053
1.8807902	1.5786624	10.655386	19.085167
1.879231	1.5754408	10.652864	19.085167
1.8761123	1.5754408	10.654545	19.089281
1.8807902	1.583817	10.654545	19.085167
1.8776717	1.5905824	10.652022	19.109852
1.8729938	1.6012138	10.652022	19.085167
1.8776717	1.5999252	10.652864	19.072824
1.8807902	1.6047575	10.652022	19.109852
1.879231	1.6131338	10.652022	19.11808
1.8823495	1.6079792	10.654545	19.097509
1.8745531	1.6063684	10.652022	19.109852
1.8807902	1.591871	10.653704	19.097509
1.8714346	1.6099122	10.652864	19.097509
1.8776717	1.6018581	10.652864	19.085167
1.8807902	1.5892937	10.654545	19.060484
1.8776717	1.6012138	10.654545	19.076939
1.8870271	1.6076571	10.654545	19.081053
1.8776717	1.6044354	10.653704	19.093395
1.8729938	1.6050798	10.656226	19.109852
1.8776717	1.6018581	10.654545	19.126308
1.879231	1.6079792	10.652022	19.122192
1.8807902	1.5963813	10.653704	19.097509
1.8761123	1.595737	10.654545	19.105738
1.8839087	1.5960592	10.652864	19.113964
1.879231	1.5989586	10.653704	19.105738
1.8761123	1.5883273	10.65118	19.093395
1.8807902	1.5828505	10.652864	19.081053
1.8776717	1.5931597	10.655386	19.126308
1.8807902	1.5973479	10.652864	19.101624
1.8807902	1.6050798	10.654545	19.076939
1.8823495	1.6076571	10.652864	19.076939
1.879231	1.5970256	10.654545	19.072824
1.8761123	1.6066905	10.653704	19.105738
1.8761123	1.6092678	10.652022	19.101624
1.8698753	1.611523	10.654545	19.126308
1.8776717	1.5947706	10.654545	19.113964
1.8745531	1.6070127	10.65118	19.101624
1.8745531	1.6112008	10.653704	19.105738
1.8776717	1.6095901	10.653704	19.097509
1.8761123	1.6031468	10.656226	19.085167
1.8807902	1.5860721	10.654545	19.056368
1.8745531	1.59767	10.655386	19.113964
1.8776717	1.58575	10.654545	19.093395
1.8776717	1.5867164	10.65118	19.109852
1.8761123	1.5744742	10.654545	19.064596
1.879231	1.5776958	10.653704	19.097509
1.8714346	1.5854278	10.655386	19.081053
1.8761123	1.5809175	10.652864	19.064596
1.8761123	1.5902603	10.653704	19.068712
1.8745531	1.5867164	10.654545	19.081053
1.8776717	1.6089457	10.655386	19.11808
1.8761123	1.5947706	10.655386	19.105738
1.8761123	1.6102344	10.654545	19.101624
1.8698753	1.6163554	10.654545	19.113964
1.8745531	1.6102344	10.653704	19.097509
1.8776717	1.6144224	10.652022	19.101624
1.8807902	1.6092678	10.652864	19.085167
1.8807902	1.613456	10.652022	19.101624
1.8776717	1.6002473	10.654545	19.081053
1.8761123	1.6005695	10.654545	19.101624
1.8761123	1.6095901	10.653704	19.105738
1.879231	1.6008916	10.654545	19.085167
1.8761123	1.6057241	10.652864	19.064596
1.8729938	1.6057241	10.652864	19.072824
1.8745531	1.6092678	10.652864	19.142763
1.8807902	1.5983143	10.652864	19.085167
1.8776717	1.6066905	10.652022	19.130421
1.879231	1.6028246	10.653704	19.109852
1.879231	1.6037911	10.655386	19.113964
1.8667568	1.5954149	10.653704	19.105738
1.8761123	1.6108787	10.652022	19.113964
1.8761123	1.6028246	10.652864	19.097509
1.8761123	1.591871	10.653704	19.097509
1.8745531	1.5934819	10.652022	19.085167
1.8745531	1.591871	10.654545	19.076939
1.8745531	1.5834948	10.653704	19.064596
1.8714346	1.5896159	10.653704	19.122192
1.8745531	1.5883273	10.653704	19.072824
1.8761123	1.5844613	10.654545	19.076939
1.8729938	1.5873607	10.653704	19.068712
1.8667568	1.5815618	10.65118	19.113964
1.8714346	1.5815618	10.653704	19.072824
1.8745531	1.5722191	10.652864	19.093395
1.8729938	1.5831727	10.653704	19.11808
1.8776717	1.6028246	10.653704	19.15922
1.8698753	1.6141003	10.653704	19.113964
1.8745531	1.6244096	10.652864	19.130421
1.8729938	1.6166776	10.654545	19.060484
1.8745531	1.6144224	10.653704	19.093395
1.8729938	1.6047575	10.653704	19.081053
1.8729938	1.59767	10.653704	19.085167
1.8761123	1.5896159	10.654545	19.085167
1.8745531	1.5896159	10.652864	19.122192
1.8729938	1.58575	10.654545	19.089281
1.8776717	1.5783402	10.654545	19.072824
1.8761123	1.5902603	10.655386	19.109852
1.8714346	1.5844613	10.652864	19.089281
1.8807902	1.5851057	10.652864	19.085167
1.8776717	1.5854278	10.654545	19.076939
1.8698753	1.5805954	10.65118	19.068712
1.8776717	1.5905824	10.654545	19.109852
1.8729938	1.6028246	10.654545	19.101624
1.8745531	1.6018581	10.652864	19.113964
1.8714346	1.6205436	10.655386	19.109852
1.8698753	1.6070127	10.654545	19.072824
1.8745531	1.6037911	10.655386	19.085167
1.8729938	1.6112008	10.652864	19.085167
1.8714346	1.5931597	10.654545	19.085167
1.8698753	1.6021802	10.654545	19.146877
1.8714346	1.59767	10.652022	19.085167
1.8714346	1.5999252	10.653704	19.101624
1.8745531	1.5944483	10.654545	19.093395
1.8729938	1.5905824	10.654545	19.085167
1.8745531	1.6002473	10.652022	19.093395
1.8714346	1.5950927	10.652864	19.085167
1.8698753	1.5947706	10.653704	19.076939
1.8761123	1.5925153	10.652864	19.11808
1.8776717	1.6121674	10.652022	19.146877
1.8729938	1.6131338	10.654545	19.097509
1.8729938	1.6079792	10.654545	19.11808
1.8729938	1.6166776	10.652022	19.113964
1.8683161	1.6208657	10.654545	19.113964
1.8745531	1.6279534	10.652022	19.113964
1.8698753	1.6102344	10.653704	19.093395
