Fout	Lin	Lout	sono
1.6250705	0.53098881	4.7442164	15.946167
1.6250705	0.85959464	4.7425351	15.974966
1.6235113	1.0593356	4.7458982	15.954395
1.6297482	1.1785358	4.7442164	15.966738
1.6344261	1.2568214	4.7450576	15.95851
1.6250705	1.2993469	4.7425351	15.95851
1.6188335	1.3244756	4.7450576	15.950282
1.6235113	1.3228649	4.7442164	15.962624
1.628189	1.3331741	4.7442164	15.933826
1.6266297	1.3383287	4.7450576	15.974966
1.6235113	1.3376844	4.7442164	15.946167
1.6235113	1.3460606	4.7450576	15.974966
1.6297482	1.340906	4.7433758	15.979079
1.6266297	1.3702228	4.7442164	16.036676
1.6235113	1.3747331	4.7450576	15.991423
1.6203928	1.3608801	4.7442164	15.974966
1.6250705	1.3454163	4.7442164	16.003763
1.6266297	1.3473493	4.7442164	15.966738
1.6250705	1.3357514	4.7442164	15.950282
1.6219521	1.3434833	4.7475801	15.966738
1.6235113	1.3415504	4.7467394	15.979079
1.628189	1.3534703	4.7458982	15.970852
1.6219521	1.3499266	4.7458982	15.966738
1.6266297	1.3605579	4.7458982	16.011992
1.6219521	1.3392951	4.7450576	15.950282
1.628189	1.3373622	4.7450576	15.966738
1.6266297	1.34896	4.7458982	15.966738
1.6235113	1.3341405	4.7450576	15.933826
1.628189	1.3322076	4.7450576	15.950282
1.6250705	1.319321	4.7433758	15.966738
1.6219521	1.3325298	4.7442164	15.987308
1.628189	1.3421947	4.7458982	15.95851
1.6313075	1.3331741	4.7450576	15.966738
1.6235113	1.3560476	4.7433758	16.011992
1.6235113	1.3334962	4.7450576	15.946167
1.6250705	1.3402617	4.7442164	15.974966
1.6219521	1.3512152	4.7425351	15.979079
1.6266297	1.3579806	4.7442164	15.979079
1.6235113	1.3525039	4.7442164	15.979079
1.6235113	1.340906	4.7458982	15.954395
1.628189	1.3550812	4.7458982	15.987308
1.6266297	1.340906	4.7442164	15.966738
1.6266297	1.3434833	4.7442164	15.987308
1.6250705	1.3286638	4.7458982	15.950282
1.6219521	1.3322076	4.7442164	15.974966
1.6266297	1.342839	4.7458982	15.95851
1.6203928	1.3557255	4.7442164	15.995536
1.6297482	1.3502487	4.7450576	15.991423
1.6297482	1.3583028	4.7433758	15.983194
1.6266297	1.3512152	4.7442164	15.95851
1.6235113	1.354759	4.7450576	15.979079
1.6250705	1.3544369	4.7442164	15.954395
1.6266297	1.3518596	4.7450576	15.970852
1.6235113	1.3486379	4.7450576	15.966738
1.6235113	1.3376844	4.7442164	15.954395
1.6219521	1.3425168	4.7450576	15.966738
1.6219521	1.3525039	4.7433758	15.954395
1.6235113	1.3537925	4.7442164	15.974966
1.6250705	1.3392951	4.7450576	15.933826
1.6266297	1.3450941	4.7450576	15.95851
1.6297482	1.3570142	4.7475801	15.946167
1.6203928	1.3434833	4.7450576	15.950282
1.6235113	1.3525039	4.7433758	15.979079
1.628189	1.3541147	4.7433758	15.983194
1.6266297	1.3615245	4.7458982	15.987308
1.6266297	1.3360735	4.7458982	15.950282
1.6266297	1.3228649	4.7450576	15.942054
1.6266297	1.3228649	4.7450576	15.954395
1.628189	1.3315632	4.7450576	15.979079
1.6266297	1.3344628	4.7442164	15.970852
1.6235113	1.3351071	4.7450576	15.954395
1.6266297	1.3515373	4.7442164	16.007879
1.6297482	1.3505709	4.7442164	15.962624
1.6266297	1.3612022	4.7442164	15.987308
1.628189	1.3641018	4.7442164	15.970852
1.6313075	1.3444498	4.7450576	15.946167
1.6219521	1.3383287	4.7433758	15.966738
1.628189	1.3309189	4.7450576	15.95851
1.6250705	1.3305968	4.7450576	15.950282
1.6235113	1.3302746	4.7433758	15.962624
1.6313075	1.3347849	4.7458982	15.974966
1.6250705	1.3312411	4.7442164	15.979079
1.6235113	1.3415504	4.7450576	15.983194
1.6250705	1.3383287	4.7442164	15.954395
1.6219521	1.346705	4.7458982	15.966738
1.6266297	1.3486379	4.7450576	16.003763
1.6250705	1.3695785	4.7433758	15.983194
1.6266297	1.3702228	4.7450576	15.987308
1.6235113	1.3747331	4.7442164	16.011992
1.6203928	1.3779547	4.7442164	16.007879
1.6235113	1.3631352	4.7433758	15.962624
1.6266297	1.3615245	4.7433758	15.962624
1.6250705	1.3460606	4.7450576	15.991423
1.6266297	1.3341405	4.7450576	15.962624
1.6250705	1.3399395	4.7425351	15.95851
1.628189	1.3537925	4.7458982	15.987308
1.6250705	1.3624909	4.7475801	15.995536
1.6219521	1.3689342	4.7450576	15.991423
1.6219521	1.3731223	4.7425351	16.003763
1.6266297	1.3711894	4.7442164	15.966738
1.6266297	1.3589472	4.7442164	15.962624
1.6203928	1.3341405	4.7442164	15.933826
1.6266297	1.3296303	4.7450576	15.987308
1.6203928	1.3418725	4.7458982	15.970852
1.6266297	1.3450941	4.7433758	16.003763
1.6250705	1.3438054	4.7433758	15.966738
1.6219521	1.3641018	4.7450576	15.991423
1.6203928	1.3644239	4.7458982	15.966738
1.6250705	1.3608801	4.7433758	15.970852
1.6203928	1.3425168	4.7433758	15.974966
1.6219521	1.3479936	4.7433758	15.954395
1.6235113	1.3515373	4.7458982	15.954395
1.6203928	1.3425168	4.7433758	15.974966
1.6266297	1.3525039	4.7442164	15.99965
1.628189	1.3486379	4.7450576	15.970852
1.6266297	1.354759	4.7458982	15.983194
1.6219521	1.3418725	4.7450576	15.983194
1.6235113	1.340906	4.7433758	15.970852
1.6235113	1.3370401	4.7425351	15.95851
1.6219521	1.3322076	4.7433758	15.974966
1.6266297	1.3479936	4.7450576	15.974966
1.6266297	1.3444498	4.7442164	15.966738
1.6266297	1.3641018	4.7442164	15.966738
1.628189	1.3718337	4.7450576	15.995536
1.6219521	1.3766661	4.7433758	15.983194
1.6266297	1.3808542	4.7442164	15.987308
1.6250705	1.3679677	4.7450576	15.979079
1.6203928	1.3628131	4.7442164	15.979079
1.6203928	1.3399395	4.7442164	15.95851
1.6235113	1.3460606	4.7450576	15.983194
1.628189	1.346705	4.7450576	15.970852
1.6219521	1.344772	4.7467394	15.95851
1.6219521	1.3560476	4.7458982	15.966738
1.6203928	1.350893	4.7442164	15.954395
1.6235113	1.34896	4.7458982	15.954395
1.6235113	1.3595915	4.7450576	15.954395
1.6219521	1.3373622	4.7450576	15.950282
1.6250705	1.3608801	4.7433758	15.99965
1.6266297	1.3531482	4.7450576	15.987308
1.6235113	1.3657125	4.7433758	15.991423
1.6188335	1.3631352	4.7442164	16.007879
1.6250705	1.3608801	4.7442164	15.979079
1.6203928	1.3686121	4.7425351	15.983194
1.6235113	1.3579806	4.7433758	15.974966
1.6219521	1.3628131	4.7433758	15.979079
1.6235113	1.3541147	4.7442164	15.991423
1.6266297	1.3502487	4.7450576	15.983194
1.6250705	1.3386508	4.7450576	15.95851
1.628189	1.3412281	4.7450576	15.970852
1.6250705	1.3502487	4.7442164	15.970852
1.6219521	1.3363957	4.7450576	15.970852
1.6203928	1.3267308	4.7458982	15.93794
1.6250705	1.3328519	4.7442164	15.970852
1.6266297	1.3386508	4.7450576	15.962624
1.6219521	1.3460606	4.7425351	16.003763
1.628189	1.3457384	4.7433758	15.974966
1.6235113	1.3573363	4.7425351	15.987308
1.6250705	1.3728001	4.7450576	15.987308
1.6250705	1.3624909	4.7450576	15.950282
1.6235113	1.3496044	4.7442164	15.974966
1.6250705	1.3438054	4.7433758	15.991423
1.6250705	1.3595915	4.7442164	15.983194
1.6219521	1.3515373	4.7458982	15.970852
1.6266297	1.3473493	4.7458982	15.979079
1.6235113	1.3573363	4.7450576	16.024334
1.6235113	1.3631352	4.7442164	15.974966
1.6250705	1.3641018	4.7425351	15.979079
1.6219521	1.3328519	4.7442164	15.95851
1.6250705	1.3418725	4.7433758	15.95851
1.6266297	1.3402617	4.7442164	15.979079
1.6250705	1.3344628	4.7442164	15.954395
1.6203928	1.3247979	4.7458982	15.970852
1.6297482	1.3360735	4.7450576	15.966738
1.6203928	1.3457384	4.7442164	15.970852
1.6219521	1.3602358	4.7442164	15.983194
1.6250705	1.3599136	4.7442164	15.962624
1.6266297	1.3579806	4.7450576	15.966738
1.628189	1.3595915	4.7450576	15.95851
1.6172743	1.3444498	4.7450576	15.950282
1.6266297	1.350893	4.7442164	15.983194
1.6235113	1.3363957	4.7450576	15.974966
1.6250705	1.3415504	4.7433758	16.003763
1.6313075	1.340906	4.7450576	15.962624
1.6235113	1.3412281	4.7450576	15.970852
1.6235113	1.3512152	4.7450576	15.954395
1.6250705	1.346705	4.7450576	15.95851
1.6250705	1.356692	4.7433758	15.962624
1.6250705	1.3312411	4.7467394	15.942054
1.6266297	1.3438054	4.7450576	15.979079
1.6266297	1.3473493	4.7442164	15.954395
1.6203928	1.34896	4.7433758	15.95851
1.6219521	1.344772	4.7442164	15.962624
1.6219521	1.3476714	4.7458982	15.950282
1.6203928	1.3695785	4.7442164	15.962624
1.6235113	1.3537925	4.7450576	15.95851
1.6203928	1.3525039	4.7442164	15.974966
1.6172743	1.3602358	4.7425351	15.991423
1.6188335	1.340906	4.7442164	15.974966
1.6219521	1.3657125	4.7442164	15.991423
1.6250705	1.3492823	4.7450576	15.970852
1.628189	1.3473493	4.7442164	15.974966
1.628189	1.350893	4.7425351	15.99965
1.6250705	1.3554033	4.7450576	15.974966
1.6235113	1.3595915	4.7450576	15.983194
1.6250705	1.3405838	4.7442164	15.970852
1.6235113	1.3302746	4.7442164	15.983194
1.6203928	1.3505709	4.7442164	15.987308
1.6188335	1.3615245	4.7467394	15.979079
1.6266297	1.3637795	4.7433758	15.987308
1.6250705	1.3676455	4.7450576	15.991423
1.6203928	1.3657125	4.7433758	15.983194
1.6235113	1.3689342	4.7433758	15.970852
1.6250705	1.3563699	4.7458982	16.003763
1.6203928	1.3280195	4.7458982	15.942054
1.6235113	1.3280195	4.7467394	15.95851
1.6250705	1.3357514	4.7442164	15.979079
1.6219521	1.3483157	4.7433758	15.99965
1.6235113	1.3444498	4.7433758	15.974966
1.6250705	1.3473493	4.7442164	15.942054
1.6250705	1.3679677	4.7458982	16.003763
1.628189	1.3657125	4.7458982	15.970852
1.6203928	1.350893	4.7433758	15.970852
1.6313075	1.3450941	4.7433758	15.979079
1.6235113	1.3583028	4.7442164	15.970852
1.6235113	1.3534703	4.7450576	15.962624
1.6250705	1.3631352	4.7450576	15.99965
1.6250705	1.3515373	4.7425351	15.983194
1.6266297	1.34896	4.7442164	15.970852
1.6250705	1.352826	4.7450576	15.950282
1.6266297	1.3624909	4.7442164	16.007879
1.6250705	1.3544369	4.7433758	15.970852
1.6235113	1.3525039	4.7450576	15.991423
1.6250705	1.3637795	4.7433758	15.983194
1.6266297	1.3431611	4.7458982	15.983194
1.6235113	1.3351071	4.7450576	15.946167
1.6235113	1.3273752	4.7450576	15.979079
1.6250705	1.3441277	4.7433758	15.99965
1.628189	1.3608801	4.7442164	15.99965
1.6250705	1.3557255	4.7442164	15.979079
1.628189	1.370545	4.7433758	15.987308
1.6313075	1.370545	4.7425351	15.987308
1.628189	1.3798877	4.7450576	15.987308
1.6266297	1.3592693	4.7442164	15.954395
1.6235113	1.3473493	4.7458982	15.946167
1.6203928	1.3589472	4.7425351	15.970852
1.6235113	1.3496044	4.7450576	15.95851
1.6235113	1.3373622	4.7450576	15.954395
1.6203928	1.3380065	4.7450576	15.954395
1.6250705	1.32512	4.7458982	15.93794
1.6235113	1.3450941	4.7450576	15.95851
1.6266297	1.3518596	4.7467394	15.974966
1.6266297	1.3444498	4.7458982	15.93794
1.6188335	1.3325298	4.7458982	15.933826
1.6235113	1.3431611	4.7433758	15.95851
1.6235113	1.3444498	4.7442164	15.93794
1.6203928	1.3425168	4.7433758	15.950282
1.6250705	1.3418725	4.7425351	15.962624
1.6203928	1.3531482	4.7450576	16.003763
1.6203928	1.3502487	4.7450576	15.954395
1.6203928	1.352826	4.7450576	15.974966
1.6250705	1.350893	4.7433758	15.995536
1.6203928	1.3476714	4.7433758	15.970852
1.6266297	1.3441277	4.7442164	15.979079
1.6266297	1.3312411	4.7450576	15.970852
1.6235113	1.3438054	4.7425351	15.99965
1.6203928	1.3293082	4.7442164	15.974966
1.6250705	1.340906	4.7433758	15.974966
1.6219521	1.3383287	4.7467394	15.95851
1.6203928	1.3312411	4.7442164	15.95851
1.6297482	1.3515373	4.7425351	15.991423
1.6235113	1.3537925	4.7425351	15.979079
1.6235113	1.3541147	4.7442164	15.970852
1.6219521	1.3444498	4.7467394	15.954395
1.6266297	1.3380065	4.7458982	15.954395
1.6219521	1.340906	4.7450576	15.987308
1.6235113	1.3318855	4.7442164	15.954395
1.6203928	1.3531482	4.7433758	15.970852
1.6235113	1.3525039	4.7442164	15.974966
1.6219521	1.3537925	4.7433758	15.991423
1.6203928	1.3515373	4.7433758	15.983194
1.6219521	1.3586249	4.7467394	15.966738
1.6219521	1.3586249	4.7450576	15.99965
1.628189	1.3334962	4.7433758	15.970852
1.6219521	1.3454163	4.7442164	15.974966
1.6235113	1.3518596	4.7433758	15.970852
1.6235113	1.3438054	4.7442164	15.970852
1.6250705	1.3331741	4.7442164	15.962624
1.6172743	1.3438054	4.7442164	15.974966
1.6235113	1.3534703	4.7442164	15.966738
1.6219521	1.3576585	4.7450576	15.983194
1.6250705	1.3457384	4.7425351	15.974966
1.6235113	1.3370401	4.7442164	15.974966
1.6203928	1.3560476	4.7450576	15.966738
1.6235113	1.352826	4.7458982	15.954395
1.6188335	1.3460606	4.7458982	15.954395
1.6219521	1.3260865	4.7433758	15.946167
1.6250705	1.3463827	4.7442164	15.995536
1.6250705	1.3460606	4.7450576	15.970852
1.6203928	1.3473493	4.7450576	15.987308
1.6203928	1.3505709	4.7450576	15.983194
1.6188335	1.3338184	4.7442164	15.966738
1.6219521	1.3431611	4.7442164	15.962624
1.6250705	1.3412281	4.7442164	15.954395
1.6203928	1.3363957	4.7433758	15.954395
1.6203928	1.3383287	4.7450576	15.95851
1.6266297	1.3341405	4.7458982	15.983194
1.6219521	1.3499266	4.7450576	15.970852
1.6203928	1.338973	4.7450576	15.950282
1.6266297	1.3483157	4.7450576	15.950282
1.6235113	1.346705	4.7442164	15.966738
1.6250705	1.3525039	4.7450576	15.933826
1.628189	1.3415504	4.7450576	15.942054
1.6235113	1.342839	4.7442164	15.962624
1.6235113	1.3354292	4.7458982	15.93794
1.6250705	1.3386508	4.7450576	15.966738
1.6235113	1.3502487	4.7442164	15.979079
1.6250705	1.3438054	4.7433758	15.983194
1.6203928	1.3360735	4.7450576	15.970852
1.6250705	1.3312411	4.7442164	15.970852
1.6219521	1.3399395	4.7416945	15.987308
1.6250705	1.3312411	4.7442164	15.950282
1.6250705	1.3347849	4.7450576	15.979079
1.6266297	1.3434833	4.7450576	15.983194
1.6266297	1.356692	4.7433758	15.983194
1.6235113	1.3673234	4.7442164	15.983194
1.6203928	1.3676455	4.7442164	15.987308
1.6313075	1.3686121	4.7416945	15.99965
1.6219521	1.3637795	4.7442164	15.962624
1.6235113	1.3502487	4.7442164	15.962624
1.628189	1.340906	4.7450576	16.003763
1.628189	1.342839	4.7442164	15.983194
1.6203928	1.3457384	4.7433758	15.974966
1.6266297	1.3351071	4.7433758	15.95851
1.6266297	1.3515373	4.7442164	15.983194
1.6219521	1.3563699	4.7442164	15.983194
1.6203928	1.3525039	4.7442164	15.970852
1.6266297	1.3373622	4.7433758	15.979079
1.6203928	1.3309189	4.7450576	15.942054
1.6250705	1.3473493	4.7450576	15.983194
1.6219521	1.3483157	4.7433758	15.983194
1.628189	1.346705	4.7425351	15.991423
1.6250705	1.3492823	4.7450576	15.954395
1.6219521	1.3679677	4.7458982	15.979079
1.6266297	1.3673234	4.7484212	15.983194
1.6219521	1.3583028	4.7450576	15.950282
1.6203928	1.34896	4.7450576	15.983194
1.6219521	1.3583028	4.7442164	15.995536
1.6235113	1.3492823	4.7442164	15.966738
1.6203928	1.338973	4.7442164	15.95851
1.6250705	1.323187	4.7450576	15.950282
1.6235113	1.3360735	4.7442164	15.987308
1.6219521	1.3512152	4.7475801	15.954395
1.6235113	1.3496044	4.7450576	15.950282
1.6235113	1.3634574	4.7450576	15.99965
1.6297482	1.3515373	4.7450576	15.979079
1.6219521	1.3666791	4.7442164	16.003763
1.6203928	1.3618466	4.7458982	15.979079
1.6219521	1.3486379	4.7442164	15.950282
1.6219521	1.3570142	4.7416945	15.983194
1.6235113	1.3492823	4.7450576	15.970852
1.6235113	1.3637795	4.7442164	15.995536
1.6250705	1.3460606	4.7442164	15.962624
1.6235113	1.3463827	4.7442164	15.983194
1.6266297	1.3502487	4.7425351	15.99965
1.6250705	1.3380065	4.7458982	15.974966
1.6266297	1.3383287	4.7442164	15.979079
1.6219521	1.3347849	4.7433758	15.970852
1.6266297	1.3615245	4.7450576	16.016106
1.628189	1.350893	4.7450576	15.962624
1.6250705	1.3595915	4.7458982	15.946167
1.628189	1.3595915	4.7442164	15.983194
1.6235113	1.3544369	4.7433758	15.970852
1.6250705	1.3438054	4.7442164	15.954395
1.6250705	1.340906	4.7458982	15.95851
1.6235113	1.3457384	4.7433758	15.987308
1.6266297	1.352826	4.7442164	15.966738
1.6235113	1.3586249	4.7458982	15.962624
1.6203928	1.3637795	4.7458982	15.979079
1.628189	1.3631352	4.7450576	15.970852
1.6266297	1.3647461	4.7450576	16.003763
1.6219521	1.3634574	4.7442164	15.991423
1.6203928	1.3515373	4.7450576	15.983194
1.6203928	1.3338184	4.7450576	15.95851
1.6266297	1.3241535	4.7458982	15.979079
1.6235113	1.3235092	4.7425351	15.95851
1.6203928	1.3318855	4.7433758	15.979079
1.6250705	1.3241535	4.7450576	15.970852
1.6266297	1.3479936	4.7442164	16.003763
1.6188335	1.3492823	4.7442164	15.966738
1.6235113	1.3518596	4.7416945	15.970852
1.6250705	1.3405838	4.7442164	15.95851
1.6235113	1.3592693	4.7425351	15.991423
1.628189	1.3615245	4.7458982	15.983194
1.6250705	1.3599136	4.7433758	15.95851
1.6250705	1.3560476	4.7442164	15.970852
1.6203928	1.3534703	4.7416945	15.954395
1.6235113	1.3583028	4.7450576	15.99965
1.6235113	1.3418725	4.7450576	15.970852
1.6219521	1.3405838	4.7442164	16.007879
1.6266297	1.3235092	4.7450576	15.946167
1.6203928	1.3305968	4.7458982	15.962624
1.6250705	1.3386508	4.7450576	15.970852
1.6266297	1.3570142	4.7442164	15.983194
1.6235113	1.3595915	4.7433758	15.979079
1.6235113	1.374411	4.7458982	15.991423
1.6219521	1.3595915	4.7433758	15.979079
1.6188335	1.3502487	4.7450576	15.979079
1.6250705	1.3518596	4.7450576	15.987308
1.6219521	1.3392951	4.7467394	15.970852
1.6203928	1.3370401	4.7442164	15.970852
1.6203928	1.3483157	4.7433758	15.987308
1.6219521	1.3637795	4.7450576	15.95851
1.6203928	1.3612022	4.7450576	15.983194
1.628189	1.3641018	4.7433758	15.983194
1.615715	1.3647461	4.7425351	15.979079
1.6250705	1.3670012	4.7450576	15.991423
1.6313075	1.3692564	4.7450576	15.974966
1.6235113	1.3534703	4.7433758	15.974966
1.6266297	1.3505709	4.7467394	15.942054
1.6219521	1.3621688	4.7433758	15.970852
1.6219521	1.3679677	4.7442164	15.987308
1.6188335	1.3550812	4.7442164	15.966738
1.6188335	1.3608801	4.7433758	16.02022
1.6250705	1.3618466	4.7433758	15.983194
1.6235113	1.3641018	4.7442164	15.966738
1.6266297	1.3525039	4.7458982	15.962624
1.6203928	1.3554033	4.7433758	15.974966
1.6266297	1.3650682	4.7442164	15.966738
1.6203928	1.356692	4.7458982	15.942054
1.6203928	1.3657125	4.7450576	15.974966
1.628189	1.3615245	4.7450576	15.987308
1.6266297	1.3592693	4.7450576	15.987308
1.6188335	1.3325298	4.7450576	15.954395
1.6250705	1.3276973	4.7433758	15.950282
1.6203928	1.3160994	4.7433758	15.954395
1.6235113	1.3357514	4.7433758	15.979079
1.6250705	1.3412281	4.7450576	15.974966
1.6219521	1.3515373	4.7442164	15.983194
1.6203928	1.3618466	4.7442164	15.962624
1.6250705	1.3605579	4.7450576	15.987308
1.6188335	1.3653904	4.7442164	15.983194
1.6203928	1.350893	4.7450576	15.983194
1.6266297	1.356692	4.7442164	15.962624
1.6266297	1.3602358	4.7442164	16.011992
1.6219521	1.3499266	4.7442164	15.962624
1.6235113	1.3499266	4.7450576	15.974966
1.6266297	1.3344628	4.7450576	15.99965
1.6219521	1.3463827	4.7450576	15.991423
1.6188335	1.3425168	4.7442164	15.979079
1.6250705	1.3392951	4.7433758	15.970852
1.6172743	1.3370401	4.7450576	15.974966
1.6172743	1.3341405	4.7425351	15.950282
1.6250705	1.3515373	4.7425351	15.995536
1.628189	1.3583028	4.7458982	15.983194
1.6219521	1.3750553	4.7450576	15.99965
1.6219521	1.3747331	4.7450576	15.991423
1.6203928	1.3615245	4.7433758	15.962624
1.6203928	1.3624909	4.7425351	15.974966
1.6172743	1.3589472	4.7450576	15.991423
1.6235113	1.3641018	4.7442164	15.970852
1.6188335	1.3476714	4.7442164	15.979079
1.6219521	1.3315632	4.7450576	15.954395
1.6188335	1.3592693	4.7458982	15.987308
1.6235113	1.356692	4.7467394	15.987308
1.6266297	1.3486379	4.7458982	15.95851
1.6219521	1.3399395	4.7450576	15.970852
1.6203928	1.3434833	4.7442164	15.970852
1.6235113	1.3515373	4.7433758	15.99965
1.6235113	1.3444498	4.7433758	15.954395
1.6219521	1.3586249	4.7433758	15.987308
1.6188335	1.3525039	4.7433758	16.007879
1.6235113	1.3673234	4.7458982	15.987308
1.6235113	1.3702228	4.7442164	15.995536
1.6235113	1.3657125	4.7442164	15.970852
1.6203928	1.3599136	4.7450576	15.962624
1.6235113	1.3660347	4.7442164	15.99965
1.6172743	1.3740888	4.7450576	15.991423
1.6219521	1.3592693	4.7442164	15.979079
1.6235113	1.3576585	4.7450576	15.983194
1.6203928	1.3647461	4.7450576	16.003763
1.6188335	1.3537925	4.7442164	15.974966
1.6250705	1.3557255	4.7450576	15.966738
1.6203928	1.346705	4.7442164	15.983194
1.6250705	1.3331741	4.7458982	15.966738
1.6266297	1.3299525	4.7450576	15.974966
1.6219521	1.3454163	4.7433758	15.954395
1.6266297	1.3460606	4.7442164	15.962624
1.6203928	1.3557255	4.7442164	15.995536
1.6188335	1.3676455	4.7450576	15.970852
1.6203928	1.3666791	4.7450576	15.970852
1.6219521	1.3641018	4.7433758	15.95851
1.6219521	1.3586249	4.7433758	16.003763
1.6250705	1.346705	4.7458982	15.962624
1.6250705	1.3534703	4.7450576	15.950282
1.615715	1.3450941	4.7433758	15.95851
1.6219521	1.3399395	4.7442164	15.95851
1.6250705	1.338973	4.7425351	15.962624
1.6219521	1.3541147	4.7450576	15.99965
1.6219521	1.3438054	4.7433758	15.942054
1.6219521	1.342839	4.7433758	15.99965
1.615715	1.3431611	4.7450576	15.970852
1.6172743	1.3402617	4.7442164	15.983194
1.6219521	1.3328519	4.7458982	15.954395
1.615715	1.3431611	4.7450576	15.995536
1.6235113	1.3537925	4.7450576	15.979079
1.6235113	1.3579806	4.7425351	15.983194
1.6203928	1.3599136	4.7442164	15.991423
1.6188335	1.3657125	4.7442164	15.966738
1.6203928	1.3650682	4.7458982	15.995536
1.6188335	1.3621688	4.7442164	15.974966
1.6266297	1.3460606	4.7442164	15.983194
1.6235113	1.3309189	4.7433758	15.950282
1.6219521	1.3186767	4.7433758	15.970852
1.6235113	1.3351071	4.7442164	15.991423
1.6203928	1.3312411	4.7442164	15.974966
1.6235113	1.3254422	4.7433758	15.99965
1.6250705	1.3363957	4.7458982	15.954395
1.6250705	1.342839	4.7425351	15.970852
1.6250705	1.352826	4.7442164	15.979079
1.6250705	1.3431611	4.7450576	15.970852
1.6203928	1.3415504	4.7450576	15.950282
1.6266297	1.3373622	4.7442164	15.983194
1.6188335	1.3612022	4.7433758	15.99965
1.6235113	1.3634574	4.7467394	15.966738
1.6203928	1.3463827	4.7442164	15.983194
1.6250705	1.3563699	4.7433758	15.970852
1.6172743	1.3554033	4.7450576	15.970852
1.6250705	1.3628131	4.7458982	15.979079
1.6266297	1.3541147	4.7425351	15.979079
1.6203928	1.3502487	4.7433758	15.983194
1.6188335	1.3612022	4.7442164	15.979079
1.6172743	1.3634574	4.7450576	15.987308
1.6203928	1.3576585	4.7442164	15.99965
1.6250705	1.3441277	4.7442164	15.954395
1.6188335	1.352826	4.7433758	15.987308
1.6203928	1.3618466	4.7442164	15.979079
1.6219521	1.3560476	4.7450576	15.974966
1.6219521	1.3502487	4.7433758	15.991423
1.6203928	1.3537925	4.7442164	15.974966
1.6235113	1.3679677	4.7442164	16.016106
1.6266297	1.3670012	4.7450576	15.966738
1.6235113	1.352826	4.7450576	15.954395
1.6219521	1.3554033	4.7442164	15.979079
1.6203928	1.3554033	4.7442164	15.929711
1.6235113	1.3473493	4.7458982	15.974966
1.6188335	1.3492823	4.7450576	15.974966
1.6172743	1.3386508	4.7442164	15.987308
1.6219521	1.3457384	4.7450576	15.962624
1.6250705	1.3463827	4.7442164	15.987308
1.6250705	1.3421947	4.7450576	15.942054
1.6203928	1.3544369	4.7442164	15.954395
1.6235113	1.340906	4.7433758	15.95851
1.6250705	1.3560476	4.7433758	15.974966
1.6219521	1.3541147	4.7450576	15.966738
1.6235113	1.3515373	4.7433758	15.966738
1.6219521	1.3479936	4.7458982	15.966738
1.6250705	1.3341405	4.7442164	15.954395
1.6172743	1.3650682	4.7433758	15.983194
1.615715	1.3560476	4.7450576	15.950282
1.628189	1.3525039	4.7433758	15.970852
1.615715	1.34896	4.7467394	15.962624
1.6235113	1.3534703	4.7433758	15.995536
1.6203928	1.3541147	4.7442164	15.987308
1.6219521	1.3338184	4.7416945	15.995536
1.6219521	1.3341405	4.7450576	15.991423
1.6219521	1.34896	4.7450576	15.974966
1.6203928	1.3663568	4.7450576	16.007879
1.6203928	1.3595915	4.7425351	15.954395
1.6188335	1.3563699	4.7450576	15.95851
1.6219521	1.3521817	4.7450576	15.966738
1.6203928	1.3624909	4.7450576	15.99965
1.6235113	1.3502487	4.7450576	15.970852
1.6219521	1.3347849	4.7450576	15.979079
1.6203928	1.3360735	4.7425351	15.987308
1.6172743	1.3460606	4.7442164	15.95851
1.6203928	1.3563699	4.7450576	15.966738
1.6203928	1.344772	4.7450576	15.933826
1.6219521	1.3483157	4.7450576	15.970852
1.6266297	1.3657125	4.7433758	15.995536
1.6219521	1.3673234	4.7450576	15.979079
1.6203928	1.3682898	4.7450576	15.991423
1.6172743	1.3544369	4.7442164	15.983194
1.6203928	1.3518596	4.7433758	15.979079
1.6203928	1.3537925	4.7458982	15.974966
1.6235113	1.3595915	4.7433758	15.991423
1.6203928	1.3550812	4.7433758	15.983194
1.6188335	1.3399395	4.7442164	15.95851
1.6172743	1.3576585	4.7425351	15.991423
1.6203928	1.374411	4.7442164	15.99965
1.6250705	1.3592693	4.7442164	15.983194
1.6203928	1.3599136	4.7450576	15.987308
1.6172743	1.3554033	4.7433758	15.966738
1.6172743	1.3521817	4.7450576	15.962624
1.6235113	1.3557255	4.7433758	15.950282
1.6250705	1.3537925	4.7433758	15.995536
1.6235113	1.3560476	4.7458982	15.983194
1.6235113	1.3418725	4.7450576	15.970852
1.6203928	1.3434833	4.7450576	15.966738
1.6188335	1.3444498	4.7433758	15.962624
1.6203928	1.3331741	4.7450576	15.946167
1.6219521	1.3376844	4.7450576	15.95851
1.6250705	1.3325298	4.7450576	15.966738
1.6188335	1.3541147	4.7433758	15.99965
1.6219521	1.3583028	4.7450576	15.979079
1.6188335	1.3486379	4.7450576	15.974966
1.6203928	1.3531482	4.7458982	15.966738
1.6188335	1.3476714	4.7450576	15.95851
1.6250705	1.3473493	4.7442164	15.970852
1.6203928	1.344772	4.7450576	15.991423
1.6313075	1.3537925	4.7442164	15.974966
1.6203928	1.3438054	4.7450576	15.95851
1.6141558	1.3505709	4.7433758	15.987308
1.6203928	1.3363957	4.7450576	15.954395
1.6235113	1.3344628	4.7433758	15.970852
1.6219521	1.3463827	4.7450576	15.962624
1.6219521	1.3541147	4.7442164	15.974966
1.6219521	1.344772	4.7442164	15.954395
1.6266297	1.3454163	4.7450576	15.974966
1.6250705	1.3695785	4.7442164	15.979079
1.6219521	1.3573363	4.7442164	15.962624
1.6188335	1.352826	4.7458982	15.974966
1.6219521	1.3463827	4.7450576	15.995536
1.6172743	1.3499266	4.7458982	15.974966
1.6203928	1.3505709	4.7433758	15.987308
1.6235113	1.3431611	4.7433758	15.979079
1.6172743	1.34896	4.7450576	15.970852
1.6172743	1.3399395	4.7450576	15.95851
1.6219521	1.3415504	4.7433758	15.979079
1.6235113	1.3415504	4.7458982	15.970852
1.6235113	1.350893	4.7416945	16.003763
1.6141558	1.3431611	4.7433758	15.979079
1.6235113	1.3434833	4.7442164	15.991423
1.6219521	1.3460606	4.7442164	15.99965
1.6203928	1.3347849	4.7450576	15.974966
1.6219521	1.3431611	4.7442164	15.966738
1.6219521	1.3325298	4.7450576	15.950282
1.6203928	1.3505709	4.7442164	15.979079
1.6141558	1.3544369	4.7442164	15.966738
1.6235113	1.3463827	4.7442164	15.966738
1.6203928	1.3641018	4.7433758	16.003763
1.6188335	1.3653904	4.7442164	15.974966
1.6235113	1.3708671	4.7433758	15.974966
1.6203928	1.3525039	4.7450576	15.962624
1.6188335	1.354759	4.7442164	15.966738
1.6203928	1.3463827	4.7425351	15.970852
1.6219521	1.3434833	4.7442164	15.979079
1.6188335	1.3392951	4.7433758	15.987308
1.6219521	1.3483157	4.7450576	15.974966
1.6266297	1.354759	4.7450576	15.983194
1.6203928	1.3608801	4.7442164	16.02022
1.6188335	1.3525039	4.7450576	15.954395
1.6172743	1.3460606	4.7450576	15.970852
1.6235113	1.3515373	4.7442164	15.970852
1.6250705	1.3392951	4.7442164	15.954395
1.6219521	1.3396174	4.7442164	15.983194
1.6203928	1.3512152	4.7450576	15.987308
1.6219521	1.3554033	4.7450576	16.007879
1.6266297	1.3637795	4.7450576	15.987308
1.6203928	1.3695785	4.7442164	15.991423
1.6203928	1.3708671	4.7442164	15.954395
1.6203928	1.3731223	4.7433758	15.974966
1.6188335	1.3502487	4.7458982	15.946167
1.6203928	1.3486379	4.7450576	15.979079
1.6203928	1.3515373	4.7450576	15.995536
1.6203928	1.3647461	4.7442164	16.02022
1.6188335	1.3502487	4.7450576	15.966738
1.6219521	1.3415504	4.7450576	15.950282
1.6235113	1.3476714	4.7450576	15.946167
1.6219521	1.3434833	4.7458982	15.95851
1.6250705	1.3431611	4.7442164	15.946167
1.6219521	1.3438054	4.7442164	15.966738
1.6141558	1.3347849	4.7442164	15.95851
1.6235113	1.3570142	4.7450576	15.974966
1.6235113	1.354759	4.7450576	15.987308
1.6235113	1.3605579	4.7450576	15.95851
1.6188335	1.3392951	4.7442164	15.942054
1.6250705	1.3370401	4.7450576	15.929711
1.6250705	1.34896	4.7433758	15.95851
1.6235113	1.3438054	4.7416945	15.979079
1.6219521	1.3550812	4.7425351	15.995536
1.6203928	1.3486379	4.7450576	16.011992
1.6235113	1.3502487	4.7442164	15.970852
1.6203928	1.3499266	4.7442164	15.966738
1.6235113	1.3560476	4.7442164	15.983194
1.6266297	1.3515373	4.7450576	15.962624
1.6219521	1.3479936	4.7433758	15.979079
1.6219521	1.350893	4.7450576	15.970852
1.615715	1.3563699	4.7442164	16.02022
1.6250705	1.352826	4.7442164	15.983194
1.6219521	1.3525039	4.7450576	15.987308
1.6188335	1.3563699	4.7442164	15.974966
1.6250705	1.3483157	4.7450576	15.954395
1.6235113	1.3650682	4.7433758	15.979079
1.6219521	1.3515373	4.7458982	15.950282
1.6188335	1.356692	4.7442164	15.954395
1.6203928	1.3415504	4.7450576	15.979079
1.6203928	1.3473493	4.7425351	15.974966
1.6172743	1.3402617	4.7433758	15.983194
1.6203928	1.3289859	4.7416945	15.970852
1.6219521	1.3173881	4.7450576	15.942054
1.6235113	1.3309189	4.7442164	15.962624
1.6219521	1.3492823	4.7450576	16.007879
1.6219521	1.3454163	4.7450576	15.962624
1.6219521	1.3373622	4.7433758	15.95851
1.6172743	1.3425168	4.7442164	15.991423
1.6235113	1.3670012	4.7433758	16.007879
1.6203928	1.3721558	4.7450576	15.974966
1.6219521	1.3641018	4.7450576	15.962624
1.615715	1.3563699	4.7425351	15.979079
1.6235113	1.3450941	4.7458982	15.962624
1.6235113	1.3534703	4.7442164	15.970852
1.6203928	1.3376844	4.7450576	15.983194
1.6219521	1.3370401	4.7433758	15.987308
1.6266297	1.3344628	4.7442164	15.983194
1.6219521	1.3412281	4.7450576	15.974966
1.6188335	1.3473493	4.7442164	15.962624
1.6203928	1.3502487	4.7442164	15.954395
1.615715	1.34896	4.7442164	15.966738
1.6188335	1.3505709	4.7450576	15.991423
1.6219521	1.34896	4.7442164	15.95851
1.6203928	1.3586249	4.7458982	15.974966
1.6188335	1.3605579	4.7450576	15.987308
1.6203928	1.3537925	4.7442164	15.974966
1.6219521	1.3554033	4.7442164	15.962624
1.6235113	1.3550812	4.7433758	15.974966
1.6203928	1.3624909	4.7458982	15.987308
1.6235113	1.3715115	4.7433758	15.987308
1.6266297	1.356692	4.7433758	15.95851
1.6219521	1.344772	4.7433758	15.979079
1.6203928	1.3473493	4.7458982	15.95851
1.6203928	1.3534703	4.7442164	15.970852
1.6188335	1.350893	4.7442164	15.970852
1.6235113	1.3386508	4.7433758	15.95851
1.6203928	1.3515373	4.7433758	15.966738
1.6235113	1.3512152	4.7442164	15.93794
1.6172743	1.3476714	4.7458982	15.966738
1.615715	1.346705	4.7450576	15.954395
1.6188335	1.3363957	4.7450576	15.954395
1.6235113	1.3518596	4.7416945	15.991423
1.6250705	1.3579806	4.7475801	15.983194
1.6172743	1.374411	4.7442164	16.003763
1.6219521	1.3660347	4.7475801	15.974966
1.6219521	1.3692564	4.7467394	15.991423
1.615715	1.3602358	4.7442164	15.954395
1.6203928	1.3644239	4.7442164	15.983194
1.6203928	1.3628131	4.7442164	15.995536
1.6235113	1.3363957	4.7458982	15.974966
1.6203928	1.3334962	4.7442164	15.991423
1.615715	1.3318855	4.7442164	15.966738
1.6250705	1.3492823	4.7450576	16.016106
1.6203928	1.3438054	4.7450576	15.983194
1.6219521	1.3534703	4.7450576	15.962624
1.6188335	1.3383287	4.7433758	15.974966
1.6235113	1.3537925	4.7458982	15.970852
1.6188335	1.3657125	4.7442164	15.99965
1.6203928	1.3612022	4.7433758	15.991423
1.6250705	1.3531482	4.7442164	16.003763
1.6219521	1.3570142	4.7416945	15.970852
1.6203928	1.3537925	4.7450576	15.970852
1.6250705	1.3479936	4.7450576	15.970852
1.6235113	1.340906	4.7433758	15.962624
1.6219521	1.3347849	4.7450576	15.962624
1.6188335	1.3312411	4.7433758	15.979079
1.6172743	1.3283416	4.7442164	15.970852
1.6141558	1.3434833	4.7442164	15.983194
1.6172743	1.3544369	4.7425351	15.991423
1.6188335	1.342839	4.7450576	15.966738
1.6250705	1.3515373	4.7433758	15.979079
1.6250705	1.3560476	4.7442164	15.950282
1.6203928	1.3402617	4.7433758	15.95851
1.6203928	1.3380065	4.7450576	15.962624
1.6235113	1.3376844	4.7433758	15.979079
1.6219521	1.3286638	4.7433758	15.966738
1.615715	1.3557255	4.7450576	16.02022
1.6172743	1.3460606	4.7433758	15.950282
1.6188335	1.3460606	4.7450576	15.966738
1.6235113	1.3380065	4.7416945	15.946167
1.6219521	1.3525039	4.7450576	15.979079
1.6235113	1.356692	4.7425351	15.974966
1.6250705	1.3454163	4.7442164	16.003763
1.615715	1.3518596	4.7425351	15.987308
1.6203928	1.3476714	4.7433758	15.991423
1.6250705	1.3502487	4.7467394	15.970852
1.6203928	1.3431611	4.7450576	15.962624
1.6203928	1.3399395	4.7458982	15.954395
1.6203928	1.3360735	4.7425351	15.954395
1.6235113	1.3280195	4.7450576	15.962624
1.6203928	1.3518596	4.7450576	15.979079
1.6125964	1.3618466	4.7450576	16.003763
1.6203928	1.3570142	4.7450576	15.966738
1.6250705	1.3650682	4.7450576	15.987308
1.6219521	1.3615245	4.7458982	15.946167
1.6203928	1.356692	4.7433758	15.93794
1.6203928	1.3438054	4.7442164	15.954395
1.6219521	1.3518596	4.7458982	15.962624
1.6250705	1.3415504	4.7442164	15.950282
1.6188335	1.3386508	4.7458982	15.942054
1.6235113	1.3309189	4.7433758	15.983194
1.6188335	1.319321	4.7442164	15.966738
1.6188335	1.3363957	4.7450576	15.991423
1.6203928	1.3460606	4.7450576	15.966738
1.6172743	1.3328519	4.7433758	15.95851
1.6219521	1.3450941	4.7442164	15.99965
1.6188335	1.3473493	4.7450576	15.970852
1.6172743	1.3502487	4.7450576	16.003763
1.6203928	1.3570142	4.7433758	16.003763
1.6172743	1.3570142	4.7433758	15.995536
1.6219521	1.3628131	4.7458982	15.983194
1.6219521	1.3711894	4.7442164	15.983194
1.6219521	1.3782769	4.7442164	15.991423
1.6219521	1.3699007	4.7450576	15.970852
1.615715	1.3795656	4.7442164	15.983194
1.6188335	1.3657125	4.7433758	15.991423
1.615715	1.3563699	4.7433758	15.983194
1.6203928	1.3537925	4.7433758	15.99965
1.6203928	1.3612022	4.7433758	15.991423
1.615715	1.3647461	4.7450576	15.983194
1.6235113	1.3550812	4.7433758	15.979079
1.6235113	1.3579806	4.7450576	15.974966
1.6188335	1.3589472	4.7442164	15.954395
1.6172743	1.3663568	4.7433758	15.979079
1.6219521	1.3541147	4.7442164	15.983194
1.6250705	1.3589472	4.7442164	15.983194
1.6250705	1.3492823	4.7458982	15.95851
1.6203928	1.3415504	4.7458982	15.974966
1.6172743	1.3367178	4.7442164	15.962624
1.6235113	1.342839	4.7425351	15.995536
1.6203928	1.3660347	4.7433758	15.991423
1.6141558	1.3499266	4.7458982	15.99965
1.6250705	1.3486379	4.7442164	15.962624
1.6235113	1.3454163	4.7458982	15.970852
1.6203928	1.3544369	4.7458982	15.995536
1.6203928	1.3660347	4.7433758	16.003763
1.6219521	1.3554033	4.7450576	15.974966
1.6235113	1.3637795	4.7442164	15.979079
1.6219521	1.3454163	4.7450576	15.979079
1.6266297	1.3492823	4.7458982	15.974966
1.615715	1.3679677	4.7442164	15.983194
1.6188335	1.3460606	4.7433758	15.979079
1.6188335	1.3367178	4.7433758	15.942054
1.6203928	1.3479936	4.7442164	15.974966
1.6203928	1.3663568	4.7450576	15.987308
1.6203928	1.3637795	4.7442164	16.003763
1.6235113	1.3418725	4.7467394	15.954395
1.6172743	1.3502487	4.7450576	15.95851
1.6219521	1.3618466	4.7442164	16.02022
1.6172743	1.3586249	4.7433758	15.995536
1.615715	1.3496044	4.7433758	15.991423
1.6203928	1.3438054	4.7450576	15.970852
1.6172743	1.342839	4.7450576	15.95851
1.615715	1.3338184	4.7458982	15.921483
1.6172743	1.3289859	4.7442164	15.950282
1.6188335	1.3473493	4.7450576	15.991423
1.6219521	1.3615245	4.7433758	15.987308
1.6188335	1.3686121	4.7450576	15.970852
1.6203928	1.3653904	4.7425351	15.987308
1.6203928	1.352826	4.7425351	15.962624
1.6203928	1.3615245	4.7442164	15.974966
1.6172743	1.3576585	4.7450576	15.962624
1.6203928	1.3399395	4.7450576	15.962624
1.6219521	1.342839	4.7442164	15.983194
1.615715	1.3305968	4.7442164	15.954395
1.6203928	1.3563699	4.7442164	15.991423
1.615715	1.3502487	4.7442164	15.979079
1.6203928	1.3505709	4.7442164	15.954395
1.6219521	1.3434833	4.7450576	15.962624
1.6141558	1.3405838	4.7433758	15.983194
1.6219521	1.3486379	4.7450576	15.966738
1.6203928	1.3431611	4.7442164	15.970852
1.6172743	1.3338184	4.7433758	15.983194
1.6219521	1.3518596	4.7433758	15.983194
1.615715	1.3579806	4.7442164	15.974966
1.6250705	1.3605579	4.7442164	15.987308
1.6188335	1.3518596	4.7442164	16.007879
1.6219521	1.3592693	4.7450576	15.95851
1.6235113	1.3734444	4.7442164	15.987308
1.6203928	1.3554033	4.7450576	15.983194
1.6203928	1.3347849	4.7450576	15.946167
1.6172743	1.3441277	4.7433758	15.970852
1.6188335	1.338973	4.7458982	15.95851
1.6203928	1.3383287	4.7442164	15.979079
1.615715	1.3421947	4.7433758	15.962624
1.6203928	1.3599136	4.7442164	15.983194
1.6203928	1.3647461	4.7442164	15.970852
1.6203928	1.3695785	4.7442164	15.970852
1.6219521	1.352826	4.7442164	15.962624
1.6188335	1.3492823	4.7450576	15.987308
1.6219521	1.3563699	4.7433758	15.979079
1.6203928	1.3592693	4.7450576	15.991423
1.6219521	1.3412281	4.7442164	15.954395
1.6203928	1.3483157	4.7433758	15.99965
1.6203928	1.3492823	4.7458982	15.95851
1.6219521	1.3608801	4.7450576	15.970852
1.6203928	1.3576585	4.7450576	15.962624
1.615715	1.3602358	4.7433758	15.983194
1.6250705	1.3570142	4.7433758	15.979079
1.6219521	1.3473493	4.7442164	15.962624
1.615715	1.3534703	4.7458982	15.99965
1.6203928	1.3512152	4.7416945	15.970852
1.6203928	1.3373622	4.7442164	15.979079
1.6219521	1.3206097	4.7450576	15.950282
1.6172743	1.346705	4.7442164	15.95851
1.6203928	1.3544369	4.7450576	15.950282
1.6219521	1.34896	4.7442164	15.979079
1.6203928	1.3460606	4.7442164	15.95851
1.6235113	1.3554033	4.7450576	15.991423
1.6188335	1.3595915	4.7433758	15.970852
1.6203928	1.3544369	4.7433758	15.970852
1.6141558	1.3441277	4.7442164	15.950282
1.6125964	1.34896	4.7458982	15.95851
1.6219521	1.3653904	4.7458982	15.966738
1.6172743	1.3599136	4.7442164	15.946167
1.6203928	1.3728001	4.7458982	15.991423
1.6188335	1.3647461	4.7442164	15.966738
1.615715	1.356692	4.7450576	15.974966
1.6141558	1.3586249	4.7450576	15.987308
1.6188335	1.3505709	4.7450576	15.970852
1.6188335	1.3386508	4.7442164	15.962624
1.6188335	1.3289859	4.7433758	15.962624
1.6172743	1.3518596	4.7442164	15.987308
1.6188335	1.340906	4.7433758	15.974966
1.6203928	1.3444498	4.7467394	15.991423
1.6219521	1.3544369	4.7442164	15.970852
1.6250705	1.3628131	4.7442164	16.003763
1.6141558	1.3470271	4.7450576	15.966738
1.6235113	1.3380065	4.7433758	15.970852
1.6219521	1.3302746	4.7433758	15.946167
1.6219521	1.344772	4.7442164	15.966738
1.6203928	1.3412281	4.7450576	15.970852
1.6250705	1.3293082	4.7467394	15.962624
1.6188335	1.3318855	4.7458982	15.987308
1.6203928	1.3405838	4.7458982	15.974966
1.6172743	1.3492823	4.7442164	15.987308
1.6188335	1.3463827	4.7450576	15.962624
1.6219521	1.3418725	4.7442164	15.966738
1.6219521	1.3563699	4.7433758	15.987308
1.6203928	1.3544369	4.7442164	15.966738
1.6203928	1.350893	4.7450576	15.983194
1.6188335	1.3450941	4.7433758	15.991423
1.6172743	1.3438054	4.7450576	15.974966
1.6188335	1.3450941	4.7450576	15.95851
1.6141558	1.3570142	4.7442164	15.99965
1.6203928	1.3650682	4.7433758	15.987308
1.6203928	1.3421947	4.7433758	15.954395
1.6235113	1.3512152	4.7450576	15.95851
1.6203928	1.3476714	4.7458982	16.007879
1.6266297	1.3396174	4.7450576	15.970852
1.6219521	1.3386508	4.7433758	15.995536
1.6172743	1.3376844	4.7433758	15.970852
1.6235113	1.3570142	4.7442164	15.983194
1.6188335	1.352826	4.7458982	15.987308
1.6219521	1.3579806	4.7458982	15.995536
1.6235113	1.3537925	4.7450576	15.987308
1.6235113	1.3534703	4.7450576	15.95851
1.6203928	1.3499266	4.7450576	15.962624
1.6172743	1.3544369	4.7442164	15.983194
1.6219521	1.3686121	4.7425351	15.983194
1.6219521	1.3631352	4.7450576	15.966738
1.6172743	1.3631352	4.7450576	15.970852
1.6172743	1.3473493	4.7458982	15.974966
1.6172743	1.3425168	4.7450576	15.95851
1.6188335	1.3473493	4.7442164	15.979079
1.615715	1.3492823	4.7433758	16.016106
1.615715	1.3318855	4.7450576	15.95851
1.6172743	1.3383287	4.7458982	15.954395
1.6219521	1.3454163	4.7450576	15.954395
1.6203928	1.3392951	4.7442164	15.979079
1.6266297	1.3354292	4.7458982	15.946167
1.6203928	1.3431611	4.7458982	15.954395
1.6188335	1.3434833	4.7433758	15.983194
1.6172743	1.3418725	4.7442164	15.983194
1.6172743	1.3441277	4.7450576	15.987308
1.6172743	1.3483157	4.7442164	15.970852
1.6203928	1.3650682	4.7433758	15.983194
1.6219521	1.3740888	4.7433758	15.987308
1.6219521	1.3686121	4.7442164	15.970852
1.6188335	1.3795656	4.7433758	15.99965
1.6235113	1.3837537	4.7450576	16.007879
1.6219521	1.3734444	4.7442164	15.983194
1.6266297	1.3612022	4.7433758	15.995536
1.6219521	1.3595915	4.7425351	16.011992
1.615715	1.3621688	4.7442164	15.979079
1.6235113	1.3576585	4.7425351	15.979079
1.6219521	1.350893	4.7442164	16.003763
1.6125964	1.3605579	4.7433758	15.979079
1.6188335	1.3537925	4.7433758	15.942054
1.6235113	1.3644239	4.7442164	16.003763
1.6110371	1.3544369	4.7442164	15.970852
1.6188335	1.3473493	4.7467394	15.962624
1.6188335	1.3570142	4.7442164	15.979079
1.615715	1.3521817	4.7433758	16.007879
1.6172743	1.372478	4.7433758	15.995536
1.6172743	1.3444498	4.7442164	15.946167
1.6188335	1.34896	4.7450576	15.966738
1.6172743	1.3460606	4.7442164	15.979079
1.6203928	1.3521817	4.7442164	15.99965
1.6219521	1.3621688	4.7442164	15.99965
1.6188335	1.352826	4.7458982	15.983194
1.6235113	1.3628131	4.7442164	15.974966
1.6203928	1.3608801	4.7433758	15.970852
1.6203928	1.3541147	4.7450576	15.970852
1.615715	1.3628131	4.7450576	15.979079
1.6219521	1.346705	4.7458982	15.95851
1.615715	1.3612022	4.7433758	15.995536
1.615715	1.344772	4.7433758	15.970852
1.6188335	1.356692	4.7433758	15.979079
1.6188335	1.3476714	4.7442164	15.954395
1.6203928	1.3421947	4.7442164	15.966738
1.6172743	1.3515373	4.7450576	15.979079
1.6203928	1.3605579	4.7425351	15.979079
1.6297482	1.3653904	4.7433758	15.966738
1.6656115	1.3525039	4.7425351	15.950282
1.7607266	1.3525039	4.7374897	15.950282
1.932246	1.3560476	4.725718	15.905027
2.1645765	1.3415504	4.7097421	15.888571
2.4265335	1.3312411	4.6887207	15.810406
2.6884902	1.3244756	4.6693811	15.76515
2.9457693	1.3241535	4.655087	15.711669
3.2311149	1.3441277	4.6449971	15.641729
3.6084576	1.3399395	4.6340656	15.596477
3.9296665	1.3286638	4.6248164	15.534765
4.3085685	1.32512	4.6138854	15.510081
4.7373672	1.3334962	4.6054769	15.456599
5.1708436	1.3338184	4.5945463	15.423687
5.6448612	1.3157773	4.5810928	15.370204
6.146946	1.319321	4.5701613	15.300266
6.6443524	1.3196433	4.5592308	15.238555
7.1713858	1.2829167	4.5508223	15.16039
7.6999784	1.2858161	4.5424137	15.135706
8.2394857	1.2709966	4.5365276	15.057538
8.7727566	1.2603652	4.5314827	14.999942
9.2639265	1.2622982	4.5281191	14.999942
9.8829575	1.2513447	4.5281191	14.888865
10.369451	1.2371695	4.5239153	14.86418
10.968211	1.2432905	4.524756	14.835382
11.520193	1.2307262	4.5222335	14.790128
12.079972	1.2381359	4.5197105	14.765444
12.638192	1.2478008	4.5188699	14.736645
13.18082	1.2452235	4.5180292	14.707848
13.636128	1.2371695	4.5230742	14.62968
14.216179	1.2410355	4.5289602	14.58854
14.683961	1.2281489	4.5298009	14.563855
15.220352	1.2329813	4.5323234	14.522716
15.71932	1.2336257	4.5348458	14.506259
16.226086	1.2307262	4.535687	14.452778
16.672039	1.2368473	4.5365276	14.440436
16.97298	1.2236387	4.524756	14.407524
17.152298	1.2287933	4.4936442	14.38284
17.156975	1.214296	4.4457164	14.325244
17.024435	1.2101078	4.3851752	14.267648
16.841999	1.2088192	4.3254752	14.234735
16.684513	1.214296	4.2733426	14.214165
16.619024	1.212363	4.2313004	14.156569
16.664242	1.2320149	4.1968255	14.156569
16.773392	1.2291155	4.1648736	14.111315
16.891897	1.2278268	4.1287174	14.082516
16.958946	1.2316927	4.085834	14.074287
16.960506	1.2178397	4.037065	13.996122
16.915285	1.2246052	3.9824102	13.979666
16.841999	1.2101078	3.9277551	13.946754
16.77807	1.1956105	3.8739409	13.897386
16.753122	1.1920667	3.8234901	13.864473
16.750002	1.1698375	3.7806072	13.848017
16.788986	1.1672602	3.7352016	13.802762
16.834204	1.1733812	3.6889548	13.761622
16.856033	1.1769251	3.6427085	13.72871
16.865389	1.1653272	3.5939395	13.683456
16.851357	1.1656493	3.5434887	13.658772
16.829525	1.156951	3.4888337	13.609404
16.806137	1.153085	3.4367011	13.592948
16.788986	1.1437422	3.3887732	13.580605
16.79834	1.1556623	3.3391631	13.580605
16.820171	1.1563066	3.2929168	13.539465
16.837322	1.1666158	3.242466	13.518895
16.841999	1.1508298	3.1920152	13.440728
16.831085	1.1505077	3.1415644	13.411931
16.810814	1.1488968	3.089432	13.407816
16.79834	1.1505077	3.0431857	13.35022
16.792103	1.1414871	2.9944167	13.346107
16.810814	1.1379433	2.9464881	13.313194
16.834204	1.1501855	2.8985603	13.284395
16.845119	1.1318222	2.8489504	13.259711
16.835762	1.1430979	2.7976587	13.230914
16.817051	1.1559844	2.7463672	13.255598
16.793663	1.1376212	2.6975982	13.156861
16.792103	1.1418092	2.6496701	13.152746
16.803019	1.1501855	2.6000602	13.152746
16.818611	1.1372989	2.5546546	13.06224
16.834204	1.135366	2.5084081	13.049897
16.846678	1.1327887	2.4571166	13.008757
16.838882	1.1421314	2.4083476	12.979959
16.823288	1.1279563	2.3595786	12.942932
16.807697	1.1166806	2.3082871	12.905907
16.809256	1.1173249	2.2595181	12.893564
16.817051	1.1237682	2.2099082	12.897678
16.824848	1.1189357	2.1611392	12.856539
16.832645	1.0989616	2.1106884	12.80717
16.841999	1.0889746	2.0585563	12.798943
16.831085	1.0854307	2.006424	12.757802
16.824848	1.0744772	1.9559733	12.712547
16.815493	1.0796318	1.9038408	12.700206
16.812374	1.0822091	1.8500268	12.667294
16.810814	1.0686783	1.8004169	12.622039
16.813934	1.0805984	1.7508072	12.609697
16.823288	1.0802761	1.6986748	12.597354
16.831085	1.0667453	1.6448609	12.539758
16.831085	1.0844643	1.5927284	12.543873
16.829525	1.0770545	1.5389144	12.519189
16.820171	1.0635237	1.4859413	12.46982
16.813934	1.0776988	1.432968	12.449249
16.79834	1.0822091	1.3808358	12.416337
16.795223	1.0593356	1.3287034	12.366969
16.803019	1.0593356	1.2790935	12.366969
16.812374	1.0805984	1.2303246	12.350513
16.827967	1.0577247	1.1798739	12.30526
16.831085	1.0458047	1.1294234	12.276461
16.834204	1.0667453	1.0747685	12.280575
16.813934	1.060302	1.0243179	12.247663
16.7999	1.048382	0.97302639	12.222979
16.79834	1.0548253	0.92173493	12.190066
16.792103	1.0551474	0.87212515	12.173611
16.807697	1.0580469	0.82419705	12.15304
16.82173	1.0432274	0.7762689	12.103673
16.832645	1.0390394	0.72665918	12.091331
16.834204	1.0438718	0.67704934	12.054305
16.826408	1.0255085	0.62743962	12.017278
16.815493	1.0148771	0.576989	12.004936
16.813934	1.0371064	0.52737921	11.980252
16.803019	1.0193874	0.47776946	11.951453
16.813934	1.0193874	0.42900053	11.955568
16.813934	1.0332404	0.3785499	11.939112
16.824848	1.0219647	0.33146265	11.910314
16.824848	1.022609	0.28269377	11.852716
16.826408	1.016488	0.23392484	11.799235
16.82173	1.0055344	0.18347423	11.786893
16.818611	1.0007019	0.13302363	11.774551
16.815493	0.9978025	0.085095562	11.729296
16.810814	0.9978025	0.034644961	11.741639
16.817051	1.0122998	-0.01664648	11.729296
16.815493	1.0151993	-0.064574547	11.69227
16.818611	1.0110111	-0.11502513	11.659359
16.82173	1.0219647	-0.16547573	11.642902
16.820171	1.0168101	-0.21508548	11.618218
16.817051	1.0139107	-0.26301354	11.556508
16.817051	1.0032792	-0.31430498	11.54828
16.812374	1.0090781	-0.36475557	11.523596
16.809256	1.0122998	-0.41268361	11.50714
16.812374	0.99586952	-0.46145251	11.457771
16.815493	0.9978025	-0.50938058	11.461885
16.817051	0.99748033	-0.55983114	11.441316
16.817051	0.99200356	-0.60691833	11.424859
16.812374	1.0019906	-0.65652806	11.396061
16.810814	1.0058565	-0.70529693	11.387833
16.809256	1.0003798	-0.75490665	11.367263
16.806137	0.9881376	-0.80199391	11.330236
16.813934	1.0003798	-0.84824026	11.359035
16.818611	0.9942587	-0.89616829	11.280869
16.813934	0.98974842	-0.9415738	11.260299
16.813934	0.99135923	-0.98782015	11.239728
16.818611	0.98008353	-1.0340666	11.19036
16.809256	0.98137218	-1.0819945	11.202702
16.809256	0.96816349	-1.1274	11.178018
16.813934	0.97525108	-1.1744872	11.153334
16.810814	0.96300888	-1.2190518	11.145105
16.810814	0.95173317	-1.2627757	11.112193
16.807697	0.96687484	-1.3123854	11.103966
16.809256	0.95592129	-1.3527459	11.04637
16.812374	0.94464564	-1.3964697	11.050483
16.813934	0.96010941	-1.4410343	11.013457
16.820171	0.9646197	-1.485599	11.001115
16.810814	0.95076674	-1.5293229	10.980545
16.820171	0.96429753	-1.5722058	10.968203
16.813934	0.97202945	-1.6167704	10.951747
16.807697	0.95946509	-1.6604942	10.914721
16.810814	0.97009647	-1.7000138	10.881809
16.806137	0.967197	-1.7454193	10.865353
16.810814	0.95463264	-1.7883022	10.873581
16.813934	0.96848565	-1.832026	10.836555
16.817051	0.95269966	-1.8715457	10.787187
16.818611	0.94657862	-1.9152695	10.820099
16.818611	0.9584986	-1.9556299	10.799528
16.809256	0.9549548	-1.9976721	10.746046
16.818611	0.95269966	-2.0422366	10.737818
16.818611	0.94528997	-2.0851195	10.704906
16.806137	0.94367915	-2.1271617	10.700792
16.807697	0.92950398	-2.1658404	10.647309
16.804577	0.93820238	-2.2078826	10.655538
16.807697	0.94174618	-2.2499247	10.622625
16.809256	0.94464564	-2.291126	10.622625
16.810814	0.94722295	-2.3314865	10.60617
16.806137	0.95044458	-2.3718469	10.565029
16.803019	0.9523775	-2.4113662	10.544459
16.80146	0.9362694	-2.4500451	10.540345
16.804577	0.94947809	-2.4878829	10.556801
16.80146	0.93594724	-2.524039	10.49509
16.807697	0.91693962	-2.5627179	10.482749
16.809256	0.91339582	-2.6013966	10.482749
16.809256	0.93111479	-2.637553	10.482749
16.807697	0.90179795	-2.6728683	10.425153
16.807697	0.90244228	-2.7090244	10.416924
16.80146	0.91500664	-2.7451806	10.441608
16.806137	0.90469742	-2.7804959	10.367557
16.7999	0.89374393	-2.812448	10.363442
16.806137	0.91242933	-2.8494449	10.388126
16.7999	0.9005093	-2.8822377	10.355214
16.807697	0.90727472	-2.9167123	10.355214
16.809256	0.90405309	-2.9478233	10.314074
16.810814	0.90695256	-2.9839795	10.318188
16.807697	0.91114068	-3.01425	10.272934
16.806137	0.90437526	-3.045361	10.272934
16.806137	0.90727472	-3.078995	10.309959
16.810814	0.92177206	-3.110106	10.272934
16.813934	0.90791905	-3.1412172	10.244136
16.806137	0.89309961	-3.1731691	10.231794
16.807697	0.90437526	-3.2042801	10.215338
16.809256	0.89438826	-3.2345507	10.215338
16.804577	0.887945	-3.2639802	10.198882
16.804577	0.88536769	-3.2942502	10.16597
16.806137	0.88375688	-3.3253613	10.141286
16.804577	0.89567691	-3.3522685	10.153627
16.807697	0.90405309	-3.3808568	10.149513
16.807697	0.89857632	-3.4094455	10.133058
16.813934	0.89760983	-3.4380343	10.112488
16.813934	0.90373093	-3.4683044	10.112488
16.813934	0.88343471	-3.4943705	10.116602
16.813934	0.87763578	-3.5221183	10.059005
16.813934	0.89277744	-3.5523887	10.059005
16.807697	0.89213312	-3.5776138	10.096031
16.807697	0.88601202	-3.6045208	10.034321
16.80146	0.89181095	-3.6305869	10.046663
16.7999	0.88891149	-3.6566529	10.026093
16.7999	0.89277744	-3.682719	10.026093
16.803019	0.87731361	-3.7071035	9.9931812
16.80146	0.87151468	-3.7340105	10.001409
16.7999	0.89503258	-3.7558722	9.9972944
16.804577	0.88633418	-3.7785752	9.9808388
16.806137	0.88117957	-3.7995961	9.9561548
16.806137	0.90276444	-3.8239806	9.9808388
16.807697	0.8844012	-3.8424792	9.9355841
16.807697	0.88536769	-3.8685453	9.9479265
16.809256	0.90598607	-3.8878844	9.9520407
16.809256	0.90566391	-3.9105871	9.9643831
16.807697	0.90083146	-3.9299264	9.906786
16.7999	0.91081852	-3.9475842	9.9314709
16.803019	0.87924659	-3.9694459	9.8862162
16.80146	0.88117957	-3.9879446	9.882102
16.803019	0.87860227	-4.0047612	9.8903303
16.803019	0.89181095	-4.0232596	9.8944445
16.804577	0.90405309	-4.0425992	9.8985586
16.806137	0.87699145	-4.0585752	9.8450756
16.812374	0.88343471	-4.0770736	9.8779879
16.810814	0.89793199	-4.0938907	9.8615322
16.817051	0.87409198	-4.1107073	9.8203917
16.813934	0.87312549	-4.1292057	9.8245058
16.815493	0.88987797	-4.1435003	9.8491898
16.813934	0.87151468	-4.1594763	9.7915936
16.810814	0.872159	-4.1754522	9.8080502
16.806137	0.88375688	-4.1905875	9.8162775
16.807697	0.872159	-4.2074041	9.7710238
16.806137	0.87376982	-4.2216983	9.803936
16.809256	0.88633418	-4.2351522	9.803936
16.809256	0.87473631	-4.2502871	9.7874794
16.807697	0.8695817	-4.2620587	9.7833652
16.803019	0.87022603	-4.2763529	9.7792521
16.806137	0.85862815	-4.2889657	9.7545671
16.810814	0.86313844	-4.3024192	9.7751379
16.807697	0.86056113	-4.3141909	9.7627954
16.815493	0.85572869	-4.3268037	9.7504539
16.809256	0.86442709	-4.3402572	9.7422256
16.807697	0.85766166	-4.3537107	9.7463398
16.806137	0.85411787	-4.3638005	9.7422256
16.806137	0.86571574	-4.3747315	9.7463398
16.806137	0.86184978	-4.388185	9.7463398
16.804577	0.86474925	-4.3965936	9.7216549
16.7999	0.86056113	-4.4083652	9.7134275
16.803019	0.86056113	-4.4167733	9.7010851
16.804577	0.86249411	-4.4243412	9.6846294
16.806137	0.85315138	-4.4335904	9.6846294
16.803019	0.84767467	-4.441999	9.6969709
16.812374	0.85766166	-4.4520888	9.7093134
16.818611	0.85025191	-4.4588156	9.7134275
16.815493	0.83511031	-4.4647017	9.6928568
16.813934	0.85605085	-4.4756322	9.6969709
16.812374	0.85637301	-4.4806776	9.6599445
16.807697	0.83704329	-4.488245	9.6681728
16.809256	0.86797088	-4.4974942	9.7051992
16.813934	0.86668223	-4.5033803	9.6681728
16.807697	0.84638602	-4.510107	9.6599445
16.809256	0.86603791	-4.5176744	9.6846294
16.809256	0.88762283	-4.5235605	9.7051992
16.803019	0.86990386	-4.5302873	9.6681728
16.812374	0.8573395	-4.5344911	9.6434889
16.815493	0.85025191	-4.5420589	9.6352606
16.813934	0.84606385	-4.5479445	9.6517172
16.813934	0.84574169	-4.5513082	9.647603
16.820171	0.8486411	-4.558876	9.647603
16.818611	0.84284222	-4.5656023	9.6805153
16.813934	0.83994275	-4.5740108	9.6146917
16.817051	0.84606385	-4.5782151	9.6352606
16.813934	0.84123141	-4.5857825	9.6311464
16.804577	0.83704329	-4.5916686	9.6270332
16.812374	0.82705623	-4.5967135	9.6188059
16.807697	0.82866704	-4.6017585	9.6270332
16.804577	0.8386541	-4.6084852	9.6558313
16.810814	0.83768761	-4.6110082	9.5858936
16.809256	0.83704329	-4.6160531	9.6270332
16.813934	0.85154057	-4.6219387	9.6311464
16.818611	0.85572869	-4.6253023	9.5900078
16.818611	0.84767467	-4.6303473	9.6064634
16.815493	0.83511031	-4.6345515	9.594121
16.817051	0.86281627	-4.6387558	9.6064634
16.815493	0.85347354	-4.6429601	9.5817795
16.813934	0.85154057	-4.6471643	9.569437
16.806137	0.84606385	-4.6522088	9.6105776
16.806137	0.85508436	-4.6564136	9.5982351
16.807697	0.84541953	-4.6597767	9.5488672
16.80146	0.84413087	-4.6631403	9.5858936
16.803019	0.8547622	-4.6673441	9.6270332
16.809256	0.86281627	-4.6707077	9.5776653
16.804577	0.84026492	-4.6723895	9.5858936
16.806137	0.84896326	-4.674912	9.6023493
16.813934	0.86571574	-4.6799569	9.6188059
16.812374	0.86893737	-4.6816382	9.6146917
16.818611	0.85830599	-4.6850019	9.5735512
16.817051	0.85766166	-4.6875243	9.6064634
16.820171	0.85282922	-4.6900468	9.5817795
16.815493	0.85508436	-4.6925697	9.5858936
16.818611	0.84703034	-4.6942515	9.569437
16.812374	0.84155357	-4.6976147	9.5612087
16.812374	0.84606385	-4.7009783	9.569437
16.813934	0.84348655	-4.7035003	9.569437
16.812374	0.8573395	-4.7085457	9.5817795
16.813934	0.85411787	-4.7085457	9.5612087
16.812374	0.83221084	-4.7119088	9.5570955
16.813934	0.84155357	-4.7135906	9.5817795
16.817051	0.84896326	-4.7169538	9.5529814
16.813934	0.85411787	-4.7169538	9.5776653
16.818611	0.85701734	-4.721158	9.5529814
16.817051	0.87376982	-4.723681	9.5776653
16.824848	0.85991681	-4.7287259	9.5488672
16.820171	0.85669518	-4.7287259	9.5612087
16.813934	0.87666929	-4.7329297	9.6023493
16.806137	0.87312549	-4.7362933	9.569437
16.806137	0.85637301	-4.7396564	9.5488672
16.809256	0.86410493	-4.7413383	9.5776653
16.807697	0.8473525	-4.7430201	9.5365248
16.812374	0.83060002	-4.7463837	9.5447531
16.809256	0.84090924	-4.7455425	9.569437
16.812374	0.85379571	-4.7489057	9.5735512
16.815493	0.8386541	-4.7497468	9.5324106
16.815493	0.832533	-4.7531104	9.5406389
16.820171	0.85089624	-4.7547917	9.5447531
16.818611	0.84960759	-4.7573142	9.5365248
16.82173	0.85444003	-4.7564735	9.5447531
16.812374	0.85637301	-4.758996	9.5447531
16.810814	0.8573395	-4.7615185	9.5447531
16.812374	0.86184978	-4.7631998	9.5447531
16.815493	0.85991681	-4.7657228	9.5488672
16.813934	0.84896326	-4.7674046	9.5406389
16.812374	0.84896326	-4.7674046	9.5241833
16.807697	0.84509736	-4.7682452	9.5282974
16.810814	0.8386541	-4.7674046	9.5406389
16.813934	0.84090924	-4.7682452	9.5324106
16.812374	0.82254595	-4.7707677	9.515955
16.818611	0.83060002	-4.7724495	9.5324106
16.818611	0.83027786	-4.7707677	9.5447531
16.820171	0.82963353	-4.7724495	9.5118408
16.82173	0.84638602	-4.7766538	9.5282974
16.817051	0.85379571	-4.7766538	9.5324106
16.809256	0.82963353	-4.7791762	9.515955
16.82173	0.83768761	-4.780858	9.5282974
16.817051	0.8386541	-4.7833805	9.5200691
16.813934	0.8447752	-4.7833805	9.5406389
16.813934	0.84026492	-4.7850618	9.5036125
16.815493	0.84090924	-4.7875848	9.5282974
16.817051	0.84155357	-4.7875848	9.5200691
16.809256	0.84026492	-4.7875848	9.5118408
16.809256	0.83060002	-4.7884254	9.5200691
16.813934	0.83575463	-4.7934704	9.5200691
16.820171	0.84380871	-4.7934704	9.5447531
16.820171	0.84606385	-4.7959929	9.5324106
16.820171	0.86152762	-4.7951522	9.5282974
16.815493	0.85347354	-4.7976747	9.5406389
16.817051	0.86023897	-4.8001971	9.5447531
16.820171	0.86732656	-4.8018789	9.5447531
16.809256	0.84348655	-4.8010378	9.515955
16.812374	0.83672112	-4.8035607	9.5200691
16.810814	0.83446598	-4.8044014	9.515955
16.807697	0.82737839	-4.8035607	9.5077267
16.806137	0.8447752	-4.8044014	9.5570955
16.812374	0.84541953	-4.8035607	9.515955
16.813934	0.83672112	-4.8060832	9.5036125
16.820171	0.83672112	-4.8069239	9.4994993
16.820171	0.83156651	-4.8052425	9.4871569
16.826408	0.82834488	-4.8077645	9.5200691
16.818611	0.8473525	-4.8077645	9.5488672
16.810814	0.8473525	-4.8094463	9.5447531
16.815493	0.83962059	-4.8111281	9.5118408
16.820171	0.82866704	-4.8102875	9.5077267
16.813934	0.82834488	-4.8102875	9.5036125
16.813934	0.83897626	-4.8094463	9.491271
16.813934	0.82705623	-4.8128099	9.491271
16.815493	0.83639896	-4.8094463	9.4953852
16.818611	0.86249411	-4.8136506	9.5118408
16.820171	0.85669518	-4.8111281	9.5036125
16.815493	0.86281627	-4.8128099	9.5036125
16.818611	0.86313844	-4.8128099	9.5365248
16.820171	0.86668223	-4.8136506	9.5282974
16.818611	0.8757028	-4.8144913	9.515955
16.82173	0.86668223	-4.8136506	9.515955
16.818611	0.84509736	-4.8144913	9.4871569
16.813934	0.85025191	-4.8170142	9.5077267
16.815493	0.84123141	-4.8153324	9.4871569
16.813934	0.83704329	-4.8170142	9.5200691
16.812374	0.83639896	-4.818696	9.4994993
16.815493	0.82608974	-4.8195367	9.4953852
16.813934	0.82802272	-4.821218	9.5077267
16.806137	0.83382165	-4.8203773	9.4953852
16.809256	0.83962059	-4.8220592	9.515955
16.812374	0.84670818	-4.8245816	9.5077267
16.820171	0.84767467	-4.8220592	9.5200691
16.820171	0.8473525	-4.8237405	9.5200691
16.823288	0.8486411	-4.8245816	9.515955
16.817051	0.8486411	-4.8254223	9.5118408
16.820171	0.84831893	-4.8262634	9.5118408
16.818611	0.84123141	-4.8287859	9.5077267
16.817051	0.83962059	-4.8271041	9.4871569
16.813934	0.84413087	-4.8304672	9.4789286
16.803019	0.8386541	-4.8304672	9.4994993
16.804577	0.83543247	-4.8279452	9.4994993
16.804577	0.84541953	-4.8296266	9.5241833
16.809256	0.83800977	-4.8304672	9.4994993
16.813934	0.84670818	-4.8279452	9.5118408
16.820171	0.84703034	-4.8304672	9.5118408
16.810814	0.83124435	-4.8304672	9.5077267
16.815493	0.83704329	-4.832149	9.5036125
16.820171	0.83800977	-4.8304672	9.4871569
16.813934	0.82963353	-4.8304672	9.5077267
16.818611	0.83124435	-4.8304672	9.4871569
16.820171	0.83704329	-4.8304672	9.5036125
16.818611	0.83478814	-4.832149	9.491271
16.809256	0.832533	-4.8313084	9.5077267
16.810814	0.82576758	-4.8329902	9.4748144
16.809256	0.81481403	-4.8313084	9.4789286
16.812374	0.81835783	-4.832149	9.5200691
16.813934	0.82898921	-4.8329902	9.491271
16.815493	0.81674701	-4.8338308	9.4871569
16.818611	0.81996864	-4.8329902	9.5118408
16.818611	0.82447892	-4.8338308	9.4953852
16.82173	0.82802272	-4.8338308	9.4953852
16.824848	0.81932431	-4.8363533	9.4624729
16.820171	0.82093513	-4.837194	9.5200691
16.824848	0.82608974	-4.8388758	9.4871569
16.820171	0.83704329	-4.8380351	9.4871569
16.813934	0.8299557	-4.8397169	9.4953852
16.813934	0.83446598	-4.8422394	9.491271
16.807697	0.84928542	-4.8422394	9.5036125
16.806137	0.84670818	-4.8422394	9.4871569
16.807697	0.83704329	-4.8447618	9.491271
16.809256	0.85057408	-4.8439207	9.4953852
16.817051	0.85186273	-4.8422394	9.4707003
16.817051	0.83897626	-4.8413987	9.5036125
16.815493	0.84123141	-4.84308	9.4871569
16.820171	0.85540652	-4.84308	9.515955
16.82173	0.8360768	-4.84308	9.4871569
16.820171	0.81255889	-4.8439207	9.4707003
16.818611	0.82351243	-4.848125	9.4953852
16.813934	0.82222378	-4.8464437	9.491271
16.817051	0.83285517	-4.8472843	9.5077267
16.820171	0.84413087	-4.848125	9.4871569
16.809256	0.84574169	-4.8498068	9.4994993
16.810814	0.84252006	-4.8514886	9.5077267
16.809256	0.83833194	-4.8472843	9.4583588
16.809256	0.84638602	-4.8472843	9.5077267
16.818611	0.8473525	-4.8514886	9.4830427
16.82173	0.83897626	-4.8489661	9.4748144
16.820171	0.84026492	-4.8506474	9.4871569
16.818611	0.86056113	-4.8489661	9.4830427
16.817051	0.84799683	-4.8506474	9.4748144
16.817051	0.8360768	-4.8506474	9.4665871
16.820171	0.84606385	-4.8523293	9.491271
16.818611	0.84445304	-4.8531699	9.4830427
16.817051	0.82802272	-4.8531699	9.4665871
16.817051	0.83704329	-4.8540111	9.4542446
16.812374	0.82480109	-4.8565335	9.4583588
16.812374	0.8299557	-4.8548517	9.4624729
16.806137	0.8299557	-4.8573747	9.4624729
16.812374	0.8360768	-4.8548517	9.4748144
16.810814	0.8486411	-4.8573747	9.491271
16.820171	0.85444003	-4.8573747	9.5324106
16.820171	0.85669518	-4.8573747	9.4830427
16.824848	0.86313844	-4.8582153	9.4871569
16.823288	0.85025191	-4.8607378	9.4830427
16.817051	0.85862815	-4.8615785	9.4830427
16.820171	0.86507142	-4.8615785	9.4748144
16.815493	0.84831893	-4.8624196	9.4583588
16.815493	0.85830599	-4.8641014	9.491271
16.815493	0.85927248	-4.8657827	9.4707003
16.809256	0.87087035	-4.8657827	9.4994993
16.810814	0.86571574	-4.8674645	9.5036125
16.809256	0.86797088	-4.8674645	9.4748144
16.809256	0.85637301	-4.8691463	9.4830427
16.807697	0.84606385	-4.8666234	9.4748144
16.812374	0.87087035	-4.8674645	9.5077267
16.818611	0.85830599	-4.8666234	9.4830427
16.820171	0.83833194	-4.8674645	9.4665871
16.818611	0.86249411	-4.8683052	9.5118408
16.818611	0.83929843	-4.8674645	9.4542446
16.820171	0.83317733	-4.869987	9.4624729
16.815493	0.8421979	-4.8725095	9.4830427
16.810814	0.8473525	-4.8716688	9.5036125
16.818611	0.84155357	-4.8733501	9.4871569
16.809256	0.83382165	-4.8716688	9.4748144
16.807697	0.82931137	-4.8725095	9.491271
16.807697	0.83092219	-4.8733501	9.4871569
16.809256	0.84090924	-4.8708282	9.491271
16.813934	0.84799683	-4.8741913	9.4707003
16.818611	0.8473525	-4.8708282	9.4707003
16.82173	0.84638602	-4.8750319	9.4624729
16.824848	0.84960759	-4.8725095	9.4830427
16.823288	0.84928542	-4.8741913	9.4665871
16.82173	0.83962059	-4.8741913	9.4789286
16.823288	0.85572869	-4.8783956	9.491271
16.817051	0.85862815	-4.8767138	9.4748144
16.813934	0.84509736	-4.8792362	9.4748144
16.813934	0.8512184	-4.8800769	9.4748144
16.809256	0.85250705	-4.880918	9.4460163
16.809256	0.84413087	-4.8825994	9.4419022
16.810814	0.83027786	-4.880918	9.4501305
16.807697	0.83768761	-4.8825994	9.4624729
16.806137	0.81706917	-4.8825994	9.4542446
16.813934	0.82834488	-4.880918	9.4665871
16.817051	0.832533	-4.8817587	9.4707003
16.817051	0.81900215	-4.880918	9.4542446
16.815493	0.81578052	-4.8800769	9.4707003
16.815493	0.83575463	-4.8800769	9.4830427
16.813934	0.8202908	-4.8783956	9.4542446
16.812374	0.83704329	-4.8792362	9.4707003
16.812374	0.84670818	-4.8775544	9.4665871
16.810814	0.84155357	-4.8767138	9.4665871
16.810814	0.84896326	-4.8750319	9.491271
16.807697	0.85444003	-4.8767138	9.4789286
16.809256	0.83929843	-4.8725095	9.4707003
16.812374	0.84767467	-4.8725095	9.4953852
16.807697	0.84960759	-4.8708282	9.4789286
16.813934	0.84123141	-4.8657827	9.4748144
16.813934	0.83704329	-4.8657827	9.4789286
16.809256	0.83962059	-4.8632603	9.4871569
16.809256	0.83478814	-4.8607378	9.4994993
16.807697	0.8264119	-4.8598967	9.4748144
16.815493	0.83027786	-4.8556929	9.4748144
16.817051	0.82415676	-4.8514886	9.5118408
16.812374	0.83511031	-4.8506474	9.4994993
16.813934	0.8360768	-4.8464437	9.491271
16.813934	0.83768761	-4.8439207	9.4994993
16.813934	0.84799683	-4.8397169	9.4789286
16.820171	0.85154057	-4.8380351	9.5036125
16.815493	0.85282922	-4.834672	9.4871569
16.810814	0.86539358	-4.8304672	9.5365248
16.807697	0.85798383	-4.8279452	9.5077267
16.817051	0.85411787	-4.8245816	9.4953852
16.813934	0.83994275	-4.821218	9.5324106
16.809256	0.84252006	-4.8170142	9.515955
16.812374	0.82802272	-4.8144913	9.4830427
16.812374	0.82254595	-4.8102875	9.491271
16.813934	0.82866704	-4.8044014	9.5077267
16.809256	0.84155357	-4.8018789	9.5324106
16.813934	0.83929843	-4.7985153	9.5241833
16.815493	0.83188868	-4.7926292	9.5365248
16.813934	0.85282922	-4.7892666	9.5200691
16.809256	0.85154057	-4.785903	9.5529814
16.812374	0.84574169	-4.7800169	9.5406389
16.812374	0.86056113	-4.7774944	9.5447531
16.810814	0.85250705	-4.7716084	9.5365248
16.807697	0.8512184	-4.7657228	9.5282974
16.815493	0.84896326	-4.7598372	9.5406389
16.813934	0.85637301	-4.7522693	9.5406389
16.812374	0.86281627	-4.7505875	9.5570955
16.810814	0.8634606	-4.7421789	9.5858936
16.809256	0.86442709	-4.737134	9.5817795
16.807697	0.86378276	-4.7304077	9.5612087
16.806137	0.86474925	-4.726203	9.6023493
16.809256	0.84316438	-4.7177949	9.5735512
16.809256	0.85250705	-4.7093863	9.5612087
16.807697	0.84541953	-4.7026596	9.5817795
16.806137	0.84123141	-4.6950922	9.594121
16.810814	0.85411787	-4.685843	9.5900078
16.809256	0.8473525	-4.6765938	9.5858936
16.804577	0.84348655	-4.6673441	9.5982351
16.804577	0.87054819	-4.658936	9.6188059
16.807697	0.8486411	-4.648005	9.5858936
16.812374	0.85766166	-4.6395965	9.6023493
16.807697	0.85959464	-4.6286654	9.6393747
16.803019	0.85444003	-4.6168938	9.6105776
16.7999	0.87087035	-4.6042814	9.6352606
16.7999	0.86120546	-4.5925093	9.647603
16.795223	0.85025191	-4.5790558	9.6640587
16.787426	0.85895032	-4.5613985	9.6805153
16.790545	0.8421979	-4.5471039	9.6599445
16.788986	0.84767467	-4.5319691	9.725769
16.788986	0.84896326	-4.5117884	9.6805153
16.788986	0.84348655	-4.4924493	9.6887436
16.77807	0.85830599	-4.4705877	9.7339973
16.782749	0.86152762	-4.4512482	9.7381115
16.771833	0.8547622	-4.426023	9.7298832
16.771833	0.84606385	-4.3982754	9.7339973
16.773392	0.86281627	-4.3713679	9.8162775
16.765596	0.86152762	-4.3427796	9.7915936
16.759359	0.86636007	-4.3091459	9.8080502
16.754681	0.86152762	-4.2755122	9.8203917
16.750002	0.85895032	-4.2359929	9.8121634
16.742207	0.86539358	-4.1964731	9.8327341
16.731291	0.87409198	-4.1502266	9.8944445
16.725054	0.86829305	-4.1031399	9.9191284
16.71258	0.8782801	-4.0526891	9.9232426
16.701666	0.89342177	-3.9929898	9.9643831
16.69075	0.87602496	-3.9324491	9.9767246
16.672039	0.88536769	-3.8618183	10.001409
16.662683	0.89374393	-3.7878244	10.054892
16.645531	0.8844012	-3.7079444	10.096031
16.623701	0.89309961	-3.6162927	10.1454
16.608109	0.90018713	-3.5170732	10.18654
16.590958	0.90566391	-3.4069233	10.240023
16.569126	0.91114068	-3.2900462	10.309959
16.550415	0.90179795	-3.1597154	10.359328
16.536383	0.90276444	-3.0184541	10.416924
16.520788	0.91339582	-2.8637395	10.482749
16.508314	0.91242933	-2.6955709	10.573257
16.489603	0.92048341	-2.5139492	10.655538
16.481808	0.92241639	-2.3188736	10.754274
16.47245	0.92982614	-2.1103449	10.902379
16.467773	0.93433642	-1.8866808	11.009343
16.467773	0.93916887	-1.6478816	11.091623
16.464655	0.97299594	-1.3939471	11.256185
16.47401	0.98008353	-1.1265593	11.379605
16.484924	0.97492892	-0.84403604	11.52771
16.49584	0.98942626	-0.55058187	11.716955
16.517672	1.0081117	-0.2428333	11.852716
16.547297	1.0084338	0.072482914	12.046077
16.587837	1.0371064	0.40041184	12.239435
16.620583	1.0680339	0.73590845	12.432794
16.664242	1.0696448	1.0789727	12.613811
16.711021	1.081887	1.4270821	12.815398
16.764036	1.1205466	1.7709875	13.054011
16.824848	1.1173249	2.1199379	13.235027
16.8841	1.1308557	2.4655252	13.47364
16.949591	1.1543736	2.8035448	13.683456
17.002605	1.1646829	3.1373603	13.901499
17.071215	1.1804688	3.4577224	14.086631
17.135145	1.1985099	3.7612677	14.267648
17.205313	1.2039868	4.0513597	14.432208
17.258327	1.2181619	4.3195896	14.609111
17.319139	1.2526333	4.5667982	14.798356
17.348766	1.2616539	4.7913041	14.954689
17.365917	1.2900043	4.9931073	15.135706
17.369036	1.3035351	5.1696854	15.20153
17.161652	1.311267	5.314311	15.308495
16.512993	1.3267308	5.3891463	15.407231
15.8082	1.3344628	5.3807378	15.431915
15.044153	1.3322076	5.316833	15.460712
14.322209	1.3086897	5.2369528	15.448371
13.614298	1.3302746	5.1621175	15.489511
12.998385	1.3286638	5.1040988	15.473056
12.476028	1.3189989	5.0612159	15.448371
12.051906	1.3154551	5.0183325	15.448371
11.705747	1.3099784	4.9788127	15.440144
11.428196	1.3045015	4.9409747	15.431915
11.213016	1.3244756	4.9064999	15.4278
11.030581	1.3202876	4.8753886	15.4278
10.880892	1.3148108	4.847641	15.407231
10.753031	1.3280195	4.8291421	15.399003
10.643882	1.3196433	4.8114843	15.423687
10.542529	1.3061124	4.798872	15.399003
10.464565	1.3209319	4.7929859	15.399003
10.394399	1.3086897	4.785418	15.378432
10.338265	1.3148108	4.7795324	15.403116
10.28369	1.3280195	4.7719646	15.399003
10.221319	1.3070788	4.7694421	15.370204
10.160508	1.3173881	4.7677603	15.415459
10.095017	1.315133	4.7686014	15.390775
10.032647	1.3115891	4.7677603	15.399003
9.9765129	1.3328519	4.7677603	15.452484
9.9219389	1.3254422	4.7669196	15.407231
9.8611279	1.3074011	4.7677603	15.403116
9.8018751	1.3045015	4.7677603	15.399003
9.7317085	1.311267	4.7677603	15.436028
9.6568632	1.3022465	4.7677603	15.4278
9.5820179	1.2964475	4.7711239	15.431915
9.5149689	1.3067567	4.7711239	15.456599
9.4448023	1.309334	4.7719646	15.440144
9.3715162	1.3009578	4.7728052	15.419573
9.2919931	1.3122334	4.7711239	15.444257
9.2155895	1.3051459	4.7728052	15.473056
9.1298294	1.2900043	4.7761688	15.4278
9.0471878	1.3054681	4.7761688	15.456599
8.9723425	1.2999913	4.7761688	15.49774
8.9006166	1.2990248	4.7753282	15.485396
8.8242121	1.3028908	4.7753282	15.485396
8.738452	1.3067567	4.7761688	15.473056
8.6526918	1.3022465	4.7761688	15.510081
8.574729	1.3180324	4.7761688	15.477169
8.4967651	1.3132	4.7786913	15.456599
8.4297171	1.315133	4.77701	15.493625
8.3439569	1.3305968	4.7753282	15.481283
8.2784672	1.3383287	4.7753282	15.468941
8.2114182	1.3347849	4.7761688	15.460712
8.1412516	1.3312411	4.7728052	15.452484
8.0664072	1.3331741	4.7728052	15.464828
7.9993582	1.3399395	4.774487	15.468941
7.9385467	1.323187	4.7719646	15.485396
7.8855314	1.3360735	4.7702832	15.505968
7.8340755	1.3289859	4.7711239	15.522424
7.776382	1.3173881	4.7669196	15.534765
7.7233672	1.3289859	4.7669196	15.563564
7.664115	1.3363957	4.7660785	15.559449
7.618896	1.3206097	4.7660785	15.522424
7.5643215	1.3218983	4.7652378	15.563564
7.5206618	1.3257643	4.7643971	15.538879
7.4770026	1.3177103	4.7635565	15.530652
7.4271059	1.3302746	4.7635565	15.571792
7.3787689	1.3218983	4.7635565	15.555336
7.3382277	1.3144886	4.7627153	15.547108
7.2867718	1.3280195	4.7635565	15.575905
7.2431121	1.3222206	4.7635565	15.58002
7.1963339	1.3061124	4.7643971	15.555336
7.1511154	1.3038572	4.7635565	15.542994
7.0965405	1.3019242	4.7627153	15.555336
7.0528812	1.2883934	4.7643971	15.555336
7.006103	1.2906486	4.7627153	15.563564
6.9530878	1.3009578	4.7643971	15.567677
6.9047508	1.2967696	4.7627153	15.588248
6.8517356	1.3064345	4.7643971	15.58002
6.8127537	1.3148108	4.7635565	15.575905
6.7597384	1.3173881	4.7652378	15.592361
6.71452	1.3090118	4.7635565	15.555336
6.6646233	1.3077232	4.7635565	15.588248
6.6240826	1.3228649	4.7643971	15.592361
6.5695076	1.32512	4.7643971	15.604704
6.5211706	1.3180324	4.7627153	15.604704
6.4821887	1.3296303	4.7610335	15.612932
6.4369698	1.3103005	4.7627153	15.588248
6.3964291	1.311267	4.7627153	15.604704
6.3558879	1.3128778	4.7618747	15.584133
6.3059912	1.3202876	4.7618747	15.584133
6.2732463	1.3122334	4.7618747	15.592361
6.2358241	1.3225427	4.7593517	15.612932
6.1999612	1.3328519	4.7610335	15.629388
6.1609788	1.3260865	4.7585111	15.641729
6.1204381	1.3267308	4.7585111	15.621161
6.0939307	1.3218983	4.7593517	15.608817
6.0518303	1.32512	4.7601929	15.604704
6.0190859	1.3035351	4.7593517	15.592361
5.986341	1.3164216	4.7576704	15.608817
5.9613924	1.3206097	4.7585111	15.617045
5.928648	1.3235092	4.7568297	15.596477
5.8927851	1.315133	4.7585111	15.588248
5.8615999	1.3341405	4.7593517	15.633502
5.8366513	1.3302746	4.7568297	15.608817
5.8647184	1.3351071	4.7551479	15.596477
5.807025	1.3380065	4.7509437	15.60059
5.7992291	1.3418725	4.7543068	15.604704
5.764925	1.3293082	4.7543068	15.617045
5.771162	1.32512	4.7517843	15.621161
5.7150288	1.3128778	4.7534661	15.596477
5.7087913	1.319321	4.7534661	15.633502
5.6729279	1.3135221	4.752625	15.608817
5.6479797	1.3141664	4.7543068	15.604704
5.6277094	1.3215762	4.752625	15.621161
5.598083	1.3244756	4.7543068	15.612932
5.5778127	1.3209319	4.7543068	15.641729
5.5481863	1.3296303	4.7543068	15.633502
5.5279164	1.3318855	4.7551479	15.666413
5.4982896	1.3363957	4.7543068	15.658186
5.4717827	1.3412281	4.7559886	15.637616
5.4452748	1.3383287	4.7534661	15.637616
5.421886	1.3392951	4.7543068	15.612932
5.3907003	1.3351071	4.7543068	15.633502
5.3641934	1.3302746	4.7551479	15.637616
5.3314481	1.3328519	4.7559886	15.641729
5.3080597	1.315133	4.7559886	15.621161
5.2831111	1.3096561	4.7568297	15.658186
5.2550445	1.3012799	4.7551479	15.629388
5.2238588	1.3064345	4.7517843	15.641729
5.2004695	1.2999913	4.7551479	15.629388
5.1708436	1.3035351	4.7559886	15.637616
5.1443357	1.3106227	4.7551479	15.641729
5.1287432	1.3016021	4.7551479	15.633502
5.0991173	1.2977362	4.7534661	15.617045
5.0757279	1.3099784	4.7543068	15.654073
5.0523396	1.3086897	4.7543068	15.641729
5.0258322	1.3206097	4.7517843	15.649958
5.0040021	1.3273752	4.7543068	15.637616
4.985291	1.3186767	4.7551479	15.649958
4.9650202	1.3289859	4.7559886	15.645844
4.9494276	1.3260865	4.7551479	15.6623
4.9291573	1.3305968	4.752625	15.68287
4.9135647	1.3257643	4.7509437	15.641729
4.8964124	1.3247979	4.7517843	15.629388
4.8792605	1.3254422	4.752625	15.625274
4.8605494	1.3141664	4.752625	15.617045
4.8387198	1.3196433	4.7509437	15.629388
4.8246861	1.3341405	4.7501025	15.645844
4.8075342	1.3273752	4.7509437	15.658186
4.7950602	1.3254422	4.7509437	15.637616
4.7779083	1.3505709	4.7501025	15.6623
4.754519	1.3206097	4.7509437	15.617045
4.7404857	1.3273752	4.752625	15.625274
4.7186561	1.315133	4.7517843	15.608817
4.706182	1.3257643	4.7509437	15.612932
4.6890297	1.32512	4.7517843	15.633502
4.6687593	1.32512	4.7517843	15.608817
4.654726	1.3177103	4.752625	15.625274
4.6469297	1.3189989	4.7509437	15.649958
4.6250997	1.2993469	4.752625	15.617045
4.6079478	1.3054681	4.7517843	15.60059
4.6017108	1.3189989	4.7484212	15.641729
4.5829997	1.3148108	4.7501025	15.649958
4.5720849	1.2990248	4.7509437	15.596477
4.5580516	1.3077232	4.7501025	15.625274
4.5408998	1.2977362	4.7509437	15.633502
4.5299845	1.3012799	4.7501025	15.625274
4.5143919	1.319321	4.7492619	15.641729
4.5019178	1.3273752	4.7501025	15.612932
4.484766	1.323187	4.7492619	15.641729
4.469173	1.3380065	4.7501025	15.621161
4.4566989	1.3373622	4.7509437	15.592361
4.4426656	1.3312411	4.7492619	15.633502
4.4286323	1.3412281	4.7501025	15.625274
4.4145985	1.3396174	4.7501025	15.6623
4.4005651	1.346705	4.7501025	15.645844
4.3865318	1.3492823	4.7492619	15.649958
4.3740578	1.3450941	4.7509437	15.625274
4.3584652	1.3444498	4.7517843	15.641729
4.3428726	1.3380065	4.7501025	15.649958
4.3288393	1.346705	4.7509437	15.645844
4.314806	1.3167437	4.7509437	15.612932
4.3007722	1.3218983	4.7517843	15.645844
4.2898574	1.3128778	4.7501025	15.596477
4.2742648	1.3051459	4.7509437	15.629388
4.2602315	1.3074011	4.7517843	15.621161
4.2508755	1.3122334	4.7501025	15.670528
4.2368422	1.321254	4.7509437	15.637616
4.2290459	1.3077232	4.7501025	15.612932
4.2181311	1.3045015	4.7509437	15.641729
4.2103348	1.3273752	4.7484212	15.633502
4.1963015	1.3173881	4.7475801	15.645844
4.1885047	1.3083675	4.7458982	15.633502
4.1775899	1.3296303	4.7484212	15.649958
4.1666751	1.3164216	4.7475801	15.625274
4.1464047	1.3215762	4.7501025	15.604704
4.1354899	1.327053	4.7492619	15.621161
4.1261339	1.327053	4.7475801	15.633502
4.1105413	1.3218983	4.7492619	15.633502
4.099627	1.3125557	4.7509437	15.633502
4.0871525	1.3080454	4.7509437	15.641729
4.0777969	1.3305968	4.7492619	15.641729
4.0637636	1.3247979	4.7475801	15.629388
4.0528488	1.3247979	4.7501025	15.641729
4.0450525	1.3328519	4.7492619	15.629388
4.0325785	1.3367178	4.7484212	15.608817
4.0216632	1.3264086	4.7484212	15.604704
4.0154262	1.3222206	4.7475801	15.637616
4.0013928	1.342839	4.7501025	15.641729
3.990478	1.3141664	4.7501025	15.604704
3.9717667	1.3177103	4.7484212	15.658186
3.9748852	1.3344628	4.7475801	15.621161
3.9592927	1.3289859	4.7484212	15.604704
3.9546149	1.3122334	4.7492619	15.596477
3.9436998	1.3006356	4.7484212	15.60059
3.9343443	1.3115891	4.7484212	15.604704
3.9249887	1.3264086	4.7475801	15.608817
3.9218702	1.3135221	4.7484212	15.612932
3.9109552	1.3322076	4.7475801	15.641729
3.8984811	1.3367178	4.7501025	15.608817
3.8860068	1.3322076	4.7484212	15.608817
3.8766515	1.3405838	4.7484212	15.617045
3.8704145	1.3370401	4.7450576	15.592361
3.8579404	1.3450941	4.7484212	15.629388
3.8517034	1.3405838	4.7492619	15.608817
3.8407884	1.3296303	4.7484212	15.608817
3.8298736	1.3376844	4.7492619	15.625274
3.8220773	1.3238313	4.7501025	15.60059
3.81584	1.2938702	4.7484212	15.58002
3.8049252	1.2987026	4.7484212	15.604704
3.7971289	1.3099784	4.7501025	15.592361
3.7877734	1.3222206	4.7484212	15.617045
3.7737398	1.3215762	4.7484212	15.604704
3.7643843	1.3206097	4.7467394	15.596477
3.7550285	1.3338184	4.7492619	15.641729
3.7472322	1.3376844	4.7484212	15.621161
3.7425544	1.3199654	4.7492619	15.575905
3.7254026	1.3354292	4.7484212	15.629388
3.7207246	1.3479936	4.7492619	15.633502
3.711369	1.3331741	4.7484212	15.633502
3.7035728	1.3157773	4.7475801	15.596477
3.6957765	1.3344628	4.7492619	15.641729
3.6864207	1.3247979	4.7509437	15.629388
3.6755061	1.3109448	4.7467394	15.633502
3.6645913	1.3003135	4.7484212	15.612932
3.6630321	1.2967696	4.7475801	15.596477
3.652117	1.3070788	4.7492619	15.608817
3.6489985	1.2912929	4.7484212	15.596477
3.6365244	1.3180324	4.7484212	15.629388
3.6271689	1.3318855	4.7484212	15.608817
3.6193724	1.3299525	4.7492619	15.621161
3.6115761	1.3189989	4.7467394	15.612932
3.6006613	1.3421947	4.7484212	15.625274
3.5959835	1.3454163	4.7484212	15.608817
3.5913055	1.3486379	4.7458982	15.625274
3.5803907	1.3396174	4.7484212	15.588248
3.5725944	1.338973	4.7475801	15.617045
3.5616794	1.3363957	4.7467394	15.621161
3.5538831	1.3228649	4.7484212	15.649958
3.5460868	1.3038572	4.7484212	15.612932
3.5367312	1.3138443	4.7475801	15.60059
3.5320535	1.3244756	4.7484212	15.612932
3.5258162	1.321254	4.7501025	15.612932
3.5180199	1.3267308	4.7484212	15.596477
3.5024273	1.3363957	4.7475801	15.604704
3.5039866	1.3276973	4.7467394	15.608817
3.4977493	1.3293082	4.7458982	15.617045
3.4961901	1.3380065	4.7458982	15.633502
3.4868345	1.3463827	4.7458982	15.654073
3.4852753	1.3289859	4.7458982	15.604704
3.4774792	1.3090118	4.7475801	15.604704
3.4696829	1.3283416	4.7442164	15.621161
3.4618864	1.3177103	4.7458982	15.629388
3.4556494	1.3077232	4.7467394	15.612932
3.4525309	1.3070788	4.7467394	15.612932
3.4431753	1.3160994	4.7467394	15.654073
3.435379	1.3180324	4.7458982	15.604704
3.4275825	1.3135221	4.7467394	15.633502
3.4229047	1.3135221	4.7467394	15.608817
3.4166677	1.3280195	4.7484212	15.625274
3.4088714	1.3344628	4.7467394	15.621161
3.4041936	1.3302746	4.7467394	15.592361
3.3979564	1.3235092	4.7458982	15.625274
3.3901601	1.32512	4.7484212	15.604704
3.3839231	1.3241535	4.7467394	15.604704
3.3808045	1.3286638	4.7467394	15.617045
3.371449	1.3367178	4.7458982	15.604704
3.3636525	1.3460606	4.7450576	15.637616
3.3574154	1.3505709	4.7458982	15.584133
3.3527377	1.3376844	4.7458982	15.645844
3.3480599	1.3454163	4.7475801	15.604704
3.3387043	1.3463827	4.7484212	15.621161
3.3293486	1.3241535	4.7475801	15.588248
3.3246708	1.3148108	4.7475801	15.592361
3.3168745	1.3103005	4.7467394	15.592361
3.3168745	1.3199654	4.7475801	15.612932
3.3090782	1.3022465	4.7475801	15.621161
3.2997224	1.3006356	4.7475801	15.612932
3.2934856	1.3228649	4.7484212	15.621161
3.2888079	1.3183546	4.7475801	15.649958
3.2810116	1.3235092	4.7467394	15.629388
3.2778931	1.3260865	4.7458982	15.608817
3.2732153	1.3254422	4.7458982	15.617045
3.2685375	1.3354292	4.7467394	15.654073
3.2591817	1.321254	4.7475801	15.608817
3.2591817	1.3199654	4.7475801	15.608817
3.2482669	1.3222206	4.7450576	15.641729
3.2467077	1.3067567	4.7467394	15.617045
3.2357926	1.3103005	4.7458982	15.60059
3.2342334	1.3061124	4.7467394	15.625274
3.2326741	1.3264086	4.7467394	15.617045
3.2217593	1.3309189	4.7458982	15.608817
3.2170815	1.3344628	4.7458982	15.625274
3.213963	1.3431611	4.7458982	15.633502
3.207726	1.3454163	4.7442164	15.612932
3.1999295	1.3434833	4.7475801	15.621161
3.1983702	1.321254	4.7450576	15.592361
3.196811	1.3202876	4.7458982	15.604704
3.1999295	1.3090118	4.7458982	15.604704
3.1905739	1.3109448	4.7484212	15.604704
3.1843369	1.309334	4.7458982	15.604704
3.1796591	1.3064345	4.7467394	15.612932
3.1749811	1.3148108	4.7450576	15.625274
3.1656256	1.3138443	4.7475801	15.629388
3.1671848	1.3218983	4.7450576	15.625274
3.1656256	1.3360735	4.7458982	15.637616
3.1547108	1.3218983	4.7475801	15.617045
3.1547108	1.3351071	4.7458982	15.649958
3.1453552	1.3431611	4.7467394	15.641729
3.1344402	1.3318855	4.7458982	15.608817
3.1359994	1.32512	4.7467394	15.604704
3.1328809	1.3196433	4.7458982	15.612932
3.1297624	1.3367178	4.7450576	15.625274
3.1204071	1.3341405	4.7450576	15.637616
3.1157293	1.3225427	4.7442164	15.612932
3.1126108	1.3396174	4.7467394	15.629388
3.1094923	1.3402617	4.7442164	15.617045
3.1063738	1.3470271	4.7484212	15.612932
3.0985773	1.3360735	4.7458982	15.596477
3.0954587	1.3254422	4.7467394	15.596477
3.0861032	1.3202876	4.7467394	15.604704
3.0814254	1.3077232	4.7475801	15.596477
3.0798662	1.2980583	4.7458982	15.60059
3.0829847	1.3138443	4.7450576	15.633502
3.0705104	1.3132	4.7458982	15.625274
3.0689511	1.3183546	4.7450576	15.625274
3.0673919	1.3086897	4.7458982	15.571792
3.0611548	1.311267	4.7475801	15.592361
3.0595956	1.3138443	4.7467394	15.592361
3.0533586	1.311267	4.7450576	15.596477
3.0533586	1.3273752	4.7458982	15.588248
3.05024	1.3380065	4.7450576	15.649958
3.044003	1.3322076	4.7458982	15.596477
3.039325	1.3512152	4.7458982	15.629388
3.0362065	1.3309189	4.7450576	15.596477
3.0299695	1.3280195	4.7458982	15.592361
3.0284102	1.3425168	4.7450576	15.649958
3.0252917	1.3425168	4.7433758	15.621161
3.0237324	1.3463827	4.7458982	15.637616
3.0174954	1.3122334	4.7467394	15.596477
3.0112581	1.3241535	4.7458982	15.621161
3.0112581	1.3183546	4.7467394	15.621161
2.9987841	1.3109448	4.7450576	15.625274
3.0003433	1.2858161	4.7442164	15.584133
2.9987841	1.3038572	4.7467394	15.629388
2.9909878	1.3167437	4.7475801	15.621161
2.98631	1.3241535	4.7458982	15.621161
2.98631	1.3386508	4.7484212	15.625274
2.98631	1.3476714	4.7458982	15.629388
2.9816322	1.3499266	4.7450576	15.629388
2.9831915	1.3579806	4.7442164	15.625274
2.9785135	1.3450941	4.7467394	15.617045
2.9707172	1.3235092	4.7458982	15.584133
2.9629209	1.3351071	4.7450576	15.629388
2.9613616	1.3376844	4.7475801	15.641729
2.9629209	1.3344628	4.7467394	15.658186
2.9551246	1.3154551	4.7475801	15.60059
2.9566839	1.309334	4.7458982	15.617045
2.9504471	1.3302746	4.7458982	15.621161
2.9488878	1.3077232	4.7458982	15.60059
2.9426506	1.3096561	4.7442164	15.621161
2.9410913	1.3218983	4.7442164	15.629388
2.9364135	1.3238313	4.7458982	15.629388
2.933295	1.3383287	4.7475801	15.641729
2.933295	1.3267308	4.7433758	15.629388
2.9301765	1.3357514	4.7475801	15.625274
2.9317358	1.3405838	4.7442164	15.617045
2.9223802	1.344772	4.7458982	15.625274
2.9192617	1.3534703	4.7458982	15.629388
2.9192617	1.3586249	4.7450576	15.629388
2.9192617	1.3541147	4.7450576	15.625274
2.9130247	1.3338184	4.7458982	15.60059
2.9130247	1.3354292	4.7458982	15.654073
2.9130247	1.3196433	4.7450576	15.604704
2.9083467	1.3048238	4.7450576	15.604704
2.9052281	1.2893599	4.7458982	15.592361
2.9005504	1.3054681	4.7458982	15.641729
2.8958726	1.3138443	4.7458982	15.608817
2.8943133	1.3222206	4.7450576	15.604704
2.8911948	1.3357514	4.7467394	15.633502
2.8927541	1.3386508	4.7458982	15.596477
2.8880763	1.3418725	4.7450576	15.617045
2.8849578	1.3347849	4.7442164	15.608817
2.8818393	1.340906	4.7450576	15.629388
2.8833985	1.3273752	4.7450576	15.588248
2.8740427	1.3199654	4.7458982	15.608817
2.8802798	1.3206097	4.7458982	15.604704
2.869365	1.3241535	4.7450576	15.629388
2.8646872	1.3260865	4.7450576	15.625274
2.8678057	1.3125557	4.7450576	15.604704
2.8600094	1.3045015	4.7467394	15.592361
2.8584502	1.3032129	4.7450576	15.608817
2.8537724	1.3186767	4.7450576	15.637616
2.8553317	1.3154551	4.7425351	15.649958
2.8522131	1.3077232	4.7450576	15.629388
2.8490944	1.3173881	4.7458982	15.625274
2.8459759	1.3273752	4.7475801	15.649958
2.8366203	1.3315632	4.7442164	15.637616
2.8366203	1.3280195	4.7442164	15.641729
2.8366203	1.3280195	4.7442164	15.625274
2.8335018	1.3399395	4.7458982	15.678757
2.8366203	1.340906	4.7458982	15.633502
2.8350611	1.3357514	4.7433758	15.637616
2.8350611	1.3186767	4.7458982	15.654073
2.8303833	1.3070788	4.7442164	15.617045
2.8241463	1.2977362	4.7442164	15.629388
2.8194685	1.311267	4.7450576	15.637616
2.8210278	1.3025686	4.7450576	15.621161
2.817909	1.2919372	4.7450576	15.608817
2.8163497	1.3160994	4.7450576	15.629388
2.817909	1.3180324	4.7475801	15.629388
2.8101127	1.3222206	4.7450576	15.612932
2.8069942	1.3135221	4.7450576	15.633502
2.811672	1.3257643	4.7450576	15.658186
2.8069942	1.3363957	4.7442164	15.649958
2.8023164	1.3199654	4.7450576	15.629388
2.8023164	1.3354292	4.7425351	15.658186
2.8023164	1.3373622	4.7442164	15.649958
2.7960794	1.3325298	4.7450576	15.625274
2.7945201	1.3267308	4.7450576	15.612932
2.7914016	1.3077232	4.7450576	15.629388
2.7945201	1.3061124	4.7450576	15.625274
2.7836056	1.311267	4.7442164	15.658186
2.7867241	1.3276973	4.7425351	15.658186
2.7867241	1.3244756	4.7458982	15.670528
2.7867241	1.3257643	4.7450576	15.637616
2.7804868	1.3280195	4.7450576	15.596477
2.775809	1.3418725	4.7458982	15.641729
2.7789276	1.3370401	4.7450576	15.617045
2.775809	1.3399395	4.7442164	15.633502
2.7711313	1.3512152	4.7442164	15.641729
2.7711313	1.346705	4.7442164	15.641729
2.7726905	1.3328519	4.7458982	15.629388
2.7711313	1.3238313	4.7458982	15.621161
2.7648942	1.3347849	4.7458982	15.625274
2.7602165	1.3125557	4.7450576	15.604704
2.763335	1.32512	4.7458982	15.633502
2.7586572	1.319321	4.7442164	15.641729
2.7539794	1.3206097	4.7450576	15.637616
2.7555387	1.3386508	4.7458982	15.654073
2.7477422	1.3183546	4.7450576	15.629388
2.7524202	1.3312411	4.7450576	15.645844
2.7493014	1.319321	4.7433758	15.617045
2.7477422	1.3141664	4.7433758	15.60059
2.7461829	1.3135221	4.7450576	15.621161
2.7415051	1.3218983	4.7442164	15.629388
2.7430644	1.3380065	4.7450576	15.641729
2.7368274	1.3218983	4.7442164	15.608817
2.7383866	1.3421947	4.7450576	15.654073
2.7368274	1.3444498	4.7450576	15.60059
2.7352681	1.3305968	4.7442164	15.621161
2.7337089	1.3267308	4.7458982	15.612932
2.7337089	1.3276973	4.7458982	15.60059
2.7321496	1.3286638	4.7458982	15.633502
2.7274718	1.3106227	4.7442164	15.633502
2.7290311	1.2974139	4.7442164	15.625274
2.7227941	1.3173881	4.7458982	15.654073
2.7274718	1.3180324	4.7458982	15.633502
2.7274718	1.327053	4.7433758	15.674642
2.7227941	1.3325298	4.7442164	15.641729
2.718116	1.3376844	4.7458982	15.641729
2.718116	1.3312411	4.7484212	15.608817
2.718116	1.3141664	4.7458982	15.637616
2.711879	1.3019242	4.7442164	15.625274
2.711879	1.317066	4.7458982	15.633502
2.7087605	1.3264086	4.7442164	15.674642
2.7087605	1.3286638	4.7458982	15.641729
2.7087605	1.3431611	4.7450576	15.649958
2.7040827	1.3367178	4.7450576	15.625274
2.7025235	1.3492823	4.7458982	15.645844
2.699405	1.3360735	4.7442164	15.633502
2.7009642	1.3347849	4.7458982	15.649958
2.6978457	1.3380065	4.7442164	15.68287
2.6916087	1.3235092	4.7450576	15.633502
2.6962864	1.319321	4.7467394	15.629388
2.6884902	1.3132	4.7442164	15.633502
2.6931679	1.3322076	4.7442164	15.654073
2.6916087	1.3273752	4.7450576	15.621161
2.6962864	1.3367178	4.7433758	15.649958
2.6900494	1.3347849	4.7458982	15.649958
2.6838121	1.3441277	4.7450576	15.625274
2.6869307	1.3418725	4.7433758	15.6623
2.6884902	1.3325298	4.7450576	15.625274
2.6853714	1.3415504	4.7458982	15.629388
2.6806936	1.319321	4.7425351	15.617045
2.6806936	1.3334962	4.7450576	15.617045
2.6806936	1.3283416	4.7442164	15.621161
2.6775751	1.3135221	4.7450576	15.617045
2.6728973	1.2987026	4.7467394	15.608817
2.6744566	1.2993469	4.7450576	15.633502
2.6744566	1.3206097	4.7450576	15.645844
2.6760159	1.3083675	4.7442164	15.625274
2.6744566	1.3186767	4.7442164	15.621161
2.6744566	1.3228649	4.7433758	15.641729
2.6744566	1.3186767	4.7442164	15.612932
2.6713381	1.3264086	4.7450576	15.629388
2.6666603	1.3160994	4.7450576	15.654073
2.6635418	1.3347849	4.7450576	15.637616
2.6635418	1.344772	4.7442164	15.629388
2.6635418	1.3283416	4.7442164	15.60059
2.6619825	1.3296303	4.7458982	15.633502
2.658864	1.3202876	4.7450576	15.60059
2.6573048	1.3367178	4.7467394	15.649958
2.6573048	1.3328519	4.7433758	15.637616
2.6573048	1.3289859	4.7442164	15.633502
2.6510675	1.3206097	4.7450576	15.625274
2.6526268	1.3119113	4.7467394	15.60059
2.654186	1.3144886	4.7450576	15.608817
2.6526268	1.3119113	4.7442164	15.633502
2.6463897	1.3070788	4.7458982	15.604704
2.6463897	1.319321	4.7442164	15.641729
2.641712	1.3267308	4.7450576	15.604704
2.6432712	1.3257643	4.7450576	15.649958
2.6463897	1.3122334	4.7450576	15.641729
2.6401527	1.3280195	4.7450576	15.6623
2.6432712	1.3402617	4.7458982	15.641729
2.641712	1.3554033	4.7442164	15.6623
2.6401527	1.3360735	4.7450576	15.641729
2.6370342	1.3370401	4.7450576	15.625274
2.6307974	1.3264086	4.7458982	15.617045
2.6354749	1.3228649	4.7450576	15.649958
2.6339159	1.32512	4.7450576	15.641729
2.6292381	1.3283416	4.7442164	15.641729
2.6339159	1.3370401	4.7433758	15.658186
2.6323566	1.3186767	4.7458982	15.612932
2.6307974	1.3070788	4.7450576	15.637616
2.6276789	1.3199654	4.7433758	15.641729
2.6292381	1.3054681	4.7450576	15.629388
2.6245604	1.3196433	4.7425351	15.649958
2.6230011	1.3125557	4.7458982	15.658186
2.6183231	1.3132	4.7425351	15.645844
2.6245604	1.3341405	4.7433758	15.654073
2.6245604	1.3376844	4.7442164	15.633502
2.6167638	1.3363957	4.7458982	15.641729
2.6214418	1.3376844	4.7442164	15.670528
2.6152046	1.34896	4.7433758	15.641729
2.6214418	1.340906	4.7458982	15.612932
2.6167638	1.323187	4.7450576	15.649958
2.6136453	1.3173881	4.7450576	15.629388
2.6120861	1.3196433	4.7433758	15.621161
2.6152046	1.3244756	4.7450576	15.621161
2.6167638	1.3247979	4.7433758	15.645844
2.6089675	1.3338184	4.7442164	15.641729
2.605849	1.3260865	4.7467394	15.604704
2.6120861	1.3206097	4.7433758	15.629388
2.605849	1.3276973	4.7458982	15.637616
2.6042898	1.3309189	4.7450576	15.649958
2.6089675	1.3360735	4.7442164	15.633502
2.6042898	1.3218983	4.7475801	15.608817
2.605849	1.3109448	4.7450576	15.625274
2.6011713	1.3061124	4.7450576	15.612932
2.5980527	1.3103005	4.7450576	15.629388
2.5980527	1.3273752	4.7442164	15.604704
2.5949342	1.3289859	4.7467394	15.641729
2.5964935	1.3244756	4.7442164	15.637616
2.5980527	1.3215762	4.7450576	15.625274
2.593375	1.3241535	4.7458982	15.633502
2.593375	1.3180324	4.7442164	15.612932
2.593375	1.3064345	4.7442164	15.641729
2.5918157	1.3086897	4.7442164	15.608817
2.5886972	1.32512	4.7450576	15.629388
2.5871377	1.3199654	4.7442164	15.612932
2.5871377	1.3083675	4.7450576	15.629388
2.5902565	1.3235092	4.7458982	15.641729
2.593375	1.3434833	4.7433758	15.637616
2.5855784	1.3483157	4.7450576	15.658186
2.5886972	1.3347849	4.7433758	15.596477
2.5840192	1.3376844	4.7458982	15.617045
2.5777822	1.3396174	4.7442164	15.625274
2.5855784	1.3309189	4.7442164	15.612932
2.5824599	1.3125557	4.7433758	15.617045
2.5824599	1.3173881	4.7442164	15.625274
2.5777822	1.3128778	4.7425351	15.629388
2.5809007	1.3167437	4.7433758	15.641729
2.5809007	1.3035351	4.7442164	15.633502
2.5777822	1.3051459	4.7458982	15.629388
2.5793414	1.3086897	4.7450576	15.596477
2.5746636	1.3189989	4.7433758	15.637616
2.5731044	1.32512	4.7450576	15.637616
2.5731044	1.3293082	4.7433758	15.645844
2.5684266	1.3241535	4.7450576	15.629388
2.5731044	1.3322076	4.7433758	15.641729
2.5699859	1.3260865	4.7442164	15.658186
2.5637488	1.321254	4.7416945	15.621161
2.5668674	1.3283416	4.7450576	15.654073
2.5637488	1.3363957	4.7442164	15.641729
2.5653081	1.3138443	4.7450576	15.612932
2.5637488	1.3260865	4.7442164	15.633502
2.5621896	1.3325298	4.7442164	15.6623
2.5653081	1.3360735	4.7450576	15.6623
2.5590711	1.3235092	4.7442164	15.633502
2.5621896	1.3180324	4.7433758	15.625274
2.5606303	1.3425168	4.7442164	15.645844
2.5559523	1.3331741	4.7458982	15.645844
2.5590711	1.3276973	4.7442164	15.621161
2.5559523	1.3380065	4.7433758	15.649958
2.5575118	1.3354292	4.7450576	15.649958
2.5512745	1.3457384	4.7450576	15.629388
2.5575118	1.3280195	4.7467394	15.629388
2.5528338	1.3225427	4.7458982	15.604704
2.5528338	1.3180324	4.7442164	15.625274
2.5512745	1.3257643	4.7467394	15.621161
2.5465968	1.346705	4.7458982	15.637616
2.5528338	1.3215762	4.7442164	15.617045
2.5497153	1.3328519	4.7458982	15.633502
2.548156	1.340906	4.7442164	15.658186
2.5434783	1.3357514	4.7450576	15.641729
2.548156	1.3351071	4.7450576	15.629388
2.5465968	1.309334	4.7450576	15.608817
2.5497153	1.3215762	4.7458982	15.629388
2.5434783	1.3154551	4.7450576	15.621161
2.5434783	1.311267	4.7433758	15.633502
2.5465968	1.3086897	4.7442164	15.633502
2.5434783	1.3244756	4.7458982	15.670528
2.5434783	1.338973	4.7458982	15.645844
2.5372412	1.3305968	4.7442164	15.629388
2.541919	1.3399395	4.7433758	15.608817
2.5372412	1.3360735	4.7442164	15.592361
2.5388005	1.338973	4.7450576	15.617045
2.5372412	1.3357514	4.7458982	15.625274
2.535682	1.3531482	4.7442164	15.674642
2.5341227	1.3418725	4.7442164	15.637616
2.5372412	1.3128778	4.7450576	15.612932
2.5341227	1.3061124	4.7467394	15.617045
2.5341227	1.2987026	4.7458982	15.625274
2.5310042	1.3057902	4.7442164	15.621161
2.5278857	1.3103005	4.7450576	15.621161
2.5325634	1.3254422	4.7458982	15.629388
2.5294449	1.338973	4.7458982	15.621161
2.5310042	1.3338184	4.7442164	15.625274
2.5263264	1.3450941	4.7450576	15.658186
2.5294449	1.3380065	4.7458982	15.625274
2.5278857	1.3286638	4.7458982	15.612932
2.5278857	1.3218983	4.7433758	15.641729
2.5216484	1.3177103	4.7442164	15.654073
2.5247669	1.3357514	4.7450576	15.633502
2.5200891	1.3309189	4.7458982	15.645844
2.5247669	1.3267308	4.7450576	15.68287
2.5185299	1.3354292	4.7433758	15.678757
2.5154114	1.3318855	4.7450576	15.641729
2.5200891	1.342839	4.7425351	15.654073
2.5216484	1.3367178	4.7450576	15.633502
2.5200891	1.3235092	4.7458982	15.612932
2.5200891	1.3376844	4.7442164	15.633502
2.5200891	1.3296303	4.7433758	15.6623
2.5169706	1.3209319	4.7442164	15.625274
2.5138521	1.3347849	4.7425351	15.6623
2.5154114	1.3347849	4.7433758	15.6623
2.5076151	1.3412281	4.7458982	15.629388
2.5138521	1.3196433	4.7442164	15.625274
2.5122929	1.3276973	4.7450576	15.621161
2.5107336	1.3367178	4.7450576	15.641729
2.5169706	1.3309189	4.7433758	15.641729
2.5122929	1.3347849	4.7450576	15.621161
2.5076151	1.3202876	4.7450576	15.649958
2.5044966	1.3122334	4.7475801	15.596477
2.5060558	1.3096561	4.7450576	15.641729
2.5013781	1.3177103	4.7458982	15.629388
2.5091743	1.3325298	4.7450576	15.674642
2.5029373	1.3180324	4.7450576	15.617045
2.5060558	1.3496044	4.7458982	15.658186
2.5076151	1.3344628	4.7425351	15.645844
2.5044966	1.3202876	4.7450576	15.621161
2.5076151	1.3173881	4.7458982	15.629388
2.4998188	1.3135221	4.7450576	15.629388
2.4982595	1.3286638	4.7442164	15.625274
2.5013781	1.3257643	4.7450576	15.625274
2.4982595	1.3296303	4.7442164	15.637616
2.4967003	1.3315632	4.7450576	15.625274
2.4967003	1.344772	4.7442164	15.612932
2.4982595	1.3441277	4.7458982	15.649958
2.5029373	1.3341405	4.7442164	15.645844
2.4967003	1.3370401	4.7450576	15.637616
2.490463	1.3357514	4.7442164	15.621161
2.4935815	1.3132	4.7442164	15.604704
2.4935815	1.3003135	4.7458982	15.633502
2.4967003	1.2993469	4.7442164	15.621161
2.4935815	1.291615	4.7442164	15.608817
2.4889038	1.3054681	4.7442164	15.617045
2.4920223	1.2958032	4.7458982	15.608817
2.4935815	1.3038572	4.7442164	15.637616
2.4967003	1.3180324	4.7442164	15.629388
2.4889038	1.3344628	4.7442164	15.658186
2.4857852	1.3351071	4.7450576	15.60059
2.4857852	1.3334962	4.7433758	15.629388
2.4857852	1.342839	4.7433758	15.625274
2.4873445	1.3360735	4.7433758	15.617045
2.4873445	1.3260865	4.7458982	15.621161
2.4857852	1.3138443	4.7458982	15.604704
2.4873445	1.3022465	4.7442164	15.596477
2.4811077	1.3160994	4.7442164	15.645844
2.4811077	1.3135221	4.7442164	15.617045
2.4811077	1.2987026	4.7442164	15.604704
2.4795485	1.3019242	4.7442164	15.617045
2.4811077	1.3180324	4.7442164	15.633502
2.4826667	1.3164216	4.7433758	15.629388
2.4733114	1.338973	4.7433758	15.658186
2.4811077	1.3418725	4.7433758	15.641729
2.4795485	1.346705	4.7458982	15.633502
2.4795485	1.3525039	4.7442164	15.666413
2.4779892	1.3628131	4.7425351	15.6623
2.4779892	1.3602358	4.7442164	15.629388
2.4779892	1.3373622	4.7442164	15.637616
2.4779892	1.3360735	4.7433758	15.641729
2.4733114	1.3283416	4.7450576	15.633502
2.4748707	1.3354292	4.7450576	15.658186
2.4717522	1.3189989	4.7450576	15.6623
2.4764299	1.3125557	4.7442164	15.637616
2.4764299	1.3280195	4.7450576	15.649958
2.4764299	1.3244756	4.7450576	15.608817
2.4717522	1.3238313	4.7433758	15.629388
2.4717522	1.309334	4.7450576	15.629388
2.4686337	1.3189989	4.7458982	15.641729
2.4717522	1.3296303	4.7458982	15.641729
2.4686337	1.3431611	4.7467394	15.641729
2.4686337	1.3344628	4.7425351	15.629388
2.4717522	1.3434833	4.7450576	15.658186
2.4717522	1.3370401	4.7425351	15.621161
2.4639559	1.3299525	4.7450576	15.617045
2.4623966	1.3222206	4.7450576	15.625274
2.4655151	1.3103005	4.7442164	15.629388
2.4639559	1.3086897	4.7450576	15.637616
2.4608374	1.3025686	4.7450576	15.625274
2.4670744	1.3090118	4.7442164	15.641729
2.4608374	1.311267	4.7458982	15.629388
2.4577188	1.3132	4.7442164	15.612932
2.4639559	1.3312411	4.7450576	15.645844
2.4592781	1.3189989	4.7442164	15.608817
2.4608374	1.3309189	4.7433758	15.629388
2.4655151	1.3183546	4.7433758	15.629388
2.4546001	1.3257643	4.7442164	15.666413
2.4608374	1.3373622	4.7433758	15.645844
2.4577188	1.34896	4.7442164	15.658186
2.4577188	1.3244756	4.7433758	15.608817
2.4514816	1.3009578	4.7467394	15.592361
2.4546001	1.3189989	4.7475801	15.60059
2.4561596	1.3144886	4.7442164	15.629388
2.4514816	1.3218983	4.7450576	15.6623
2.4514816	1.3106227	4.7433758	15.637616
2.4561596	1.3135221	4.7433758	15.641729
2.4608374	1.3183546	4.7442164	15.617045
2.4546001	1.315133	4.7450576	15.608817
2.4592781	1.3154551	4.7425351	15.60059
2.4530408	1.3141664	4.7450576	15.608817
2.4499223	1.3264086	4.7442164	15.625274
2.4561596	1.3318855	4.7442164	15.645844
2.4530408	1.3299525	4.7433758	15.629388
2.4499223	1.3309189	4.7416945	15.629388
2.4499223	1.3206097	4.7442164	15.608817
2.4499223	1.315133	4.7442164	15.621161
2.4483631	1.3173881	4.7433758	15.629388
2.4436853	1.309334	4.7442164	15.637616
2.4483631	1.317066	4.7450576	15.637616
2.4483631	1.3157773	4.7433758	15.612932
2.4405668	1.3141664	4.7450576	15.666413
2.4436853	1.3293082	4.7450576	15.658186
2.4452446	1.3280195	4.7442164	15.654073
2.4452446	1.3318855	4.7458982	15.641729
2.4452446	1.3431611	4.7433758	15.678757
2.4390075	1.3293082	4.7442164	15.645844
2.4436853	1.3431611	4.7433758	15.654073
2.4327705	1.3215762	4.7450576	15.658186
2.442126	1.3354292	4.7450576	15.649958
2.442126	1.3463827	4.7450576	15.6623
2.4405668	1.3305968	4.7458982	15.625274
2.4390075	1.3392951	4.7450576	15.621161
2.4405668	1.3309189	4.7450576	15.617045
2.4390075	1.3331741	4.7458982	15.621161
2.4405668	1.3128778	4.7458982	15.645844
2.4390075	1.3160994	4.7442164	15.637616
2.435889	1.3383287	4.7442164	15.678757
2.435889	1.3344628	4.7433758	15.649958
2.435889	1.3383287	4.7450576	15.645844
2.4343297	1.3286638	4.7442164	15.621161
2.435889	1.3296303	4.7484212	15.617045
2.4343297	1.3373622	4.7442164	15.658186
2.4390075	1.3286638	4.7458982	15.641729
2.4327705	1.3235092	4.7433758	15.633502
2.429652	1.3460606	4.7450576	15.68287
2.4343297	1.3363957	4.7442164	15.633502
2.429652	1.3315632	4.7450576	15.6623
2.4280927	1.3289859	4.7442164	15.625274
2.4327705	1.3357514	4.7433758	15.625274
2.429652	1.3347849	4.7467394	15.625274
2.429652	1.3235092	4.7458982	15.654073
2.429652	1.3305968	4.7442164	15.654073
2.4234147	1.3302746	4.7425351	15.641729
2.429652	1.3235092	4.7450576	15.670528
2.4312112	1.3141664	4.7425351	15.629388
2.4265335	1.3061124	4.7442164	15.641729
2.429652	1.311267	4.7442164	15.625274
2.4234147	1.3086897	4.7442164	15.633502
2.424974	1.3241535	4.7442164	15.658186
2.4265335	1.3328519	4.7450576	15.633502
2.4187369	1.3160994	4.7442164	15.612932
2.4187369	1.3286638	4.7442164	15.654073
2.4171777	1.3412281	4.7450576	15.6623
2.4218554	1.3402617	4.7467394	15.621161
2.424974	1.3286638	4.7450576	15.641729
2.4202962	1.3215762	4.7458982	15.654073
2.424974	1.3157773	4.7450576	15.629388
2.4202962	1.3305968	4.7450576	15.649958
2.4234147	1.3202876	4.7433758	15.637616
2.4187369	1.3157773	4.7425351	15.654073
2.4202962	1.3276973	4.7458982	15.645844
2.424974	1.3215762	4.7458982	15.645844
2.4234147	1.3254422	4.7433758	15.621161
2.4156184	1.3054681	4.7442164	15.608817
2.4140592	1.3196433	4.7442164	15.645844
2.4171777	1.3177103	4.7458982	15.641729
2.4156184	1.3086897	4.7450576	15.625274
2.4171777	1.3183546	4.7450576	15.670528
2.4202962	1.317066	4.7450576	15.629388
2.4156184	1.3351071	4.7433758	15.637616
2.4093814	1.3328519	4.7442164	15.625274
2.4062629	1.3222206	4.7458982	15.658186
2.4140592	1.3399395	4.7433758	15.658186
2.4140592	1.3090118	4.7442164	15.617045
2.4124999	1.3302746	4.7433758	15.658186
2.4109406	1.3196433	4.7442164	15.645844
2.4156184	1.3154551	4.7450576	15.641729
2.4093814	1.3376844	4.7433758	15.678757
2.4109406	1.3373622	4.7433758	15.658186
2.4093814	1.3405838	4.7425351	15.68287
2.4062629	1.319321	4.7450576	15.625274
2.4124999	1.3363957	4.7458982	15.645844
2.4109406	1.3322076	4.7425351	15.641729
2.4093814	1.3267308	4.7450576	15.654073
2.4078221	1.3238313	4.7450576	15.658186
2.4015851	1.3402617	4.7458982	15.654073
2.4093814	1.3421947	4.7433758	15.641729
2.4078221	1.3380065	4.7458982	15.658186
2.4062629	1.3441277	4.7450576	15.674642
2.4062629	1.352826	4.7450576	15.658186
2.4078221	1.3479936	4.7458982	15.621161
2.4000258	1.3344628	4.7442164	15.621161
2.4062629	1.3099784	4.7442164	15.641729
2.4000258	1.3305968	4.7450576	15.658186
2.4047036	1.3103005	4.7433758	15.649958
2.4015851	1.2951589	4.7442164	15.645844
2.4015851	1.2983805	4.7442164	15.6623
2.3984666	1.317066	4.7475801	15.678757
2.3984666	1.3199654	4.7442164	15.629388
2.3984666	1.3135221	4.7433758	15.633502
2.4000258	1.3209319	4.7450576	15.625274
2.4000258	1.3341405	4.7450576	15.6623
2.4015851	1.3421947	4.7450576	15.666413
2.3937888	1.3615245	4.7442164	15.72401
2.3984666	1.3444498	4.7450576	15.641729
2.4015851	1.3450941	4.7442164	15.625274
2.3953481	1.3360735	4.7458982	15.629388
2.3984666	1.3441277	4.7450576	15.654073
2.3969073	1.3302746	4.7450576	15.649958
2.4015851	1.3283416	4.7458982	15.641729
2.3922293	1.3399395	4.7450576	15.658186
2.3969073	1.3351071	4.7433758	15.645844
2.3937888	1.3157773	4.7442164	15.654073
2.3906701	1.3173881	4.7450576	15.641729
2.3906701	1.3225427	4.7450576	15.617045
2.3891108	1.3054681	4.7442164	15.641729
2.3875515	1.2919372	4.7442164	15.608817
2.3906701	1.2883934	4.7450576	15.621161
2.3891108	1.3041794	4.7458982	15.625274
2.384433	1.3096561	4.7433758	15.637616
2.3891108	1.3235092	4.7442164	15.666413
2.3937888	1.3189989	4.7458982	15.617045
2.3906701	1.3260865	4.7450576	15.629388
2.3891108	1.3254422	4.7458982	15.621161
2.3891108	1.3376844	4.7442164	15.645844
2.3906701	1.3344628	4.7450576	15.641729
2.3891108	1.3302746	4.7450576	15.625274
2.3922293	1.3244756	4.7467394	15.666413
2.3875515	1.317066	4.7450576	15.625274
2.3875515	1.2977362	4.7450576	15.596477
2.3922293	1.3012799	4.7450576	15.617045
2.3766367	1.3144886	4.7458982	15.621161
2.384433	1.319321	4.7442164	15.625274
2.384433	1.3241535	4.7442164	15.658186
2.3859923	1.3373622	4.7458982	15.674642
2.3875515	1.3396174	4.7416945	15.658186
2.3828738	1.3254422	4.7425351	15.654073
2.384433	1.3222206	4.7450576	15.645844
2.384433	1.3235092	4.7442164	15.641729
2.3828738	1.3318855	4.7450576	15.649958
2.3813145	1.3196433	4.7442164	15.637616
2.3828738	1.319321	4.7433758	15.645844
2.384433	1.3260865	4.7442164	15.637616
2.384433	1.3283416	4.7433758	15.641729
2.3828738	1.3186767	4.7442164	15.649958
2.3828738	1.3138443	4.7442164	15.649958
2.3859923	1.32512	4.7442164	15.645844
2.3828738	1.3360735	4.7450576	15.6623
2.3828738	1.3273752	4.7433758	15.658186
2.378196	1.3180324	4.7442164	15.633502
2.3766367	1.323187	4.7458982	15.641729
2.3797553	1.3177103	4.7450576	15.658186
2.3766367	1.3225427	4.7467394	15.649958
2.378196	1.3006356	4.7442164	15.625274
2.3766367	1.3119113	4.7450576	15.645844
2.3750775	1.32512	4.7433758	15.625274
2.3766367	1.3334962	4.7442164	15.6623
2.3750775	1.3386508	4.7450576	15.654073
2.3766367	1.3457384	4.7442164	15.691098
2.3750775	1.3434833	4.7458982	15.637616
2.371959	1.3457384	4.7450576	15.649958
2.3735182	1.3238313	4.7450576	15.654073
2.3672812	1.3244756	4.7442164	15.649958
2.371959	1.327053	4.7450576	15.641729
2.371959	1.3196433	4.7450576	15.625274
2.3703997	1.3025686	4.7450576	15.649958
2.3703997	1.3257643	4.7458982	15.658186
2.3688405	1.3386508	4.7442164	15.658186
2.371959	1.3312411	4.7450576	15.645844
2.3703997	1.3338184	4.7442164	15.654073
2.3672812	1.3322076	4.7433758	15.658186
2.3703997	1.3293082	4.7450576	15.637616
2.3688405	1.3228649	4.7458982	15.6623
2.3735182	1.3241535	4.7442164	15.645844
2.3657219	1.3328519	4.7442164	15.629388
2.3672812	1.3209319	4.7450576	15.6623
2.3672812	1.3399395	4.7450576	15.649958
2.3703997	1.3186767	4.7442164	15.645844
2.3657219	1.319321	4.7458982	15.658186
2.3672812	1.3083675	4.7458982	15.60059
2.3657219	1.3202876	4.7425351	15.641729
2.3688405	1.3202876	4.7442164	15.625274
2.3657219	1.3148108	4.7442164	15.637616
2.3626034	1.3132	4.7442164	15.612932
2.3657219	1.32512	4.7442164	15.649958
2.3641627	1.3318855	4.7442164	15.645844
2.3610442	1.3351071	4.7425351	15.633502
2.3610442	1.3354292	4.7433758	15.637616
2.3641627	1.3373622	4.7450576	15.658186
2.3594849	1.3177103	4.7450576	15.645844
2.3610442	1.3160994	4.7433758	15.621161
2.3657219	1.2987026	4.7442164	15.608817
2.3579257	1.3177103	4.7450576	15.666413
2.3641627	1.3238313	4.7425351	15.645844
2.3610442	1.3180324	4.7450576	15.629388
2.3626034	1.3238313	4.7458982	15.629388
2.3594849	1.3267308	4.7450576	15.670528
2.3610442	1.3334962	4.7425351	15.6623
2.3579257	1.3438054	4.7442164	15.670528
2.3594849	1.3421947	4.7442164	15.629388
2.3548071	1.3363957	4.7450576	15.637616
2.3548071	1.3160994	4.7458982	15.633502
2.3548071	1.3331741	4.7450576	15.666413
2.3579257	1.3215762	4.7433758	15.6623
2.3548071	1.3196433	4.7442164	15.658186
2.3610442	1.3225427	4.7458982	15.654073
2.3563664	1.3441277	4.7442164	15.670528
2.3516886	1.3399395	4.7442164	15.612932
2.3548071	1.3144886	4.7450576	15.633502
2.3516886	1.3119113	4.7450576	15.641729
2.3516886	1.3177103	4.7433758	15.649958
2.3516886	1.3119113	4.7416945	15.6623
2.3563664	1.3022465	4.7433758	15.666413
2.3532479	1.3009578	4.7433758	15.637616
2.3532479	1.3125557	4.7458982	15.625274
2.3501294	1.3215762	4.7450576	15.621161
2.3501294	1.3125557	4.7442164	15.629388
2.3485701	1.3338184	4.7442164	15.670528
2.3501294	1.3450941	4.7458982	15.658186
2.3454516	1.3473493	4.7450576	15.641729
2.3470109	1.3434833	4.7442164	15.670528
2.3501294	1.3215762	4.7433758	15.641729
2.3470109	1.3347849	4.7450576	15.633502
2.3485701	1.3199654	4.7458982	15.625274
2.3470109	1.3257643	4.7450576	15.625274
2.3470109	1.3318855	4.7442164	15.645844
2.3438923	1.327053	4.7442164	15.678757
2.3501294	1.3360735	4.7442164	15.678757
2.3470109	1.3103005	4.7450576	15.625274
2.3501294	1.3254422	4.7442164	15.674642
2.3470109	1.32512	4.7425351	15.670528
2.3454516	1.3309189	4.7450576	15.654073
2.3501294	1.3363957	4.7442164	15.645844
2.3438923	1.342839	4.7433758	15.6623
2.3485701	1.3386508	4.7458982	15.641729
2.3438923	1.350893	4.7442164	15.670528
2.3454516	1.3599136	4.7450576	15.666413
2.3470109	1.3425168	4.7442164	15.658186
2.3407736	1.3438054	4.7450576	15.654073
2.3423328	1.3302746	4.7433758	15.625274
2.3454516	1.3167437	4.7458982	15.629388
2.3423328	1.3167437	4.7425351	15.649958
2.3376551	1.3235092	4.7450576	15.645844
2.3423328	1.3286638	4.7433758	15.666413
2.3454516	1.32512	4.7450576	15.678757
2.3470109	1.3273752	4.7458982	15.633502
2.3376551	1.3412281	4.7442164	15.641729
2.3438923	1.3386508	4.7450576	15.621161
2.3423328	1.3267308	4.7450576	15.629388
2.3392143	1.3399395	4.7450576	15.641729
2.3423328	1.3483157	4.7433758	15.658186
2.3360958	1.3415504	4.7450576	15.649958
2.3376551	1.3415504	4.7442164	15.645844
2.3360958	1.3157773	4.7442164	15.625274
2.3423328	1.3235092	4.7450576	15.645844
2.3360958	1.3260865	4.7450576	15.658186
2.3516886	1.3318855	4.7425351	15.670528
2.4499223	1.3167437	4.7391715	15.629388
2.3158255	1.3235092	4.7391715	15.654073
2.4124999	1.3254422	4.7416945	15.641729
2.3688405	1.3283416	4.7425351	15.674642
2.4327705	1.3222206	4.7425351	15.654073
2.3984666	1.3325298	4.7408533	15.649958
2.4093814	1.3421947	4.7408533	15.654073
2.4109406	1.3392951	4.7400126	15.654073
2.4078221	1.3421947	4.7442164	15.686985
2.4047036	1.3325298	4.7433758	15.641729
2.4234147	1.319321	4.7442164	15.629388
2.4093814	1.3080454	4.7450576	15.666413
2.4093814	1.3106227	4.7433758	15.649958
2.4171777	1.3218983	4.7450576	15.658186
2.4124999	1.323187	4.7442164	15.658186
2.4140592	1.3399395	4.7442164	15.629388
2.4109406	1.3421947	4.7450576	15.645844
2.4109406	1.3460606	4.7433758	15.654073
2.4031444	1.344772	4.7458982	15.670528
2.4015851	1.3415504	4.7442164	15.658186
2.4093814	1.3328519	4.7458982	15.641729
2.4078221	1.3167437	4.7458982	15.649958
2.4093814	1.3202876	4.7450576	15.633502
2.4062629	1.3325298	4.7458982	15.658186
2.4047036	1.3370401	4.7442164	15.637616
2.4000258	1.315133	4.7450576	15.654073
2.4031444	1.323187	4.7450576	15.641729
2.4000258	1.3363957	4.7425351	15.654073
2.4047036	1.3325298	4.7425351	15.68287
2.4031444	1.3283416	4.7433758	15.678757
2.3969073	1.3254422	4.7450576	15.641729
2.3953481	1.3412281	4.7433758	15.649958
2.4000258	1.3483157	4.7416945	15.670528
2.4000258	1.3421947	4.7442164	15.645844
2.3984666	1.3405838	4.7433758	15.641729
2.3969073	1.3431611	4.7433758	15.686985
2.3953481	1.3309189	4.7450576	15.645844
2.3953481	1.3331741	4.7442164	15.666413
2.3906701	1.3309189	4.7433758	15.6623
2.3922293	1.3157773	4.7450576	15.617045
2.3891108	1.3086897	4.7442164	15.625274
2.3922293	1.3099784	4.7467394	15.629388
2.3891108	1.3305968	4.7450576	15.6623
2.3937888	1.3157773	4.7458982	15.625274
2.3875515	1.3041794	4.7433758	15.637616
2.3906701	1.3293082	4.7450576	15.666413
2.3906701	1.3421947	4.7458982	15.641729
2.3906701	1.3470271	4.7458982	15.654073
2.3953481	1.3386508	4.7450576	15.641729
2.3891108	1.3421947	4.7425351	15.666413
2.3891108	1.3421947	4.7425351	15.629388
2.3859923	1.3434833	4.7450576	15.633502
2.384433	1.3328519	4.7450576	15.629388
2.3828738	1.309334	4.7442164	15.621161
2.3875515	1.3215762	4.7458982	15.641729
2.384433	1.3086897	4.7442164	15.637616
2.3828738	1.3064345	4.7433758	15.658186
2.3859923	1.3032129	4.7458982	15.629388
2.384433	1.3225427	4.7433758	15.649958
2.384433	1.3357514	4.7442164	15.658186
2.3797553	1.3286638	4.7442164	15.641729
2.3859923	1.3280195	4.7433758	15.637616
2.3797553	1.3360735	4.7458982	15.654073
2.3813145	1.3293082	4.7450576	15.645844
2.3750775	1.3502487	4.7450576	15.703441
2.3797553	1.3425168	4.7433758	15.645844
2.3813145	1.3357514	4.7450576	15.6623
2.3813145	1.319321	4.7458982	15.608817
2.3750775	1.319321	4.7442164	15.654073
2.3735182	1.3289859	4.7442164	15.649958
2.3797553	1.3096561	4.7433758	15.645844
2.3797553	1.32512	4.7442164	15.670528
2.3750775	1.3157773	4.7450576	15.649958
2.3766367	1.3144886	4.7450576	15.637616
2.3766367	1.3305968	4.7450576	15.645844
2.3766367	1.315133	4.7425351	15.645844
2.3703997	1.3315632	4.7450576	15.645844
2.3735182	1.3415504	4.7442164	15.658186
2.371959	1.3470271	4.7442164	15.649958
2.378196	1.34896	4.7425351	15.678757
2.3735182	1.3405838	4.7458982	15.670528
2.3703997	1.3434833	4.7458982	15.641729
2.3657219	1.3367178	4.7450576	15.629388
2.3703997	1.3492823	4.7450576	15.649958
2.3703997	1.321254	4.7442164	15.604704
2.3735182	1.3028908	4.7450576	15.625274
2.3688405	1.3225427	4.7458982	15.649958
2.3672812	1.3054681	4.7450576	15.637616
2.3735182	1.315133	4.7433758	15.6623
2.3688405	1.323187	4.7450576	15.658186
2.3657219	1.3334962	4.7475801	15.645844
2.3672812	1.315133	4.7450576	15.612932
2.3626034	1.2951589	4.7442164	15.621161
2.3594849	1.2948366	4.7467394	15.625274
2.3626034	1.3164216	4.7442164	15.637616
2.3626034	1.3103005	4.7433758	15.649958
2.3672812	1.3209319	4.7467394	15.641729
2.3657219	1.3296303	4.7450576	15.670528
2.3626034	1.3302746	4.7450576	15.637616
2.3610442	1.3318855	4.7442164	15.633502
2.3641627	1.3202876	4.7450576	15.637616
2.3641627	1.32512	4.7442164	15.645844
2.3641627	1.3177103	4.7450576	15.649958
2.3563664	1.3154551	4.7450576	15.649958
2.3610442	1.3051459	4.7450576	15.670528
2.3594849	1.2977362	4.7450576	15.617045
2.3610442	1.3135221	4.7450576	15.670528
2.3610442	1.3077232	4.7442164	15.637616
2.3532479	1.3302746	4.7433758	15.629388
2.3548071	1.3260865	4.7442164	15.621161
2.3548071	1.3293082	4.7450576	15.637616
2.3626034	1.3286638	4.7458982	15.637616
2.3563664	1.3396174	4.7450576	15.658186
2.3516886	1.3254422	4.7458982	15.637616
2.3563664	1.3067567	4.7433758	15.621161
2.3563664	1.3206097	4.7442164	15.625274
2.3532479	1.3103005	4.7433758	15.612932
2.3532479	1.3183546	4.7450576	15.633502
2.3548071	1.3222206	4.7467394	15.633502
2.3548071	1.3157773	4.7442164	15.6623
2.3594849	1.3260865	4.7450576	15.649958
2.3563664	1.3086897	4.7450576	15.654073
2.3532479	1.3247979	4.7450576	15.641729
2.3594849	1.3173881	4.7433758	15.658186
2.3501294	1.3235092	4.7458982	15.654073
2.3532479	1.3328519	4.7433758	15.674642
2.3501294	1.311267	4.7458982	15.629388
2.3485701	1.3209319	4.7450576	15.649958
2.3485701	1.3209319	4.7458982	15.678757
2.3470109	1.3351071	4.7442164	15.666413
2.3470109	1.3405838	4.7433758	15.658186
2.3485701	1.32512	4.7450576	15.633502
2.3423328	1.338973	4.7442164	15.645844
2.3470109	1.3444498	4.7442164	15.654073
2.3516886	1.3505709	4.7433758	15.6623
2.3516886	1.3138443	4.7458982	15.633502
2.3423328	1.3238313	4.7458982	15.654073
2.3485701	1.3267308	4.7450576	15.654073
2.3423328	1.3202876	4.7450576	15.654073
2.3454516	1.3148108	4.7442164	15.641729
2.3438923	1.3106227	4.7442164	15.625274
2.3454516	1.3144886	4.7450576	15.621161
2.3438923	1.3103005	4.7442164	15.658186
2.3423328	1.3038572	4.7475801	15.641729
2.3392143	1.3167437	4.7433758	15.641729
2.3423328	1.3322076	4.7458982	15.68287
2.3470109	1.3386508	4.7458982	15.641729
2.3438923	1.32512	4.7433758	15.645844
2.3423328	1.3322076	4.7442164	15.645844
2.3392143	1.3386508	4.7442164	15.674642
2.3407736	1.3431611	4.7458982	15.637616
2.3376551	1.3402617	4.7450576	15.658186
2.3376551	1.3412281	4.7442164	15.691098
2.3407736	1.3296303	4.7450576	15.645844
2.3407736	1.3183546	4.7442164	15.649958
2.3376551	1.3209319	4.7450576	15.674642
2.3376551	1.3154551	4.7450576	15.649958
2.3392143	1.3003135	4.7442164	15.625274
2.331418	1.3064345	4.7433758	15.629388
2.3392143	1.3148108	4.7450576	15.666413
2.3345366	1.3122334	4.7458982	15.654073
2.3392143	1.3331741	4.7450576	15.670528
2.3345366	1.3312411	4.7442164	15.649958
2.3376551	1.3276973	4.7458982	15.641729
2.3360958	1.3199654	4.7442164	15.641729
2.3345366	1.319321	4.7433758	15.633502
2.3360958	1.3135221	4.7450576	15.641729
2.3345366	1.3144886	4.7458982	15.629388
2.3376551	1.3177103	4.7450576	15.658186
2.3298588	1.3157773	4.7450576	15.658186
2.331418	1.3138443	4.7450576	15.633502
2.3329773	1.3235092	4.7433758	15.641729
2.3345366	1.3215762	4.7458982	15.645844
2.3329773	1.3273752	4.7433758	15.68287
2.3329773	1.3363957	4.7442164	15.645844
2.3360958	1.3109448	4.7433758	15.641729
2.3282995	1.3054681	4.7458982	15.641729
2.3267403	1.3090118	4.7450576	15.637616
2.3329773	1.3164216	4.7450576	15.641729
2.3267403	1.3293082	4.7442164	15.658186
2.3236217	1.3228649	4.7467394	15.645844
2.3282995	1.3302746	4.7450576	15.6623
2.3282995	1.3396174	4.7458982	15.649958
2.3298588	1.3373622	4.7450576	15.654073
2.3282995	1.3286638	4.7425351	15.629388
2.3298588	1.3318855	4.7433758	15.68287
2.3267403	1.3309189	4.7458982	15.674642
2.3267403	1.3360735	4.7433758	15.674642
2.3298588	1.311267	4.7458982	15.654073
2.3267403	1.2977362	4.7442164	15.641729
2.3267403	1.3177103	4.7458982	15.699326
2.3220625	1.3157773	4.7450576	15.629388
2.3236217	1.3132	4.7450576	15.654073
2.3236217	1.3260865	4.7442164	15.674642
2.325181	1.3386508	4.7433758	15.6623
2.3205032	1.3486379	4.7442164	15.658186
2.3220625	1.3418725	4.7442164	15.649958
2.3220625	1.3338184	4.7433758	15.670528
2.318944	1.3463827	4.7425351	15.6623
2.3205032	1.3354292	4.7442164	15.645844
2.3236217	1.3322076	4.7442164	15.658186
2.3236217	1.32512	4.7450576	15.629388
2.3220625	1.3363957	4.7450576	15.654073
2.3220625	1.3450941	4.7433758	15.670528
2.3220625	1.3334962	4.7450576	15.649958
2.3173847	1.3347849	4.7433758	15.658186
2.3267403	1.3412281	4.7433758	15.6623
2.3205032	1.3331741	4.7450576	15.6623
2.3220625	1.3267308	4.7458982	15.670528
2.3173847	1.3012799	4.7450576	15.625274
2.318944	1.3090118	4.7433758	15.654073
2.3220625	1.3228649	4.7450576	15.649958
2.3158255	1.3373622	4.7450576	15.654073
2.3220625	1.3154551	4.7433758	15.633502
2.3173847	1.3109448	4.7467394	15.629388
2.3220625	1.3315632	4.7442164	15.654073
2.3220625	1.3183546	4.7433758	15.617045
2.3158255	1.3183546	4.7433758	15.658186
2.3142662	1.3064345	4.7458982	15.629388
2.3158255	1.3090118	4.7433758	15.649958
2.3095882	1.3054681	4.7442164	15.633502
2.3127069	1.3106227	4.7442164	15.68287
2.3111475	1.3032129	4.7416945	15.637616
2.3158255	1.3186767	4.7433758	15.641729
2.318944	1.3334962	4.7442164	15.629388
2.3111475	1.3141664	4.7450576	15.608817
2.3127069	1.3209319	4.7442164	15.629388
2.3142662	1.3396174	4.7450576	15.658186
2.3111475	1.3444498	4.7450576	15.649958
2.3142662	1.3399395	4.7442164	15.641729
2.3142662	1.3209319	4.7442164	15.629388
2.3127069	1.3450941	4.7450576	15.625274
2.3095882	1.3367178	4.7458982	15.617045
2.3049104	1.3280195	4.7450576	15.604704
2.3111475	1.327053	4.7433758	15.617045
2.3127069	1.3154551	4.7450576	15.608817
2.3111475	1.3167437	4.7450576	15.608817
2.3127069	1.2941923	4.7458982	15.617045
2.3064697	1.3099784	4.7458982	15.6623
2.3095882	1.2912929	4.7442164	15.60059
2.3049104	1.3090118	4.7450576	15.645844
2.3080289	1.3067567	4.7442164	15.617045
2.3095882	1.2974139	4.7458982	15.608817
2.3064697	1.3235092	4.7458982	15.621161
2.3142662	1.3264086	4.7458982	15.617045
2.3095882	1.3289859	4.7442164	15.6623
2.3095882	1.3215762	4.7450576	15.621161
2.3017919	1.3331741	4.7450576	15.649958
2.3049104	1.3360735	4.7467394	15.645844
2.3049104	1.3209319	4.7450576	15.633502
2.3049104	1.3215762	4.7450576	15.633502
2.3017919	1.3167437	4.7433758	15.649958
2.3064697	1.3228649	4.7458982	15.658186
2.3080289	1.3115891	4.7433758	15.654073
2.3002326	1.3215762	4.7458982	15.649958
2.3064697	1.3360735	4.7450576	15.670528
2.3049104	1.3289859	4.7442164	15.670528
2.3049104	1.3396174	4.7467394	15.641729
2.3064697	1.3396174	4.7433758	15.666413
2.3064697	1.3421947	4.7458982	15.637616
2.3049104	1.3267308	4.7442164	15.641729
2.3033512	1.3180324	4.7416945	15.654073
2.3017919	1.3312411	4.7425351	15.678757
2.3033512	1.3238313	4.7442164	15.654073
2.3049104	1.3119113	4.7433758	15.641729
2.3002326	1.3254422	4.7425351	15.649958
2.3017919	1.3302746	4.7442164	15.666413
2.3017919	1.3318855	4.7450576	15.629388
2.3033512	1.3189989	4.7475801	15.621161
2.3017919	1.3157773	4.7450576	15.666413
2.2939959	1.3273752	4.7450576	15.670528
2.2971144	1.3215762	4.7425351	15.670528
2.2955551	1.3070788	4.7442164	15.637616
2.3017919	1.3106227	4.7425351	15.658186
2.2955551	1.3080454	4.7450576	15.641729
2.2955551	1.3067567	4.7450576	15.637616
2.2971144	1.3077232	4.7467394	15.641729
2.2986736	1.3157773	4.7433758	15.637616
2.2971144	1.3244756	4.7442164	15.658186
2.2971144	1.3338184	4.7442164	15.666413
2.2971144	1.3425168	4.7425351	15.654073
2.2955551	1.3209319	4.7433758	15.629388
2.2939959	1.3344628	4.7467394	15.629388
2.2939959	1.3338184	4.7458982	15.649958
2.2986736	1.3328519	4.7450576	15.633502
2.2939959	1.3267308	4.7433758	15.645844
2.2939959	1.3128778	4.7458982	15.658186
2.2939959	1.3334962	4.7450576	15.645844
2.2924364	1.3141664	4.7442164	15.649958
2.2924364	1.3096561	4.7425351	15.645844
2.2971144	1.3164216	4.7442164	15.674642
2.2924364	1.3225427	4.7458982	15.641729
2.2955551	1.319321	4.7450576	15.637616
2.2877586	1.3106227	4.7442164	15.645844
2.2877586	1.3386508	4.7433758	15.670528
2.2955551	1.3302746	4.7433758	15.645844
2.2939959	1.3347849	4.7433758	15.641729
2.2908771	1.3341405	4.7450576	15.637616
2.2893178	1.3235092	4.7450576	15.617045
2.2893178	1.3238313	4.7450576	15.617045
2.2971144	1.3293082	4.7450576	15.645844
2.2939959	1.3057902	4.7450576	15.617045
2.2877586	1.2974139	4.7450576	15.641729
2.2908771	1.2970918	4.7442164	15.658186
2.2861993	1.3006356	4.7442164	15.654073
2.2877586	1.319321	4.7467394	15.649958
2.2908771	1.327053	4.7442164	15.670528
2.2893178	1.3322076	4.7450576	15.658186
2.2877586	1.3215762	4.7467394	15.658186
2.2908771	1.3331741	4.7442164	15.641729
2.2939959	1.3415504	4.7433758	15.670528
2.2877586	1.3280195	4.7433758	15.649958
2.2893178	1.3280195	4.7458982	15.658186
2.2877586	1.3347849	4.7450576	15.645844
2.2861993	1.3373622	4.7433758	15.674642
2.2861993	1.3247979	4.7458982	15.625274
2.2877586	1.3189989	4.7458982	15.629388
2.2924364	1.3241535	4.7442164	15.645844
2.2861993	1.3109448	4.7458982	15.654073
2.2861993	1.3141664	4.7433758	15.666413
2.2846401	1.2958032	4.7442164	15.629388
2.2861993	1.3103005	4.7442164	15.629388
2.2846401	1.319321	4.7442164	15.654073
2.2799623	1.3264086	4.7433758	15.637616
2.2815216	1.338973	4.7442164	15.654073
2.2799623	1.338973	4.7442164	15.649958
2.2846401	1.3438054	4.7425351	15.6623
2.2830808	1.3257643	4.7450576	15.645844
2.2815216	1.3296303	4.7442164	15.6623
2.2830808	1.3106227	4.7450576	15.629388
2.2846401	1.3090118	4.7450576	15.645844
2.2830808	1.3115891	4.7450576	15.658186
2.2799623	1.3293082	4.7442164	15.6623
2.2799623	1.3286638	4.7442164	15.641729
2.2830808	1.3286638	4.7450576	15.6623
2.2830808	1.327053	4.7458982	15.621161
2.2877586	1.3264086	4.7442164	15.649958
2.2799623	1.3273752	4.7450576	15.633502
2.2799623	1.319321	4.7425351	15.678757
2.278403	1.3235092	4.7450576	15.670528
2.2799623	1.3276973	4.7442164	15.633502
2.2799623	1.327053	4.7467394	15.649958
2.2799623	1.3080454	4.7458982	15.621161
2.2737253	1.3196433	4.7442164	15.645844
2.2799623	1.3154551	4.7442164	15.633502
2.2768438	1.3077232	4.7433758	15.637616
2.2768438	1.3051459	4.7458982	15.637616
2.272166	1.3103005	4.7442164	15.666413
2.2752845	1.3196433	4.7442164	15.645844
2.2737253	1.3180324	4.7416945	15.629388
2.2752845	1.3299525	4.7442164	15.637616
2.2799623	1.3293082	4.7442164	15.633502
2.2799623	1.3322076	4.7458982	15.637616
2.2752845	1.3392951	4.7450576	15.6623
2.2752845	1.3357514	4.7416945	15.658186
2.2815216	1.3334962	4.7433758	15.674642
2.272166	1.3154551	4.7450576	15.637616
2.272166	1.3025686	4.7450576	15.617045
2.2768438	1.3022465	4.7442164	15.629388
2.2752845	1.3090118	4.7458982	15.621161
2.2690475	1.3025686	4.7416945	15.617045
2.2737253	1.3132	4.7433758	15.641729
2.2737253	1.3257643	4.7458982	15.637616
2.2690475	1.3228649	4.7450576	15.641729
2.2690475	1.3244756	4.7458982	15.625274
2.2737253	1.3299525	4.7458982	15.641729
2.2737253	1.3264086	4.7433758	15.625274
2.272166	1.3318855	4.7442164	15.629388
2.2706068	1.321254	4.7442164	15.6623
2.2737253	1.32512	4.7442164	15.654073
2.272166	1.3080454	4.7425351	15.625274
2.272166	1.3222206	4.7450576	15.6623
2.2690475	1.3160994	4.7450576	15.654073
2.2690475	1.3028908	4.7442164	15.629388
2.2737253	1.2883934	4.7450576	15.621161
2.2737253	1.3119113	4.7433758	15.658186
2.2690475	1.3215762	4.7433758	15.6623
2.2690475	1.3283416	4.7458982	15.6623
2.2643697	1.3347849	4.7450576	15.658186
2.2706068	1.338973	4.7450576	15.670528
2.2690475	1.3486379	4.7442164	15.658186
2.2706068	1.3421947	4.7442164	15.633502
2.2737253	1.3363957	4.7433758	15.633502
2.265929	1.3222206	4.7450576	15.658186
2.272166	1.3354292	4.7425351	15.654073
2.261251	1.327053	4.7450576	15.645844
2.2690475	1.3154551	4.7458982	15.686985
2.2643697	1.3148108	4.7450576	15.645844
2.2706068	1.3077232	4.7442164	15.649958
2.2690475	1.3344628	4.7442164	15.6623
2.2674882	1.3289859	4.7442164	15.654073
2.265929	1.3386508	4.7467394	15.649958
2.2596917	1.3309189	4.7442164	15.641729
2.2643697	1.3347849	4.7433758	15.645844
2.2690475	1.3438054	4.7458982	15.641729
2.261251	1.3180324	4.7442164	15.649958
2.2628105	1.3296303	4.7442164	15.641729
2.261251	1.3415504	4.7433758	15.686985
2.2628105	1.3399395	4.7450576	15.641729
2.2581325	1.3383287	4.7442164	15.658186
2.261251	1.3244756	4.7467394	15.6623
2.2628105	1.3309189	4.7442164	15.645844
2.265929	1.3125557	4.7433758	15.637616
2.2643697	1.3173881	4.7433758	15.658186
2.261251	1.3103005	4.7450576	15.649958
2.2628105	1.3028908	4.7433758	15.649958
2.2643697	1.321254	4.7458982	15.629388
2.2674882	1.3264086	4.7450576	15.674642
2.261251	1.3264086	4.7442164	15.629388
2.261251	1.3399395	4.7433758	15.670528
2.261251	1.350893	4.7442164	15.678757
2.261251	1.3357514	4.7450576	15.629388
2.2628105	1.3173881	4.7450576	15.633502
2.2596917	1.3209319	4.7433758	15.649958
2.2596917	1.3415504	4.7425351	15.678757
2.265929	1.3325298	4.7467394	15.617045
2.261251	1.3218983	4.7442164	15.617045
2.2565732	1.338973	4.7442164	15.649958
2.2565732	1.3299525	4.7458982	15.621161
2.2550139	1.3209319	4.7442164	15.637616
2.2550139	1.3038572	4.7433758	15.621161
2.2565732	1.3206097	4.7442164	15.641729
2.2550139	1.3080454	4.7450576	15.629388
2.2596917	1.3106227	4.7425351	15.629388
2.2550139	1.3016021	4.7450576	15.617045
2.2550139	1.3125557	4.7442164	15.649958
2.2550139	1.3225427	4.7458982	15.625274
2.2565732	1.3238313	4.7433758	15.654073
2.2581325	1.3380065	4.7450576	15.654073
2.2565732	1.3492823	4.7450576	15.666413
2.2565732	1.3431611	4.7425351	15.654073
2.2565732	1.3502487	4.7467394	15.68287
2.2581325	1.356692	4.7433758	15.691098
2.2565732	1.344772	4.7450576	15.629388
2.2550139	1.3299525	4.7450576	15.649958
2.2581325	1.3186767	4.7450576	15.649958
2.2596917	1.3035351	4.7442164	15.654073
2.2550139	1.3122334	4.7458982	15.649958
2.2534547	1.3016021	4.7475801	15.633502
2.2550139	1.3099784	4.7442164	15.670528
2.2534547	1.3238313	4.7450576	15.637616
2.2565732	1.3283416	4.7442164	15.666413
2.2581325	1.3312411	4.7458982	15.625274
2.2565732	1.3254422	4.7450576	15.649958
2.2581325	1.3215762	4.7458982	15.633502
2.2534547	1.3434833	4.7442164	15.674642
2.2503362	1.3347849	4.7475801	15.649958
2.2534547	1.3418725	4.7433758	15.670528
2.2487769	1.3254422	4.7450576	15.6623
2.2550139	1.3402617	4.7450576	15.633502
2.2550139	1.3396174	4.7458982	15.641729
2.2503362	1.3148108	4.7433758	15.649958
2.2518954	1.3283416	4.7450576	15.658186
2.2487769	1.315133	4.7433758	15.629388
2.2534547	1.3199654	4.7442164	15.645844
2.2472177	1.3009578	4.7450576	15.658186
2.2534547	1.3016021	4.7433758	15.654073
2.2518954	1.3257643	4.7442164	15.658186
2.2487769	1.3189989	4.7450576	15.645844
2.2550139	1.3148108	4.7450576	15.625274
2.2518954	1.3222206	4.7442164	15.658186
2.2518954	1.3296303	4.7450576	15.645844
2.2472177	1.3331741	4.7442164	15.670528
2.2472177	1.3328519	4.7433758	15.654073
2.2472177	1.3405838	4.7442164	15.654073
2.2503362	1.3402617	4.7442164	15.621161
2.2472177	1.3483157	4.7433758	15.649958
2.2472177	1.3244756	4.7458982	15.621161
2.2456584	1.3322076	4.7450576	15.654073
2.2472177	1.3415504	4.7442164	15.658186
2.2487769	1.3415504	4.7450576	15.645844
2.2456584	1.3322076	4.7442164	15.654073
2.2472177	1.3164216	4.7433758	15.645844
2.2503362	1.3235092	4.7450576	15.649958
2.2456584	1.3218983	4.7442164	15.645844
2.2472177	1.3138443	4.7450576	15.637616
2.2394214	1.3173881	4.7442164	15.641729
2.2487769	1.3180324	4.7442164	15.6623
2.2472177	1.327053	4.7450576	15.637616
2.2425399	1.3286638	4.7442164	15.68287
2.2456584	1.3367178	4.7450576	15.641729
2.2440991	1.3444498	4.7450576	15.629388
2.2440991	1.3450941	4.7450576	15.641729
2.2456584	1.3399395	4.7433758	15.629388
2.2472177	1.3347849	4.7467394	15.629388
2.2409806	1.3209319	4.7450576	15.629388
2.2425399	1.3363957	4.7433758	15.674642
2.2456584	1.3286638	4.7450576	15.637616
2.2440991	1.3115891	4.7433758	15.637616
2.2472177	1.3257643	4.7425351	15.6623
2.2425399	1.3225427	4.7433758	15.629388
2.2440991	1.317066	4.7458982	15.629388
2.2394214	1.3019242	4.7425351	15.633502
2.2409806	1.3128778	4.7450576	15.641729
2.2425399	1.3360735	4.7433758	15.686985
2.2378621	1.3421947	4.7450576	15.68287
2.2378621	1.3247979	4.7442164	15.641729
2.2394214	1.3148108	4.7433758	15.637616
2.2440991	1.3222206	4.7458982	15.641729
2.2425399	1.3257643	4.7450576	15.637616
2.2378621	1.3318855	4.7450576	15.6623
2.2440991	1.3244756	4.7433758	15.645844
2.2378621	1.3441277	4.7442164	15.658186
2.2472177	1.3299525	4.7450576	15.658186
2.2394214	1.323187	4.7442164	15.6623
2.2394214	1.3338184	4.7467394	15.666413
2.2378621	1.3338184	4.7442164	15.6623
2.2409806	1.3293082	4.7458982	15.645844
2.2394214	1.3132	4.7450576	15.637616
2.2378621	1.3148108	4.7442164	15.629388
2.2363029	1.3167437	4.7458982	15.658186
2.2378621	1.319321	4.7442164	15.633502
2.2394214	1.3180324	4.7442164	15.641729
2.2363029	1.3167437	4.7450576	15.637616
2.2363029	1.338973	4.7450576	15.6623
2.2331843	1.346705	4.7433758	15.6623
2.2378621	1.3457384	4.7450576	15.633502
2.2409806	1.3322076	4.7433758	15.617045
2.2363029	1.3222206	4.7442164	15.641729
2.2331843	1.3296303	4.7442164	15.637616
2.2347436	1.3122334	4.7450576	15.666413
2.2378621	1.3141664	4.7458982	15.658186
2.2363029	1.3325298	4.7425351	15.6623
2.2394214	1.3405838	4.7425351	15.658186
2.2285063	1.3525039	4.7425351	15.703441
2.2363029	1.3518596	4.7442164	15.641729
2.2331843	1.3550812	4.7442164	15.658186
2.2363029	1.344772	4.7458982	15.666413
2.2316251	1.3415504	4.7442164	15.649958
2.2316251	1.32512	4.7442164	15.645844
2.2331843	1.327053	4.7450576	15.629388
2.2378621	1.3260865	4.7458982	15.637616
2.2285063	1.3328519	4.7442164	15.633502
2.2331843	1.3160994	4.7450576	15.612932
2.2331843	1.3276973	4.7442164	15.674642
2.2331843	1.3225427	4.7450576	15.629388
2.2300656	1.3302746	4.7433758	15.654073
2.2363029	1.3225427	4.7433758	15.645844
2.2347436	1.3109448	4.7458982	15.612932
2.2316251	1.2987026	4.7458982	15.625274
2.2347436	1.3103005	4.7442164	15.649958
2.2300656	1.3016021	4.7442164	15.633502
2.2222695	1.3019242	4.7442164	15.617045
2.2300656	1.3074011	4.7450576	15.645844
2.2300656	1.3309189	4.7442164	15.670528
2.2300656	1.315133	4.7450576	15.629388
2.2316251	1.317066	4.7458982	15.625274
2.2269473	1.3293082	4.7442164	15.654073
2.2300656	1.340906	4.7442164	15.678757
2.2316251	1.3225427	4.7450576	15.625274
2.2285063	1.3070788	4.7442164	15.621161
2.2300656	1.3331741	4.7450576	15.68287
2.2285063	1.3257643	4.7450576	15.6623
2.2285063	1.3331741	4.7433758	15.670528
2.2300656	1.3180324	4.7450576	15.649958
2.2269473	1.3167437	4.7458982	15.629388
2.2269473	1.3267308	4.7433758	15.637616
2.2300656	1.3180324	4.7450576	15.645844
2.2253881	1.3180324	4.7442164	15.641729
2.219151	1.3180324	4.7450576	15.645844
2.2285063	1.32512	4.7442164	15.6623
2.2300656	1.3238313	4.7450576	15.658186
2.2253881	1.3048238	4.7450576	15.612932
2.2285063	1.3235092	4.7433758	15.649958
2.2285063	1.3135221	4.7433758	15.641729
2.2300656	1.3325298	4.7433758	15.68287
2.2269473	1.3283416	4.7433758	15.641729
2.2269473	1.3209319	4.7450576	15.654073
2.2222695	1.3267308	4.7442164	15.658186
2.2300656	1.32512	4.7450576	15.670528
2.2253881	1.3322076	4.7450576	15.641729
2.2300656	1.3141664	4.7450576	15.649958
2.2238288	1.3241535	4.7442164	15.6623
2.2269473	1.317066	4.7433758	15.637616
2.2207103	1.3318855	4.7442164	15.641729
2.2253881	1.3328519	4.7450576	15.658186
2.2269473	1.3399395	4.7425351	15.6623
2.2238288	1.3370401	4.7433758	15.670528
2.2238288	1.3199654	4.7442164	15.641729
2.2253881	1.3244756	4.7433758	15.637616
2.2222695	1.3138443	4.7450576	15.621161
2.2253881	1.3244756	4.7450576	15.666413
2.2269473	1.3228649	4.7442164	15.645844
2.2238288	1.3247979	4.7442164	15.633502
2.2222695	1.3373622	4.7450576	15.654073
2.2222695	1.3399395	4.7442164	15.678757
2.2253881	1.3550812	4.7442164	15.658186
2.2253881	1.3554033	4.7458982	15.674642
2.2253881	1.340906	4.7433758	15.641729
2.2238288	1.3373622	4.7425351	15.678757
2.2222695	1.3293082	4.7450576	15.633502
2.219151	1.3351071	4.7425351	15.654073
2.219151	1.3280195	4.7425351	15.649958
2.2175918	1.3238313	4.7450576	15.649958
2.2222695	1.3354292	4.7433758	15.658186
2.2222695	1.3421947	4.7433758	15.649958
2.2238288	1.3463827	4.7442164	15.678757
2.219151	1.3357514	4.7442164	15.641729
2.2238288	1.342839	4.7433758	15.658186
2.2160325	1.3431611	4.7450576	15.637616
2.2207103	1.327053	4.7433758	15.641729
2.2160325	1.3202876	4.7433758	15.645844
2.219151	1.3003135	4.7450576	15.625274
2.2144732	1.3103005	4.7450576	15.617045
2.2207103	1.3177103	4.7450576	15.621161
2.219151	1.2967696	4.7450576	15.621161
2.2175918	1.3141664	4.7450576	15.629388
2.2144732	1.3254422	4.7450576	15.649958
2.219151	1.32512	4.7450576	15.633502
2.219151	1.3318855	4.7442164	15.666413
2.2144732	1.3067567	4.7442164	15.629388
2.2144732	1.3115891	4.7450576	15.649958
2.2222695	1.3157773	4.7475801	15.641729
2.2175918	1.3338184	4.7450576	15.678757
2.219151	1.3228649	4.7433758	15.633502
2.2144732	1.3341405	4.7433758	15.686985
2.2175918	1.344772	4.7433758	15.637616
2.2160325	1.3276973	4.7450576	15.654073
2.2144732	1.3331741	4.7467394	15.649958
2.2113545	1.315133	4.7450576	15.645844
2.2144732	1.3247979	4.7450576	15.695212
2.2207103	1.3215762	4.7425351	15.649958
2.2160325	1.32512	4.7450576	15.666413
2.2175918	1.3367178	4.7458982	15.637616
2.2144732	1.3454163	4.7442164	15.6623
2.2144732	1.3415504	4.7458982	15.641729
2.208236	1.3444498	4.7442164	15.6623
2.2113545	1.32512	4.7458982	15.633502
2.212914	1.3090118	4.7442164	15.637616
2.2144732	1.2893599	4.7467394	15.645844
2.2144732	1.3090118	4.7433758	15.658186
2.2144732	1.3090118	4.7433758	15.633502
2.2144732	1.3315632	4.7442164	15.670528
2.2144732	1.3241535	4.7442164	15.621161
2.212914	1.32512	4.7442164	15.641729
2.208236	1.3322076	4.7433758	15.633502
2.2113545	1.3392951	4.7442164	15.654073
2.2144732	1.3206097	4.7458982	15.658186
2.208236	1.319321	4.7458982	15.641729
2.208236	1.3328519	4.7433758	15.670528
2.2113545	1.3141664	4.7433758	15.637616
2.2097952	1.3167437	4.7450576	15.654073
2.2160325	1.3061124	4.7433758	15.637616
2.2175918	1.317066	4.7450576	15.649958
2.2097952	1.3128778	4.7442164	15.678757
2.2113545	1.3215762	4.7442164	15.645844
2.2097952	1.3177103	4.7433758	15.645844
2.208236	1.3296303	4.7450576	15.645844
2.2113545	1.3235092	4.7442164	15.645844
2.2051175	1.3347849	4.7442164	15.658186
2.2113545	1.3341405	4.7433758	15.649958
2.212914	1.3383287	4.7442164	15.666413
2.2066767	1.3483157	4.7433758	15.666413
2.212914	1.3296303	4.7458982	15.645844
2.2097952	1.3183546	4.7450576	15.649958
2.2097952	1.3154551	4.7450576	15.637616
2.212914	1.2977362	4.7442164	15.621161
2.2097952	1.3054681	4.7425351	15.637616
2.2066767	1.3028908	4.7442164	15.645844
2.2051175	1.3128778	4.7450576	15.629388
2.2051175	1.3199654	4.7425351	15.641729
2.2051175	1.3328519	4.7442164	15.654073
2.2035582	1.3334962	4.7442164	15.641729
2.2097952	1.3257643	4.7450576	15.625274
2.2066767	1.3238313	4.7433758	15.621161
2.208236	1.319321	4.7442164	15.629388
2.2113545	1.3354292	4.7425351	15.649958
2.2051175	1.3202876	4.7442164	15.612932
2.2019989	1.3157773	4.7442164	15.678757
2.2019989	1.3119113	4.7458982	15.641729
2.2051175	1.327053	4.7442164	15.6623
2.2066767	1.319321	4.7450576	15.641729
2.2051175	1.3157773	4.7450576	15.645844
2.1988804	1.3225427	4.7458982	15.654073
2.2035582	1.32512	4.7442164	15.637616
2.2051175	1.3148108	4.7442164	15.6623
2.2019989	1.3183546	4.7433758	15.641729
2.2066767	1.3331741	4.7450576	15.674642
2.2097952	1.3273752	4.7458982	15.649958
2.2051175	1.3418725	4.7450576	15.658186
2.2051175	1.3273752	4.7416945	15.629388
2.2051175	1.3296303	4.7442164	15.658186
2.2051175	1.3164216	4.7442164	15.654073
2.2051175	1.3138443	4.7433758	15.641729
2.2004397	1.3106227	4.7442164	15.645844
2.2035582	1.3074011	4.7433758	15.670528
2.2035582	1.3077232	4.7442164	15.637616
2.2004397	1.3077232	4.7450576	15.6623
2.2066767	1.3309189	4.7450576	15.6623
2.2035582	1.340906	4.7433758	15.68287
2.2019989	1.3370401	4.7433758	15.649958
2.2051175	1.3267308	4.7458982	15.637616
2.2051175	1.3196433	4.7433758	15.654073
2.2035582	1.3264086	4.7433758	15.654073
2.1973212	1.3206097	4.7450576	15.654073
2.2019989	1.3222206	4.7458982	15.629388
2.2004397	1.3247979	4.7425351	15.654073
2.2051175	1.3363957	4.7433758	15.649958
2.2051175	1.309334	4.7458982	15.625274
2.2004397	1.3009578	4.7442164	15.625274
2.2035582	1.3061124	4.7425351	15.617045
2.1973212	1.3222206	4.7442164	15.6623
2.1957619	1.3154551	4.7433758	15.654073
2.1988804	1.3119113	4.7425351	15.645844
2.1957619	1.3206097	4.7442164	15.654073
2.1988804	1.321254	4.7450576	15.629388
2.1988804	1.3305968	4.7433758	15.658186
2.1973212	1.3312411	4.7425351	15.649958
2.2051175	1.3402617	4.7433758	15.6623
2.1957619	1.346705	4.7458982	15.658186
2.1957619	1.3367178	4.7425351	15.637616
2.1957619	1.3264086	4.7450576	15.637616
2.1957619	1.319321	4.7442164	15.641729
2.1957619	1.319321	4.7458982	15.649958
2.2004397	1.3276973	4.7450576	15.645844
2.1988804	1.3218983	4.7450576	15.625274
2.1942027	1.311267	4.7442164	15.625274
2.1973212	1.3286638	4.7450576	15.641729
2.1942027	1.3328519	4.7450576	15.629388
2.1957619	1.3309189	4.7433758	15.658186
2.2004397	1.3383287	4.7450576	15.658186
2.1942027	1.3215762	4.7433758	15.641729
2.1988804	1.3183546	4.7425351	15.633502
2.1973212	1.3244756	4.7442164	15.637616
2.1973212	1.3167437	4.7450576	15.604704
2.1988804	1.3280195	4.7442164	15.633502
2.1973212	1.3206097	4.7433758	15.633502
2.1910841	1.3360735	4.7450576	15.666413
2.1926434	1.3090118	4.7442164	15.608817
2.1973212	1.3331741	4.7433758	15.674642
2.1973212	1.3218983	4.7450576	15.658186
2.1973212	1.3180324	4.7442164	15.649958
2.1895249	1.3222206	4.7450576	15.641729
2.1988804	1.323187	4.7450576	15.641729
2.1973212	1.3325298	4.7433758	15.666413
2.1942027	1.3257643	4.7433758	15.654073
2.1957619	1.338973	4.7433758	15.674642
2.1973212	1.3425168	4.7458982	15.674642
2.1957619	1.3276973	4.7442164	15.658186
2.1895249	1.3273752	4.7433758	15.645844
2.2004397	1.3396174	4.7450576	15.645844
2.1942027	1.3254422	4.7442164	15.641729
2.1910841	1.3164216	4.7442164	15.658186
2.1910841	1.3351071	4.7425351	15.6623
2.1942027	1.3392951	4.7458982	15.666413
2.1942027	1.340906	4.7450576	15.633502
2.1926434	1.3305968	4.7458982	15.637616
2.1879656	1.3396174	4.7425351	15.649958
2.1895249	1.3450941	4.7450576	15.645844
2.1942027	1.3328519	4.7450576	15.649958
2.1942027	1.3215762	4.7442164	15.629388
2.1910841	1.3164216	4.7442164	15.649958
2.1910841	1.3363957	4.7450576	15.678757
2.1895249	1.3061124	4.7450576	15.641729
2.1848471	1.3160994	4.7433758	15.674642
2.1957619	1.3267308	4.7450576	15.641729
2.1895249	1.3264086	4.7450576	15.645844
2.1879656	1.3280195	4.7450576	15.649958
2.1879656	1.3296303	4.7433758	15.641729
2.1879656	1.3241535	4.7442164	15.641729
2.1926434	1.3199654	4.7433758	15.637616
2.1942027	1.3228649	4.7442164	15.691098
2.1864064	1.3138443	4.7442164	15.645844
2.1895249	1.3080454	4.7450576	15.645844
2.1895249	1.3122334	4.7442164	15.633502
2.1848471	1.3012799	4.7442164	15.641729
2.1895249	1.3160994	4.7450576	15.629388
2.1864064	1.3235092	4.7433758	15.654073
2.1848471	1.3260865	4.7450576	15.649958
2.1879656	1.3347849	4.7450576	15.670528
2.1848471	1.3383287	4.7442164	15.666413
2.1879656	1.3444498	4.7433758	15.6623
2.1864064	1.3196433	4.7425351	15.625274
2.1895249	1.3305968	4.7450576	15.649958
2.1910841	1.321254	4.7433758	15.633502
2.1864064	1.3296303	4.7450576	15.633502
2.1864064	1.3425168	4.7433758	15.654073
2.1832879	1.3247979	4.7467394	15.625274
2.1895249	1.3402617	4.7442164	15.6623
2.1879656	1.3376844	4.7458982	15.641729
2.1879656	1.3531482	4.7450576	15.674642
2.1832879	1.3305968	4.7442164	15.625274
2.1864064	1.3241535	4.7450576	15.654073
2.1864064	1.3296303	4.7450576	15.625274
2.1832879	1.3225427	4.7442164	15.633502
2.1832879	1.3141664	4.7433758	15.6623
2.1879656	1.3054681	4.7442164	15.621161
2.1895249	1.3157773	4.7467394	15.629388
2.1832879	1.3051459	4.7442164	15.641729
2.1848471	1.3125557	4.7458982	15.68287
2.1801691	1.32512	4.7442164	15.645844
2.1817286	1.3299525	4.7433758	15.625274
2.1848471	1.3267308	4.7450576	15.658186
2.1864064	1.3225427	4.7442164	15.645844
2.1848471	1.3386508	4.7425351	15.666413
2.1786098	1.3386508	4.7425351	15.654073
2.1817286	1.3450941	4.7442164	15.666413
2.1864064	1.3438054	4.7450576	15.6623
2.1848471	1.3312411	4.7442164	15.637616
2.1848471	1.3425168	4.7450576	15.678757
2.1801691	1.3254422	4.7442164	15.629388
2.1817286	1.3206097	4.7450576	15.6623
2.1786098	1.3218983	4.7442164	15.670528
2.1864064	1.3144886	4.7442164	15.649958
2.1848471	1.3206097	4.7458982	15.637616
2.1832879	1.3209319	4.7442164	15.654073
2.1832879	1.3293082	4.7433758	15.703441
2.1817286	1.3312411	4.7475801	15.629388
2.1864064	1.3273752	4.7425351	15.641729
2.1817286	1.3338184	4.7433758	15.674642
2.1848471	1.3373622	4.7442164	15.649958
2.1848471	1.3405838	4.7442164	15.654073
2.1848471	1.352826	4.7442164	15.6623
2.1817286	1.3363957	4.7442164	15.649958
2.1817286	1.3254422	4.7433758	15.629388
2.1832879	1.3276973	4.7442164	15.625274
2.1817286	1.3441277	4.7433758	15.645844
2.1786098	1.3354292	4.7433758	15.633502
2.1801691	1.3325298	4.7450576	15.658186
2.1817286	1.3331741	4.7450576	15.649958
2.1801691	1.3328519	4.7433758	15.658186
2.1770506	1.3160994	4.7425351	15.649958
2.1864064	1.3061124	4.7442164	15.621161
2.1817286	1.3057902	4.7450576	15.666413
2.1770506	1.3016021	4.7425351	15.641729
2.1770506	1.2958032	4.7458982	15.641729
2.1801691	1.2922593	4.7458982	15.649958
2.1801691	1.3038572	4.7442164	15.629388
2.1848471	1.3257643	4.7442164	15.645844
2.1786098	1.3305968	4.7450576	15.645844
2.1832879	1.3415504	4.7442164	15.658186
2.1739321	1.350893	4.7416945	15.658186
2.1754913	1.3460606	4.7458982	15.658186
2.1801691	1.3399395	4.7433758	15.645844
2.167695	1.3141664	4.7450576	15.621161
2.1817286	1.3028908	4.7442164	15.649958
2.1770506	1.3280195	4.7458982	15.666413
2.1786098	1.3254422	4.7433758	15.633502
2.1754913	1.3083675	4.7433758	15.641729
2.1801691	1.3086897	4.7433758	15.629388
2.1801691	1.3206097	4.7442164	15.633502
2.1770506	1.3238313	4.7442164	15.629388
2.1723728	1.3283416	4.7442164	15.6623
2.1754913	1.3273752	4.7433758	15.645844
2.1786098	1.3367178	4.7442164	15.6623
2.1754913	1.327053	4.7450576	15.637616
2.1754913	1.3257643	4.7433758	15.637616
2.1817286	1.3154551	4.7442164	15.637616
2.1754913	1.3183546	4.7442164	15.633502
2.1786098	1.3318855	4.7450576	15.633502
2.1739321	1.3402617	4.7450576	15.654073
2.1723728	1.3418725	4.7442164	15.637616
2.1770506	1.3357514	4.7425351	15.658186
2.1770506	1.3264086	4.7458982	15.649958
2.1708136	1.338973	4.7425351	15.719897
2.1754913	1.3138443	4.7450576	15.6623
2.1770506	1.3202876	4.7433758	15.6623
2.1801691	1.3080454	4.7450576	15.625274
2.1754913	1.3164216	4.7442164	15.645844
2.1739321	1.3173881	4.7450576	15.649958
2.1739321	1.3209319	4.7442164	15.6623
2.1708136	1.3360735	4.7442164	15.658186
2.1708136	1.323187	4.7433758	15.649958
2.1754913	1.3222206	4.7450576	15.666413
2.1708136	1.3235092	4.7433758	15.649958
2.1754913	1.3334962	4.7450576	15.654073
2.1754913	1.3257643	4.7458982	15.633502
2.1708136	1.3247979	4.7442164	15.645844
2.1786098	1.3164216	4.7433758	15.645844
2.1754913	1.3209319	4.7442164	15.641729
2.1739321	1.3331741	4.7450576	15.658186
2.1723728	1.3173881	4.7450576	15.6623
2.1754913	1.3154551	4.7450576	15.645844
2.1770506	1.3215762	4.7450576	15.649958
2.1739321	1.3167437	4.7442164	15.629388
2.1692543	1.3148108	4.7442164	15.617045
2.1692543	1.3122334	4.7450576	15.654073
2.1754913	1.3357514	4.7450576	15.6623
2.1708136	1.3209319	4.7442164	15.666413
2.1692543	1.3344628	4.7433758	15.658186
2.1723728	1.3283416	4.7450576	15.625274
2.1739321	1.3286638	4.7442164	15.654073
2.1723728	1.3396174	4.7458982	15.649958
2.1692543	1.3238313	4.7442164	15.645844
2.1754913	1.338973	4.7450576	15.641729
2.1739321	1.3177103	4.7442164	15.658186
2.1739321	1.3276973	4.7425351	15.641729
2.1708136	1.3218983	4.7442164	15.649958
2.1692543	1.3080454	4.7433758	15.633502
2.1645765	1.3206097	4.7458982	15.641729
2.1708136	1.3331741	4.7450576	15.6623
2.167695	1.3376844	4.7458982	15.645844
2.167695	1.3218983	4.7450576	15.629388
2.1661358	1.3254422	4.7450576	15.637616
2.1692543	1.3351071	4.7450576	15.670528
2.1661358	1.3215762	4.7450576	15.641729
2.1692543	1.3222206	4.7450576	15.645844
2.1692543	1.3154551	4.7450576	15.641729
2.1708136	1.3260865	4.7425351	15.625274
2.1692543	1.3325298	4.7458982	15.686985
2.1661358	1.3360735	4.7458982	15.625274
2.1723728	1.3351071	4.7442164	15.645844
2.1661358	1.32512	4.7433758	15.6623
2.1630173	1.3415504	4.7442164	15.666413
2.1708136	1.3380065	4.7442164	15.633502
2.1661358	1.3360735	4.7442164	15.641729
2.1661358	1.3086897	4.7442164	15.621161
2.1645765	1.2906486	4.7433758	15.604704
2.167695	1.3035351	4.7433758	15.641729
2.1708136	1.3141664	4.7442164	15.670528
2.1692543	1.3235092	4.7450576	15.645844
2.1692543	1.3215762	4.7458982	15.654073
2.1645765	1.3383287	4.7433758	15.658186
2.161458	1.3479936	4.7425351	15.678757
2.1692543	1.3305968	4.7450576	15.654073
2.1645765	1.3264086	4.7450576	15.645844
2.1630173	1.3144886	4.7450576	15.654073
2.1645765	1.3115891	4.7433758	15.637616
2.1645765	1.3109448	4.7442164	15.6623
2.1645765	1.3048238	4.7450576	15.633502
2.167695	1.3061124	4.7450576	15.637616
2.167695	1.3202876	4.7442164	15.658186
2.161458	1.3180324	4.7442164	15.654073
2.1630173	1.3148108	4.7442164	15.674642
2.1661358	1.3209319	4.7442164	15.633502
2.1598988	1.3357514	4.7433758	15.658186
2.1645765	1.327053	4.7425351	15.6623
2.1708136	1.3244756	4.7442164	15.641729
2.1661358	1.3367178	4.7458982	15.658186
2.161458	1.3215762	4.7450576	15.641729
2.1583395	1.3280195	4.7425351	15.649958
2.1692543	1.3418725	4.7433758	15.658186
2.1583395	1.3415504	4.7425351	15.658186
2.1661358	1.3515373	4.7450576	15.68287
2.1630173	1.3215762	4.7425351	15.629388
2.1598988	1.3341405	4.7467394	15.6623
2.1567802	1.3254422	4.7433758	15.654073
2.167695	1.3338184	4.7442164	15.641729
2.1630173	1.3289859	4.7450576	15.649958
2.1692543	1.3115891	4.7458982	15.637616
2.161458	1.3160994	4.7458982	15.654073
2.1567802	1.3267308	4.7442164	15.645844
2.161458	1.3412281	4.7442164	15.649958
2.1583395	1.3405838	4.7450576	15.658186
2.161458	1.3302746	4.7450576	15.649958
2.1598988	1.327053	4.7433758	15.641729
2.1583395	1.3309189	4.7467394	15.637616
2.1583395	1.3363957	4.7433758	15.678757
2.1645765	1.3331741	4.7458982	15.649958
2.1567802	1.3383287	4.7442164	15.658186
2.1567802	1.338973	4.7442164	15.645844
2.1598988	1.3276973	4.7433758	15.633502
2.1567802	1.3177103	4.7442164	15.629388
2.1567802	1.3218983	4.7442164	15.641729
2.161458	1.3228649	4.7442164	15.670528
2.1598988	1.3286638	4.7442164	15.658186
2.1598988	1.3260865	4.7442164	15.654073
2.1630173	1.3132	4.7458982	15.621161
2.1630173	1.3144886	4.7458982	15.637616
2.1598988	1.3022465	4.7442164	15.629388
2.1536617	1.3173881	4.7433758	15.637616
2.155221	1.311267	4.7442164	15.629388
2.1583395	1.3148108	4.7450576	15.649958
2.1598988	1.3318855	4.7450576	15.658186
2.1567802	1.3280195	4.7442164	15.645844
2.1598988	1.3334962	4.7442164	15.617045
2.1583395	1.3045015	4.7442164	15.625274
2.1536617	1.317066	4.7458982	15.604704
2.1567802	1.3154551	4.7442164	15.621161
2.155221	1.3186767	4.7450576	15.625274
2.1583395	1.3177103	4.7442164	15.625274
2.155221	1.3299525	4.7425351	15.691098
2.1536617	1.3363957	4.7442164	15.666413
2.155221	1.3173881	4.7433758	15.625274
2.1536617	1.3125557	4.7450576	15.625274
2.1583395	1.2987026	4.7425351	15.637616
2.155221	1.3106227	4.7450576	15.6623
2.155221	1.2987026	4.7442164	15.641729
2.1583395	1.3125557	4.7450576	15.649958
2.1583395	1.3209319	4.7442164	15.654073
2.1536617	1.3222206	4.7458982	15.641729
2.1505432	1.3167437	4.7450576	15.617045
2.155221	1.3154551	4.7442164	15.637616
2.1583395	1.309334	4.7442164	15.621161
2.155221	1.3028908	4.7442164	15.621161
2.1598988	1.3025686	4.7433758	15.641729
2.1567802	1.3180324	4.7450576	15.6623
2.155221	1.2993469	4.7450576	15.621161
2.155221	1.2938702	4.7442164	15.654073
2.148984	1.281628	4.7458982	15.617045
2.1583395	1.3038572	4.7458982	15.641729
2.1567802	1.3122334	4.7458982	15.645844
2.1536617	1.323187	4.7442164	15.645844
2.1505432	1.3186767	4.7433758	15.6623
2.148984	1.3367178	4.7442164	15.641729
2.1505432	1.3518596	4.7442164	15.711669
2.1583395	1.3492823	4.7442164	15.6623
2.1536617	1.3505709	4.7442164	15.645844
2.155221	1.3376844	4.7450576	15.625274
2.1521025	1.3444498	4.7458982	15.658186
2.1505432	1.3412281	4.7442164	15.637616
2.1505432	1.3402617	4.7450576	15.6623
2.1521025	1.3315632	4.7433758	15.6623
2.1536617	1.3180324	4.7450576	15.645844
2.1521025	1.2970918	4.7408533	15.649958
2.148984	1.2919372	4.7442164	15.645844
2.148984	1.3077232	4.7425351	15.6623
2.148984	1.3132	4.7433758	15.654073
2.1505432	1.3244756	4.7433758	15.625274
2.1536617	1.3267308	4.7450576	15.649958
2.1536617	1.3244756	4.7442164	15.629388
2.1536617	1.3363957	4.7458982	15.666413
2.148984	1.3254422	4.7450576	15.645844
2.1521025	1.3309189	4.7433758	15.649958
2.1505432	1.3293082	4.7442164	15.645844
2.1521025	1.3363957	4.7416945	15.649958
2.1505432	1.3399395	4.7433758	15.6623
2.1505432	1.3392951	4.7450576	15.633502
2.148984	1.3183546	4.7458982	15.621161
2.1505432	1.3057902	4.7458982	15.654073
2.148984	1.3132	4.7433758	15.637616
2.1536617	1.321254	4.7442164	15.641729
2.1521025	1.3173881	4.7458982	15.625274
2.1521025	1.309334	4.7442164	15.621161
2.1505432	1.3016021	4.7458982	15.621161
2.1443062	1.3199654	4.7442164	15.641729
2.1521025	1.3286638	4.7458982	15.641729
2.148984	1.3363957	4.7450576	15.645844
2.1474247	1.3338184	4.7442164	15.641729
2.148984	1.3334962	4.7458982	15.641729
2.1505432	1.3418725	4.7416945	15.666413
2.1443062	1.317066	4.7450576	15.604704
2.1505432	1.3177103	4.7416945	15.641729
2.1458654	1.319321	4.7442164	15.6623
2.148984	1.3135221	4.7442164	15.641729
2.1505432	1.3312411	4.7433758	15.6623
2.1536617	1.3286638	4.7433758	15.670528
2.1474247	1.3312411	4.7442164	15.6623
2.1505432	1.3302746	4.7450576	15.654073
2.1458654	1.3254422	4.7433758	15.645844
2.1443062	1.3418725	4.7442164	15.695212
2.1521025	1.315133	4.7450576	15.637616
2.148984	1.3315632	4.7450576	15.637616
2.1443062	1.3360735	4.7442164	15.691098
2.1474247	1.3322076	4.7450576	15.654073
2.1474247	1.3541147	4.7425351	15.68287
2.1458654	1.338973	4.7458982	15.637616
2.148984	1.3434833	4.7450576	15.633502
2.1474247	1.3315632	4.7450576	15.641729
2.1443062	1.3209319	4.7442164	15.641729
2.1427469	1.3183546	4.7450576	15.658186
2.1474247	1.3119113	4.7458982	15.625274
2.1443062	1.3331741	4.7450576	15.674642
2.1380692	1.3273752	4.7458982	15.649958
2.148984	1.3257643	4.7458982	15.649958
2.1443062	1.3286638	4.7442164	15.645844
2.1443062	1.3392951	4.7433758	15.649958
2.1443062	1.3293082	4.7442164	15.654073
2.1458654	1.3103005	4.7450576	15.617045
2.1443062	1.3167437	4.7442164	15.649958
2.1458654	1.3312411	4.7442164	15.654073
2.1458654	1.3309189	4.7433758	15.658186
2.1474247	1.3189989	4.7442164	15.645844
2.148984	1.3351071	4.7433758	15.654073
2.1443062	1.3415504	4.7442164	15.670528
2.1458654	1.3276973	4.7442164	15.621161
2.1443062	1.3183546	4.7450576	15.633502
2.1396284	1.3351071	4.7433758	15.658186
2.1474247	1.3331741	4.7450576	15.649958
2.1427469	1.3125557	4.7442164	15.629388
2.1427469	1.311267	4.7450576	15.654073
2.1443062	1.3090118	4.7433758	15.649958
2.1427469	1.3189989	4.7442164	15.6623
2.1443062	1.3215762	4.7442164	15.658186
2.1505432	1.3273752	4.7425351	15.633502
2.1380692	1.3360735	4.7467394	15.625274
2.1427469	1.3373622	4.7450576	15.654073
2.1411877	1.3351071	4.7450576	15.658186
2.1443062	1.3473493	4.7433758	15.678757
2.1427469	1.3418725	4.7450576	15.658186
2.1427469	1.3305968	4.7442164	15.617045
2.1396284	1.3144886	4.7458982	15.621161
2.1443062	1.3064345	4.7450576	15.629388
2.1443062	1.319321	4.7458982	15.625274
2.1396284	1.3141664	4.7450576	15.645844
2.1427469	1.3180324	4.7450576	15.6623
2.1443062	1.311267	4.7450576	15.625274
2.1427469	1.3264086	4.7416945	15.678757
2.1411877	1.3354292	4.7442164	15.666413
2.1443062	1.3186767	4.7442164	15.621161
2.1365099	1.3202876	4.7442164	15.621161
2.1380692	1.3280195	4.7442164	15.621161
2.1411877	1.3235092	4.7458982	15.649958
2.1396284	1.3338184	4.7433758	15.658186
2.1333914	1.3293082	4.7450576	15.645844
2.1365099	1.3470271	4.7442164	15.678757
2.1365099	1.3328519	4.7467394	15.6623
2.1411877	1.3280195	4.7442164	15.666413
2.1411877	1.3238313	4.7450576	15.654073
2.1396284	1.319321	4.7458982	15.637616
2.1380692	1.3254422	4.7450576	15.645844
2.1396284	1.3119113	4.7442164	15.637616
2.1396284	1.3141664	4.7450576	15.670528
2.1365099	1.3160994	4.7450576	15.649958
2.1365099	1.3119113	4.7442164	15.629388
2.1365099	1.3183546	4.7433758	15.670528
2.1365099	1.2964475	4.7450576	15.629388
2.1365099	1.3280195	4.7442164	15.674642
2.1349506	1.3373622	4.7450576	15.633502
2.1380692	1.3238313	4.7450576	15.645844
2.1318321	1.3154551	4.7450576	15.645844
2.1365099	1.3160994	4.7450576	15.649958
2.1365099	1.3289859	4.7442164	15.674642
2.1349506	1.3341405	4.7458982	15.654073
2.1318321	1.3360735	4.7442164	15.658186
2.1411877	1.3334962	4.7442164	15.633502
2.1349506	1.3318855	4.7433758	15.637616
2.1396284	1.3209319	4.7450576	15.641729
2.1349506	1.3103005	4.7442164	15.649958
2.1349506	1.3235092	4.7450576	15.670528
2.1318321	1.3244756	4.7442164	15.654073
2.1333914	1.3254422	4.7450576	15.658186
2.1396284	1.3019242	4.7442164	15.617045
2.1302726	1.3157773	4.7442164	15.649958
2.1396284	1.323187	4.7450576	15.625274
2.1333914	1.3328519	4.7425351	15.649958
2.1318321	1.3260865	4.7450576	15.629388
2.1349506	1.3357514	4.7433758	15.6623
2.1396284	1.338973	4.7458982	15.654073
2.1333914	1.3351071	4.7433758	15.666413
2.1287134	1.3148108	4.7442164	15.629388
2.1365099	1.3080454	4.7433758	15.641729
2.1333914	1.3186767	4.7442164	15.641729
2.1318321	1.3280195	4.7450576	15.641729
2.1333914	1.3260865	4.7458982	15.641729
2.1365099	1.3070788	4.7450576	15.625274
2.1365099	1.3154551	4.7442164	15.670528
2.1333914	1.3318855	4.7425351	15.6623
2.1318321	1.3115891	4.7450576	15.637616
2.1318321	1.3054681	4.7442164	15.629388
2.1333914	1.3003135	4.7442164	15.612932
2.1302726	1.3012799	4.7433758	15.641729
2.1333914	1.3167437	4.7425351	15.649958
2.1287134	1.311267	4.7450576	15.641729
2.1271541	1.3144886	4.7450576	15.641729
2.1333914	1.3328519	4.7433758	15.637616
2.1333914	1.3283416	4.7442164	15.621161
2.1349506	1.3328519	4.7450576	15.621161
2.1318321	1.3341405	4.7450576	15.617045
2.1271541	1.3334962	4.7442164	15.633502
2.1333914	1.3383287	4.7450576	15.641729
2.1302726	1.3312411	4.7467394	15.641729
2.1302726	1.3257643	4.7425351	15.658186
2.1349506	1.3260865	4.7433758	15.666413
2.1333914	1.3228649	4.7433758	15.658186
2.1302726	1.3280195	4.7450576	15.666413
2.1380692	1.3144886	4.7450576	15.629388
2.1380692	1.327053	4.7433758	15.670528
2.1318321	1.3331741	4.7450576	15.641729
2.1318321	1.323187	4.7425351	15.645844
2.1302726	1.3351071	4.7416945	15.707554
2.1333914	1.3441277	4.7442164	15.645844
2.1287134	1.340906	4.7450576	15.666413
2.1302726	1.3180324	4.7450576	15.637616
2.1318321	1.3125557	4.7458982	15.621161
2.1365099	1.323187	4.7442164	15.641729
2.1302726	1.3415504	4.7467394	15.641729
2.1287134	1.3305968	4.7450576	15.670528
2.1255949	1.3392951	4.7442164	15.654073
2.1318321	1.3383287	4.7433758	15.6623
2.1255949	1.3367178	4.7450576	15.645844
2.1302726	1.3373622	4.7450576	15.658186
2.1302726	1.3257643	4.7442164	15.629388
2.1287134	1.3286638	4.7450576	15.645844
2.1333914	1.3218983	4.7433758	15.637616
2.1287134	1.3038572	4.7442164	15.629388
2.1302726	1.2938702	4.7450576	15.641729
2.1255949	1.3070788	4.7442164	15.6623
2.1255949	1.3235092	4.7450576	15.670528
2.1287134	1.3247979	4.7450576	15.649958
2.1287134	1.3341405	4.7458982	15.666413
2.1271541	1.3460606	4.7467394	15.666413
2.1318321	1.3534703	4.7450576	15.654073
2.1271541	1.3402617	4.7450576	15.649958
2.1255949	1.3186767	4.7442164	15.645844
2.1287134	1.327053	4.7458982	15.649958
2.1224763	1.3399395	4.7425351	15.68287
2.1255949	1.3357514	4.7458982	15.6623
2.1255949	1.3167437	4.7450576	15.625274
2.1255949	1.3202876	4.7433758	15.629388
2.1255949	1.3180324	4.7458982	15.625274
2.1255949	1.3305968	4.7442164	15.649958
2.1287134	1.3154551	4.7458982	15.629388
2.1240356	1.3228649	4.7433758	15.633502
2.1271541	1.338973	4.7433758	15.645844
2.1287134	1.3280195	4.7450576	15.649958
2.1271541	1.3386508	4.7442164	15.670528
2.1255949	1.3425168	4.7458982	15.645844
2.1193578	1.342839	4.7450576	15.649958
2.1224763	1.3341405	4.7442164	15.621161
2.1255949	1.3247979	4.7458982	15.629388
2.1302726	1.3167437	4.7458982	15.641729
2.1240356	1.3167437	4.7450576	15.629388
2.1255949	1.3189989	4.7433758	15.649958
2.1240356	1.3183546	4.7458982	15.633502
2.1255949	1.3025686	4.7458982	15.637616
2.1302726	1.3080454	4.7458982	15.621161
2.1255949	1.3070788	4.7442164	15.621161
2.1224763	1.3257643	4.7458982	15.625274
2.1271541	1.3196433	4.7442164	15.637616
2.1209171	1.3032129	4.7442164	15.608817
2.1287134	1.3057902	4.7458982	15.641729
2.1240356	1.3006356	4.7450576	15.641729
2.1209171	1.3028908	4.7442164	15.641729
2.1255949	1.3048238	4.7467394	15.649958
2.1193578	1.3160994	4.7450576	15.641729
2.1240356	1.3312411	4.7442164	15.654073
2.1224763	1.321254	4.7450576	15.658186
2.1255949	1.3370401	4.7450576	15.658186
2.1287134	1.3318855	4.7433758	15.6623
2.1271541	1.3318855	4.7433758	15.645844
2.1224763	1.3328519	4.7442164	15.670528
2.1255949	1.317066	4.7442164	15.641729
2.1209171	1.3164216	4.7450576	15.625274
2.1271541	1.3090118	4.7450576	15.637616
2.1240356	1.317066	4.7450576	15.645844
2.1271541	1.3148108	4.7433758	15.6623
2.1209171	1.3283416	4.7442164	15.658186
2.1240356	1.3235092	4.7433758	15.637616
2.1224763	1.3280195	4.7442164	15.6623
2.1224763	1.3367178	4.7458982	15.645844
2.1177986	1.3396174	4.7442164	15.670528
2.1162393	1.3441277	4.7450576	15.654073
2.1146801	1.3370401	4.7458982	15.641729
2.1271541	1.3331741	4.7467394	15.625274
2.1193578	1.3177103	4.7450576	15.641729
2.1240356	1.3070788	4.7458982	15.645844
2.1193578	1.3132	4.7450576	15.645844
2.1193578	1.311267	4.7433758	15.637616
2.1224763	1.3109448	4.7442164	15.654073
2.1209171	1.3322076	4.7450576	15.670528
2.1224763	1.3441277	4.7433758	15.654073
2.1177986	1.3421947	4.7450576	15.629388
2.1177986	1.3309189	4.7458982	15.633502
2.1240356	1.3276973	4.7442164	15.658186
2.1209171	1.3405838	4.7433758	15.6623
2.1193578	1.3415504	4.7442164	15.691098
2.1193578	1.3492823	4.7458982	15.654073
2.1193578	1.3341405	4.7425351	15.645844
2.1240356	1.3315632	4.7450576	15.645844
2.1131208	1.3499266	4.7467394	15.658186
2.1193578	1.323187	4.7450576	15.621161
2.1177986	1.3360735	4.7467394	15.645844
2.1193578	1.3305968	4.7458982	15.686985
2.1224763	1.3305968	4.7433758	15.654073
2.1177986	1.3360735	4.7450576	15.649958
2.1162393	1.3273752	4.7450576	15.637616
2.1209171	1.3373622	4.7450576	15.641729
2.1162393	1.3434833	4.7433758	15.658186
2.1177986	1.3512152	4.7433758	15.641729
2.1209171	1.3418725	4.7425351	15.678757
2.1224763	1.3399395	4.7450576	15.674642
2.1209171	1.3386508	4.7450576	15.658186
2.1193578	1.3257643	4.7425351	15.637616
2.1209171	1.3341405	4.7433758	15.670528
2.1193578	1.3244756	4.7433758	15.625274
2.1224763	1.3244756	4.7450576	15.625274
2.1209171	1.3347849	4.7450576	15.641729
2.1193578	1.3244756	4.7450576	15.641729
2.1193578	1.3318855	4.7442164	15.6623
2.1209171	1.3412281	4.7425351	15.691098
2.1177986	1.3228649	4.7458982	15.633502
2.1193578	1.311267	4.7442164	15.625274
2.1146801	1.3144886	4.7450576	15.645844
2.1177986	1.3003135	4.7442164	15.6623
2.1177986	1.3016021	4.7442164	15.621161
2.1162393	1.2987026	4.7450576	15.633502
2.1193578	1.3119113	4.7442164	15.670528
2.1193578	1.3180324	4.7425351	15.670528
2.1193578	1.3289859	4.7433758	15.6623
2.1131208	1.321254	4.7450576	15.641729
2.1162393	1.3235092	4.7450576	15.637616
2.1177986	1.3225427	4.7433758	15.629388
2.1115615	1.3028908	4.7442164	15.625274
2.1193578	1.32512	4.7442164	15.695212
2.1177986	1.3376844	4.7458982	15.674642
2.1146801	1.3383287	4.7442164	15.670528
2.1162393	1.32512	4.7450576	15.645844
2.1162393	1.3273752	4.7442164	15.645844
2.1146801	1.3328519	4.7450576	15.658186
2.1162393	1.3132	4.7450576	15.608817
2.1146801	1.3090118	4.7450576	15.658186
2.1146801	1.3038572	4.7433758	15.633502
2.1146801	1.3206097	4.7442164	15.686985
2.1162393	1.3173881	4.7458982	15.674642
2.1146801	1.3299525	4.7442164	15.649958
2.1177986	1.3293082	4.7458982	15.621161
2.1162393	1.3276973	4.7450576	15.645844
2.1146801	1.3444498	4.7458982	15.686985
2.1115615	1.3492823	4.7450576	15.666413
2.1177986	1.3412281	4.7442164	15.637616
2.1146801	1.3141664	4.7442164	15.641729
2.1100023	1.319321	4.7450576	15.645844
2.1131208	1.3148108	4.7458982	15.654073
2.1177986	1.3206097	4.7442164	15.649958
2.1146801	1.3144886	4.7458982	15.666413
2.108443	1.2961253	4.7467394	15.625274
2.1146801	1.3144886	4.7450576	15.658186
2.102206	1.3154551	4.7442164	15.68287
2.1146801	1.315133	4.7433758	15.649958
2.1115615	1.3164216	4.7433758	15.658186
2.1100023	1.323187	4.7458982	15.633502
2.1177986	1.3264086	4.7450576	15.649958
2.1100023	1.3318855	4.7450576	15.621161
2.1100023	1.3331741	4.7450576	15.629388
2.1177986	1.3363957	4.7450576	15.654073
2.1131208	1.3312411	4.7442164	15.621161
2.1162393	1.3296303	4.7458982	15.641729
2.1193578	1.327053	4.7458982	15.649958
2.1131208	1.3186767	4.7442164	15.637616
2.108443	1.3096561	4.7450576	15.641729
2.1053245	1.309334	4.7442164	15.645844
2.1131208	1.3103005	4.7450576	15.641729
2.1115615	1.3273752	4.7458982	15.641729
2.1115615	1.3454163	4.7442164	15.645844
2.1100023	1.3483157	4.7442164	15.641729
2.1068838	1.3315632	4.7442164	15.608817
2.1068838	1.3399395	4.7450576	15.641729
2.1068838	1.3331741	4.7442164	15.654073
2.108443	1.3415504	4.7450576	15.674642
2.1115615	1.3399395	4.7433758	15.654073
2.108443	1.317066	4.7433758	15.629388
2.1100023	1.3154551	4.7442164	15.649958
2.108443	1.3096561	4.7458982	15.629388
2.108443	1.3328519	4.7450576	15.649958
2.1053245	1.3096561	4.7442164	15.654073
2.1053245	1.3064345	4.7442164	15.658186
2.108443	1.3244756	4.7433758	15.686985
2.1115615	1.3322076	4.7450576	15.670528
2.102206	1.3318855	4.7450576	15.641729
2.1053245	1.3138443	4.7458982	15.625274
2.1100023	1.3360735	4.7433758	15.641729
2.1068838	1.3486379	4.7458982	15.670528
2.1100023	1.340906	4.7433758	15.658186
2.1068838	1.3450941	4.7442164	15.670528
2.1115615	1.340906	4.7433758	15.654073
2.1146801	1.3386508	4.7450576	15.670528
2.1053245	1.3202876	4.7450576	15.621161
2.1053245	1.3196433	4.7425351	15.629388
2.108443	1.3189989	4.7442164	15.621161
2.1100023	1.3109448	4.7442164	15.645844
2.1100023	1.3164216	4.7450576	15.658186
2.108443	1.3347849	4.7442164	15.674642
2.1053245	1.3386508	4.7450576	15.686985
2.1100023	1.3238313	4.7450576	15.629388
2.108443	1.3054681	4.7450576	15.633502
2.108443	1.3199654	4.7433758	15.6623
2.1053245	1.3296303	4.7433758	15.641729
2.102206	1.3244756	4.7450576	15.654073
2.1068838	1.3412281	4.7450576	15.678757
2.1053245	1.3328519	4.7450576	15.645844
2.1053245	1.3380065	4.7442164	15.641729
2.1068838	1.3344628	4.7467394	15.649958
2.1115615	1.3218983	4.7442164	15.645844
2.1053245	1.3286638	4.7450576	15.641729
2.1068838	1.3247979	4.7442164	15.649958
2.1037652	1.3302746	4.7450576	15.629388
2.102206	1.3254422	4.7416945	15.658186
2.1068838	1.3318855	4.7442164	15.670528
2.1068838	1.3357514	4.7442164	15.666413
2.1100023	1.3383287	4.7442164	15.686985
2.102206	1.3254422	4.7442164	15.625274
2.1068838	1.3267308	4.7433758	15.658186
2.1053245	1.3376844	4.7442164	15.6623
2.108443	1.3415504	4.7433758	15.686985
2.1053245	1.3293082	4.7442164	15.645844
2.1068838	1.3299525	4.7450576	15.649958
2.1037652	1.3376844	4.7433758	15.674642
2.1115615	1.3444498	4.7433758	15.654073
2.1006467	1.3315632	4.7442164	15.649958
2.1068838	1.3257643	4.7450576	15.625274
2.1100023	1.3283416	4.7433758	15.625274
2.1006467	1.3473493	4.7425351	15.649958
2.0990872	1.3399395	4.7458982	15.633502
2.0990872	1.3309189	4.7458982	15.621161
2.097528	1.3380065	4.7442164	15.674642
2.1115615	1.3441277	4.7467394	15.666413
2.1037652	1.3215762	4.7450576	15.649958
2.1037652	1.3035351	4.7458982	15.633502
2.1068838	1.32512	4.7442164	15.6623
2.1053245	1.3309189	4.7425351	15.670528
2.1006467	1.3344628	4.7433758	15.649958
2.0990872	1.3367178	4.7458982	15.658186
2.1006467	1.3415504	4.7442164	15.649958
2.1006467	1.3431611	4.7442164	15.670528
2.1006467	1.3296303	4.7450576	15.633502
2.1006467	1.3305968	4.7442164	15.6623
2.097528	1.323187	4.7450576	15.637616
2.1006467	1.327053	4.7450576	15.621161
2.0944095	1.3028908	4.7450576	15.604704
2.097528	1.3061124	4.7450576	15.637616
2.102206	1.3264086	4.7450576	15.68287
2.097528	1.3241535	4.7425351	15.658186
2.1006467	1.3273752	4.7442164	15.654073
2.1006467	1.3167437	4.7442164	15.641729
2.0990872	1.3244756	4.7458982	15.641729
2.1037652	1.3157773	4.7458982	15.637616
2.1037652	1.309334	4.7442164	15.617045
2.1037652	1.3064345	4.7442164	15.633502
2.102206	1.3157773	4.7450576	15.649958
2.1006467	1.3215762	4.7442164	15.6623
2.102206	1.3312411	4.7442164	15.68287
2.1006467	1.346705	4.7433758	15.658186
2.1006467	1.3276973	4.7433758	15.629388
2.1006467	1.3247979	4.7450576	15.637616
2.102206	1.3309189	4.7433758	15.666413
2.0990872	1.3241535	4.7450576	15.649958
2.097528	1.344772	4.7450576	15.6623
2.1006467	1.338973	4.7450576	15.686985
2.1006467	1.3383287	4.7450576	15.649958
2.097528	1.3318855	4.7433758	15.658186
2.097528	1.3450941	4.7433758	15.658186
2.1006467	1.3280195	4.7442164	15.621161
2.0990872	1.3012799	4.7458982	15.621161
2.0990872	1.3164216	4.7450576	15.629388
2.1006467	1.3173881	4.7458982	15.654073
2.1006467	1.327053	4.7450576	15.633502
2.0990872	1.3103005	4.7450576	15.654073
2.1006467	1.3148108	4.7458982	15.621161
2.097528	1.327053	4.7458982	15.629388
2.0990872	1.3199654	4.7450576	15.641729
2.1006467	1.3045015	4.7458982	15.612932
2.097528	1.3177103	4.7450576	15.641729
2.1006467	1.3241535	4.7442164	15.625274
2.1006467	1.321254	4.7450576	15.633502
2.1006467	1.3041794	4.7442164	15.633502
2.1006467	1.3154551	4.7450576	15.649958
2.0990872	1.3315632	4.7450576	15.658186
2.1006467	1.3264086	4.7442164	15.617045
2.0944095	1.3206097	4.7450576	15.670528
2.0990872	1.3296303	4.7425351	15.645844
2.102206	1.3173881	4.7450576	15.625274
2.1006467	1.3312411	4.7450576	15.666413
2.0959687	1.3399395	4.7450576	15.641729
2.0990872	1.3370401	4.7433758	15.637616
2.1006467	1.3515373	4.7450576	15.654073
2.0959687	1.3392951	4.7467394	15.654073
2.0990872	1.3257643	4.7442164	15.629388
2.1006467	1.3289859	4.7442164	15.6623
2.0944095	1.3173881	4.7450576	15.641729
2.0944095	1.3209319	4.7458982	15.654073
2.091291	1.32512	4.7458982	15.670528
2.097528	1.3180324	4.7442164	15.654073
2.1006467	1.3260865	4.7442164	15.658186
2.0990872	1.3241535	4.7458982	15.649958
2.097528	1.3177103	4.7433758	15.637616
2.097528	1.3202876	4.7450576	15.666413
2.1006467	1.3141664	4.7433758	15.633502
2.0944095	1.3186767	4.7442164	15.645844
2.0944095	1.3183546	4.7450576	15.654073
2.0928502	1.3045015	4.7433758	15.641729
2.0990872	1.3157773	4.7458982	15.637616
2.097528	1.3328519	4.7442164	15.641729
2.0928502	1.3415504	4.7458982	15.686985
2.0944095	1.3386508	4.7450576	15.649958
2.097528	1.3518596	4.7458982	15.6623
2.0990872	1.3463827	4.7442164	15.637616
2.1006467	1.3351071	4.7458982	15.625274
2.0944095	1.3225427	4.7450576	15.654073
2.0990872	1.3160994	4.7458982	15.658186
2.1006467	1.3086897	4.7442164	15.654073
2.0990872	1.3032129	4.7442164	15.649958
2.0959687	1.2993469	4.7442164	15.658186
2.0897317	1.2970918	4.7458982	15.612932
2.0959687	1.3177103	4.7433758	15.649958
2.091291	1.3315632	4.7442164	15.641729
2.091291	1.3412281	4.7442164	15.666413
2.0944095	1.3405838	4.7442164	15.6623
2.0944095	1.3347849	4.7458982	15.645844
2.097528	1.3421947	4.7425351	15.658186
2.0944095	1.3331741	4.7450576	15.6623
2.0944095	1.3202876	4.7442164	15.629388
2.0959687	1.3260865	4.7442164	15.637616
2.091291	1.3312411	4.7450576	15.641729
2.0990872	1.3122334	4.7442164	15.637616
2.0944095	1.3144886	4.7458982	15.629388
2.0928502	1.3293082	4.7458982	15.658186
2.097528	1.3363957	4.7433758	15.68287
2.0944095	1.3064345	4.7450576	15.621161
2.0928502	1.3096561	4.7458982	15.629388
2.0944095	1.3106227	4.7467394	15.629388
2.0928502	1.3144886	4.7458982	15.629388
2.0944095	1.3032129	4.7442164	15.633502
2.0928502	1.3054681	4.7467394	15.629388
2.091291	1.3132	4.7458982	15.670528
2.0944095	1.3206097	4.7433758	15.637616
2.0881724	1.3286638	4.7442164	15.658186
2.0944095	1.3331741	4.7416945	15.641729
2.0897317	1.3276973	4.7442164	15.625274
2.0944095	1.3344628	4.7450576	15.641729
2.0959687	1.3396174	4.7442164	15.641729
2.0928502	1.3141664	4.7425351	15.637616
2.091291	1.3135221	4.7450576	15.617045
2.091291	1.2996691	4.7458982	15.621161
2.0881724	1.3048238	4.7442164	15.649958
2.0881724	1.3074011	4.7442164	15.645844
2.0881724	1.2999913	4.7433758	15.629388
2.0897317	1.3125557	4.7442164	15.645844
2.091291	1.3048238	4.7442164	15.629388
2.091291	1.3057902	4.7442164	15.641729
2.091291	1.3096561	4.7458982	15.658186
2.0944095	1.3244756	4.7442164	15.691098
2.091291	1.3347849	4.7433758	15.649958
2.0850542	1.3218983	4.7433758	15.645844
2.097528	1.3218983	4.7450576	15.641729
2.091291	1.3273752	4.7433758	15.649958
2.0959687	1.3354292	4.7450576	15.633502
2.0928502	1.323187	4.7450576	15.641729
2.0897317	1.3267308	4.7433758	15.674642
2.0881724	1.3396174	4.7442164	15.68287
2.0897317	1.3344628	4.7450576	15.678757
2.0850542	1.3103005	4.7425351	15.629388
2.0834949	1.2974139	4.7450576	15.637616
2.0928502	1.3054681	4.7450576	15.612932
2.0944095	1.2925816	4.7450576	15.629388
2.091291	1.3148108	4.7450576	15.658186
2.0850542	1.3247979	4.7442164	15.6623
2.091291	1.3167437	4.7450576	15.654073
2.0928502	1.3405838	4.7442164	15.6623
2.0944095	1.3247979	4.7450576	15.641729
2.0881724	1.327053	4.7433758	15.629388
2.0897317	1.3125557	4.7458982	15.645844
2.0881724	1.3247979	4.7458982	15.658186
2.0866134	1.3273752	4.7442164	15.645844
2.0897317	1.3286638	4.7425351	15.670528
2.0850542	1.3412281	4.7450576	15.678757
2.0944095	1.3334962	4.7442164	15.6623
2.0897317	1.3415504	4.7425351	15.674642
2.0881724	1.3363957	4.7450576	15.666413
2.0850542	1.3244756	4.7450576	15.637616
2.0850542	1.3309189	4.7442164	15.658186
2.0881724	1.3154551	4.7442164	15.629388
2.0850542	1.3215762	4.7433758	15.674642
2.0850542	1.3202876	4.7425351	15.6623
2.0881724	1.3328519	4.7425351	15.670528
2.0866134	1.3357514	4.7442164	15.645844
2.0881724	1.3376844	4.7442164	15.641729
2.091291	1.344772	4.7442164	15.658186
2.091291	1.3438054	4.7450576	15.625274
2.0850542	1.3412281	4.7433758	15.670528
2.0897317	1.3344628	4.7425351	15.645844
2.0928502	1.342839	4.7442164	15.670528
2.0866134	1.3180324	4.7450576	15.629388
2.0788169	1.3154551	4.7442164	15.637616
2.0850542	1.3215762	4.7450576	15.658186
2.0866134	1.3189989	4.7450576	15.629388
2.0866134	1.3125557	4.7450576	15.654073
2.0866134	1.3074011	4.7442164	15.625274
2.0819356	1.3267308	4.7433758	15.633502
2.0819356	1.3444498	4.7450576	15.674642
2.0834949	1.340906	4.7442164	15.6623
2.0850542	1.3450941	4.7450576	15.649958
2.0866134	1.342839	4.7433758	15.637616
2.091291	1.3370401	4.7450576	15.629388
2.0897317	1.3283416	4.7450576	15.629388
2.0881724	1.3164216	4.7458982	15.649958
2.0850542	1.3315632	4.7450576	15.649958
2.0881724	1.3347849	4.7458982	15.649958
2.0819356	1.3283416	4.7450576	15.666413
2.0819356	1.3341405	4.7442164	15.670528
2.0866134	1.3138443	4.7450576	15.629388
2.0819356	1.327053	4.7450576	15.649958
2.0881724	1.3189989	4.7450576	15.649958
2.0850542	1.3090118	4.7433758	15.670528
2.0866134	1.3206097	4.7458982	15.645844
2.0866134	1.3090118	4.7442164	15.641729
2.0850542	1.3280195	4.7442164	15.6623
2.0788169	1.3225427	4.7442164	15.654073
2.0819356	1.338973	4.7458982	15.6623
2.0881724	1.340906	4.7450576	15.654073
2.0803761	1.3357514	4.7458982	15.658186
2.0866134	1.3418725	4.7442164	15.637616
2.0850542	1.319321	4.7458982	15.625274
2.0850542	1.3338184	4.7467394	15.645844
2.0881724	1.3228649	4.7442164	15.654073
2.0834949	1.3299525	4.7433758	15.674642
2.0850542	1.3370401	4.7450576	15.6623
2.0850542	1.319321	4.7450576	15.670528
2.0834949	1.3167437	4.7450576	15.629388
2.0834949	1.3061124	4.7442164	15.641729
2.0819356	1.3135221	4.7433758	15.6623
2.0834949	1.3061124	4.7450576	15.629388
2.0834949	1.3135221	4.7442164	15.654073
2.0850542	1.3257643	4.7450576	15.658186
2.0803761	1.3405838	4.7450576	15.658186
2.0819356	1.3421947	4.7442164	15.649958
2.0850542	1.3621688	4.7442164	15.654073
2.0803761	1.3579806	4.7433758	15.670528
2.0834949	1.3441277	4.7433758	15.658186
2.0834949	1.3357514	4.7450576	15.625274
2.0819356	1.3305968	4.7433758	15.645844
2.0819356	1.315133	4.7433758	15.637616
2.0772576	1.309334	4.7450576	15.645844
2.0834949	1.3083675	4.7433758	15.633502
2.0756984	1.3057902	4.7458982	15.6623
2.0819356	1.3160994	4.7433758	15.666413
2.0756984	1.3247979	4.7442164	15.629388
2.0819356	1.3235092	4.7450576	15.629388
2.0819356	1.3186767	4.7450576	15.629388
2.0819356	1.3061124	4.7458982	15.629388
2.0850542	1.3315632	4.7450576	15.658186
2.0803761	1.3380065	4.7450576	15.654073
2.0850542	1.3351071	4.7442164	15.654073
2.0834949	1.3367178	4.7458982	15.645844
2.0788169	1.3457384	4.7433758	15.666413
2.0819356	1.3483157	4.7450576	15.629388
2.0772576	1.3318855	4.7458982	15.629388
2.0819356	1.3103005	4.7475801	15.612932
2.0803761	1.293548	4.7450576	15.625274
2.0772576	1.3122334	4.7467394	15.649958
2.0756984	1.3267308	4.7433758	15.654073
2.0819356	1.3289859	4.7442164	15.654073
2.0819356	1.3247979	4.7450576	15.645844
2.0772576	1.338973	4.7442164	15.637616
2.0756984	1.342839	4.7458982	15.649958
2.0772576	1.3318855	4.7450576	15.645844
2.0772576	1.3380065	4.7442164	15.649958
2.0772576	1.3260865	4.7433758	15.641729
2.0741391	1.3267308	4.7433758	15.678757
2.0772576	1.3309189	4.7442164	15.674642
2.0756984	1.3315632	4.7450576	15.658186
2.0788169	1.3238313	4.7458982	15.645844
2.0756984	1.3115891	4.7458982	15.649958
2.0772576	1.3380065	4.7433758	15.658186
2.0772576	1.3476714	4.7442164	15.654073
2.0741391	1.3479936	4.7433758	15.699326
2.0788169	1.3360735	4.7450576	15.6623
2.0725799	1.3276973	4.7433758	15.654073
2.0725799	1.3254422	4.7458982	15.625274
2.0819356	1.323187	4.7433758	15.641729
2.0772576	1.3247979	4.7433758	15.645844
2.0803761	1.3318855	4.7425351	15.654073
2.0772576	1.3399395	4.7450576	15.649958
2.0803761	1.3318855	4.7442164	15.654073
2.0756984	1.3186767	4.7450576	15.645844
2.0756984	1.3241535	4.7442164	15.674642
2.0772576	1.3115891	4.7450576	15.629388
2.0803761	1.3135221	4.7450576	15.629388
2.0756984	1.3273752	4.7458982	15.649958
2.0819356	1.3283416	4.7458982	15.641729
2.0756984	1.3141664	4.7467394	15.608817
2.0741391	1.3280195	4.7433758	15.645844
2.0819356	1.3235092	4.7458982	15.6623
2.0741391	1.3296303	4.7433758	15.649958
2.0772576	1.3138443	4.7450576	15.645844
2.0819356	1.3070788	4.7450576	15.637616
2.0741391	1.3016021	4.7450576	15.641729
2.0772576	1.3070788	4.7442164	15.641729
2.0803761	1.3032129	4.7450576	15.633502
2.0819356	1.3106227	4.7458982	15.674642
2.0710206	1.3257643	4.7425351	15.645844
2.0756984	1.3415504	4.7433758	15.678757
2.0772576	1.3302746	4.7450576	15.629388
2.0756984	1.3154551	4.7442164	15.625274
2.0741391	1.3318855	4.7450576	15.649958
2.0772576	1.3286638	4.7442164	15.621161
2.0741391	1.3222206	4.7450576	15.649958
2.0741391	1.3196433	4.7450576	15.629388
2.0756984	1.3235092	4.7425351	15.645844
2.0725799	1.3132	4.7450576	15.633502
2.0756984	1.3048238	4.7442164	15.649958
2.0788169	1.2851717	4.7442164	15.612932
2.0725799	1.2803394	4.7433758	15.617045
2.0772576	1.2993469	4.7442164	15.658186
2.0756984	1.3189989	4.7458982	15.645844
2.0710206	1.3215762	4.7416945	15.633502
2.0756984	1.3425168	4.7450576	15.68287
2.0694613	1.3492823	4.7450576	15.633502
2.0772576	1.3563699	4.7450576	15.654073
2.0756984	1.3412281	4.7458982	15.621161
2.0772576	1.340906	4.7442164	15.670528
2.0834949	1.3267308	4.7442164	15.625274
2.0772576	1.317066	4.7442164	15.637616
2.0725799	1.3019242	4.7458982	15.666413
2.0725799	1.3164216	4.7442164	15.666413
2.0772576	1.315133	4.7450576	15.674642
2.0725799	1.3074011	4.7442164	15.658186
2.0741391	1.3315632	4.7442164	15.674642
2.0756984	1.3215762	4.7450576	15.641729
2.0725799	1.3280195	4.7458982	15.641729
2.0694613	1.3125557	4.7442164	15.637616
2.0756984	1.3244756	4.7433758	15.649958
2.0741391	1.3296303	4.7458982	15.658186
2.0725799	1.3276973	4.7475801	15.658186
2.0756984	1.3218983	4.7442164	15.637616
2.0725799	1.3177103	4.7450576	15.637616
2.0756984	1.3312411	4.7442164	15.649958
2.0756984	1.3441277	4.7450576	15.691098
2.0694613	1.3241535	4.7433758	15.633502
2.0694613	1.3276973	4.7442164	15.629388
2.0756984	1.3257643	4.7433758	15.666413
2.0741391	1.3225427	4.7450576	15.645844
2.0725799	1.311267	4.7458982	15.629388
2.0725799	1.2999913	4.7450576	15.645844
2.0694613	1.3103005	4.7442164	15.678757
2.0756984	1.3077232	4.7450576	15.633502
2.0741391	1.3180324	4.7458982	15.641729
2.0741391	1.3067567	4.7433758	15.625274
2.0725799	1.315133	4.7450576	15.625274
2.0756984	1.3077232	4.7450576	15.625274
2.0725799	1.3054681	4.7458982	15.637616
2.0710206	1.2993469	4.7450576	15.645844
2.0756984	1.315133	4.7433758	15.637616
2.0710206	1.3360735	4.7450576	15.654073
2.0725799	1.3338184	4.7450576	15.641729
2.0725799	1.3125557	4.7450576	15.625274
2.0710206	1.3344628	4.7450576	15.641729
2.0694613	1.3286638	4.7458982	15.637616
2.0710206	1.327053	4.7450576	15.674642
2.0679021	1.32512	4.7458982	15.654073
2.0663428	1.3222206	4.7433758	15.6623
2.0725799	1.3247979	4.7450576	15.670528
2.0756984	1.3180324	4.7450576	15.633502
2.0710206	1.3157773	4.7442164	15.641729
2.0694613	1.3148108	4.7458982	15.608817
2.0710206	1.3280195	4.7433758	15.641729
2.0725799	1.3309189	4.7484212	15.617045
2.0741391	1.3386508	4.7442164	15.6623
2.0710206	1.3583028	4.7450576	15.691098
2.0694613	1.3383287	4.7458982	15.6623
2.0663428	1.3499266	4.7450576	15.654073
2.0710206	1.3479936	4.7442164	15.649958
2.0694613	1.3376844	4.7467394	15.621161
2.0710206	1.321254	4.7450576	15.625274
2.0679021	1.3183546	4.7433758	15.637616
2.0663428	1.3344628	4.7425351	15.649958
2.0663428	1.3138443	4.7433758	15.637616
2.0694613	1.3283416	4.7450576	15.625274
2.0741391	1.3360735	4.7458982	15.658186
2.0725799	1.3354292	4.7450576	15.658186
2.0725799	1.3360735	4.7450576	15.6623
2.0694613	1.3189989	4.7458982	15.629388
2.0725799	1.3312411	4.7433758	15.658186
2.0663428	1.3157773	4.7416945	15.649958
2.0694613	1.3276973	4.7442164	15.670528
2.0694613	1.3386508	4.7450576	15.691098
2.0725799	1.3318855	4.7425351	15.645844
2.0679021	1.3347849	4.7442164	15.633502
2.0694613	1.3273752	4.7458982	15.637616
2.0647836	1.3434833	4.7433758	15.658186
2.0632243	1.3344628	4.7425351	15.658186
2.0725799	1.319321	4.7450576	15.649958
2.0663428	1.3128778	4.7458982	15.670528
2.0632243	1.3074011	4.7450576	15.645844
2.0694613	1.3128778	4.7442164	15.6623
2.0694613	1.3080454	4.7433758	15.645844
2.0679021	1.32512	4.7458982	15.637616
2.0710206	1.3244756	4.7450576	15.633502
2.0710206	1.3309189	4.7433758	15.670528
2.0694613	1.3322076	4.7450576	15.649958
2.0694613	1.338973	4.7458982	15.6623
2.0694613	1.3421947	4.7442164	15.649958
2.0694613	1.3454163	4.7442164	15.670528
2.0601058	1.3360735	4.7433758	15.645844
2.0616651	1.3450941	4.7450576	15.649958
2.0679021	1.3515373	4.7442164	15.654073
2.0632243	1.3273752	4.7458982	15.604704
2.0616651	1.3225427	4.7433758	15.641729
2.0679021	1.3315632	4.7433758	15.666413
2.0663428	1.315133	4.7442164	15.670528
2.0663428	1.317066	4.7433758	15.670528
2.0632243	1.3067567	4.7425351	15.637616
2.0694613	1.311267	4.7458982	15.649958
2.0725799	1.321254	4.7425351	15.6623
2.0616651	1.3257643	4.7442164	15.641729
2.0647836	1.3286638	4.7433758	15.629388
2.0663428	1.3235092	4.7450576	15.654073
2.0647836	1.3293082	4.7450576	15.649958
2.0694613	1.338973	4.7450576	15.641729
2.0663428	1.3273752	4.7442164	15.633502
2.0647836	1.3299525	4.7450576	15.649958
2.0663428	1.3444498	4.7433758	15.649958
2.0710206	1.3434833	4.7416945	15.658186
2.0647836	1.3367178	4.7425351	15.670528
2.0694613	1.352826	4.7442164	15.6623
2.0616651	1.3476714	4.7458982	15.641729
2.0647836	1.3341405	4.7450576	15.654073
2.0632243	1.3286638	4.7433758	15.6623
2.0647836	1.3215762	4.7425351	15.658186
2.0616651	1.3228649	4.7433758	15.625274
2.0725799	1.3012799	4.7450576	15.641729
2.0616651	1.2958032	4.7458982	15.633502
2.0663428	1.3074011	4.7442164	15.645844
2.0647836	1.3032129	4.7433758	15.645844
2.0616651	1.3241535	4.7458982	15.629388
2.0632243	1.3241535	4.7450576	15.629388
2.0647836	1.3299525	4.7467394	15.645844
2.0616651	1.3402617	4.7450576	15.674642
2.0694613	1.3454163	4.7433758	15.649958
2.0694613	1.3370401	4.7450576	15.621161
2.0632243	1.3206097	4.7458982	15.649958
2.0647836	1.3260865	4.7442164	15.6623
2.0647836	1.3325298	4.7425351	15.670528
2.0632243	1.3138443	4.7416945	15.670528
2.0585465	1.3099784	4.7450576	15.645844
2.0694613	1.3083675	4.7442164	15.645844
2.0616651	1.3305968	4.7450576	15.625274
2.0616651	1.3370401	4.7458982	15.6623
2.0585465	1.3273752	4.7458982	15.641729
2.0585465	1.3370401	4.7433758	15.674642
2.0616651	1.3438054	4.7450576	15.6623
2.0663428	1.3328519	4.7433758	15.641729
2.055428	1.321254	4.7450576	15.666413
2.055428	1.3202876	4.7450576	15.633502
2.0647836	1.3128778	4.7458982	15.649958
2.0632243	1.3247979	4.7442164	15.637616
2.0601058	1.3206097	4.7433758	15.641729
2.0616651	1.3264086	4.7450576	15.637616
2.0647836	1.3254422	4.7458982	15.625274
2.0616651	1.3328519	4.7442164	15.6623
2.0601058	1.3228649	4.7433758	15.637616
2.0632243	1.3164216	4.7450576	15.654073
2.0616651	1.3115891	4.7450576	15.633502
2.0601058	1.3209319	4.7450576	15.641729
2.0616651	1.3035351	4.7450576	15.625274
2.0632243	1.2993469	4.7442164	15.637616
2.0569873	1.3009578	4.7450576	15.633502
2.0601058	1.3183546	4.7442164	15.645844
2.0601058	1.3148108	4.7442164	15.649958
2.0632243	1.3132	4.7433758	15.625274
2.0632243	1.3186767	4.7450576	15.641729
2.0601058	1.3312411	4.7450576	15.641729
2.0616651	1.3283416	4.7442164	15.674642
2.0616651	1.3202876	4.7433758	15.658186
2.055428	1.3254422	4.7458982	15.654073
2.0647836	1.3144886	4.7450576	15.633502
2.0601058	1.3244756	4.7433758	15.645844
2.0616651	1.3103005	4.7450576	15.629388
2.0663428	1.3322076	4.7458982	15.6623
2.0632243	1.3257643	4.7450576	15.633502
2.0632243	1.3148108	4.7450576	15.637616
2.0616651	1.3235092	4.7442164	15.649958
2.0585465	1.315133	4.7425351	15.629388
2.0601058	1.3144886	4.7442164	15.637616
2.0632243	1.315133	4.7450576	15.637616
2.055428	1.3206097	4.7458982	15.670528
2.0569873	1.3202876	4.7425351	15.629388
2.0601058	1.3025686	4.7433758	15.617045
2.0601058	1.3357514	4.7433758	15.649958
2.0601058	1.3225427	4.7442164	15.625274
2.0569873	1.3247979	4.7450576	15.658186
2.0569873	1.3325298	4.7450576	15.658186
2.0616651	1.3318855	4.7433758	15.641729
2.0632243	1.3238313	4.7450576	15.621161
2.0632243	1.3035351	4.7450576	15.633502
2.0616651	1.323187	4.7450576	15.645844
2.0616651	1.3180324	4.7433758	15.633502
2.0601058	1.3144886	4.7450576	15.629388
2.0616651	1.3132	4.7450576	15.649958
2.0647836	1.327053	4.7450576	15.666413
2.0585465	1.3267308	4.7442164	15.641729
2.0538688	1.321254	4.7442164	15.670528
2.0601058	1.3106227	4.7433758	15.6623
2.0601058	1.3009578	4.7442164	15.629388
2.055428	1.3238313	4.7450576	15.6623
2.0585465	1.3103005	4.7450576	15.629388
2.055428	1.3138443	4.7442164	15.641729
2.0601058	1.3135221	4.7475801	15.633502
2.0601058	1.3196433	4.7450576	15.658186
2.0507503	1.323187	4.7450576	15.68287
2.0585465	1.3273752	4.7433758	15.645844
2.055428	1.3367178	4.7425351	15.6623
2.0616651	1.3257643	4.7442164	15.641729
2.055428	1.3180324	4.7442164	15.633502
2.0585465	1.327053	4.7442164	15.658186
2.0538688	1.3260865	4.7442164	15.633502
2.0585465	1.3344628	4.7433758	15.686985
2.0616651	1.3305968	4.7450576	15.658186
2.0569873	1.340906	4.7450576	15.641729
2.055428	1.3418725	4.7442164	15.6623
2.055428	1.3405838	4.7450576	15.6623
2.0647836	1.3322076	4.7450576	15.637616
2.055428	1.3360735	4.7416945	15.645844
2.0538688	1.3257643	4.7433758	15.658186
2.0585465	1.3325298	4.7450576	15.6623
2.0601058	1.3077232	4.7442164	15.625274
2.0585465	1.3257643	4.7450576	15.686985
2.0569873	1.3334962	4.7442164	15.658186
2.0569873	1.3209319	4.7450576	15.641729
2.0601058	1.3376844	4.7442164	15.641729
2.0585465	1.3299525	4.7442164	15.658186
2.0538688	1.3421947	4.7442164	15.670528
2.0585465	1.3334962	4.7458982	15.641729
2.055428	1.3254422	4.7433758	15.674642
2.0569873	1.3209319	4.7450576	15.629388
2.0569873	1.3244756	4.7450576	15.649958
2.0585465	1.342839	4.7425351	15.658186
2.0491908	1.3415504	4.7450576	15.641729
2.0538688	1.3296303	4.7450576	15.637616
2.0507503	1.3344628	4.7442164	15.637616
2.055428	1.3183546	4.7450576	15.621161
2.0538688	1.3289859	4.7450576	15.674642
2.0585465	1.3186767	4.7450576	15.641729
2.055428	1.3209319	4.7450576	15.654073
2.0507503	1.3157773	4.7442164	15.629388
2.0601058	1.3267308	4.7450576	15.633502
2.0476315	1.3325298	4.7450576	15.629388
2.0538688	1.3293082	4.7442164	15.654073
2.055428	1.3328519	4.7433758	15.641729
2.055428	1.3228649	4.7442164	15.629388
2.0507503	1.3273752	4.7458982	15.6623
2.0523095	1.3103005	4.7442164	15.621161
2.0523095	1.3144886	4.7450576	15.654073
2.0616651	1.3189989	4.7450576	15.649958
2.0538688	1.3341405	4.7442164	15.691098
2.0523095	1.3260865	4.7442164	15.629388
2.0523095	1.3357514	4.7450576	15.670528
2.055428	1.3450941	4.7450576	15.674642
2.0523095	1.3470271	4.7450576	15.678757
2.055428	1.3502487	4.7450576	15.6623
2.055428	1.3238313	4.7450576	15.645844
2.0507503	1.3247979	4.7450576	15.658186
2.0538688	1.3402617	4.7467394	15.670528
2.0523095	1.3463827	4.7450576	15.658186
2.055428	1.3376844	4.7450576	15.6623
2.0507503	1.3347849	4.7450576	15.645844
2.0585465	1.3418725	4.7442164	15.666413
2.055428	1.3260865	4.7450576	15.649958
2.0523095	1.3132	4.7450576	15.641729
2.0507503	1.3125557	4.7425351	15.649958
2.0523095	1.3334962	4.7458982	15.6623
2.055428	1.3267308	4.7450576	15.670528
2.0601058	1.3399395	4.7442164	15.645844
2.0507503	1.346705	4.7433758	15.6623
2.0523095	1.3383287	4.7458982	15.6623
2.0507503	1.3357514	4.7433758	15.649958
2.0569873	1.3399395	4.7416945	15.68287
2.0507503	1.346705	4.7458982	15.674642
2.0538688	1.3363957	4.7450576	15.68287
2.0538688	1.327053	4.7442164	15.641729
2.0507503	1.3302746	4.7450576	15.649958
2.0507503	1.3357514	4.7442164	15.670528
2.0507503	1.3299525	4.7442164	15.649958
2.0507503	1.323187	4.7442164	15.645844
2.0507503	1.3228649	4.7458982	15.629388
2.0476315	1.323187	4.7458982	15.629388
2.0476315	1.3386508	4.7450576	15.6623
2.0523095	1.3338184	4.7458982	15.641729
2.0491908	1.3505709	4.7458982	15.6623
2.0538688	1.3454163	4.7433758	15.621161
2.055428	1.3380065	4.7433758	15.654073
2.0523095	1.3386508	4.7425351	15.633502
2.0538688	1.3457384	4.7442164	15.6623
2.0523095	1.340906	4.7458982	15.641729
2.0507503	1.3186767	4.7442164	15.637616
2.0538688	1.3254422	4.7442164	15.666413
2.0507503	1.3086897	4.7433758	15.637616
2.0476315	1.3032129	4.7425351	15.629388
2.0538688	1.3096561	4.7450576	15.654073
2.0523095	1.3280195	4.7450576	15.658186
2.0507503	1.3402617	4.7433758	15.654073
2.0476315	1.3347849	4.7450576	15.637616
2.0523095	1.3421947	4.7442164	15.658186
2.0507503	1.346705	4.7442164	15.633502
2.0507503	1.3360735	4.7433758	15.621161
2.0476315	1.3338184	4.7442164	15.649958
2.0523095	1.3363957	4.7458982	15.621161
2.0491908	1.3431611	4.7442164	15.658186
2.0491908	1.3273752	4.7450576	15.625274
2.0460722	1.3238313	4.7450576	15.621161
2.0476315	1.3125557	4.7442164	15.625274
2.0491908	1.3167437	4.7433758	15.649958
2.0491908	1.3235092	4.7450576	15.666413
2.0523095	1.3164216	4.7450576	15.670528
2.0491908	1.3016021	4.7450576	15.617045
2.0507503	1.3228649	4.7442164	15.649958
2.0523095	1.3351071	4.7433758	15.670528
2.0476315	1.3470271	4.7442164	15.678757
2.0507503	1.3505709	4.7442164	15.666413
2.0491908	1.3557255	4.7433758	15.674642
2.0507503	1.3486379	4.7433758	15.6623
2.0507503	1.3438054	4.7442164	15.633502
2.044513	1.3106227	4.7450576	15.621161
2.0507503	1.3067567	4.7433758	15.633502
2.0460722	1.3090118	4.7442164	15.641729
2.0429537	1.2970918	4.7442164	15.641729
2.0476315	1.3057902	4.7442164	15.678757
2.0476315	1.3096561	4.7433758	15.6623
2.0476315	1.3074011	4.7450576	15.633502
2.0523095	1.321254	4.7450576	15.625274
2.0460722	1.3222206	4.7450576	15.637616
2.0460722	1.319321	4.7458982	15.621161
2.044513	1.2958032	4.7450576	15.617045
2.0507503	1.3125557	4.7442164	15.658186
2.0507503	1.3119113	4.7425351	15.641729
2.0460722	1.3141664	4.7450576	15.649958
2.0491908	1.3215762	4.7442164	15.6623
2.044513	1.3199654	4.7450576	15.641729
2.0491908	1.3273752	4.7442164	15.649958
2.0476315	1.3183546	4.7458982	15.633502
2.0460722	1.3286638	4.7450576	15.674642
2.0460722	1.3273752	4.7433758	15.649958
2.0460722	1.3164216	4.7450576	15.654073
2.044513	1.3141664	4.7458982	15.6623
2.0491908	1.311267	4.7458982	15.637616
2.0398352	1.3160994	4.7450576	15.658186
2.0491908	1.3202876	4.7450576	15.645844
2.0476315	1.3154551	4.7458982	15.633502
2.0523095	1.3202876	4.7442164	15.637616
2.0429537	1.3135221	4.7433758	15.641729
2.0491908	1.3222206	4.7442164	15.670528
2.0476315	1.3267308	4.7433758	15.649958
2.044513	1.338973	4.7450576	15.670528
2.0460722	1.3312411	4.7450576	15.641729
2.0460722	1.3276973	4.7442164	15.617045
2.0491908	1.3299525	4.7450576	15.621161
2.044513	1.3463827	4.7442164	15.641729
2.044513	1.3286638	4.7442164	15.658186
2.0476315	1.3283416	4.7425351	15.6623
2.044513	1.3280195	4.7450576	15.654073
2.0476315	1.3283416	4.7442164	15.654073
2.0476315	1.3238313	4.7467394	15.641729
2.0476315	1.3054681	4.7450576	15.629388
2.0460722	1.3264086	4.7442164	15.637616
2.0507503	1.3167437	4.7433758	15.641729
2.0429537	1.3180324	4.7442164	15.629388
2.0429537	1.3273752	4.7450576	15.645844
2.044513	1.3460606	4.7442164	15.674642
2.0507503	1.3363957	4.7442164	15.645844
2.0413945	1.3386508	4.7442164	15.666413
2.0491908	1.3328519	4.7433758	15.645844
2.0460722	1.3135221	4.7425351	15.670528
2.0460722	1.315133	4.7442164	15.629388
2.0398352	1.3067567	4.7450576	15.641729
2.0460722	1.3115891	4.7442164	15.674642
2.0476315	1.3028908	4.7433758	15.654073
2.038276	1.3119113	4.7425351	15.68287
2.0460722	1.3267308	4.7442164	15.6623
2.0460722	1.3315632	4.7475801	15.6623
2.044513	1.3396174	4.7442164	15.670528
2.0429537	1.3254422	4.7433758	15.633502
2.044513	1.3257643	4.7450576	15.666413
2.044513	1.3338184	4.7442164	15.6623
2.0429537	1.3264086	4.7442164	15.658186
2.0491908	1.3373622	4.7450576	15.658186
2.0429537	1.3167437	4.7458982	15.645844
2.0429537	1.3363957	4.7425351	15.658186
2.0460722	1.3267308	4.7442164	15.641729
2.0460722	1.3296303	4.7458982	15.658186
2.0476315	1.3286638	4.7442164	15.637616
2.038276	1.3070788	4.7425351	15.625274
2.044513	1.3202876	4.7442164	15.674642
2.0429537	1.3103005	4.7442164	15.6623
2.0429537	1.2974139	4.7458982	15.621161
2.0413945	1.3138443	4.7425351	15.674642
2.0398352	1.3183546	4.7433758	15.6623
2.044513	1.3215762	4.7450576	15.633502
2.0413945	1.321254	4.7442164	15.645844
2.0398352	1.3363957	4.7433758	15.674642
2.0429537	1.3341405	4.7408533	15.654073
2.0429537	1.3180324	4.7467394	15.649958
2.0398352	1.3183546	4.7442164	15.658186
2.044513	1.3235092	4.7442164	15.629388
2.0413945	1.3347849	4.7450576	15.658186
2.0398352	1.3302746	4.7450576	15.654073
2.0413945	1.3360735	4.7425351	15.658186
2.0429537	1.338973	4.7450576	15.637616
2.0460722	1.3421947	4.7442164	15.6623
2.0398352	1.3218983	4.7450576	15.629388
2.0429537	1.3103005	4.7450576	15.641729
2.038276	1.3119113	4.7433758	15.641729
2.0460722	1.3109448	4.7416945	15.654073
2.044513	1.3038572	4.7458982	15.649958
2.0429537	1.3077232	4.7442164	15.633502
2.0413945	1.3235092	4.7484212	15.654073
2.038276	1.3325298	4.7416945	15.654073
2.0398352	1.3421947	4.7442164	15.658186
2.0476315	1.3351071	4.7450576	15.625274
2.0476315	1.338973	4.7425351	15.6623
2.0429537	1.3357514	4.7442164	15.658186
2.044513	1.3470271	4.7433758	15.678757
2.0460722	1.3331741	4.7450576	15.641729
2.0367167	1.3241535	4.7450576	15.641729
2.038276	1.3309189	4.7475801	15.625274
2.044513	1.3367178	4.7442164	15.641729
2.0413945	1.323187	4.7433758	15.625274
2.038276	1.3141664	4.7442164	15.633502
2.0351574	1.3267308	4.7442164	15.637616
2.0398352	1.327053	4.7442164	15.645844
2.0429537	1.3057902	4.7442164	15.625274
2.044513	1.3070788	4.7433758	15.666413
2.044513	1.3241535	4.7425351	15.666413
2.0351574	1.323187	4.7458982	15.641729
2.038276	1.3202876	4.7442164	15.658186
2.0367167	1.321254	4.7442164	15.670528
2.038276	1.3247979	4.7442164	15.641729
2.0398352	1.3331741	4.7442164	15.666413
2.0429537	1.3418725	4.7442164	15.658186
2.0413945	1.3421947	4.7425351	15.658186
2.0398352	1.3341405	4.7442164	15.649958
2.0398352	1.352826	4.7442164	15.666413
2.0398352	1.3473493	4.7433758	15.68287
2.0398352	1.3238313	4.7442164	15.658186
2.038276	1.3286638	4.7433758	15.695212
2.0398352	1.3267308	4.7450576	15.658186
2.0367167	1.3351071	4.7450576	15.654073
2.038276	1.3209319	4.7442164	15.649958
2.038276	1.3206097	4.7450576	15.629388
2.0398352	1.3396174	4.7450576	15.654073
2.044513	1.3386508	4.7442164	15.641729
2.0351574	1.3341405	4.7442164	15.654073
2.0351574	1.338973	4.7442164	15.658186
2.0398352	1.327053	4.7450576	15.637616
2.038276	1.3260865	4.7450576	15.641729
2.0367167	1.3276973	4.7442164	15.641729
2.0398352	1.32512	4.7433758	15.641729
2.038276	1.3399395	4.7433758	15.6623
2.0304797	1.3463827	4.7442164	15.654073
2.0367167	1.3392951	4.7442164	15.654073
2.0367167	1.34896	4.7450576	15.6623
2.0335982	1.3438054	4.7433758	15.666413
2.038276	1.3396174	4.7458982	15.649958
2.038276	1.3225427	4.7450576	15.641729
2.0398352	1.3119113	4.7433758	15.629388
2.0304797	1.3164216	4.7433758	15.633502
2.0304797	1.3028908	4.7450576	15.621161
2.0320389	1.3177103	4.7442164	15.654073
2.0351574	1.3238313	4.7458982	15.691098
2.038276	1.3264086	4.7433758	15.649958
2.038276	1.3405838	4.7458982	15.658186
2.0351574	1.3334962	4.7442164	15.629388
2.0398352	1.3373622	4.7458982	15.637616
2.0351574	1.3244756	4.7433758	15.617045
2.0335982	1.3302746	4.7425351	15.633502
2.0429537	1.32512	4.7433758	15.641729
2.038276	1.3157773	4.7442164	15.637616
2.0335982	1.3173881	4.7450576	15.654073
2.0398352	1.3202876	4.7442164	15.645844
2.0335982	1.327053	4.7450576	15.629388
2.0320389	1.3032129	4.7425351	15.621161
2.0304797	1.3080454	4.7442164	15.608817
2.0335982	1.3122334	4.7450576	15.621161
2.0304797	1.3173881	4.7458982	15.617045
2.0413945	1.3141664	4.7442164	15.625274
2.038276	1.3157773	4.7433758	15.6623
2.0367167	1.3412281	4.7442164	15.678757
2.0367167	1.338973	4.7458982	15.658186
2.0398352	1.3450941	4.7416945	15.649958
2.0398352	1.3325298	4.7442164	15.666413
2.0398352	1.3328519	4.7442164	15.629388
2.0351574	1.3254422	4.7458982	15.649958
2.0367167	1.3099784	4.7458982	15.670528
2.0398352	1.319321	4.7450576	15.658186
2.0335982	1.3180324	4.7450576	15.658186
2.0335982	1.3109448	4.7458982	15.629388
2.0351574	1.3202876	4.7433758	15.6623
2.0367167	1.3009578	4.7450576	15.625274
2.0351574	1.319321	4.7450576	15.637616
2.0320389	1.309334	4.7433758	15.649958
2.0351574	1.3225427	4.7450576	15.641729
2.0320389	1.3099784	4.7450576	15.637616
2.038276	1.3080454	4.7450576	15.649958
2.0367167	1.3148108	4.7450576	15.641729
2.0304797	1.3086897	4.7450576	15.629388
2.0351574	1.315133	4.7442164	15.645844
2.0351574	1.3157773	4.7450576	15.645844
2.038276	1.3289859	4.7433758	15.649958
2.0351574	1.3386508	4.7442164	15.637616
2.0351574	1.3483157	4.7442164	15.695212
2.0320389	1.3405838	4.7433758	15.658186
2.0367167	1.346705	4.7425351	15.6623
2.0398352	1.3341405	4.7450576	15.641729
2.0320389	1.3202876	4.7450576	15.649958
2.0320389	1.3338184	4.7442164	15.649958
2.0335982	1.327053	4.7458982	15.637616
2.0398352	1.3228649	4.7433758	15.670528
2.0335982	1.3296303	4.7442164	15.658186
2.0367167	1.3254422	4.7425351	15.649958
2.0289204	1.319321	4.7442164	15.645844
2.0320389	1.3154551	4.7450576	15.641729
2.0320389	1.344772	4.7450576	15.654073
2.0398352	1.350893	4.7450576	15.654073
2.0335982	1.3373622	4.7450576	15.649958
2.0351574	1.3225427	4.7442164	15.625274
2.0320389	1.3296303	4.7458982	15.6623
2.0320389	1.3238313	4.7442164	15.633502
2.0320389	1.3115891	4.7450576	15.645844
2.0335982	1.3064345	4.7450576	15.641729
2.0335982	1.3254422	4.7450576	15.674642
2.0304797	1.3312411	4.7458982	15.641729
2.0367167	1.3338184	4.7450576	15.629388
2.0304797	1.3286638	4.7450576	15.625274
2.0304797	1.3257643	4.7425351	15.658186
2.0320389	1.338973	4.7442164	15.645844
2.0304797	1.3338184	4.7442164	15.658186
2.0258019	1.3283416	4.7450576	15.649958
2.0304797	1.3325298	4.7467394	15.6623
2.0304797	1.3241535	4.7442164	15.637616
2.0335982	1.3405838	4.7433758	15.649958
2.0304797	1.3257643	4.7442164	15.625274
2.0351574	1.3376844	4.7467394	15.649958
2.0320389	1.3241535	4.7442164	15.629388
2.0351574	1.3222206	4.7450576	15.633502
2.0335982	1.3334962	4.7425351	15.654073
2.0304797	1.3077232	4.7450576	15.621161
2.0320389	1.3206097	4.7425351	15.645844
2.0273612	1.3254422	4.7442164	15.6623
2.0320389	1.3305968	4.7433758	15.641729
2.038276	1.3383287	4.7433758	15.670528
2.0335982	1.3331741	4.7442164	15.654073
2.0320389	1.3373622	4.7442164	15.670528
2.0320389	1.3254422	4.7442164	15.641729
2.0273612	1.3296303	4.7450576	15.654073
2.0273612	1.3293082	4.7450576	15.68287
2.0304797	1.3225427	4.7450576	15.641729
2.0273612	1.3318855	4.7450576	15.633502
2.0304797	1.3360735	4.7442164	15.6623
2.0258019	1.3312411	4.7450576	15.649958
2.0273612	1.3479936	4.7433758	15.691098
2.0335982	1.350893	4.7450576	15.666413
2.0258019	1.3376844	4.7450576	15.686985
2.0304797	1.3264086	4.7433758	15.654073
2.0289204	1.3061124	4.7442164	15.625274
2.0258019	1.3035351	4.7442164	15.629388
2.0351574	1.3025686	4.7458982	15.625274
2.0335982	1.3189989	4.7458982	15.658186
2.0273612	1.323187	4.7442164	15.658186
2.0273612	1.3380065	4.7450576	15.68287
2.0320389	1.3444498	4.7442164	15.654073
2.0320389	1.3386508	4.7458982	15.654073
2.0320389	1.3331741	4.7442164	15.641729
2.0304797	1.3132	4.7433758	15.629388
2.0320389	1.327053	4.7458982	15.641729
2.0289204	1.3386508	4.7450576	15.6623
2.0304797	1.3347849	4.7433758	15.6623
2.0289204	1.3132	4.7442164	15.641729
2.0351574	1.3119113	4.7450576	15.641729
2.0273612	1.3238313	4.7450576	15.666413
2.0273612	1.3019242	4.7442164	15.637616
2.0273612	1.3045015	4.7450576	15.658186
2.0304797	1.3096561	4.7433758	15.637616
2.0289204	1.3312411	4.7458982	15.654073
2.0289204	1.3338184	4.7442164	15.641729
2.0320389	1.3402617	4.7433758	15.674642
2.0304797	1.3486379	4.7458982	15.670528
2.0304797	1.3431611	4.7442164	15.641729
2.0258019	1.3438054	4.7450576	15.633502
2.0304797	1.3473493	4.7425351	15.649958
2.0258019	1.354759	4.7442164	15.654073
2.0289204	1.3286638	4.7450576	15.617045
2.0304797	1.311267	4.7442164	15.621161
2.0304797	1.3090118	4.7442164	15.641729
2.0335982	1.3003135	4.7450576	15.625274
2.0273612	1.3025686	4.7442164	15.658186
2.0273612	1.3051459	4.7442164	15.629388
2.0335982	1.3154551	4.7450576	15.625274
2.0273612	1.3264086	4.7433758	15.625274
2.0273612	1.3360735	4.7450576	15.649958
2.0304797	1.3164216	4.7442164	15.617045
2.0273612	1.3286638	4.7442164	15.641729
2.0289204	1.3363957	4.7425351	15.633502
2.0258019	1.3215762	4.7450576	15.645844
2.0258019	1.3241535	4.7450576	15.625274
2.0242426	1.315133	4.7433758	15.629388
2.0258019	1.3283416	4.7458982	15.658186
2.0273612	1.3051459	4.7442164	15.641729
2.0273612	1.3106227	4.7442164	15.641729
2.0304797	1.3119113	4.7433758	15.6623
2.0242426	1.3160994	4.7450576	15.658186
2.0211241	1.3006356	4.7433758	15.629388
2.0195649	1.317066	4.7442164	15.658186
2.0304797	1.3128778	4.7450576	15.625274
2.0258019	1.3164216	4.7442164	15.621161
2.0258019	1.3373622	4.7450576	15.6623
2.0273612	1.3360735	4.7450576	15.629388
2.0304797	1.3280195	4.7433758	15.6623
2.0258019	1.3228649	4.7450576	15.658186
2.0273612	1.3167437	4.7433758	15.666413
2.0304797	1.3103005	4.7450576	15.645844
2.0273612	1.3206097	4.7433758	15.654073
2.0273612	1.3241535	4.7433758	15.670528
2.0242426	1.3280195	4.7450576	15.649958
2.0304797	1.3421947	4.7433758	15.670528
2.0273612	1.3302746	4.7450576	15.612932
2.0258019	1.3267308	4.7433758	15.645844
2.0226834	1.3202876	4.7442164	15.670528
2.0211241	1.3260865	4.7450576	15.658186
2.0304797	1.3222206	4.7450576	15.645844
2.0258019	1.3218983	4.7450576	15.641729
2.0273612	1.3103005	4.7425351	15.645844
2.0226834	1.3125557	4.7450576	15.625274
2.0211241	1.323187	4.7458982	15.641729
2.0226834	1.3218983	4.7450576	15.678757
2.0195649	1.3202876	4.7450576	15.649958
2.0273612	1.319321	4.7442164	15.645844
2.0242426	1.3222206	4.7458982	15.641729
2.0258019	1.319321	4.7442164	15.621161
2.0226834	1.3322076	4.7433758	15.641729
2.0211241	1.3344628	4.7416945	15.641729
2.0226834	1.3347849	4.7458982	15.658186
2.0258019	1.338973	4.7433758	15.658186
2.0242426	1.3380065	4.7458982	15.670528
2.0242426	1.3341405	4.7450576	15.658186
2.0258019	1.3144886	4.7442164	15.637616
2.0304797	1.2961253	4.7425351	15.629388
2.0242426	1.2974139	4.7458982	15.637616
2.0273612	1.3019242	4.7433758	15.658186
2.0226834	1.3038572	4.7442164	15.625274
2.0289204	1.3257643	4.7442164	15.658186
2.0195649	1.3463827	4.7425351	15.658186
2.0242426	1.3396174	4.7433758	15.654073
2.0258019	1.3496044	4.7442164	15.645844
2.0211241	1.3286638	4.7442164	15.633502
2.0258019	1.3299525	4.7458982	15.654073
2.0273612	1.3344628	4.7467394	15.625274
2.0226834	1.3302746	4.7450576	15.649958
2.0258019	1.3405838	4.7442164	15.654073
2.0258019	1.3218983	4.7433758	15.617045
2.0258019	1.3276973	4.7450576	15.649958
2.0242426	1.3331741	4.7425351	15.654073
2.0195649	1.3122334	4.7450576	15.621161
2.0242426	1.3177103	4.7433758	15.658186
2.0211241	1.3022465	4.7450576	15.649958
2.0195649	1.3132	4.7433758	15.645844
2.0273612	1.3106227	4.7442164	15.654073
