Fout	Lin	Lout	sono
0.800219	0.30805242	4.4801908	9.2197456
0.800219	0.50940394	4.4776683	9.2526579
0.79398197	0.64696729	4.4768276	9.2526579
0.79554123	0.73201823	4.475987	9.2691135
0.79710048	0.77003342	4.4785089	9.2526579
0.79865974	0.78549725	4.4801908	9.2074032
0.79086339	0.79580647	4.4776683	9.2732277
0.79086339	0.80418265	4.475987	9.2485437
0.79554123	0.81835783	4.4776683	9.2691135
0.80177832	0.81449187	4.4793501	9.2362013
0.79865974	0.82447892	4.4768276	9.2608852
0.78930414	0.8202908	4.4785089	9.2320871
0.79710048	0.84445304	4.4785089	9.2855692
0.79710048	0.83414382	4.4776683	9.227973
0.80177832	0.83639896	4.4776683	9.2691135
0.79865974	0.81255889	4.4785089	9.203289
0.800219	0.8141697	4.4801908	9.2526579
0.79710048	0.81127024	4.4793501	9.2320871
0.79398197	0.8264119	4.4785089	9.2773418
0.80177832	0.83833194	4.4793501	9.2773418
0.80177832	0.85025191	4.4785089	9.2691135
0.79710048	0.8486411	4.4776683	9.2444296
0.79554123	0.83092219	4.4768276	9.2567711
0.79710048	0.82061297	4.4776683	9.2362013
0.79865974	0.81706917	4.4768276	9.2197456
0.79554123	0.82254595	4.4776683	9.2567711
0.79865974	0.82190162	4.4785089	9.2362013
0.79398197	0.82673407	4.475987	9.2773418
0.800219	0.82931137	4.4776683	9.227973
0.79242265	0.82447892	4.4768276	9.2526579
0.79554123	0.82415676	4.4793501	9.2567711
0.79554123	0.81932431	4.4776683	9.2444296
0.79554123	0.81642485	4.4776683	9.2074032
0.79710048	0.81642485	4.4793501	9.203289
0.79865974	0.82319027	4.4793501	9.2526579
0.79242265	0.83511031	4.4785089	9.2855692
0.79398197	0.82705623	4.4768276	9.2567711
0.79398197	0.81481403	4.475987	9.2320871
0.800219	0.82544541	4.4785089	9.2526579
0.79865974	0.83027786	4.4785089	9.2362013
0.79710048	0.82544541	4.475987	9.2074032
0.79710048	0.81578052	4.4793501	9.2197456
0.79554123	0.82093513	4.4776683	9.2362013
0.79710048	0.82608974	4.4776683	9.2526579
0.79865974	0.80321616	4.4801908	9.2156315
0.79398197	0.80031675	4.4810319	9.2197456
0.79554123	0.79999459	4.4793501	9.2649994
0.80177832	0.81545836	4.4793501	9.2320871
0.79710048	0.81384754	4.4776683	9.2567711
0.79554123	0.81288105	4.4768276	9.227973
0.79242265	0.79967242	4.4785089	9.2362013
0.79242265	0.81932431	4.4751458	9.2444296
0.79710048	0.8054713	4.4768276	9.2197456
0.79710048	0.81127024	4.4801908	9.2362013
0.79865974	0.7990281	4.4793501	9.2362013
0.79398197	0.80675995	4.4776683	9.2362013
0.79710048	0.79741728	4.4801908	9.1950607
0.79865974	0.81320322	4.4776683	9.2156315
0.79554123	0.82608974	4.4793501	9.2896833
0.79242265	0.83156651	4.4776683	9.2608852
0.79710048	0.8421979	4.4768276	9.2444296
0.800219	0.82286811	4.4768276	9.2403154
0.79554123	0.82544541	4.4776683	9.2773418
0.79086339	0.81513619	4.475987	9.2362013
0.79865974	0.81223673	4.4768276	9.2362013
0.80177832	0.80450481	4.4776683	9.2320871
0.79554123	0.80579346	4.4785089	9.2444296
0.79554123	0.80869293	4.4776683	9.2362013
0.79865974	0.82415676	4.4768276	9.2649994
0.79554123	0.83317733	4.4793501	9.2444296
0.79710048	0.82834488	4.4768276	9.2567711
0.79865974	0.83124435	4.4768276	9.2362013
0.800219	0.81384754	4.4793501	9.2362013
0.80333757	0.82351243	4.4785089	9.2567711
0.79710048	0.83639896	4.4768276	9.2855692
0.79865974	0.83833194	4.475987	9.2444296
0.800219	0.81835783	4.4768276	9.2320871
0.79554123	0.80482697	4.4785089	9.2238598
0.800219	0.8177135	4.4768276	9.2567711
0.79710048	0.81578052	4.4751458	9.2320871
0.79865974	0.80675995	4.4801908	9.2115173
0.80177832	0.80675995	4.4785089	9.2567711
0.79710048	0.82125729	4.4793501	9.2526579
0.800219	0.81545836	4.4776683	9.2320871
0.79554123	0.80675995	4.4776683	9.2403154
0.79242265	0.81449187	4.4768276	9.2567711
0.800219	0.81835783	4.4785089	9.2526579
0.800219	0.84284222	4.4785089	9.2649994
0.79242265	0.82737839	4.4785089	9.2074032
0.79710048	0.82802272	4.4785089	9.2526579
0.78930414	0.82576758	4.4785089	9.2567711
0.79554123	0.84090924	4.4793501	9.2691135
0.79865974	0.82286811	4.4793501	9.2362013
0.79710048	0.82544541	4.4768276	9.2444296
0.79554123	0.82576758	4.4776683	9.2732277
0.79865974	0.82802272	4.4768276	9.2403154
0.79554123	0.83092219	4.4776683	9.227973
0.79865974	0.81932431	4.4776683	9.2156315
0.800219	0.82608974	4.4801908	9.2444296
0.79242265	0.8115924	4.4793501	9.2320871
0.79865974	0.80998158	4.475987	9.2156315
0.79710048	0.81900215	4.4776683	9.2649994
0.79554123	0.82415676	4.475987	9.2444296
0.79710048	0.8202908	4.4793501	9.227973
0.79710048	0.81867999	4.4793501	9.2320871
0.79710048	0.83446598	4.4776683	9.2403154
0.79865974	0.8447752	4.4785089	9.2320871
0.79710048	0.83446598	4.4801908	9.2320871
0.79710048	0.82576758	4.4768276	9.2485437
0.800219	0.81545836	4.4793501	9.2362013
0.79398197	0.82834488	4.4776683	9.2732277
0.79554123	0.82834488	4.4785089	9.2403154
0.80177832	0.82834488	4.4768276	9.2403154
0.79554123	0.8421979	4.4776683	9.2855692
0.79865974	0.85444003	4.4776683	9.2526579
0.800219	0.85154057	4.4793501	9.2649994
0.79865974	0.8421979	4.475987	9.2526579
0.79554123	0.8421979	4.4785089	9.2732277
0.79710048	0.81545836	4.4793501	9.2320871
0.79865974	0.83092219	4.4793501	9.2773418
0.79865974	0.83800977	4.4793501	9.2444296
0.79554123	0.84380871	4.4785089	9.2403154
0.79865974	0.84090924	4.4776683	9.2444296
0.79086339	0.84928542	4.4785089	9.2855692
0.79242265	0.84960759	4.4768276	9.2485437
0.79554123	0.84348655	4.4768276	9.2444296
0.79710048	0.8386541	4.4768276	9.2732277
0.79865974	0.83897626	4.4793501	9.2773418
0.79710048	0.82770056	4.4801908	9.2238598
0.79398197	0.83124435	4.4785089	9.2403154
0.79242265	0.81320322	4.4785089	9.2074032
0.78930414	0.8141697	4.4785089	9.2855692
0.79554123	0.81223673	4.4776683	9.2156315
0.79086339	0.81288105	4.4768276	9.2320871
0.80177832	0.81449187	4.4768276	9.2362013
0.79398197	0.8177135	4.4785089	9.2485437
0.79398197	0.82866704	4.4776683	9.2732277
0.79398197	0.83639896	4.4776683	9.2403154
0.79865974	0.83768761	4.4776683	9.2320871
0.79242265	0.84090924	4.4793501	9.2691135
0.79865974	0.8421979	4.4768276	9.2362013
0.79398197	0.83221084	4.4785089	9.2567711
0.79710048	0.82608974	4.4776683	9.2197456
0.79398197	0.81867999	4.4785089	9.2362013
0.79242265	0.82512325	4.4776683	9.2485437
0.79086339	0.81578052	4.4768276	9.2485437
0.79554123	0.81288105	4.4768276	9.2444296
0.79710048	0.80998158	4.4801908	9.2526579
0.79242265	0.8360768	4.4793501	9.2896833
0.80177832	0.82093513	4.4768276	9.227973
0.79710048	0.82737839	4.4785089	9.2732277
0.79710048	0.81513619	4.4785089	9.2238598
0.79865974	0.81094807	4.4785089	9.2197456
0.79398197	0.83060002	4.4776683	9.2732277
0.79554123	0.84413087	4.4776683	9.281456
0.800219	0.8264119	4.4776683	9.2362013
0.80177832	0.82480109	4.475987	9.2238598
0.79554123	0.81964648	4.4776683	9.227973
0.79554123	0.80998158	4.4776683	9.2320871
0.800219	0.81062591	4.4768276	9.2567711
0.800219	0.79999459	4.4793501	9.2074032
0.800219	0.78710806	4.4793501	9.2115173
0.79710048	0.81320322	4.4785089	9.2691135
0.79086339	0.82093513	4.4776683	9.2979116
0.79865974	0.82576758	4.4768276	9.2526579
0.79242265	0.82254595	4.475987	9.2649994
0.79398197	0.83317733	4.4785089	9.2608852
0.79710048	0.82286811	4.4793501	9.2649994
0.79554123	0.8238346	4.4776683	9.2526579
0.79710048	0.81481403	4.4768276	9.2320871
0.79865974	0.82190162	4.4776683	9.2526579
0.79710048	0.81610268	4.4785089	9.2362013
0.79554123	0.81642485	4.4785089	9.2403154
0.79710048	0.82125729	4.4793501	9.2156315
0.79710048	0.82770056	4.4776683	9.2567711
0.80489683	0.82157946	4.4801908	9.2649994
0.79865974	0.83575463	4.4768276	9.2691135
0.79865974	0.83060002	4.4776683	9.2362013
0.79865974	0.83349949	4.4776683	9.2485437
0.80333757	0.82286811	4.4801908	9.2403154
0.79865974	0.81062591	4.4793501	9.227973
0.79242265	0.8202908	4.4768276	9.2691135
0.79710048	0.81642485	4.4776683	9.2567711
0.79865974	0.80804861	4.475987	9.2732277
0.79554123	0.81610268	4.4793501	9.2485437
0.80177832	0.80450481	4.4776683	9.227973
0.79865974	0.83092219	4.4793501	9.2732277
0.79554123	0.83124435	4.4776683	9.2403154
0.79865974	0.83639896	4.4776683	9.2362013
0.800219	0.83124435	4.4793501	9.2238598
0.79554123	0.84380871	4.475987	9.2732277
0.79710048	0.8421979	4.4793501	9.2732277
0.79710048	0.83060002	4.4776683	9.227973
0.79865974	0.81288105	4.4793501	9.2238598
0.79554123	0.81384754	4.475987	9.2485437
0.79554123	0.81706917	4.4768276	9.2567711
0.80177832	0.8202908	4.4768276	9.2403154
0.79398197	0.80933726	4.4810319	9.2197456
0.79242265	0.8141697	4.4776683	9.2362013
0.79554123	0.80965942	4.4776683	9.2773418
0.79086339	0.8360768	4.4768276	9.2773418
0.79865974	0.83414382	4.4801908	9.2362013
0.79710048	0.83060002	4.4785089	9.2197456
0.79710048	0.8202908	4.4793501	9.2238598
0.79710048	0.80418265	4.4768276	9.2238598
0.79554123	0.82834488	4.4768276	9.2320871
0.79710048	0.80965942	4.4793501	9.2238598
0.79710048	0.81932431	4.4768276	9.2320871
0.79865974	0.81191456	4.4768276	9.2403154
0.79710048	0.81449187	4.4793501	9.2403154
0.79710048	0.81642485	4.4768276	9.2320871
0.79554123	0.8202908	4.4776683	9.2403154
0.80177832	0.84380871	4.475987	9.2855692
0.79242265	0.83156651	4.4785089	9.2238598
0.79086339	0.84090924	4.475987	9.2526579
0.800219	0.8360768	4.4768276	9.2444296
0.79865974	0.8486411	4.4793501	9.2608852
0.79710048	0.8299557	4.4776683	9.2362013
0.79398197	0.83349949	4.475987	9.2691135
0.79710048	0.83575463	4.4768276	9.2608852
0.79710048	0.83575463	4.4785089	9.2320871
0.79865974	0.83575463	4.4768276	9.2403154
0.79710048	0.81964648	4.4801908	9.2115173
0.79086339	0.83543247	4.4785089	9.2403154
0.79710048	0.8202908	4.4793501	9.2197456
0.79710048	0.81481403	4.4793501	9.203289
0.79086339	0.82222378	4.4793501	9.2567711
0.79865974	0.81739134	4.4776683	9.2444296
0.79710048	0.802894	4.4801908	9.2320871
0.79086339	0.81610268	4.4768276	9.2773418
0.79242265	0.83736545	4.4768276	9.2649994
0.79554123	0.83962059	4.4785089	9.2362013
0.80177832	0.8360768	4.4801908	9.2362013
0.79710048	0.82608974	4.4768276	9.2238598
0.79710048	0.82834488	4.4785089	9.2608852
0.79865974	0.84187573	4.4785089	9.2649994
0.79554123	0.84348655	4.4801908	9.2238598
0.78774488	0.84606385	4.475987	9.2526579
0.79554123	0.8386541	4.4785089	9.2444296
0.79710048	0.82898921	4.4776683	9.2485437
0.79710048	0.82544541	4.4768276	9.2485437
0.79710048	0.82157946	4.4785089	9.2156315
0.79554123	0.83060002	4.4785089	9.2608852
0.79554123	0.81706917	4.4785089	9.2444296
0.79710048	0.82737839	4.475987	9.2649994
0.79710048	0.83060002	4.4801908	9.2526579
0.79710048	0.82963353	4.4785089	9.2444296
0.79554123	0.8177135	4.4776683	9.2485437
0.79554123	0.80418265	4.4776683	9.2403154
0.79554123	0.80579346	4.4768276	9.2444296
0.79710048	0.79999459	4.4768276	9.2403154
0.79242265	0.80418265	4.4768276	9.2526579
0.79242265	0.81964648	4.4785089	9.2320871
0.79710048	0.83897626	4.4793501	9.281456
0.79242265	0.83800977	4.4785089	9.2732277
0.79242265	0.832533	4.4768276	9.2567711
0.79710048	0.83156651	4.4793501	9.2403154
0.79710048	0.832533	4.4801908	9.227973
0.79398197	0.82770056	4.4785089	9.2608852
0.79710048	0.81223673	4.4776683	9.2485437
0.79554123	0.81384754	4.4776683	9.2567711
0.79710048	0.80128324	4.4768276	9.2156315
0.800219	0.80482697	4.4801908	9.227973
0.79865974	0.81932431	4.4793501	9.2444296
0.79398197	0.80804861	4.4785089	9.2485437
0.79086339	0.82061297	4.4776683	9.2732277
0.79554123	0.81835783	4.4785089	9.2526579
0.79554123	0.82866704	4.4776683	9.2526579
0.79710048	0.8264119	4.4785089	9.281456
0.79865974	0.82286811	4.4801908	9.2320871
0.78618562	0.81320322	4.4785089	9.2403154
0.79242265	0.83414382	4.4776683	9.2567711
0.79710048	0.84155357	4.4768276	9.2896833
0.79554123	0.83188868	4.4768276	9.2403154
0.79242265	0.84896326	4.4785089	9.281456
0.79086339	0.83768761	4.4776683	9.2567711
0.79865974	0.82351243	4.4785089	9.2773418
0.79242265	0.81739134	4.4785089	9.2362013
0.79865974	0.80998158	4.4801908	9.2156315
0.800219	0.81674701	4.4776683	9.2403154
0.79398197	0.81320322	4.4785089	9.2320871
0.79554123	0.80482697	4.4793501	9.2526579
0.79710048	0.81900215	4.4785089	9.2362013
0.79865974	0.81545836	4.4801908	9.2362013
0.79710048	0.81610268	4.4801908	9.2485437
0.79710048	0.82770056	4.4768276	9.2649994
0.78930414	0.83897626	4.4751458	9.2937975
0.79242265	0.82931137	4.4776683	9.2320871
0.79554123	0.8473525	4.4768276	9.2732277
0.79554123	0.82480109	4.4801908	9.1909475
0.79865974	0.8141697	4.4801908	9.2362013
0.78930414	0.81932431	4.4768276	9.2444296
0.79398197	0.832533	4.475987	9.3102541
0.80177832	0.84058708	4.4776683	9.2608852
0.79398197	0.82512325	4.4776683	9.2485437
0.79710048	0.81578052	4.4793501	9.2197456
0.80177832	0.8141697	4.475987	9.2444296
0.79554123	0.80933726	4.4776683	9.2238598
0.79865974	0.81384754	4.4776683	9.2238598
0.79865974	0.81739134	4.4793501	9.2362013
0.79554123	0.81481403	4.4785089	9.2773418
0.79554123	0.8115924	4.4776683	9.2444296
0.79554123	0.82093513	4.4776683	9.2485437
0.79398197	0.82705623	4.4793501	9.2485437
0.79865974	0.83543247	4.4785089	9.2773418
0.79710048	0.83221084	4.4793501	9.2403154
0.79865974	0.82190162	4.4776683	9.2156315
0.79710048	0.83027786	4.4793501	9.2115173
0.800219	0.81900215	4.4776683	9.2526579
0.79710048	0.82190162	4.4768276	9.2649994
0.79398197	0.8264119	4.4751458	9.2485437
0.79554123	0.81191456	4.4776683	9.2444296
0.79242265	0.8202908	4.4776683	9.227973
0.79398197	0.81449187	4.475987	9.2320871
0.79865974	0.8202908	4.4785089	9.2362013
0.79865974	0.81900215	4.4785089	9.2403154
0.79398197	0.8141697	4.4793501	9.2362013
0.79710048	0.84252006	4.4768276	9.2855692
0.79398197	0.83124435	4.4810319	9.2526579
0.79710048	0.83962059	4.4776683	9.2691135
0.79710048	0.83704329	4.4793501	9.2608852
0.80489683	0.83124435	4.475987	9.2444296
0.79865974	0.8264119	4.4793501	9.2115173
0.79865974	0.83092219	4.4785089	9.2403154
0.79710048	0.83285517	4.475987	9.2691135
0.79242265	0.82705623	4.475987	9.2444296
0.79554123	0.84638602	4.4768276	9.2896833
0.79865974	0.85218489	4.4785089	9.2896833
0.79865974	0.84445304	4.475987	9.2773418
0.800219	0.83285517	4.4793501	9.2444296
0.79554123	0.82480109	4.4793501	9.2691135
0.79086339	0.8202908	4.4785089	9.2238598
0.79710048	0.81513619	4.4768276	9.2320871
0.79865974	0.82963353	4.4768276	9.2526579
0.79554123	0.82319027	4.4793501	9.2320871
0.79242265	0.82351243	4.4768276	9.2362013
0.79710048	0.81223673	4.4793501	9.2238598
0.79554123	0.81223673	4.4776683	9.227973
0.79398197	0.79935026	4.4785089	9.2238598
0.79242265	0.82125729	4.4785089	9.2526579
0.79086339	0.81288105	4.4793501	9.2238598
0.78930414	0.81094807	4.4768276	9.2362013
0.79398197	0.82480109	4.4776683	9.2526579
0.79865974	0.82190162	4.4776683	9.2238598
0.79554123	0.81739134	4.4776683	9.2444296
0.79865974	0.80998158	4.4793501	9.2238598
0.79554123	0.8264119	4.4768276	9.2691135
0.79554123	0.80804861	4.4793501	9.2115173
0.79865974	0.80482697	4.4768276	9.2320871
0.79710048	0.80740428	4.4776683	9.227973
0.79398197	0.81803566	4.4768276	9.2444296
0.79554123	0.84123141	4.4785089	9.2608852
0.79710048	0.83833194	4.4785089	9.2362013
0.79710048	0.85411787	4.4785089	9.2608852
0.800219	0.84316438	4.4776683	9.2444296
0.79865974	0.84155357	4.4801908	9.2444296
0.80333757	0.82770056	4.4776683	9.2197456
0.79554123	0.82673407	4.4785089	9.2074032
0.79554123	0.8177135	4.4768276	9.2485437
0.79398197	0.82351243	4.4768276	9.2649994
0.79554123	0.82125729	4.4768276	9.2362013
0.800219	0.8202908	4.4785089	9.2362013
0.79865974	0.81030375	4.4785089	9.227973
0.79710048	0.81900215	4.4776683	9.2567711
0.79398197	0.82512325	4.4793501	9.2732277
0.79554123	0.82802272	4.4776683	9.2732277
0.79710048	0.83221084	4.4785089	9.2362013
0.79398197	0.83156651	4.4801908	9.2362013
0.79398197	0.83188868	4.4776683	9.2567711
0.79554123	0.82157946	4.4768276	9.2567711
0.79865974	0.83478814	4.475987	9.2444296
0.79242265	0.82190162	4.4793501	9.2197456
0.79242265	0.83221084	4.4785089	9.2485437
0.800219	0.82963353	4.4793501	9.2526579
0.79865974	0.83349949	4.4793501	9.2526579
0.79554123	0.83962059	4.4768276	9.2649994
0.79086339	0.82190162	4.4768276	9.2403154
0.79554123	0.82254595	4.4768276	9.2896833
0.79710048	0.80224973	4.4793501	9.203289
0.79242265	0.80224973	4.4793501	9.227973
0.79710048	0.82673407	4.475987	9.2444296
0.78774488	0.8264119	4.4768276	9.2649994
0.79086339	0.82544541	4.4793501	9.2238598
0.79710048	0.82737839	4.4751458	9.2567711
0.79398197	0.8447752	4.4768276	9.2649994
0.79242265	0.85186273	4.4768276	9.2896833
0.79710048	0.84284222	4.4776683	9.2608852
0.79865974	0.81932431	4.4785089	9.2320871
0.79710048	0.82866704	4.4785089	9.2403154
0.79710048	0.81642485	4.4785089	9.2403154
0.79710048	0.81835783	4.4785089	9.2156315
0.79554123	0.82544541	4.4785089	9.2608852
0.79242265	0.81255889	4.4785089	9.2074032
0.79710048	0.79967242	4.4785089	9.2362013
0.79710048	0.81739134	4.4785089	9.2526579
0.79710048	0.83124435	4.4768276	9.2691135
0.79710048	0.82512325	4.4793501	9.2403154
0.79554123	0.83543247	4.4768276	9.2649994
0.79710048	0.82576758	4.4793501	9.227973
0.79086339	0.81932431	4.4801908	9.2320871
0.79554123	0.84606385	4.4785089	9.2937975
0.800219	0.83994275	4.4768276	9.2855692
0.79242265	0.84123141	4.4776683	9.2526579
0.79710048	0.84155357	4.4776683	9.2485437
0.79865974	0.82866704	4.4776683	9.2197456
0.79710048	0.8360768	4.4768276	9.2526579
0.79865974	0.8299557	4.4793501	9.2320871
0.79242265	0.85089624	4.4751458	9.2732277
0.79710048	0.83511031	4.4785089	9.2197456
0.79398197	0.83446598	4.4776683	9.2896833
0.79710048	0.82802272	4.4776683	9.2608852
0.79710048	0.82512325	4.4776683	9.2444296
0.79710048	0.82157946	4.4793501	9.2526579
0.800219	0.81642485	4.4793501	9.2238598
0.79086339	0.81578052	4.4776683	9.2115173
0.79398197	0.82061297	4.4768276	9.227973
0.79710048	0.81739134	4.4768276	9.2320871
0.79086339	0.83704329	4.4793501	9.281456
0.79242265	0.83188868	4.4801908	9.2444296
0.79554123	0.81255889	4.4768276	9.2362013
0.79554123	0.80837077	4.4801908	9.2526579
0.79710048	0.8238346	4.4768276	9.2732277
0.79710048	0.8360768	4.4785089	9.2649994
0.79710048	0.82447892	4.475987	9.2444296
0.79242265	0.82254595	4.4768276	9.2320871
0.79398197	0.82222378	4.4785089	9.2526579
0.79710048	0.82222378	4.4785089	9.2526579
0.79398197	0.82802272	4.4793501	9.2649994
0.79242265	0.82802272	4.475987	9.2855692
0.79865974	0.81127024	4.4768276	9.227973
0.79865974	0.79741728	4.4785089	9.2197456
0.79710048	0.79516214	4.4793501	9.2115173
0.79398197	0.79516214	4.475987	9.2403154
0.79710048	0.82254595	4.4785089	9.3020258
0.800219	0.82866704	4.4768276	9.2567711
0.79242265	0.82512325	4.4785089	9.2362013
0.79554123	0.82319027	4.4785089	9.2485437
0.79086339	0.8360768	4.4776683	9.2773418
0.79865974	0.81803566	4.4793501	9.227973
0.79398197	0.82931137	4.4785089	9.2649994
0.79710048	0.82576758	4.4793501	9.2485437
0.79554123	0.82093513	4.4768276	9.2567711
0.79865974	0.80675995	4.4793501	9.2238598
0.800219	0.80740428	4.4793501	9.2238598
0.79242265	0.81706917	4.4793501	9.2362013
0.79554123	0.81320322	4.4751458	9.2362013
0.79710048	0.80740428	4.4776683	9.2238598
0.79710048	0.80321616	4.4801908	9.2403154
0.79710048	0.82866704	4.4785089	9.2732277
0.79554123	0.83639896	4.4776683	9.2567711
0.800219	0.83511031	4.4793501	9.2691135
0.79398197	0.82673407	4.4785089	9.2485437
0.79398197	0.80965942	4.4785089	9.2197456
0.79554123	0.82866704	4.4793501	9.2732277
0.79710048	0.83672112	4.4810319	9.2362013
0.79865974	0.83543247	4.4776683	9.227973
0.79398197	0.82447892	4.4793501	9.2320871
0.79554123	0.81545836	4.475987	9.2526579
0.79865974	0.81320322	4.4793501	9.2567711
0.79242265	0.80386049	4.4768276	9.2567711
0.79710048	0.82480109	4.4785089	9.2732277
0.79710048	0.82770056	4.4768276	9.2691135
0.800219	0.81996864	4.4793501	9.2320871
0.79710048	0.80965942	4.4776683	9.2320871
0.79554123	0.82222378	4.4793501	9.2444296
0.79242265	0.82898921	4.4793501	9.2444296
0.79710048	0.82190162	4.4793501	9.2362013
0.79865974	0.81803566	4.4785089	9.2567711
0.79242265	0.82931137	4.475987	9.2567711
0.79242265	0.83349949	4.4751458	9.2691135
0.79710048	0.8177135	4.4776683	9.1950607
0.79710048	0.8264119	4.4785089	9.2320871
0.79554123	0.81739134	4.4793501	9.2074032
0.79086339	0.83027786	4.4793501	9.2485437
0.79710048	0.8177135	4.4793501	9.2156315
0.79398197	0.82512325	4.4793501	9.2444296
0.79554123	0.82512325	4.4793501	9.2691135
0.79398197	0.82866704	4.4776683	9.2691135
0.79398197	0.82963353	4.4768276	9.2485437
0.800219	0.83478814	4.4785089	9.2403154
0.79398197	0.82512325	4.4768276	9.227973
0.79554123	0.82415676	4.4768276	9.2362013
0.79242265	0.81739134	4.4768276	9.2362013
0.79710048	0.81449187	4.4768276	9.2320871
0.79710048	0.80998158	4.4785089	9.2362013
0.79865974	0.82157946	4.4768276	9.2444296
0.79398197	0.81062591	4.4793501	9.2444296
0.79398197	0.83382165	4.4785089	9.2362013
0.79554123	0.83833194	4.4793501	9.2362013
0.79710048	0.81932431	4.4785089	9.1827192
0.79242265	0.82351243	4.4785089	9.2403154
0.79554123	0.82286811	4.4785089	9.2649994
0.79554123	0.83478814	4.4768276	9.2608852
0.79865974	0.80321616	4.4776683	9.227973
0.79710048	0.81288105	4.4785089	9.2649994
0.79242265	0.79355133	4.4793501	9.2115173
0.79398197	0.79967242	4.4801908	9.2115173
0.79398197	0.79870594	4.4751458	9.2115173
0.79554123	0.80482697	4.4785089	9.2197456
0.79398197	0.82061297	4.4768276	9.2320871
0.79554123	0.82254595	4.4793501	9.227973
0.79242265	0.84187573	4.4785089	9.2567711
0.79710048	0.84445304	4.4776683	9.2526579
0.800219	0.85411787	4.4801908	9.2362013
0.79398197	0.83672112	4.4785089	9.227973
0.79710048	0.8386541	4.475987	9.2403154
0.78930414	0.83446598	4.4793501	9.2444296
0.79710048	0.82190162	4.4793501	9.1991749
0.79242265	0.82157946	4.4776683	9.1950607
0.79710048	0.82480109	4.475987	9.227973
0.79865974	0.83478814	4.475987	9.2855692
0.800219	0.81964648	4.4776683	9.2156315
0.79398197	0.8141697	4.4768276	9.2074032
0.79554123	0.80837077	4.4793501	9.1909475
0.79865974	0.80965942	4.4793501	9.203289
0.800219	0.81062591	4.4768276	9.1950607
0.79242265	0.81706917	4.4768276	9.2362013
0.79242265	0.82737839	4.4776683	9.2320871
0.79710048	0.84090924	4.4776683	9.2526579
0.79554123	0.82673407	4.4810319	9.1868334
0.79710048	0.82061297	4.4785089	9.203289
0.79554123	0.82963353	4.4776683	9.2362013
0.79398197	0.84090924	4.4768276	9.2362013
0.79398197	0.85540652	4.4785089	9.2444296
0.79086339	0.83833194	4.4785089	9.2238598
0.79242265	0.82931137	4.4776683	9.2362013
0.79554123	0.81481403	4.4793501	9.2485437
0.79710048	0.81320322	4.4768276	9.2238598
0.79710048	0.82802272	4.475987	9.2649994
0.79865974	0.82447892	4.4793501	9.2403154
0.800219	0.82512325	4.4776683	9.227973
0.79710048	0.83188868	4.4793501	9.2362013
0.79554123	0.83543247	4.4785089	9.2526579
0.79398197	0.83317733	4.4785089	9.2403154
0.80177832	0.82061297	4.4776683	9.2444296
0.79398197	0.81191456	4.4785089	9.2197456
0.79554123	0.81610268	4.4776683	9.2197456
0.79865974	0.832533	4.4785089	9.2649994
0.79398197	0.82898921	4.4751458	9.2485437
0.79086339	0.8360768	4.4793501	9.227973
0.79710048	0.82608974	4.4793501	9.2074032
0.79554123	0.8141697	4.4793501	9.2115173
0.79554123	0.79806161	4.4793501	9.2403154
0.79398197	0.82898921	4.4768276	9.2567711
0.79398197	0.83060002	4.4768276	9.2485437
0.80333757	0.82576758	4.4776683	9.203289
0.79242265	0.81964648	4.4793501	9.2444296
0.80333757	0.80321616	4.475987	9.2115173
0.79710048	0.79355133	4.4785089	9.2156315
0.79865974	0.80128324	4.4801908	9.2197456
0.79865974	0.8016054	4.4793501	9.2567711
0.79554123	0.80869293	4.4793501	9.2115173
0.79398197	0.81094807	4.4785089	9.2115173
0.79710048	0.8202908	4.4785089	9.227973
0.79710048	0.82737839	4.4801908	9.2074032
0.79398197	0.83188868	4.4776683	9.2238598
0.79554123	0.83382165	4.4768276	9.2362013
0.79710048	0.8447752	4.4768276	9.2608852
0.79554123	0.84026492	4.475987	9.2567711
0.79710048	0.83317733	4.4776683	9.2649994
0.79710048	0.82705623	4.4785089	9.2320871
0.78930414	0.82898921	4.4785089	9.2197456
0.79554123	0.82190162	4.4801908	9.2362013
0.79554123	0.80257189	4.4785089	9.1786051
0.79086339	0.82447892	4.4768276	9.2526579
0.79865974	0.83736545	4.4768276	9.2691135
0.79398197	0.82737839	4.4768276	9.2608852
0.800219	0.82802272	4.4776683	9.2156315
0.800219	0.81867999	4.4793501	9.2320871
0.79865974	0.832533	4.4793501	9.2074032
0.79398197	0.81900215	4.4785089	9.2403154
0.79554123	0.81223673	4.4785089	9.203289
0.79398197	0.82157946	4.4793501	9.2362013
0.79554123	0.83704329	4.4793501	9.2444296
0.78930414	0.832533	4.4768276	9.2362013
0.79710048	0.85637301	4.4793501	9.2773418
0.79086339	0.8512184	4.475987	9.227973
0.79242265	0.83736545	4.4776683	9.2362013
0.79398197	0.82157946	4.4785089	9.2156315
0.79710048	0.80837077	4.4785089	9.2238598
0.79710048	0.81255889	4.475987	9.227973
0.79865974	0.80031675	4.4776683	9.1868334
0.79086339	0.80031675	4.4793501	9.2238598
0.79710048	0.81706917	4.4785089	9.2197456
0.79710048	0.81964648	4.4776683	9.2403154
0.79398197	0.82866704	4.4751458	9.2444296
0.79710048	0.82415676	4.4785089	9.227973
0.79242265	0.82157946	4.4768276	9.2485437
0.79242265	0.83672112	4.4785089	9.2362013
0.800219	0.83414382	4.4776683	9.2485437
0.79710048	0.83092219	4.4785089	9.2115173
0.79865974	0.82351243	4.4801908	9.2238598
0.79242265	0.81449187	4.4768276	9.2156315
0.79398197	0.81513619	4.4785089	9.2649994
0.79398197	0.8202908	4.4793501	9.2320871
0.79242265	0.81352538	4.4785089	9.2567711
0.79242265	0.80257189	4.4776683	9.203289
0.79242265	0.8090151	4.4768276	9.227973
0.79710048	0.80321616	4.4776683	9.2115173
0.79554123	0.8177135	4.4785089	9.2238598
0.79865974	0.82351243	4.4793501	9.2197456
0.79242265	0.81513619	4.4776683	9.2320871
0.79710048	0.82963353	4.475987	9.2691135
0.78774488	0.83349949	4.4768276	9.2732277
0.79554123	0.8421979	4.4768276	9.2567711
0.79398197	0.83027786	4.4793501	9.227973
0.79554123	0.832533	4.4793501	9.2362013
0.79865974	0.79773945	4.4793501	9.2362013
0.79865974	0.79612863	4.4793501	9.2074032
0.79554123	0.81996864	4.4776683	9.2526579
0.79710048	0.8141697	4.4793501	9.227973
0.79554123	0.80611563	4.4793501	9.2567711
0.79710048	0.80804861	4.4785089	9.2320871
0.79242265	0.83156651	4.4785089	9.2773418
0.79398197	0.83768761	4.4768276	9.2444296
0.79710048	0.81964648	4.4768276	9.2649994
0.800219	0.81191456	4.4768276	9.2403154
0.79398197	0.81642485	4.4785089	9.2567711
0.79554123	0.81964648	4.4785089	9.2238598
0.79242265	0.82157946	4.4801908	9.2691135
0.79710048	0.832533	4.4776683	9.2403154
0.79086339	0.84799683	4.4768276	9.2649994
0.79710048	0.85927248	4.4776683	9.2979116
0.79710048	0.83060002	4.4785089	9.2320871
0.79086339	0.83382165	4.4776683	9.2320871
0.79242265	0.81835783	4.4776683	9.2197456
0.79398197	0.81932431	4.4785089	9.2526579
0.79398197	0.82093513	4.4785089	9.2773418
0.79710048	0.81835783	4.4768276	9.2732277
0.78930414	0.83124435	4.4785089	9.2567711
0.79554123	0.8238346	4.4785089	9.2197456
0.800219	0.83060002	4.4793501	9.2608852
0.79554123	0.80708212	4.4785089	9.2197456
0.79710048	0.8264119	4.4776683	9.2444296
0.79398197	0.81674701	4.4793501	9.2115173
0.79710048	0.81867999	4.475987	9.2526579
0.80177832	0.82673407	4.4801908	9.2403154
0.800219	0.82898921	4.4776683	9.2444296
0.79710048	0.8512184	4.4776683	9.2649994
0.79710048	0.83124435	4.4768276	9.2362013
0.79554123	0.82898921	4.4776683	9.2238598
0.79242265	0.82447892	4.4768276	9.2444296
0.79554123	0.82061297	4.4810319	9.2608852
0.79865974	0.83349949	4.475987	9.3020258
0.79398197	0.82061297	4.4793501	9.227973
0.79086339	0.82834488	4.4793501	9.2567711
0.79398197	0.81288105	4.4785089	9.2362013
0.78930414	0.80998158	4.4768276	9.2320871
0.79865974	0.81610268	4.4776683	9.2238598
0.79710048	0.82061297	4.4768276	9.2444296
0.800219	0.81706917	4.4785089	9.2608852
0.79710048	0.8141697	4.4785089	9.2362013
0.800219	0.82737839	4.4768276	9.2320871
0.79242265	0.82512325	4.4776683	9.2485437
0.79398197	0.82447892	4.4776683	9.2238598
0.79242265	0.84380871	4.4785089	9.2896833
0.79086339	0.82834488	4.4768276	9.2362013
0.79554123	0.81610268	4.4801908	9.2197456
0.79865974	0.80675995	4.4776683	9.2238598
0.79242265	0.80418265	4.4793501	9.2567711
0.79398197	0.80708212	4.4785089	9.2526579
0.79554123	0.81803566	4.4793501	9.2320871
0.79242265	0.82705623	4.4793501	9.2526579
0.79710048	0.81964648	4.4793501	9.1950607
0.79710048	0.81094807	4.4785089	9.2197456
0.79398197	0.80643779	4.4793501	9.2197456
0.800219	0.79741728	4.4776683	9.2115173
0.79710048	0.81803566	4.4768276	9.2485437
0.79710048	0.82447892	4.475987	9.2320871
0.79242265	0.83414382	4.4768276	9.2608852
0.79242265	0.83704329	4.475987	9.2156315
0.79242265	0.84606385	4.4768276	9.2362013
0.79710048	0.83704329	4.4785089	9.1950607
0.79554123	0.82834488	4.4776683	9.2197456
0.79398197	0.82093513	4.4776683	9.2320871
0.79710048	0.82415676	4.4785089	9.2608852
0.79242265	0.81932431	4.4793501	9.2238598
0.79554123	0.81706917	4.4785089	9.2238598
0.78930414	0.80998158	4.4768276	9.2403154
0.79865974	0.81545836	4.4776683	9.2238598
0.79398197	0.82415676	4.4776683	9.2238598
0.79865974	0.81481403	4.4785089	9.2197456
0.79398197	0.82061297	4.4776683	9.2362013
0.79710048	0.81706917	4.4793501	9.2649994
0.79242265	0.81932431	4.4793501	9.2115173
0.800219	0.82254595	4.4785089	9.2362013
0.79554123	0.81062591	4.4785089	9.2197456
0.79554123	0.82673407	4.4776683	9.2526579
0.800219	0.8202908	4.4793501	9.2074032
0.79710048	0.82190162	4.4751458	9.2197456
0.79554123	0.83929843	4.4776683	9.2567711
0.79710048	0.83446598	4.4776683	9.2238598
0.79398197	0.82931137	4.4793501	9.2567711
0.79086339	0.81706917	4.4793501	9.2197456
0.79242265	0.8264119	4.4801908	9.2567711
0.79710048	0.82254595	4.4785089	9.2197456
0.80177832	0.80353832	4.4785089	9.2362013
0.79554123	0.79741728	4.4785089	9.2238598
0.79086339	0.80933726	4.4785089	9.2444296
0.79554123	0.81513619	4.4776683	9.2362013
0.78774488	0.80611563	4.4768276	9.227973
0.79865974	0.81642485	4.4785089	9.2732277
0.79865974	0.82447892	4.4793501	9.2403154
0.79086339	0.83156651	4.4793501	9.2320871
0.79398197	0.82447892	4.4801908	9.2444296
0.79554123	0.82866704	4.4768276	9.2320871
0.79554123	0.81996864	4.4785089	9.2115173
0.79554123	0.81578052	4.4776683	9.1950607
0.79242265	0.81127024	4.4776683	9.2320871
0.79398197	0.82125729	4.4776683	9.2362013
0.79554123	0.81835783	4.4785089	9.2526579
0.79086339	0.82673407	4.4768276	9.2691135
0.79554123	0.8386541	4.4793501	9.2855692
0.79554123	0.8177135	4.4801908	9.2074032
0.79865974	0.8177135	4.4768276	9.2320871
0.800219	0.802894	4.4776683	9.227973
0.79398197	0.81255889	4.4793501	9.2156315
0.79086339	0.82673407	4.4793501	9.227973
0.79242265	0.8141697	4.4785089	9.2115173
0.79710048	0.80965942	4.4785089	9.2403154
0.800219	0.82254595	4.4768276	9.2649994
0.79398197	0.81964648	4.475987	9.2403154
0.79554123	0.83446598	4.4785089	9.2362013
0.79710048	0.83188868	4.4768276	9.2649994
0.79398197	0.81674701	4.4776683	9.2320871
0.79865974	0.84896326	4.475987	9.2896833
0.79710048	0.84896326	4.4785089	9.2567711
0.79398197	0.83124435	4.4776683	9.227973
0.78930414	0.8115924	4.4801908	9.2444296
0.79865974	0.81739134	4.4751458	9.2403154
0.79242265	0.81384754	4.475987	9.2320871
0.79086339	0.82286811	4.4785089	9.2320871
0.79398197	0.83317733	4.4776683	9.2567711
0.79242265	0.81835783	4.4785089	9.2403154
0.79710048	0.83511031	4.4785089	9.2608852
0.79398197	0.81320322	4.4785089	9.2320871
0.79086339	0.81835783	4.4785089	9.2567711
0.79398197	0.82770056	4.4776683	9.2691135
0.79554123	0.83575463	4.4793501	9.2691135
0.79242265	0.82898921	4.4776683	9.2444296
0.79242265	0.82125729	4.4768276	9.2362013
0.79710048	0.82963353	4.4793501	9.2238598
0.79710048	0.83317733	4.4776683	9.2403154
0.79554123	0.82576758	4.475987	9.2403154
0.79710048	0.82576758	4.4776683	9.2773418
0.79086339	0.83478814	4.4776683	9.2485437
0.78462631	0.82447892	4.4793501	9.2362013
0.79398197	0.8090151	4.4793501	9.2320871
0.79398197	0.80579346	4.4793501	9.2608852
0.79710048	0.81578052	4.4768276	9.2526579
0.79710048	0.82963353	4.4776683	9.2732277
0.800219	0.8177135	4.4776683	9.2238598
0.79242265	0.82802272	4.4793501	9.2567711
0.800219	0.82447892	4.4776683	9.2197456
0.79710048	0.83575463	4.4793501	9.2444296
0.79242265	0.82673407	4.4768276	9.1991749
0.79398197	0.83511031	4.4768276	9.2567711
0.79554123	0.84058708	4.4768276	9.2649994
0.79554123	0.83317733	4.4801908	9.2403154
0.79398197	0.83704329	4.4801908	9.2444296
0.79865974	0.82447892	4.4785089	9.2567711
0.79865974	0.81642485	4.4776683	9.2403154
0.78774488	0.81030375	4.4776683	9.2403154
0.79554123	0.80965942	4.4785089	9.2156315
0.79242265	0.82125729	4.4801908	9.2156315
0.79242265	0.82576758	4.4793501	9.2485437
0.79554123	0.80675995	4.4785089	9.2485437
0.79710048	0.81320322	4.4793501	9.2691135
0.79242265	0.83156651	4.4768276	9.281456
0.79865974	0.84187573	4.4776683	9.2691135
0.79554123	0.82931137	4.4785089	9.2362013
0.79242265	0.83704329	4.4793501	9.2444296
0.79865974	0.81255889	4.4793501	9.2156315
0.79710048	0.82319027	4.4793501	9.2197456
0.79710048	0.81545836	4.4776683	9.2403154
0.79865974	0.81255889	4.4785089	9.2362013
0.79398197	0.7990281	4.4793501	9.227973
0.800219	0.80804861	4.4793501	9.2444296
0.79865974	0.81094807	4.4785089	9.2320871
0.79710048	0.82286811	4.4793501	9.2362013
0.79710048	0.82705623	4.4768276	9.2526579
0.79710048	0.83349949	4.4793501	9.2649994
0.79554123	0.81835783	4.4793501	9.2115173
0.79710048	0.8360768	4.4793501	9.2691135
0.79865974	0.83221084	4.4785089	9.2567711
0.80177832	0.82705623	4.4785089	9.227973
0.79554123	0.82963353	4.4776683	9.2608852
0.79242265	0.81835783	4.4793501	9.2197456
0.79398197	0.7990281	4.4785089	9.2320871
0.79242265	0.81320322	4.4785089	9.2567711
0.79554123	0.81578052	4.4768276	9.2526579
0.79554123	0.83027786	4.4793501	9.2444296
0.79710048	0.82866704	4.4776683	9.2608852
0.79554123	0.84380871	4.4793501	9.2691135
0.78774488	0.84252006	4.4776683	9.2732277
0.79865974	0.84380871	4.4776683	9.2567711
0.79710048	0.82222378	4.4785089	9.2320871
0.79554123	0.79967242	4.4793501	9.203289
0.79398197	0.8054713	4.4785089	9.2567711
0.79554123	0.81964648	4.4768276	9.2526579
0.79710048	0.83446598	4.475987	9.2773418
0.79398197	0.82447892	4.4785089	9.2362013
0.79242265	0.832533	4.4793501	9.2567711
0.79086339	0.82673407	4.4793501	9.2362013
0.79398197	0.83800977	4.4776683	9.2444296
0.79865974	0.82447892	4.4801908	9.227973
0.79554123	0.83704329	4.4768276	9.2567711
0.79710048	0.82898921	4.4793501	9.2320871
0.79086339	0.82254595	4.4785089	9.2197456
0.79710048	0.8054713	4.4793501	9.227973
0.79086339	0.80482697	4.4776683	9.2526579
0.79710048	0.80192757	4.4793501	9.2732277
0.79086339	0.802894	4.4768276	9.2156315
0.79710048	0.81223673	4.4785089	9.2526579
0.79865974	0.81739134	4.4785089	9.2197456
0.79086339	0.83060002	4.4768276	9.2567711
0.79242265	0.83285517	4.4768276	9.2444296
0.79242265	0.83704329	4.4768276	9.2485437
0.79554123	0.82254595	4.4793501	9.2156315
0.79554123	0.80643779	4.4793501	9.203289
0.79710048	0.81481403	4.4793501	9.2362013
0.79554123	0.8264119	4.4776683	9.281456
0.79242265	0.83188868	4.475987	9.2526579
0.79554123	0.85057408	4.4776683	9.2691135
0.79242265	0.8386541	4.4793501	9.2444296
0.79554123	0.82093513	4.4801908	9.2238598
0.79865974	0.81932431	4.4793501	9.2362013
0.79242265	0.8141697	4.4768276	9.2238598
0.79710048	0.82931137	4.4785089	9.2567711
0.79554123	0.80611563	4.4793501	9.2444296
0.79554123	0.79129618	4.4776683	9.2238598
0.79554123	0.78710806	4.4793501	9.2115173
0.79554123	0.78646374	4.4768276	9.2156315
0.800219	0.79806161	4.4785089	9.2403154
0.79398197	0.81384754	4.4793501	9.227973
0.79398197	0.81481403	4.4793501	9.2197456
0.79865974	0.82673407	4.4793501	9.2526579
0.79710048	0.83800977	4.4776683	9.2732277
0.79554123	0.84928542	4.4793501	9.2485437
0.79710048	0.84703034	4.4785089	9.2403154
0.800219	0.83639896	4.4776683	9.2403154
0.79710048	0.81674701	4.4793501	9.2238598
0.79554123	0.81545836	4.4793501	9.2608852
0.79086339	0.81255889	4.4785089	9.227973
0.79398197	0.8115924	4.4768276	9.2115173
0.78930414	0.8115924	4.4801908	9.2526579
0.79242265	0.81030375	4.4768276	9.2074032
0.79086339	0.81867999	4.4776683	9.2526579
0.79710048	0.81674701	4.4768276	9.2403154
0.79710048	0.83156651	4.4776683	9.2773418
0.78774488	0.82351243	4.4776683	9.2238598
0.79865974	0.81127024	4.4776683	9.2156315
0.79398197	0.79419565	4.4793501	9.1991749
0.79086339	0.82125729	4.4768276	9.2691135
0.79710048	0.83027786	4.4785089	9.2649994
0.79710048	0.83188868	4.4751458	9.2444296
0.78930414	0.8238346	4.4793501	9.2567711
0.79710048	0.82512325	4.4793501	9.2608852
0.79554123	0.83188868	4.4793501	9.2691135
0.79398197	0.81900215	4.4785089	9.2362013
0.79086339	0.84316438	4.4785089	9.2732277
0.79710048	0.83994275	4.4793501	9.2567711
0.79865974	0.82963353	4.4768276	9.2197456
0.79710048	0.80740428	4.4801908	9.2238598
0.80333757	0.80321616	4.4768276	9.203289
0.79086339	0.81932431	4.4793501	9.2649994
0.79086339	0.82737839	4.4776683	9.2732277
0.800219	0.82737839	4.4768276	9.2362013
0.79086339	0.84155357	4.4793501	9.2485437
0.79865974	0.83672112	4.4768276	9.2403154
0.79710048	0.83994275	4.4793501	9.2444296
0.79398197	0.83060002	4.4776683	9.2320871
0.79710048	0.8299557	4.4793501	9.2362013
0.79398197	0.80933726	4.4785089	9.2238598
0.79398197	0.81127024	4.4776683	9.2115173
0.79554123	0.7990281	4.4793501	9.2156315
0.79710048	0.80869293	4.4785089	9.2362013
0.79710048	0.81352538	4.4768276	9.2403154
0.79554123	0.8090151	4.4785089	9.2238598
0.78930414	0.82415676	4.4751458	9.2732277
0.79242265	0.8264119	4.4776683	9.2362013
0.79554123	0.82673407	4.4785089	9.2320871
0.79242265	0.80386049	4.4801908	9.1950607
0.79554123	0.8264119	4.4776683	9.2362013
0.79554123	0.81094807	4.4801908	9.2362013
0.79242265	0.81996864	4.4793501	9.2567711
0.79554123	0.82093513	4.4776683	9.2444296
0.79710048	0.80837077	4.4793501	9.203289
0.79086339	0.81803566	4.4776683	9.2115173
0.79242265	0.81996864	4.4785089	9.2320871
0.79242265	0.83285517	4.4785089	9.2444296
0.79242265	0.82770056	4.4768276	9.227973
0.79710048	0.8360768	4.4768276	9.2403154
0.79242265	0.82673407	4.475987	9.2732277
0.79242265	0.82286811	4.4751458	9.2526579
0.79710048	0.82125729	4.4785089	9.2608852
0.79554123	0.83060002	4.4785089	9.2403154
0.79710048	0.82673407	4.4793501	9.2156315
0.79554123	0.8386541	4.4776683	9.2362013
0.79398197	0.83929843	4.4768276	9.2608852
0.800219	0.83285517	4.4785089	9.227973
0.79398197	0.83478814	4.4785089	9.2444296
0.79554123	0.8202908	4.4785089	9.2156315
0.79865974	0.8264119	4.4776683	9.2444296
0.79710048	0.82866704	4.4768276	9.2362013
0.79865974	0.83124435	4.4768276	9.2362013
0.79242265	0.83543247	4.4785089	9.2074032
0.78930414	0.84799683	4.4793501	9.2362013
0.79865974	0.85250705	4.4768276	9.2526579
0.79710048	0.84155357	4.4776683	9.2649994
0.79086339	0.82770056	4.4785089	9.227973
0.79554123	0.80998158	4.4785089	9.1991749
0.78930414	0.80514914	4.4785089	9.2444296
0.79865974	0.79935026	4.4785089	9.2320871
0.79398197	0.81578052	4.475987	9.2526579
0.79086339	0.82190162	4.4793501	9.2362013
0.79086339	0.83317733	4.4768276	9.2444296
0.79086339	0.83027786	4.4768276	9.2649994
0.79554123	0.83704329	4.4768276	9.2485437
0.79554123	0.82963353	4.4793501	9.2238598
0.79242265	0.8360768	4.4785089	9.2362013
0.79710048	0.82802272	4.4785089	9.2362013
0.79710048	0.83736545	4.4785089	9.2485437
0.79710048	0.8202908	4.4768276	9.203289
0.79554123	0.82222378	4.4776683	9.2320871
0.800219	0.81030375	4.4768276	9.227973
0.78930414	0.81867999	4.4785089	9.2567711
0.79086339	0.81739134	4.4801908	9.2403154
0.79086339	0.81062591	4.4785089	9.2156315
0.79865974	0.80869293	4.4793501	9.2115173
0.79554123	0.79161835	4.4768276	9.2567711
0.79710048	0.80063891	4.4801908	9.2444296
0.79086339	0.82254595	4.4768276	9.2567711
0.79710048	0.81255889	4.4776683	9.2444296
0.79865974	0.81288105	4.4785089	9.2320871
0.79865974	0.81030375	4.4776683	9.2362013
0.79865974	0.82705623	4.4785089	9.2526579
0.79242265	0.82254595	4.4785089	9.2197456
0.79086339	0.81932431	4.4776683	9.2444296
0.79086339	0.81513619	4.4801908	9.2197456
0.79865974	0.82802272	4.4793501	9.2444296
0.79554123	0.81352538	4.4810319	9.2238598
0.79242265	0.81255889	4.4785089	9.2444296
0.79242265	0.79322916	4.4785089	9.2238598
0.79554123	0.80933726	4.4768276	9.227973
0.79086339	0.81578052	4.4793501	9.2238598
0.79398197	0.81320322	4.475987	9.2362013
0.79554123	0.81449187	4.4785089	9.203289
0.79242265	0.8141697	4.4776683	9.2115173
0.79242265	0.83768761	4.4768276	9.2773418
0.79086339	0.82512325	4.4768276	9.2238598
0.78930414	0.83092219	4.4776683	9.2526579
0.79710048	0.81191456	4.4793501	9.2197456
0.79710048	0.80450481	4.4785089	9.2156315
0.79554123	0.82576758	4.4801908	9.2567711
0.79710048	0.83092219	4.4776683	9.2320871
0.79554123	0.83317733	4.4793501	9.2156315
0.79398197	0.82190162	4.4785089	9.2115173
0.79710048	0.82157946	4.4785089	9.2156315
0.78930414	0.83092219	4.4776683	9.2691135
0.79398197	0.82673407	4.4785089	9.2526579
0.79242265	0.81706917	4.475987	9.2485437
0.79242265	0.81674701	4.4793501	9.2320871
0.79865974	0.81513619	4.4785089	9.2320871
0.79398197	0.82351243	4.4793501	9.2156315
0.79242265	0.81996864	4.4776683	9.2156315
0.79710048	0.80998158	4.4768276	9.2197456
0.79554123	0.81739134	4.4785089	9.2115173
0.78930414	0.81867999	4.4785089	9.2362013
0.79554123	0.83092219	4.4776683	9.2649994
0.79242265	0.82157946	4.4768276	9.2567711
0.78930414	0.83575463	4.4785089	9.2485437
0.79242265	0.84380871	4.4785089	9.227973
0.79554123	0.83188868	4.4776683	9.227973
0.79086339	0.83092219	4.4776683	9.2444296
0.79710048	0.82125729	4.4768276	9.2403154
0.79398197	0.82770056	4.4785089	9.2444296
0.79554123	0.80450481	4.4768276	9.2197456
0.79398197	0.81255889	4.4768276	9.2649994
0.79398197	0.80869293	4.4768276	9.2238598
0.79242265	0.81191456	4.4776683	9.227973
0.79710048	0.8202908	4.4793501	9.2320871
0.79242265	0.83897626	4.4776683	9.281456
0.79398197	0.83124435	4.4785089	9.203289
0.80177832	0.80869293	4.4793501	9.227973
0.79865974	0.80031675	4.4785089	9.2197456
0.79710048	0.82351243	4.4768276	9.2691135
0.79710048	0.83382165	4.4785089	9.2362013
0.79398197	0.83800977	4.4785089	9.2320871
0.79398197	0.83994275	4.4793501	9.227973
0.79554123	0.84123141	4.4785089	9.2691135
0.79710048	0.85669518	4.4785089	9.2773418
0.79086339	0.8299557	4.4785089	9.2197456
0.79398197	0.82512325	4.4785089	9.2567711
0.800219	0.80514914	4.4768276	9.2362013
0.79242265	0.80128324	4.4785089	9.2362013
0.79865974	0.79612863	4.4768276	9.2115173
0.79710048	0.80708212	4.4793501	9.2074032
0.79086339	0.80257189	4.4776683	9.2197456
0.800219	0.81062591	4.4776683	9.2156315
0.79710048	0.80965942	4.4785089	9.2156315
0.79710048	0.81578052	4.4785089	9.2238598
0.80177832	0.80965942	4.4785089	9.2444296
0.79398197	0.80192757	4.4776683	9.2115173
0.79710048	0.80675995	4.4776683	9.2320871
0.79086339	0.81900215	4.4776683	9.2362013
0.79710048	0.80482697	4.4785089	9.2238598
0.79398197	0.81255889	4.4768276	9.2444296
0.79398197	0.8177135	4.4785089	9.2156315
0.79086339	0.83349949	4.4793501	9.2608852
0.79242265	0.82157946	4.4785089	9.2362013
0.79398197	0.82834488	4.4793501	9.2567711
0.80177832	0.81900215	4.4776683	9.227973
0.81269312	0.81835783	4.475987	9.2320871
0.84075987	0.80772644	4.4768276	9.1868334
0.87506372	0.81288105	4.4717822	9.1909475
0.94211215	0.7990281	4.4684191	9.1539211
1.0138384	0.80096108	4.4642148	9.1621494
1.1011572	0.81513619	4.4574881	9.1210089
1.199391	0.81288105	4.4524431	9.0757542
1.2851505	0.81642485	4.4473982	9.0346146
1.3677918	0.81642485	4.4431934	9.0263872
1.4629068	0.82190162	4.4448752	8.9852467
1.5471072	0.82125729	4.4415121	8.890624
1.6422224	0.79355133	4.4423528	8.8453703
1.7435747	0.79870594	4.4415121	8.8042297
1.8605196	0.79935026	4.4389896	8.8001156
1.9805832	0.79322916	4.4364667	8.7096071
2.1209171	0.79355133	4.4339442	8.6725807
2.2674882	0.7719664	4.4314218	8.6149845
2.4343297	0.78034264	4.424695	8.5738449
2.6120861	0.7719664	4.4204907	8.5121346
2.7867241	0.76487881	4.4146047	8.4545383
2.9878693	0.76487881	4.4087191	8.4339685
3.1796591	0.75714695	4.4053559	8.3887138
3.377686	0.77776533	4.402833	8.3599157
3.5741537	0.75972426	4.3994699	8.3064337
3.7721806	0.75553614	4.4003105	8.2611799
3.9702075	0.75489181	4.3986287	8.2200394
4.1651158	0.7436161	4.3961062	8.2035828
4.3506684	0.72783011	4.3969474	8.1171885
4.4972401	0.71784312	4.3927426	8.0842762
4.6110663	0.72042036	4.3742442	8.0678205
4.6734371	0.71687663	4.3464966	8.0225658
4.6999445	0.71558797	4.3027725	7.9731984
4.6656408	0.71301067	4.2439132	7.9279442
4.590796	0.71558797	4.1791682	7.8744621
4.4941216	0.72525281	4.1119003	7.858006
4.4052429	0.72525281	4.04211	7.8045239
4.3335171	0.72396415	3.9790468	7.7592692
4.3007722	0.73395121	3.9193466	7.7428136
4.3007722	0.72525281	3.8655324	7.6769891
4.3257208	0.71268851	3.8159227	7.6235065
4.3740578	0.72976309	3.7679944	7.5988226
4.420836	0.73266256	3.7175436	7.5329981
4.4660544	0.71591014	3.6654112	7.4959726
4.491003	0.70012414	3.6099153	7.4260345
4.4987993	0.70044631	3.5485337	7.3972363
4.4863253	0.68047225	3.4854703	7.347868
4.4629359	0.66823006	3.4148393	7.3067279
4.4317508	0.67177385	3.3492532	7.2450175
4.4083614	0.65953165	3.2794631	7.191535
4.3927689	0.65051109	3.2130363	7.1545091
4.3834133	0.64922243	3.1466095	7.1298246
4.3849726	0.63730246	3.0801828	7.035202
4.3927689	0.61893916	3.0137558	6.9981766
4.4052429	0.63633597	2.9498515	6.9981766
4.420836	0.64245707	2.8825843	6.9488087
4.4364285	0.65083325	2.8161573	6.8994403
4.4411063	0.64277923	2.7463672	6.8336158
4.4426656	0.63536948	2.6765773	6.7760196
4.4411063	0.65115541	2.6034236	6.7677913
4.4379878	0.63536948	2.5302701	6.6896253
4.4301915	0.64310139	2.4562759	6.6772828
4.4161582	0.64728945	2.3805997	6.6114588
4.4145985	0.63375866	2.3049238	6.5620909
4.4068022	0.61185157	2.2300885	6.4921527
4.4068022	0.59606564	2.1535716	6.4921527
4.4099207	0.59542131	2.0795774	6.4222145
4.4099207	0.59896511	2.0005379	6.4345565
4.4114799	0.58060181	1.9257028	6.3358197
4.4192767	0.58672291	1.8475043	6.3029075
4.420836	0.60476404	1.7709875	6.2741094
4.4177175	0.58897805	1.6927888	6.212399
4.4223952	0.58607858	1.6145904	6.1794868
4.4223952	0.59348834	1.5313468	6.1260056
4.4192767	0.60573053	1.4514666	6.0972071
4.4083614	0.60927433	1.3699048	6.1054354
4.4068022	0.61958349	1.2883428	6.0519528
4.4145985	0.62054998	1.2059401	5.9943566
4.4083614	0.61475104	1.1252192	5.9285321
4.4099207	0.5902667	1.0444981	5.887392
4.4161582	0.59091103	0.95957291	5.846252
4.4083614	0.58543426	0.87717015	5.8421378
4.4130392	0.58575642	0.7947675	5.8009977
4.4114799	0.57415861	0.71236479	5.7804275
4.4083614	0.57383645	0.62659878	5.6981478
4.4036837	0.55869478	0.54335523	5.6570077
4.4052429	0.54870772	0.46011174	5.6487794
4.4099207	0.54645258	0.37602738	5.6035252
4.4130392	0.52196825	0.29110217	5.533587
4.4083614	0.53131098	0.20701784	5.5089025
4.4083614	0.52647853	0.12293351	5.4677625
4.4083614	0.52486771	0.036326651	5.4389644
4.4036837	0.5232569	-0.046916839	5.3978243
4.4099207	0.52132392	-0.131842	5.3525701
4.4036837	0.513592	-0.21844886	5.3196583
4.4052429	0.5232569	-0.30421484	5.3361144
4.4005651	0.50553799	-0.38829917	5.2579479
4.4052429	0.50747097	-0.47658768	5.2250361
4.4052429	0.5010277	-0.56151283	5.1797819
4.4099207	0.4984504	-0.64727885	5.1674395
4.4083614	0.48266444	-0.73388565	5.1139574
4.4099207	0.48234227	-0.82217413	5.0933871
4.4068022	0.49071848	-0.90794003	5.0440192
4.4036837	0.48781905	-0.99538779	5.0152211
4.4068022	0.48491958	-1.0803128	4.9781952
4.3958874	0.48008713	-1.1686014	4.9617391
4.3943281	0.47267741	-1.2535264	4.9082565
4.4005651	0.48427525	-1.3401332	4.9123707
4.4005651	0.4768655	-1.4267399	4.8547745
4.3990059	0.48524174	-1.5133468	4.8588886
4.4052429	0.50424933	-1.5991127	4.8465466
4.4052429	0.48234227	-1.6823561	4.8095202
4.4083614	0.47396606	-1.7714854	4.7601523
4.4021244	0.48975202	-1.8555696	4.7601523
4.4021244	0.46784496	-1.9430172	4.7190118
4.4083614	0.45882443	-2.0287831	4.698442
4.4005651	0.46365684	-2.1162307	4.6573019
4.3958874	0.45946875	-2.2028375	4.6120477
4.3943281	0.44078332	-2.2894442	4.5955915
4.3927689	0.43756169	-2.3743691	4.5914774
4.3974466	0.45753577	-2.4626577	4.529767
4.3990059	0.45785794	-2.5459011	4.5174251
4.3974466	0.44207197	-2.6316669	4.4845133
4.3958874	0.45721361	-2.7165918	4.4927411
4.3927689	0.46107954	-2.7989945	4.4186888
4.3912096	0.452059	-2.8839195	4.385777
4.3912096	0.4494817	-2.9671628	4.3528647
4.3912096	0.45946875	-3.0520878	4.3775487
4.3880911	0.46784496	-3.1328087	4.3652067
4.3880911	0.46913362	-3.2185745	4.3446364
4.3896503	0.47106659	-3.2992952	4.3199525
4.3834133	0.46945578	-3.3808568	4.2870407
4.3896503	0.46784496	-3.460737	4.2705846
4.3849726	0.4675228	-3.540617	4.2541285
4.3849726	0.4365952	-3.6196561	4.2171021
4.3849726	0.44400495	-3.7003767	4.1965322
4.3834133	0.45012602	-3.7768934	4.2006464
4.3880911	0.43144059	-3.8559322	4.151278
4.3865318	0.4185541	-3.9316082	4.085454
4.3834133	0.43144059	-4.0106473	4.1101379
4.3802948	0.4246752	-4.0838003	4.0648837
4.3818541	0.43111846	-4.1577945	4.0401998
4.3896503	0.43595088	-4.2334704	4.0196295
4.3865318	0.42950764	-4.3074641	3.9784894
4.3849726	0.42660818	-4.3831401	3.9867175
4.3818541	0.42596385	-4.4529295	3.9332354
4.3834133	0.42854115	-4.5252423	3.9291215
4.3818541	0.40083519	-4.5967135	3.9044373
4.3787355	0.39954653	-4.6665034	3.8879812
4.3771763	0.39664707	-4.7354522	3.8591831
4.3771763	0.38827085	-4.8060832	3.8180428
4.3724985	0.38537139	-4.8708282	3.8221569
4.3709393	0.39052597	-4.9380951	3.8344989
4.375617	0.37892812	-5.0011582	3.7604468
4.375617	0.37312922	-5.0675845	3.7563329
4.3740578	0.36700812	-5.1323295	3.7481048
4.375617	0.38118327	-5.1953926	3.7439907
4.3771763	0.37699515	-5.2567739	3.7151926
4.3709393	0.38955948	-5.3181553	3.6905084
4.375617	0.38633788	-5.3795362	3.6781664
4.3771763	0.38053894	-5.4392366	3.6946225
4.375617	0.3869822	-5.4972539	3.6411402
4.3709393	0.38408273	-5.5561132	3.6493683
4.3787355	0.37312922	-5.6132903	3.6246841
4.375617	0.39729139	-5.6671042	3.6493683
4.3724985	0.3902038	-5.7242813	3.616456
4.3740578	0.38601571	-5.7764134	3.5917718
4.3678207	0.37892812	-5.8293867	3.5547462
4.375617	0.36700812	-5.879837	3.595886
4.375617	0.36282	-5.931128	3.5424039
4.3724985	0.36797461	-5.9832602	3.550632
4.3724985	0.36410865	-6.0320287	3.530062
4.375617	0.37602866	-6.0816388	3.5341759
4.3724985	0.35766542	-6.1270442	3.4930358
4.3724985	0.36797461	-6.1732903	3.5053778
4.3724985	0.37602866	-6.217855	3.4930358
4.3724985	0.37474003	-6.2624197	3.53829
4.3709393	0.3782838	-6.3036203	3.4806936
4.36938	0.38633788	-6.3473444	3.4889216
4.36938	0.37602866	-6.3868637	3.4601235
4.36938	0.37377355	-6.4255428	3.4395535
4.36938	0.38053894	-6.4633799	3.4601235
4.3771763	0.38537139	-6.5020595	3.4395535
4.3724985	0.3689411	-6.534852	3.4354393
4.36938	0.38408273	-6.5726895	3.4518955
4.36938	0.38891518	-6.6054821	3.4313254
4.375617	0.36571947	-6.637434	3.3942995
4.3724985	0.3560546	-6.6702271	3.3860714
4.3740578	0.35637677	-6.7013383	3.3655014
4.3709393	0.34510109	-6.7316089	3.3613875
4.3709393	0.35122216	-6.7618785	3.3942995
4.3724985	0.35830975	-6.7904673	3.3942995
4.3740578	0.35508811	-6.8165336	3.3984137
4.36938	0.35863191	-6.8417583	3.3449314
4.3771763	0.34735623	-6.867825	3.3449314
4.3709393	0.33704701	-6.8913679	3.3202472
4.3740578	0.33318108	-6.9140711	3.3531594
4.3740578	0.33382541	-6.935092	3.3284752
4.3740578	0.3286708	-6.9561129	3.2996771
4.3709393	0.34510109	-6.9771338	3.3531594
4.3787355	0.35702109	-6.9956322	3.3531594
4.3740578	0.35089999	-7.0132899	3.3202472
4.375617	0.34800056	-7.0334702	3.3284752
4.3740578	0.37216273	-7.0494461	3.3490453
4.3771763	0.36636379	-7.0637407	3.3408172
4.375617	0.36797461	-7.0805573	3.3202472
4.3802948	0.37763947	-7.0948515	3.3243611
4.3802948	0.36829677	-7.108305	3.283221
4.3802948	0.37184057	-7.1209173	3.3408172
4.3802948	0.3782838	-7.1335301	3.3120191
4.3818541	0.36958542	-7.1427798	3.303791
4.3834133	0.3782838	-7.1562333	3.3243611
4.3818541	0.36507514	-7.1663227	3.3367033
4.3834133	0.36507514	-7.1764131	3.3161333
4.3834133	0.3560546	-7.1848216	3.2873349
4.3818541	0.34993351	-7.1957526	3.3161333
4.3896503	0.34767839	-7.2041607	3.3120191
4.3880911	0.3595984	-7.2125692	3.303791
4.3849726	0.35541028	-7.2201366	3.295563
4.3865318	0.35798758	-7.2293863	3.2996771
4.3818541	0.36733028	-7.2377944	3.3202472
4.3834133	0.35218865	-7.241158	3.2873349
4.3818541	0.35412163	-7.2487254	3.2996771
4.3834133	0.34220162	-7.2537708	3.2585368
4.3849726	0.3595984	-7.2604966	3.3079052
4.3912096	0.35992056	-7.2638602	3.303791
4.3896503	0.36185354	-7.270587	3.2996771
4.3880911	0.37957245	-7.2739506	3.2996771
4.3927689	0.3689411	-7.2773137	3.283221
4.3912096	0.34961134	-7.2815185	3.2585368
4.3943281	0.35863191	-7.2890859	3.2791069
4.3896503	0.34638974	-7.2907672	3.2461951
4.3974466	0.34832272	-7.2966533	3.2749929
4.3943281	0.34252378	-7.2974939	3.237967
4.3912096	0.34961134	-7.3025393	3.2420812
4.3849726	0.33350325	-7.305903	3.2461951
4.3927689	0.32931513	-7.3092656	3.262651
4.3943281	0.3405908	-7.3101068	3.2461951
4.3943281	0.34832272	-7.3117881	3.229739
4.3880911	0.34510109	-7.3168335	3.229739
4.3958874	0.33640268	-7.3201971	3.2215111
4.3958874	0.34767839	-7.3218784	3.2215111
4.4005651	0.35025567	-7.3252416	3.2215111
4.4005651	0.35798758	-7.3260827	3.2338531
4.3958874	0.37892812	-7.3294458	3.2461951
4.3974466	0.36990759	-7.3328094	3.2215111
4.4005651	0.36056489	-7.3361726	3.2091689
4.3927689	0.36282	-7.3403769	3.217397
4.3943281	0.36024272	-7.3403769	3.2132831
4.3958874	0.34123513	-7.3462629	3.1844847
4.3958874	0.33897999	-7.3487854	3.1762567
4.3958874	0.35863191	-7.3513083	3.225625
4.3974466	0.35057783	-7.352149	3.1927128
4.3896503	0.34381244	-7.3563528	3.2009408
4.3974466	0.3560546	-7.3597164	3.2215111
4.3943281	0.34767839	-7.3622389	3.2132831
4.3958874	0.34961134	-7.3664432	3.2338531
4.3927689	0.35251081	-7.3681245	3.205055
4.3958874	0.35251081	-7.3698063	3.2132831
4.4005651	0.3380135	-7.3731699	3.2132831
4.3990059	0.33704701	-7.3748512	3.2091689
4.3958874	0.3467119	-7.3798966	3.2215111
4.3958874	0.34187946	-7.381578	3.1844847
4.3927689	0.33253676	-7.3841009	3.205055
4.3896503	0.34477893	-7.3866234	3.2215111
4.3943281	0.3380135	-7.3883047	3.1885989
4.3943281	0.3312481	-7.389987	3.1803708
4.3912096	0.32222757	-7.3908277	3.1844847
4.3927689	0.35025567	-7.392509	3.2091689
4.3974466	0.34510109	-7.3941908	3.205055
4.3974466	0.34542325	-7.3941908	3.1474586
4.3974466	0.36282	-7.4000769	3.1927128
4.3943281	0.36217567	-7.4000769	3.1803708
4.4005651	0.35734326	-7.4034405	3.1639147
4.3912096	0.36378649	-7.4076443	3.1639147
4.3943281	0.37635082	-7.4076443	3.1515727
4.3958874	0.35508811	-7.4110079	3.1310024
4.3943281	0.35734326	-7.4118485	3.1474586
4.3927689	0.36378649	-7.4135299	3.1351166
4.3943281	0.34574541	-7.4152117	3.1022043
4.3927689	0.34638974	-7.416893	3.1598008
4.3912096	0.35154432	-7.4177346	3.1639147
4.3943281	0.34864488	-7.4202566	3.1639147
4.3943281	0.3312481	-7.4202566	3.1474586
4.3974466	0.3286708	-7.4202566	3.1515727
4.4021244	0.32480484	-7.4210978	3.1639147
4.4005651	0.32383835	-7.4244614	3.1474586
4.4005651	0.32158324	-7.4261427	3.1474586
4.3974466	0.31546214	-7.4269834	3.1145463
4.3990059	0.33382541	-7.4295058	3.1351166
4.3943281	0.32126108	-7.4295058	3.1515727
4.3990059	0.34252378	-7.4320288	3.1598008
4.3974466	0.35637677	-7.4345508	3.1310024
4.3927689	0.34703407	-7.4370737	3.1556866
4.3927689	0.34638974	-7.436233	3.1186604
4.3896503	0.36926326	-7.4387555	3.1392305
4.3974466	0.3534773	-7.4387555	3.1145463
4.3974466	0.34510109	-7.4429598	3.1104324
4.3958874	0.35927624	-7.4438004	3.1104324
4.3958874	0.36410865	-7.4454823	3.1351166
4.3943281	0.3441346	-7.4471636	3.1063185
4.4052429	0.34574541	-7.4496865	3.1556866
4.3974466	0.34574541	-7.4505272	3.1145463
4.3927689	0.33897999	-7.4530497	3.1268885
4.3974466	0.34284595	-7.4538903	3.1351166
4.3896503	0.35637677	-7.4555717	3.1310024
4.3943281	0.35154432	-7.4572539	3.1022043
4.3943281	0.3441346	-7.4589353	3.0939763
4.3896503	0.36282	-7.4597764	3.1310024
4.3943281	0.35186648	-7.4580946	3.1268885
4.3974466	0.35444379	-7.46314	3.1145463
4.3958874	0.3405908	-7.4614577	3.1022043
4.3990059	0.34703407	-7.465662	3.0980904
4.3974466	0.34832272	-7.465662	3.1022043
4.4021244	0.33608052	-7.4665031	3.0898623
4.3974466	0.34477893	-7.4690251	3.1063185
4.3990059	0.36120921	-7.4707074	3.1145463
4.3927689	0.34026864	-7.4707074	3.1186604
4.3896503	0.34767839	-7.4707074	3.1145463
4.3943281	0.34349027	-7.4757519	3.0980904
4.3943281	0.34349027	-7.4757519	3.1104324
4.3927689	0.34800056	-7.4765935	3.1227744
4.3943281	0.33672485	-7.4765935	3.0734065
4.3880911	0.33640268	-7.4782748	3.0775206
4.3927689	0.35992056	-7.4791155	3.1022043
4.3912096	0.34187946	-7.4799562	3.0980904
4.3958874	0.34477893	-7.4807973	3.0898623
4.3943281	0.34091297	-7.481638	3.0734065
4.3990059	0.33446974	-7.4833198	3.0857482
4.4021244	0.34220162	-7.4841609	3.1022043
4.4021244	0.34316811	-7.4850016	3.0857482
4.3927689	0.33092594	-7.4866829	3.0775206
4.3958874	0.35379946	-7.487524	3.1227744
4.3896503	0.36475298	-7.4900465	3.1186604
4.3958874	0.3534773	-7.4892058	3.0651786
4.3943281	0.34574541	-7.4908876	3.0692925
4.3912096	0.3441346	-7.492569	3.0816343
4.3927689	0.34832272	-7.4908876	3.0980904
4.3927689	0.36410865	-7.492569	3.0857482
4.3958874	0.37184057	-7.492569	3.0816343
4.3974466	0.35992056	-7.4942508	3.0528364
4.4005651	0.34477893	-7.4942508	3.0569506
4.4021244	0.36410865	-7.4942508	3.0775206
4.4052429	0.34767839	-7.4967732	3.0487225
4.3974466	0.3441346	-7.4992957	3.0692925
4.3974466	0.3534773	-7.4976144	3.0898623
4.3974466	0.33865783	-7.500978	3.0734065
4.3958874	0.32802647	-7.4992957	3.0651786
4.3896503	0.3405908	-7.500978	3.0692925
4.3927689	0.32738215	-7.5026593	3.0610645
4.3974466	0.3038643	-7.5043406	3.0404944
4.3927689	0.32158324	-7.5035	3.0651786
4.3958874	0.33253676	-7.5043406	3.0528364
4.3974466	0.33704701	-7.5051818	3.0775206
4.3974466	0.3405908	-7.5043406	3.0610645
4.3974466	0.34510109	-7.5068631	3.0569506
4.4005651	0.33736917	-7.5077038	3.0322664
4.4036837	0.34155729	-7.5102267	3.0569506
4.3974466	0.35895407	-7.5119085	3.0692925
4.3974466	0.35798758	-7.5110674	3.0610645
4.3974466	0.34091297	-7.5127492	3.0446084
4.3943281	0.33962432	-7.5152721	3.0363803
4.3896503	0.34896702	-7.5161128	3.0734065
4.3974466	0.34155729	-7.5152721	3.0569506
4.3974466	0.32319403	-7.5161128	3.0281522
4.3958874	0.33930215	-7.5177941	3.0569506
4.3974466	0.32899296	-7.5186353	3.0322664
4.3974466	0.32802647	-7.5194759	3.0322664
4.4005651	0.32351619	-7.5203166	3.0240383
4.3974466	0.31675079	-7.5219989	3.0116963
4.4005651	0.30966321	-7.5211573	3.0199242
4.4036837	0.33704701	-7.5236802	3.0487225
4.4052429	0.34252378	-7.525362	3.0487225
4.3990059	0.35379946	-7.5287247	3.0363803
4.3990059	0.34735623	-7.5270433	3.0281522
4.3927689	0.35025567	-7.5295663	3.0487225
4.3912096	0.34928918	-7.5312476	3.0116963
4.3943281	0.34510109	-7.530407	3.0158103
4.3943281	0.33285892	-7.5320883	3.0281522
4.3990059	0.33318108	-7.5337701	3.0322664
4.3912096	0.31642863	-7.5329294	3.0281522
4.3974466	0.31030753	-7.5346107	3.0446084
4.4005651	0.31675079	-7.5371337	3.0487225
4.3943281	0.31707296	-7.536293	3.0404944
4.3958874	0.30869675	-7.5379744	3.0158103
4.3958874	0.29613242	-7.5396562	3.0034683
4.3974466	0.30450863	-7.5396562	3.0569506
4.3974466	0.30450863	-7.5404968	3.0075822
4.3974466	0.33318108	-7.5421786	3.0199242
4.3912096	0.32287186	-7.5430198	3.0322664
4.3958874	0.32126108	-7.5421786	3.0158103
4.3958874	0.34123513	-7.5438604	3.0199242
4.3912096	0.33608052	-7.5438604	3.0034683
4.3912096	0.33285892	-7.5438604	3.0116963
4.3974466	0.35637677	-7.5447011	3.0528364
4.4005651	0.3534773	-7.5455418	3.0116963
4.3974466	0.35089999	-7.5463829	3.0158103
4.4036837	0.33253676	-7.5463829	2.9870121
4.4083614	0.32093892	-7.547224	3.0075822
4.3958874	0.32383835	-7.5489054	3.0158103
4.3958874	0.32351619	-7.5505872	3.0487225
4.3943281	0.32093892	-7.5505872	3.0075822
4.3927689	0.32899296	-7.5539508	3.0322664
4.3943281	0.32319403	-7.5539508	2.9911261
4.3974466	0.33189243	-7.5556321	3.0158103
4.3958874	0.33221459	-7.5556321	2.9952402
4.3927689	0.33640268	-7.5573139	2.9787841
4.3943281	0.35154432	-7.5598359	3.0363803
4.3974466	0.35025567	-7.5581546	3.0116963
4.3974466	0.3595984	-7.5581546	3.0240383
4.4036837	0.36668596	-7.5615182	3.0446084
4.4036837	0.36443081	-7.5598359	3.0075822
4.3990059	0.34445676	-7.5631995	2.9952402
4.4021244	0.35186648	-7.5640407	3.0199242
4.3974466	0.35379946	-7.5665627	3.0199242
4.3974466	0.33897999	-7.5665627	2.982898
4.3912096	0.34896702	-7.5674043	3.0116963
4.3912096	0.34993351	-7.5699263	3.0322664
4.3912096	0.33350325	-7.5699263	3.0363803
4.3974466	0.33640268	-7.5707674	2.9993541
4.3958874	0.34928918	-7.5716081	2.9952402
4.3958874	0.32770431	-7.5732894	2.9911261
4.3990059	0.33543622	-7.5724487	2.9993541
4.3958874	0.33382541	-7.5732894	2.9870121
4.3974466	0.34800056	-7.5732894	2.9952402
4.4005651	0.33060378	-7.574131	2.982898
4.4036837	0.34123513	-7.574131	3.0240383
4.3958874	0.33608052	-7.576653	2.9870121
4.3974466	0.31642863	-7.5774937	2.9993541
4.3958874	0.31030753	-7.576653	2.9787841
4.3927689	0.31610647	-7.5791755	2.9746699
4.3927689	0.32061675	-7.5800161	2.9993541
4.3958874	0.3225497	-7.5808568	2.9540999
4.3958874	0.30483079	-7.5825391	2.9664419
4.3896503	0.31642863	-7.5825391	3.0158103
4.3958874	0.31095186	-7.5816984	2.9746699
4.3974466	0.31224051	-7.5842204	2.9787841
4.3912096	0.32158324	-7.5842204	2.9911261
4.3958874	0.33285892	-7.5859022	3.0281522
4.3958874	0.33833566	-7.5842204	2.9993541
4.3958874	0.33769134	-7.5850616	2.9870121
4.3974466	0.33221459	-7.5892658	2.9870121
4.3974466	0.34477893	-7.5867429	3.0075822
4.4005651	0.33897999	-7.5892658	2.9664419
4.3958874	0.32673782	-7.5884252	2.9746699
4.3974466	0.34091297	-7.5901065	2.9870121
4.3958874	0.33897999	-7.5901065	3.0075822
4.3943281	0.32641566	-7.592629	2.9870121
4.3943281	0.33318108	-7.592629	3.0034683
4.3990059	0.33028162	-7.5917883	2.970556
4.4005651	0.3286708	-7.592629	2.982898
4.3958874	0.31288484	-7.5934701	2.970556
4.3974466	0.31997243	-7.5968332	2.949986
4.4005651	0.32480484	-7.598515	2.9664419
4.3974466	0.31449565	-7.5993562	2.9870121
4.3958874	0.32351619	-7.598515	2.9746699
4.3927689	0.33704701	-7.6010375	2.982898
4.3958874	0.35186648	-7.6010375	2.9746699
4.3943281	0.33221459	-7.6044006	2.9664419
4.3943281	0.33994648	-7.60356	2.9664419
4.3958874	0.36088705	-7.6060829	2.9952402
4.3943281	0.35895407	-7.6077642	2.9787841
4.3896503	0.34896702	-7.6069236	3.0034683
4.3927689	0.34638974	-7.6077642	2.9746699
4.3974466	0.34155729	-7.6077642	2.9664419
4.3974466	0.34993351	-7.6077642	2.9993541
4.4005651	0.33672485	-7.609446	2.982898
4.3958874	0.34316811	-7.6102867	2.9952402
4.3943281	0.34928918	-7.611968	2.962328
4.3974466	0.3347919	-7.611968	2.970556
4.3943281	0.33608052	-7.611968	2.9664419
4.4005651	0.32673782	-7.6111274	2.958214
4.3974466	0.33382541	-7.6153316	2.982898
4.4005651	0.34735623	-7.614491	2.9787841
4.3943281	0.34896702	-7.6161728	2.9870121
4.3958874	0.36056489	-7.6161728	2.982898
4.3958874	0.36120921	-7.6161728	2.982898
4.3943281	0.35541028	-7.6178541	3.0034683
4.3990059	0.36990759	-7.6170135	2.9746699
4.3990059	0.36056489	-7.6178541	2.9664419
4.3974466	0.33962432	-7.6178541	2.9870121
4.3990059	0.33157027	-7.6203771	2.958214
4.3958874	0.33446974	-7.6212177	2.982898
4.3974466	0.32222757	-7.6203771	2.9540999
4.4005651	0.31030753	-7.6245809	2.962328
4.3974466	0.31836161	-7.6237402	2.9540999
4.3974466	0.30611944	-7.6279445	2.9417579
4.3974466	0.30160916	-7.6262622	2.9376438
4.3958874	0.30193132	-7.6271038	2.9417579
4.3943281	0.31288484	-7.6287851	2.970556
4.3927689	0.32029459	-7.6279445	2.9787841
4.4005651	0.32834864	-7.6271038	2.9376438
4.3990059	0.33672485	-7.6287851	2.962328
4.3958874	0.34316811	-7.6296258	2.970556
4.3974466	0.33833566	-7.6287851	2.9376438
4.3974466	0.33511406	-7.6321483	2.9376438
4.3958874	0.34896702	-7.6329889	2.9664419
4.4005651	0.33640268	-7.6338305	2.949986
4.3974466	0.34961134	-7.6329889	2.9870121
4.3974466	0.35895407	-7.6346712	2.9787841
4.3958874	0.33672485	-7.6355119	2.9417579
4.3990059	0.34574541	-7.6380343	2.9787841
4.3958874	0.34638974	-7.6380343	2.9540999
4.3943281	0.34510109	-7.6397161	2.962328
4.3958874	0.33157027	-7.6405573	2.9376438
4.3943281	0.33060378	-7.6405573	2.9540999
4.3974466	0.31803945	-7.6439204	2.9335299
4.3927689	0.3225497	-7.6422386	2.949986
4.3927689	0.31739512	-7.6447611	2.962328
4.3943281	0.32705998	-7.6464429	2.962328
4.3990059	0.33092594	-7.6447611	2.958214
4.3943281	0.31578431	-7.6447611	2.970556
4.4021244	0.3286708	-7.6456022	2.9540999
4.3943281	0.32351619	-7.6456022	2.9540999
4.4021244	0.32287186	-7.6464429	2.949986
4.3958874	0.31030753	-7.6481247	2.9211876
4.3912096	0.31417349	-7.6489654	2.9664419
4.3880911	0.3380135	-7.6456022	2.9746699
4.3958874	0.33221459	-7.6489654	2.958214
4.3896503	0.33028162	-7.649806	2.982898
4.3927689	0.34155729	-7.6464429	2.958214
4.3927689	0.3286708	-7.6464429	2.9417579
4.3990059	0.33285892	-7.6456022	2.9540999
4.3958874	0.32963729	-7.6447611	2.9376438
4.3958874	0.33769134	-7.6456022	2.9664419
4.3990059	0.34381244	-7.6447611	2.958214
4.3943281	0.33414757	-7.6456022	2.958214
4.3912096	0.33897999	-7.6456022	2.9993541
4.3990059	0.3467119	-7.6439204	2.958214
4.3958874	0.33704701	-7.6430793	2.9787841
4.3943281	0.32222757	-7.6422386	2.9376438
4.3912096	0.34026864	-7.6405573	2.962328
4.3912096	0.32351619	-7.6397161	2.9540999
4.3958874	0.32416052	-7.6371937	2.9458718
4.3927689	0.33575836	-7.6371937	2.958214
4.3943281	0.34155729	-7.6380343	2.9952402
4.3896503	0.33253676	-7.6355119	2.949986
4.3958874	0.33285892	-7.6338305	2.949986
4.3990059	0.32738215	-7.6321483	2.9376438
4.3958874	0.33446974	-7.6296258	2.9540999
4.3958874	0.32802647	-7.6304669	2.9458718
4.3990059	0.34993351	-7.6262622	2.9540999
4.3958874	0.33285892	-7.6262622	2.9335299
4.3990059	0.3225497	-7.6220584	2.9911261
4.3974466	0.33640268	-7.6220584	2.958214
4.3912096	0.33672485	-7.6203771	2.9417579
4.3943281	0.32029459	-7.6170135	2.958214
4.3912096	0.32641566	-7.6170135	2.958214
4.3912096	0.31513998	-7.6136503	2.9417579
4.3927689	0.29967618	-7.6136503	2.9458718
4.3990059	0.30579728	-7.6128097	2.9540999
4.3990059	0.30998537	-7.6102867	2.970556
4.3990059	0.31159618	-7.609446	2.9664419
4.3974466	0.29999834	-7.6052413	2.9417579
4.3880911	0.32061675	-7.6060829	2.982898
4.3896503	0.32416052	-7.6018782	2.9911261
4.3943281	0.32319403	-7.6027193	2.9911261
4.3896503	0.32061675	-7.598515	2.9664419
4.3958874	0.33930215	-7.5951519	2.9870121
4.4005651	0.34349027	-7.5934701	2.9787841
4.3974466	0.33897999	-7.592629	2.970556
4.3943281	0.33446974	-7.5892658	2.9787841
4.3896503	0.33382541	-7.5859022	2.9787841
4.3974466	0.32995945	-7.5842204	2.9911261
4.3958874	0.33285892	-7.5825391	2.9540999
4.3990059	0.3560546	-7.5783348	3.0075822
4.3990059	0.34832272	-7.576653	2.9664419
4.3927689	0.33382541	-7.5732894	2.9952402
4.3896503	0.32705998	-7.5707674	2.9746699
4.3927689	0.32770431	-7.5690856	2.9870121
4.3896503	0.32448268	-7.5648813	2.9664419
4.3943281	0.33157027	-7.5631995	3.0281522
4.3974466	0.33285892	-7.5598359	2.9870121
4.3943281	0.3347919	-7.5581546	3.0034683
4.4005651	0.33640268	-7.5547915	2.9870121
4.4021244	0.33833566	-7.5497465	2.9952402
4.3974466	0.31900594	-7.5489054	2.958214
4.3958874	0.33189243	-7.5438604	3.0116963
4.3958874	0.32222757	-7.5438604	2.9787841
4.3990059	0.32609349	-7.5396562	3.0158103
4.3958874	0.31159618	-7.536293	2.9911261
4.3943281	0.31771728	-7.5320883	3.0034683
4.3958874	0.32963729	-7.5295663	2.9952402
4.3974466	0.3312481	-7.5270433	3.0240383
4.3943281	0.32802647	-7.525362	2.9952402
4.3912096	0.32577133	-7.5186353	3.0034683
4.3927689	0.32995945	-7.5161128	2.9952402
4.3927689	0.32931513	-7.5119085	3.0322664
4.3943281	0.34896702	-7.5085454	3.0158103
4.3912096	0.35444379	-7.5051818	3.0487225
4.3943281	0.35702109	-7.5018187	3.0240383
4.4005651	0.34638974	-7.498455	3.0240383
4.3896503	0.35573244	-7.4942508	3.0199242
4.3974466	0.35573244	-7.4908876	3.0240383
4.3943281	0.33930215	-7.4866829	3.0322664
4.3912096	0.34123513	-7.4833198	3.0322664
4.3974466	0.33543622	-7.4765935	3.0240383
4.3943281	0.31578431	-7.4723887	3.0075822
4.3974466	0.32383835	-7.4681845	3.0199242
4.3927689	0.3286708	-7.4639807	3.0569506
4.3896503	0.31771728	-7.4589353	3.0322664
4.3958874	0.31385133	-7.4538903	3.0487225
4.3990059	0.313207	-7.4496865	3.0363803
4.3912096	0.31385133	-7.4421191	3.0240383
4.3974466	0.31578431	-7.4404368	3.0692925
4.3896503	0.31127402	-7.4353919	3.0528364
4.3927689	0.33543622	-7.4286652	3.0775206
4.3943281	0.33930215	-7.4236197	3.0569506
4.3896503	0.33704701	-7.416893	3.0651786
4.3943281	0.35251081	-7.4110079	3.0734065
4.3958874	0.33962432	-7.4042811	3.0816343
4.3880911	0.3347919	-7.3967137	3.0610645
4.3896503	0.3467119	-7.3891454	3.0857482
4.3896503	0.33350325	-7.3824186	3.0816343
4.3896503	0.32448268	-7.3731699	3.0857482
4.3896503	0.31513998	-7.3647609	3.0857482
4.3880911	0.33865783	-7.3563528	3.1186604
4.3943281	0.33672485	-7.3496261	3.1186604
4.3834133	0.33157027	-7.3378549	3.1145463
4.3880911	0.34703407	-7.3311276	3.1186604
4.3849726	0.3441346	-7.3218784	3.1227744
4.3896503	0.33833566	-7.3109474	3.1227744
4.3849726	0.35798758	-7.2991762	3.1556866
4.3865318	0.34864488	-7.2899265	3.1351166
4.3834133	0.34542325	-7.2773137	3.1392305
4.3771763	0.34800056	-7.265542	3.1639147
4.3818541	0.36024272	-7.2520885	3.1680288
4.3849726	0.35444379	-7.2377944	3.1515727
4.3802948	0.35476595	-7.2243409	3.1762567
4.3787355	0.34574541	-7.2083654	3.1803708
4.3724985	0.35444379	-7.1915483	3.205055
4.3709393	0.3405908	-7.1755724	3.1885989
4.36938	0.33092594	-7.1579146	3.1844847
4.3709393	0.3467119	-7.1368937	3.205055
4.3647022	0.33704701	-7.1167135	3.217397
4.3647022	0.33865783	-7.0956922	3.229739
4.3569059	0.34961134	-7.0721488	3.2791069
4.3569059	0.33672485	-7.0452423	3.2338531
4.3475499	0.33897999	-7.0174947	3.2585368
4.3522277	0.32609349	-6.9880648	3.2503088
4.3444314	0.32512701	-6.9577947	3.2544229
4.3444314	0.33865783	-6.9233203	3.2873349
4.3428726	0.34735623	-6.8871636	3.2749929
4.3366356	0.33897999	-6.8484855	3.295563
4.3366356	0.35444379	-6.8081255	3.3613875
4.3241615	0.34928918	-6.7627192	3.3325891
4.3288393	0.34381244	-6.7156324	3.3367033
4.3226023	0.34864488	-6.6685452	3.3819575
4.321043	0.36217567	-6.6138911	3.3860714
4.3194838	0.36378649	-6.5541916	3.3778436
4.3101277	0.37055191	-6.4961734	3.4107556
4.30545	0.37602866	-6.4305878	3.4189835
4.3038907	0.38118327	-6.3624792	3.4724658
4.3007722	0.38247192	-6.2901673	3.4806936
4.2992129	0.40180168	-6.2144918	3.5012639
4.2960944	0.4153325	-6.1337709	3.5465181
4.2945352	0.39696923	-6.0496864	3.5588601
4.2914166	0.38504922	-5.9597173	3.5465181
4.2898574	0.3963249	-5.8630204	3.5835443
4.2882981	0.39310327	-5.7663236	3.5999999
4.2805018	0.38472706	-5.6620593	3.6452541
4.2836204	0.39664707	-5.5527496	3.6617103
4.2727056	0.38472706	-5.438395	3.7193067
4.2727056	0.37216273	-5.3206782	3.7357628
4.269587	0.38343841	-5.1953926	3.7686746
4.269587	0.38891518	-5.0667439	3.8221569
4.2664685	0.38021678	-4.9347315	3.8468409
4.2664685	0.38762653	-4.7926292	3.8797531
4.2649093	0.38214976	-4.6463232	3.9167793
4.2649093	0.39793572	-4.4974942	3.9373496
4.2617908	0.40824491	-4.3402572	3.9949453
4.2602315	0.41082221	-4.1762934	4.0566559
4.2617908	0.43434006	-4.0089655	4.1430497
4.2602315	0.43498439	-3.8357522	4.175962
4.2649093	0.41823193	-3.6541307	4.1883039
4.2649093	0.42886332	-3.4716678	4.2623563
4.269587	0.4307963	-3.2824783	4.3446364
4.269587	0.42531952	-3.0840397	4.3898907
4.2727056	0.43305141	-2.8839195	4.4557152
4.2789426	0.42918548	-2.679595	4.5174251
4.2836204	0.43788385	-2.466862	4.632618
4.2836204	0.44303846	-2.2507656	4.6860995
4.2960944	0.43498439	-2.0313058	4.7272401
4.2992129	0.44690439	-1.8068008	4.7889504
4.3023314	0.44658223	-1.5789324	4.9000287
4.314806	0.45753577	-1.3485416	4.974081
4.3226023	0.46881145	-1.1122649	5.0604749
4.3366356	0.48234227	-0.87514722	5.1345277
4.3491092	0.49361795	-0.63298446	5.2497201
4.3662615	0.48234227	-0.39250338	5.3114305
4.3787355	0.51037043	-0.14865887	5.4348502
4.3912096	0.51488066	0.090981461	5.533587
4.4036837	0.53292179	0.33650774	5.6487794
4.4239545	0.5541845	0.57782984	5.7475152
4.4535804	0.55901694	0.81747025	5.846252
4.478529	0.56739318	1.0529065	5.9408746
4.5019178	0.57738018	1.2841387	6.0766373
4.526866	0.58350128	1.5120074	6.1465755
4.5549331	0.57705802	1.7314677	6.2699957
4.5767627	0.58027965	1.9433606	6.3934159
4.6032705	0.58672291	2.1485267	6.4921527
4.6375737	0.60476404	2.3410802	6.5908885
4.6640816	0.59735429	2.5243843	6.681397
4.6937075	0.61539537	2.6933942	6.7719054
4.7217746	0.62087214	2.849791	6.8829842
4.7373672	0.61700618	2.9927349	6.9529223
4.754519	0.64116842	3.1213841	7.0310888
4.7685528	0.65437704	3.2323759	7.1257105
4.7747898	0.66887438	3.3282323	7.203877
4.770112	0.6830495	3.4089534	7.2450175
4.7576375	0.68884844	3.4728577	7.3149557
4.7326894	0.69851333	3.5241492	7.3725519
4.696826	0.70431226	3.5619874	7.4301486
4.6562853	0.71075553	3.5905762	7.4466043
4.6032705	0.71365499	3.6099153	7.4671745
4.5502553	0.70978904	3.6225281	7.5042
4.5003586	0.70850039	3.6334591	7.5453401
4.4644952	0.70173496	3.6427085	7.5494542
4.427073	0.68852627	3.6485941	7.5453401
4.3974466	0.69110358	3.656162	7.5988226
4.3771763	0.69110358	3.6687746	7.5988226
4.3600245	0.69496953	3.6797056	7.5988226
4.3600245	0.70688957	3.6948409	7.6235065
4.363143	0.69947982	3.7099762	7.6193929
4.3709393	0.69239223	3.7276337	7.635849
4.3740578	0.70721173	3.7469733	7.6564188
4.3896503	0.72364199	3.7663126	7.6852169
4.4052429	0.71204418	3.7864931	7.6728749
4.4145985	0.69239223	3.8049915	7.6687608
4.4192767	0.71139985	3.8234901	7.7181292
4.4223952	0.69690251	3.8394663	7.7057872
4.4223952	0.69271439	3.8596468	7.7181292
4.4301915	0.69271439	3.8739409	7.7428136
4.4286323	0.69754684	3.8882353	7.7757254
4.4317508	0.70205712	3.9033706	7.7880678
4.4255137	0.69368088	3.9143014	7.7798395
4.4161582	0.69625819	3.9269145	7.8045239
4.4161582	0.70109063	3.9370046	7.8209796
4.4099207	0.69496953	3.9496169	7.8292079
4.4052429	0.6917479	3.9605482	7.8415499
4.3958874	0.7039901	3.9714789	7.8497782
4.4021244	0.70721173	3.9849324	7.8374357
4.4052429	0.70914471	3.9967043	7.845664
4.4005651	0.71719879	4.0093174	7.8785763
4.3958874	0.72428632	4.0210891	7.88269
4.3958874	0.7262193	4.0320201	7.8868041
4.4052429	0.72074252	4.0446329	7.8909183
4.4005651	0.73201823	4.0572453	7.9114885
4.4099207	0.71204418	4.0715399	7.9197164
4.4114799	0.70882255	4.0824704	7.9197164
4.4068022	0.71268851	4.0925608	7.9197164
4.4068022	0.7200982	4.1060143	7.9402866
4.4052429	0.71752095	4.1177859	7.9279442
4.4083614	0.70463443	4.1295581	7.9526286
4.4068022	0.72106469	4.1388073	8.0061102
4.4068022	0.73330688	4.1522608	8.0061102
4.4068022	0.72750795	4.1623511	8.001996
4.4036837	0.71848744	4.1741228	7.9814267
4.4145985	0.72654146	4.1850538	7.9937682
4.4052429	0.71784312	4.1968255	8.0184517
4.4114799	0.72428632	4.207757	8.001996
4.4052429	0.7287966	4.2178469	8.0472507
4.3990059	0.72976309	4.229619	8.0390224
4.4021244	0.72106469	4.2413907	8.0472507
4.4052429	0.72654146	4.2506399	8.0554781
4.4068022	0.72299767	4.2624121	8.0595922
4.4068022	0.72074252	4.2725019	8.0678205
4.4036837	0.73395121	4.2825923	8.0842762
4.4005651	0.73169607	4.2918415	8.0554781
4.4036837	0.74200529	4.3036132	8.1254168
4.4021244	0.75070369	4.3153849	8.0842762
4.4036837	0.74200529	4.3263164	8.1213026
4.3990059	0.74651557	4.3338838	8.1213026
4.4036837	0.75907993	4.3456554	8.1336451
4.3990059	0.7471599	4.3574271	8.1377592
4.4036837	0.75134802	4.3658357	8.1254168
4.4021244	0.75843561	4.3784485	8.1213026
4.4052429	0.73942798	4.3885388	8.1295309
4.4052429	0.75360316	4.4003105	8.1542149
4.4083614	0.7436161	4.4112415	8.1418724
4.4036837	0.75456965	4.4179683	8.1994696
4.4036837	0.75102586	4.42974	8.1953554
4.4083614	0.73685068	4.4398303	8.1665573
4.4052429	0.73395121	4.4524431	8.1788988
4.4052429	0.74844855	4.4616923	8.2118111
4.4068022	0.72331983	4.4743052	8.2241535
4.3990059	0.73813933	4.4818726	8.1953554
4.4021244	0.75618047	4.4936442	8.1912413
4.4005651	0.73878366	4.5028939	8.1994696
4.4036837	0.75263667	4.5146656	8.2735214
4.4036837	0.77099991	4.5255966	8.2611799
4.4005651	0.76262367	4.535687	8.2570658
4.4036837	0.75231451	4.5449362	8.2406092
4.4021244	0.76294583	4.5567079	8.2817497
4.4068022	0.74941504	4.5659575	8.2529516
4.4052429	0.73910582	4.5768881	8.2570658
4.4083614	0.74329394	4.5886602	8.2652931
4.4083614	0.73556203	4.5987501	8.3023195
4.4021244	0.73459554	4.6088405	8.2858639
4.4052429	0.73942798	4.6189303	8.3023195
4.4021244	0.73556203	4.6298618	8.3023195
4.3990059	0.7410388	4.6382699	8.3187761
4.4068022	0.7436161	4.6500421	8.3064337
4.4005651	0.76487881	4.6626544	8.3228903
4.4005651	0.76938909	4.6719041	8.3105478
4.4068022	0.76069069	4.6828346	8.3558016
4.3958874	0.75843561	4.692925	8.3228903
4.4005651	0.77712101	4.7030149	8.3640299
4.3818541	0.77647668	4.7122645	8.3722582
4.2555537	0.77905399	4.7139463	8.3763723
4.1027455	0.77873182	4.6971292	8.3846006
3.9546149	0.78807455	4.6643362	8.3846006
3.8517034	0.78936321	4.6231351	8.3887138
3.7472322	0.76455665	4.5861378	8.3887138
3.652117	0.76294583	4.557549	8.3434601
3.5554423	0.7684226	4.5373688	8.368144
3.4650052	0.7410388	4.5281191	8.3640299
3.3886008	0.75102586	4.5205517	8.3434601
3.3340263	0.73427337	4.5155063	8.3311176
3.2919264	0.75199234	4.5087795	8.3311176
3.2623003	0.74780422	4.5037346	8.3187761
3.2420299	0.74844855	4.4970078	8.3722582
3.2217593	0.76197934	4.4928036	8.3475742
3.207726	0.74909288	4.4877586	8.3228903
3.1999295	0.73846149	4.4869175	8.3187761
3.1812184	0.75650263	4.4827137	8.3475742
3.1718626	0.7471599	4.4827137	8.3393459
3.1578293	0.76648962	4.4827137	8.3352318
3.1547108	0.7558583	4.4827137	8.3270035
3.1406772	0.74458259	4.4827137	8.3516884
3.1344402	0.76938909	4.4801908	8.3722582
3.1250846	0.74168313	4.4827137	8.3393459
3.1204071	0.73330688	4.4818726	8.3311176
3.1126108	0.73588419	4.4827137	8.3311176
3.103255	0.74909288	4.4801908	8.3393459
3.0938995	0.74458259	4.4818726	8.3434601
3.0923402	0.72654146	4.4793501	8.3434601
3.0876625	0.753281	4.4810319	8.3640299
3.0814254	0.7594021	4.4785089	8.3558016
3.0783069	0.76359016	4.4793501	8.3599157
3.0658326	0.75843561	4.4810319	8.3516884
3.0627141	0.77486587	4.4801908	8.3804865
3.0549178	0.76906693	4.4793501	8.3228903
3.0486808	0.75134802	4.4810319	8.3475742
3.0377657	0.78002048	4.4810319	8.3846006
3.0362065	0.78807455	4.4793501	8.3969421
3.0315287	0.76391232	4.4801908	8.3558016
3.0206139	0.76520097	4.4801908	8.3804865
3.0159361	0.75521398	4.4810319	8.3558016
3.0096989	0.75875777	4.4818726	8.3722582
3.0003433	0.74264961	4.4810319	8.3434601
2.9972248	0.72138685	4.4810319	8.3434601
2.9878693	0.73717284	4.4810319	8.3434601
2.9769542	0.72815228	4.4810319	8.368144
2.9691579	0.73878366	4.4818726	8.3804865
2.9613616	0.73846149	4.4818726	8.368144
2.9488878	0.7436161	4.4810319	8.368144
2.9473286	0.75134802	4.4801908	8.3722582
2.9379728	0.76262367	4.4818726	8.3599157
2.9348543	0.74200529	4.4818726	8.3516884
2.9286172	0.75360316	4.4801908	8.3558016
2.9192617	0.76391232	4.4810319	8.3434601
2.9083467	0.76713395	4.4818726	8.392828
2.9005504	0.76938909	4.4793501	8.3804865
2.8896356	0.76616746	4.4810319	8.3722582
2.8896356	0.75875777	4.4827137	8.3763723
2.8818393	0.75746912	4.4801908	8.4092846
2.8709242	0.73523986	4.4810319	8.368144
2.8600094	0.76165718	4.4793501	8.392828
2.8553317	0.75650263	4.4810319	8.3846006
2.8459759	0.75134802	4.4801908	8.3763723
2.8397388	0.7623015	4.4793501	8.4051704
2.8272648	0.76971126	4.4810319	8.392828
2.8257055	0.7745437	4.4810319	8.3887138
2.8132312	0.77583236	4.4810319	8.3887138
2.811672	0.77293289	4.4810319	8.3969421
2.8007572	0.78936321	4.4827137	8.3969421
2.7898426	0.77261072	4.4818726	8.3763723
2.7851648	0.75167018	4.4801908	8.3722582
2.775809	0.76165718	4.4810319	8.3846006
2.769572	0.74683774	4.4810319	8.368144
2.7555387	0.75489181	4.4810319	8.4133987
2.7539794	0.74264961	4.4818726	8.3887138
2.7461829	0.73685068	4.4801908	8.3846006
2.7321496	0.73523986	4.4793501	8.3804865
2.7337089	0.75134802	4.4810319	8.3887138
2.7227941	0.7410388	4.4776683	8.4175119
2.7103198	0.76487881	4.4818726	8.4092846
2.705642	0.77132207	4.4827137	8.3804865
2.6978457	0.77035558	4.4827137	8.3969421
2.6962864	0.7623015	4.4818726	8.4133987
2.6822529	0.77389938	4.4818726	8.4051704
2.6728973	0.7684226	4.4801908	8.4092846
2.6682196	0.7558583	4.4818726	8.4010563
2.6604233	0.75231451	4.4818726	8.4092846
2.6510675	0.75875777	4.4810319	8.3846006
2.6510675	0.75907993	4.4793501	8.392828
2.6370342	0.75199234	4.4818726	8.4010563
2.6339159	0.75424749	4.4810319	8.4175119
2.6214418	0.76906693	4.4810319	8.4216261
2.6167638	0.75392532	4.4793501	8.392828
2.6074083	0.7658453	4.4810319	8.4339685
2.6074083	0.76359016	4.4827137	8.4216261
2.5902565	0.76391232	4.4810319	8.4133987
2.5871377	0.76520097	4.4827137	8.4051704
2.5762229	0.76101285	4.4810319	8.4092846
2.5684266	0.76648962	4.4810319	8.4421968
2.5684266	0.75843561	4.4793501	8.392828
2.5543931	0.77518803	4.4801908	8.4257402
2.5497153	0.76133502	4.4810319	8.4175119
2.5388005	0.75199234	4.4818726	8.4175119
2.5341227	0.77422154	4.4793501	8.4216261
2.5294449	0.76165718	4.4801908	8.4010563
2.5169706	0.74844855	4.4818726	8.4175119
2.5060558	0.75843561	4.4785089	8.44631
2.5044966	0.76294583	4.4818726	8.4010563
2.4982595	0.75682479	4.4818726	8.3804865
2.490463	0.75038153	4.4801908	8.4133987
2.4811077	0.75682479	4.4801908	8.4421968
2.4686337	0.75907993	4.4818726	8.4051704
2.4686337	0.76520097	4.4810319	8.4092846
2.4592781	0.75038153	4.4810319	8.4133987
2.4530408	0.76713395	4.4785089	8.4586525
2.4405668	0.77840966	4.4818726	8.4175119
2.4374483	0.77840966	4.4793501	8.4421968
2.4374483	0.78549725	4.4810319	8.4216261
2.4218554	0.7745437	4.4793501	8.4216261
2.4202962	0.7867859	4.4810319	8.4257402
2.4124999	0.77840966	4.4801908	8.4257402
2.4015851	0.76423448	4.4810319	8.4298544
2.3969073	0.76487881	4.4810319	8.4586525
2.3922293	0.7623015	4.4810319	8.4257402
2.3813145	0.76133502	4.4818726	8.4216261
2.3750775	0.74780422	4.4818726	8.392828
2.3657219	0.73749501	4.4810319	8.4175119
2.3641627	0.74844855	4.4810319	8.4298544
2.3594849	0.74168313	4.4818726	8.4175119
2.3516886	0.74458259	4.4810319	8.4339685
2.3392143	0.73523986	4.4810319	8.4545383
2.3376551	0.76133502	4.4818726	8.4668808
2.3298588	0.76745611	4.4827137	8.4298544
2.3220625	0.75843561	4.4793501	8.4339685
2.3127069	0.76971126	4.4818726	8.4133987
2.3158255	0.76197934	4.4818726	8.4010563
2.3017919	0.75907993	4.4801908	8.4257402
2.2939959	0.76938909	4.4801908	8.4586525
2.2955551	0.77583236	4.4785089	8.4833364
2.2877586	0.76294583	4.4810319	8.4339685
2.2815216	0.74393827	4.4801908	8.4175119
2.2752845	0.75650263	4.4810319	8.4216261
2.2690475	0.7436161	4.4793501	8.4339685
2.261251	0.74458259	4.4801908	8.44631
2.2581325	0.75553614	4.4810319	8.4175119
2.2472177	0.7658453	4.4810319	8.44631
2.2456584	0.77357721	4.4818726	8.4545383
2.2331843	0.75682479	4.4801908	8.4298544
2.2363029	0.77679884	4.4818726	8.4380827
2.2300656	0.78936321	4.4810319	8.4545383
2.2207103	0.7719664	4.4801908	8.4504242
2.2207103	0.77293289	4.4801908	8.4504242
2.2066767	0.77647668	4.4801908	8.4545383
2.2066767	0.76326799	4.4810319	8.4339685
2.2051175	0.74490476	4.4793501	8.4380827
2.1942027	0.73330688	4.4818726	8.4216261
2.1848471	0.73717284	4.4818726	8.4380827
2.1817286	0.75360316	4.4801908	8.4627666
2.1739321	0.74619341	4.4793501	8.4668808
2.1708136	0.7471599	4.4801908	8.4421968
2.1645765	0.76262367	4.4785089	8.44631
2.161458	0.77099991	4.4810319	8.4298544
2.1583395	0.76294583	4.4793501	8.4339685
2.1536617	0.74071664	4.4810319	8.4298544
2.1443062	0.76681179	4.4801908	8.4709949
2.1365099	0.74587125	4.4801908	8.4421968
2.1349506	0.75682479	4.4810319	8.4504242
2.1255949	0.77164423	4.4801908	8.4627666
2.1240356	0.75746912	4.4785089	8.4421968
2.1177986	0.76874477	4.4810319	8.44631
2.1115615	0.75650263	4.4810319	8.44631
2.1053245	0.753281	4.4810319	8.4339685
2.1006467	0.75618047	4.4793501	8.44631
2.097528	0.74941504	4.4810319	8.4586525
2.091291	0.76616746	4.4818726	8.4545383
2.0834949	0.74812639	4.4818726	8.4421968
2.0834949	0.7658453	4.4810319	8.44631
2.0741391	0.77067775	4.4810319	8.4339685
2.0788169	0.76359016	4.4818726	8.4257402
2.0632243	0.76391232	4.4810319	8.44631
2.0601058	0.77261072	4.4810319	8.4339685
2.0585465	0.75199234	4.4827137	8.4051704
2.0476315	0.76133502	4.4785089	8.4668808
2.044513	0.76165718	4.4801908	8.4545383
2.0398352	0.76294583	4.4793501	8.4545383
2.0335982	0.76133502	4.4793501	8.4545383
2.0320389	0.75972426	4.4785089	8.4627666
2.0351574	0.77712101	4.4785089	8.4668808
2.0242426	0.75843561	4.4793501	8.4545383
2.0180056	0.7684226	4.4793501	8.4668808
2.0133278	0.74780422	4.4810319	8.4216261
2.0102093	0.76101285	4.4810319	8.5080204
2.0070908	0.76713395	4.4793501	8.4668808
2.0008538	0.74877071	4.4801908	8.4751091
1.9977351	0.76681179	4.4793501	8.4709949
1.9946166	0.77228856	4.4801908	8.4833364
1.9899387	0.77518803	4.4810319	8.4545383
1.985261	0.76616746	4.4793501	8.4668808
1.9821424	0.77551019	4.4793501	8.4586525
1.9790239	0.77937615	4.4776683	8.4792223
1.9712275	0.76069069	4.4810319	8.4627666
1.9649905	0.75843561	4.4793501	8.4709949
1.9634312	0.7594021	4.4810319	8.4709949
1.9571941	0.76777828	4.4793501	8.5039062
1.9603126	0.75779128	4.4801908	8.4545383
1.9493979	0.76938909	4.4801908	8.4751091
1.9493979	0.77261072	4.4793501	8.4545383
1.9447201	0.77132207	4.4793501	8.4874506
1.9369237	0.75746912	4.4793501	8.4421968
1.9353645	0.77422154	4.4801908	8.4833364
1.9291275	0.78034264	4.4785089	8.4668808
1.9275682	0.76971126	4.4793501	8.4833364
1.9228903	0.77357721	4.4793501	8.4545383
1.9197718	0.77357721	4.4793501	8.4833364
1.9166533	0.77357721	4.4793501	8.4545383
1.9135348	0.76810044	4.4801908	8.4874506
1.9072976	0.75553614	4.4801908	8.4545383
1.9041791	0.76777828	4.4793501	8.4339685
1.9026198	0.77712101	4.4793501	8.4874506
1.8995013	0.77325505	4.4801908	8.4792223
1.8948234	0.76552314	4.4793501	8.4833364
1.8932642	0.77679884	4.4801908	8.4709949
1.8885864	0.76294583	4.4810319	8.4627666
1.8807902	0.77132207	4.4793501	8.4997921
1.8776717	0.78002048	4.4793501	8.4833364
1.8761123	0.78002048	4.4793501	8.4668808
1.8761123	0.76069069	4.4793501	8.44631
1.8683161	0.76133502	4.4785089	8.4915648
1.862079	0.75038153	4.4801908	8.4709949
1.862079	0.74554908	4.4810319	8.4668808
1.8589604	0.73685068	4.4801908	8.4792223
1.8574011	0.73910582	4.4810319	8.4874506
1.8511641	0.73975015	4.4793501	8.4627666
1.8496048	0.74587125	4.4801908	8.4833364
1.8464863	0.75102586	4.4801908	8.4668808
1.8433677	0.76681179	4.4785089	8.4668808
1.8418084	0.76713395	4.4801908	8.4792223
1.8324529	0.78324211	4.4810319	8.4915648
1.8293343	0.76069069	4.4801908	8.4751091
1.8246565	0.77164423	4.4793501	8.5244761
1.8199787	0.77776533	4.4776683	8.4956789
1.8199787	0.77389938	4.4785089	8.4833364
1.8153011	0.76391232	4.4785089	8.4915648
1.8184195	0.74844855	4.4810319	8.4545383
1.8106232	0.7719664	4.4793501	8.4627666
1.8121825	0.7497372	4.4810319	8.4586525
1.8106232	0.75134802	4.4801908	8.4997921
1.8059454	0.74490476	4.4801908	8.4874506
1.8028269	0.7436161	4.4793501	8.4833364
1.7997084	0.75811344	4.4810319	8.4709949
1.7965899	0.77003342	4.4793501	8.4833364
1.791912	0.76487881	4.4793501	8.4709949
1.7903527	0.7780875	4.4785089	8.4586525
1.7887934	0.7745437	4.4785089	8.4545383
1.7856749	0.77679884	4.4793501	8.4709949
1.7825564	0.78646374	4.4785089	8.5080204
1.7778785	0.7745437	4.4793501	8.4956789
1.7732008	0.77357721	4.4793501	8.4915648
1.7732008	0.76133502	4.4793501	8.4504242
1.7700822	0.75907993	4.4810319	8.4997921
1.7700822	0.75618047	4.4793501	8.4545383
1.7638451	0.74458259	4.4776683	8.4709949
1.7622858	0.75199234	4.4793501	8.4586525
1.7560488	0.74619341	4.4785089	8.4751091
1.7560488	0.77228856	4.4810319	8.4997921
1.7498119	0.753281	4.4801908	8.4792223
1.7576081	0.75392532	4.4793501	8.4627666
1.7482526	0.76681179	4.4785089	8.4751091
1.7435747	0.75682479	4.4785089	8.4751091
1.7404562	0.76391232	4.4810319	8.4627666
1.7404562	0.75360316	4.4793501	8.4833364
1.7373377	0.76133502	4.4793501	8.4956789
1.7357785	0.76906693	4.4768276	8.4956789
1.727982	0.75650263	4.4776683	8.5039062
1.7311007	0.74844855	4.4785089	8.4956789
1.7248635	0.74812639	4.4785089	8.4833364
1.7248635	0.74458259	4.4793501	8.4504242
1.721745	0.73717284	4.4776683	8.4792223
1.7186265	0.74232745	4.4776683	8.4751091
1.715508	0.74554908	4.4793501	8.4668808
1.7139487	0.75360316	4.4785089	8.4833364
1.7123893	0.74909288	4.4785089	8.4833364
1.7139487	0.76197934	4.4793501	8.4997921
1.7108301	0.76326799	4.4793501	8.4874506
1.7030338	0.77067775	4.4785089	8.4956789
1.7045931	0.7684226	4.4785089	8.4956789
1.7014745	0.76616746	4.4793501	8.4997921
1.6952374	0.7745437	4.4776683	8.5080204
1.6983559	0.76552314	4.4793501	8.4874506
1.6983559	0.77776533	4.4793501	8.4874506
1.6983559	0.78356427	4.4776683	8.5285902
1.6874412	0.79355133	4.4793501	8.5203619
1.6874412	0.77679884	4.4776683	8.4956789
1.6890004	0.76391232	4.4785089	8.4751091
1.6796449	0.76262367	4.4768276	8.4833364
1.6827635	0.75682479	4.4793501	8.4874506
1.6796449	0.75360316	4.4801908	8.4709949
1.6734078	0.73652852	4.4793501	8.4833364
1.6765263	0.75714695	4.4785089	8.4915648
1.6765263	0.76133502	4.4776683	8.4874506
1.6718485	0.77969831	4.4793501	8.5409327
1.6765263	0.77840966	4.4785089	8.4874506
1.6702893	0.77003342	4.4785089	8.4709949
1.6702893	0.78549725	4.4768276	8.4997921
1.6593744	0.76648962	4.4776683	8.4874506
1.6562558	0.79000753	4.4785089	8.5409327
1.6578151	0.76391232	4.4785089	8.4956789
1.6546966	0.77422154	4.4785089	8.4997921
1.6578151	0.76552314	4.4785089	8.4956789
1.6515781	0.75295883	4.4785089	8.4792223
1.6515781	0.76777828	4.4793501	8.4997921
1.6531373	0.75489181	4.4776683	8.4874506
1.6515781	0.76326799	4.4785089	8.4997921
1.6500188	0.74522692	4.4793501	8.4833364
1.6453409	0.75521398	4.4768276	8.5203619
1.6406631	0.77003342	4.4785089	8.4997921
1.6375446	0.76713395	4.4776683	8.5121346
1.6391039	0.77164423	4.4793501	8.4915648
1.6375446	0.77422154	4.4793501	8.4792223
1.6328669	0.78839672	4.4785089	8.4997921
1.6344261	0.78839672	4.4785089	8.5285902
1.6328669	0.78324211	4.4793501	8.5039062
1.6313075	0.77647668	4.4785089	8.5162477
1.6250705	0.78485292	4.4785089	8.5162477
1.6266297	0.78710806	4.4793501	8.5368185
1.6250705	0.76681179	4.4776683	8.4956789
1.6250705	0.75682479	4.4793501	8.4997921
1.6203928	0.76359016	4.4801908	8.4792223
1.6188335	0.77615452	4.4793501	8.5244761
1.6203928	0.76036853	4.4793501	8.4833364
1.6203928	0.76713395	4.4785089	8.5203619
1.6125964	0.75843561	4.4793501	8.5080204
1.6141558	0.76455665	4.4785089	8.54916
1.6094779	0.77325505	4.4793501	8.5121346
1.6125964	0.76810044	4.4793501	8.5121346
1.6048001	0.76391232	4.4793501	8.5080204
1.6063594	0.7780875	4.4793501	8.4956789
1.6048001	0.7745437	4.4801908	8.5244761
1.6001223	0.76906693	4.4785089	8.5039062
1.6032408	0.76616746	4.4785089	8.4997921
1.5970037	0.77647668	4.4776683	8.5409327
1.6048001	0.75972426	4.4810319	8.4997921
1.5985631	0.76101285	4.4785089	8.5244761
1.5907667	0.7436161	4.4793501	8.4792223
1.5970037	0.75811344	4.4793501	8.5080204
1.5954444	0.76938909	4.4810319	8.4997921
1.5907667	0.7719664	4.4801908	8.5121346
1.5892074	0.75360316	4.4793501	8.4956789
1.5892074	0.76971126	4.4793501	8.5244761
1.5845296	0.78324211	4.4785089	8.5285902
1.581411	0.77486587	4.4785089	8.5121346
1.5829704	0.7684226	4.4793501	8.4956789
1.5860889	0.76101285	4.4785089	8.5121346
1.581411	0.77164423	4.4785089	8.5244761
1.5767332	0.76262367	4.4793501	8.4874506
1.5782925	0.75553614	4.4793501	8.5039062
1.5704962	0.75779128	4.4785089	8.5285902
1.5736147	0.7658453	4.4793501	8.5203619
1.575174	0.77003342	4.4785089	8.5285902
1.5736147	0.77518803	4.4776683	8.5121346
1.575174	0.77840966	4.4776683	8.5244761
1.5704962	0.7745437	4.4793501	8.4956789
1.5704962	0.79258484	4.4793501	8.5244761
1.5658183	0.77647668	4.4793501	8.4833364
1.5704962	0.75972426	4.4776683	8.5121346
1.5658183	0.76165718	4.4793501	8.5121346
1.5626998	0.77389938	4.4793501	8.4997921
1.5626998	0.77744317	4.4785089	8.5080204
1.5595814	0.75618047	4.4793501	8.4956789
1.5580221	0.77840966	4.4776683	8.5203619
1.5626998	0.78614157	4.4810319	8.5039062
1.5580221	0.77679884	4.4793501	8.5080204
1.5549036	0.75650263	4.4793501	8.4956789
1.5549036	0.75360316	4.4785089	8.4874506
1.5533444	0.76455665	4.4801908	8.5203619
1.5517851	0.75907993	4.4768276	8.5121346
1.5486666	0.76487881	4.4785089	8.54916
1.545548	0.77615452	4.4776683	8.5080204
1.545548	0.77583236	4.4776683	8.4915648
1.5439887	0.76520097	4.4793501	8.4874506
1.5471072	0.77422154	4.4776683	8.5203619
1.545548	0.75811344	4.4793501	8.4915648
1.5408702	0.77389938	4.4768276	8.5285902
1.545548	0.77937615	4.4768276	8.5327044
1.5439887	0.78163129	4.4793501	8.5368185
1.545548	0.77035558	4.4785089	8.4833364
1.5393109	0.76810044	4.4768276	8.5080204
1.5393109	0.78195345	4.4810319	8.5285902
1.5393109	0.76616746	4.4793501	8.5203619
1.5424294	0.77164423	4.4768276	8.5285902
1.5315145	0.77583236	4.4768276	8.5203619
1.528396	0.77518803	4.4785089	8.5285902
1.5361924	0.77679884	4.4785089	8.5327044
1.5315145	0.76487881	4.4776683	8.5203619
1.5330739	0.77647668	4.4768276	8.5409327
1.5315145	0.77035558	4.4785089	8.5203619
1.5252775	0.77905399	4.4768276	8.54916
1.528396	0.76165718	4.4785089	8.5203619
1.5299553	0.76906693	4.4793501	8.5327044
1.5252775	0.76938909	4.4768276	8.5327044
1.5205997	0.77003342	4.4785089	8.5162477
1.5237182	0.75843561	4.4776683	8.5327044
1.5205997	0.75424749	4.4801908	8.5121346
1.5159218	0.78098696	4.4785089	8.5656166
1.522159	0.76906693	4.4768276	8.5327044
1.5190405	0.77035558	4.4776683	8.5203619
1.5190405	0.76938909	4.4785089	8.5327044
1.5205997	0.76101285	4.4785089	8.5368185
1.5128033	0.78388643	4.4776683	8.5450459
1.5128033	0.76455665	4.4768276	8.5162477
1.5174812	0.76777828	4.4785089	8.5327044
1.5128033	0.76133502	4.4785089	8.5121346
1.5159218	0.76101285	4.4793501	8.5327044
1.5096848	0.76777828	4.4776683	8.5203619
1.5018885	0.78002048	4.4768276	8.54916
1.5096848	0.79065186	4.4768276	8.5409327
1.505007	0.7745437	4.4785089	8.5162477
1.5112441	0.78356427	4.4801908	8.5409327
1.5096848	0.76520097	4.4810319	8.4915648
1.505007	0.7658453	4.4785089	8.5244761
1.5034478	0.7558583	4.4776683	8.5244761
1.5065663	0.76520097	4.4785089	8.5368185
1.505007	0.77164423	4.4793501	8.5532742
1.5003291	0.7684226	4.4793501	8.5532742
1.5003291	0.76294583	4.4785089	8.5162477
1.5065663	0.77132207	4.4793501	8.5450459
1.5003291	0.7684226	4.4801908	8.5080204
1.4972107	0.76101285	4.4776683	8.4997921
1.4956515	0.77099991	4.4785089	8.5409327
1.4940922	0.7684226	4.4793501	8.5121346
1.5003291	0.76262367	4.4785089	8.5327044
1.4940922	0.7719664	4.4785089	8.5285902
1.4940922	0.77518803	4.4776683	8.5409327
1.4940922	0.78034264	4.4793501	8.5615025
1.492533	0.7719664	4.4801908	8.5121346
1.492533	0.76745611	4.4793501	8.4874506
1.4909737	0.77712101	4.4801908	8.5285902
1.4878552	0.76616746	4.4785089	8.5573883
1.4940922	0.76616746	4.4785089	8.5450459
1.4878552	0.77228856	4.4793501	8.5450459
1.4831774	0.7684226	4.4793501	8.54916
1.4847367	0.76197934	4.4768276	8.5615025
1.4878552	0.76455665	4.4785089	8.5532742
1.4862959	0.77744317	4.4776683	8.5285902
1.481618	0.77293289	4.4785089	8.5285902
1.4847367	0.76971126	4.4793501	8.54916
1.481618	0.77389938	4.4785089	8.5121346
1.4784995	0.7806648	4.4801908	8.54916
1.475381	0.77840966	4.4793501	8.5368185
1.4784995	0.77840966	4.4785089	8.5697308
1.481618	0.78130913	4.4785089	8.5532742
1.4784995	0.77164423	4.4776683	8.5327044
1.4769403	0.77164423	4.4768276	8.54916
1.481618	0.78259778	4.4776683	8.5573883
1.4738218	0.76906693	4.4785089	8.5327044
1.4722625	0.7745437	4.4785089	8.5450459
1.475381	0.77389938	4.475987	8.5573883
1.4738218	0.76971126	4.4776683	8.5738449
1.4722625	0.77905399	4.4785089	8.5450459
1.4707032	0.77551019	4.4776683	8.54916
1.475381	0.79000753	4.4785089	8.5532742
1.4738218	0.77647668	4.4785089	8.5121346
1.4707032	0.77905399	4.4793501	8.5368185
1.469144	0.78163129	4.4776683	8.5327044
1.4722625	0.77937615	4.4785089	8.5532742
1.4707032	0.77164423	4.4810319	8.5615025
1.469144	0.77261072	4.4768276	8.54916
1.4660254	0.76648962	4.4785089	8.5327044
1.4644661	0.7780875	4.4768276	8.5573883
1.4644661	0.77325505	4.4785089	8.5532742
1.4597883	0.7842086	4.4768276	8.5573883
1.4660254	0.77905399	4.4776683	8.5368185
1.4660254	0.7719664	4.4801908	8.5368185
1.4660254	0.77615452	4.4785089	8.5368185
1.4613476	0.77293289	4.4793501	8.5738449
1.4629068	0.76552314	4.4776683	8.5285902
1.4629068	0.76101285	4.4776683	8.5203619
1.4566698	0.75746912	4.4768276	8.5285902
1.4566698	0.76391232	4.4793501	8.54916
1.4551105	0.76294583	4.4785089	8.54916
1.4566698	0.77261072	4.4793501	8.5450459
1.4582291	0.76648962	4.4768276	8.5409327
1.4566698	0.7780875	4.4793501	8.5368185
1.4566698	0.76681179	4.4776683	8.5450459
1.451992	0.78775239	4.4776683	8.5573883
1.4566698	0.77840966	4.4785089	8.5327044
1.4535513	0.76874477	4.475987	8.5573883
1.4488734	0.76455665	4.4785089	8.5327044
1.4504327	0.78098696	4.4768276	8.5615025
1.4488734	0.78227562	4.4785089	8.5532742
1.4488734	0.77422154	4.4810319	8.5573883
1.4488734	0.75521398	4.4785089	8.5080204
1.4504327	0.74683774	4.4776683	8.5532742
1.4504327	0.7497372	4.4793501	8.54916
1.4488734	0.76165718	4.4768276	8.5573883
1.4426364	0.76423448	4.4793501	8.5368185
1.4441956	0.7719664	4.475987	8.54916
1.4426364	0.76648962	4.4793501	8.5327044
1.4426364	0.76520097	4.4776683	8.5244761
1.4395179	0.78259778	4.4768276	8.5368185
1.4488734	0.77261072	4.4810319	8.5244761
1.4473141	0.76004636	4.4785089	8.5409327
1.4504327	0.76326799	4.4768276	8.5285902
1.4410771	0.77357721	4.4793501	8.5409327
1.4410771	0.77389938	4.4793501	8.5532742
1.4395179	0.77067775	4.4785089	8.5532742
1.4410771	0.76713395	4.4785089	8.5615025
1.4379586	0.76423448	4.4785089	8.5327044
1.4395179	0.76810044	4.4785089	8.5450459
1.4363995	0.77228856	4.4793501	8.54916
1.4395179	0.76487881	4.4793501	8.5532742
1.4410771	0.77518803	4.4768276	8.5738449
1.4395179	0.79419565	4.4768276	8.5573883
1.4317216	0.79355133	4.4785089	8.5573883
1.4348402	0.78195345	4.4793501	8.5409327
1.4270438	0.78227562	4.4751458	8.5615025
1.4348402	0.76874477	4.4793501	8.5409327
1.4317216	0.76874477	4.4793501	8.54916
1.4286031	0.75907993	4.4776683	8.5532742
1.4286031	0.76487881	4.4768276	8.5244761
1.4332809	0.75489181	4.4793501	8.54916
1.4301623	0.75843561	4.4785089	8.54916
1.4254845	0.77905399	4.4801908	8.5697308
1.4286031	0.77325505	4.4793501	8.5697308
1.4301623	0.77164423	4.4793501	8.5615025
1.4301623	0.76004636	4.4785089	8.5615025
1.4286031	0.76971126	4.4776683	8.5697308
1.4208068	0.77937615	4.4785089	8.5615025
1.4301623	0.75714695	4.4785089	8.5327044
1.4254845	0.76810044	4.4785089	8.5738449
1.4301623	0.77003342	4.4801908	8.5615025
1.4286031	0.77099991	4.4785089	8.5450459
1.422366	0.77744317	4.4793501	8.5738449
1.4208068	0.77744317	4.4776683	8.5656166
1.4254845	0.77776533	4.4793501	8.5779581
1.4192475	0.7684226	4.4801908	8.5368185
1.4254845	0.78388643	4.4793501	8.5573883
1.4270438	0.78614157	4.4785089	8.5285902
1.4208068	0.77615452	4.4768276	8.5532742
1.422366	0.77486587	4.4776683	8.5697308
1.4208068	0.77615452	4.4785089	8.5820723
1.4161289	0.7842086	4.4793501	8.5861864
1.4161289	0.75618047	4.4776683	8.5738449
1.4192475	0.75167018	4.4793501	8.5532742
1.4192475	0.75005937	4.4793501	8.5203619
1.4176883	0.74168313	4.4776683	8.5368185
1.4145696	0.75682479	4.4801908	8.5285902
1.4145696	0.76487881	4.4785089	8.5903006
1.4130104	0.76520097	4.4793501	8.54916
1.4130104	0.76294583	4.4793501	8.5573883
1.4176883	0.76069069	4.4793501	8.5573883
1.4098918	0.76165718	4.4768276	8.5409327
1.4145696	0.77325505	4.4793501	8.5615025
1.4176883	0.78581941	4.4785089	8.5450459
1.4161289	0.76197934	4.4785089	8.5532742
1.4083326	0.7780875	4.4785089	8.5697308
1.4130104	0.79000753	4.4785089	8.5944147
1.4161289	0.76777828	4.4768276	8.5656166
1.4098918	0.77003342	4.475987	8.5944147
1.4098918	0.75875777	4.475987	8.5656166
1.4130104	0.75972426	4.4793501	8.5532742
1.4130104	0.75682479	4.4776683	8.5615025
1.4083326	0.75779128	4.4785089	8.5779581
1.4083326	0.77583236	4.4768276	8.5573883
1.4083326	0.78356427	4.475987	8.54916
1.4083326	0.77389938	4.4793501	8.5573883
1.4020956	0.7780875	4.4793501	8.5820723
1.4083326	0.76423448	4.4776683	8.5244761
1.4005362	0.77325505	4.4768276	8.5615025
1.4020956	0.77615452	4.4793501	8.5573883
1.4052141	0.76906693	4.4793501	8.5779581
1.4005362	0.77647668	4.4793501	8.5656166
1.4005362	0.78356427	4.4776683	8.5656166
1.4036548	0.78291994	4.4768276	8.5532742
1.4036548	0.77873182	4.4776683	8.5985289
1.4036548	0.78968537	4.4776683	8.5697308
1.3989769	0.77647668	4.4785089	8.5409327
1.4005362	0.77132207	4.4768276	8.54916
1.3989769	0.76971126	4.4785089	8.5656166
1.4005362	0.75521398	4.4785089	8.54916
1.3942991	0.76165718	4.4793501	8.5656166
1.3927399	0.76487881	4.4776683	8.5615025
1.3974177	0.78002048	4.4785089	8.5903006
1.3989769	0.78807455	4.4768276	8.5738449
1.3958584	0.78549725	4.4785089	8.5615025
1.4005362	0.7842086	4.4793501	8.5327044
1.3974177	0.78743023	4.4793501	8.5615025
1.4005362	0.76906693	4.4776683	8.5368185
1.3942991	0.76455665	4.4785089	8.5697308
1.3958584	0.77164423	4.4785089	8.5615025
1.3896214	0.76906693	4.4785089	8.5820723
1.3958584	0.78710806	4.4776683	8.5903006
1.3911806	0.76616746	4.4776683	8.5656166
1.3958584	0.7684226	4.4776683	8.5615025
1.3911806	0.7658453	4.4768276	8.5532742
1.3896214	0.75521398	4.4801908	8.5532742
1.3896214	0.77099991	4.4793501	8.5779581
1.3896214	0.75618047	4.4785089	8.5656166
1.3880621	0.76069069	4.4776683	8.5738449
1.3896214	0.76391232	4.475987	8.5532742
1.3927399	0.77937615	4.4785089	8.5697308
1.3865029	0.77744317	4.4785089	8.5656166
1.3911806	0.77132207	4.4793501	8.5656166
1.3911806	0.7842086	4.4768276	8.5820723
1.3896214	0.76745611	4.4785089	8.54916
1.3896214	0.75843561	4.4785089	8.54916
1.3911806	0.74748206	4.4810319	8.5615025
1.3849435	0.73813933	4.4793501	8.5573883
1.3802657	0.75456965	4.4785089	8.5820723
1.3802657	0.7623015	4.4768276	8.5738449
1.3833842	0.7558583	4.4801908	8.54916
1.3833842	0.76036853	4.4785089	8.602643
1.3833842	0.77937615	4.4793501	8.602643
1.381825	0.77228856	4.4776683	8.5820723
1.3787065	0.78807455	4.4785089	8.6108704
1.3802657	0.77744317	4.4768276	8.5903006
1.3849435	0.79709512	4.4776683	8.5944147
1.381825	0.79773945	4.4768276	8.5985289
1.3787065	0.79194051	4.4785089	8.5532742
1.381825	0.7842086	4.4785089	8.5573883
1.3787065	0.76906693	4.4776683	8.5532742
1.3849435	0.76810044	4.4776683	8.5656166
1.381825	0.76101285	4.4785089	8.5615025
1.381825	0.74683774	4.4793501	8.5573883
1.3802657	0.74748206	4.4768276	8.5738449
1.3771472	0.75199234	4.4793501	8.5532742
1.3849435	0.77647668	4.4768276	8.5779581
1.3833842	0.77969831	4.4785089	8.5985289
1.3755879	0.77969831	4.4785089	8.54916
1.381825	0.78646374	4.475987	8.5903006
1.3755879	0.79451782	4.4776683	8.6108704
1.3755879	0.79226267	4.4793501	8.5656166
1.3771472	0.77293289	4.4801908	8.5779581
1.3755879	0.76616746	4.4793501	8.5573883
1.3787065	0.77357721	4.4793501	8.5532742
1.381825	0.7719664	4.4776683	8.5903006
1.3709103	0.7684226	4.4793501	8.5656166
1.3787065	0.77325505	4.4776683	8.5656166
1.3724695	0.79516214	4.4776683	8.6190987
1.3709103	0.79355133	4.4793501	8.5861864
1.3755879	0.76745611	4.4793501	8.5738449
1.3724695	0.75875777	4.4793501	8.5573883
1.3709103	0.76777828	4.4785089	8.5861864
1.3709103	0.75746912	4.4793501	8.5861864
1.3709103	0.75714695	4.4768276	8.54916
1.3677918	0.76359016	4.475987	8.5615025
1.369351	0.77099991	4.4785089	8.5615025
1.3662324	0.79097402	4.4768276	8.6190987
1.3662324	0.79097402	4.4793501	8.5779581
1.3709103	0.79161835	4.4776683	8.5738449
1.3646731	0.79065186	4.4785089	8.5820723
1.3631139	0.78839672	4.4785089	8.5985289
1.3709103	0.79355133	4.4768276	8.5861864
1.3677918	0.76745611	4.4785089	8.5532742
1.3677918	0.75650263	4.4776683	8.5779581
1.369351	0.75038153	4.4768276	8.5244761
1.3662324	0.77003342	4.4793501	8.6067562
1.3677918	0.76455665	4.4785089	8.5779581
1.3631139	0.76294583	4.4785089	8.5656166
1.369351	0.75875777	4.4768276	8.5738449
1.3646731	0.75521398	4.4776683	8.5738449
1.3646731	0.75070369	4.4793501	8.5615025
1.3662324	0.75521398	4.4793501	8.54916
1.3646731	0.753281	4.4785089	8.5779581
1.3615546	0.77261072	4.4776683	8.5738449
1.3615546	0.78324211	4.4785089	8.602643
1.3631139	0.77744317	4.4793501	8.5779581
1.3599954	0.78549725	4.4785089	8.6108704
1.3584361	0.78388643	4.4768276	8.5573883
1.3615546	0.78227562	4.4785089	8.5615025
1.3631139	0.78098696	4.4776683	8.5738449
1.3646731	0.75907993	4.4768276	8.5738449
1.3568769	0.75650263	4.4793501	8.5573883
1.3584361	0.75038153	4.4776683	8.5615025
1.3615546	0.7558583	4.4793501	8.5450459
1.3568769	0.76391232	4.4793501	8.6067562
1.3631139	0.7558583	4.4793501	8.5615025
1.3615546	0.7471599	4.4793501	8.5697308
1.3568769	0.7719664	4.4785089	8.5861864
1.3631139	0.78130913	4.4776683	8.6149845
1.3599954	0.77551019	4.4785089	8.5820723
1.3584361	0.78646374	4.4776683	8.5738449
1.3568769	0.79387349	4.4768276	8.5944147
1.3615546	0.78775239	4.4776683	8.5861864
1.3521991	0.79000753	4.4768276	8.5903006
1.3615546	0.79000753	4.4793501	8.5532742
1.3553176	0.79129618	4.4768276	8.5738449
1.3568769	0.79355133	4.4776683	8.6108704
1.3584361	0.79612863	4.4776683	8.6190987
1.3537583	0.78356427	4.4785089	8.5820723
1.3568769	0.78227562	4.4768276	8.5656166
1.3584361	0.76681179	4.4810319	8.5861864
1.3506397	0.75875777	4.4801908	8.5532742
1.3506397	0.75553614	4.4801908	8.5861864
1.3506397	0.75392532	4.4768276	8.5697308
1.3459619	0.75811344	4.4768276	8.602643
1.3506397	0.75972426	4.4785089	8.5985289
1.3459619	0.7684226	4.4776683	8.5985289
1.3490804	0.76906693	4.4793501	8.5903006
1.3459619	0.77647668	4.4768276	8.5985289
1.3475212	0.78614157	4.4801908	8.5985289
1.3490804	0.79322916	4.4793501	8.5697308
1.3537583	0.78936321	4.4793501	8.5985289
1.3521991	0.78517509	4.4793501	8.5820723
1.3521991	0.78195345	4.4768276	8.5861864
1.3459619	0.7745437	4.4785089	8.5820723
1.3506397	0.76423448	4.4776683	8.5903006
1.3490804	0.76101285	4.4793501	8.602643
1.3475212	0.75489181	4.4785089	8.5615025
1.3475212	0.7745437	4.4776683	8.602643
1.3444027	0.76616746	4.4785089	8.5779581
1.3444027	0.77647668	4.4776683	8.6149845
1.3475212	0.7719664	4.4776683	8.5738449
1.3428434	0.76455665	4.4768276	8.5779581
1.3490804	0.76326799	4.4785089	8.5861864
1.3428434	0.78163129	4.4801908	8.6190987
1.3428434	0.77293289	4.4776683	8.5820723
1.3412842	0.7658453	4.4768276	8.5615025
1.3381656	0.76938909	4.4768276	8.6067562
1.3397249	0.77840966	4.4793501	8.5738449
1.3428434	0.78453076	4.4785089	8.5738449
1.3459619	0.75779128	4.4793501	8.5738449
1.3412842	0.75295883	4.4776683	8.5861864
1.3381656	0.74683774	4.4801908	8.5738449
1.3444027	0.75650263	4.4793501	8.5615025
1.3397249	0.75907993	4.4785089	8.5903006
1.3459619	0.76359016	4.4810319	8.5861864
1.3412842	0.77679884	4.4776683	8.5861864
1.3444027	0.79387349	4.4768276	8.5861864
1.3397249	0.77679884	4.4793501	8.5615025
1.3381656	0.7842086	4.4768276	8.5985289
1.3366064	0.77905399	4.4768276	8.5903006
1.3397249	0.79355133	4.4768276	8.6232128
1.3381656	0.78259778	4.4768276	8.5985289
1.3334877	0.77583236	4.4776683	8.5779581
1.3381656	0.77293289	4.4776683	8.5779581
1.3366064	0.77261072	4.4785089	8.5944147
1.3334877	0.77744317	4.4776683	8.5615025
1.3397249	0.76777828	4.4785089	8.5656166
1.3381656	0.75875777	4.4776683	8.5944147
1.335047	0.75360316	4.4776683	8.5861864
1.3334877	0.76294583	4.4785089	8.5985289
1.3334877	0.78034264	4.4793501	8.5985289
1.335047	0.77518803	4.4776683	8.5738449
1.3397249	0.78549725	4.4793501	8.6067562
1.3334877	0.77228856	4.4785089	8.5779581
1.3303692	0.78453076	4.4768276	8.5820723
1.3319285	0.78581941	4.4776683	8.602643
1.3334877	0.77035558	4.4793501	8.5820723
1.3303692	0.77937615	4.4793501	8.602643
1.335047	0.78839672	4.4785089	8.5985289
1.3319285	0.7842086	4.4776683	8.5820723
1.335047	0.78259778	4.4793501	8.6149845
1.335047	0.77969831	4.4793501	8.5738449
1.3319285	0.77969831	4.4785089	8.5861864
1.3319285	0.76262367	4.4776683	8.5656166
1.3272507	0.75746912	4.4768276	8.5573883
1.3319285	0.76455665	4.4768276	8.5985289
1.335047	0.77389938	4.4793501	8.6108704
1.32881	0.76036853	4.4776683	8.602643
1.3303692	0.76359016	4.4785089	8.627327
1.3319285	0.77647668	4.4793501	8.5985289
1.3303692	0.77551019	4.4801908	8.5861864
1.3319285	0.76681179	4.4793501	8.5861864
1.32881	0.7623015	4.4785089	8.5903006
1.3256915	0.78485292	4.4776683	8.6149845
1.3303692	0.78388643	4.4793501	8.5985289
1.3303692	0.78098696	4.4785089	8.602643
1.3256915	0.77422154	4.4793501	8.5944147
1.32881	0.76359016	4.4793501	8.5779581
1.3241322	0.78324211	4.4785089	8.6232128
1.3241322	0.77035558	4.475987	8.6190987
1.3256915	0.75360316	4.4776683	8.5985289
1.3241322	0.75392532	4.4768276	8.6149845
1.3256915	0.75746912	4.4793501	8.5573883
1.3303692	0.75231451	4.4776683	8.5903006
1.3256915	0.7623015	4.4785089	8.6067562
1.3210137	0.77035558	4.4793501	8.5944147
1.3272507	0.77583236	4.4785089	8.6067562
1.3256915	0.78388643	4.4785089	8.5944147
1.3210137	0.79483998	4.4768276	8.6355553
1.3256915	0.80192757	4.4776683	8.627327
1.3241322	0.79451782	4.4785089	8.6149845
1.3225729	0.80353832	4.4768276	8.6355553
1.3272507	0.79773945	4.4776683	8.6314411
1.3194543	0.80482697	4.4768276	8.627327
1.3178951	0.78904104	4.4768276	8.627327
1.3178951	0.78034264	4.4793501	8.5944147
1.3241322	0.76262367	4.4776683	8.6190987
1.3194543	0.78034264	4.4776683	8.6396685
1.3194543	0.77969831	4.4793501	8.5944147
1.3225729	0.77389938	4.4776683	8.5903006
1.3178951	0.78936321	4.4785089	8.6232128
1.3178951	0.78936321	4.4793501	8.602643
1.3132174	0.80804861	4.4776683	8.6478968
1.3178951	0.78227562	4.4776683	8.5985289
1.3178951	0.77228856	4.4785089	8.627327
1.3210137	0.7623015	4.4785089	8.5985289
1.3163358	0.77035558	4.4793501	8.5985289
1.3194543	0.77744317	4.4776683	8.602643
1.3178951	0.78581941	4.4785089	8.6314411
1.3147765	0.79387349	4.4768276	8.6067562
1.3178951	0.79580647	4.4768276	8.5985289
1.3147765	0.7867859	4.4768276	8.5985289
1.3100989	0.77132207	4.4776683	8.6190987
1.3163358	0.77647668	4.4768276	8.6232128
1.3163358	0.77067775	4.4776683	8.6232128
1.3194543	0.76874477	4.4793501	8.6108704
1.3163358	0.74619341	4.4768276	8.5985289
1.3147765	0.76294583	4.4785089	8.6149845
1.3194543	0.76552314	4.4776683	8.5944147
1.3116581	0.76777828	4.4776683	8.6108704
1.3147765	0.76197934	4.4785089	8.6190987
1.3116581	0.77067775	4.4793501	8.6108704
1.3100989	0.77647668	4.4793501	8.602643
1.3116581	0.76069069	4.4785089	8.5656166
1.3085396	0.77615452	4.4785089	8.627327
1.3132174	0.79258484	4.4785089	8.6108704
1.3132174	0.80418265	4.4776683	8.627327
1.3085396	0.78034264	4.4776683	8.5944147
1.3085396	0.76681179	4.4793501	8.5820723
1.3147765	0.76681179	4.4785089	8.5985289
1.3100989	0.75456965	4.4785089	8.6067562
1.3132174	0.75875777	4.4810319	8.602643
1.3054211	0.76520097	4.475987	8.6314411
1.3085396	0.76359016	4.4785089	8.5985289
1.3085396	0.76810044	4.4793501	8.6108704
1.3085396	0.76423448	4.4785089	8.5738449
1.3100989	0.76423448	4.4768276	8.5944147
1.3100989	0.78034264	4.4768276	8.6149845
1.3069804	0.77615452	4.4776683	8.6149845
1.3069804	0.77679884	4.4768276	8.6108704
1.3069804	0.77551019	4.4768276	8.6314411
1.3069804	0.78936321	4.4751458	8.6232128
1.3069804	0.77647668	4.4785089	8.6067562
1.3054211	0.77679884	4.4776683	8.6108704
1.3054211	0.77422154	4.4785089	8.5985289
1.3116581	0.76487881	4.4785089	8.5903006
1.3069804	0.77647668	4.4785089	8.6108704
1.3054211	0.76359016	4.4801908	8.6067562
1.3054211	0.76938909	4.4785089	8.6149845
1.3085396	0.76487881	4.4793501	8.5861864
1.3069804	0.7558583	4.4801908	8.5944147
1.3023026	0.76874477	4.4776683	8.6067562
1.3054211	0.76197934	4.4776683	8.5861864
1.3100989	0.76326799	4.4785089	8.5738449
1.3023026	0.76423448	4.4793501	8.5903006
1.3069804	0.77840966	4.4785089	8.6149845
1.3023026	0.77228856	4.4785089	8.627327
1.3038619	0.77969831	4.4768276	8.6067562
1.3038619	0.78646374	4.4768276	8.5985289
1.3023026	0.80031675	4.4768276	8.627327
1.3038619	0.78549725	4.4785089	8.5903006
1.3054211	0.78163129	4.4810319	8.6108704
1.299184	0.77679884	4.4785089	8.5985289
1.299184	0.78163129	4.4776683	8.602643
1.3007432	0.76552314	4.4768276	8.5985289
1.3038619	0.7497372	4.4776683	8.5985289
1.3038619	0.76391232	4.4793501	8.627327
1.299184	0.77873182	4.4785089	8.6232128
1.3038619	0.78839672	4.4793501	8.6314411
1.3007432	0.76713395	4.4793501	8.6149845
1.3007432	0.77937615	4.4785089	8.5944147
1.3023026	0.77325505	4.4785089	8.5985289
1.2945062	0.77261072	4.4768276	8.6108704
1.3007432	0.76036853	4.4776683	8.5861864
1.299184	0.77261072	4.4768276	8.6067562
1.3023026	0.77647668	4.4801908	8.6067562
1.2960654	0.78098696	4.4751458	8.6108704
1.2945062	0.79451782	4.4793501	8.6437826
1.2976247	0.79226267	4.4776683	8.6067562
1.299184	0.80063891	4.4785089	8.6437826
1.2960654	0.7719664	4.4793501	8.5944147
1.2960654	0.7745437	4.4768276	8.602643
1.2960654	0.75714695	4.4785089	8.5697308
1.3023026	0.75392532	4.4768276	8.5861864
1.2960654	0.7594021	4.4768276	8.6067562
1.2960654	0.76713395	4.475987	8.6643534
1.299184	0.77325505	4.4776683	8.6108704
1.299184	0.77389938	4.4785089	8.6108704
1.2945062	0.7780875	4.4785089	8.5861864
1.2976247	0.76262367	4.4776683	8.6149845
1.2960654	0.75424749	4.4776683	8.5985289
1.2960654	0.7658453	4.4793501	8.6190987
1.2976247	0.75746912	4.4785089	8.5861864
1.2945062	0.7745437	4.4785089	8.6478968
1.2913877	0.7745437	4.4768276	8.6520109
1.2913877	0.77873182	4.4768276	8.627327
1.2898284	0.77067775	4.4793501	8.6232128
1.2945062	0.77357721	4.4793501	8.6232128
1.2898284	0.76165718	4.4776683	8.6232128
1.2945062	0.7497372	4.4793501	8.5985289
1.2929469	0.76745611	4.4785089	8.6190987
1.2913877	0.76777828	4.4793501	8.6067562
1.2913877	0.75618047	4.4793501	8.5944147
1.2960654	0.75295883	4.4793501	8.6067562
1.2898284	0.77067775	4.4801908	8.6190987
1.2929469	0.77905399	4.4793501	8.6396685
1.2898284	0.77099991	4.4801908	8.602643
1.2898284	0.76713395	4.4776683	8.6190987
1.2898284	0.79226267	4.4768276	8.6602392
1.2929469	0.80386049	4.4785089	8.6314411
1.2913877	0.80128324	4.4768276	8.602643
1.2867099	0.78807455	4.4776683	8.6108704
1.2882692	0.76326799	4.4801908	8.6108704
1.2898284	0.78453076	4.4776683	8.6643534
1.2898284	0.77132207	4.4793501	8.6108704
1.2898284	0.77518803	4.4785089	8.6396685
1.2913877	0.77325505	4.4785089	8.6149845
1.2867099	0.77067775	4.4785089	8.6437826
1.2851505	0.77647668	4.4776683	8.6232128
1.2882692	0.7806648	4.4793501	8.6108704
1.2882692	0.77905399	4.4776683	8.6149845
1.2882692	0.76874477	4.4785089	8.6396685
1.2882692	0.77840966	4.4776683	8.627327
1.2898284	0.77615452	4.475987	8.6232128
1.2851505	0.78130913	4.4776683	8.6396685
1.2867099	0.76616746	4.4776683	8.6232128
1.282032	0.7780875	4.4768276	8.6314411
1.2789135	0.78324211	4.4801908	8.5944147
1.282032	0.77776533	4.4768276	8.5861864
1.2851505	0.78195345	4.4776683	8.6602392
1.282032	0.78710806	4.4768276	8.6314411
1.2882692	0.792907	4.4793501	8.6314411
1.2835913	0.77389938	4.4793501	8.6067562
1.2835913	0.76101285	4.4793501	8.627327
1.2789135	0.75907993	4.4768276	8.6108704
1.2851505	0.76101285	4.475987	8.6108704
1.282032	0.76165718	4.4785089	8.5820723
1.2804728	0.75489181	4.4785089	8.6190987
1.2804728	0.7780875	4.4793501	8.6396685
1.282032	0.77518803	4.4768276	8.6190987
1.282032	0.79194051	4.4776683	8.6355553
1.282032	0.78163129	4.4768276	8.6232128
1.2773542	0.77486587	4.4776683	8.6314411
1.2835913	0.77969831	4.4768276	8.627327
1.282032	0.78130913	4.4768276	8.627327
1.2835913	0.78291994	4.4793501	8.6437826
1.2804728	0.77486587	4.4776683	8.6067562
1.2789135	0.77744317	4.4785089	8.6232128
1.2851505	0.78130913	4.4768276	8.627327
1.282032	0.79355133	4.4776683	8.6396685
1.282032	0.76745611	4.4793501	8.602643
1.2789135	0.75650263	4.4801908	8.602643
1.275795	0.74393827	4.4793501	8.5861864
1.282032	0.76777828	4.4793501	8.6108704
1.2804728	0.75875777	4.4768276	8.6067562
1.275795	0.76133502	4.4785089	8.5985289
1.282032	0.77744317	4.4768276	8.6149845
1.282032	0.78775239	4.4776683	8.6478968
1.2773542	0.79419565	4.4785089	8.627327
1.275795	0.8016054	4.4776683	8.6396685
1.2773542	0.792907	4.4793501	8.6355553
1.2726765	0.78743023	4.475987	8.627327
1.2726765	0.78581941	4.4768276	8.6314411
1.2789135	0.78356427	4.4776683	8.6190987
1.275795	0.77357721	4.4776683	8.6190987
1.2789135	0.7745437	4.4785089	8.627327
1.275795	0.78195345	4.4768276	8.6190987
1.275795	0.76391232	4.4801908	8.5861864
1.2789135	0.76391232	4.4793501	8.6149845
1.275795	0.76455665	4.4785089	8.6190987
1.2742357	0.7745437	4.4785089	8.6355553
1.2804728	0.77873182	4.4785089	8.6149845
1.275795	0.7867859	4.4768276	8.6232128
1.275795	0.7806648	4.4785089	8.6190987
1.2711172	0.79870594	4.4776683	8.6437826
1.275795	0.802894	4.4793501	8.6437826
1.2726765	0.79065186	4.4768276	8.6108704
1.275795	0.77035558	4.4768276	8.5944147
1.2773542	0.75618047	4.4785089	8.6108704
1.2789135	0.77357721	4.4793501	8.627327
1.2742357	0.77228856	4.4793501	8.6355553
1.275795	0.76648962	4.4768276	8.6232128
1.2711172	0.75489181	4.4776683	8.6067562
1.2742357	0.76004636	4.4776683	8.6149845
1.2679986	0.78098696	4.4785089	8.6602392
1.2711172	0.77067775	4.4768276	8.6437826
1.2695578	0.77325505	4.4785089	8.6766949
1.2726765	0.77551019	4.4776683	8.6396685
1.2711172	0.79161835	4.4785089	8.6725807
1.2726765	0.79097402	4.4776683	8.6643534
1.2679986	0.79516214	4.4785089	8.6437826
1.2695578	0.78743023	4.4768276	8.5985289
1.2742357	0.77486587	4.4768276	8.6108704
1.2742357	0.77099991	4.4768276	8.6149845
1.2664393	0.78002048	4.4793501	8.6643534
1.2711172	0.77518803	4.4768276	8.6437826
1.2695578	0.76616746	4.4785089	8.6437826
1.2742357	0.76745611	4.4801908	8.6396685
1.2742357	0.77389938	4.4768276	8.6561251
1.2679986	0.77035558	4.4768276	8.6355553
1.2726765	0.76874477	4.4776683	8.6396685
1.2679986	0.78259778	4.4768276	8.6355553
1.2711172	0.79773945	4.4768276	8.6849232
1.2742357	0.7745437	4.4793501	8.5985289
1.2633208	0.79065186	4.4785089	8.6520109
1.2679986	0.77679884	4.4768276	8.6478968
1.2664393	0.78388643	4.4768276	8.680809
1.2711172	0.77873182	4.4768276	8.627327
1.2664393	0.77905399	4.4768276	8.6437826
1.2648801	0.78130913	4.4785089	8.6355553
1.2602023	0.76745611	4.4776683	8.6437826
1.2633208	0.78743023	4.4776683	8.6643534
1.2711172	0.79516214	4.4776683	8.6478968
1.2648801	0.7806648	4.4776683	8.6437826
1.2664393	0.7806648	4.4785089	8.6766949
1.2695578	0.76197934	4.4793501	8.627327
1.2648801	0.76552314	4.4776683	8.6478968
1.2664393	0.75714695	4.4793501	8.5985289
1.2617615	0.76520097	4.4793501	8.6643534
1.2633208	0.77615452	4.4785089	8.6314411
1.2633208	0.78549725	4.4776683	8.627327
1.2633208	0.78324211	4.4785089	8.6478968
1.2679986	0.77873182	4.4793501	8.680809
1.2602023	0.7719664	4.4793501	8.6437826
1.2648801	0.79322916	4.4768276	8.6602392
1.2679986	0.78259778	4.4793501	8.6478968
1.2602023	0.7745437	4.4785089	8.6190987
1.2617615	0.77776533	4.4793501	8.6314411
1.2617615	0.77712101	4.4785089	8.627327
1.2617615	0.77583236	4.4768276	8.6355553
1.2633208	0.76036853	4.4776683	8.6478968
1.2633208	0.77035558	4.4785089	8.6602392
1.2648801	0.77486587	4.4785089	8.6355553
1.2617615	0.78871888	4.4785089	8.6725807
1.2602023	0.77325505	4.4785089	8.627327
1.2570838	0.77905399	4.4793501	8.6314411
1.258643	0.76777828	4.4776683	8.6108704
1.258643	0.7745437	4.4768276	8.6437826
1.258643	0.77551019	4.4768276	8.6602392
1.2570838	0.78098696	4.4785089	8.6643534
1.2539654	0.77937615	4.4793501	8.627327
1.2602023	0.78130913	4.4776683	8.6437826
1.258643	0.77873182	4.4793501	8.6355553
1.2617615	0.79612863	4.4768276	8.6602392
1.2617615	0.80096108	4.4793501	8.6355553
1.2555245	0.79355133	4.4776683	8.6396685
1.2617615	0.78324211	4.4776683	8.6478968
1.2617615	0.76004636	4.475987	8.6108704
1.2648801	0.7558583	4.4793501	8.6190987
1.258643	0.75231451	4.4793501	8.6478968
1.2570838	0.76069069	4.4776683	8.6396685
1.2602023	0.76874477	4.4785089	8.6437826
1.2617615	0.78130913	4.4785089	8.6437826
1.2602023	0.77905399	4.4785089	8.6108704
1.2617615	0.78614157	4.4801908	8.6561251
1.2570838	0.76874477	4.4793501	8.602643
1.258643	0.7719664	4.4785089	8.6478968
1.258643	0.78710806	4.4776683	8.6520109
1.2524061	0.7867859	4.4801908	8.6437826
1.2570838	0.78936321	4.4768276	8.6478968
1.258643	0.78291994	4.4793501	8.627327
1.2524061	0.76359016	4.4793501	8.6067562
1.2555245	0.76423448	4.4776683	8.6355553
1.2602023	0.76004636	4.4793501	8.6314411
1.2539654	0.75907993	4.4793501	8.6190987
1.258643	0.75392532	4.4810319	8.6067562
1.2570838	0.75134802	4.4793501	8.6355553
1.2602023	0.75070369	4.4785089	8.6149845
1.2539654	0.7780875	4.4785089	8.6561251
1.2492875	0.78098696	4.4793501	8.6602392
1.2524061	0.80321616	4.4785089	8.6766949
1.2570838	0.78904104	4.4785089	8.6437826
1.2570838	0.78098696	4.4785089	8.6437826
1.2508467	0.79226267	4.4785089	8.6520109
1.2508467	0.79322916	4.4776683	8.6355553
1.2570838	0.78227562	4.4776683	8.6437826
1.2539654	0.76552314	4.4768276	8.6314411
1.2539654	0.7745437	4.4793501	8.6108704
1.2555245	0.77937615	4.4801908	8.627327
1.2524061	0.78871888	4.4793501	8.627327
1.2508467	0.7780875	4.4793501	8.6314411
1.2524061	0.78259778	4.4793501	8.6437826
1.2477282	0.78775239	4.4768276	8.6520109
1.2492875	0.78356427	4.4793501	8.6355553
1.2555245	0.75972426	4.4793501	8.6149845
1.2524061	0.76681179	4.4793501	8.6190987
1.2492875	0.77518803	4.475987	8.6437826
1.2446097	0.76423448	4.4776683	8.6396685
1.2524061	0.76326799	4.4785089	8.6396685
1.2492875	0.76391232	4.4776683	8.627327
1.2492875	0.77357721	4.4776683	8.6355553
1.246169	0.7780875	4.4768276	8.6232128
1.2508467	0.79451782	4.4785089	8.6478968
1.246169	0.80257189	4.4776683	8.6396685
1.2539654	0.80386049	4.4776683	8.6602392
1.2508467	0.78002048	4.4793501	8.6355553
1.2492875	0.77357721	4.4793501	8.6232128
1.2539654	0.75875777	4.4810319	8.6190987
1.2492875	0.75682479	4.4776683	8.6314411
1.2492875	0.75553614	4.4776683	8.627327
1.2492875	0.75972426	4.475987	8.627327
1.2477282	0.7745437	4.4776683	8.6396685
1.2508467	0.76520097	4.4776683	8.6108704
1.2492875	0.77422154	4.4785089	8.6396685
1.2477282	0.78130913	4.4785089	8.6602392
1.246169	0.79258484	4.4785089	8.6520109
1.2508467	0.78485292	4.4785089	8.6190987
1.246169	0.78839672	4.4785089	8.6520109
1.2414912	0.78227562	4.4768276	8.6314411
1.2492875	0.78130913	4.4785089	8.6520109
1.246169	0.77744317	4.4776683	8.6067562
1.2508467	0.77840966	4.4768276	8.6766949
1.246169	0.77293289	4.4785089	8.6355553
1.2446097	0.77293289	4.4785089	8.6561251
1.2477282	0.78710806	4.4768276	8.6725807
1.2477282	0.77969831	4.4793501	8.6520109
1.246169	0.7954843	4.4776683	8.6684666
1.246169	0.79032969	4.4793501	8.6520109
1.2414912	0.80257189	4.4768276	8.6725807
1.246169	0.79226267	4.4768276	8.6520109
1.246169	0.79935026	4.4776683	8.6478968
1.2430505	0.79032969	4.4785089	8.6684666
1.246169	0.78356427	4.4793501	8.6437826
1.2383727	0.78710806	4.4768276	8.6849232
1.2414912	0.77905399	4.4768276	8.6478968
1.2414912	0.77712101	4.4785089	8.6314411
1.2399319	0.76262367	4.4776683	8.627327
1.2446097	0.77486587	4.4776683	8.6520109
1.2414912	0.75875777	4.4793501	8.6190987
1.2477282	0.76810044	4.4785089	8.6149845
1.2430505	0.76681179	4.4768276	8.6437826
1.2414912	0.76520097	4.4776683	8.6725807
1.235254	0.79065186	4.475987	8.6766949
1.2414912	0.77937615	4.4768276	8.6643534
1.2368134	0.77969831	4.4785089	8.6437826
1.2383727	0.76359016	4.4785089	8.627327
1.2399319	0.7780875	4.4776683	8.6314411
1.2430505	0.76101285	4.4785089	8.627327
1.2383727	0.77969831	4.4785089	8.6602392
1.2368134	0.78098696	4.4768276	8.6725807
1.2430505	0.77067775	4.4776683	8.6190987
1.2414912	0.7745437	4.4785089	8.6108704
1.2414912	0.77873182	4.4793501	8.6437826
1.2430505	0.78453076	4.4776683	8.6396685
1.2414912	0.79870594	4.4768276	8.6890373
1.2368134	0.78904104	4.4768276	8.627327
1.2414912	0.7780875	4.4785089	8.6355553
1.2430505	0.78871888	4.4793501	8.6725807
1.2446097	0.78098696	4.4793501	8.6396685
1.2399319	0.7867859	4.4776683	8.6478968
1.2399319	0.7623015	4.4776683	8.6190987
1.2446097	0.75972426	4.4776683	8.6355553
1.2399319	0.77518803	4.4785089	8.6478968
1.2430505	0.76391232	4.4785089	8.6149845
1.2399319	0.76552314	4.4776683	8.6437826
1.2414912	0.753281	4.4776683	8.6520109
1.2414912	0.76713395	4.4776683	8.6478968
1.2414912	0.78130913	4.4785089	8.627327
1.229017	0.79580647	4.4785089	8.6766949
1.2414912	0.80192757	4.4801908	8.6602392
1.2368134	0.80965942	4.4785089	8.6643534
1.2399319	0.79226267	4.4768276	8.6314411
1.2368134	0.79000753	4.4768276	8.6520109
1.2336948	0.77551019	4.4793501	8.6437826
1.2399319	0.76810044	4.4776683	8.6437826
1.2430505	0.74909288	4.4776683	8.6108704
1.2399319	0.75489181	4.4793501	8.6190987
1.2336948	0.7719664	4.4801908	8.6602392
1.235254	0.77647668	4.4768276	8.6520109
1.2368134	0.78195345	4.4768276	8.6355553
1.235254	0.75779128	4.4793501	8.6355553
1.2336948	0.7684226	4.4768276	8.6643534
1.2368134	0.78098696	4.4785089	8.6520109
1.2336948	0.77325505	4.4785089	8.6314411
1.2305763	0.77293289	4.4785089	8.6314411
1.2383727	0.77518803	4.4776683	8.6437826
1.2321355	0.77873182	4.4793501	8.6520109
1.2336948	0.78098696	4.4768276	8.6314411
1.2321355	0.77905399	4.4785089	8.6602392
1.2368134	0.77357721	4.4785089	8.6561251
1.2321355	0.75424749	4.475987	8.6396685
1.2305763	0.76648962	4.4785089	8.6643534
1.235254	0.77325505	4.4776683	8.6684666
1.2336948	0.76713395	4.4785089	8.6355553
1.2368134	0.74877071	4.4768276	8.627327
1.2305763	0.76745611	4.4768276	8.6725807
1.235254	0.76197934	4.4785089	8.6478968
1.2368134	0.75650263	4.4768276	8.6684666
1.2383727	0.75456965	4.4785089	8.6355553
1.2321355	0.76423448	4.4785089	8.6396685
1.2368134	0.77712101	4.4776683	8.6643534
1.2336948	0.79258484	4.4776683	8.6849232
1.235254	0.78581941	4.4776683	8.6396685
1.2305763	0.77551019	4.4793501	8.6355553
1.2321355	0.78324211	4.4793501	8.6520109
1.2258985	0.77905399	4.475987	8.6849232
1.2274578	0.7745437	4.4776683	8.6643534
1.2368134	0.76391232	4.4776683	8.6643534
1.235254	0.76294583	4.4793501	8.6437826
1.235254	0.77422154	4.4776683	8.6684666
1.235254	0.77228856	4.4768276	8.627327
1.2305763	0.78388643	4.4793501	8.6478968
1.2243392	0.78517509	4.4793501	8.6149845
1.2258985	0.78646374	4.4785089	8.6437826
1.229017	0.77422154	4.4793501	8.6561251
1.2274578	0.78195345	4.4793501	8.6684666
1.229017	0.78227562	4.4768276	8.6725807
1.2305763	0.7806648	4.4776683	8.6478968
1.2321355	0.77293289	4.4793501	8.6314411
1.229017	0.7806648	4.4793501	8.6478968
1.229017	0.7780875	4.4776683	8.6520109
1.229017	0.78485292	4.475987	8.6478968
1.2305763	0.77551019	4.4785089	8.6067562
1.229017	0.77969831	4.4776683	8.6684666
1.2305763	0.77422154	4.4793501	8.6561251
1.2274578	0.76101285	4.4776683	8.6684666
1.229017	0.77099991	4.4751458	8.6478968
1.229017	0.77132207	4.4793501	8.6561251
1.229017	0.77067775	4.4785089	8.627327
1.2212207	0.78002048	4.4785089	8.6478968
1.2274578	0.79483998	4.4785089	8.6725807
1.2212207	0.80611563	4.4776683	8.6766949
1.2274578	0.79999459	4.4785089	8.6684666
1.22278	0.78581941	4.4776683	8.6602392
1.229017	0.75843561	4.4793501	8.6478968
1.2243392	0.76938909	4.4785089	8.6520109
1.229017	0.7745437	4.4776683	8.6478968
1.2274578	0.7719664	4.4776683	8.6314411
1.2243392	0.78098696	4.4776683	8.6643534
1.2274578	0.79999459	4.4768276	8.6766949
1.2243392	0.80837077	4.475987	8.680809
1.2243392	0.79870594	4.4768276	8.6643534
1.2212207	0.78163129	4.4768276	8.6849232
1.2258985	0.77712101	4.475987	8.6602392
1.2243392	0.77840966	4.4793501	8.6520109
1.22278	0.7842086	4.475987	8.6684666
1.22278	0.78646374	4.4768276	8.6972656
1.2243392	0.78614157	4.4785089	8.6520109
1.2258985	0.80611563	4.475987	8.6972656
1.2212207	0.80998158	4.4776683	8.6643534
1.22278	0.78743023	4.4785089	8.6766949
1.2243392	0.77228856	4.4785089	8.6396685
1.2258985	0.79322916	4.475987	8.6643534
1.2181021	0.77679884	4.4785089	8.6478968
1.2243392	0.78356427	4.4776683	8.6766949
1.2258985	0.77712101	4.4776683	8.6478968
1.2243392	0.76197934	4.4785089	8.6478968
1.22278	0.77003342	4.4785089	8.6437826
1.2212207	0.75746912	4.4793501	8.6602392
1.2212207	0.75972426	4.4768276	8.6437826
1.2212207	0.77389938	4.4776683	8.6684666
1.2274578	0.78517509	4.4785089	8.6643534
1.22278	0.7990281	4.4776683	8.6849232
1.2212207	0.77969831	4.4793501	8.6190987
1.22278	0.78195345	4.4776683	8.6561251
1.2243392	0.78936321	4.4785089	8.6520109
1.2165428	0.79870594	4.4768276	8.6972656
1.2196614	0.77905399	4.4785089	8.6314411
1.2196614	0.78904104	4.4785089	8.6602392
1.2196614	0.78710806	4.4793501	8.6684666
1.2134243	0.79000753	4.4768276	8.6478968
1.2181021	0.78324211	4.4793501	8.6602392
1.22278	0.77712101	4.4793501	8.6520109
1.2134243	0.7745437	4.4793501	8.6520109
1.2165428	0.77067775	4.4776683	8.6643534
1.2181021	0.78614157	4.4776683	8.6561251
1.2196614	0.77679884	4.4785089	8.6314411
1.2243392	0.78549725	4.475987	8.680809
1.2212207	0.78130913	4.4776683	8.6725807
1.2212207	0.79194051	4.4776683	8.6561251
1.2165428	0.79194051	4.4793501	8.6478968
1.2181021	0.7745437	4.4793501	8.6232128
1.2212207	0.78130913	4.4768276	8.6766949
1.22278	0.77293289	4.4785089	8.6437826
1.2181021	0.78163129	4.4768276	8.6766949
1.2212207	0.78646374	4.4785089	8.6602392
1.2181021	0.7806648	4.4785089	8.6478968
1.2149836	0.77228856	4.4785089	8.6355553
1.2196614	0.78195345	4.4768276	8.6437826
1.2212207	0.78485292	4.4768276	8.6684666
1.2149836	0.78614157	4.4785089	8.6931515
1.2134243	0.78839672	4.4776683	8.6561251
1.2181021	0.79773945	4.4776683	8.6849232
1.2103058	0.81030375	4.4768276	8.6725807
1.2181021	0.78453076	4.4776683	8.627327
1.2181021	0.76971126	4.4776683	8.6355553
1.2196614	0.77035558	4.4785089	8.6478968
1.2087466	0.77518803	4.4776683	8.6478968
1.2212207	0.77679884	4.4785089	8.6766949
1.2196614	0.7684226	4.4801908	8.627327
1.2165428	0.79065186	4.4793501	8.6766949
1.2149836	0.77905399	4.4801908	8.6232128
1.2149836	0.78227562	4.4785089	8.627327
1.2149836	0.77905399	4.4793501	8.6396685
1.2181021	0.79161835	4.4768276	8.6437826
1.2165428	0.77067775	4.4801908	8.6437826
1.2134243	0.77422154	4.4785089	8.6849232
1.2165428	0.79000753	4.4768276	8.6890373
1.2118651	0.78356427	4.4785089	8.6396685
1.2134243	0.78034264	4.4793501	8.6437826
1.2149836	0.75521398	4.4776683	8.6355553
1.2134243	0.76745611	4.4793501	8.6602392
1.2134243	0.77518803	4.4801908	8.6478968
1.2118651	0.7867859	4.4768276	8.6437826
1.2087466	0.7780875	4.475987	8.6684666
1.2149836	0.77132207	4.4793501	8.6602392
1.2149836	0.77615452	4.4768276	8.6396685
1.2134243	0.78614157	4.4793501	8.6561251
1.2134243	0.78614157	4.4785089	8.6766949
1.2181021	0.7990281	4.4768276	8.6725807
1.2165428	0.7842086	4.4785089	8.6437826
1.2165428	0.7867859	4.4768276	8.6396685
1.2165428	0.77776533	4.4801908	8.6314411
1.2103058	0.76455665	4.4768276	8.6478968
1.2134243	0.77164423	4.4776683	8.6437826
1.2118651	0.75714695	4.4785089	8.6478968
1.2087466	0.77840966	4.4776683	8.680809
1.2118651	0.7684226	4.4785089	8.6602392
1.2134243	0.75875777	4.4785089	8.6355553
1.2118651	0.7658453	4.4776683	8.6396685
1.2118651	0.76423448	4.4785089	8.6314411
1.2118651	0.78839672	4.4785089	8.680809
1.2087466	0.78388643	4.4785089	8.6437826
1.2165428	0.79419565	4.4768276	8.6602392
1.2134243	0.78743023	4.4785089	8.6396685
1.2118651	0.79516214	4.4785089	8.6561251
1.2087466	0.78356427	4.4768276	8.6643534
1.2087466	0.77583236	4.4785089	8.6643534
1.2087466	0.78002048	4.4785089	8.6643534
1.2118651	0.78130913	4.4751458	8.6561251
1.2087466	0.76648962	4.4793501	8.627327
1.2103058	0.77873182	4.4785089	8.6890373
1.2118651	0.78259778	4.4801908	8.6684666
1.2071873	0.79161835	4.4768276	8.705493
1.2103058	0.78646374	4.4768276	8.6478968
1.2087466	0.77615452	4.4776683	8.6355553
1.2087466	0.76938909	4.4785089	8.627327
1.2071873	0.77357721	4.4785089	8.6520109
1.2071873	0.7719664	4.4793501	8.6396685
1.2118651	0.76326799	4.4776683	8.6478968
1.199391	0.77873182	4.4793501	8.6478968
1.2134243	0.76391232	4.4776683	8.6643534
1.2118651	0.7745437	4.4793501	8.6355553
1.2087466	0.77003342	4.4785089	8.6355553
1.2087466	0.7780875	4.4793501	8.6396685
1.2103058	0.78968537	4.4776683	8.6643534
1.2087466	0.7867859	4.4776683	8.6602392
1.2071873	0.79419565	4.475987	8.6725807
1.2040688	0.79161835	4.4776683	8.6520109
1.2071873	0.79741728	4.4793501	8.6972656
1.2087466	0.77261072	4.4768276	8.6643534
1.2087466	0.77132207	4.475987	8.6725807
1.2087466	0.77389938	4.4793501	8.6643534
1.2087466	0.76616746	4.4785089	8.6561251
1.2040688	0.77357721	4.4793501	8.6355553
1.2040688	0.79355133	4.4785089	8.680809
1.2071873	0.81578052	4.475987	8.7260637
1.205628	0.80321616	4.4768276	8.680809
1.205628	0.79355133	4.4793501	8.6520109
1.2087466	0.77840966	4.4776683	8.6437826
1.2040688	0.77744317	4.4793501	8.6561251
1.2025095	0.77422154	4.4793501	8.680809
1.2009503	0.76971126	4.4776683	8.6849232
1.2025095	0.77293289	4.4776683	8.6684666
1.2040688	0.7867859	4.4768276	8.6602392
1.2071873	0.7867859	4.4768276	8.680809
1.1962725	0.76810044	4.4768276	8.6437826
1.205628	0.77840966	4.4776683	8.6437826
1.2087466	0.77744317	4.4768276	8.6520109
1.2040688	0.78710806	4.475987	8.6890373
1.2071873	0.7780875	4.4776683	8.6602392
1.205628	0.7780875	4.4768276	8.6643534
1.205628	0.78743023	4.4793501	8.6684666
1.199391	0.78549725	4.4768276	8.6849232
1.2025095	0.78936321	4.4776683	8.6931515
1.2040688	0.78839672	4.4768276	8.6478968
1.2040688	0.77615452	4.4785089	8.6355553
1.2025095	0.77389938	4.4793501	8.6478968
1.2071873	0.77228856	4.4793501	8.6643534
1.2040688	0.79258484	4.4776683	8.6890373
1.2009503	0.78259778	4.475987	8.6766949
1.2040688	0.78227562	4.4768276	8.7013788
1.2118651	0.75811344	4.4785089	8.6478968
1.2040688	0.77164423	4.4793501	8.6602392
1.2009503	0.76423448	4.4793501	8.6684666
1.2009503	0.77132207	4.4793501	8.6520109
1.199391	0.75875777	4.475987	8.6478968
1.2025095	0.75553614	4.4776683	8.6725807
1.2009503	0.76359016	4.4776683	8.6643534
1.2025095	0.76455665	4.4793501	8.6602392
1.2009503	0.76359016	4.4793501	8.6602392
1.2009503	0.76938909	4.4776683	8.680809
1.1962725	0.79419565	4.4768276	8.6972656
1.199391	0.80096108	4.4768276	8.6890373
1.2040688	0.80450481	4.4785089	8.680809
1.2025095	0.79322916	4.4768276	8.6684666
1.199391	0.77712101	4.4793501	8.6725807
1.2009503	0.7684226	4.4776683	8.6890373
1.2009503	0.74941504	4.4776683	8.6561251
1.2025095	0.75134802	4.4776683	8.6643534
1.205628	0.74071664	4.4793501	8.6520109
1.2025095	0.75392532	4.4793501	8.6478968
1.1962725	0.77003342	4.4776683	8.6643534
1.2040688	0.77840966	4.4785089	8.6437826
1.1978317	0.76874477	4.4785089	8.6643534
1.2025095	0.78968537	4.4768276	8.7096071
1.199391	0.79226267	4.4785089	8.6972656
1.1962725	0.79065186	4.4793501	8.6602392
1.1962725	0.78904104	4.4776683	8.6643534
1.1962725	0.77647668	4.4793501	8.6643534
1.2025095	0.76745611	4.4785089	8.6520109
1.199391	0.77679884	4.4768276	8.6520109
1.2025095	0.78324211	4.4793501	8.6355553
1.1962725	0.78549725	4.4768276	8.7013788
1.2009503	0.79516214	4.4785089	8.680809
1.1962725	0.79000753	4.475987	8.7096071
1.199391	0.79355133	4.4793501	8.680809
1.1962725	0.77905399	4.4793501	8.6561251
1.199391	0.78259778	4.4785089	8.6561251
1.1978317	0.77905399	4.4785089	8.6643534
1.1931539	0.77357721	4.4785089	8.680809
1.1962725	0.7623015	4.4768276	8.6520109
1.1962725	0.76906693	4.4768276	8.6478968
1.1962725	0.77035558	4.4793501	8.6684666
1.2040688	0.77486587	4.4768276	8.6931515
1.1962725	0.77712101	4.4793501	8.6725807
1.1931539	0.78646374	4.4768276	8.6643534
1.2009503	0.79870594	4.4793501	8.6890373
1.1915946	0.79870594	4.4776683	8.6602392
1.1978317	0.7842086	4.4793501	8.6890373
1.1947131	0.77422154	4.4793501	8.6478968
1.1947131	0.78485292	4.4785089	8.6849232
1.1947131	0.78227562	4.475987	8.6890373
1.1962725	0.77261072	4.4785089	8.6725807
1.199391	0.76681179	4.4793501	8.6725807
1.1931539	0.77132207	4.4785089	8.6684666
1.1978317	0.802894	4.4776683	8.7096071
1.1962725	0.77164423	4.4768276	8.6766949
1.1931539	0.78034264	4.4785089	8.6725807
1.1962725	0.76906693	4.4793501	8.6437826
1.1947131	0.76520097	4.4776683	8.6478968
1.1931539	0.78356427	4.4776683	8.7013788
1.1947131	0.79065186	4.4768276	8.705493
1.1947131	0.7867859	4.4776683	8.6561251
1.1900353	0.78130913	4.4776683	8.6520109
1.1915946	0.77905399	4.4776683	8.6520109
1.1884761	0.77099991	4.4785089	8.6643534
1.1962725	0.78453076	4.4768276	8.6766949
1.1962725	0.75714695	4.4801908	8.6478968
1.1931539	0.75231451	4.4776683	8.6437826
1.1962725	0.75360316	4.4776683	8.7013788
1.1915946	0.76391232	4.4776683	8.680809
1.1900353	0.75489181	4.4768276	8.6643534
1.1947131	0.77744317	4.4768276	8.680809
1.1947131	0.79387349	4.4768276	8.705493
1.1915946	0.7842086	4.4785089	8.6643534
1.1931539	0.80837077	4.475987	8.7096071
1.1915946	0.78871888	4.4785089	8.6725807
1.1900353	0.80031675	4.4793501	8.7013788
1.1884761	0.78485292	4.4776683	8.6766949
1.1900353	0.79806161	4.4776683	8.6931515
1.1900353	0.79838377	4.4793501	8.6725807
1.1931539	0.77873182	4.4776683	8.6437826
1.1915946	0.7842086	4.4785089	8.680809
1.1900353	0.77840966	4.4793501	8.6684666
1.1931539	0.78871888	4.4768276	8.6931515
1.1900353	0.77647668	4.475987	8.680809
1.1884761	0.77615452	4.4793501	8.6520109
1.1884761	0.76520097	4.4768276	8.6437826
1.1915946	0.78002048	4.4793501	8.6725807
1.1931539	0.78324211	4.4785089	8.6725807
1.1947131	0.78968537	4.4776683	8.6849232
1.1884761	0.77905399	4.4793501	8.6643534
1.1837983	0.79451782	4.4776683	8.6931515
1.1869168	0.78871888	4.4793501	8.6725807
1.1931539	0.78130913	4.4776683	8.6684666
1.1884761	0.77164423	4.4776683	8.6396685
1.1915946	0.78453076	4.4768276	8.6725807
1.1900353	0.79194051	4.4793501	8.705493
1.1837983	0.77164423	4.4785089	8.6602392
1.1931539	0.77551019	4.4785089	8.6931515
1.1884761	0.77937615	4.4785089	8.6725807
1.1947131	0.78356427	4.4793501	8.7013788
1.1869168	0.7719664	4.4793501	8.6355553
1.1931539	0.7658453	4.4793501	8.6684666
1.1915946	0.7658453	4.4776683	8.6232128
1.1853576	0.76423448	4.4785089	8.6520109
1.1900353	0.76906693	4.4776683	8.6643534
1.1853576	0.77647668	4.4785089	8.680809
1.1869168	0.77615452	4.4776683	8.6972656
1.1869168	0.77228856	4.4785089	8.6766949
1.1853576	0.78227562	4.4768276	8.6684666
1.1869168	0.7806648	4.4776683	8.6355553
1.1837983	0.77712101	4.4785089	8.6766949
1.1884761	0.77712101	4.4776683	8.6437826
1.1900353	0.80514914	4.4751458	8.705493
1.1869168	0.80772644	4.4801908	8.7013788
1.1884761	0.77647668	4.4785089	8.6643534
1.1915946	0.75682479	4.4793501	8.6684666
1.1884761	0.76713395	4.4768276	8.6725807
1.1853576	0.76552314	4.4793501	8.6643534
1.1853576	0.77905399	4.4776683	8.6766949
1.1869168	0.7780875	4.4793501	8.6849232
1.1869168	0.78034264	4.4793501	8.6684666
1.1837983	0.79355133	4.4785089	8.6766949
1.1869168	0.79387349	4.4793501	8.680809
1.1822391	0.79677296	4.4785089	8.6931515
1.1900353	0.77067775	4.4793501	8.6520109
1.1869168	0.77422154	4.4768276	8.6602392
1.1915946	0.7623015	4.4793501	8.6396685
1.1853576	0.76069069	4.4793501	8.6478968
1.1806798	0.7623015	4.4768276	8.6643534
1.1869168	0.76359016	4.4793501	8.6478968
1.1884761	0.7719664	4.4793501	8.6561251
1.1822391	0.76777828	4.4810319	8.6849232
1.1822391	0.77293289	4.4785089	8.680809
1.1853576	0.77228856	4.4776683	8.6437826
1.1837983	0.77164423	4.4793501	8.6643534
1.1853576	0.77067775	4.475987	8.6725807
1.1853576	0.76906693	4.4793501	8.6355553
1.1884761	0.76487881	4.4785089	8.6684666
1.1869168	0.76906693	4.4793501	8.6437826
1.1837983	0.78646374	4.4785089	8.680809
1.1853576	0.77551019	4.4785089	8.6643534
1.1806798	0.78743023	4.4776683	8.680809
1.1853576	0.78098696	4.4793501	8.6849232
1.1822391	0.77357721	4.4768276	8.6602392
1.1853576	0.76069069	4.4793501	8.6437826
1.1822391	0.76069069	4.4768276	8.6478968
1.1806798	0.75746912	4.4776683	8.6684666
1.1837983	0.76359016	4.4776683	8.6972656
1.1853576	0.7867859	4.4793501	8.680809
1.1822391	0.78775239	4.4785089	8.6766949
1.1822391	0.78356427	4.4793501	8.6849232
1.1853576	0.77776533	4.4768276	8.6766949
1.1837983	0.79065186	4.4776683	8.7013788
1.1853576	0.78453076	4.4785089	8.6520109
1.1822391	0.77164423	4.4785089	8.6643534
1.1837983	0.77035558	4.4776683	8.6766949
1.1822391	0.77003342	4.4785089	8.6520109
1.1791205	0.7780875	4.4776683	8.680809
1.1822391	0.77679884	4.4768276	8.6931515
1.1822391	0.79000753	4.4785089	8.7219496
1.1837983	0.78227562	4.475987	8.7013788
1.1806798	0.79322916	4.4768276	8.680809
1.1806798	0.78743023	4.4801908	8.6520109
1.1822391	0.7867859	4.4793501	8.680809
1.1853576	0.7780875	4.4793501	8.6602392
1.1837983	0.77003342	4.4768276	8.6643534
1.1853576	0.78646374	4.4785089	8.6849232
1.1775613	0.77551019	4.4793501	8.6725807
1.1822391	0.78614157	4.4785089	8.7260637
1.1869168	0.77615452	4.4793501	8.6766949
1.1775613	0.7867859	4.4768276	8.7096071
1.1837983	0.78195345	4.4768276	8.6972656
1.1822391	0.78002048	4.4785089	8.6766949
1.1837983	0.79032969	4.4776683	8.6766949
1.1822391	0.77551019	4.4801908	8.6602392
1.1775613	0.79451782	4.4785089	8.6766949
1.176002	0.79097402	4.4768276	8.7178354
1.1744428	0.7954843	4.4785089	8.6890373
1.1806798	0.79677296	4.4785089	8.705493
1.1806798	0.80192757	4.4785089	8.6931515
1.1791205	0.81030375	4.4768276	8.7178354
1.1791205	0.7990281	4.4785089	8.6849232
1.1806798	0.8141697	4.475987	8.7178354
1.1791205	0.79065186	4.4776683	8.6931515
1.1791205	0.78904104	4.4776683	8.705493
1.1822391	0.7745437	4.4785089	8.6766949
1.1806798	0.77969831	4.4793501	8.705493
1.1791205	0.76423448	4.4776683	8.6766949
1.1791205	0.76777828	4.4801908	8.6520109
1.176002	0.77325505	4.4785089	8.6931515
1.1806798	0.77422154	4.4793501	8.6766949
1.1806798	0.78581941	4.4768276	8.6931515
1.1775613	0.79709512	4.4776683	8.7260637
1.1791205	0.78163129	4.4768276	8.6643534
1.1775613	0.77551019	4.4768276	8.6849232
1.176002	0.79935026	4.4768276	8.7178354
1.1791205	0.78195345	4.4785089	8.6766949
1.176002	0.78034264	4.4793501	8.6766949
1.1775613	0.7623015	4.4785089	8.6643534
1.1822391	0.77389938	4.4776683	8.6931515
1.176002	0.77840966	4.475987	8.6972656
1.1744428	0.76681179	4.4793501	8.6766949
1.1744428	0.77003342	4.4776683	8.6849232
1.1775613	0.78871888	4.4785089	8.680809
1.1728835	0.79322916	4.4801908	8.7096071
1.1682056	0.78453076	4.4793501	8.6890373
1.1775613	0.77905399	4.4785089	8.6849232
1.1775613	0.78227562	4.4776683	8.6890373
1.1791205	0.80869293	4.4785089	8.7342911
1.1713243	0.78549725	4.4785089	8.6725807
1.176002	0.78098696	4.4776683	8.6561251
1.176002	0.77518803	4.4768276	8.6766949
1.176002	0.78195345	4.4768276	8.6972656
1.1806798	0.78453076	4.4785089	8.7013788
1.1775613	0.77164423	4.4776683	8.6766949
1.1806798	0.78356427	4.4785089	8.7013788
1.1744428	0.78227562	4.4768276	8.7178354
1.1728835	0.78581941	4.4793501	8.6849232
1.1791205	0.76906693	4.4793501	8.6725807
1.176002	0.78163129	4.4768276	8.680809
1.1682056	0.78324211	4.4776683	8.7301769
1.176002	0.78743023	4.4776683	8.6931515
1.1744428	0.79677296	4.4776683	8.6849232
1.1775613	0.78743023	4.4768276	8.680809
1.176002	0.79161835	4.4785089	8.7096071
1.176002	0.78324211	4.4801908	8.6766949
1.1713243	0.79129618	4.4776683	8.680809
1.1728835	0.79677296	4.4768276	8.7137213
1.1697649	0.79322916	4.4793501	8.7096071
1.1775613	0.77518803	4.4793501	8.6602392
1.176002	0.7719664	4.4793501	8.6766949
1.1728835	0.77099991	4.4793501	8.6602392
1.1744428	0.77422154	4.4793501	8.6931515
1.1728835	0.76938909	4.4793501	8.6766949
1.1744428	0.78195345	4.4776683	8.6931515
1.1775613	0.76874477	4.4793501	8.6478968
1.1775613	0.79065186	4.4785089	8.6931515
1.1744428	0.79741728	4.4785089	8.6849232
1.176002	0.79065186	4.4776683	8.6684666
1.1728835	0.78195345	4.4785089	8.6890373
1.1713243	0.78130913	4.4768276	8.6931515
1.1713243	0.8115924	4.4776683	8.7466335
1.1728835	0.81320322	4.475987	8.6931515
1.1728835	0.79999459	4.4793501	8.680809
1.1744428	0.77905399	4.4793501	8.6890373
1.1744428	0.79226267	4.4776683	8.6931515
1.1728835	0.78968537	4.4793501	8.6890373
1.1744428	0.78002048	4.4801908	8.6684666
1.1744428	0.77873182	4.4793501	8.680809
1.1635278	0.7745437	4.4785089	8.680809
1.1697649	0.78614157	4.4768276	8.7178354
1.1744428	0.76133502	4.4768276	8.6931515
1.176002	0.76520097	4.4785089	8.6890373
1.176002	0.75231451	4.4793501	8.6643534
1.1713243	0.77132207	4.4785089	8.7013788
1.1728835	0.78356427	4.4768276	8.6931515
1.1682056	0.78936321	4.4768276	8.7137213
1.1713243	0.80708212	4.4785089	8.7013788
1.1775613	0.8054713	4.4785089	8.6684666
1.1728835	0.79000753	4.4785089	8.6849232
1.1713243	0.78098696	4.4793501	8.6684666
1.1713243	0.78839672	4.4768276	8.6725807
1.1682056	0.78034264	4.4776683	8.6643534
1.1682056	0.78291994	4.4785089	8.7137213
1.1666464	0.77132207	4.4793501	8.7096071
1.1713243	0.78936321	4.4776683	8.7013788
1.1744428	0.77647668	4.4793501	8.6725807
1.1775613	0.76262367	4.4785089	8.6725807
1.1713243	0.77422154	4.4776683	8.7096071
1.1682056	0.79065186	4.4768276	8.7260637
1.1713243	0.79451782	4.4776683	8.6972656
1.1728835	0.79258484	4.4793501	8.680809
1.1728835	0.79194051	4.4793501	8.6890373
1.1713243	0.79773945	4.4768276	8.6972656
1.1697649	0.77389938	4.4768276	8.680809
1.1682056	0.78034264	4.4776683	8.6931515
1.1713243	0.77293289	4.4776683	8.6643534
1.1697649	0.77551019	4.4785089	8.705493
1.1682056	0.77293289	4.4793501	8.6766949
1.1744428	0.76777828	4.4801908	8.6684666
1.1713243	0.7745437	4.4776683	8.680809
1.1713243	0.78002048	4.4776683	8.6972656
1.1666464	0.78453076	4.4776683	8.7013788
1.1666464	0.77615452	4.4785089	8.6725807
1.1666464	0.76391232	4.4785089	8.6684666
1.1666464	0.77422154	4.4793501	8.7178354
1.1666464	0.79677296	4.4776683	8.7096071
1.1682056	0.77937615	4.4776683	8.680809
1.1713243	0.77647668	4.4776683	8.6972656
1.1666464	0.78485292	4.4776683	8.680809
1.1713243	0.79355133	4.4793501	8.680809
1.1697649	0.79451782	4.4785089	8.6602392
1.1619686	0.77293289	4.4793501	8.6355553
1.1682056	0.79935026	4.4768276	8.705493
1.1682056	0.78839672	4.4768276	8.6478968
1.1682056	0.79065186	4.4793501	8.6437826
1.1682056	0.78453076	4.4785089	8.6643534
1.1619686	0.76906693	4.4793501	8.6520109
1.1650871	0.75843561	4.4768276	8.6684666
1.1682056	0.76938909	4.4776683	8.6766949
1.1635278	0.78195345	4.4768276	8.6849232
1.1713243	0.77679884	4.4793501	8.680809
1.1635278	0.76777828	4.4768276	8.6478968
1.1682056	0.76391232	4.4793501	8.6520109
1.1666464	0.77003342	4.4793501	8.6643534
1.1650871	0.77873182	4.4776683	8.6766949
1.1650871	0.78646374	4.4793501	8.6725807
1.1619686	0.79483998	4.4776683	8.705493
1.1635278	0.79516214	4.475987	8.6643534
1.1588501	0.78324211	4.4785089	8.705493
1.1697649	0.79322916	4.4776683	8.6725807
1.1697649	0.78710806	4.4776683	8.6684666
1.1666464	0.79870594	4.4785089	8.6766949
1.1666464	0.77099991	4.4793501	8.6643534
1.1650871	0.77937615	4.4793501	8.705493
1.1650871	0.78259778	4.4785089	8.6849232
1.1666464	0.77518803	4.4768276	8.6931515
1.1619686	0.77003342	4.4785089	8.6931515
1.1604093	0.7558583	4.4776683	8.6561251
1.1666464	0.7745437	4.4793501	8.680809
1.1682056	0.77003342	4.475987	8.6684666
1.1666464	0.77937615	4.4768276	8.7137213
1.1666464	0.78775239	4.4785089	8.6849232
1.1635278	0.79194051	4.4776683	8.6972656
1.1650871	0.79999459	4.4785089	8.6890373
1.1635278	0.79129618	4.4793501	8.7096071
1.1682056	0.79322916	4.4768276	8.6849232
1.1650871	0.79161835	4.4801908	8.6725807
1.1635278	0.78034264	4.4785089	8.6725807
1.1635278	0.76745611	4.4801908	8.6931515
1.1619686	0.7719664	4.4785089	8.7096071
1.1604093	0.76165718	4.4793501	8.680809
1.1635278	0.77937615	4.4768276	8.7178354
1.1650871	0.76391232	4.4793501	8.6725807
1.1697649	0.76810044	4.4785089	8.6890373
1.1635278	0.77615452	4.4785089	8.6972656
1.1650871	0.7990281	4.4768276	8.7178354
1.1635278	0.79000753	4.4776683	8.705493
1.1635278	0.78356427	4.4768276	8.6972656
1.1635278	0.77035558	4.4776683	8.6684666
1.1572908	0.77035558	4.4768276	8.6766949
1.1635278	0.78195345	4.4785089	8.6931515
1.1682056	0.77132207	4.4793501	8.6643534
1.1604093	0.77712101	4.4776683	8.680809
1.1619686	0.77969831	4.4785089	8.6643534
1.1604093	0.80096108	4.4785089	8.7301769
1.1650871	0.77389938	4.4785089	8.6766949
1.1619686	0.792907	4.4768276	8.7096071
1.1619686	0.79677296	4.4768276	8.705493
1.1604093	0.77937615	4.4768276	8.6931515
1.1635278	0.78130913	4.475987	8.7096071
1.1619686	0.7719664	4.4785089	8.7096071
1.1635278	0.79226267	4.4785089	8.7096071
1.1619686	0.7745437	4.4776683	8.6890373
1.1635278	0.78356427	4.4785089	8.6972656
1.1604093	0.78646374	4.4768276	8.6931515
1.1619686	0.79419565	4.4793501	8.6849232
1.1604093	0.80965942	4.475987	8.7301769
1.1635278	0.80257189	4.4785089	8.6725807
1.1619686	0.81674701	4.4768276	8.7013788
1.1619686	0.79419565	4.4768276	8.705493
1.1604093	0.79999459	4.4801908	8.705493
1.1635278	0.79355133	4.4793501	8.680809
1.1588501	0.79161835	4.4768276	8.6849232
1.1604093	0.78002048	4.4785089	8.6972656
1.1526129	0.78163129	4.4785089	8.7137213
1.1572908	0.78453076	4.4785089	8.7013788
1.1588501	0.76906693	4.4776683	8.6684666
1.1619686	0.7594021	4.4793501	8.6478968
1.1572908	0.76777828	4.4776683	8.6972656
1.1572908	0.77132207	4.4793501	8.7013788
1.1619686	0.78356427	4.4785089	8.705493
1.1635278	0.78227562	4.4768276	8.6849232
1.1604093	0.7780875	4.4768276	8.6972656
1.1572908	0.79097402	4.475987	8.6931515
1.1604093	0.79226267	4.4801908	8.6849232
1.1635278	0.78291994	4.4776683	8.6725807
1.1604093	0.792907	4.4801908	8.6725807
1.1526129	0.78130913	4.4776683	8.6849232
1.1604093	0.79870594	4.4776683	8.7013788
1.1650871	0.77099991	4.4785089	8.6561251
1.1650871	0.76262367	4.4785089	8.6849232
1.1572908	0.75489181	4.4793501	8.680809
1.1541722	0.75650263	4.4768276	8.6972656
1.1557316	0.76359016	4.4793501	8.6725807
1.1572908	0.77389938	4.4801908	8.6849232
1.1572908	0.77969831	4.4793501	8.6931515
1.1604093	0.79516214	4.4776683	8.705493
1.1604093	0.79516214	4.4776683	8.6972656
1.1541722	0.78581941	4.4785089	8.6849232
1.1572908	0.78936321	4.4793501	8.705493
1.1572908	0.77228856	4.4793501	8.6602392
1.1572908	0.79387349	4.4793501	8.6931515
1.1588501	0.79194051	4.4793501	8.680809
1.1588501	0.7842086	4.4785089	8.6931515
1.1557316	0.78356427	4.4768276	8.6766949
1.1604093	0.79032969	4.4785089	8.7013788
1.1541722	0.78227562	4.4793501	8.6890373
1.1572908	0.76777828	4.4776683	8.6643534
1.1526129	0.76423448	4.4793501	8.6849232
1.1541722	0.75875777	4.4801908	8.6643534
1.1572908	0.75102586	4.4785089	8.6602392
1.1604093	0.76197934	4.4776683	8.6972656
1.1526129	0.7497372	4.4785089	8.6520109
1.1557316	0.7658453	4.4793501	8.6643534
1.1572908	0.77744317	4.4785089	8.6931515
1.1526129	0.78968537	4.4785089	8.6849232
1.1479353	0.79097402	4.4785089	8.6849232
1.1510537	0.77583236	4.4793501	8.6931515
1.1572908	0.78517509	4.4751458	8.6931515
1.1541722	0.79097402	4.4768276	8.7096071
1.1588501	0.77325505	4.4776683	8.6766949
1.1541722	0.76262367	4.4793501	8.6849232
1.1510537	0.76069069	4.4785089	8.6684666
1.1526129	0.77357721	4.4785089	8.6972656
1.1541722	0.7806648	4.4785089	8.680809
1.1541722	0.77164423	4.4801908	8.6725807
1.1588501	0.76036853	4.4768276	8.680809
1.1557316	0.7806648	4.4768276	8.7301769
1.1588501	0.77293289	4.4793501	8.6766949
1.1526129	0.76745611	4.4776683	8.6725807
1.1557316	0.77035558	4.4785089	8.6890373
1.1526129	0.78581941	4.475987	8.7013788
1.1526129	0.78710806	4.4776683	8.6684666
1.1541722	0.77840966	4.4776683	8.680809
1.1572908	0.78388643	4.4776683	8.6684666
1.1541722	0.78291994	4.4776683	8.7096071
1.1541722	0.79838377	4.4768276	8.6931515
1.1526129	0.79580647	4.4793501	8.680809
1.1572908	0.78968537	4.4785089	8.680809
1.1557316	0.7780875	4.4776683	8.7013788
1.1572908	0.76101285	4.4776683	8.6725807
1.1541722	0.78839672	4.4785089	8.6972656
1.1557316	0.77937615	4.4785089	8.6643534
1.1510537	0.76777828	4.4768276	8.6849232
1.1526129	0.75650263	4.4793501	8.6849232
1.1526129	0.76874477	4.475987	8.6890373
1.1510537	0.78356427	4.4793501	8.6972656
1.1510537	0.78453076	4.475987	8.7137213
1.1526129	0.78581941	4.4785089	8.7096071
1.1526129	0.7954843	4.4768276	8.6972656
1.1526129	0.80386049	4.4785089	8.6684666
1.1541722	0.7867859	4.4768276	8.6890373
1.1526129	0.78581941	4.4785089	8.6766949
1.1541722	0.77551019	4.4793501	8.680809
1.1541722	0.802894	4.4785089	8.705493
1.1557316	0.79226267	4.4776683	8.7137213
1.1510537	0.79483998	4.4785089	8.705493
1.1494945	0.77486587	4.4793501	8.6766949
1.1510537	0.77615452	4.4793501	8.6766949
1.1541722	0.78388643	4.4793501	8.705493
1.1526129	0.76648962	4.4785089	8.680809
1.1541722	0.7842086	4.4768276	8.6931515
1.1526129	0.7806648	4.4776683	8.6890373
1.1479353	0.78549725	4.4785089	8.7301769
1.1526129	0.79451782	4.4776683	8.705493
1.1510537	0.79999459	4.4768276	8.7219496
1.1494945	0.79773945	4.4768276	8.6931515
1.1541722	0.79226267	4.4785089	8.6766949
1.1541722	0.8090151	4.4776683	8.7096071
1.1510537	0.78871888	4.4785089	8.7096071
1.1572908	0.78034264	4.4793501	8.7013788
1.1526129	0.77293289	4.4768276	8.7301769
1.146376	0.77776533	4.4785089	8.6849232
1.1510537	0.76423448	4.4785089	8.6931515
1.1572908	0.75811344	4.4793501	8.6725807
1.1510537	0.77744317	4.4776683	8.7178354
1.1494945	0.77615452	4.4768276	8.6931515
1.1526129	0.78839672	4.475987	8.6849232
1.1510537	0.78259778	4.4793501	8.7178354
1.1526129	0.76520097	4.4768276	8.6972656
1.1479353	0.76423448	4.475987	8.705493
1.1494945	0.77422154	4.4776683	8.7096071
1.1479353	0.76487881	4.4785089	8.7013788
1.1526129	0.78195345	4.4785089	8.705493
1.1494945	0.79258484	4.4785089	8.6972656
1.1510537	0.78743023	4.4785089	8.6684666
1.1479353	0.78871888	4.4768276	8.680809
1.1526129	0.78324211	4.4785089	8.6849232
1.1479353	0.78968537	4.4776683	8.7096071
1.1494945	0.78549725	4.4793501	8.7178354
1.1494945	0.78388643	4.4785089	8.7137213
1.1479353	0.79451782	4.4776683	8.7178354
1.1557316	0.78614157	4.4785089	8.6849232
1.1510537	0.77067775	4.4785089	8.6684666
1.1541722	0.7684226	4.4785089	8.6766949
1.1432574	0.76197934	4.475987	8.6520109
1.1479353	0.78356427	4.475987	8.6972656
1.1494945	0.77486587	4.4785089	8.7096071
1.146376	0.7842086	4.4793501	8.7342911
1.1448166	0.77389938	4.4801908	8.6931515
1.146376	0.77518803	4.4785089	8.6766949
1.1479353	0.7990281	4.4810319	8.705493
1.1448166	0.79129618	4.4776683	8.6725807
1.1479353	0.80128324	4.4776683	8.6931515
1.1479353	0.78259778	4.4785089	8.6561251
1.1479353	0.78710806	4.4776683	8.6684666
1.1494945	0.78227562	4.4785089	8.6890373
1.1448166	0.79065186	4.4776683	8.7301769
1.1494945	0.78968537	4.4768276	8.6972656
1.1494945	0.77486587	4.4785089	8.6931515
1.1479353	0.77905399	4.4785089	8.6766949
1.1448166	0.77228856	4.4785089	8.6849232
1.1479353	0.76874477	4.4785089	8.6478968
1.1448166	0.77712101	4.4793501	8.6972656
1.146376	0.78807455	4.4785089	8.6766949
1.1494945	0.77615452	4.4776683	8.6972656
1.1479353	0.78743023	4.4776683	8.7096071
1.1416981	0.80386049	4.4785089	8.7301769
1.146376	0.80772644	4.4776683	8.6931515
1.1510537	0.78002048	4.4801908	8.680809
1.1432574	0.77615452	4.4785089	8.6931515
1.1448166	0.75714695	4.4785089	8.6766949
1.1448166	0.7558583	4.4785089	8.6643534
1.1416981	0.7658453	4.4776683	8.6931515
1.1510537	0.77325505	4.4818726	8.680809
1.1494945	0.77486587	4.4801908	8.6766949
1.1432574	0.7780875	4.4793501	8.6849232
1.1448166	0.7780875	4.4785089	8.6931515
1.1448166	0.77679884	4.4793501	8.7137213
1.1510537	0.78614157	4.4768276	8.7137213
1.1401389	0.7954843	4.4768276	8.7301769
1.1448166	0.78324211	4.4793501	8.6931515
1.1432574	0.77969831	4.4768276	8.6849232
1.1494945	0.77969831	4.475987	8.7096071
1.1432574	0.79032969	4.4776683	8.6931515
1.1448166	0.79194051	4.4768276	8.7096071
1.1494945	0.78646374	4.4785089	8.705493
1.1494945	0.78227562	4.4793501	8.7096071
1.1432574	0.78646374	4.4776683	8.7013788
1.1448166	0.7842086	4.4776683	8.7137213
1.1432574	0.78743023	4.4776683	8.7137213
1.1416981	0.79967242	4.4793501	8.7137213
1.1432574	0.80675995	4.4776683	8.7260637
1.146376	0.78614157	4.4785089	8.6766949
1.1432574	0.77712101	4.4793501	8.7137213
1.1416981	0.7780875	4.4776683	8.6972656
1.146376	0.76874477	4.4768276	8.705493
1.1432574	0.77551019	4.4768276	8.7096071
1.1448166	0.78517509	4.4785089	8.7466335
1.146376	0.792907	4.4776683	8.6972656
1.146376	0.79999459	4.4801908	8.7096071
1.1494945	0.79773945	4.4793501	8.6972656
1.1448166	0.79387349	4.4793501	8.7425194
1.1448166	0.79258484	4.475987	8.7096071
1.1448166	0.78904104	4.4776683	8.6849232
1.1494945	0.78356427	4.4793501	8.680809
1.1401389	0.77937615	4.4768276	8.7384052
1.1494945	0.76101285	4.4776683	8.6972656
1.1416981	0.77099991	4.4776683	8.6972656
1.1416981	0.77132207	4.4768276	8.6890373
1.1479353	0.77969831	4.4793501	8.7219496
1.1401389	0.78034264	4.4776683	8.7096071
1.1494945	0.77873182	4.4785089	8.7013788
1.1416981	0.77905399	4.475987	8.6890373
1.1416981	0.79194051	4.4785089	8.7466335
1.1432574	0.80096108	4.4768276	8.7178354
1.1385796	0.80224973	4.4776683	8.6931515
1.1401389	0.79355133	4.4776683	8.6972656
1.1385796	0.79258484	4.4776683	8.7013788
1.1401389	0.78485292	4.4776683	8.6931515
1.1416981	0.78904104	4.4768276	8.705493
1.1432574	0.78291994	4.4776683	8.7137213
1.1432574	0.77679884	4.4785089	8.7219496
1.1416981	0.79516214	4.4768276	8.7137213
1.1416981	0.78034264	4.4785089	8.680809
1.1448166	0.7684226	4.4793501	8.680809
1.1385796	0.76777828	4.4776683	8.6931515
1.1401389	0.77067775	4.4793501	8.680809
1.146376	0.79355133	4.4768276	8.6972656
1.1448166	0.78839672	4.4776683	8.6972656
1.146376	0.78034264	4.4785089	8.7219496
1.1448166	0.7842086	4.4768276	8.7096071
1.1416981	0.78807455	4.4776683	8.6972656
1.146376	0.79032969	4.4768276	8.7301769
1.1416981	0.79226267	4.4785089	8.7137213
1.1416981	0.79258484	4.4776683	8.7137213
1.1401389	0.78646374	4.4785089	8.6890373
1.1416981	0.79387349	4.4785089	8.705493
1.1416981	0.80192757	4.4785089	8.7384052
1.1401389	0.8090151	4.4776683	8.7219496
1.1401389	0.81127024	4.4768276	8.7013788
1.1432574	0.80224973	4.4768276	8.7096071
1.1416981	0.80708212	4.4776683	8.7260637
1.1401389	0.77679884	4.4776683	8.680809
1.1401389	0.78098696	4.4793501	8.705493
1.1416981	0.76262367	4.4785089	8.6849232
1.146376	0.7745437	4.4785089	8.7260637
1.146376	0.78807455	4.4793501	8.7178354
1.1354611	0.78871888	4.4793501	8.7178354
1.1432574	0.80772644	4.4768276	8.7260637
1.1401389	0.79870594	4.4785089	8.6972656
1.1385796	0.80128324	4.4785089	8.6890373
1.1416981	0.78259778	4.4801908	8.6849232
1.1401389	0.78614157	4.4776683	8.6972656
1.1432574	0.78614157	4.4768276	8.6972656
1.1401389	0.77389938	4.4793501	8.6849232
1.1370203	0.78517509	4.4793501	8.7260637
1.1385796	0.77035558	4.475987	8.7096071
1.1401389	0.78581941	4.4785089	8.7137213
1.1370203	0.77003342	4.4785089	8.6972656
1.1385796	0.7780875	4.4785089	8.7096071
1.1354611	0.79451782	4.4768276	8.7096071
1.1385796	0.78324211	4.4793501	8.6931515
1.1385796	0.7745437	4.4793501	8.6684666
1.1448166	0.76648962	4.4793501	8.6890373
1.1416981	0.77969831	4.4785089	8.6849232
1.1370203	0.77744317	4.4768276	8.7137213
1.1401389	0.77840966	4.4785089	8.705493
1.1385796	0.76616746	4.4793501	8.6849232
1.1370203	0.77712101	4.4793501	8.6890373
1.1385796	0.78871888	4.4785089	8.7178354
1.1385796	0.80063891	4.4785089	8.7178354
1.1354611	0.78549725	4.4768276	8.7013788
1.1370203	0.77357721	4.4776683	8.6849232
1.1401389	0.76713395	4.4785089	8.705493
1.1354611	0.76326799	4.4793501	8.6725807
1.1370203	0.75618047	4.4768276	8.7137213
1.1370203	0.76713395	4.4768276	8.705493
1.1323426	0.78163129	4.4768276	8.7301769
1.1448166	0.78098696	4.4785089	8.6972656
1.1370203	0.79097402	4.4768276	8.7178354
1.1448166	0.78581941	4.4785089	8.6972656
1.1354611	0.79516214	4.4785089	8.705493
1.1448166	0.78034264	4.4776683	8.680809
1.1370203	0.76423448	4.4793501	8.6890373
1.1323426	0.76938909	4.4793501	8.705493
1.1354611	0.75811344	4.4793501	8.6766949
1.1339018	0.76294583	4.4801908	8.6931515
1.1354611	0.76938909	4.4785089	8.705493
1.1370203	0.78163129	4.4793501	8.7013788
1.1370203	0.76165718	4.4793501	8.6766949
1.1339018	0.79032969	4.475987	8.7301769
1.1354611	0.78581941	4.4768276	8.7096071
1.1370203	0.79161835	4.4810319	8.7096071
1.1401389	0.78710806	4.4793501	8.7013788
1.1385796	0.77486587	4.4776683	8.7096071
1.1354611	0.76004636	4.4793501	8.6890373
1.1354611	0.77422154	4.4776683	8.7096071
1.1354611	0.79032969	4.4793501	8.6849232
1.1401389	0.79129618	4.4776683	8.7260637
1.1385796	0.79612863	4.4785089	8.6890373
1.1354611	0.78871888	4.4768276	8.6931515
1.1354611	0.79999459	4.4776683	8.7096071
1.1323426	0.79677296	4.4776683	8.7219496
1.1354611	0.79612863	4.4785089	8.7096071
1.1370203	0.77840966	4.4793501	8.6972656
1.1416981	0.77583236	4.4785089	8.7137213
1.1401389	0.7684226	4.4776683	8.7013788
1.1323426	0.78581941	4.4776683	8.7260637
1.1401389	0.76487881	4.4801908	8.6766949
1.1339018	0.7558583	4.4776683	8.6890373
1.1354611	0.75972426	4.4793501	8.7178354
1.1323426	0.77615452	4.4776683	8.7013788
1.1323426	0.78195345	4.4793501	8.7342911
1.1354611	0.78614157	4.4768276	8.7096071
1.1370203	0.78485292	4.4801908	8.7219496
1.1323426	0.80192757	4.4785089	8.705493
1.1323426	0.79999459	4.4793501	8.7096071
1.1354611	0.7990281	4.4776683	8.6849232
1.1339018	0.78517509	4.4793501	8.6931515
1.1323426	0.7842086	4.4768276	8.6972656
1.1292239	0.7780875	4.4785089	8.6931515
1.1276647	0.79355133	4.4785089	8.7301769
1.1339018	0.78839672	4.4785089	8.7425194
1.1292239	0.77840966	4.4785089	8.705493
1.1354611	0.77357721	4.4785089	8.6725807
1.1323426	0.75714695	4.4785089	8.680809
1.1292239	0.77293289	4.4768276	8.7219496
1.1323426	0.77712101	4.4785089	8.7096071
1.1339018	0.75811344	4.475987	8.6931515
1.1370203	0.77840966	4.475987	8.7137213
1.1339018	0.77873182	4.4785089	8.7178354
1.1323426	0.76971126	4.4768276	8.705493
1.1339018	0.7780875	4.4793501	8.680809
1.1339018	0.77261072	4.4793501	8.6643534
1.1323426	0.76648962	4.4785089	8.7013788
1.1370203	0.77293289	4.475987	8.680809
1.1307833	0.77712101	4.4785089	8.705493
1.1261054	0.78743023	4.4785089	8.7096071
1.1354611	0.80257189	4.4785089	8.758975
1.1323426	0.80418265	4.4751458	8.7301769
1.1323426	0.78710806	4.4776683	8.7013788
1.1323426	0.78710806	4.4768276	8.7137213
1.1354611	0.79580647	4.475987	8.7342911
1.1307833	0.78453076	4.4793501	8.6972656
1.1292239	0.77551019	4.4768276	8.7137213
1.1276647	0.77969831	4.4776683	8.7096071
1.1276647	0.78195345	4.4785089	8.7178354
1.1292239	0.78098696	4.4793501	8.6890373
1.1276647	0.78936321	4.4785089	8.7178354
1.1354611	0.78936321	4.4793501	8.7013788
1.1292239	0.80482697	4.4768276	8.7260637
1.1354611	0.81191456	4.4768276	8.7096071
1.1276647	0.81513619	4.4776683	8.7013788
1.1339018	0.78485292	4.4776683	8.6890373
1.1292239	0.78163129	4.4776683	8.705493
1.1292239	0.78291994	4.4785089	8.6931515
1.1261054	0.78839672	4.4785089	8.7137213
1.1276647	0.77099991	4.4793501	8.6890373
1.1323426	0.77003342	4.4776683	8.705493
1.1307833	0.77293289	4.4776683	8.680809
1.1261054	0.78517509	4.4768276	8.7096071
1.1292239	0.77325505	4.4785089	8.6890373
1.1261054	0.77905399	4.4768276	8.7342911
1.1292239	0.77261072	4.4793501	8.680809
1.1276647	0.76681179	4.4793501	8.6643534
1.1323426	0.78517509	4.4793501	8.7301769
1.1276647	0.79773945	4.4776683	8.7219496
1.1276647	0.80933726	4.4785089	8.7178354
1.1307833	0.80031675	4.4793501	8.680809
1.1292239	0.79194051	4.4793501	8.7013788
1.1276647	0.78614157	4.4776683	8.7013788
1.1339018	0.76713395	4.4768276	8.6931515
1.1261054	0.75811344	4.4793501	8.6849232
1.1307833	0.75038153	4.4793501	8.6890373
1.1276647	0.76487881	4.4785089	8.7301769
1.1292239	0.76616746	4.475987	8.705493
1.1292239	0.77325505	4.475987	8.7096071
1.1339018	0.7842086	4.4785089	8.680809
1.1276647	0.79419565	4.4776683	8.7301769
1.1245462	0.79516214	4.4793501	8.6931515
1.1276647	0.8054713	4.4768276	8.7301769
1.1261054	0.80128324	4.4785089	8.6931515
1.1323426	0.78968537	4.4801908	8.6849232
1.1292239	0.78839672	4.4793501	8.680809
1.1292239	0.78743023	4.4793501	8.7178354
1.1292239	0.78453076	4.4785089	8.6890373
1.1323426	0.78581941	4.4785089	8.6972656
1.1323426	0.78710806	4.4793501	8.7178354
1.1261054	0.77357721	4.4785089	8.7096071
1.1276647	0.77712101	4.4776683	8.7178354
1.1292239	0.78485292	4.4768276	8.7013788
1.1292239	0.7842086	4.4793501	8.7096071
1.1307833	0.77873182	4.4793501	8.7013788
1.1261054	0.76938909	4.4768276	8.6972656
1.1292239	0.76004636	4.4793501	8.6890373
1.1229869	0.76101285	4.4785089	8.6766949
1.1276647	0.75843561	4.4776683	8.6890373
1.1261054	0.78163129	4.4801908	8.705493
1.1245462	0.76874477	4.4785089	8.6766949
1.1276647	0.78130913	4.4768276	8.705493
1.1323426	0.77937615	4.4776683	8.6890373
1.1245462	0.79419565	4.4793501	8.7137213
1.1323426	0.78163129	4.4801908	8.7137213
1.1245462	0.77969831	4.4776683	8.7466335
1.1354611	0.7594021	4.4785089	8.6725807
1.1229869	0.75972426	4.4785089	8.705493
1.1229869	0.76294583	4.4793501	8.680809
1.1292239	0.76487881	4.4793501	8.6972656
1.1245462	0.76681179	4.4776683	8.6849232
1.1276647	0.78388643	4.475987	8.7178354
1.1276647	0.80192757	4.4785089	8.7301769
1.1292239	0.76810044	4.4785089	8.705493
1.1307833	0.77228856	4.4810319	8.6849232
1.1307833	0.76745611	4.4785089	8.705493
1.1276647	0.76681179	4.4768276	8.6972656
1.1214277	0.77389938	4.4776683	8.7507477
1.1245462	0.78356427	4.4776683	8.680809
1.1261054	0.78775239	4.4776683	8.705493
1.1292239	0.78549725	4.4793501	8.6890373
1.1245462	0.7867859	4.4768276	8.705493
1.1276647	0.79129618	4.4793501	8.705493
1.1292239	0.79258484	4.4793501	8.7013788
1.1261054	0.77486587	4.4793501	8.7096071
1.1245462	0.7806648	4.4768276	8.7425194
1.1229869	0.78614157	4.4785089	8.705493
1.1229869	0.78549725	4.4785089	8.705493
1.1261054	0.77164423	4.4793501	8.680809
1.1261054	0.77937615	4.4776683	8.7342911
1.1261054	0.78388643	4.4776683	8.6931515
1.1229869	0.78807455	4.475987	8.7096071
1.1307833	0.78936321	4.4785089	8.7137213
1.1292239	0.79032969	4.4785089	8.7342911
1.1307833	0.78002048	4.4785089	8.6849232
1.1307833	0.77647668	4.4768276	8.6931515
1.1292239	0.78807455	4.4793501	8.6972656
1.1229869	0.78291994	4.4776683	8.7301769
1.1245462	0.79516214	4.4768276	8.6890373
1.1307833	0.78581941	4.4768276	8.6766949
1.1245462	0.79129618	4.4776683	8.7301769
1.1229869	0.79741728	4.4768276	8.7507477
1.1245462	0.7867859	4.4776683	8.6890373
1.1229869	0.80031675	4.475987	8.7219496
1.1307833	0.77067775	4.4776683	8.680809
1.1276647	0.78614157	4.4793501	8.7137213
1.1276647	0.77744317	4.4768276	8.6890373
1.1245462	0.78839672	4.4768276	8.7013788
1.1245462	0.78807455	4.4793501	8.7096071
1.1261054	0.79612863	4.4768276	8.7425194
1.1229869	0.79580647	4.475987	8.7137213
1.1276647	0.8016054	4.4793501	8.7096071
1.1261054	0.8141697	4.4768276	8.7260637
1.1214277	0.81223673	4.4785089	8.7384052
1.1261054	0.80031675	4.475987	8.6931515
1.1229869	0.79355133	4.4768276	8.7178354
1.1261054	0.79258484	4.4793501	8.7096071
1.1245462	0.77969831	4.4793501	8.7219496
1.1198685	0.76745611	4.4793501	8.7013788
1.1167499	0.77132207	4.4776683	8.7425194
1.1229869	0.77486587	4.4776683	8.7137213
1.1229869	0.7745437	4.4793501	8.705493
1.1214277	0.78517509	4.4785089	8.7219496
1.1245462	0.76648962	4.4768276	8.6972656
1.1229869	0.79097402	4.475987	8.7507477
1.1245462	0.81449187	4.4768276	8.7630892
1.1198685	0.78839672	4.4768276	8.680809
1.1229869	0.77776533	4.4793501	8.6890373
1.1229869	0.77293289	4.4785089	8.7219496
1.1245462	0.78775239	4.4776683	8.7096071
1.1245462	0.78388643	4.4768276	8.7096071
1.1214277	0.78130913	4.4793501	8.7137213
1.1214277	0.78195345	4.4793501	8.7342911
1.1245462	0.7867859	4.4793501	8.7301769
1.1214277	0.79194051	4.4785089	8.7013788
1.1198685	0.78581941	4.4801908	8.6931515
1.1245462	0.78581941	4.4768276	8.6972656
1.1245462	0.78710806	4.4785089	8.7219496
1.1229869	0.78710806	4.4768276	8.6849232
1.1214277	0.76681179	4.4776683	8.680809
1.1229869	0.75875777	4.4768276	8.680809
1.1229869	0.76713395	4.4776683	8.7301769
1.1198685	0.77969831	4.475987	8.7342911
1.1214277	0.79516214	4.4785089	8.7425194
1.1276647	0.80708212	4.4785089	8.7178354
1.1214277	0.80514914	4.4793501	8.7178354
1.1276647	0.80128324	4.4793501	8.7096071
1.1307833	0.78614157	4.4793501	8.7096071
1.1276647	0.78356427	4.4793501	8.6890373
1.1354611	0.78646374	4.4785089	8.7260637
1.1354611	0.78581941	4.4793501	8.7137213
1.1339018	0.78227562	4.4810319	8.7178354
1.1385796	0.77551019	4.4801908	8.6890373
1.1370203	0.76810044	4.4801908	8.6725807
1.1401389	0.76036853	4.4827137	8.680809
1.1401389	0.76552314	4.4818726	8.7219496
1.146376	0.76874477	4.4818726	8.7096071
1.1448166	0.78291994	4.4818726	8.7384052
1.1448166	0.77937615	4.4827137	8.7096071
1.1448166	0.78775239	4.4835544	8.7178354
1.1448166	0.80418265	4.4818726	8.7507477
1.146376	0.80837077	4.484395	8.7301769
1.1448166	0.79483998	4.4827137	8.6890373
1.1448166	0.77615452	4.484395	8.6766949
1.1448166	0.77840966	4.484395	8.7137213
1.1494945	0.7658453	4.4835544	8.6931515
1.1448166	0.77583236	4.484395	8.7260637
1.146376	0.78163129	4.484395	8.7342911
1.1494945	0.79129618	4.4860768	8.7219496
1.1494945	0.78646374	4.4860768	8.7219496
1.1510537	0.79451782	4.4852357	8.7178354
1.1526129	0.78904104	4.4835544	8.7137213
1.1494945	0.80740428	4.4835544	8.7260637
1.1541722	0.81867999	4.484395	8.7384052
1.1494945	0.80418265	4.4827137	8.7342911
1.1479353	0.79451782	4.4869175	8.7178354
1.1494945	0.7867859	4.4852357	8.7301769
1.1479353	0.78453076	4.4869175	8.6931515
1.1494945	0.78485292	4.4835544	8.7178354
1.1510537	0.79419565	4.484395	8.7096071
1.146376	0.79387349	4.4852357	8.7178354
1.1479353	0.77712101	4.4852357	8.6766949
1.1448166	0.802894	4.4852357	8.758975
1.1526129	0.78871888	4.4869175	8.7096071
1.1526129	0.79000753	4.4852357	8.7384052
1.1510537	0.78904104	4.484395	8.7178354
1.1479353	0.77937615	4.484395	8.758975
1.1432574	0.7842086	4.484395	8.7096071
1.1479353	0.76938909	4.4835544	8.6972656
1.1510537	0.77164423	4.4860768	8.6931515
1.1526129	0.75811344	4.4852357	8.6890373
1.1479353	0.77389938	4.4852357	8.7219496
1.1416981	0.78453076	4.4852357	8.7178354
1.1479353	0.78324211	4.4852357	8.7260637
1.146376	0.79097402	4.484395	8.758975
1.146376	0.80224973	4.4860768	8.7630892
1.1416981	0.80386049	4.4852357	8.7301769
1.1432574	0.78227562	4.4852357	8.6931515
1.1401389	0.79451782	4.4877586	8.7425194
1.146376	0.78549725	4.4860768	8.6931515
1.1479353	0.78871888	4.4852357	8.7466335
1.1479353	0.77132207	4.4852357	8.705493
1.1416981	0.77422154	4.4860768	8.7672033
1.146376	0.78743023	4.4852357	8.7301769
1.1416981	0.77647668	4.484395	8.7260637
1.1432574	0.78356427	4.4877586	8.7219496
1.1494945	0.76681179	4.4852357	8.7137213
1.1448166	0.77389938	4.4869175	8.7013788
1.146376	0.77969831	4.4869175	8.7178354
1.1494945	0.77518803	4.4869175	8.7219496
1.1448166	0.77486587	4.4835544	8.7630892
1.1494945	0.77937615	4.4852357	8.7137213
1.1416981	0.79065186	4.4852357	8.7260637
1.1510537	0.7780875	4.4860768	8.6849232
1.1510537	0.77422154	4.4860768	8.7301769
1.1526129	0.80192757	4.4869175	8.758975
1.1526129	0.81610268	4.4877586	8.7384052
1.1510537	0.79322916	4.4885993	8.7178354
1.1526129	0.77937615	4.4885993	8.7630892
1.1510537	0.78581941	4.4885993	8.7548618
1.1510537	0.79451782	4.4902811	8.7219496
1.1510537	0.78904104	4.4869175	8.7301769
1.1572908	0.7780875	4.4919624	8.7219496
1.1604093	0.79709512	4.4902811	8.7342911
1.1572908	0.79451782	4.4902811	8.7219496
1.1557316	0.78291994	4.4919624	8.6931515
1.1635278	0.78549725	4.4928036	8.7342911
1.1619686	0.77551019	4.4928036	8.680809
1.1604093	0.7658453	4.4936442	8.7096071
1.1557316	0.7745437	4.4911218	8.7219496
1.1588501	0.77647668	4.4928036	8.7096071
1.1604093	0.7867859	4.4936442	8.7137213
1.1604093	0.78034264	4.4894404	8.7013788
1.1557316	0.77969831	4.4928036	8.7342911
1.1510537	0.77744317	4.4928036	8.7466335
1.1541722	0.78291994	4.4919624	8.7096071
1.1557316	0.77905399	4.4919624	8.6849232
1.1526129	0.77840966	4.4928036	8.7384052
1.1588501	0.78517509	4.4928036	8.7137213
1.1572908	0.78195345	4.4911218	8.7384052
1.1588501	0.79483998	4.4928036	8.7178354
1.1541722	0.78646374	4.4919624	8.7219496
1.1588501	0.76616746	4.4936442	8.6931515
1.1588501	0.76165718	4.4928036	8.7137213
1.1526129	0.77840966	4.495326	8.7219496
1.1557316	0.80353832	4.4928036	8.7466335
1.1510537	0.80063891	4.4911218	8.7301769
1.1572908	0.79355133	4.4936442	8.7178354
1.1588501	0.79065186	4.495326	8.7137213
1.1588501	0.80031675	4.4961672	8.7260637
1.1619686	0.78517509	4.4936442	8.7384052
1.1635278	0.78356427	4.4961672	8.7178354
1.1619686	0.77679884	4.4944854	8.7178354
1.1619686	0.79451782	4.4961672	8.7342911
1.1619686	0.79419565	4.495326	8.7137213
1.1619686	0.7842086	4.4970078	8.7178354
1.1635278	0.77422154	4.4970078	8.7013788
1.1635278	0.78356427	4.4970078	8.7219496
1.1635278	0.78871888	4.4970078	8.7384052
1.1666464	0.78517509	4.5012121	8.7342911
1.1682056	0.77647668	4.4986897	8.7096071
1.1666464	0.76906693	4.4986897	8.680809
1.1650871	0.77712101	4.4986897	8.7013788
1.1650871	0.79709512	4.5012121	8.7260637
1.1713243	0.77969831	4.4995303	8.6972656
1.1666464	0.7867859	4.5012121	8.7219496
1.1682056	0.77969831	4.5028939	8.705493
1.1635278	0.77776533	4.5012121	8.705493
1.1635278	0.76487881	4.5012121	8.7013788
1.1619686	0.76971126	4.4995303	8.7384052
1.1650871	0.75167018	4.4986897	8.680809
1.1713243	0.75038153	4.500371	8.680809
1.1588501	0.75618047	4.4986897	8.6972656
1.1650871	0.75392532	4.4986897	8.7178354
1.1666464	0.75650263	4.5028939	8.7342911
1.1650871	0.76713395	4.500371	8.7137213
1.1697649	0.77744317	4.5020528	8.7301769
1.1713243	0.77551019	4.5020528	8.705493
1.1697649	0.75875777	4.5037346	8.6849232
1.1713243	0.7594021	4.5028939	8.7137213
1.1744428	0.76874477	4.5037346	8.7096071
1.176002	0.77969831	4.5037346	8.6890373
1.1666464	0.78163129	4.5045757	8.7342911
1.1744428	0.79322916	4.5045757	8.7301769
1.176002	0.79935026	4.5045757	8.7384052
1.1682056	0.80933726	4.5070977	8.7713175
1.1744428	0.79741728	4.5054164	8.7342911
1.1728835	0.78871888	4.5070977	8.7425194
1.176002	0.79000753	4.5070977	8.7137213
1.1791205	0.7658453	4.5079389	8.705493
1.1744428	0.75360316	4.5087795	8.705493
1.1713243	0.7719664	4.5079389	8.7342911
1.1775613	0.77647668	4.5070977	8.7301769
1.1775613	0.79709512	4.5079389	8.758975
1.1744428	0.80643779	4.5079389	8.7466335
1.1791205	0.80611563	4.5079389	8.758975
1.1728835	0.80740428	4.5062571	8.7425194
1.1791205	0.7990281	4.5087795	8.7301769
1.1806798	0.8016054	4.5079389	8.7425194
1.1775613	0.77679884	4.5070977	8.7096071
1.1697649	0.77067775	4.5070977	8.7301769
1.1806798	0.75392532	4.5087795	8.7096071
1.1791205	0.78195345	4.5104613	8.7630892
1.1806798	0.77422154	4.5087795	8.7507477
1.1791205	0.77551019	4.5096207	8.7425194
1.1837983	0.76874477	4.5096207	8.7137213
1.1822391	0.77551019	4.5113025	8.7260637
1.1822391	0.78324211	4.5121431	8.7301769
1.1791205	0.78646374	4.5121431	8.7301769
1.1837983	0.78581941	4.5129838	8.7178354
1.1884761	0.79709512	4.5121431	8.7342911
1.1853576	0.80418265	4.5163474	8.7795458
1.1884761	0.80965942	4.5129838	8.7342911
1.1869168	0.8090151	4.5129838	8.7301769
1.1931539	0.78098696	4.5138245	8.7178354
1.1837983	0.76713395	4.5129838	8.7260637
1.1853576	0.77035558	4.5146656	8.7219496
1.1822391	0.77132207	4.5129838	8.7219496
1.1900353	0.77261072	4.5163474	8.7425194
1.1884761	0.7658453	4.5163474	8.7507477
1.1822391	0.78614157	4.5138245	8.7548618
1.1884761	0.78936321	4.5155063	8.7466335
1.1806798	0.79032969	4.5146656	8.7507477
1.1915946	0.79419565	4.5155063	8.7630892
1.1869168	0.80611563	4.5146656	8.7507477
1.1915946	0.80386049	4.5155063	8.7466335
1.1915946	0.79709512	4.5171881	8.7301769
1.1915946	0.79838377	4.5197105	8.7630892
1.1915946	0.79322916	4.5205517	8.7178354
1.1853576	0.79870594	4.5188699	8.7425194
1.1900353	0.78839672	4.5197105	8.7219496
1.1947131	0.78968537	4.5180292	8.758975
1.1947131	0.77164423	4.5213923	8.7301769
1.1931539	0.80514914	4.5205517	8.7548618
1.1947131	0.7954843	4.5213923	8.7507477
1.1931539	0.78517509	4.5213923	8.7672033
1.1931539	0.79161835	4.5205517	8.7425194
1.1947131	0.78839672	4.5222335	8.758975
1.1931539	0.79000753	4.5222335	8.7260637
1.1947131	0.7806648	4.5222335	8.758975
1.1962725	0.80096108	4.5213923	8.7754316
1.199391	0.78904104	4.5230742	8.7425194
1.1947131	0.79355133	4.5239153	8.7301769
1.1931539	0.79967242	4.5205517	8.7672033
1.1915946	0.79580647	4.5239153	8.7137213
1.1931539	0.79194051	4.5205517	8.7260637
1.1978317	0.78904104	4.5213923	8.7466335
1.1962725	0.79419565	4.5222335	8.7425194
1.1915946	0.77744317	4.5213923	8.7342911
1.1962725	0.78646374	4.5222335	8.7301769
1.1947131	0.78002048	4.5230742	8.7466335
1.199391	0.78195345	4.5239153	8.7548618
1.1962725	0.77164423	4.5230742	8.7096071
1.1962725	0.76681179	4.524756	8.7260637
1.1978317	0.78581941	4.5222335	8.7137213
1.1947131	0.79419565	4.5255966	8.7466335
1.1962725	0.7867859	4.5255966	8.7301769
1.1962725	0.78614157	4.524756	8.758975
1.2040688	0.77937615	4.5272784	8.7096071
1.199391	0.78195345	4.5281191	8.7548618
1.2025095	0.79194051	4.5281191	8.7466335
1.1947131	0.792907	4.5289602	8.7425194
1.2025095	0.80128324	4.5298009	8.7178354
1.2040688	0.79355133	4.5298009	8.7219496
1.2025095	0.78002048	4.530642	8.705493
1.2025095	0.78259778	4.5289602	8.7219496
1.199391	0.76938909	4.5298009	8.7178354
1.2040688	0.77099991	4.5289602	8.7466335
1.2025095	0.76197934	4.5298009	8.7301769
1.1978317	0.77647668	4.5289602	8.7630892
1.199391	0.77067775	4.5298009	8.705493
1.1978317	0.7842086	4.5314827	8.7466335
1.2009503	0.77389938	4.5323234	8.6931515
1.1962725	0.77551019	4.5298009	8.7137213
1.2025095	0.77905399	4.5298009	8.7301769
1.1962725	0.80031675	4.5272784	8.7877741
1.2009503	0.80192757	4.530642	8.7507477
1.2040688	0.78291994	4.5298009	8.7137213
1.205628	0.76906693	4.5323234	8.7137213
1.2040688	0.78163129	4.533164	8.7301769
1.2009503	0.80353832	4.533164	8.7425194
1.1947131	0.80386049	4.533164	8.7342911
1.2025095	0.81545836	4.5348458	8.7342911
1.2040688	0.79161835	4.5340052	8.758975
1.2040688	0.80869293	4.533164	8.7836599
1.2103058	0.78936321	4.5348458	8.7342911
1.2071873	0.78453076	4.5340052	8.7425194
1.2118651	0.77261072	4.535687	8.7260637
1.2071873	0.75875777	4.5348458	8.7301769
1.205628	0.76165718	4.5373688	8.7137213
1.2087466	0.76520097	4.5382094	8.6972656
1.2071873	0.76810044	4.535687	8.7260637
1.2071873	0.7745437	4.5365276	8.7384052
1.2040688	0.76487881	4.5373688	8.7219496
1.205628	0.7780875	4.535687	8.758975
1.2087466	0.78227562	4.5382094	8.7219496
1.2071873	0.79580647	4.5373688	8.758975
1.2087466	0.79612863	4.5382094	8.7425194
1.2071873	0.792907	4.5373688	8.7507477
1.205628	0.76874477	4.5373688	8.7178354
1.2040688	0.77357721	4.5365276	8.7507477
1.205628	0.77647668	4.5382094	8.7425194
1.205628	0.77905399	4.5382094	8.7836599
1.2009503	0.77389938	4.5373688	8.7425194
1.2071873	0.78871888	4.5373688	8.7877741
1.2040688	0.78968537	4.5373688	8.7466335
1.2025095	0.77905399	4.535687	8.7384052
1.2040688	0.76069069	4.5382094	8.7301769
1.2025095	0.78034264	4.5373688	8.7342911
1.2040688	0.77647668	4.5365276	8.7425194
1.2040688	0.78034264	4.535687	8.758975
1.2025095	0.77551019	4.5382094	8.7466335
1.205628	0.7719664	4.535687	8.7672033
1.2103058	0.78453076	4.5390501	8.7301769
1.2071873	0.79483998	4.5390501	8.7548618
1.2071873	0.80192757	4.5415726	8.758975
1.2040688	0.78807455	4.5407319	8.7384052
1.2040688	0.78453076	4.5415726	8.7425194
1.2149836	0.78904104	4.5415726	8.7342911
1.2134243	0.79838377	4.5415726	8.7836599
1.2149836	0.78807455	4.5424137	8.7795458
1.2087466	0.77744317	4.5432544	8.7466335
1.2103058	0.78904104	4.5432544	8.758975
1.2103058	0.78002048	4.5440955	8.7548618
1.2149836	0.77164423	4.5440955	8.7342911
1.2134243	0.76648962	4.5457773	8.7301769
1.2149836	0.77905399	4.5440955	8.7507477
1.2134243	0.77969831	4.546618	8.7342911
1.2149836	0.79065186	4.5432544	8.7836599
1.2181021	0.79451782	4.5432544	8.7507477
1.2087466	0.79967242	4.5449362	8.7672033
1.2196614	0.78259778	4.5474586	8.7301769
1.2149836	0.78871888	4.546618	8.7425194
1.2149836	0.79677296	4.5474586	8.7754316
1.2165428	0.7954843	4.5457773	8.7713175
1.2118651	0.78614157	4.546618	8.7425194
1.2118651	0.79032969	4.5482993	8.7672033
1.2134243	0.77873182	4.5491405	8.7219496
1.2243392	0.77647668	4.5491405	8.7384052
1.2196614	0.77518803	4.5499811	8.7507477
1.2212207	0.78485292	4.5508223	8.7754316
1.2243392	0.79097402	4.5508223	8.7425194
1.2181021	0.79838377	4.5516629	8.758975
1.2181021	0.81545836	4.5499811	8.7877741
1.22278	0.81191456	4.5516629	8.7795458
1.2212207	0.81996864	4.5491405	8.7713175
1.2181021	0.79709512	4.5508223	8.7466335
1.2196614	0.79000753	4.5525041	8.7672033
1.2212207	0.77679884	4.5508223	8.7795458
1.2181021	0.77840966	4.5508223	8.7507477
1.2196614	0.77969831	4.5525041	8.7548618
1.2196614	0.77422154	4.5508223	8.7342911
1.22278	0.78195345	4.5516629	8.7877741
1.2243392	0.78871888	4.5533447	8.7466335
1.2258985	0.78807455	4.5533447	8.7342911
1.2274578	0.78839672	4.5558672	8.7384052
1.2258985	0.79032969	4.5550261	8.7630892
1.2274578	0.78614157	4.5550261	8.7630892
1.2243392	0.79838377	4.557549	8.7672033
1.2258985	0.79161835	4.557549	8.758975
1.2243392	0.78291994	4.557549	8.7507477
1.2243392	0.78163129	4.5558672	8.7301769
1.2258985	0.78710806	4.557549	8.758975
1.2274578	0.7990281	4.5567079	8.7630892
1.229017	0.79258484	4.5583897	8.7384052
1.2258985	0.79000753	4.5592308	8.7425194
1.2258985	0.79741728	4.5600715	8.7507477
1.2258985	0.79580647	4.5583897	8.7630892
1.2274578	0.80998158	4.5592308	8.7877741
1.229017	0.78388643	4.5583897	8.705493
1.229017	0.76874477	4.557549	8.7260637
1.2258985	0.7806648	4.5600715	8.7425194
1.2243392	0.77357721	4.5592308	8.7507477
1.2212207	0.78163129	4.5583897	8.7425194
1.2274578	0.76487881	4.5600715	8.7548618
1.2243392	0.78227562	4.5600715	8.7630892
1.2274578	0.80096108	4.5600715	8.7795458
1.2243392	0.7990281	4.5609121	8.758975
1.2243392	0.79806161	4.5600715	8.7425194
1.2258985	0.79355133	4.5600715	8.758975
1.2258985	0.79999459	4.5583897	8.7466335
1.22278	0.78871888	4.5583897	8.7260637
1.2243392	0.78936321	4.5583897	8.7466335
1.2212207	0.79065186	4.5617528	8.758975
1.2212207	0.79065186	4.5592308	8.7877741
1.2196614	0.79451782	4.5600715	8.7630892
1.2243392	0.7842086	4.5583897	8.7507477
1.2243392	0.75972426	4.5617528	8.7219496
1.2243392	0.7594021	4.5600715	8.7548618
1.2243392	0.77132207	4.5600715	8.7384052
1.2243392	0.79065186	4.5592308	8.758975
1.2243392	0.78581941	4.5600715	8.7425194
1.2321355	0.78291994	4.5617528	8.7713175
1.2258985	0.78453076	4.5625939	8.7672033
1.2321355	0.78904104	4.5625939	8.7507477
1.229017	0.78775239	4.5642757	8.7384052
1.229017	0.77293289	4.5634346	8.7301769
1.229017	0.77325505	4.5634346	8.7713175
1.2305763	0.75424749	4.5642757	8.7096071
1.2321355	0.77712101	4.5642757	8.7425194
1.2305763	0.7867859	4.5642757	8.7466335
1.2305763	0.77969831	4.5667982	8.7301769
1.2243392	0.7719664	4.5642757	8.7384052
1.2274578	0.76745611	4.5642757	8.7466335
1.2321355	0.77679884	4.5642757	8.7672033
1.2274578	0.7780875	4.5659575	8.7836599
1.2321355	0.78291994	4.5676389	8.7466335
1.2243392	0.7954843	4.5651164	8.7713175
1.229017	0.79387349	4.5667982	8.7466335
1.229017	0.80998158	4.5676389	8.7795458
1.229017	0.79419565	4.5651164	8.7301769
1.2258985	0.79935026	4.5676389	8.7507477
1.229017	0.79451782	4.5676389	8.7713175
1.2305763	0.78807455	4.5659575	8.7754316
1.2258985	0.77293289	4.5676389	8.7548618
1.2274578	0.77744317	4.5676389	8.7630892
1.2258985	0.77164423	4.5667982	8.7507477
1.2321355	0.77679884	4.5667982	8.7548618
1.2274578	0.78614157	4.5667982	8.7548618
1.2258985	0.80096108	4.5684795	8.758975
1.2243392	0.80353832	4.5642757	8.7795458
1.2321355	0.79355133	4.5667982	8.7960014
1.229017	0.78195345	4.5667982	8.7466335
1.2243392	0.7658453	4.5659575	8.7425194
1.2243392	0.78549725	4.5667982	8.7672033
1.229017	0.78968537	4.5659575	8.7836599
1.2258985	0.79355133	4.5659575	8.7713175
1.2212207	0.79387349	4.5667982	8.7672033
1.2274578	0.79483998	4.5659575	8.7630892
1.2258985	0.8141697	4.5676389	8.8206854
1.2274578	0.79451782	4.5667982	8.7630892
1.229017	0.7867859	4.5667982	8.7466335
1.2212207	0.77937615	4.5651164	8.7384052
1.2258985	0.78324211	4.5659575	8.7548618
1.2305763	0.77776533	4.5667982	8.758975
1.2258985	0.77615452	4.5676389	8.7754316
1.2258985	0.78324211	4.5684795	8.7466335
1.2274578	0.78130913	4.5693207	8.7918873
1.2321355	0.7842086	4.5701613	8.7795458
1.2258985	0.76971126	4.5701613	8.7507477
1.2321355	0.76681179	4.5710025	8.7425194
1.2321355	0.76810044	4.5701613	8.7672033
1.2258985	0.79419565	4.5718431	8.7960014
1.229017	0.79935026	4.5710025	8.7836599
1.2243392	0.78388643	4.5710025	8.7630892
1.2321355	0.78614157	4.5710025	8.7918873
1.2258985	0.77261072	4.5718431	8.7301769
1.2274578	0.77551019	4.5710025	8.7630892
1.2258985	0.78743023	4.5701613	8.7877741
1.229017	0.79935026	4.5710025	8.7877741
1.2305763	0.79677296	4.5710025	8.7877741
1.229017	0.80031675	4.5701613	8.7960014
1.2321355	0.7954843	4.5701613	8.7754316
1.2321355	0.77776533	4.573525	8.7877741
1.2305763	0.78581941	4.5710025	8.7754316
1.2258985	0.76971126	4.573525	8.7507477
1.229017	0.77099991	4.5743656	8.7466335
1.2274578	0.78002048	4.573525	8.8247995
1.22278	0.78581941	4.573525	8.7754316
1.2258985	0.80837077	4.573525	8.7918873
1.2321355	0.80869293	4.573525	8.7795458
1.2274578	0.79355133	4.5768881	8.7795458
1.2274578	0.80096108	4.5743656	8.7630892
1.2336948	0.78743023	4.573525	8.7301769
1.2274578	0.8115924	4.5752068	8.7918873
1.22278	0.81030375	4.5752068	8.7960014
1.2321355	0.8054713	4.573525	8.7960014
1.229017	0.79773945	4.573525	8.7877741
1.2368134	0.80386049	4.573525	8.7713175
1.229017	0.79838377	4.573525	8.7877741
1.229017	0.78356427	4.573525	8.7548618
1.229017	0.78195345	4.573525	8.758975
1.2274578	0.78581941	4.5743656	8.7178354
1.22278	0.78485292	4.5743656	8.758975
1.2212207	0.78807455	4.573525	8.7630892
1.229017	0.77712101	4.573525	8.7672033
1.2321355	0.77840966	4.5752068	8.7795458
1.2258985	0.79194051	4.573525	8.7795458
1.2274578	0.7954843	4.5752068	8.7672033
1.2258985	0.79773945	4.573525	8.7630892
1.229017	0.78871888	4.573525	8.7507477
1.229017	0.79580647	4.5743656	8.7425194
1.22278	0.79387349	4.573525	8.7548618
1.2212207	0.77712101	4.5743656	8.7507477
1.22278	0.76520097	4.5743656	8.7507477
1.2258985	0.77293289	4.573525	8.7672033
1.2305763	0.78581941	4.5752068	8.7836599
1.2243392	0.78839672	4.5726843	8.7713175
1.2196614	0.78549725	4.573525	8.7713175
1.2274578	0.78291994	4.5752068	8.7384052
1.2243392	0.80128324	4.5752068	8.7795458
1.2243392	0.78936321	4.573525	8.7507477
1.2196614	0.77937615	4.573525	8.7672033
1.2212207	0.76262367	4.5743656	8.7507477
1.2181021	0.76874477	4.5743656	8.7507477
1.2212207	0.78614157	4.573525	8.7754316
1.2165428	0.78517509	4.573525	8.7836599
1.2181021	0.78163129	4.5726843	8.7548618
1.2181021	0.79483998	4.573525	8.7548618
1.2196614	0.80418265	4.573525	8.7672033
1.2243392	0.7842086	4.5743656	8.758975
1.2212207	0.76423448	4.5768881	8.7548618
1.2196614	0.77422154	4.5726843	8.7836599
1.22278	0.75650263	4.573525	8.7630892
1.2196614	0.75811344	4.5768881	8.7466335
1.2212207	0.76810044	4.5726843	8.7836599
1.2243392	0.76616746	4.5752068	8.7507477
1.2212207	0.76713395	4.5752068	8.7466335
1.2212207	0.78098696	4.5752068	8.7548618
1.2181021	0.77969831	4.5743656	8.7630892
1.22278	0.77905399	4.5760474	8.7384052
1.22278	0.78163129	4.5743656	8.7466335
1.2165428	0.78871888	4.5743656	8.7795458
1.2165428	0.78936321	4.573525	8.758975
1.2134243	0.79612863	4.573525	8.7918873
1.2165428	0.80224973	4.5760474	8.7672033
1.2118651	0.802894	4.573525	8.7713175
1.2149836	0.79580647	4.573525	8.7754316
1.2103058	0.7842086	4.5743656	8.7630892
1.2165428	0.78646374	4.5743656	8.7877741
1.2165428	0.80321616	4.5726843	8.7795458
1.2181021	0.79516214	4.573525	8.7754316
1.2134243	0.7806648	4.5743656	8.7754316
1.2196614	0.7623015	4.5752068	8.7425194
1.2118651	0.78130913	4.573525	8.7630892
1.2165428	0.79806161	4.5726843	8.7877741
1.2134243	0.79967242	4.5743656	8.7630892
1.2118651	0.8054713	4.5743656	8.7630892
1.2165428	0.79870594	4.573525	8.7548618
1.2118651	0.80321616	4.573525	8.7960014
1.2134243	0.80386049	4.5760474	8.7960014
1.2087466	0.81320322	4.5743656	8.7960014
1.2149836	0.78549725	4.573525	8.7425194
1.2134243	0.77099991	4.5726843	8.758975
1.2103058	0.76938909	4.5743656	8.7342911
1.2134243	0.77293289	4.5743656	8.7672033
1.2165428	0.76520097	4.573525	8.7507477
1.2165428	0.7558583	4.573525	8.7466335
1.2149836	0.7806648	4.5743656	8.7918873
1.2196614	0.79322916	4.5752068	8.7795458
1.2087466	0.79419565	4.5752068	8.7960014
1.2118651	0.79773945	4.5752068	8.7672033
1.2212207	0.79516214	4.5743656	8.7466335
1.2118651	0.79387349	4.573525	8.7630892
1.2118651	0.78581941	4.5760474	8.758975
1.2103058	0.78356427	4.5752068	8.7754316
1.2134243	0.78549725	4.5752068	8.7630892
1.2149836	0.77937615	4.5743656	8.7301769
1.2103058	0.77228856	4.5743656	8.7507477
1.2134243	0.78098696	4.573525	8.7754316
1.2103058	0.7867859	4.573525	8.7754316
1.2134243	0.78034264	4.5760474	8.7507477
1.2118651	0.76262367	4.573525	8.7219496
1.2134243	0.76713395	4.5743656	8.7630892
1.2165428	0.78388643	4.573525	8.8083439
1.2071873	0.78388643	4.573525	8.7836599
1.2118651	0.79000753	4.573525	8.7507477
1.2103058	0.79097402	4.573525	8.7754316
1.2118651	0.79967242	4.5760474	8.7795458
1.2118651	0.80514914	4.5752068	8.7754316
1.2071873	0.80514914	4.573525	8.7877741
1.2134243	0.78807455	4.5743656	8.7507477
1.2118651	0.78839672	4.5743656	8.7713175
1.2087466	0.79226267	4.573525	8.7507477
1.2087466	0.79516214	4.573525	8.7672033
1.2087466	0.77776533	4.5726843	8.7507477
1.2087466	0.79387349	4.5726843	8.812458
1.2149836	0.80514914	4.5743656	8.7960014
1.2071873	0.78324211	4.5726843	8.7507477
1.2087466	0.79645079	4.5726843	8.7960014
1.2103058	0.78324211	4.573525	8.8083439
1.205628	0.78710806	4.573525	8.7672033
1.2040688	0.77486587	4.5743656	8.7630892
1.2087466	0.78839672	4.573525	8.7754316
1.2071873	0.78453076	4.573525	8.7795458
1.2087466	0.78163129	4.5743656	8.758975
1.2087466	0.79129618	4.573525	8.7918873
1.2087466	0.79967242	4.5752068	8.7836599
1.2071873	0.81191456	4.5726843	8.7960014
1.2087466	0.80224973	4.5743656	8.7754316
1.2071873	0.80804861	4.5726843	8.7754316
1.205628	0.80192757	4.573525	8.7672033
1.2071873	0.8016054	4.5743656	8.7877741
1.2118651	0.802894	4.5743656	8.7918873
1.2087466	0.79226267	4.5760474	8.7754316
1.2087466	0.77293289	4.5743656	8.7630892
1.205628	0.77003342	4.5752068	8.7918873
1.2087466	0.7658453	4.573525	8.7630892
1.2040688	0.77132207	4.573525	8.7507477
1.2087466	0.76262367	4.573525	8.7507477
1.2071873	0.78485292	4.5726843	8.812458
1.205628	0.80708212	4.5760474	8.7960014
1.205628	0.802894	4.573525	8.7630892
1.2071873	0.80998158	4.5752068	8.7918873
1.2071873	0.79999459	4.5752068	8.7836599
1.2071873	0.7990281	4.5743656	8.7713175
1.205628	0.78743023	4.573525	8.7548618
1.2025095	0.77840966	4.5752068	8.7754316
1.2040688	0.78227562	4.5726843	8.7672033
1.2025095	0.76681179	4.5718431	8.7548618
1.2087466	0.7684226	4.5726843	8.7466335
1.2040688	0.76777828	4.5760474	8.758975
1.2040688	0.77357721	4.5752068	8.7918873
1.205628	0.7745437	4.573525	8.7795458
1.2025095	0.792907	4.5726843	8.7918873
1.2071873	0.79709512	4.573525	8.7672033
1.2134243	0.802894	4.573525	8.7877741
1.2009503	0.792907	4.5718431	8.7384052
1.2040688	0.792907	4.5726843	8.7877741
1.2071873	0.79773945	4.5726843	8.7877741
1.2009503	0.77840966	4.5760474	8.7795458
1.2071873	0.76552314	4.5752068	8.7425194
1.2040688	0.77905399	4.5743656	8.7795458
1.2025095	0.78517509	4.5760474	8.7754316
1.2025095	0.79741728	4.5752068	8.7713175
1.2025095	0.80482697	4.5752068	8.7795458
1.2025095	0.79935026	4.5726843	8.7918873
1.2009503	0.81255889	4.5726843	8.8165722
1.205628	0.79483998	4.5726843	8.7836599
1.2040688	0.78227562	4.573525	8.7630892
1.2040688	0.76359016	4.5726843	8.7384052
1.2025095	0.76423448	4.573525	8.7672033
1.2087466	0.77003342	4.5726843	8.7836599
1.205628	0.77357721	4.573525	8.7630892
1.2025095	0.77551019	4.5743656	8.7713175
1.2009503	0.78195345	4.573525	8.7548618
1.2025095	0.76745611	4.5760474	8.7630892
1.1978317	0.77003342	4.5743656	8.7836599
1.2040688	0.77551019	4.5743656	8.7466335
1.2025095	0.79000753	4.5752068	8.758975
1.205628	0.79580647	4.573525	8.7877741
1.199391	0.79322916	4.573525	8.8042297
1.205628	0.77905399	4.5743656	8.7630892
1.2040688	0.77357721	4.5743656	8.7836599
1.2103058	0.77422154	4.5726843	8.7836599
1.2025095	0.7780875	4.573525	8.7836599
1.2009503	0.76906693	4.573525	8.758975
1.2009503	0.7745437	4.5743656	8.7425194
1.1978317	0.78388643	4.573525	8.7713175
1.199391	0.78936321	4.5743656	8.8206854
1.2009503	0.79194051	4.5743656	8.7960014
1.1962725	0.79483998	4.5760474	8.7754316
1.2040688	0.77937615	4.573525	8.7918873
1.1915946	0.78807455	4.5752068	8.7836599
1.1978317	0.7867859	4.573525	8.7836599
1.2025095	0.79677296	4.5726843	8.7672033
1.2009503	0.78936321	4.5743656	8.758975
1.2009503	0.79741728	4.573525	8.7795458
1.2009503	0.80031675	4.5726843	8.7918873
1.199391	0.80192757	4.5726843	8.7960014
1.199391	0.7990281	4.5752068	8.7836599
1.199391	0.7867859	4.5743656	8.7630892
1.1962725	0.80192757	4.5743656	8.812458
1.1962725	0.78968537	4.5726843	8.7754316
1.1978317	0.79709512	4.5752068	8.7960014
1.2025095	0.77905399	4.5760474	8.7795458
1.1978317	0.76391232	4.5760474	8.7548618
1.1978317	0.75424749	4.5726843	8.7754316
1.1962725	0.75521398	4.5743656	8.7795458
1.1962725	0.77325505	4.5743656	8.7918873
1.1931539	0.78388643	4.573525	8.7960014
1.199391	0.78549725	4.573525	8.7836599
1.1962725	0.81094807	4.573525	8.812458
1.1962725	0.8264119	4.573525	8.812458
1.1931539	0.81449187	4.5726843	8.758975
1.2040688	0.81288105	4.5743656	8.7713175
1.1978317	0.78646374	4.5743656	8.7713175
1.1978317	0.78839672	4.5743656	8.8083439
1.1962725	0.78775239	4.5743656	8.8042297
1.1947131	0.77518803	4.573525	8.7630892
1.1978317	0.7658453	4.573525	8.7960014
1.1962725	0.78581941	4.5743656	8.8001156
1.1978317	0.77615452	4.5743656	8.7548618
1.1978317	0.76552314	4.5768881	8.7425194
1.199391	0.79355133	4.573525	8.7960014
1.1962725	0.78807455	4.573525	8.7918873
1.1915946	0.80579346	4.5743656	8.8083439
1.1962725	0.78388643	4.5760474	8.7713175
1.199391	0.79580647	4.5752068	8.7836599
1.1978317	0.79355133	4.573525	8.8042297
1.1962725	0.78291994	4.573525	8.7713175
1.1978317	0.78807455	4.5718431	8.7754316
1.1947131	0.78710806	4.573525	8.7795458
1.1962725	0.7842086	4.5743656	8.7960014
1.1947131	0.79258484	4.573525	8.8001156
1.1962725	0.80096108	4.5726843	8.8083439
1.1962725	0.78453076	4.573525	8.7713175
1.1947131	0.77873182	4.5768881	8.7754316
1.1884761	0.77905399	4.5726843	8.758975
1.199391	0.76520097	4.5726843	8.7713175
1.1978317	0.77035558	4.5752068	8.7918873
1.1900353	0.792907	4.573525	8.8083439
1.1915946	0.78163129	4.573525	8.7672033
1.1962725	0.78485292	4.573525	8.7630892
1.1947131	0.77293289	4.5760474	8.7795458
1.1931539	0.7842086	4.573525	8.7960014
1.1962725	0.8090151	4.5743656	8.7960014
1.1900353	0.79516214	4.573525	8.7960014
1.199391	0.78291994	4.573525	8.7507477
1.2009503	0.77164423	4.573525	8.7918873
1.2009503	0.78517509	4.5743656	8.7713175
1.1915946	0.79032969	4.5743656	8.7836599
1.1884761	0.78034264	4.573525	8.7713175
1.1962725	0.78646374	4.573525	8.812458
1.1978317	0.79226267	4.573525	8.7713175
1.1947131	0.80063891	4.5726843	8.7877741
1.1947131	0.79387349	4.5760474	8.758975
1.1931539	0.79097402	4.5743656	8.812458
1.1931539	0.78936321	4.573525	8.7795458
1.1884761	0.7954843	4.573525	8.7918873
1.1947131	0.77486587	4.5752068	8.7672033
1.1962725	0.78807455	4.5726843	8.7507477
1.1947131	0.78453076	4.5743656	8.7713175
1.1931539	0.7954843	4.5752068	8.7836599
1.1900353	0.79355133	4.573525	8.7918873
1.1915946	0.79645079	4.5726843	8.7960014
1.1915946	0.81352538	4.5743656	8.8042297
1.1931539	0.78807455	4.573525	8.7630892
1.1915946	0.79999459	4.573525	8.7877741
1.1900353	0.7780875	4.5752068	8.758975
1.1884761	0.78291994	4.5726843	8.7918873
1.1900353	0.79000753	4.5743656	8.7836599
1.1884761	0.78291994	4.5743656	8.7795458
1.1884761	0.79483998	4.5760474	8.7795458
1.1884761	0.79709512	4.573525	8.7960014
1.1915946	0.79483998	4.5743656	8.7960014
1.1915946	0.79226267	4.5726843	8.8001156
1.1884761	0.79709512	4.573525	8.7877741
1.1884761	0.80611563	4.5752068	8.7918873
1.1915946	0.79999459	4.573525	8.7754316
1.1900353	0.8090151	4.573525	8.7877741
1.1869168	0.79355133	4.5752068	8.7960014
1.1915946	0.79355133	4.5743656	8.7630892
1.1869168	0.79838377	4.5726843	8.7960014
1.1853576	0.79226267	4.5768881	8.758975
1.1931539	0.77518803	4.5760474	8.7795458
1.1915946	0.78002048	4.573525	8.7795458
1.1915946	0.78581941	4.573525	8.7754316
1.1915946	0.78839672	4.5760474	8.758975
1.1869168	0.78710806	4.5743656	8.7960014
1.1853576	0.78775239	4.5743656	8.7754316
1.1900353	0.78388643	4.5743656	8.7713175
1.1853576	0.78968537	4.5743656	8.8001156
1.1884761	0.79709512	4.5718431	8.8083439
1.1900353	0.78936321	4.5752068	8.7836599
1.1869168	0.80031675	4.573525	8.7918873
1.1869168	0.80514914	4.5760474	8.7754316
1.1915946	0.79483998	4.5760474	8.7754316
1.1853576	0.80740428	4.5743656	8.7960014
1.1869168	0.79773945	4.5743656	8.8001156
1.1884761	0.81223673	4.573525	8.812458
1.1900353	0.8054713	4.5752068	8.7960014
1.1947131	0.79032969	4.5743656	8.7630892
1.1853576	0.78163129	4.5743656	8.7672033
1.1884761	0.77873182	4.5726843	8.7754316
1.1837983	0.78743023	4.5752068	8.7877741
1.1900353	0.78324211	4.5743656	8.8001156
1.1853576	0.78227562	4.5726843	8.758975
1.1869168	0.79451782	4.5743656	8.8042297
1.1869168	0.79806161	4.573525	8.7836599
1.1806798	0.80933726	4.5752068	8.8083439
1.1869168	0.79773945	4.573525	8.7754316
1.1869168	0.79870594	4.573525	8.7960014
1.1869168	0.79322916	4.5726843	8.7754316
1.1900353	0.7806648	4.573525	8.7713175
1.1853576	0.78098696	4.5743656	8.7507477
1.1884761	0.79773945	4.5760474	8.7836599
1.1915946	0.79806161	4.5726843	8.8042297
1.1884761	0.80257189	4.573525	8.8042297
1.1869168	0.79065186	4.573525	8.758975
1.1884761	0.7842086	4.5768881	8.7795458
1.1822391	0.7842086	4.573525	8.7795458
1.1915946	0.77357721	4.5752068	8.8042297
1.1900353	0.77969831	4.5718431	8.758975
1.1806798	0.78646374	4.573525	8.7836599
1.1884761	0.80031675	4.573525	8.7960014
1.1853576	0.8016054	4.5743656	8.8083439
1.1853576	0.8090151	4.573525	8.7960014
1.1822391	0.81191456	4.5726843	8.8001156
1.1822391	0.79709512	4.5752068	8.7960014
1.1822391	0.78936321	4.5760474	8.8042297
1.1869168	0.79387349	4.5752068	8.7672033
1.1837983	0.78839672	4.5760474	8.758975
1.1853576	0.79065186	4.573525	8.7795458
1.1853576	0.79129618	4.573525	8.8042297
1.1884761	0.79419565	4.5752068	8.7877741
1.1822391	0.8054713	4.5752068	8.8001156
1.1853576	0.78324211	4.5760474	8.758975
1.1853576	0.78614157	4.5743656	8.8083439
1.1884761	0.78195345	4.573525	8.7425194
1.1822391	0.78968537	4.5743656	8.7960014
1.1822391	0.80257189	4.5726843	8.8001156
1.1822391	0.79870594	4.5743656	8.812458
1.1869168	0.80675995	4.5718431	8.7918873
1.1837983	0.82157946	4.573525	8.812458
1.1822391	0.81545836	4.5752068	8.7836599
1.1837983	0.80708212	4.5752068	8.7918873
1.1806798	0.80482697	4.5726843	8.8042297
1.1900353	0.81223673	4.5743656	8.7960014
1.1853576	0.80031675	4.5760474	8.7630892
1.1869168	0.8016054	4.573525	8.8083439
1.1869168	0.79322916	4.5743656	8.7877741
1.1853576	0.79709512	4.573525	8.812458
1.1869168	0.78743023	4.5743656	8.7713175
1.1806798	0.78453076	4.5743656	8.7918873
1.1869168	0.77647668	4.5752068	8.758975
1.1822391	0.76745611	4.5752068	8.7630892
1.1791205	0.78775239	4.573525	8.7795458
1.1775613	0.79516214	4.573525	8.8330278
1.1775613	0.80386049	4.573525	8.7918873
1.1822391	0.80031675	4.5752068	8.7795458
1.1884761	0.8115924	4.5768881	8.7672033
1.1806798	0.802894	4.573525	8.7960014
1.1853576	0.79580647	4.573525	8.7795458
1.1822391	0.78163129	4.573525	8.758975
1.1822391	0.78646374	4.573525	8.7918873
1.1806798	0.78163129	4.573525	8.8042297
1.1837983	0.78163129	4.573525	8.7877741
1.1791205	0.78098696	4.5752068	8.7713175
1.1884761	0.7745437	4.573525	8.7630892
1.1837983	0.78936321	4.5752068	8.7918873
1.1775613	0.79516214	4.573525	8.758975
1.1822391	0.78904104	4.5743656	8.7713175
1.1791205	0.79322916	4.5752068	8.7836599
1.1822391	0.78581941	4.5743656	8.8042297
1.1822391	0.81030375	4.5752068	8.8165722
1.1822391	0.79709512	4.573525	8.7713175
1.1853576	0.792907	4.573525	8.7877741
1.1822391	0.77518803	4.5726843	8.7507477
1.1775613	0.79322916	4.5768881	8.7836599
1.1822391	0.78549725	4.5752068	8.758975
1.1822391	0.78485292	4.573525	8.7918873
1.1806798	0.78163129	4.573525	8.8001156
1.1791205	0.76906693	4.573525	8.7960014
1.1822391	0.77132207	4.573525	8.7795458
1.1853576	0.77712101	4.5752068	8.7630892
1.1822391	0.7745437	4.5743656	8.7918873
1.1744428	0.78130913	4.573525	8.7836599
1.1806798	0.79419565	4.5743656	8.7960014
1.1837983	0.78614157	4.573525	8.7630892
1.1822391	0.77873182	4.573525	8.8001156
1.1869168	0.78098696	4.573525	8.7795458
1.1791205	0.78034264	4.5743656	8.7918873
1.1822391	0.79129618	4.5726843	8.7918873
1.1822391	0.77969831	4.5760474	8.7795458
1.1775613	0.79741728	4.5768881	8.7754316
1.1869168	0.79483998	4.5752068	8.7754316
1.1869168	0.78936321	4.5760474	8.758975
1.1837983	0.77937615	4.5743656	8.7630892
1.1822391	0.76777828	4.5752068	8.7507477
1.176002	0.76487881	4.573525	8.7836599
1.1806798	0.77422154	4.5718431	8.7836599
1.1775613	0.77679884	4.573525	8.7918873
1.1822391	0.78710806	4.5743656	8.7754316
1.1775613	0.80482697	4.573525	8.8042297
1.1775613	0.79709512	4.5726843	8.7754316
1.1791205	0.7780875	4.5743656	8.7795458
1.1837983	0.78259778	4.5743656	8.758975
1.1822391	0.78614157	4.573525	8.7713175
1.1744428	0.792907	4.5743656	8.812458
1.1806798	0.78904104	4.573525	8.7672033
1.176002	0.79709512	4.5726843	8.8042297
1.1744428	0.80804861	4.5743656	8.7960014
1.1791205	0.80804861	4.5726843	8.7795458
1.1775613	0.79999459	4.5743656	8.7672033
1.1822391	0.7867859	4.5752068	8.758975
1.1775613	0.7745437	4.573525	8.7795458
1.1791205	0.78195345	4.5718431	8.7960014
1.1853576	0.77937615	4.573525	8.7960014
1.1806798	0.7658453	4.573525	8.7795458
1.176002	0.77357721	4.5726843	8.7836599
1.176002	0.7745437	4.573525	8.7672033
1.176002	0.78388643	4.5726843	8.7713175
1.176002	0.78002048	4.5743656	8.7918873
1.1775613	0.79161835	4.5743656	8.7713175
1.1775613	0.79226267	4.5752068	8.7754316
1.1775613	0.79387349	4.5743656	8.7630892
1.1775613	0.80482697	4.5743656	8.8247995
1.1728835	0.82286811	4.5760474	8.8165722
1.176002	0.81320322	4.573525	8.7877741
1.1791205	0.78968537	4.5752068	8.758975
1.176002	0.77293289	4.5752068	8.7918873
1.1775613	0.7806648	4.5752068	8.7877741
1.1697649	0.76552314	4.5726843	8.7795458
1.176002	0.7745437	4.573525	8.7877741
1.1775613	0.77164423	4.5743656	8.8042297
1.1791205	0.7719664	4.573525	8.7672033
1.1713243	0.79032969	4.573525	8.7918873
1.1775613	0.80192757	4.5752068	8.7960014
1.1728835	0.80031675	4.573525	8.7918873
1.176002	0.78646374	4.5726843	8.7630892
1.176002	0.78743023	4.5743656	8.7836599
1.1744428	0.77325505	4.5752068	8.758975
1.1791205	0.79194051	4.5743656	8.812458
1.1744428	0.77551019	4.5752068	8.7425194
1.1775613	0.77905399	4.5743656	8.7754316
1.176002	0.78195345	4.5743656	8.7672033
1.1744428	0.78324211	4.573525	8.7754316
1.1728835	0.77261072	4.573525	8.758975
1.1775613	0.78324211	4.5760474	8.7795458
1.1744428	0.7954843	4.573525	8.8001156
1.1775613	0.79419565	4.573525	8.812458
1.1744428	0.79580647	4.5743656	8.7836599
1.1713243	0.79161835	4.5726843	8.7836599
1.176002	0.78195345	4.5752068	8.7795458
1.176002	0.7806648	4.573525	8.8247995
1.1744428	0.79065186	4.5726843	8.8001156
1.176002	0.79161835	4.573525	8.7918873
1.1728835	0.79000753	4.5743656	8.7713175
1.1744428	0.80514914	4.5743656	8.8289137
1.176002	0.8016054	4.5752068	8.7754316
1.1728835	0.80675995	4.5726843	8.7548618
1.1728835	0.79999459	4.573525	8.7466335
1.176002	0.81706917	4.5752068	8.812458
1.176002	0.81062591	4.573525	8.8042297
1.176002	0.79419565	4.5743656	8.7795458
1.1744428	0.79258484	4.5752068	8.7877741
1.176002	0.79838377	4.5760474	8.7918873
1.1728835	0.78227562	4.5760474	8.7836599
1.1744428	0.78291994	4.5760474	8.7960014
1.176002	0.77873182	4.5718431	8.7960014
1.1713243	0.79065186	4.5743656	8.7836599
1.1713243	0.78356427	4.573525	8.7836599
1.1775613	0.78581941	4.5752068	8.7795458
1.1791205	0.79226267	4.5760474	8.7754316
1.1775613	0.79967242	4.5768881	8.8165722
1.1837983	0.79677296	4.5777292	8.7630892
1.1822391	0.79194051	4.5760474	8.7918873
1.1822391	0.79129618	4.5777292	8.7918873
1.1791205	0.77840966	4.5810928	8.758975
1.1837983	0.76874477	4.5777292	8.758975
1.1853576	0.7806648	4.5777292	8.7754316
1.1837983	0.78614157	4.5752068	8.8001156
1.1791205	0.78839672	4.5785699	8.812458
1.1853576	0.78259778	4.579411	8.7836599
1.1791205	0.78936321	4.5777292	8.7960014
1.176002	0.78807455	4.5785699	8.7754316
1.1791205	0.79194051	4.5777292	8.7960014
1.1853576	0.77647668	4.5777292	8.7548618
1.1791205	0.77551019	4.579411	8.7918873
1.176002	0.7780875	4.5785699	8.7836599
1.1791205	0.80643779	4.5777292	8.8453703
1.1744428	0.80257189	4.5777292	8.7960014
1.1713243	0.78904104	4.5760474	8.7754316
1.1697649	0.78034264	4.5777292	8.7836599
1.1682056	0.78710806	4.5760474	8.8001156
1.1650871	0.79580647	4.5752068	8.7960014
1.1588501	0.80063891	4.5743656	8.8001156
1.1635278	0.8090151	4.5768881	8.7754316
1.1635278	0.79612863	4.5752068	8.7960014
1.1588501	0.8090151	4.573525	8.8165722
1.1604093	0.79773945	4.573525	8.7918873
1.1619686	0.8016054	4.573525	8.8042297
1.1572908	0.77679884	4.5743656	8.7918873
1.1526129	0.77873182	4.5726843	8.7836599
1.1526129	0.76874477	4.5710025	8.758975
1.1526129	0.77873182	4.5752068	8.7630892
1.1510537	0.78453076	4.5718431	8.7960014
1.1510537	0.78904104	4.573525	8.7672033
1.1494945	0.77164423	4.573525	8.7713175
1.1526129	0.7842086	4.5718431	8.7918873
1.1494945	0.7684226	4.5726843	8.7672033
1.146376	0.77551019	4.5718431	8.7466335
1.146376	0.76359016	4.5710025	8.7548618
1.1479353	0.78904104	4.5676389	8.8083439
1.146376	0.79967242	4.5710025	8.7918873
1.1479353	0.78324211	4.5701613	8.7754316
1.146376	0.7842086	4.5726843	8.7466335
1.1401389	0.77615452	4.5710025	8.7877741
1.146376	0.76777828	4.5684795	8.7630892
1.1432574	0.77840966	4.5684795	8.7754316
1.1479353	0.78324211	4.5667982	8.7795458
1.1385796	0.78130913	4.5659575	8.7877741
1.1416981	0.77712101	4.5659575	8.7836599
1.1432574	0.78646374	4.5642757	8.7795458
1.1401389	0.7842086	4.5667982	8.7754316
1.146376	0.79226267	4.5667982	8.7960014
1.1416981	0.79483998	4.5684795	8.8001156
1.1354611	0.792907	4.5676389	8.8083439
1.1448166	0.79258484	4.5676389	8.758975
1.1385796	0.79097402	4.5676389	8.7918873
1.1354611	0.78388643	4.5667982	8.758975
1.1401389	0.77679884	4.5659575	8.7630892
1.1370203	0.77164423	4.5659575	8.7713175
1.1370203	0.79580647	4.5659575	8.8042297
1.1307833	0.79580647	4.5634346	8.8042297
1.1339018	0.79419565	4.5667982	8.8247995
1.1307833	0.77679884	4.5659575	8.7713175
1.1292239	0.79483998	4.5642757	8.8042297
1.1276647	0.80869293	4.5642757	8.8001156
1.1261054	0.79677296	4.5617528	8.7918873
1.1276647	0.78517509	4.5617528	8.758975
1.1276647	0.7780875	4.5600715	8.7713175
1.1229869	0.78259778	4.5609121	8.7713175
1.1276647	0.77840966	4.5592308	8.8001156
1.1276647	0.78807455	4.5592308	8.7713175
1.1245462	0.78710806	4.5600715	8.7877741
1.1261054	0.79483998	4.5592308	8.7754316
1.1261054	0.81545836	4.5600715	8.8330278
1.1214277	0.81835783	4.5592308	8.8165722
1.1198685	0.81674701	4.5567079	8.812458
1.1214277	0.8054713	4.5583897	8.7918873
1.1167499	0.80321616	4.5567079	8.837142
1.1198685	0.77583236	4.557549	8.7548618
1.1198685	0.78581941	4.5567079	8.7795458
1.1183091	0.78388643	4.5550261	8.8001156
1.1214277	0.79580647	4.5541854	8.8083439
1.1120721	0.79999459	4.5516629	8.7754316
1.1151906	0.80708212	4.5508223	8.8042297
1.1151906	0.82157946	4.5508223	8.8247995
1.1105129	0.80386049	4.5533447	8.812458
1.1073943	0.82125729	4.5508223	8.8206854
1.1073943	0.79516214	4.5516629	8.758975
1.1073943	0.80192757	4.5499811	8.7795458
1.1073943	0.78839672	4.5474586	8.7960014
1.1042757	0.79355133	4.546618	8.7918873
1.1027164	0.79709512	4.5449362	8.7836599
1.1011572	0.78904104	4.5449362	8.7713175
1.1042757	0.79451782	4.5457773	8.837142
1.0995979	0.79516214	4.5440955	8.7877741
1.0964794	0.79000753	4.5440955	8.7754316
1.0918016	0.78775239	4.5415726	8.7713175
1.0886831	0.79612863	4.5415726	8.7918873
1.0964794	0.79419565	4.5390501	8.8042297
1.0964794	0.7954843	4.5373688	8.8083439
