Fout	Lin	Lout	sono
0.79865974	0.45753577	5.1360512	8.8083439
0.79086339	0.5938105	5.1360512	8.8206854
0.80333757	0.66790789	5.1352105	8.7918873
0.80489683	0.70431226	5.1352105	8.812458
0.79865974	0.73620635	5.1368923	8.8165722
0.80333757	0.7658453	5.1360512	8.8206854
0.79554123	0.79000753	5.1352105	8.8289137
0.79710048	0.79806161	5.1352105	8.8042297
0.79710048	0.80257189	5.1352105	8.812458
0.79865974	0.79741728	5.1360512	8.812458
0.79710048	0.80708212	5.1368923	8.8206854
0.78462631	0.79999459	5.1335287	8.8535976
0.79086339	0.79065186	5.1352105	8.8330278
0.80333757	0.78002048	5.1360512	8.8165722
0.79710048	0.76777828	5.1368923	8.7877741
0.78774488	0.78227562	5.1368923	8.8165722
0.80333757	0.7842086	5.1360512	8.7960014
0.79554123	0.79677296	5.1352105	8.8453703
0.80177832	0.77969831	5.137733	8.812458
0.80177832	0.79451782	5.1360512	8.8206854
0.80177832	0.78517509	5.1360512	8.8001156
0.79086339	0.802894	5.1352105	8.8494844
0.79398197	0.80386049	5.1360512	8.8330278
0.800219	0.79967242	5.1343694	8.8206854
0.79242265	0.80998158	5.1352105	8.8247995
0.79865974	0.81191456	5.1368923	8.812458
0.80489683	0.79612863	5.1385736	8.7836599
0.80489683	0.78034264	5.1360512	8.8165722
0.80801529	0.77486587	5.1360512	8.8165722
0.78930414	0.77679884	5.1343694	8.8247995
0.79710048	0.78098696	5.1360512	8.8165722
0.78774488	0.77647668	5.1360512	8.8042297
0.79710048	0.79483998	5.1360512	8.8577118
0.78930414	0.81062591	5.1360512	8.8330278
0.79242265	0.81513619	5.1360512	8.8247995
0.80333757	0.81030375	5.1360512	8.837142
0.800219	0.79097402	5.1352105	8.8165722
0.80333757	0.78807455	5.1352105	8.7960014
0.80957454	0.78388643	5.1360512	8.8206854
0.80801529	0.77937615	5.1343694	8.7960014
0.79554123	0.78549725	5.1368923	8.8577118
0.79398197	0.78581941	5.137733	8.7836599
0.78774488	0.80224973	5.1360512	8.8330278
0.78930414	0.81578052	5.1343694	8.8247995
0.78930414	0.81642485	5.1335287	8.8577118
0.79554123	0.79226267	5.1360512	8.8042297
0.81269312	0.78195345	5.1352105	8.8083439
0.80645609	0.79097402	5.137733	8.8083439
0.80801529	0.78743023	5.1343694	8.8165722
0.80177832	0.77551019	5.1352105	8.7836599
0.79865974	0.7684226	5.1352105	8.8001156
0.79865974	0.78581941	5.1335287	8.812458
0.79242265	0.80128324	5.1368923	8.837142
0.80801529	0.80063891	5.1360512	8.8165722
0.79554123	0.79580647	5.1360512	8.8247995
0.800219	0.77905399	5.1360512	8.8165722
0.78306705	0.79258484	5.1343694	8.8494844
0.80801529	0.79032969	5.1343694	8.8042297
0.80177832	0.79194051	5.1360512	8.812458
0.80177832	0.78517509	5.1368923	8.8001156
0.79554123	0.78453076	5.1352105	8.8042297
0.800219	0.78195345	5.1360512	8.7918873
0.80177832	0.77261072	5.1360512	8.7960014
0.78930414	0.7745437	5.1352105	8.8289137
0.80177832	0.7719664	5.1360512	8.8206854
0.80333757	0.78710806	5.1360512	8.8289137
0.79086339	0.80224973	5.1368923	8.8412561
0.800219	0.79999459	5.1352105	8.8247995
0.79554123	0.80128324	5.1352105	8.8165722
0.79554123	0.80192757	5.1360512	8.8206854
0.78930414	0.80063891	5.1335287	8.8165722
0.78462631	0.80998158	5.1343694	8.8453703
0.78774488	0.80804861	5.1352105	8.8330278
0.80801529	0.79419565	5.1368923	8.8001156
0.79710048	0.80128324	5.1360512	8.8165722
0.79086339	0.81127024	5.1360512	8.8289137
0.79086339	0.79741728	5.1343694	8.8042297
0.80177832	0.78388643	5.1343694	8.7960014
0.79710048	0.77583236	5.1360512	8.8042297
0.80489683	0.79709512	5.1352105	8.8247995
0.80489683	0.78549725	5.1368923	8.8042297
0.80801529	0.78936321	5.1360512	8.7960014
0.80645609	0.77164423	5.1360512	8.7877741
0.79554123	0.7780875	5.1360512	8.8165722
0.79710048	0.79483998	5.1343694	8.8206854
0.79242265	0.78324211	5.1360512	8.8330278
0.79710048	0.79129618	5.1368923	8.8083439
0.79865974	0.78453076	5.1368923	8.8206854
0.79086339	0.80031675	5.1343694	8.8289137
0.79865974	0.78710806	5.1368923	8.8247995
0.800219	0.79741728	5.1352105	8.812458
0.79554123	0.79322916	5.1360512	8.8247995
0.79242265	0.79999459	5.1352105	8.8247995
0.81113386	0.79806161	5.1360512	8.837142
0.81113386	0.79419565	5.1360512	8.8001156
0.79086339	0.78324211	5.1360512	8.812458
0.79242265	0.7842086	5.1352105	8.8083439
0.79710048	0.79741728	5.1360512	8.8289137
0.80957454	0.79065186	5.1352105	8.812458
0.79865974	0.79483998	5.1352105	8.812458
0.78306705	0.7806648	5.1360512	8.8165722
0.79554123	0.78291994	5.1352105	8.8289137
0.80177832	0.78034264	5.137733	8.8083439
0.80801529	0.79065186	5.1352105	8.8083439
0.800219	0.79645079	5.1360512	8.8247995
0.79710048	0.78743023	5.1360512	8.8165722
0.78462631	0.8016054	5.1352105	8.8247995
0.78930414	0.80643779	5.1360512	8.8247995
0.79086339	0.80611563	5.1360512	8.8330278
0.80801529	0.80192757	5.1360512	8.812458
0.800219	0.80965942	5.1360512	8.8289137
0.78930414	0.79806161	5.1360512	8.8330278
0.79242265	0.79999459	5.1352105	8.8412561
0.79086339	0.79129618	5.1360512	8.8412561
0.79554123	0.79806161	5.137733	8.8165722
0.79398197	0.78324211	5.1360512	8.8083439
0.79865974	0.79226267	5.1352105	8.837142
0.80333757	0.76777828	5.1360512	8.8083439
0.81425238	0.77422154	5.1368923	8.7795458
0.79710048	0.78163129	5.1352105	8.8083439
0.81581163	0.78453076	5.1360512	8.8042297
0.79865974	0.79451782	5.1343694	8.837142
0.80801529	0.792907	5.1368923	8.8001156
0.800219	0.80804861	5.1352105	8.8247995
0.79554123	0.80998158	5.1360512	8.8165722
0.80333757	0.79322916	5.1360512	8.8083439
0.78930414	0.77873182	5.1368923	8.8206854
0.80801529	0.78549725	5.1352105	8.8001156
0.80957454	0.78259778	5.1360512	8.8083439
0.81113386	0.78646374	5.1368923	8.8165722
0.80489683	0.78775239	5.1352105	8.8165722
0.800219	0.78775239	5.1360512	8.8165722
0.80177832	0.77969831	5.1352105	8.7918873
0.80177832	0.76681179	5.137733	8.7795458
0.800219	0.78775239	5.1360512	8.8494844
0.80489683	0.7842086	5.1360512	8.8083439
0.800219	0.79870594	5.1360512	8.8330278
0.78930414	0.79645079	5.1360512	8.8289137
0.80177832	0.78743023	5.1360512	8.7795458
0.79086339	0.78324211	5.1352105	8.8206854
0.80957454	0.7867859	5.1360512	8.7877741
0.78774488	0.78098696	5.1360512	8.8083439
0.81113386	0.78163129	5.1352105	8.8165722
0.78930414	0.80192757	5.1368923	8.8247995
0.79086339	0.8090151	5.1352105	8.8535976
0.78774488	0.82093513	5.1352105	8.8453703
0.80489683	0.79226267	5.1360512	8.8083439
0.80177832	0.78839672	5.1368923	8.8289137
0.80801529	0.77228856	5.1360512	8.7918873
0.78306705	0.78549725	5.1335287	8.8165722
0.80801529	0.78807455	5.1360512	8.8247995
0.79554123	0.79226267	5.1352105	8.8165722
0.80333757	0.78743023	5.1360512	8.8001156
0.800219	0.78904104	5.1352105	8.8042297
0.79086339	0.80386049	5.1368923	8.8782825
0.800219	0.80450481	5.1368923	8.8289137
0.78306705	0.8054713	5.1352105	8.8247995
0.80801529	0.78646374	5.1360512	8.8001156
0.79086339	0.79387349	5.1360512	8.8330278
0.800219	0.80643779	5.137733	8.8042297
0.80801529	0.78904104	5.1343694	8.8165722
0.79554123	0.78388643	5.1368923	8.8289137
0.79398197	0.77132207	5.1360512	8.8535976
0.79554123	0.77551019	5.1343694	8.8083439
0.78618562	0.78710806	5.1352105	8.8247995
0.81425238	0.78904104	5.1368923	8.8083439
0.80645609	0.78324211	5.1326876	8.8042297
0.800219	0.79741728	5.1352105	8.8165722
0.79086339	0.79226267	5.1352105	8.8042297
0.79710048	0.77389938	5.1360512	8.8206854
0.78774488	0.79258484	5.1352105	8.8741684
0.79242265	0.78710806	5.1360512	8.8165722
0.80957454	0.78163129	5.1368923	8.8042297
0.79554123	0.78324211	5.1360512	8.812458
0.800219	0.79741728	5.1352105	8.8247995
0.78618562	0.8115924	5.1368923	8.8577118
0.800219	0.8141697	5.1368923	8.8042297
0.80801529	0.79129618	5.137733	8.7795458
0.800219	0.78904104	5.137733	8.837142
0.80801529	0.78710806	5.1360512	8.8330278
0.80489683	0.78968537	5.137733	8.8042297
0.79865974	0.78324211	5.1343694	8.8247995
0.78618562	0.77776533	5.1352105	8.8289137
0.81113386	0.76262367	5.1368923	8.8042297
0.79086339	0.7842086	5.1360512	8.8289137
0.80645609	0.78227562	5.1385736	8.7960014
0.80333757	0.77937615	5.1368923	8.8001156
0.80489683	0.78710806	5.1368923	8.8289137
0.79554123	0.8016054	5.1343694	8.8330278
0.78930414	0.802894	5.1368923	8.8289137
0.80489683	0.78485292	5.1352105	8.8165722
0.80333757	0.78775239	5.1360512	8.8494844
0.79398197	0.78904104	5.1352105	8.8083439
0.80645609	0.78195345	5.1360512	8.7836599
0.80177832	0.76971126	5.1368923	8.7713175
0.80177832	0.79194051	5.137733	8.8165722
0.78930414	0.80965942	5.1360512	8.8618259
0.79086339	0.80386049	5.1352105	8.8247995
0.79242265	0.79000753	5.1368923	8.8206854
0.80177832	0.78163129	5.1368923	8.8206854
0.79242265	0.77551019	5.1352105	8.8165722
0.80801529	0.77615452	5.1343694	8.8001156
0.79086339	0.78581941	5.1352105	8.8289137
0.800219	0.79226267	5.1360512	8.8453703
0.79554123	0.80386049	5.1360512	8.812458
0.80489683	0.78968537	5.1360512	8.8165722
0.80333757	0.79741728	5.1360512	8.812458
0.79710048	0.79677296	5.1368923	8.837142
0.80333757	0.8115924	5.137733	8.8289137
0.80177832	0.79999459	5.1368923	8.8001156
0.79554123	0.80224973	5.1368923	8.8042297
0.79086339	0.78871888	5.1343694	8.8535976
0.78774488	0.79419565	5.1343694	8.8453703
0.800219	0.78453076	5.1360512	8.8083439
0.80645609	0.7842086	5.1352105	8.812458
0.80489683	0.7745437	5.1385736	8.7960014
0.80333757	0.78453076	5.1343694	8.8165722
0.80177832	0.79709512	5.1360512	8.812458
0.78618562	0.80514914	5.1368923	8.8494844
0.79865974	0.79999459	5.1343694	8.8494844
0.81737089	0.78871888	5.1360512	8.7918873
0.80177832	0.7842086	5.1360512	8.8001156
0.80645609	0.79000753	5.1360512	8.8042297
0.80489683	0.79451782	5.1352105	8.8330278
0.82048947	0.79516214	5.1360512	8.8042297
0.79865974	0.80933726	5.1352105	8.812458
0.800219	0.8115924	5.1360512	8.8289137
0.79086339	0.81449187	5.1352105	8.8535976
0.80177832	0.80224973	5.1352105	8.8042297
0.78774488	0.80837077	5.1343694	8.8577118
0.79086339	0.79580647	5.1352105	8.812458
0.80801529	0.79999459	5.137733	8.8042297
0.80489683	0.78130913	5.1368923	8.7836599
0.79865974	0.77647668	5.1360512	8.8042297
0.80645609	0.77583236	5.137733	8.8001156
0.81269312	0.78034264	5.137733	8.812458
0.79710048	0.79677296	5.1352105	8.8165722
0.80177832	0.79355133	5.1343694	8.8001156
0.79242265	0.79645079	5.1335287	8.8289137
0.79865974	0.78130913	5.1368923	8.812458
0.79710048	0.79097402	5.1352105	8.7918873
0.80489683	0.79161835	5.1352105	8.8042297
0.78930414	0.79419565	5.1352105	8.837142
0.79710048	0.79161835	5.1360512	8.812458
0.78774488	0.78291994	5.1335287	8.7960014
0.79398197	0.8054713	5.1352105	8.8289137
0.79710048	0.81127024	5.1360512	8.8453703
0.80177832	0.80675995	5.1343694	8.8412561
0.81425238	0.78130913	5.1343694	8.8165722
0.80801529	0.77099991	5.1352105	8.7877741
0.80645609	0.78291994	5.1360512	8.8042297
0.79710048	0.79419565	5.1368923	8.8494844
0.80801529	0.78549725	5.1343694	8.8001156
0.80645609	0.79483998	5.1368923	8.8083439
0.79086339	0.79838377	5.1360512	8.8206854
0.78618562	0.802894	5.1368923	8.8247995
0.79554123	0.7867859	5.1352105	8.8247995
0.80801529	0.78163129	5.1360512	8.8042297
0.80333757	0.78195345	5.1360512	8.7960014
0.79554123	0.77099991	5.1360512	8.8165722
0.79554123	0.78195345	5.1335287	8.8494844
0.81113386	0.77518803	5.1352105	8.8165722
0.79398197	0.78839672	5.1368923	8.8412561
0.79086339	0.80128324	5.1360512	8.837142
0.79242265	0.80643779	5.1343694	8.8494844
0.81269312	0.80740428	5.137733	8.8083439
0.81113386	0.79194051	5.1368923	8.7918873
0.78774488	0.79451782	5.1352105	8.7918873
0.77683008	0.78259778	5.1343694	8.8165722
0.80177832	0.78936321	5.1368923	8.8165722
0.80177832	0.80031675	5.1360512	8.8247995
0.80957454	0.79677296	5.137733	8.8083439
0.80333757	0.802894	5.1360512	8.8165722
0.80333757	0.80031675	5.1360512	8.8083439
0.78618562	0.79935026	5.1335287	8.8247995
0.81269312	0.79387349	5.1352105	8.8001156
0.81581163	0.7780875	5.1368923	8.7918873
0.80645609	0.78614157	5.1360512	8.812458
0.79865974	0.78356427	5.1352105	8.8289137
0.80489683	0.79129618	5.1360512	8.7960014
0.80333757	0.7806648	5.1360512	8.8042297
0.79710048	0.79097402	5.1368923	8.8289137
0.80333757	0.78807455	5.1343694	8.8165722
0.79398197	0.792907	5.1360512	8.837142
0.79710048	0.7990281	5.1343694	8.812458
0.79710048	0.80257189	5.1352105	8.8289137
0.78618562	0.81288105	5.1343694	8.8494844
0.78774488	0.81449187	5.1360512	8.8289137
0.79398197	0.80128324	5.1360512	8.8165722
0.79554123	0.80740428	5.1352105	8.8453703
0.79086339	0.81803566	5.1368923	8.837142
0.81425238	0.8054713	5.1352105	8.8001156
0.79086339	0.79999459	5.1352105	8.8247995
0.79554123	0.79355133	5.1343694	8.8042297
0.77838933	0.80063891	5.1335287	8.8289137
0.79398197	0.79612863	5.1352105	8.8494844
0.79710048	0.80096108	5.1352105	8.8330278
0.80645609	0.78002048	5.137733	8.7960014
0.80489683	0.78775239	5.1360512	8.812458
0.80177832	0.79419565	5.137733	8.8247995
0.79710048	0.79161835	5.1326876	8.812458
0.80177832	0.80031675	5.1352105	8.8330278
0.80801529	0.79226267	5.1352105	8.7836599
0.81113386	0.80450481	5.1352105	8.8165722
0.79554123	0.79516214	5.1368923	8.8165722
0.79710048	0.79516214	5.1360512	8.8453703
0.79554123	0.78324211	5.1360512	8.8001156
0.80333757	0.78549725	5.1343694	8.7960014
0.78306705	0.79741728	5.1385736	8.8289137
0.79398197	0.78710806	5.1360512	8.8083439
0.800219	0.79741728	5.1368923	8.8083439
0.80957454	0.78130913	5.1368923	8.7795458
0.79086339	0.78549725	5.1343694	8.8042297
0.79086339	0.79226267	5.1360512	8.8494844
0.78462631	0.79226267	5.1368923	8.8247995
0.79710048	0.79580647	5.1360512	8.8330278
0.79554123	0.79355133	5.1360512	8.8289137
0.80177832	0.80772644	5.1352105	8.8247995
0.80801529	0.80257189	5.1368923	8.8042297
0.80177832	0.78002048	5.1343694	8.7960014
0.80645609	0.76359016	5.1352105	8.7960014
0.80177832	0.77293289	5.1343694	8.812458
0.80801529	0.77744317	5.1360512	8.8083439
0.80177832	0.78936321	5.1368923	8.8165722
0.800219	0.8016054	5.1360512	8.837142
0.79554123	0.79709512	5.1352105	8.7960014
0.79086339	0.80482697	5.1368923	8.8412561
0.79086339	0.79258484	5.1360512	8.8165722
0.79554123	0.79870594	5.1335287	8.8206854
0.79710048	0.79677296	5.1360512	8.8412561
0.81269312	0.78807455	5.1360512	8.7918873
0.78930414	0.78871888	5.1360512	8.812458
0.800219	0.78195345	5.1352105	8.8206854
0.78618562	0.79000753	5.1335287	8.8330278
0.79086339	0.77969831	5.1352105	8.8083439
0.77683008	0.78936321	5.1368923	8.8165722
0.79865974	0.78807455	5.1360512	8.8042297
0.79710048	0.78259778	5.1352105	8.8042297
0.800219	0.76487881	5.137733	8.7836599
0.81269312	0.77132207	5.1352105	8.7836599
0.800219	0.78130913	5.1343694	8.8289137
0.81113386	0.79226267	5.1360512	8.812458
0.79865974	0.79322916	5.1343694	8.837142
0.80645609	0.77969831	5.1352105	8.7960014
0.79554123	0.79999459	5.1326876	8.8453703
0.79086339	0.80514914	5.1352105	8.8412561
0.79865974	0.78002048	5.1352105	8.8083439
0.800219	0.7684226	5.1360512	8.8042297
0.80333757	0.78098696	5.1360512	8.812458
0.80333757	0.77132207	5.1343694	8.8206854
0.80645609	0.79645079	5.137733	8.8577118
0.80801529	0.78968537	5.1368923	8.7960014
0.800219	0.78291994	5.1352105	8.812458
0.80489683	0.77293289	5.1360512	8.7960014
0.79865974	0.7745437	5.1352105	8.8001156
0.79710048	0.79677296	5.1360512	8.837142
0.80957454	0.80096108	5.1343694	8.8289137
0.78618562	0.79516214	5.1360512	8.8165722
0.79554123	0.8016054	5.1360512	8.8453703
0.80333757	0.80418265	5.1368923	8.8042297
0.79865974	0.81094807	5.1360512	8.8247995
0.80801529	0.79741728	5.137733	8.812458
0.80177832	0.77776533	5.1360512	8.8206854
0.79554123	0.78227562	5.1360512	8.8289137
0.78462631	0.78968537	5.1368923	8.8165722
0.79242265	0.7806648	5.1352105	8.7960014
0.79398197	0.78098696	5.1352105	8.8206854
0.80489683	0.78227562	5.1360512	8.8165722
0.80177832	0.79065186	5.1360512	8.8289137
0.80645609	0.79645079	5.137733	8.8165722
0.80333757	0.79322916	5.1352105	8.8330278
0.79710048	0.80031675	5.1368923	8.8453703
0.79554123	0.80804861	5.1352105	8.8083439
0.800219	0.80321616	5.1352105	8.8042297
0.80333757	0.80128324	5.137733	8.7960014
0.79086339	0.79935026	5.1360512	8.8083439
0.79554123	0.79483998	5.1360512	8.8206854
0.79242265	0.78936321	5.1335287	8.8206854
0.80801529	0.78163129	5.1352105	8.837142
0.79554123	0.80257189	5.1352105	8.8494844
0.81581163	0.79161835	5.1352105	8.8042297
0.800219	0.7867859	5.1352105	8.812458
0.78462631	0.78614157	5.1352105	8.8083439
0.78618562	0.79355133	5.1360512	8.8330278
0.800219	0.77325505	5.1352105	8.7960014
0.80489683	0.78614157	5.1352105	8.8412561
0.81113386	0.7745437	5.1360512	8.8206854
0.80801529	0.7745437	5.1360512	8.812458
0.79710048	0.78871888	5.1360512	8.8247995
0.79398197	0.79516214	5.1360512	8.8206854
0.79710048	0.79999459	5.1352105	8.8165722
0.79086339	0.81835783	5.1352105	8.8289137
0.78930414	0.80418265	5.1360512	8.8042297
0.80333757	0.78646374	5.1352105	8.8042297
0.79242265	0.78002048	5.1368923	8.8289137
0.79554123	0.7780875	5.1368923	8.8083439
0.800219	0.77583236	5.1360512	8.8083439
0.81269312	0.77099991	5.137733	8.8083439
0.80333757	0.77518803	5.137733	8.8165722
0.78306705	0.78871888	5.1368923	8.837142
0.78930414	0.79935026	5.1352105	8.8289137
0.81113386	0.78163129	5.1368923	8.7918873
0.78774488	0.77905399	5.1360512	8.7960014
0.80177832	0.79000753	5.1352105	8.837142
0.80957454	0.78130913	5.1360512	8.7918873
0.79710048	0.7806648	5.1368923	8.812458
0.80645609	0.7806648	5.1368923	8.7960014
0.80333757	0.79645079	5.1368923	8.8330278
0.79242265	0.79677296	5.137733	8.8165722
0.800219	0.79612863	5.1343694	8.7960014
0.78930414	0.78904104	5.1368923	8.8206854
0.80489683	0.77067775	5.1360512	8.7918873
0.79554123	0.79065186	5.1360512	8.8412561
0.78774488	0.7954843	5.1360512	8.8247995
0.80489683	0.78936321	5.1343694	8.7918873
0.81425238	0.78195345	5.137733	8.8247995
0.80957454	0.77325505	5.1360512	8.8042297
0.78930414	0.79838377	5.1360512	8.8412561
0.79710048	0.77293289	5.1360512	8.7754316
0.800219	0.78453076	5.1352105	8.8453703
0.80177832	0.77647668	5.137733	8.7960014
0.79710048	0.77905399	5.1360512	8.8289137
0.80333757	0.78130913	5.1352105	8.8165722
0.79086339	0.792907	5.1352105	8.8494844
0.78930414	0.7990281	5.1335287	8.8247995
0.78930414	0.80579346	5.137733	8.8247995
0.80489683	0.80611563	5.1352105	8.7960014
0.80333757	0.80643779	5.137733	8.8453703
0.79865974	0.82190162	5.137733	8.8412561
0.79710048	0.80031675	5.1368923	8.8165722
0.80801529	0.79000753	5.1360512	8.812458
0.81113386	0.78324211	5.1352105	8.812458
0.79242265	0.78807455	5.1368923	8.8412561
0.79242265	0.78614157	5.1360512	8.8001156
0.79710048	0.77937615	5.1352105	8.8001156
0.79242265	0.79419565	5.1352105	8.8330278
0.80489683	0.80224973	5.1360512	8.837142
0.79398197	0.792907	5.1352105	8.7836599
0.80333757	0.79773945	5.1343694	8.812458
0.78930414	0.78839672	5.1343694	8.8412561
0.79086339	0.78936321	5.1352105	8.8330278
0.79710048	0.79032969	5.1352105	8.8083439
0.80489683	0.79161835	5.1368923	8.8001156
0.79086339	0.80224973	5.1368923	8.8330278
0.80333757	0.80031675	5.1360512	8.812458
0.79086339	0.80740428	5.1352105	8.8247995
0.79710048	0.79516214	5.137733	8.8083439
0.78930414	0.80933726	5.1352105	8.8494844
0.79242265	0.8054713	5.1352105	8.837142
0.80645609	0.8054713	5.1360512	8.8289137
0.79086339	0.79773945	5.1343694	8.8412561
0.79242265	0.79000753	5.1360512	8.8206854
0.81269312	0.79870594	5.1352105	8.8247995
0.80489683	0.78936321	5.1368923	8.7877741
0.80489683	0.77551019	5.1368923	8.8083439
0.79865974	0.78710806	5.1352105	8.8083439
0.79554123	0.80418265	5.1360512	8.8659401
0.800219	0.81030375	5.1360512	8.8247995
0.79554123	0.81578052	5.1343694	8.837142
0.79398197	0.79451782	5.1368923	8.8001156
0.79554123	0.77712101	5.1368923	8.8083439
0.80177832	0.7842086	5.1360512	8.8206854
0.80645609	0.78871888	5.1352105	8.812458
0.79554123	0.79806161	5.1352105	8.8453703
0.800219	0.79967242	5.1352105	8.837142
0.79710048	0.79355133	5.1352105	8.812458
0.79398197	0.80321616	5.1343694	8.837142
0.80333757	0.78614157	5.1352105	8.8083439
0.80177832	0.79709512	5.1368923	8.8412561
0.81269312	0.79032969	5.1360512	8.7960014
0.80333757	0.78646374	5.1352105	8.8206854
0.80645609	0.79065186	5.1360512	8.8247995
0.79242265	0.79355133	5.1360512	8.8535976
0.80333757	0.78807455	5.1352105	8.8001156
0.80489683	0.77840966	5.1368923	8.7960014
0.80801529	0.78453076	5.1368923	8.8001156
0.79086339	0.79645079	5.1360512	8.8247995
0.78774488	0.79032969	5.1343694	8.812458
0.79086339	0.79870594	5.1360512	8.8412561
0.80177832	0.80514914	5.1360512	8.8165722
0.79086339	0.77744317	5.1360512	8.8289137
0.80489683	0.75907993	5.1352105	8.8001156
0.79710048	0.76423448	5.1360512	8.8083439
0.80177832	0.78646374	5.1352105	8.8412561
0.80177832	0.78291994	5.1360512	8.812458
0.80177832	0.78775239	5.1352105	8.8165722
0.79865974	0.78646374	5.1360512	8.8042297
0.78618562	0.80063891	5.1360512	8.8412561
0.80801529	0.79580647	5.1352105	8.8165722
0.79242265	0.80837077	5.1343694	8.8330278
0.80489683	0.81867999	5.137733	8.812458
0.81113386	0.78839672	5.1343694	8.7713175
0.81113386	0.78743023	5.1343694	8.812458
0.800219	0.80128324	5.1360512	8.8412561
0.79865974	0.802894	5.1360512	8.7960014
0.79865974	0.79580647	5.1343694	8.8247995
0.80801529	0.80128324	5.1352105	8.8206854
0.80645609	0.7806648	5.1368923	8.7960014
0.79865974	0.78324211	5.1352105	8.8001156
0.79710048	0.79967242	5.1343694	8.8289137
0.80801529	0.80386049	5.137733	8.8042297
0.80177832	0.79870594	5.1352105	8.837142
0.79865974	0.79387349	5.1352105	8.8165722
0.81113386	0.79322916	5.1352105	8.812458
0.78774488	0.79967242	5.1335287	8.8577118
0.79554123	0.80450481	5.1368923	8.8289137
0.79242265	0.79773945	5.1343694	8.8330278
0.78618562	0.80224973	5.1360512	8.812458
0.79554123	0.80031675	5.1360512	8.8083439
0.79710048	0.80321616	5.1368923	8.8206854
0.79086339	0.80804861	5.1360512	8.8494844
0.800219	0.78517509	5.1360512	8.7918873
0.800219	0.78710806	5.1360512	8.837142
0.800219	0.78968537	5.1360512	8.8412561
0.79710048	0.78453076	5.1352105	8.8042297
0.79086339	0.77969831	5.1360512	8.8206854
0.79554123	0.78195345	5.1368923	8.8289137
0.78774488	0.78839672	5.1360512	8.8247995
0.81581163	0.78259778	5.1360512	8.7836599
0.79242265	0.79773945	5.1335287	8.8412561
0.80177832	0.8054713	5.1368923	8.8247995
0.79710048	0.79935026	5.1352105	8.8412561
0.80801529	0.80321616	5.1352105	8.7960014
0.80333757	0.80418265	5.1368923	8.8247995
0.79242265	0.82157946	5.1343694	8.8453703
0.79242265	0.79741728	5.1360512	8.8330278
0.80333757	0.79387349	5.1352105	8.7877741
0.81113386	0.79226267	5.1368923	8.8165722
0.80801529	0.78839672	5.1352105	8.8165722
0.79710048	0.79516214	5.1352105	8.8741684
0.80957454	0.79226267	5.1368923	8.812458
0.79086339	0.802894	5.1360512	8.8330278
0.80177832	0.7806648	5.1343694	8.7960014
0.79710048	0.76971126	5.1343694	8.7960014
0.80645609	0.77647668	5.1352105	8.7960014
0.79865974	0.78388643	5.1368923	8.7960014
0.79086339	0.77583236	5.1352105	8.7918873
0.78462631	0.78517509	5.1368923	8.8782825
0.79086339	0.81030375	5.1352105	8.8535976
0.800219	0.82254595	5.1352105	8.8494844
0.80645609	0.8090151	5.1352105	8.812458
0.80489683	0.79999459	5.1352105	8.8083439
0.80333757	0.79258484	5.1360512	8.8001156
0.80177832	0.79226267	5.1352105	8.812458
0.81425238	0.7867859	5.1368923	8.7960014
0.79242265	0.78775239	5.1352105	8.8247995
0.79865974	0.77712101	5.1360512	8.8042297
0.800219	0.77003342	5.1360512	8.8083439
0.81113386	0.77486587	5.1360512	8.8165722
0.79242265	0.77325505	5.1360512	8.8083439
0.79710048	0.76971126	5.137733	8.7877741
0.78618562	0.77744317	5.1343694	8.837142
0.79865974	0.7780875	5.1360512	8.7960014
0.80489683	0.77647668	5.1360512	8.7877741
0.79554123	0.78743023	5.137733	8.7918873
0.79398197	0.78904104	5.1360512	8.837142
0.80177832	0.79999459	5.1360512	8.8247995
0.81269312	0.78968537	5.137733	8.7960014
0.80177832	0.77937615	5.1352105	8.837142
0.81737089	0.77389938	5.1360512	8.812458
0.80489683	0.78710806	5.1360512	8.8206854
0.79554123	0.77937615	5.1343694	8.812458
0.79710048	0.78710806	5.1352105	8.8165722
0.78930414	0.802894	5.1343694	8.8289137
0.79710048	0.79258484	5.1360512	8.8165722
0.78618562	0.80804861	5.1352105	8.8577118
0.79554123	0.802894	5.1352105	8.8700542
0.79865974	0.80096108	5.1360512	8.8289137
0.80801529	0.7842086	5.137733	8.7960014
0.79710048	0.79870594	5.1360512	8.8247995
0.80333757	0.78163129	5.1360512	8.8001156
0.79554123	0.78710806	5.1352105	8.8247995
0.80489683	0.78195345	5.1352105	8.7754316
0.79865974	0.77679884	5.1352105	8.8247995
0.79710048	0.79226267	5.1385736	8.8289137
0.80489683	0.78098696	5.1360512	8.7960014
0.800219	0.77712101	5.1360512	8.7918873
0.79398197	0.77003342	5.1352105	8.7836599
0.79865974	0.79709512	5.137733	8.8618259
0.79554123	0.80965942	5.1352105	8.8453703
0.80177832	0.81094807	5.1343694	8.812458
0.79710048	0.80192757	5.1352105	8.812458
0.80957454	0.80096108	5.1343694	8.8289137
0.80489683	0.79967242	5.1360512	8.8289137
0.800219	0.78227562	5.1368923	8.7918873
0.79710048	0.78743023	5.1352105	8.8206854
0.80489683	0.76713395	5.137733	8.812458
0.79398197	0.78839672	5.1352105	8.837142
0.81425238	0.77647668	5.1360512	8.8083439
0.79865974	0.77486587	5.1360512	8.7877741
0.79086339	0.77905399	5.1360512	8.812458
0.78930414	0.80031675	5.1343694	8.8289137
0.78618562	0.8115924	5.1343694	8.8453703
0.80645609	0.80998158	5.1352105	8.8001156
0.80645609	0.80353832	5.1360512	8.8247995
0.81269312	0.79645079	5.1360512	8.8206854
0.79554123	0.80321616	5.1343694	8.8247995
0.79398197	0.7780875	5.1352105	8.8206854
0.80177832	0.77357721	5.1352105	8.7795458
0.79086339	0.77969831	5.1360512	8.8206854
0.78774488	0.78904104	5.1368923	8.8247995
0.79086339	0.80675995	5.1343694	8.8412561
0.79710048	0.80869293	5.1402555	8.8453703
0.79086339	0.81062591	5.1343694	8.8412561
0.80333757	0.78163129	5.1360512	8.8001156
0.80489683	0.77518803	5.137733	8.812458
0.79554123	0.79580647	5.1352105	8.8247995
0.81269312	0.80353832	5.1343694	8.8042297
0.80177832	0.7990281	5.1352105	8.7960014
0.78462631	0.78775239	5.1343694	8.8289137
0.78774488	0.80933726	5.1352105	8.8494844
0.79242265	0.81867999	5.1360512	8.8412561
0.79710048	0.80611563	5.1360512	8.8289137
0.79710048	0.78195345	5.137733	8.8083439
0.800219	0.7867859	5.1360512	8.8330278
0.800219	0.7719664	5.1368923	8.8206854
0.81269312	0.7745437	5.137733	8.7795458
0.80645609	0.78227562	5.1360512	8.7960014
0.81113386	0.79870594	5.137733	8.8206854
0.80957454	0.79065186	5.1360512	8.7918873
0.800219	0.79677296	5.1360512	8.8247995
0.79710048	0.80224973	5.1343694	8.8330278
0.80489683	0.80450481	5.1360512	8.8206854
0.800219	0.79773945	5.1360512	8.8494844
0.80801529	0.78710806	5.1360512	8.8001156
0.80957454	0.78614157	5.1360512	8.7877741
0.80489683	0.79322916	5.1352105	8.8042297
0.79398197	0.80128324	5.1360512	8.8577118
0.81269312	0.79419565	5.1335287	8.8042297
0.79710048	0.80514914	5.1352105	8.8247995
0.80801529	0.80192757	5.1360512	8.8083439
0.79398197	0.7842086	5.1360512	8.8412561
0.79242265	0.77905399	5.1360512	8.8247995
0.79554123	0.78968537	5.1360512	8.8083439
0.79086339	0.80450481	5.1360512	8.8330278
0.80333757	0.78839672	5.137733	8.812458
0.79865974	0.79645079	5.1343694	8.8412561
0.80957454	0.78549725	5.1360512	8.7960014
0.79554123	0.79677296	5.1335287	8.8042297
0.81425238	0.79612863	5.1360512	8.837142
0.79865974	0.7990281	5.1352105	8.8412561
0.80489683	0.80386049	5.1352105	8.8247995
0.79865974	0.802894	5.1360512	8.8042297
0.800219	0.80321616	5.1352105	8.8042297
0.79242265	0.80386049	5.1360512	8.8165722
0.800219	0.79645079	5.1352105	8.8206854
0.79398197	0.79097402	5.1352105	8.8289137
0.81113386	0.77422154	5.1352105	8.8083439
0.78774488	0.77228856	5.1352105	8.8247995
0.79242265	0.77969831	5.1360512	8.8165722
0.78774488	0.78195345	5.1352105	8.8206854
0.80801529	0.79419565	5.1385736	8.8083439
0.79865974	0.79226267	5.1360512	8.7918873
0.78150779	0.80514914	5.1360512	8.8412561
0.79242265	0.80772644	5.1352105	8.8083439
0.800219	0.80031675	5.1352105	8.8165722
0.81113386	0.78839672	5.1352105	8.8001156
0.79710048	0.80031675	5.1360512	8.8330278
0.800219	0.81610268	5.1360512	8.837142
0.81113386	0.8054713	5.1343694	8.7960014
0.78930414	0.78871888	5.1343694	8.7960014
0.80489683	0.78324211	5.1343694	8.8001156
0.800219	0.79000753	5.1352105	8.8247995
0.81113386	0.7806648	5.137733	8.8042297
0.800219	0.77937615	5.1352105	8.7877741
0.80801529	0.7684226	5.1368923	8.8001156
0.79554123	0.78227562	5.1352105	8.8165722
0.78774488	0.79322916	5.1352105	8.812458
0.79398197	0.79773945	5.1326876	8.8453703
0.78462631	0.80740428	5.1352105	8.8494844
0.79086339	0.802894	5.1368923	8.8330278
0.78618562	0.81674701	5.1352105	8.8700542
0.79554123	0.8090151	5.1352105	8.8453703
0.79398197	0.81288105	5.1360512	8.8289137
0.79865974	0.7990281	5.1368923	8.7960014
0.79865974	0.78581941	5.1352105	8.8165722
0.79710048	0.79032969	5.1352105	8.8330278
0.80801529	0.79000753	5.1360512	8.8001156
0.78618562	0.79741728	5.137733	8.8289137
0.79554123	0.79773945	5.1352105	8.8165722
0.77838933	0.79612863	5.1352105	8.8659401
0.79865974	0.80675995	5.1343694	8.8535976
0.79398197	0.81642485	5.1360512	8.837142
0.81113386	0.7990281	5.1385736	8.7960014
0.800219	0.78968537	5.1360512	8.8042297
0.79865974	0.78227562	5.1352105	8.8165722
0.78774488	0.78614157	5.1352105	8.8165722
0.80489683	0.79000753	5.1352105	8.8165722
0.80333757	0.78743023	5.1343694	8.812458
0.78930414	0.81739134	5.1360512	8.8577118
0.80177832	0.79677296	5.1360512	8.8165722
0.79865974	0.81127024	5.1360512	8.8042297
0.81269312	0.802894	5.1360512	8.8083439
0.79086339	0.80772644	5.1352105	8.8412561
0.79710048	0.79483998	5.1368923	8.8247995
0.80957454	0.78388643	5.1360512	8.8001156
0.79710048	0.78227562	5.1368923	8.8247995
0.80489683	0.77905399	5.1360512	8.7960014
0.79554123	0.77647668	5.137733	8.8001156
0.79086339	0.78356427	5.1343694	8.8247995
0.80489683	0.78807455	5.1360512	8.8206854
0.79865974	0.7842086	5.1352105	8.8412561
0.79086339	0.78259778	5.1352105	8.812458
0.79086339	0.7842086	5.1352105	8.8083439
0.79554123	0.79161835	5.1360512	8.8577118
0.80801529	0.80096108	5.137733	8.8330278
0.79710048	0.80192757	5.1368923	8.8042297
0.80333757	0.79645079	5.137733	8.8083439
0.81113386	0.78807455	5.1360512	8.8042297
0.80489683	0.77937615	5.1368923	8.8330278
0.79398197	0.80579346	5.1360512	8.8618259
0.80645609	0.79612863	5.1360512	8.8247995
0.80801529	0.78581941	5.1360512	8.8247995
0.80333757	0.77422154	5.1360512	8.8042297
0.79710048	0.7780875	5.1352105	8.8042297
0.78930414	0.78195345	5.1360512	8.8042297
0.79865974	0.78839672	5.1360512	8.8247995
0.80957454	0.78968537	5.1343694	8.8330278
0.78930414	0.78356427	5.1352105	8.812458
0.78462631	0.80257189	5.1343694	8.8412561
0.800219	0.78195345	5.1360512	8.8083439
0.79398197	0.80418265	5.1360512	8.8247995
0.80645609	0.78098696	5.137733	8.7918873
0.80645609	0.77679884	5.1352105	8.8042297
0.80489683	0.77357721	5.1385736	8.7836599
0.81737089	0.77873182	5.137733	8.812458
0.79554123	0.79097402	5.1352105	8.8289137
0.80645609	0.79709512	5.1368923	8.8247995
0.79710048	0.80128324	5.1343694	8.8247995
0.80801529	0.78968537	5.1360512	8.837142
0.79086339	0.78710806	5.1343694	8.8247995
0.80645609	0.77712101	5.1368923	8.7960014
0.78930414	0.77905399	5.1360512	8.8206854
0.800219	0.76101285	5.137733	8.7960014
0.80957454	0.76487881	5.1360512	8.812458
0.79554123	0.77293289	5.1368923	8.8289137
0.800219	0.79419565	5.1368923	8.837142
0.80333757	0.79999459	5.1360512	8.8535976
0.80333757	0.80675995	5.1352105	8.8412561
0.79710048	0.8016054	5.137733	8.8042297
0.80177832	0.78388643	5.137733	8.7836599
0.800219	0.76745611	5.1360512	8.812458
0.800219	0.79838377	5.1360512	8.8330278
0.78774488	0.79709512	5.1352105	8.837142
0.80177832	0.79226267	5.1352105	8.8206854
0.80957454	0.78614157	5.1360512	8.8289137
0.80645609	0.78130913	5.1360512	8.8042297
0.78618562	0.79258484	5.1360512	8.8289137
0.800219	0.77647668	5.1352105	8.8042297
0.79554123	0.77969831	5.1368923	8.837142
0.80957454	0.78034264	5.1360512	8.7918873
0.78306705	0.77518803	5.1352105	8.7918873
0.79710048	0.76552314	5.1368923	8.8042297
0.78774488	0.77744317	5.1352105	8.8453703
0.79554123	0.7806648	5.1343694	8.837142
0.800219	0.79451782	5.1360512	8.8165722
0.81425238	0.78517509	5.1360512	8.7877741
0.800219	0.79483998	5.137733	8.8206854
0.80177832	0.81030375	5.1368923	8.8412561
0.79554123	0.82222378	5.1360512	8.8453703
0.800219	0.80257189	5.1360512	8.7836599
0.800219	0.78614157	5.1368923	8.8042297
0.79242265	0.7806648	5.1352105	8.8247995
0.78618562	0.7867859	5.1352105	8.8412561
0.79554123	0.78936321	5.1352105	8.8330278
0.80489683	0.79065186	5.1343694	8.812458
0.80957454	0.78163129	5.1360512	8.7918873
0.79242265	0.79194051	5.1352105	8.8165722
0.79865974	0.79677296	5.1360512	8.7960014
0.78462631	0.79065186	5.1352105	8.8165722
0.80177832	0.79806161	5.1360512	8.8247995
0.81113386	0.79032969	5.1385736	8.8042297
0.79242265	0.80257189	5.137733	8.8206854
0.78462631	0.79580647	5.1368923	8.812458
0.800219	0.78968537	5.1360512	8.8206854
0.81269312	0.78453076	5.1360512	8.8042297
0.79554123	0.79677296	5.1360512	8.8042297
0.80645609	0.7954843	5.1352105	8.7918873
0.80177832	0.80257189	5.1352105	8.8165722
0.80177832	0.80675995	5.1360512	8.8289137
0.78618562	0.8090151	5.1335287	8.8494844
0.79398197	0.80514914	5.1352105	8.837142
0.80333757	0.79773945	5.137733	8.8330278
0.79710048	0.79226267	5.1343694	8.8042297
0.78774488	0.78291994	5.1352105	8.8247995
0.80333757	0.79322916	5.1352105	8.8330278
0.80645609	0.78163129	5.1368923	8.812458
0.79242265	0.79129618	5.137733	8.7918873
0.800219	0.79709512	5.1360512	8.8206854
0.79865974	0.80740428	5.1343694	8.8289137
0.79398197	0.80611563	5.1352105	8.8494844
0.80177832	0.8090151	5.1360512	8.812458
0.81113386	0.79773945	5.1352105	8.7877741
0.79710048	0.8115924	5.1360512	8.837142
0.79554123	0.79129618	5.1360512	8.8206854
0.78618562	0.79097402	5.1343694	8.8412561
0.80957454	0.78807455	5.1352105	8.7877741
0.80177832	0.79000753	5.1360512	8.8247995
0.81269312	0.79097402	5.1360512	8.812458
0.80333757	0.77647668	5.1360512	8.7960014
0.78774488	0.78871888	5.1360512	8.8247995
0.79710048	0.78549725	5.1352105	8.8042297
0.78462631	0.8016054	5.1368923	8.8494844
0.80801529	0.79000753	5.1360512	8.8042297
0.79086339	0.77325505	5.1352105	8.8001156
0.79554123	0.7780875	5.1352105	8.8001156
0.79086339	0.79226267	5.1352105	8.8535976
0.79398197	0.79612863	5.1343694	8.8330278
0.79398197	0.79967242	5.1360512	8.8165722
0.80489683	0.79419565	5.1360512	8.8001156
0.79242265	0.81127024	5.1352105	8.8494844
0.80801529	0.78549725	5.1360512	8.7918873
0.78774488	0.79645079	5.1352105	8.837142
0.81269312	0.78549725	5.1368923	8.7918873
0.79865974	0.77615452	5.1352105	8.7918873
0.80489683	0.78002048	5.1352105	8.7918873
0.79086339	0.77776533	5.1368923	8.812458
0.78930414	0.8054713	5.1352105	8.837142
0.800219	0.79419565	5.1352105	8.8042297
0.80177832	0.80257189	5.1352105	8.837142
0.79554123	0.80353832	5.1368923	8.837142
0.79710048	0.78485292	5.1385736	8.7960014
0.800219	0.78195345	5.1360512	8.7918873
0.79242265	0.79483998	5.1368923	8.8165722
0.78618562	0.80869293	5.1368923	8.8247995
0.79710048	0.79226267	5.1352105	8.8206854
0.80333757	0.79645079	5.1360512	8.8083439
0.80489683	0.7780875	5.1360512	8.7836599
0.79086339	0.78453076	5.1360512	8.812458
0.78930414	0.79194051	5.1360512	8.837142
0.78462631	0.78291994	5.1360512	8.8289137
0.80177832	0.7806648	5.1360512	8.8247995
0.78618562	0.79645079	5.1360512	8.8247995
0.80645609	0.7780875	5.1368923	8.8042297
0.80801529	0.77937615	5.1360512	8.812458
0.79554123	0.77647668	5.1360512	8.8453703
0.80801529	0.792907	5.1352105	8.8165722
0.80645609	0.79097402	5.1360512	8.8042297
0.80177832	0.79032969	5.1352105	8.8042297
0.79554123	0.80063891	5.1352105	8.8453703
0.79086339	0.8054713	5.1352105	8.812458
0.80801529	0.79194051	5.1343694	8.7960014
0.79398197	0.78356427	5.1360512	8.8083439
0.79710048	0.78453076	5.1352105	8.8289137
0.79710048	0.77518803	5.1360512	8.812458
0.80645609	0.78936321	5.1352105	8.837142
0.80489683	0.79677296	5.1343694	8.8042297
0.79398197	0.79516214	5.1352105	8.8247995
0.79086339	0.79194051	5.1360512	8.7960014
0.80801529	0.78839672	5.1352105	8.7918873
0.79086339	0.78743023	5.1360512	8.7960014
0.79554123	0.79806161	5.1352105	8.8412561
0.80177832	0.77937615	5.1360512	8.8042297
0.80333757	0.79355133	5.1360512	8.8289137
0.80957454	0.78517509	5.1352105	8.8165722
0.78306705	0.79355133	5.1335287	8.837142
0.79710048	0.81062591	5.1343694	8.8206854
0.79710048	0.79032969	5.1360512	8.7795458
0.80489683	0.79129618	5.1343694	8.8165722
0.78930414	0.79580647	5.1360512	8.8289137
0.78618562	0.79322916	5.1326876	8.837142
0.80177832	0.79645079	5.1360512	8.8247995
0.80489683	0.78227562	5.137733	8.8165722
0.800219	0.7745437	5.1343694	8.8165722
0.80645609	0.78324211	5.1352105	8.8165722
0.79554123	0.7806648	5.1343694	8.812458
0.80333757	0.78034264	5.1352105	8.8247995
0.79086339	0.79065186	5.1352105	8.8042297
0.80489683	0.78936321	5.1360512	8.7918873
0.81113386	0.78485292	5.1360512	8.8042297
0.79865974	0.77744317	5.1360512	8.812458
0.79554123	0.79709512	5.1368923	8.8494844
0.78774488	0.80965942	5.1335287	8.8494844
0.80177832	0.79999459	5.1352105	8.8247995
0.79242265	0.81094807	5.1360512	8.8453703
0.81425238	0.80482697	5.1360512	8.7960014
0.80489683	0.80386049	5.1360512	8.8453703
0.79710048	0.79580647	5.1360512	8.8083439
0.78462631	0.78485292	5.1360512	8.837142
0.81269312	0.76391232	5.1352105	8.8042297
0.78618562	0.78839672	5.1352105	8.837142
0.81113386	0.78195345	5.1360512	8.8001156
0.800219	0.76777828	5.1352105	8.8083439
0.79242265	0.77647668	5.1352105	8.8289137
0.79710048	0.79870594	5.1352105	8.8535976
0.79554123	0.80257189	5.1360512	8.8165722
0.79710048	0.80579346	5.1360512	8.8412561
0.79398197	0.8090151	5.1343694	8.837142
0.800219	0.79612863	5.1360512	8.8453703
0.78930414	0.802894	5.1352105	8.8330278
0.79086339	0.79226267	5.1352105	8.8042297
0.79710048	0.79000753	5.1360512	8.8165722
0.79710048	0.78807455	5.1360512	8.8247995
0.79710048	0.77615452	5.1385736	8.7960014
0.78306705	0.78743023	5.1352105	8.8042297
0.80489683	0.792907	5.137733	8.8083439
0.80177832	0.7867859	5.1352105	8.8330278
0.79086339	0.77518803	5.1360512	8.8083439
0.79398197	0.77357721	5.1352105	8.812458
0.79710048	0.77035558	5.1360512	8.8083439
0.79398197	0.77840966	5.1360512	8.8083439
0.80489683	0.77840966	5.1368923	8.7836599
0.79242265	0.78388643	5.137733	8.8042297
0.78618562	0.79935026	5.1360512	8.8247995
0.78774488	0.81835783	5.1352105	8.890624
0.78930414	0.8115924	5.1343694	8.8535976
0.79242265	0.79322916	5.137733	8.8330278
0.81113386	0.80386049	5.1360512	8.8247995
0.80957454	0.79355133	5.1360512	8.8042297
0.80333757	0.78195345	5.1368923	8.7960014
0.80801529	0.77261072	5.1360512	8.7877741
0.79398197	0.78743023	5.1360512	8.812458
0.79086339	0.79355133	5.1335287	8.812458
0.78618562	0.78485292	5.1352105	8.8330278
0.80333757	0.79032969	5.1360512	8.8206854
0.79554123	0.78871888	5.1368923	8.8330278
0.79086339	0.77776533	5.1352105	8.8577118
0.79710048	0.76874477	5.137733	8.8042297
0.80801529	0.78710806	5.1360512	8.812458
0.80489683	0.79483998	5.137733	8.8289137
0.80177832	0.7867859	5.1360512	8.8042297
0.80957454	0.77712101	5.1343694	8.7918873
0.80645609	0.80063891	5.1360512	8.8165722
0.79242265	0.80353832	5.1343694	8.8330278
0.78930414	0.80804861	5.137733	8.837142
0.79242265	0.792907	5.1368923	8.8330278
0.80333757	0.81610268	5.1368923	8.8453703
0.79710048	0.8141697	5.137733	8.8165722
0.80177832	0.8141697	5.1360512	8.8494844
0.81269312	0.80353832	5.1352105	8.8042297
0.81269312	0.77164423	5.1360512	8.7754316
0.79710048	0.77132207	5.1368923	8.8042297
0.79710048	0.77325505	5.1368923	8.8247995
0.80801529	0.77905399	5.1343694	8.8247995
0.80333757	0.78968537	5.1352105	8.837142
0.80489683	0.79870594	5.1352105	8.812458
0.80645609	0.79709512	5.1368923	8.8206854
0.79242265	0.80804861	5.1360512	8.837142
0.80177832	0.81642485	5.1343694	8.8412561
0.80645609	0.80031675	5.137733	8.7918873
0.80957454	0.79097402	5.1360512	8.7877741
0.80489683	0.8054713	5.1360512	8.8453703
0.80801529	0.78807455	5.137733	8.7795458
0.79242265	0.79645079	5.1360512	8.8289137
0.79865974	0.80353832	5.1360512	8.8289137
0.80333757	0.81191456	5.1360512	8.8412561
0.80333757	0.80837077	5.1360512	8.8289137
0.800219	0.79935026	5.1385736	8.8083439
0.78930414	0.80772644	5.1352105	8.8453703
0.800219	0.80965942	5.1352105	8.8494844
0.78930414	0.8054713	5.1368923	8.8247995
0.800219	0.79451782	5.1368923	8.7960014
0.78774488	0.80579346	5.1352105	8.8494844
0.79554123	0.81223673	5.1360512	8.8618259
0.80957454	0.81352538	5.1360512	8.8247995
0.79554123	0.8090151	5.1360512	8.8083439
0.79086339	0.80514914	5.1368923	8.8247995
0.78618562	0.79741728	5.1352105	8.8083439
0.80645609	0.79612863	5.1352105	8.8001156
0.800219	0.80643779	5.1368923	8.8289137
0.79242265	0.82093513	5.1352105	8.8494844
0.800219	0.81062591	5.1368923	8.8412561
0.79865974	0.81384754	5.1360512	8.8206854
0.80333757	0.78775239	5.1360512	8.7960014
0.79086339	0.78871888	5.1360512	8.8412561
0.79865974	0.78839672	5.1360512	8.812458
0.79865974	0.77776533	5.1343694	8.7918873
0.80645609	0.77969831	5.1352105	8.8042297
0.80333757	0.76648962	5.1352105	8.812458
0.79086339	0.78356427	5.1343694	8.8494844
0.79398197	0.78195345	5.1368923	8.8165722
0.80957454	0.78485292	5.1352105	8.812458
0.79086339	0.78936321	5.1352105	8.8494844
0.79710048	0.79806161	5.1360512	8.8165722
0.78930414	0.802894	5.1360512	8.8289137
0.80801529	0.80837077	5.1360512	8.8083439
0.79710048	0.81191456	5.1368923	8.8289137
0.79865974	0.81642485	5.1352105	8.8330278
0.80801529	0.79387349	5.1360512	8.7877741
0.79086339	0.77776533	5.1352105	8.812458
0.80801529	0.76810044	5.1352105	8.8165722
0.79242265	0.78324211	5.1343694	8.837142
0.80333757	0.76906693	5.1360512	8.8042297
0.79865974	0.77325505	5.1385736	8.7960014
0.80645609	0.79580647	5.1368923	8.8206854
0.79554123	0.79645079	5.1343694	8.8083439
0.78774488	0.79580647	5.1360512	8.8289137
0.80177832	0.78259778	5.1352105	8.812458
0.79242265	0.78195345	5.137733	8.8206854
0.79242265	0.8090151	5.1352105	8.8494844
0.81425238	0.80965942	5.1360512	8.837142
0.800219	0.79741728	5.1360512	8.7877741
0.78930414	0.78968537	5.1343694	8.8165722
0.79086339	0.81030375	5.1352105	8.8206854
0.78774488	0.79870594	5.1368923	8.812458
0.78930414	0.79806161	5.1360512	8.8247995
0.79554123	0.78002048	5.1360512	8.8042297
0.79554123	0.76520097	5.1352105	8.8001156
0.79710048	0.76810044	5.1368923	8.8165722
0.80333757	0.78034264	5.137733	8.7960014
0.80489683	0.77422154	5.1343694	8.8083439
0.81581163	0.78324211	5.1352105	8.7672033
0.80645609	0.77937615	5.1343694	8.8165722
0.79710048	0.78743023	5.1360512	8.837142
0.79086339	0.79709512	5.1352105	8.8494844
0.80333757	0.80418265	5.1360512	8.8083439
0.80489683	0.78743023	5.137733	8.812458
0.79710048	0.78227562	5.1352105	8.812458
0.800219	0.79709512	5.1352105	8.8001156
0.80177832	0.78936321	5.1335287	8.8001156
0.80177832	0.79967242	5.1352105	8.8412561
0.80177832	0.79129618	5.1343694	8.8001156
0.79865974	0.7842086	5.1360512	8.8206854
0.79554123	0.78549725	5.1360512	8.8042297
0.81113386	0.77357721	5.1368923	8.812458
0.81269312	0.77422154	5.1352105	8.7877741
0.82360798	0.79129618	5.1335287	8.8289137
0.83140433	0.77776533	5.1335287	8.7795458
0.85167474	0.78646374	5.1326876	8.7836599
0.89533418	0.78485292	5.1326876	8.7384052
0.91716391	0.78904104	5.1276426	8.7301769
0.9686197	0.79387349	5.1259608	8.705493
0.98733085	0.7867859	5.1234384	8.6849232
1.0419052	0.78775239	5.121757	8.6437826
1.0793276	0.79645079	5.1200752	8.6478968
1.1276647	0.77712101	5.1175523	8.5985289
1.176002	0.77132207	5.1192341	8.5738449
1.2336948	0.75167018	5.1183934	8.5327044
1.2664393	0.75167018	5.115871	8.5162477
1.3381656	0.75746912	5.1167116	8.4545383
1.3849435	0.7558583	5.115871	8.4668808
1.4566698	0.76197934	5.115871	8.4339685
1.5393109	0.76810044	5.1116667	8.3969421
1.6141558	0.78034264	5.1091442	8.3599157
1.7077116	0.77615452	5.1083035	8.3187761
1.7934712	0.76455665	5.1040988	8.3023195
1.9010606	0.75456965	5.1024175	8.2776356
2.0008538	0.76359016	5.0982132	8.2858639
2.0990872	0.75682479	5.0973721	8.2200394
2.212914	0.7436161	5.0948496	8.2323809
2.3329773	0.73008525	5.0956907	8.1542149
2.4202962	0.7262193	5.0940089	8.1542149
2.5434783	0.74522692	5.0914865	8.1542149
2.6385934	0.74554908	5.0914865	8.1624432
2.7602165	0.73975015	5.0914865	8.0966187
2.8787205	0.72847444	5.0923271	8.0307941
2.9769542	0.72847444	5.0906453	8.0143385
3.1063738	0.73942798	5.0914865	8.0349083
3.2186408	0.74587125	5.0889635	7.9937682
3.3371449	0.73137391	5.0881228	7.9690847
3.4712422	0.73169607	5.0881228	7.9444003
3.6084576	0.71301067	5.0881228	7.9032602
3.7269619	0.72106469	5.0847597	7.870348
3.8579404	0.71268851	5.0856004	7.858006
3.9873595	0.71204418	5.0856004	7.8127518
4.1230154	0.71107769	5.0839186	7.8209796
4.2446384	0.70785606	5.0847597	7.7674975
4.3880911	0.70044631	5.0822368	7.7633834
4.5175104	0.70270145	5.0847597	7.7263575
4.6453705	0.71752095	5.0822368	7.7263575
4.7857046	0.71752095	5.0839186	7.6934452
4.918242	0.697869	5.0822368	7.6523046
5.0445433	0.70431226	5.0805554	7.6440768
5.1739621	0.70237929	5.0813961	7.6564188
5.3018227	0.69110358	5.0830779	7.5741386
5.4437156	0.68852627	5.0830779	7.5700245
5.5793719	0.6766063	5.0847597	7.5329981
5.6947579	0.68143874	5.0822368	7.5247703
5.8382106	0.67725062	5.0822368	7.491859
5.9691892	0.68659329	5.0856004	7.4795165
6.0939307	0.67209601	5.0839186	7.4466043
6.2186723	0.66887438	5.0864415	7.4589467
6.3309398	0.66984087	5.0847597	7.3931222
6.4681554	0.67692846	5.0856004	7.3807802
6.5897784	0.67853928	5.0856004	7.389008
6.7129602	0.68433815	5.0856004	7.3684382
6.8377018	0.67628413	5.0847597	7.3149557
6.9499693	0.68111658	5.0864415	7.3108416
7.0747108	0.6669414	5.0889635	7.2655873
7.2056894	0.65663218	5.0881228	7.2697015
7.3101606	0.67692846	5.0872822	7.2450175
7.4239874	0.65534353	5.0872822	7.203877
7.5565252	0.63665813	5.0889635	7.1750789
7.6656742	0.66823006	5.0889635	7.2079911
7.7904158	0.66114247	5.0881228	7.203877
7.898006	0.65083325	5.0889635	7.1462808
8.0071545	0.66017598	5.0881228	7.1380529
8.1350145	0.6495446	5.0914865	7.1092548
8.2363672	0.64696729	5.0889635	7.1010265
8.356431	0.64986676	5.0898046	7.0804563
8.4671392	0.65437704	5.0889635	7.0763426
8.5669327	0.65341055	5.0906453	7.0557723
8.6885557	0.66307545	5.0906453	7.0681143
8.8008232	0.65179974	5.0906453	7.0310888
8.9021759	0.65179974	5.0906453	7.0310888
9.0206804	0.64761162	5.0923271	7.022861
9.1204739	0.64728945	5.0931683	7.0022907
9.2327414	0.64052409	5.0923271	6.9734926
9.3387718	0.63891327	5.0914865	6.9652648
9.443243	0.64535648	5.0931683	6.9570365
9.5477142	0.63569164	5.0923271	6.9488087
9.661541	0.64149058	5.0948496	6.9364662
9.7660112	0.63987976	5.0940089	6.9035544
9.8658047	0.63375866	5.0940089	6.8994403
9.9687176	0.6273154	5.0948496	6.9200101
10.076306	0.64761162	5.0948496	6.87887
10.17766	0.64181274	5.0940089	6.8829842
10.266538	0.63762462	5.0956907	6.8500719
10.374128	0.6421349	5.0940089	6.8624139
10.466125	0.64696729	5.0948496	6.8295016
10.569036	0.61958349	5.0956907	6.8336158
10.661034	0.62699324	5.0965314	6.8171597
10.751472	0.64245707	5.0973721	6.866528
10.852824	0.62860405	5.0973721	6.8089318
10.9495	0.60959649	5.0982132	6.7719054
11.029023	0.63472515	5.0973721	6.8048177
11.12102	0.6247381	5.0990539	6.7924757
11.223931	0.62506026	5.1007357	6.7595634
11.297217	0.64922243	5.099895	6.7924757
11.379859	0.63311434	5.0990539	6.7842474
11.474975	0.62795973	5.1015768	6.8130455
11.560735	0.64825594	5.1007357	6.7801337
11.637138	0.63279217	5.1007357	6.7472215
11.722898	0.6395576	5.099895	6.7719054
11.813336	0.65437704	5.1024175	6.7554493
11.895978	0.64503437	5.1015768	6.7307653
11.977061	0.63826895	5.1024175	6.7143092
12.059702	0.63601381	5.1032581	6.6978531
12.139225	0.61926132	5.1040988	6.7431073
12.21407	0.62054998	5.1040988	6.7143092
12.288915	0.61024076	5.1049399	6.6978531
12.36532	0.60669702	5.1040988	6.7019672
12.446402	0.61475104	5.1049399	6.6978531
12.518128	0.60959649	5.1049399	6.6896253
12.591414	0.6060527	5.1066217	6.6649408
12.658463	0.63214785	5.1040988	6.7060809
12.739546	0.61797267	5.1049399	6.6896253
12.801916	0.62087214	5.1066217	6.7060809
12.856491	0.6369803	5.1066217	6.6896253
12.934454	0.61958349	5.1066217	6.6772828
13.004622	0.62248296	5.1083035	6.669055
13.071671	0.61829484	5.1074624	6.6649408
13.135601	0.62441593	5.1083035	6.6772828
13.196412	0.6150732	5.1108255	6.6443706
13.241632	0.62248296	5.1091442	6.6525989
13.252546	0.62054998	5.1040988	6.6402569
13.246309	0.61442888	5.0965314	6.6896253
13.24475	0.61926132	5.0872822	6.681397
13.221361	0.60540837	5.0805554	6.6525989
13.207328	0.59767646	5.0704651	6.6649408
13.190175	0.61056292	5.0612159	6.656713
13.188617	0.61571753	5.0544891	6.6525989
13.18082	0.61185157	5.0443993	6.6402569
13.193295	0.61926132	5.0418763	6.6073446
13.201091	0.6247381	5.0343089	6.6238008
13.199532	0.61442888	5.0284228	6.6402569
13.216682	0.62248296	5.0216961	6.6114588
13.218243	0.61668402	5.0149693	6.6238008
13.204208	0.60991865	5.0074015	6.6032305
13.205769	0.62667108	5.0006747	6.6114588
13.208887	0.6273154	4.9905849	6.5867743
13.205769	0.60379755	4.9863806	6.5867743
13.193295	0.61185157	4.9771309	6.5950027
13.208887	0.61217374	4.972086	6.5867743
13.204208	0.60573053	4.9619961	6.5908885
13.204208	0.60122025	4.9569507	6.6032305
13.210445	0.62506026	4.9485421	6.5908885
13.215124	0.59896511	4.9426565	6.5703192
13.208887	0.59155536	4.934248	6.5579772
13.207328	0.61668402	4.9249988	6.6238008
13.208887	0.61958349	4.9199533	6.566205
13.201091	0.61024076	4.9123859	6.5579772
13.205769	0.63279217	4.9022961	6.5991163
13.207328	0.60927433	4.89641	6.566205
13.201091	0.60766351	4.8871608	6.5579772
13.202649	0.62216079	4.880434	6.5456352
13.194854	0.61056292	4.8711843	6.5579772
13.215124	0.61314023	4.8661394	6.566205
13.213565	0.59864295	4.8585715	6.5209508
13.210445	0.61152941	4.8501635	6.5497489
13.210445	0.61314023	4.8400731	6.5332928
13.202649	0.60669702	4.8325057	6.5374069
13.197971	0.59477699	4.825779	6.5168366
13.191734	0.59155536	4.8165293	6.5168366
13.221361	0.59413266	4.8106437	6.5003805
13.202649	0.60444188	4.8030758	6.5291791
13.204208	0.59091103	4.7938266	6.4880385
13.204208	0.59477699	4.7845774	6.5044947
13.210445	0.61152941	4.7786913	6.5003805
13.216682	0.60283107	4.7711239	6.4798107
13.205769	0.60508621	4.7635565	6.4839249
13.207328	0.60863	4.7551479	6.4756966
13.202649	0.6150732	4.7475801	6.5044947
13.210445	0.60508621	4.7383308	6.4880385
13.208887	0.60669702	4.7316041	6.4756966
13.197971	0.60347539	4.7231956	6.4551263
13.190175	0.58994454	4.7139463	6.4715824
13.207328	0.59187752	4.7080603	6.4551263
13.207328	0.6025089	4.7013335	6.4263282
13.204208	0.59832078	4.6937661	6.4551263
13.201091	0.59832078	4.6845164	6.4551263
13.207328	0.60057592	4.6786308	6.4510126
13.193295	0.59799862	4.6702223	6.4468985
13.207328	0.60283107	4.6626544	6.4345565
13.199532	0.61120725	4.655087	6.4551263
13.215124	0.60444188	4.6492009	6.4304423
13.207328	0.60701919	4.6399517	6.4386706
13.201091	0.60476404	4.6315432	6.4057584
13.202649	0.61088508	4.6256571	6.4427843
13.205769	0.6150732	4.617249	6.4263282
13.213565	0.5999316	4.6096811	6.4263282
13.210445	0.60315323	4.6029544	6.4057584
13.207328	0.61120725	4.595387	6.4139862
13.208887	0.60959649	4.5869784	6.3975301
13.208887	0.59896511	4.5802517	6.4016442
13.201091	0.60701919	4.573525	6.3851881
13.207328	0.59123319	4.5651164	6.35639
13.216682	0.5999316	4.557549	6.368732
13.191734	0.60379755	4.5499811	6.3975301
13.216682	0.60540837	4.5415726	6.35639
13.216682	0.60411972	4.533164	6.3728461
13.207328	0.62054998	4.5272784	6.381074
13.213565	0.61314023	4.5197105	6.3769603
13.212006	0.62506026	4.5104613	6.3522758
13.205769	0.62699324	4.5045757	6.368732
13.210445	0.61475104	4.4961672	6.3522758
13.202649	0.60927433	4.4885993	6.3481617
13.196412	0.60734135	4.4835544	6.35639
13.199532	0.60025376	4.4751458	6.3399339
13.204208	0.61765051	4.4658966	6.3522758
13.207328	0.59799862	4.4608517	6.3399339
13.207328	0.58575642	4.451602	6.3275919
13.194854	0.60347539	4.4440346	6.3399339
13.205769	0.59091103	4.4373078	6.2905655
13.207328	0.59477699	4.42974	6.3275919
13.196412	0.60347539	4.4221725	6.3275919
13.207328	0.59252185	4.4179683	6.2905655
13.191734	0.60444188	4.4078779	6.3152499
13.207328	0.61765051	4.4036741	6.3152499
13.208887	0.60669702	4.3961062	6.2946796
13.219802	0.60830784	4.3885388	6.2741094
13.197971	0.62377161	4.3801303	6.3070216
13.212006	0.60798568	4.3734035	6.2617674
13.197971	0.61088508	4.3658357	6.3111358
13.204208	0.60959649	4.3607907	6.3111358
13.215124	0.60089809	4.3515415	6.2823377
13.205769	0.60379755	4.3464966	6.3111358
13.196412	0.60057592	4.3406105	6.2782235
13.199532	0.58994454	4.3296795	6.2658815
13.208887	0.57576942	4.3254752	6.2329693
13.204208	0.58865589	4.3195896	6.2576532
13.204208	0.57641375	4.3111811	6.2699957
13.205769	0.58382344	4.3044543	6.2576532
13.207328	0.59413266	4.2994089	6.2658815
13.204208	0.58382344	4.2918415	6.2494254
13.212006	0.58897805	4.2851148	6.2494254
13.202649	0.59477699	4.2792287	6.2535396
13.204208	0.59509915	4.2741838	6.2370834
13.197971	0.58060181	4.2657752	6.2082853
13.196412	0.58865589	4.2598891	6.2494254
13.196412	0.58575642	4.2523217	6.2165132
13.218243	0.58962238	4.2489586	6.2082853
13.208887	0.58285695	4.2397089	6.2288551
13.207328	0.5815683	4.2338228	6.2288551
13.202649	0.59799862	4.2279372	6.2411971
13.196412	0.58930022	4.2212105	6.2082853
13.204208	0.58092397	4.2170057	6.1918292
13.194854	0.57383645	4.207757	6.2247415
13.213565	0.57673585	4.2035522	6.2041712
13.201091	0.56707102	4.1985073	6.1836009
13.201091	0.56803751	4.1909399	6.1836009
13.210445	0.56674886	4.1850538	6.2165132
13.207328	0.57609159	4.1783271	6.1753731
13.215124	0.56191641	4.1749635	6.1630311
13.208887	0.56384939	4.1682367	6.1794868
13.215124	0.56610453	4.16151	6.1671448
13.204208	0.56964833	4.1564651	6.1630311
13.210445	0.57254779	4.1497383	6.1630311
13.215124	0.59155536	4.145534	6.1630311
13.204208	0.57351428	4.139648	6.2041712
13.204208	0.57383645	4.1337624	6.1753731
13.210445	0.58736724	4.1270356	6.1671448
13.208887	0.57770234	4.1228313	6.1424613
13.201091	0.57544726	4.1177859	6.158917
13.193295	0.59767646	4.112741	6.1794868
13.205769	0.60315323	4.1085372	6.1548038
13.208887	0.59219968	4.1026511	6.1383476
13.201091	0.60315323	4.0984468	6.1794868
13.202649	0.60701919	4.0934019	6.1836009
13.215124	0.59219968	4.0875158	6.1301193
13.207328	0.59767646	4.0841522	6.1630311
13.199532	0.59348834	4.0774255	6.1383476
13.205769	0.58801156	4.0732217	6.1342335
13.194854	0.58414561	4.0690169	6.1342335
13.205769	0.58060181	4.063972	6.1136632
13.202649	0.57995749	4.0572453	6.1342335
13.215124	0.58575642	4.0547228	6.1383476
13.210445	0.56578237	4.0488367	6.1383476
13.199532	0.56803751	4.0429511	6.1301193
13.201091	0.55740613	4.0404282	6.1095495
13.201091	0.56546021	4.0353832	6.1301193
13.202649	0.5567618	4.0303383	6.1095495
13.207328	0.56256074	4.0244522	6.1054354
13.199532	0.57544726	4.0219297	6.1260056
13.208887	0.56320506	4.0177255	6.0807514
13.215124	0.56932616	4.0143623	6.1218915
13.207328	0.58285695	4.0084763	6.1218915
13.202649	0.57383645	4.0034313	6.1095495
13.196412	0.55837262	3.999227	6.0930934
13.208887	0.58865589	3.9958637	6.1136632
13.210445	0.57286996	3.9925003	6.0972071
13.199532	0.57931316	3.9874551	6.1342335
13.201091	0.58865589	3.9832509	6.1095495
13.201091	0.57738018	3.9790468	6.1013212
13.201091	0.57190347	3.9765241	6.1095495
13.194854	0.58382344	3.9706383	6.1136632
13.207328	0.56803751	3.9681156	6.1218915
13.213565	0.56868184	3.9639115	6.1095495
13.205769	0.56320506	3.96223	6.0766373
13.213565	0.56256074	3.9563439	6.0766373
13.201091	0.57190347	3.9546621	6.0807514
13.210445	0.58221263	3.950458	6.0766373
13.213565	0.56578237	3.9470947	6.043725
13.208887	0.57931316	3.9428902	6.0807514
13.204208	0.59091103	3.9395268	6.1342335
13.207328	0.57770234	3.9361634	6.0601811
13.215124	0.58350128	3.9336412	6.0601811
13.196412	0.57415861	3.9294367	6.0642953
13.215124	0.55160719	3.9277551	6.0519528
13.208887	0.58414561	3.9243917	6.0848651
13.210445	0.56384939	3.9210284	6.031383
13.207328	0.55998343	3.9151425	6.043725
13.207328	0.57125914	3.9143014	6.0972071
13.212006	0.56674886	3.910938	6.0478392
13.207328	0.54935205	3.906734	6.0396109
13.205769	0.57061481	3.9025297	6.0601811
13.207328	0.58317912	3.8991663	6.0848651
13.202649	0.57641375	3.895803	6.0642953
13.202649	0.56932616	3.8932805	6.0519528
13.194854	0.58543426	3.8907578	6.0601811
13.204208	0.57448077	3.8873944	6.0519528
13.208887	0.58092397	3.884872	6.056067
13.193295	0.57995749	3.8815086	6.0478392
13.216682	0.56062776	3.8781452	6.0190411
13.204208	0.56256074	3.8764637	6.0601811
13.207328	0.55708396	3.8739409	6.031383
13.202649	0.55998343	3.8697369	6.056067
13.210445	0.54741907	3.8663735	6.0272689
13.210445	0.54258668	3.8646917	6.031383
13.212006	0.54258668	3.8613284	6.0108128
13.196412	0.55354017	3.8596468	6.0519528
13.201091	0.54613042	3.8562832	6.0478392
13.207328	0.55096287	3.8520789	6.0478392
13.201091	0.55998343	3.8512383	6.031383
13.201091	0.55482882	3.8487155	6.0190411
13.216682	0.55772829	3.8470337	6.0272689
13.202649	0.57093698	3.8419888	6.0190411
13.202649	0.57963532	3.8411481	5.9943566
13.210445	0.56417155	3.8394663	5.9820147
13.205769	0.5603056	3.836103	6.0066986
13.208887	0.56868184	3.8327396	5.9861288
13.208887	0.55354017	3.831058	6.0066986
13.215124	0.55128503	3.831058	5.9943566
13.210445	0.56062776	3.8276947	6.0108128
13.207328	0.56384939	3.8251719	6.0354967
13.204208	0.56835967	3.8234901	5.9943566
13.207328	0.57286996	3.8209677	5.9902425
13.199532	0.56868184	3.8184452	5.9943566
13.199532	0.58285695	3.8150816	6.0272689
13.202649	0.58962238	3.8142409	6.0272689
13.216682	0.5876894	3.8125594	6.0149269
13.199532	0.59252185	3.809196	6.0149269
13.191734	0.58446777	3.809196	5.9984708
13.201091	0.58640075	3.8041508	6.031383
13.201091	0.58446777	3.8024693	5.9943566
13.215124	0.57319212	3.8016281	5.9779005
13.208887	0.58704507	3.7999465	6.0066986
13.205769	0.56578237	3.7974241	5.9779005
13.208887	0.56739318	3.7957425	6.0149269
13.215124	0.57351428	3.7949014	6.031383
13.210445	0.55386233	3.7932198	5.9861288
13.204208	0.55225152	3.7906973	6.031383
13.212006	0.57415861	3.7881746	6.0190411
13.208887	0.57222563	3.7856522	6.0108128
13.202649	0.56256074	3.7839706	5.9820147
13.202649	0.57770234	3.7814479	6.0519528
13.196412	0.57673585	3.7797661	6.0231547
13.201091	0.57351428	3.7797661	6.0190411
13.201091	0.5876894	3.7772439	6.0190411
13.204208	0.59155536	3.775562	6.056067
13.205769	0.58446777	3.7738805	6.0108128
13.196412	0.59091103	3.7713578	5.9984708
13.204208	0.58060181	3.7721987	5.9902425
13.199532	0.57222563	3.7688353	5.9902425
13.212006	0.59219968	3.7671537	6.0149269
13.204208	0.5815683	3.7663126	5.9902425
13.208887	0.57254779	3.7637904	5.9737864
13.202649	0.56964833	3.7612677	6.0149269
13.213565	0.57448077	3.7587452	5.9861288
13.202649	0.58221263	3.7579043	6.0108128
13.201091	0.59348834	3.7587452	6.0149269
13.215124	0.59284401	3.7570634	5.9779005
13.194854	0.59542131	3.7537	5.9861288
13.207328	0.60122025	3.7528591	5.9943566
13.208887	0.60218674	3.7511775	6.0025849
13.196412	0.5963878	3.7511775	6.0231547
13.201091	0.59542131	3.7503366	5.9861288
13.201091	0.60122025	3.7486551	6.0066986
13.210445	0.578991	3.7478139	5.9655585
13.205769	0.57415861	3.7452917	5.9902425
13.204208	0.56997049	3.7436099	5.9861288
13.213565	0.5541845	3.7436099	5.9655585
13.202649	0.56191641	3.742769	5.9943566
13.212006	0.55547315	3.7419283	6.0066986
13.207328	0.55837262	3.7394056	6.0025849
13.210445	0.57093698	3.7368832	6.0066986
13.212006	0.55515099	3.7368832	5.9861288
13.204208	0.56384939	3.7352016	5.9984708
13.212006	0.57576942	3.7368832	5.9943566
13.201091	0.57351428	3.7318382	6.0025849
13.196412	0.57383645	3.7318382	6.0025849
13.205769	0.58350128	3.7309971	6.0149269
13.202649	0.58285695	3.7284749	6.0108128
13.202649	0.56964833	3.7284749	5.9861288
13.207328	0.58253479	3.7259521	5.9984708
13.207328	0.56642669	3.7276337	5.9614444
13.199532	0.5603056	3.7259521	5.9902425
13.204208	0.569004	3.7242703	5.9655585
13.207328	0.58607858	3.7242703	5.9779005
13.215124	0.57738018	3.7259521	5.9737864
13.208887	0.5815683	3.720907	6.0025849
13.188617	0.58801156	3.7200663	6.0066986
13.212006	0.58575642	3.7183845	5.9779005
13.205769	0.58446777	3.7175436	5.9943566
13.191734	0.58672291	3.7167029	6.0149269
13.199532	0.59413266	3.7150211	6.0066986
13.197971	0.57609159	3.7175436	5.9696727
13.196412	0.57222563	3.7158618	5.9696727
13.193295	0.5938105	3.7141802	6.031383
13.213565	0.57448077	3.7141802	5.9943566
13.204208	0.56481588	3.7150211	5.9737864
13.194854	0.57738018	3.7099762	5.9861288
13.205769	0.56513804	3.7108169	5.9943566
13.204208	0.56320506	3.7124984	5.9902425
13.193295	0.57029265	3.7091351	5.9820147
13.205769	0.5603056	3.7082944	5.9696727
13.199532	0.5628829	3.7074535	6.0025849
13.202649	0.56481588	3.7082944	5.9861288
13.196412	0.5628829	3.7066128	5.9861288
13.210445	0.55579531	3.7066128	5.9696727
13.208887	0.54741907	3.7057717	5.9737864
13.196412	0.5506407	3.7066128	5.9779005
13.204208	0.55611748	3.7032495	5.9737864
13.212006	0.55772829	3.7040901	5.9655585
13.204208	0.5603056	3.7032495	6.0066986
13.212006	0.57673585	3.7032495	5.9532166
13.204208	0.56384939	3.7032495	5.9779005
13.201091	0.56223857	3.6998861	5.9696727
13.201091	0.59348834	3.6990449	6.0396109
13.204208	0.57963532	3.7007267	5.9820147
13.202649	0.56352723	3.6998861	5.9737864
13.199532	0.56384939	3.6990449	5.9779005
13.208887	0.5628829	3.6982043	5.9984708
13.197971	0.54709691	3.6965227	5.9655585
13.197971	0.53710991	3.6948409	5.9449883
13.199532	0.55837262	3.6948409	5.9984708
13.199532	0.55772829	3.6948409	5.9943566
13.213565	0.5567618	3.6965227	5.9861288
13.205769	0.55901694	3.694	5.9861288
13.201091	0.56481588	3.694	5.9861288
13.215124	0.56803751	3.6931593	5.9984708
13.207328	0.55708396	3.6923182	5.9696727
13.201091	0.56062776	3.6914775	5.9655585
13.204208	0.56352723	3.689796	5.9779005
13.205769	0.5541845	3.6906366	5.9655585
13.204208	0.55160719	3.689796	5.9655585
13.207328	0.56256074	3.6889548	5.9737864
13.213565	0.56062776	3.6881142	5.9655585
13.191734	0.56223857	3.6881142	5.9984708
13.202649	0.55805045	3.6881142	5.9573307
13.212006	0.55515099	3.6872733	5.9655585
13.197971	0.55515099	3.6872733	5.9902425
13.207328	0.57609159	3.6872733	5.9861288
13.207328	0.57351428	3.6855915	5.9779005
13.208887	0.55869478	3.6847508	5.9573307
13.194854	0.57222563	3.683069	5.9820147
13.201091	0.57705802	3.6855915	5.9573307
13.194854	0.56835967	3.6855915	5.9655585
13.197971	0.55998343	3.6822281	5.9449883
13.207328	0.57609159	3.6822281	5.9737864
13.201091	0.56256074	3.6839099	5.9449883
13.205769	0.5603056	3.6813874	5.9779005
13.199532	0.58446777	3.6813874	5.9861288
13.204208	0.57770234	3.6797056	5.9861288
13.213565	0.55805045	3.6822281	5.9655585
13.196412	0.58189046	3.6805463	5.9820147
13.201091	0.56384939	3.6805463	5.9696727
13.204208	0.56642669	3.6788647	5.9655585
13.199532	0.57544726	3.6805463	5.9696727
13.205769	0.56642669	3.6788647	5.9696727
13.199532	0.55547315	3.6788647	5.9532166
13.205769	0.56384939	3.6780241	5.9737864
13.215124	0.5567618	3.6788647	5.9737864
13.208887	0.56610453	3.6763422	5.9861288
13.212006	0.56674886	3.6763422	5.9614444
13.202649	0.58027965	3.6780241	5.9902425
13.199532	0.59735429	3.6771829	5.9902425
13.204208	0.58672291	3.6771829	5.9737864
13.201091	0.5715813	3.6763422	5.9449883
13.207328	0.56868184	3.6755013	5.9655585
13.208887	0.56739318	3.6755013	5.9614444
13.208887	0.57286996	3.6755013	6.0066986
13.196412	0.55998343	3.6771829	5.9573307
13.208887	0.55225152	3.6763422	5.9532166
13.199532	0.54613042	3.6746607	5.9614444
13.215124	0.55321801	3.6755013	5.9737864
13.210445	0.55225152	3.6746607	5.9408746
13.207328	0.56320506	3.6755013	5.9655585
13.201091	0.56674886	3.6738195	5.9943566
13.204208	0.56997049	3.6729789	5.9943566
13.212006	0.56578237	3.6729789	5.9367604
13.202649	0.55257368	3.6738195	5.9449883
13.202649	0.55998343	3.6712973	5.9820147
13.204208	0.57254779	3.672138	5.9737864
13.212006	0.57834667	3.6729789	5.9367604
13.202649	0.5628829	3.6729789	5.9449883
13.208887	0.57125914	3.6704562	5.9491024
13.204208	0.58897805	3.6704562	6.0025849
13.202649	0.57448077	3.6704562	5.9737864
13.202649	0.56964833	3.6696155	5.9449883
13.202649	0.56932616	3.6696155	5.9655585
13.201091	0.55966127	3.6704562	5.9573307
13.194854	0.56707102	3.6687746	5.9655585
13.204208	0.56868184	3.6696155	5.9573307
13.207328	0.57448077	3.6679339	5.9737864
13.210445	0.58124614	3.6687746	5.9408746
13.215124	0.58124614	3.6679339	5.9861288
13.205769	0.56997049	3.6696155	5.9491024
13.207328	0.58897805	3.6687746	5.9902425
13.205769	0.59058887	3.6679339	5.9779005
13.208887	0.58092397	3.6687746	5.9449883
13.190175	0.5938105	3.6687746	5.9820147
13.202649	0.58930022	3.6687746	5.9408746
13.219802	0.56835967	3.6687746	5.9285321
13.199532	0.58511209	3.6687746	5.9532166
13.210445	0.58382344	3.6687746	5.9655585
13.213565	0.58221263	3.6679339	5.9655585
13.215124	0.57383645	3.6687746	5.9614444
13.194854	0.56771535	3.6679339	6.0025849
13.208887	0.56578237	3.6679339	5.9449883
13.210445	0.57931316	3.6679339	5.9737864
13.205769	0.56191641	3.6670928	5.9491024
13.197971	0.57222563	3.6679339	5.9367604
13.205769	0.56707102	3.6696155	5.9573307
13.212006	0.56803751	3.6687746	5.9614444
13.210445	0.57286996	3.6696155	5.9532166
13.201091	0.57576942	3.6696155	5.9779005
13.204208	0.57448077	3.6696155	5.9696727
13.207328	0.59477699	3.6696155	5.9861288
13.204208	0.58027965	3.6712973	5.9614444
13.202649	0.58607858	3.6687746	5.9943566
13.196412	0.59509915	3.6679339	5.9779005
13.207328	0.58092397	3.6687746	5.9655585
13.207328	0.58285695	3.6712973	5.9696727
13.202649	0.58027965	3.672138	5.9861288
13.215124	0.56674886	3.672138	5.9614444
13.212006	0.58027965	3.6712973	5.9902425
13.196412	0.59445482	3.672138	6.0025849
13.210445	0.56835967	3.6729789	5.9820147
13.193295	0.57834667	3.6712973	5.9861288
13.202649	0.58640075	3.6729789	5.9696727
13.205769	0.56578237	3.6729789	5.9655585
13.204208	0.55611748	3.6738195	5.9820147
13.196412	0.57834667	3.6738195	5.9820147
13.208887	0.57286996	3.6755013	5.9779005
13.210445	0.56062776	3.6763422	5.9655585
13.212006	0.57383645	3.6780241	5.9861288
13.202649	0.57254779	3.6755013	5.9655585
13.207328	0.56803751	3.6763422	5.9779005
13.210445	0.56868184	3.6788647	5.9655585
13.201091	0.56094992	3.6771829	5.9902425
13.201091	0.56771535	3.6771829	5.9861288
13.199532	0.56449372	3.6797056	5.9779005
13.204208	0.55031854	3.6797056	5.9943566
13.204208	0.55579531	3.6813874	5.9491024
13.199532	0.56803751	3.6822281	5.9861288
13.207328	0.55515099	3.6822281	5.9737864
13.205769	0.56094992	3.6839099	5.9491024
13.199532	0.56578237	3.683069	5.9696727
13.204208	0.55998343	3.6847508	5.9779005
13.202649	0.57866883	3.683069	5.9984708
13.208887	0.58672291	3.683069	5.9943566
13.207328	0.56610453	3.6847508	5.9737864
13.194854	0.56481588	3.6855915	5.9943566
13.201091	0.56449372	3.6864324	5.9902425
13.205769	0.5567618	3.6889548	5.9820147
13.216682	0.55354017	3.6889548	5.9696727
13.213565	0.55805045	3.689796	5.9696727
13.208887	0.55192935	3.6914775	5.9861288
13.212006	0.55901694	3.689796	6.0025849
13.215124	0.55450666	3.6931593	5.9861288
13.212006	0.569004	3.6914775	6.0231547
13.208887	0.55708396	3.6914775	5.9737864
13.210445	0.56835967	3.694	5.9984708
13.204208	0.5876894	3.6948409	5.9861288
13.205769	0.57802451	3.6956816	5.9696727
13.213565	0.57351428	3.6965227	5.9737864
13.207328	0.58801156	3.6982043	5.9984708
13.216682	0.58962238	3.6982043	5.9902425
13.208887	0.58060181	3.6990449	6.0066986
13.204208	0.59445482	3.6990449	5.9984708
13.199532	0.5963878	3.6998861	6.0272689
13.210445	0.57576942	3.7015676	5.9820147
13.205769	0.58672291	3.7032495	6.0396109
13.193295	0.57286996	3.7024083	5.9779005
13.210445	0.56707102	3.704931	5.9779005
13.204208	0.58446777	3.7057717	6.031383
13.210445	0.56352723	3.7066128	5.9861288
13.215124	0.55192935	3.7091351	5.9943566
13.197971	0.56159425	3.7091351	6.0108128
13.212006	0.56191641	3.7099762	6.0231547
13.207328	0.56578237	3.7116578	6.0396109
13.210445	0.57029265	3.7141802	6.0066986
13.204208	0.57770234	3.7141802	6.0025849
13.208887	0.56513804	3.7150211	5.9696727
13.210445	0.56546021	3.7167029	6.0108128
13.190175	0.56964833	3.7167029	6.0231547
13.207328	0.56513804	3.7167029	6.0025849
13.218243	0.56352723	3.7200663	6.0066986
13.213565	0.56417155	3.720907	6.0354967
13.207328	0.54774123	3.7217479	6.0108128
13.207328	0.5567618	3.7234297	6.0231547
13.210445	0.56610453	3.7242703	6.0108128
13.202649	0.54709691	3.7234297	5.9943566
13.199532	0.55160719	3.7251115	6.043725
13.190175	0.56546021	3.7276337	6.056067
13.204208	0.56417155	3.7301564	6.0231547
13.197971	0.56320506	3.7309971	6.043725
13.201091	0.57866883	3.7318382	6.0396109
13.202649	0.58253479	3.7343605	6.031383
13.197971	0.57351428	3.7360423	6.043725
13.199532	0.56868184	3.7394056	6.0108128
13.207328	0.57254779	3.738565	6.0231547
13.213565	0.57770234	3.7410872	6.043725
13.208887	0.56642669	3.7436099	6.031383
13.213565	0.56997049	3.7436099	6.0519528
13.204208	0.5603056	3.7461324	6.0272689
13.201091	0.55805045	3.7461324	6.0478392
13.210445	0.56191641	3.7486551	6.0519528
13.204208	0.57866883	3.7528591	6.0478392
13.201091	0.56674886	3.7528591	6.056067
13.207328	0.56739318	3.7562225	6.0478392
13.196412	0.58865589	3.7562225	6.0766373
13.204208	0.57705802	3.7587452	6.0519528
13.210445	0.57286996	3.7621086	6.0601811
13.197971	0.59413266	3.7621086	6.0848651
13.213565	0.5963878	3.7671537	6.0519528
13.210445	0.57415861	3.7688353	6.0519528
13.197971	0.60154241	3.7688353	6.1177773
13.201091	0.60315323	3.7705171	6.0848651
13.207328	0.58285695	3.7747211	6.0725231
13.199532	0.58285695	3.7780845	6.1054354
13.193295	0.59284401	3.7780845	6.1013212
13.201091	0.57641375	3.7814479	6.068409
13.201091	0.57576942	3.7864931	6.0889792
13.199532	0.57351428	3.7864931	6.0972071
13.205769	0.57383645	3.7898564	6.1095495
13.207328	0.57029265	3.7940607	6.0725231
13.205769	0.578991	3.7965832	6.0725231
13.208887	0.578991	3.7999465	6.1054354
13.219802	0.56546021	3.8033099	6.0972071
13.215124	0.5567618	3.8049915	6.0972071
13.210445	0.57834667	3.8083549	6.1177773
13.197971	0.58382344	3.8100367	6.1218915
13.204208	0.58414561	3.8142409	6.1342335
13.207328	0.59091103	3.8167634	6.1095495
13.188617	0.58478993	3.8201268	6.1136632
13.187057	0.58640075	3.8234901	6.1342335
13.212006	0.58350128	3.8276947	6.1671448
13.201091	0.58930022	3.8302169	6.158917
13.201091	0.57093698	3.8352621	6.1218915
13.201091	0.57480294	3.8377848	6.1383476
13.210445	0.56449372	3.8419888	6.1301193
13.199532	0.56932616	3.8445115	6.1342335
13.202649	0.56578237	3.8495564	6.1260056
13.207328	0.56578237	3.8537607	6.1260056
13.213565	0.58607858	3.857965	6.158917
13.204208	0.58285695	3.862169	6.1671448
13.221361	0.59928727	3.8672142	6.1794868
13.207328	0.61378455	3.8705776	6.1753731
13.201091	0.62151647	3.8764637	6.1959429
13.207328	0.61958349	3.8823493	6.158917
13.196412	0.61636186	3.8840311	6.1836009
13.202649	0.61088508	3.8882353	6.1712589
13.194854	0.61829484	3.8915987	6.2165132
13.197971	0.59896511	3.9000072	6.1753731
13.201091	0.60315323	3.9033706	6.2165132
13.205769	0.59864295	3.9084158	6.212399
13.213565	0.57448077	3.910938	6.1877151
13.199532	0.58414561	3.9168241	6.2041712
13.191734	0.57866883	3.9252326	6.2082853
13.212006	0.57415861	3.9277551	6.200057
13.205769	0.59928727	3.9344819	6.2247415
13.208887	0.58382344	3.9386861	6.1959429
13.202649	0.57576942	3.9437313	6.2247415
13.199532	0.58962238	3.9487762	6.2453113
13.215124	0.58543426	3.9546621	6.2370834
13.199532	0.58672291	3.9588666	6.2699957
13.201091	0.60057592	3.9639115	6.2658815
13.193295	0.58994454	3.9689567	6.2658815
13.194854	0.59445482	3.9756835	6.2741094
13.197971	0.60927433	3.9824102	6.2823377
13.188617	0.59477699	3.9874551	6.2823377
13.201091	0.59703213	3.9967043	6.2617674
13.201091	0.61120725	4.0009089	6.3070216
13.194854	0.58994454	4.0076356	6.3234777
13.212006	0.59606564	4.015203	6.2782235
13.201091	0.59799862	4.0202479	6.3152499
13.212006	0.59864295	4.0278158	6.3070216
13.212006	0.60508621	4.0337014	6.3152499
13.199532	0.61571753	4.0412693	6.3111358
13.205769	0.61539537	4.0454736	6.344048
13.199532	0.62377161	4.0513597	6.344048
13.213565	0.62054998	4.0580864	6.3646178
13.199532	0.6308592	4.0656538	6.3646178
13.199532	0.62441593	4.0723805	6.3646178
13.210445	0.63118136	4.0791073	6.381074
13.187057	0.63794678	4.0866752	6.4222145
13.190175	0.61958349	4.0950837	6.3728461
13.199532	0.61185157	4.1018105	6.3728461
13.202649	0.59606564	4.1110592	6.3605042
13.199532	0.59316617	4.1177859	6.4098721
13.202649	0.5938105	4.1253538	6.3975301
13.201091	0.58189046	4.1320806	6.3934159
13.205769	0.58285695	4.1404891	6.4016442
13.199532	0.5815683	4.1463747	6.4263282
13.213565	0.59284401	4.1581469	6.4222145
13.210445	0.59509915	4.1648736	6.4222145
13.212006	0.61185157	4.1732821	6.4551263
13.204208	0.6150732	4.1825314	6.4715824
13.219802	0.61217374	4.1900988	6.4551263
13.207328	0.61088508	4.1985073	6.4468985
13.201091	0.5999316	4.2052341	6.4921527
13.199532	0.60701919	4.2136426	6.5003805
13.196412	0.60766351	4.2212105	6.4921527
13.202649	0.5963878	4.2338228	6.4921527
13.197971	0.5938105	4.2397089	6.5209508
13.210445	0.59799862	4.2497993	6.5415211
13.201091	0.59896511	4.2615709	6.5044947
13.204208	0.59316617	4.2699795	6.5374069
13.201091	0.578991	4.2792287	6.512723
13.207328	0.6060527	4.289319	6.5291791
13.201091	0.60283107	4.2968864	6.5250649
13.193295	0.60637486	4.3078175	6.5744333
13.205769	0.63762462	4.3179078	6.5867743
13.208887	0.64277923	4.327157	6.5703192
13.202649	0.6334365	4.3372469	6.578547
13.196412	0.64761162	4.3464966	6.5950027
13.213565	0.63762462	4.3565865	6.578547
13.212006	0.62667108	4.3691993	6.6155725
13.194854	0.63021487	4.3776078	6.6155725
13.201091	0.6421349	4.3876977	6.6402569
13.201091	0.63665813	4.3986287	6.6525989
13.207328	0.61475104	4.4095597	6.6238008
13.194854	0.62634891	4.4204907	6.6772828
13.199532	0.62377161	4.42974	6.6731691
13.215124	0.60959649	4.4423528	6.6361427
13.190175	0.62377161	4.4524431	6.681397
13.205769	0.61475104	4.4633741	6.6937389
13.207328	0.61217374	4.4743052	6.6896253
13.196412	0.6150732	4.4869175	6.681397
13.204208	0.61700618	4.4970078	6.6896253
13.194854	0.61926132	4.5096207	6.7143092
13.196412	0.61958349	4.5205517	6.6855111
13.201091	0.60573053	4.5314827	6.7060809
13.204208	0.62280512	4.5432544	6.7184234
13.208887	0.60444188	4.557549	6.7472215
13.193295	0.61314023	4.5659575	6.7554493
13.215124	0.62699324	4.579411	6.7513356
13.218243	0.61668402	4.5928645	6.7389932
13.202649	0.62280512	4.6029544	6.8130455
13.204208	0.6395576	4.6164083	6.7719054
13.201091	0.63311434	4.62818	6.7965899
13.205769	0.61700618	4.6407924	6.7801337
13.207328	0.64116842	4.6525645	6.8212738
13.202649	0.62216079	4.6651773	6.8048177
13.208887	0.62828189	4.6786308	6.8171597
13.191734	0.64052409	4.6895614	6.8295016
13.205769	0.64567864	4.7021742	6.8829842
13.204208	0.64020193	4.7173095	6.8541861
13.215124	0.64116842	4.7299223	6.8377299
13.205769	0.63214785	4.7408533	6.8295016
13.210445	0.62828189	4.7543068	6.8583002
13.204208	0.63053703	4.7677603	6.8624139
13.207328	0.63859111	4.7778506	6.8953261
13.199532	0.63633597	4.7938266	6.891212
13.202649	0.6334365	4.8064394	6.9241242
13.210445	0.63118136	4.8198929	6.8953261
13.202649	0.62667108	4.8333464	6.9117823
13.207328	0.62054998	4.8442774	6.9200101
13.208887	0.61442888	4.8594127	6.8870983
13.204208	0.62634891	4.8728662	6.9364662
13.204208	0.64374572	4.8863196	6.9323525
13.210445	0.64825594	4.89641	6.9611506
13.199532	0.65695435	4.9115453	6.9940629
13.208887	0.67338467	4.9258394	6.9776068
13.216682	0.68143874	4.9392934	6.9776068
13.202649	0.6643641	4.9510651	6.9940629
13.193295	0.66371977	4.9662004	7.0187469
13.191734	0.67338467	4.9771309	7.0064049
13.204208	0.66114247	4.9922662	7.0022907
13.196412	0.658243	5.0040383	7.0064049
13.201091	0.65953165	5.0183325	7.035202
13.207328	0.65663218	5.0326271	7.0393162
13.208887	0.64986676	5.0477624	7.022861
13.196412	0.65888733	5.0586934	7.0763426
13.204208	0.65663218	5.0721469	7.0598865
13.215124	0.64632297	5.0864415	7.0763426
13.201091	0.65502137	5.0982132	7.0722284
13.210445	0.65792084	5.1125073	7.0681143
13.194854	0.6521219	5.1251202	7.0804563
13.205769	0.64439005	5.137733	7.0845704
13.215124	0.65792084	5.1537089	7.1092548
13.197971	0.65856516	5.1654806	7.1051407
13.213565	0.65083325	5.1806159	7.1010265
13.212006	0.66275328	5.1949105	7.1503949
13.213565	0.66758573	5.2092047	7.1339388
13.207328	0.64116842	5.2218175	7.1257105
13.204208	0.65051109	5.2327485	7.1380529
13.201091	0.6556657	5.246202	7.1545091
13.201091	0.64825594	5.2596555	7.1627369
13.204208	0.64567864	5.2714276	7.1627369
13.201091	0.65792084	5.2874041	7.1833072
13.207328	0.64406788	5.2991753	7.2079911
13.213565	0.65051109	5.3126292	7.191535
13.208887	0.64471221	5.3277645	7.1874208
13.201091	0.65051109	5.3386955	7.2203331
13.205769	0.66146463	5.3529897	7.2367892
13.201091	0.6643641	5.3672838	7.2655873
13.199532	0.67145169	5.379056	7.2614737
13.201091	0.67370683	5.3916688	7.2326751
13.077908	0.66790789	5.4000769	7.2614737
12.847135	0.658243	5.389987	7.2532454
12.530603	0.66597492	5.3639202	7.2697015
12.178206	0.67338467	5.3361726	7.2697015
11.825811	0.66661924	5.3151517	7.3067279
11.518634	0.6766063	5.2974939	7.2738156
11.280065	0.68143874	5.2857218	7.2779298
11.032141	0.67467332	5.270587	7.2779298
10.809165	0.68530464	5.254611	7.2943854
10.618934	0.66984087	5.2394753	7.2655873
10.467685	0.67821711	5.2277036	7.2902718
10.321113	0.69013709	5.2176132	7.2861576
10.19793	0.67982793	5.2075233	7.3108416
10.102815	0.67531765	5.1982741	7.2697015
9.9983435	0.69045925	5.1890244	7.2655873
9.9203796	0.67982793	5.1839795	7.2902718
9.8424168	0.67177385	5.1772528	7.2779298
9.7613344	0.68691546	5.1730485	7.2902718
9.7129974	0.68401599	5.1688442	7.2861576
9.6693373	0.67435116	5.1629586	7.2491312
9.6225586	0.68240517	5.1604357	7.3067279
9.5726624	0.6856268	5.1562319	7.3108416
9.5414772	0.6766063	5.1537089	7.2573595
9.4884615	0.68337166	5.1537089	7.2614737
9.4713097	0.66307545	5.1520271	7.2573595
9.437006	0.67370683	5.1495051	7.2655873
9.4151754	0.69142574	5.148664	7.3108416
9.4120569	0.70205712	5.148664	7.2943854
9.382431	0.69496953	5.1444597	7.2614737
9.3590422	0.69013709	5.1453004	7.2984996
9.32162	0.69303656	5.1427779	7.3149557
9.3231792	0.69110358	5.1444597	7.2779298
9.3107052	0.69303656	5.1444597	7.2738156
9.2904339	0.66919655	5.1427779	7.2902718
9.2841969	0.68015009	5.1419373	7.3026137
9.2810783	0.67016304	5.1419373	7.2902718
9.2686043	0.66114247	5.1427779	7.2820435
9.2452154	0.67274034	5.1385736	7.2902718
9.2327414	0.67886144	5.1427779	7.2943854
9.2280636	0.6704852	5.1427779	7.2861576
9.2015553	0.67789495	5.1419373	7.2820435
9.1984367	0.6669414	5.1419373	7.3067279
9.1812849	0.66919655	5.1410961	7.3067279
9.1610146	0.68788195	5.1402555	7.3108416
9.1594553	0.68433815	5.1427779	7.2902718
9.1407442	0.67467332	5.1419373	7.2779298
9.1157961	0.69078141	5.1419373	7.3026137
9.1111183	0.6917479	5.1410961	7.323184
9.1048813	0.69303656	5.1444597	7.3026137
9.0752554	0.70270145	5.1410961	7.3314118
9.0596619	0.68627113	5.1419373	7.2943854
9.0409508	0.69045925	5.1410961	7.3272977
9.030036	0.70076847	5.1402555	7.3108416
9.0331545	0.68466032	5.1436191	7.3108416
9.0050879	0.67789495	5.1419373	7.3108416
8.9926138	0.69045925	5.1419373	7.3108416
8.9957323	0.67596197	5.1394143	7.3108416
8.9879351	0.66404194	5.1419373	7.3108416
8.9645462	0.68466032	5.1410961	7.3108416
8.9645462	0.65341055	5.1385736	7.2697015
8.9473944	0.66726357	5.1410961	7.3560958
8.9349203	0.69078141	5.1410961	7.3725519
8.9084129	0.67338467	5.1385736	7.335526
8.8990574	0.66661924	5.1385736	7.323184
8.8943796	0.69271439	5.1410961	7.3437538
8.8912611	0.68401599	5.1402555	7.3396397
8.8694305	0.68498248	5.1385736	7.335526
8.8522797	0.68820411	5.1410961	7.3190699
8.8429232	0.67080736	5.1402555	7.2943854
8.8413639	0.68723762	5.1427779	7.3437538
8.8210936	0.68884844	5.1410961	7.3437538
8.7977047	0.67789495	5.1402555	7.3602099
8.7836714	0.68498248	5.1410961	7.347868
8.7680788	0.70109063	5.1419373	7.3643241
8.750926	0.68498248	5.1419373	7.3396397
8.7228594	0.69142574	5.1419373	7.347868
8.7072668	0.69207007	5.1419373	7.3314118
8.6979113	0.66468626	5.1419373	7.3272977
8.6807594	0.66855222	5.1427779	7.3437538
8.6807594	0.67950577	5.1436191	7.3437538
8.6620474	0.68530464	5.1419373	7.3643241
8.6402178	0.68369383	5.1427779	7.3437538
8.6137104	0.69819117	5.1419373	7.3396397
8.5981178	0.69432521	5.1427779	7.3643241
8.5887623	0.69561386	5.1436191	7.347868
8.5622549	0.7039901	5.1410961	7.347868
8.5591364	0.67821711	5.1427779	7.3149557
8.5310688	0.68079442	5.1436191	7.3684382
8.5248318	0.6952917	5.1410961	7.3766661
8.5076799	0.68627113	5.1444597	7.3560958
8.4811726	0.67853928	5.1410961	7.3272977
8.4733763	0.69625819	5.1419373	7.3602099
8.4686985	0.68369383	5.1427779	7.3602099
8.4515467	0.68015009	5.1444597	7.347868
8.42348	0.68498248	5.1427779	7.3602099
8.4047689	0.69142574	5.1427779	7.3519821
8.3938532	0.69851333	5.1427779	7.3766661
8.3735828	0.71107769	5.1410961	7.3725519
8.362668	0.70850039	5.1419373	7.3972363
8.3392792	0.70688957	5.1436191	7.3972363
8.3221273	0.70850039	5.1419373	7.3807802
8.3205671	0.70560092	5.1419373	7.3560958
8.2878227	0.68852627	5.1427779	7.3931222
8.2769079	0.68401599	5.1427779	7.3602099
8.2659931	0.68755978	5.1402555	7.3643241
8.2597561	0.67016304	5.1444597	7.3725519
8.2426043	0.68788195	5.1436191	7.4095783
8.2238932	0.69690251	5.1427779	7.3807802
8.2114182	0.67950577	5.1419373	7.3766661
8.1927071	0.69690251	5.1410961	7.3972363
8.1661997	0.69851333	5.1410961	7.4219203
8.1615219	0.68498248	5.1419373	7.40135
8.1428108	0.68530464	5.1419373	7.3807802
8.1225405	0.69013709	5.1410961	7.4054642
8.1069479	0.67853928	5.1402555	7.4178061
8.0882368	0.69464737	5.1419373	7.40135
8.0679655	0.68788195	5.1419373	7.3766661
8.05861	0.68594897	5.1419373	7.389008
8.0539331	0.69464737	5.1427779	7.3725519
8.0321026	0.68820411	5.1427779	7.3807802
8.0118322	0.69561386	5.1436191	7.3931222
7.9915619	0.68981493	5.1427779	7.3643241
7.9822063	0.67821711	5.1436191	7.4095783
7.9681726	0.69464737	5.1436191	7.4260345
7.9432244	0.6917479	5.1427779	7.4095783
7.9245129	0.67435116	5.1419373	7.389008
7.894887	0.69207007	5.1419373	7.4301486
7.8995647	0.68755978	5.1444597	7.4095783
7.8652606	0.66565275	5.1419373	7.40135
7.8512273	0.65759867	5.1444597	7.3848944
7.8262787	0.66049814	5.1427779	7.40135
7.8138046	0.66146463	5.1419373	7.40135
7.7966528	0.66855222	5.1444597	7.4054642
7.785738	0.66919655	5.1436191	7.4054642
7.7623491	0.66533059	5.1427779	7.4136925
7.7576709	0.66984087	5.1436191	7.40135
7.7233672	0.67596197	5.1419373	7.4301486
7.7124524	0.66629708	5.1419373	7.4095783
7.6953001	0.66243112	5.1419373	7.4342623
7.6859446	0.65469921	5.1436191	7.4054642
7.6609964	0.65147758	5.1427779	7.4383764
7.6438446	0.66984087	5.1419373	7.4630604
7.6454034	0.6766063	5.1419373	7.4301486
7.6157775	0.66565275	5.1419373	7.4507184
7.5877109	0.66823006	5.1410961	7.4342623
7.5877109	0.67596197	5.1419373	7.4424906
7.5705585	0.67338467	5.1419373	7.4178061
7.5487289	0.67789495	5.1402555	7.4260345
7.5378141	0.66919655	5.1419373	7.4342623
7.5315771	0.68079442	5.1427779	7.4342623
7.5035105	0.68208301	5.1436191	7.4260345
7.4801211	0.68015009	5.1410961	7.4630604
7.4879174	0.68659329	5.1419373	7.4383764
7.4598508	0.68755978	5.1427779	7.4507184
7.4349022	0.67145169	5.1427779	7.4383764
7.4317837	0.68530464	5.1419373	7.4342623
7.403717	0.68369383	5.1427779	7.4466043
7.3881245	0.66951871	5.1419373	7.4383764
7.3787689	0.68466032	5.1427779	7.4424906
7.3616166	0.69368088	5.1419373	7.4836307
7.3444648	0.68691546	5.1410961	7.4507184
7.3226352	0.69915766	5.1410961	7.4507184
7.3008051	0.71075553	5.1419373	7.491859
7.3008051	0.69045925	5.1402555	7.4754028
7.2789755	0.70656741	5.1419373	7.4630604
7.2602644	0.70205712	5.1419373	7.4466043
7.2415528	0.70978904	5.1419373	7.4671745
7.2275195	0.71558797	5.1410961	7.4795165
7.2275195	0.71075553	5.1427779	7.4589467
7.1963339	0.71945393	5.1410961	7.4589467
7.1713858	0.7200982	5.1427779	7.4754028
7.1635895	0.70302361	5.1427779	7.491859
7.1417599	0.69690251	5.1436191	7.4712887
7.1277261	0.70527875	5.1419373	7.4754028
7.1183705	0.68949276	5.1419373	7.4589467
7.0903034	0.69142574	5.1419373	7.4671745
7.0747108	0.69335872	5.1444597	7.4795165
7.0762706	0.67853928	5.1436191	7.4589467
7.0497627	0.68659329	5.1436191	7.4795165
7.0310512	0.67789495	5.1444597	7.4959726
7.0138998	0.66758573	5.1427779	7.4589467
6.9983072	0.68337166	5.1436191	7.4671745
6.9795957	0.68981493	5.1427779	7.4671745
6.9749179	0.68949276	5.1427779	7.4795165
6.9546475	0.69142574	5.1419373	7.4424906
6.945292	0.68691546	5.1427779	7.4671745
6.9406137	0.6791836	5.1410961	7.4712887
6.9047508	0.68208301	5.1419373	7.5042
6.9047508	0.67853928	5.1419373	7.4836307
6.88448	0.67725062	5.1419373	7.491859
6.8673282	0.67563981	5.1410961	7.4877448
6.8610911	0.66855222	5.1419373	7.4671745
6.8470573	0.65888733	5.1410961	7.4424906
6.823669	0.66855222	5.1419373	7.4754028
6.8267875	0.66629708	5.1427779	7.4877448
6.7987204	0.67563981	5.1410961	7.5371122
6.7784495	0.6856268	5.1419373	7.5042
6.7722125	0.67274034	5.1410961	7.4754028
6.7472644	0.6791836	5.1419373	7.5206561
6.7379088	0.70560092	5.1419373	7.5000858
6.7191973	0.69110358	5.1427779	7.5124283
6.7082829	0.6791836	5.1419373	7.4877448
6.6958089	0.69368088	5.1444597	7.4836307
6.6786566	0.67692846	5.1427779	7.4877448
6.663064	0.67145169	5.1427779	7.4959726
6.6505895	0.68433815	5.1419373	7.5083141
6.6349969	0.68272734	5.1419373	7.5000858
6.6209636	0.66275328	5.1419373	7.4836307
6.599134	0.67145169	5.1410961	7.5371122
6.5944557	0.66178679	5.1444597	7.4877448
6.5741858	0.67402899	5.1427779	7.5124283
6.5507965	0.66919655	5.1410961	7.4836307
6.5430002	0.68015009	5.1427779	7.5247703
6.5336447	0.66951871	5.1427779	7.5124283
6.5180521	0.6669414	5.1419373	7.516542
6.4977813	0.68047225	5.1410961	7.5288844
6.4790702	0.68401599	5.1410961	7.5412264
6.4634771	0.67402899	5.1419373	7.5000858
6.4510031	0.66565275	5.1427779	7.5083141
6.4338512	0.68337166	5.1427779	7.5124283
6.4291735	0.67853928	5.1410961	7.5288844
6.4073434	0.67725062	5.1419373	7.5247703
6.4011064	0.66339761	5.1419373	7.5042
6.3808365	0.67596197	5.1410961	7.5329981
6.3668027	0.67789495	5.1410961	7.5494542
6.3480911	0.67982793	5.1427779	7.5288844
6.3340583	0.6856268	5.1419373	7.516542
6.3402953	0.68401599	5.1427779	7.5288844
6.3075504	0.6917479	5.1419373	7.5494542
6.2950764	0.697869	5.1394143	7.5288844
6.2841616	0.67596197	5.1410961	7.5083141
6.2654505	0.69658035	5.1427779	7.5412264
6.2654505	0.697869	5.1410961	7.5535684
6.2436204	0.69368088	5.1410961	7.5453401
6.2233496	0.69851333	5.1419373	7.5412264
6.2171125	0.68981493	5.1410961	7.5288844
6.2093167	0.69271439	5.1427779	7.5617962
6.1921644	0.69045925	5.1410961	7.5494542
6.1765718	0.68208301	5.1410961	7.5453401
6.1640978	0.67853928	5.1394143	7.5494542
6.1516232	0.68723762	5.1402555	7.5659103
6.1438274	0.67789495	5.1419373	7.5412264
6.1251163	0.68594897	5.1394143	7.5659103
6.1142011	0.68755978	5.1419373	7.5453401
6.092371	0.68820411	5.1419373	7.5371122
6.092371	0.67725062	5.1427779	7.5412264
6.0783381	0.68594897	5.1410961	7.5453401
6.0518303	0.70688957	5.1402555	7.5741386
6.0487118	0.69980198	5.1419373	7.5823665
6.037797	0.7014128	5.1419373	7.5700245
6.0222044	0.70044631	5.1402555	7.5494542
6.0034933	0.69593602	5.1410961	7.5617962
5.9972558	0.68272734	5.1410961	7.5494542
5.9816632	0.68949276	5.1410961	7.5535684
5.9754262	0.6704852	5.1419373	7.5371122
5.9551554	0.66339761	5.1394143	7.5782523
5.944241	0.66017598	5.1419373	7.5535684
5.9302077	0.66307545	5.1427779	7.5659103
5.9068184	0.66210896	5.1410961	7.5535684
5.9099369	0.66887438	5.1444597	7.5535684
5.8959036	0.67725062	5.1410961	7.5659103
5.8709555	0.67982793	5.1385736	7.5864806
5.8693957	0.68047225	5.1419373	7.5700245
5.8475661	0.69819117	5.1419373	7.6029367
5.8428888	0.69110358	5.1402555	7.5741386
5.8241773	0.71719879	5.1402555	7.6276207
5.813262	0.69883549	5.1419373	7.5617962
5.8007879	0.70978904	5.1410961	7.5782523
5.7851954	0.71977609	5.1402555	7.6111646
5.7805181	0.71655446	5.1419373	7.6070504
5.7571287	0.7101112	5.1402555	7.5700245
5.7493324	0.7014128	5.1402555	7.5782523
5.7399769	0.68498248	5.1419373	7.5741386
5.7259431	0.69851333	5.1419373	7.6029367
5.7228246	0.69947982	5.1419373	7.6029367
5.700995	0.69303656	5.1410961	7.5988226
5.6854019	0.69690251	5.1410961	7.5741386
5.6682506	0.6891706	5.1394143	7.6111646
5.6698093	0.69432521	5.1385736	7.5905943
5.658895	0.71107769	5.1410961	7.6070504
5.6510983	0.6952917	5.1410961	7.5864806
5.6323872	0.69368088	5.1410961	7.6152787
5.6183538	0.70656741	5.1410961	7.5905943
5.6058798	0.70076847	5.1402555	7.6029367
5.591846	0.69658035	5.1402555	7.6029367
5.5793719	0.70044631	5.1410961	7.6193929
5.5715756	0.70592308	5.1402555	7.6193929
5.5606604	0.70656741	5.1419373	7.6317348
5.5575418	0.68755978	5.1394143	7.6152787
5.5419493	0.7039901	5.1427779	7.6152787
5.5310349	0.69915766	5.1410961	7.6070504
5.5170012	0.6830495	5.1394143	7.5823665
5.5014086	0.68530464	5.1385736	7.6111646
5.4920526	0.69013709	5.1394143	7.6235065
5.4904938	0.69593602	5.1419373	7.6193929
5.4749012	0.70012414	5.1419373	7.6276207
5.4546304	0.71591014	5.1410961	7.6317348
5.4468341	0.70688957	5.1402555	7.6193929
5.4390383	0.69335872	5.1410961	7.5988226
5.428123	0.70495659	5.1402555	7.6317348
5.4125304	0.70366794	5.1419373	7.6276207
5.4125304	0.71075553	5.1410961	7.6523046
5.3875818	0.70978904	5.1419373	7.648191
5.3782263	0.71655446	5.1419373	7.6276207
5.3657522	0.7014128	5.1410961	7.6235065
5.3470411	0.71107769	5.1402555	7.6564188
5.3376851	0.71687663	5.1410961	7.6440768
5.3439226	0.70495659	5.1410961	7.6111646
5.3174152	0.71268851	5.1410961	7.635849
5.3111782	0.70785606	5.1410961	7.6317348
5.2987037	0.7226755	5.1427779	7.6811032
5.2831111	0.70688957	5.1402555	7.6317348
5.2846704	0.7162323	5.1402555	7.6564188
5.2628403	0.72525281	5.1385736	7.6811032
5.2597218	0.73008525	5.1410961	7.6687608
5.2488074	0.71784312	5.1402555	7.6564188
5.2332144	0.72138685	5.1385736	7.6646471
5.2285366	0.72138685	5.1402555	7.648191
5.2160625	0.71107769	5.1394143	7.6687608
5.2004695	0.71236634	5.1410961	7.6646471
5.1833181	0.70237929	5.1385736	7.6523046
5.1708436	0.69496953	5.1402555	7.6564188
5.1646066	0.6891706	5.1394143	7.6769891
5.1583695	0.69207007	5.1419373	7.6523046
5.1521325	0.68659329	5.1410961	7.6440768
5.149014	0.68369383	5.1385736	7.6399627
5.1303029	0.68530464	5.1394143	7.6728749
5.1271844	0.70205712	5.1410961	7.6440768
5.1147103	0.69690251	5.1419373	7.6564188
5.0959988	0.68852627	5.1410961	7.6646471
5.088202	0.72203118	5.1410961	7.7469273
5.0741692	0.71784312	5.1402555	7.6728749
5.0648136	0.71784312	5.1385736	7.6769891
5.0570173	0.71043336	5.1402555	7.6440768
5.0492206	0.71977609	5.1394143	7.6893311
5.0305095	0.71494365	5.1394143	7.660533
5.0242724	0.71204418	5.1402555	7.660533
5.0164766	0.7188096	5.1385736	7.6687608
5.0040021	0.71268851	5.1394143	7.7222433
5.0086799	0.70624524	5.1402555	7.6893311
4.991528	0.70044631	5.1402555	7.6728749
4.9806128	0.71268851	5.1410961	7.6975594
4.9665799	0.69915766	5.1385736	7.6728749
4.9556646	0.69207007	5.1410961	7.660533
4.9447498	0.70495659	5.1402555	7.6728749
4.9353943	0.697869	5.1394143	7.6728749
4.933835	0.68788195	5.1402555	7.6934452
4.9135647	0.70431226	5.1394143	7.701673
4.9260387	0.70817822	5.1402555	7.6852169
4.9057679	0.69625819	5.1402555	7.6811032
4.8948536	0.70012414	5.1402555	7.701673
4.8730235	0.697869	5.1410961	7.6769891
4.869905	0.6917479	5.1402555	7.660533
4.8465157	0.69690251	5.1402555	7.6811032
4.8418384	0.71558797	5.1410961	7.7099013
4.8449569	0.71236634	5.1402555	7.6975594
4.8356013	0.71462148	5.1394143	7.7057872
4.8153305	0.70817822	5.1385736	7.6975594
4.805975	0.71462148	5.1410961	7.6975594
4.8012972	0.70302361	5.1394143	7.714015
4.8075342	0.69915766	5.1394143	7.6728749
4.7810268	0.71204418	5.1410961	7.701673
4.7654343	0.72138685	5.1394143	7.7057872
4.7685528	0.72074252	5.1394143	7.701673
4.7467227	0.72042036	5.1410961	7.6975594
4.7358079	0.7200982	5.1385736	7.7263575
4.7326894	0.7200982	5.1394143	7.7386994
4.7358079	0.72170901	5.1410961	7.7428136
4.7139783	0.72686362	5.137733	7.7428136
4.7046227	0.7101112	5.1394143	7.7099013
4.7030635	0.7014128	5.1385736	7.7057872
4.6843519	0.70205712	5.1385736	7.7057872
4.6843519	0.70817822	5.1394143	7.7057872
4.6625223	0.70076847	5.1385736	7.7099013
4.654726	0.70237929	5.1385736	7.714015
4.6516075	0.70366794	5.1402555	7.7304711
4.642252	0.70237929	5.1385736	7.7181292
4.6313367	0.70882255	5.1385736	7.7057872
4.6188626	0.71526581	5.1410961	7.7057872
4.6235404	0.70914471	5.1394143	7.7304711
4.6141849	0.71526581	5.1402555	7.7222433
4.5985923	0.71784312	5.1410961	7.7304711
4.5892367	0.71913177	5.1402555	7.7263575
4.5798812	0.73072958	5.1385736	7.7798395
4.5767627	0.70721173	5.137733	7.7181292
4.5689664	0.71462148	5.1402555	7.7181292
4.5596108	0.71462148	5.1394143	7.714015
4.5518146	0.70334578	5.1394143	7.7428136
4.53934	0.72042036	5.1394143	7.7263575
4.5440183	0.73072958	5.1402555	7.7428136
4.5159512	0.71494365	5.1394143	7.701673
4.5221882	0.73105174	5.1385736	7.7633834
4.5034771	0.72525281	5.1394143	7.7263575
4.5081549	0.71333283	5.1419373	7.7222433
4.491003	0.72750795	5.1410961	7.7551556
4.4816475	0.73008525	5.1385736	7.7716117
4.4613767	0.7323404	5.1402555	7.7592692
4.4660544	0.71719879	5.1385736	7.7345853
4.4676137	0.7188096	5.1402555	7.7428136
4.4504619	0.72718579	5.1402555	7.7345853
4.4411063	0.70721173	5.1385736	7.7386994
4.4286323	0.7039901	5.1394143	7.7181292
4.4223952	0.7014128	5.1394143	7.7469273
4.4068022	0.70592308	5.1410961	7.7757254
4.4005651	0.70592308	5.1394143	7.7510414
4.3912096	0.70592308	5.1394143	7.7592692
4.3865318	0.70205712	5.137733	7.7428136
4.3880911	0.70978904	5.1410961	7.7386994
4.3647022	0.70237929	5.1385736	7.7222433
4.3600245	0.68884844	5.1394143	7.7510414
4.3397541	0.69947982	5.1385736	7.7428136
4.3522277	0.70721173	5.1402555	7.7716117
4.3413134	0.70850039	5.137733	7.7674975
4.3381948	0.69658035	5.1402555	7.7345853
4.321043	0.71526581	5.1394143	7.7716117
4.314806	0.72299767	5.1385736	7.7510414
4.3085685	0.71719879	5.1385736	7.7633834
4.2992129	0.7262193	5.137733	7.7386994
4.2976537	0.71526581	5.1385736	7.7551556
4.2758241	0.71397716	5.1360512	7.7674975
4.2758241	0.70850039	5.1385736	7.7551556
4.2664685	0.71816528	5.1385736	7.7510414
4.2602315	0.69303656	5.1394143	7.7551556
4.247757	0.69303656	5.1385736	7.7674975
4.247757	0.69561386	5.1402555	7.7880678
4.2399607	0.69207007	5.1385736	7.7633834
4.2306051	0.69947982	5.1410961	7.7674975
4.2274866	0.70560092	5.1385736	7.7551556
4.2212496	0.68788195	5.1385736	7.7510414
4.2103348	0.70495659	5.1402555	7.7921815
4.2103348	0.69368088	5.1394143	7.7592692
4.2025385	0.70270145	5.1385736	7.7757254
4.1775899	0.72396415	5.1394143	7.8086376
4.1775899	0.71655446	5.1385736	7.7839537
4.1807084	0.70334578	5.1394143	7.7469273
4.1573195	0.69432521	5.1394143	7.7592692
4.1448455	0.69690251	5.137733	7.8209796
4.1510825	0.697869	5.1402555	7.7880678
4.1386085	0.68240517	5.1385736	7.7962956
4.1261339	0.67853928	5.1394143	7.7798395
4.1152191	0.69690251	5.1402555	7.8209796
4.1214561	0.68788195	5.1385736	7.7880678
4.1183376	0.68788195	5.1385736	7.7716117
4.1074228	0.68852627	5.1402555	7.7716117
4.0965085	0.69464737	5.1385736	7.7921815
4.0855932	0.7200982	5.1385736	7.8209796
4.0653229	0.73040742	5.137733	7.8168659
4.0715599	0.74039447	5.1394143	7.8086376
4.0793562	0.73685068	5.1394143	7.8086376
4.048171	0.74522692	5.1385736	7.8127518
4.048171	0.73556203	5.1394143	7.7921815
4.035697	0.72654146	5.1385736	7.7716117
4.0372562	0.74232745	5.1402555	7.8168659
4.035697	0.72106469	5.1402555	7.7962956
4.0169854	0.72396415	5.1385736	7.833322
4.0185447	0.71268851	5.1394143	7.8004098
4.0060706	0.71397716	5.1394143	7.8127518
4.0076299	0.71848744	5.1394143	7.8045239
4.0013928	0.70270145	5.1385736	7.7839537
3.9858003	0.70302361	5.1394143	7.8086376
3.979563	0.7014128	5.1385736	7.7962956
3.9702075	0.69110358	5.1385736	7.7921815
3.9670889	0.71172202	5.1385736	7.8086376
3.9608519	0.71333283	5.137733	7.8415499
3.9483776	0.70882255	5.137733	7.8168659
3.9468184	0.70302361	5.1385736	7.7921815
3.9405813	0.69561386	5.1394143	7.7962956
3.9296665	0.70592308	5.1385736	7.8250937
3.915633	0.70463443	5.1385736	7.833322
3.920311	0.71784312	5.1385736	7.8250937
3.9109552	0.71204418	5.1394143	7.8086376
3.9078367	0.71172202	5.137733	7.8209796
3.8875663	0.7101112	5.1394143	7.8250937
3.8938034	0.70366794	5.1410961	7.7962956
3.8782108	0.71752095	5.1385736	7.8209796
3.8766515	0.70656741	5.1385736	7.8045239
3.8657367	0.70076847	5.1402555	7.8250937
3.873533	0.69819117	5.1385736	7.8374357
3.8548219	0.71301067	5.1385736	7.8209796
3.8454661	0.7200982	5.1394143	7.833322
3.8532627	0.71591014	5.1394143	7.8250937
3.8485847	0.72331983	5.1385736	7.8538918
3.8345513	0.73298472	5.1385736	7.8374357
3.8329921	0.7162323	5.1385736	7.8250937
3.8220773	0.72042036	5.1394143	7.8292079
3.8173993	0.72331983	5.1394143	7.858006
3.809603	0.74426043	5.137733	7.8538918
3.8064845	0.71913177	5.137733	7.845664
3.7924511	0.71075553	5.137733	7.833322
3.7830954	0.72557497	5.137733	7.9032602
3.7815361	0.71268851	5.1385736	7.845664
3.7706213	0.71043336	5.1385736	7.845664
3.7675028	0.68755978	5.1360512	7.8292079
3.762825	0.68820411	5.1385736	7.8374357
3.75191	0.69593602	5.1368923	7.8292079
3.75191	0.70850039	5.1385736	7.8374357
3.7409952	0.72138685	5.1385736	7.858006
3.7409952	0.72396415	5.137733	7.858006
3.7207246	0.74168313	5.137733	7.8621202
3.7207246	0.73846149	5.1360512	7.8415499
3.7160468	0.74329394	5.1385736	7.858006
3.7129283	0.72783011	5.1394143	7.8374357
3.7020135	0.73266256	5.1385736	7.8744621
3.6957765	0.74039447	5.137733	7.870348
3.6864207	0.71558797	5.1368923	7.8621202
3.6895392	0.71784312	5.1368923	7.8662338
3.6786244	0.72589713	5.1385736	7.858006
3.6739469	0.72138685	5.1402555	7.8744621
3.6692691	0.71333283	5.1385736	7.858006
3.6645913	0.69496953	5.137733	7.8374357
3.6677098	0.7200982	5.1394143	7.870348
3.652117	0.70656741	5.1385736	7.8497782
3.6443207	0.69980198	5.1394143	7.858006
3.6318467	0.71429932	5.1385736	7.8744621
3.6287282	0.71558797	5.137733	7.8744621
3.6271689	0.72106469	5.1385736	7.8785763
3.6240501	0.71462148	5.1368923	7.8950324
3.6068983	0.72299767	5.1385736	7.8909183
3.6037798	0.72686362	5.137733	7.8950324
3.6068983	0.71043336	5.1394143	7.8538918
3.599102	0.71268851	5.1402555	7.870348
3.5944242	0.70978904	5.1394143	7.8621202
3.5835092	0.7323404	5.1385736	7.9032602
3.5803907	0.72364199	5.137733	7.8785763
3.5741537	0.73685068	5.1385736	7.88269
3.5616794	0.73266256	5.1385736	7.8744621
3.5585608	0.73749501	5.1385736	7.9402866
3.5554423	0.73105174	5.1385736	7.88269
3.5585608	0.7014128	5.1402555	7.858006
3.5445275	0.72331983	5.1385736	7.8909183
3.5398498	0.71655446	5.137733	7.8785763
3.5336127	0.72493064	5.1368923	7.8868041
3.5320535	0.72525281	5.1385736	7.858006
3.5211384	0.72138685	5.1394143	7.8909183
3.5149014	0.74071664	5.1368923	7.9402866
3.5164607	0.7287966	5.1385736	7.8868041
3.5008681	0.73620635	5.1385736	7.9197164
3.4915123	0.73749501	5.1385736	7.9114885
3.4930716	0.72460848	5.1385736	7.9114885
3.489953	0.72203118	5.1385736	7.9032602
3.4805977	0.70914471	5.1385736	7.9073744
3.4805977	0.7101112	5.137733	7.8868041
3.4696829	0.72203118	5.137733	7.8991461
3.4712422	0.71848744	5.137733	7.8991461
3.4603271	0.71816528	5.1385736	7.8909183
3.4681237	0.7188096	5.1385736	7.8785763
3.4462938	0.73620635	5.1352105	7.9402866
3.435379	0.72525281	5.137733	7.8868041
3.4525309	0.73008525	5.1368923	7.9032602
3.435379	0.74039447	5.137733	7.9114885
3.418227	0.73910582	5.1360512	7.9156022
3.4197862	0.73008525	5.137733	7.9032602
3.4260232	0.70173496	5.1385736	7.8991461
3.4088714	0.72042036	5.137733	7.9197164
3.4151084	0.71365499	5.1385736	7.9320583
3.3979564	0.71236634	5.137733	7.9197164
3.3963971	0.71977609	5.1368923	7.9032602
3.3823638	0.71429932	5.1368923	7.88269
3.3870416	0.72750795	5.137733	7.9073744
3.3854823	0.71397716	5.1385736	7.8950324
3.3823638	0.73072958	5.137733	7.9156022
3.3652117	0.73072958	5.137733	7.9032602
3.3683302	0.71687663	5.1385736	7.9279442
3.3620932	0.70882255	5.1368923	7.88269
3.3636525	0.69142574	5.1385736	7.8991461
3.3496192	0.71204418	5.137733	7.9114885
3.3387043	0.70817822	5.1368923	7.9156022
3.3309078	0.70592308	5.1368923	7.8785763
3.3418229	0.71236634	5.1385736	7.9073744
3.3309078	0.71752095	5.1385736	7.9197164
3.3231115	0.73362905	5.1385736	7.9526286
3.3293486	0.7226755	5.137733	7.9197164
3.319993	0.71268851	5.1394143	7.8950324
3.313756	0.72042036	5.1385736	7.9361725
3.2950449	0.72203118	5.1360512	7.9197164
3.2872486	0.7323404	5.137733	7.9608564
3.2966042	0.72331983	5.137733	7.9238305
3.2841301	0.74200529	5.1360512	7.9402866
3.2919264	0.73395121	5.137733	7.8950324
3.2810116	0.7410388	5.1368923	7.9485145
3.2810116	0.73878366	5.137733	7.9238305
3.2778931	0.72460848	5.1385736	7.9361725
3.2732153	0.74780422	5.1385736	7.9402866
3.266978	0.73266256	5.1368923	7.9279442
3.2482669	0.72493064	5.1368923	7.9444003
3.2482669	0.73652852	5.1385736	7.9197164
3.254504	0.71301067	5.137733	7.9073744
3.2467077	0.71848744	5.1385736	7.9073744
3.2420299	0.70173496	5.1368923	7.9320583
3.2311149	0.70270145	5.1368923	7.9402866
3.2202001	0.7101112	5.137733	7.9444003
3.2202001	0.7039901	5.137733	7.9690847
3.2264371	0.69883549	5.1385736	7.9279442
3.2264371	0.70495659	5.137733	7.9073744
3.2092853	0.71494365	5.1394143	7.9402866
3.207726	0.71687663	5.1385736	7.9279442
3.213963	0.7039901	5.137733	7.9238305
3.1874554	0.71913177	5.137733	7.9485145
3.1921332	0.72976309	5.137733	7.9279442
3.1921332	0.72944093	5.137733	7.9526286
3.1843369	0.71848744	5.1394143	7.9444003
3.1734219	0.73169607	5.1368923	7.9567428
3.1671848	0.72460848	5.137733	7.9197164
3.1609478	0.73169607	5.137733	7.9896541
3.1671848	0.73878366	5.1385736	7.9485145
3.1547108	0.74426043	5.137733	7.9649706
3.1578293	0.7497372	5.1385736	7.9690847
3.1609478	0.73781717	5.1394143	7.9814267
3.150033	0.71494365	5.1385736	7.9485145
3.139118	0.71945393	5.1368923	7.9444003
3.1235254	0.69722468	5.137733	7.9361725
3.1375587	0.697869	5.137733	7.9608564
3.1219664	0.69658035	5.1385736	7.9567428
3.1172886	0.70495659	5.1360512	7.9731984
3.1094923	0.7287966	5.137733	7.9485145
3.1141701	0.72557497	5.1385736	7.9690847
3.1110516	0.73072958	5.1385736	7.9567428
3.1048143	0.74232745	5.137733	7.9608564
3.0954587	0.73685068	5.1394143	7.9485145
3.0845439	0.73008525	5.137733	7.9402866
3.0923402	0.72331983	5.137733	7.9485145
3.0892217	0.72493064	5.137733	7.9567428
3.0845439	0.73556203	5.1385736	7.9773126
3.0751884	0.72815228	5.137733	7.9690847
3.0767477	0.71719879	5.1352105	7.9526286
3.0673919	0.71977609	5.1385736	7.9485145
3.0673919	0.72235334	5.1385736	7.9567428
3.0580363	0.7262193	5.1394143	7.9649706
3.0486808	0.73298472	5.1385736	7.9937682
3.05024	0.73298472	5.137733	7.9690847
3.0424435	0.73813933	5.1368923	7.9855409
3.0517993	0.74490476	5.137733	7.9690847
3.0471215	0.72235334	5.137733	7.9238305
3.0377657	0.72911876	5.1385736	7.9690847
3.0315287	0.74071664	5.1360512	7.9937682
3.0206139	0.71526581	5.137733	7.9608564
3.0221732	0.70076847	5.137733	7.9608564
3.0143769	0.69947982	5.1368923	7.9567428
3.0128176	0.7014128	5.137733	7.9608564
3.0003433	0.71172202	5.1368923	7.9814267
3.0128176	0.7075339	5.137733	7.9814267
2.9956656	0.71526581	5.1394143	7.9526286
3.0034618	0.73137391	5.137733	7.9855409
2.9831915	0.72299767	5.1360512	7.9896541
2.9831915	0.71429932	5.137733	7.9978819
2.975395	0.73523986	5.137733	7.9978819
2.9816322	0.73556203	5.1360512	8.001996
2.9785135	0.73427337	5.1394143	7.9855409
2.9675987	0.72847444	5.1368923	8.0102243
2.9691579	0.7410388	5.1385736	8.0061102
2.9707172	0.75102586	5.1352105	7.9731984
2.9535654	0.73910582	5.1360512	8.0184517
2.9535654	0.73620635	5.1360512	7.9978819
2.9520063	0.74748206	5.137733	7.9937682
2.9488878	0.73169607	5.1368923	7.9690847
2.9317358	0.73942798	5.1368923	8.0061102
2.9457693	0.7287966	5.1360512	8.0102243
2.9379728	0.73942798	5.1385736	7.9896541
2.9348543	0.74522692	5.1368923	7.9896541
2.9317358	0.73137391	5.1385736	7.9773126
2.9348543	0.73942798	5.1360512	8.0061102
2.9286172	0.7188096	5.137733	7.9649706
2.927058	0.73298472	5.137733	7.9937682
2.9114652	0.71333283	5.1385736	7.9773126
2.8989911	0.71172202	5.1368923	8.001996
2.9083467	0.73298472	5.1385736	7.9855409
2.8989911	0.73910582	5.1368923	7.9855409
2.9005504	0.74039447	5.137733	8.001996
2.9052281	0.7287966	5.137733	7.9690847
2.8771613	0.73556203	5.1385736	7.9978819
2.886517	0.72944093	5.137733	8.0143385
2.8802798	0.73072958	5.1368923	8.0102243
2.8787205	0.73556203	5.1368923	8.0349083
2.886517	0.72042036	5.1385736	7.9855409
2.8631279	0.73169607	5.137733	8.0143385
2.869365	0.71043336	5.1394143	7.9937682
2.8568909	0.72686362	5.1368923	7.9978819
2.8615687	0.72396415	5.137733	7.9608564
2.8553317	0.7162323	5.1360512	7.9978819
2.8459759	0.73781717	5.1352105	8.02668
2.8537724	0.72396415	5.1368923	7.9978819
2.8381796	0.72750795	5.137733	7.9937682
2.8459759	0.74168313	5.1360512	8.0102243
2.8335018	0.74039447	5.137733	8.001996
2.828824	0.74812639	5.1368923	8.0061102
2.8319426	0.73749501	5.1368923	8.001996
2.8272648	0.75167018	5.1368923	8.001996
2.8194685	0.73040742	5.1360512	7.9978819
2.8132312	0.7200982	5.1352105	8.0184517
2.8163497	0.7188096	5.1368923	7.9896541
2.8132312	0.71204418	5.1394143	8.0102243
2.8038757	0.71913177	5.137733	8.0143385
2.8101127	0.70914471	5.1368923	8.0061102
2.7991979	0.73040742	5.1368923	8.0554781
2.8023164	0.74007231	5.137733	7.9978819
2.7991979	0.73105174	5.1360512	7.9978819
2.7804868	0.74683774	5.137733	8.0472507
2.7836056	0.75746912	5.1343694	8.0554781
2.7867241	0.7594021	5.1385736	8.0102243
2.7820463	0.73652852	5.1360512	8.0102243
2.775809	0.7594021	5.1368923	8.0431366
2.775809	0.72493064	5.1368923	8.0102243
2.7711313	0.71784312	5.1394143	7.9937682
2.7726905	0.72331983	5.137733	8.001996
2.763335	0.7162323	5.137733	7.9937682
2.7602165	0.71752095	5.1385736	8.0595922
2.7617757	0.69947982	5.1385736	8.0143385
2.7555387	0.71719879	5.1368923	8.001996
2.7524202	0.72686362	5.137733	8.0061102
2.7430644	0.70978904	5.1360512	8.0225658
2.7383866	0.72557497	5.1368923	8.02668
2.7368274	0.71848744	5.1368923	8.02668
2.7399459	0.71945393	5.137733	8.0225658
2.7352681	0.72299767	5.1360512	8.0472507
2.7383866	0.72750795	5.137733	8.0349083
2.7212348	0.72364199	5.1385736	8.0225658
2.7259126	0.72750795	5.1394143	8.0349083
2.711879	0.72299767	5.1368923	8.0595922
2.7040827	0.7262193	5.1368923	8.0349083
2.7040827	0.73717284	5.137733	8.0513639
2.7103198	0.73685068	5.1360512	8.02668
2.7103198	0.72557497	5.1368923	8.0349083
2.7072012	0.70978904	5.1368923	8.0102243
2.699405	0.72847444	5.137733	8.0554781
2.6978457	0.71687663	5.1385736	8.0102243
2.6822529	0.71784312	5.137733	8.0349083
2.6900494	0.73201823	5.137733	8.0431366
2.6728973	0.73395121	5.1385736	8.0472507
2.6775751	0.74780422	5.137733	8.0513639
2.6822529	0.72074252	5.1385736	8.0390224
2.6791344	0.73137391	5.1368923	8.0102243
2.6775751	0.73395121	5.1368923	8.02668
2.6682196	0.72976309	5.1360512	8.0472507
2.6557453	0.73846149	5.137733	8.02668
2.6604233	0.72106469	5.1368923	8.0307941
2.6651011	0.73427337	5.1385736	8.0431366
2.658864	0.73749501	5.1368923	8.0431366
2.6401527	0.7323404	5.1360512	8.0637064
2.6370342	0.74909288	5.1385736	8.080162
2.6495082	0.73459554	5.1360512	8.0307941
2.6495082	0.73395121	5.1385736	8.0349083
2.6401527	0.72428632	5.1368923	8.0513639
2.6370342	0.71784312	5.137733	8.0719347
2.6292381	0.72235334	5.1352105	8.0760489
2.6261196	0.72203118	5.1385736	8.0513639
2.6307974	0.71397716	5.1368923	8.0472507
2.6245604	0.72042036	5.1385736	8.0349083
2.6167638	0.73040742	5.1360512	8.0595922
2.6167638	0.73975015	5.137733	8.0225658
2.6042898	0.74812639	5.137733	8.0513639
2.6042898	0.753281	5.137733	8.0883904
2.599612	0.74683774	5.1385736	8.0472507
2.5949342	0.73395121	5.1368923	8.0472507
2.5902565	0.7471599	5.1368923	8.0719347
2.593375	0.7594021	5.1360512	8.0966187
2.593375	0.73266256	5.1385736	8.0390224
2.599612	0.72783011	5.1360512	8.0513639
2.599612	0.71655446	5.1368923	8.0307941
2.5886972	0.72460848	5.1385736	8.0595922
2.5871377	0.70431226	5.1368923	8.0431366
2.5762229	0.70946687	5.1394143	8.0554781
2.5809007	0.70205712	5.1368923	8.0390224
2.5746636	0.71752095	5.1360512	8.1007328
2.5793414	0.73008525	5.137733	8.0842762
2.5731044	0.74232745	5.1368923	8.0637064
2.5637488	0.73942798	5.137733	8.0554781
2.5606303	0.75456965	5.1385736	8.0842762
2.5606303	0.74748206	5.1385736	8.0513639
2.5543931	0.75424749	5.1360512	8.0925045
2.548156	0.7594021	5.1360512	8.0925045
2.5434783	0.74039447	5.1385736	8.0883904
2.5559523	0.72783011	5.1385736	8.0595922
2.5606303	0.72750795	5.1385736	8.0637064
2.5372412	0.72976309	5.1352105	8.0678205
2.5325634	0.7188096	5.1368923	8.0760489
2.5232077	0.70914471	5.1368923	8.0554781
2.5325634	0.71752095	5.1360512	8.0513639
2.5372412	0.71591014	5.1368923	8.0637064
2.5341227	0.73781717	5.1385736	8.1007328
2.5247669	0.73717284	5.137733	8.0760489
2.5278857	0.73588419	5.1368923	8.0595922
2.5169706	0.74136096	5.1360512	8.0554781
2.5122929	0.74071664	5.1368923	8.0719347
2.5154114	0.75199234	5.1360512	8.0842762
2.5013781	0.76133502	5.1360512	8.0842762
2.4982595	0.76262367	5.1360512	8.0513639
2.5029373	0.74780422	5.137733	8.0678205
2.5138521	0.74136096	5.1385736	8.0883904
2.4935815	0.72686362	5.1368923	8.0925045
2.4998188	0.72299767	5.1368923	8.0925045
2.4857852	0.69722468	5.137733	8.0554781
2.4967003	0.7014128	5.137733	8.0842762
2.4857852	0.7226755	5.137733	8.1089611
2.4733114	0.72944093	5.1360512	8.1089611
2.4889038	0.73846149	5.137733	8.0760489
2.4857852	0.73523986	5.137733	8.0678205
2.484226	0.7410388	5.1402555	8.0678205
2.4733114	0.73040742	5.137733	8.0925045
2.4639559	0.75392532	5.1385736	8.1089611
2.4686337	0.76326799	5.1385736	8.1254168
2.4592781	0.73910582	5.137733	8.0719347
2.4546001	0.74458259	5.1368923	8.0925045
2.4514816	0.73717284	5.1368923	8.0760489
2.4499223	0.73846149	5.1360512	8.0719347
2.4483631	0.72654146	5.1352105	8.0842762
2.4546001	0.71107769	5.1385736	8.0637064
2.4514816	0.71591014	5.1360512	8.0966187
2.4499223	0.72364199	5.1352105	8.1171885
2.4390075	0.73266256	5.1368923	8.1089611
2.4452446	0.71494365	5.1368923	8.0760489
2.4452446	0.72976309	5.1360512	8.0966187
2.4436853	0.73717284	5.1360512	8.1089611
2.4327705	0.73556203	5.1385736	8.0842762
2.4202962	0.7558583	5.1360512	8.1254168
2.4140592	0.76487881	5.1368923	8.1377592
2.4202962	0.75843561	5.1368923	8.1213026
2.4140592	0.76971126	5.137733	8.1418724
2.4202962	0.75553614	5.137733	8.1007328
2.4156184	0.73910582	5.137733	8.080162
2.4171777	0.72074252	5.1385736	8.0925045
2.4093814	0.72686362	5.1368923	8.1089611
2.4078221	0.73749501	5.137733	8.1089611
2.4109406	0.73040742	5.1385736	8.0966187
2.3953481	0.73975015	5.137733	8.1336451
2.3984666	0.74844855	5.1368923	8.1130743
2.3937888	0.74683774	5.1360512	8.1213026
2.4000258	0.74877071	5.1368923	8.1007328
2.3969073	0.73427337	5.1360512	8.0883904
2.3891108	0.72170901	5.1385736	8.0637064
2.384433	0.7410388	5.137733	8.1007328
2.3828738	0.74168313	5.1352105	8.1007328
2.3750775	0.74941504	5.1360512	8.1295309
2.384433	0.74329394	5.137733	8.1089611
2.3750775	0.75231451	5.1385736	8.1007328
2.3813145	0.74683774	5.137733	8.0842762
2.3735182	0.73652852	5.137733	8.0842762
2.3641627	0.73298472	5.1368923	8.1007328
2.3579257	0.72074252	5.1352105	8.0842762
2.3641627	0.72589713	5.1368923	8.0883904
2.3657219	0.71655446	5.1368923	8.1254168
2.3594849	0.72589713	5.1368923	8.1254168
2.3548071	0.72976309	5.1368923	8.1007328
2.3548071	0.7410388	5.137733	8.1171885
2.3594849	0.7287966	5.1385736	8.0842762
2.3594849	0.73201823	5.1360512	8.1213026
2.3532479	0.73330688	5.1385736	8.1089611
2.331418	0.72557497	5.1368923	8.1089611
2.3438923	0.72299767	5.1385736	8.0966187
2.3423328	0.73040742	5.1360512	8.1089611
2.3454516	0.7558583	5.1360512	8.1418724
2.3360958	0.75392532	5.137733	8.1171885
2.3345366	0.74522692	5.137733	8.0966187
2.3298588	0.74780422	5.1368923	8.1377592
2.3220625	0.7410388	5.1368923	8.0966187
2.3142662	0.75070369	5.1360512	8.1377592
2.3329773	0.73523986	5.1385736	8.104847
2.318944	0.72783011	5.1360512	8.1254168
2.3236217	0.73008525	5.137733	8.1295309
2.3095882	0.71719879	5.1360512	8.1089611
2.3142662	0.70721173	5.1352105	8.0966187
2.3220625	0.71558797	5.1360512	8.1213026
2.3142662	0.72654146	5.1368923	8.104847
2.2971144	0.73072958	5.137733	8.1213026
2.3127069	0.74587125	5.1360512	8.1130743
2.3142662	0.74071664	5.1360512	8.1213026
2.2893178	0.75070369	5.137733	8.1089611
2.3049104	0.7410388	5.137733	8.1089611
2.2939959	0.75456965	5.137733	8.1336451
2.2971144	0.76069069	5.137733	8.1418724
2.2877586	0.75231451	5.1360512	8.1254168
2.2861993	0.75231451	5.1360512	8.1418724
2.2924364	0.7323404	5.1385736	8.1130743
2.2877586	0.74748206	5.1368923	8.1624432
2.2752845	0.73813933	5.1368923	8.1213026
2.278403	0.73459554	5.1368923	8.1213026
2.2643697	0.73813933	5.1360512	8.1706715
2.2768438	0.73072958	5.1360512	8.1501007
2.272166	0.74587125	5.1368923	8.1213026
2.2737253	0.72493064	5.1385736	8.1130743
2.2752845	0.73781717	5.137733	8.1295309
2.2628105	0.74426043	5.1368923	8.1501007
2.2690475	0.75167018	5.1385736	8.1254168
2.2643697	0.73846149	5.1360512	8.0966187
2.2643697	0.72911876	5.1360512	8.1007328
2.2487769	0.73588419	5.1360512	8.1254168
2.2472177	0.74780422	5.1360512	8.1377592
2.2503362	0.73685068	5.1368923	8.1213026
2.2565732	0.73846149	5.1360512	8.1377592
2.2440991	0.74780422	5.1352105	8.1501007
2.2487769	0.74426043	5.137733	8.1130743
2.2378621	0.72654146	5.1368923	8.104847
2.2550139	0.71236634	5.137733	8.1130743
2.2331843	0.73523986	5.1368923	8.1254168
2.2285063	0.7471599	5.1352105	8.158329
2.2331843	0.72847444	5.1368923	8.1171885
2.2316251	0.72364199	5.1360512	8.1295309
2.2363029	0.74264961	5.1385736	8.158329
2.2269473	0.74071664	5.1385736	8.158329
2.2222695	0.73105174	5.1352105	8.1501007
2.2331843	0.72589713	5.137733	8.1213026
2.2331843	0.74232745	5.137733	8.1336451
2.2175918	0.76520097	5.137733	8.183013
2.212914	0.75392532	5.137733	8.1459866
2.212914	0.76101285	5.1360512	8.1459866
2.2160325	0.75907993	5.1360512	8.1501007
2.2113545	0.7623015	5.137733	8.1542149
2.2004397	0.76810044	5.1360512	8.1665573
2.219151	0.7349177	5.137733	8.1336451
2.1988804	0.72235334	5.137733	8.1295309
2.2066767	0.73072958	5.1385736	8.1788988
2.1973212	0.74426043	5.1352105	8.1501007
2.1988804	0.74458259	5.1360512	8.1665573
2.1973212	0.7349177	5.1360512	8.1377592
2.1926434	0.75907993	5.1360512	8.1994696
2.1817286	0.76036853	5.1352105	8.1542149
2.1864064	0.74490476	5.1352105	8.1418724
2.1988804	0.73910582	5.137733	8.1501007
2.1895249	0.74554908	5.1385736	8.1459866
2.1770506	0.7471599	5.1360512	8.1501007
2.1895249	0.73846149	5.137733	8.1213026
2.1988804	0.7262193	5.137733	8.1501007
2.1801691	0.73523986	5.1368923	8.1747847
2.1801691	0.73137391	5.1368923	8.1336451
2.1723728	0.74619341	5.137733	8.158329
2.1723728	0.74297178	5.1360512	8.1295309
2.1692543	0.74297178	5.1360512	8.1501007
2.1630173	0.75875777	5.1360512	8.1665573
2.1692543	0.76326799	5.1360512	8.158329
2.1521025	0.75134802	5.1343694	8.1624432
2.1521025	0.75424749	5.1360512	8.2035828
2.1583395	0.76745611	5.1352105	8.1871271
2.1521025	0.7436161	5.1360512	8.158329
2.1583395	0.73910582	5.1352105	8.1665573
2.1583395	0.74554908	5.137733	8.1747847
2.1598988	0.75875777	5.1368923	8.158329
2.1521025	0.75714695	5.1385736	8.158329
2.1427469	0.74393827	5.1352105	8.1542149
2.1411877	0.76391232	5.1385736	8.1994696
2.148984	0.74071664	5.1368923	8.1501007
2.1349506	0.74071664	5.137733	8.1747847
2.1458654	0.72396415	5.1368923	8.1377592
2.1271541	0.72138685	5.1360512	8.158329
2.1443062	0.73169607	5.1385736	8.1706715
2.1318321	0.73362905	5.1385736	8.1706715
2.1365099	0.72396415	5.1360512	8.1501007
2.1302726	0.73781717	5.1368923	8.1501007
2.1255949	0.74297178	5.1385736	8.1295309
2.1209171	0.74232745	5.1385736	8.1747847
2.1193578	0.74844855	5.1360512	8.1665573
2.1162393	0.74748206	5.1360512	8.158329
2.1193578	0.74812639	5.1368923	8.1624432
2.1177986	0.75134802	5.1360512	8.1706715
2.1177986	0.74039447	5.1360512	8.1542149
2.1131208	0.74844855	5.1360512	8.1747847
2.1162393	0.71784312	5.137733	8.1295309
2.1224763	0.73040742	5.1385736	8.1542149
2.1115615	0.72976309	5.1360512	8.1788988
2.0944095	0.73137391	5.1360512	8.1994696
2.097528	0.72815228	5.1360512	8.1788988
2.102206	0.73813933	5.1360512	8.1665573
2.1053245	0.74168313	5.1360512	8.158329
2.0959687	0.74329394	5.1368923	8.1953554
2.0850542	0.75360316	5.137733	8.1747847
2.0881724	0.74844855	5.1368923	8.1706715
2.097528	0.7410388	5.1360512	8.158329
2.0944095	0.73201823	5.137733	8.183013
2.0819356	0.75843561	5.1360512	8.2241535
2.0897317	0.7623015	5.1360512	8.183013
2.0741391	0.74458259	5.1360512	8.1706715
2.0881724	0.75102586	5.1360512	8.1747847
2.0756984	0.73749501	5.1360512	8.183013
2.0756984	0.74458259	5.137733	8.1665573
2.0881724	0.73523986	5.1368923	8.1624432
2.0866134	0.72074252	5.1368923	8.1542149
2.0694613	0.73008525	5.1360512	8.1994696
2.0725799	0.73588419	5.1368923	8.1871271
2.0725799	0.74587125	5.1368923	8.1788988
2.0710206	0.73781717	5.1360512	8.1706715
2.0788169	0.75005937	5.1360512	8.2323809
2.055428	0.76101285	5.1352105	8.1953554
2.0647836	0.76326799	5.1368923	8.2035828
2.0647836	0.76874477	5.137733	8.1871271
2.0523095	0.75456965	5.1360512	8.1871271
2.0585465	0.76874477	5.1368923	8.2035828
2.0429537	0.7806648	5.137733	8.2323809
2.0507503	0.76455665	5.1368923	8.2035828
2.0507503	0.76971126	5.137733	8.2035828
2.0601058	0.75038153	5.137733	8.1788988
2.038276	0.75843561	5.1368923	8.2076969
2.055428	0.7497372	5.1385736	8.1994696
2.0507503	0.74780422	5.1368923	8.1994696
2.0320389	0.74200529	5.1360512	8.1747847
2.038276	0.73330688	5.1368923	8.1994696
2.0258019	0.72460848	5.1352105	8.1871271
2.044513	0.72042036	5.1352105	8.1871271
2.0289204	0.74587125	5.1385736	8.1994696
2.0491908	0.753281	5.1385736	8.1912413
2.0304797	0.76069069	5.137733	8.1871271
2.0304797	0.77035558	5.1352105	8.2159252
2.0289204	0.76165718	5.1368923	8.1665573
2.0211241	0.76294583	5.1360512	8.1912413
2.0304797	0.75424749	5.137733	8.183013
2.0195649	0.7558583	5.1360512	8.2076969
2.0304797	0.73105174	5.1360512	8.1747847
2.0148871	0.73008525	5.1368923	8.1953554
2.0367167	0.73846149	5.1360512	8.1912413
2.0133278	0.7471599	5.1360512	8.2076969
2.0180056	0.73846149	5.1360512	8.1994696
2.0164464	0.71816528	5.1360512	8.1542149
2.0039723	0.72654146	5.1360512	8.1788988
2.002413	0.73105174	5.1368923	8.1912413
1.9946166	0.73298472	5.1343694	8.1912413
2.0133278	0.73008525	5.1360512	8.1871271
2.0055315	0.73846149	5.137733	8.2035828
2.0102093	0.74651557	5.137733	8.2159252
2.002413	0.76036853	5.137733	8.236495
2.0008538	0.75231451	5.1360512	8.183013
1.991498	0.74554908	5.1360512	8.1706715
1.9992944	0.76648962	5.1385736	8.2035828
1.9992944	0.75167018	5.137733	8.2200394
1.9946166	0.75746912	5.1352105	8.2282677
1.9946166	0.74748206	5.1360512	8.2159252
1.985261	0.75038153	5.137733	8.2076969
1.9899387	0.73008525	5.1360512	8.2159252
1.9868202	0.73137391	5.1368923	8.2118111
1.9790239	0.74264961	5.137733	8.2323809
1.9946166	0.72976309	5.1360512	8.1871271
1.9790239	0.75456965	5.1368923	8.2200394
1.9790239	0.74619341	5.1385736	8.2200394
1.9790239	0.75972426	5.1360512	8.236495
1.9774647	0.76359016	5.1360512	8.2282677
1.9634312	0.76520097	5.1360512	8.2611799
1.968109	0.76938909	5.1352105	8.2159252
1.9759053	0.75553614	5.1352105	8.2035828
1.9665498	0.76391232	5.1368923	8.2118111
1.974346	0.75392532	5.1360512	8.1994696
1.961872	0.75167018	5.1360512	8.183013
1.9649905	0.74619341	5.1360512	8.2241535
1.9696683	0.73072958	5.137733	8.1953554
1.9556348	0.7349177	5.1352105	8.2282677
1.9712275	0.72396415	5.137733	8.1953554
1.9556348	0.71365499	5.1368923	8.1953554
1.9556348	0.72074252	5.1368923	8.2241535
1.9525163	0.73040742	5.1368923	8.2076969
1.9509572	0.73749501	5.137733	8.1912413
1.9509572	0.75102586	5.1360512	8.1994696
1.9509572	0.74651557	5.1368923	8.2076969
1.9400423	0.75682479	5.1352105	8.2447233
1.9493979	0.76391232	5.137733	8.236495
1.9525163	0.77067775	5.1385736	8.2118111
1.9447201	0.7623015	5.1343694	8.1994696
1.9447201	0.75038153	5.1360512	8.2118111
1.9338052	0.74651557	5.1352105	8.2447233
1.9556348	0.73588419	5.1360512	8.1994696
1.9400423	0.73942798	5.1360512	8.2076969
1.9462794	0.73685068	5.1368923	8.2323809
1.9244496	0.73169607	5.1368923	8.2323809
1.938483	0.74877071	5.1368923	8.236495
1.932246	0.74007231	5.1368923	8.2076969
1.9400423	0.73072958	5.1360512	8.2118111
1.9306867	0.73813933	5.1360512	8.2611799
1.9072976	0.73685068	5.1352105	8.2200394
1.9197718	0.74812639	5.1343694	8.236495
1.9260088	0.74426043	5.137733	8.2076969
1.9260088	0.75875777	5.1352105	8.2529516
1.921331	0.7623015	5.1360512	8.236495
1.9182125	0.75392532	5.1360512	8.2118111
1.9228903	0.73846149	5.137733	8.2035828
1.9135348	0.74200529	5.1368923	8.2406092
1.9197718	0.74007231	5.1360512	8.2076969
1.9010606	0.73556203	5.1360512	8.2159252
1.9057384	0.73749501	5.1343694	8.2282677
1.9072976	0.74329394	5.1368923	8.2488375
1.9135348	0.7497372	5.1368923	8.236495
1.9072976	0.7471599	5.137733	8.2282677
1.9026198	0.74264961	5.1368923	8.2200394
1.8901457	0.72783011	5.1360512	8.2200394
1.9010606	0.73556203	5.1360512	8.2241535
1.9166533	0.73040742	5.137733	8.2076969
1.9057384	0.7410388	5.1343694	8.2241535
1.8948234	0.74780422	5.1360512	8.2694073
1.9088569	0.74490476	5.1360512	8.1953554
1.8885864	0.74200529	5.1343694	8.2323809
1.8995013	0.73685068	5.1368923	8.2323809
1.8963828	0.74844855	5.1368923	8.2282677
1.8932642	0.73523986	5.137733	8.2200394
1.8885864	0.74200529	5.1360512	8.2282677
1.8948234	0.7162323	5.1368923	8.2159252
1.9026198	0.73813933	5.1360512	8.2447233
1.8854679	0.74200529	5.1360512	8.2241535
1.8901457	0.73813933	5.1360512	8.2035828
1.8807902	0.74458259	5.1360512	8.2406092
1.8823495	0.74426043	5.1368923	8.236495
1.8761123	0.74587125	5.1360512	8.236495
1.8745531	0.74200529	5.1352105	8.2282677
1.8823495	0.74329394	5.1352105	8.2406092
1.8698753	0.74329394	5.1352105	8.2694073
1.8683161	0.73813933	5.1360512	8.2323809
1.8745531	0.73685068	5.137733	8.2282677
1.862079	0.74232745	5.1360512	8.2200394
1.8776717	0.74522692	5.137733	8.236495
1.8683161	0.75070369	5.1368923	8.2323809
1.8761123	0.75070369	5.1368923	8.2200394
1.8714346	0.74426043	5.137733	8.2241535
1.8651975	0.75972426	5.1368923	8.2611799
1.8605196	0.73556203	5.1352105	8.2406092
1.8542826	0.74490476	5.1360512	8.2529516
1.8651975	0.74007231	5.1368923	8.2241535
1.8698753	0.75779128	5.1368923	8.236495
1.8527234	0.75038153	5.1368923	8.2570658
1.8574011	0.74200529	5.1360512	8.2241535
1.8527234	0.74007231	5.1352105	8.2323809
1.8527234	0.72686362	5.137733	8.236495
1.8511641	0.74844855	5.1343694	8.2776356
1.8558419	0.75102586	5.1360512	8.2652931
1.8511641	0.7558583	5.1360512	8.236495
1.8511641	0.753281	5.137733	8.236495
1.8511641	0.76262367	5.137733	8.2817497
1.844927	0.7719664	5.1385736	8.2529516
1.8433677	0.77261072	5.1360512	8.2529516
1.8605196	0.76262367	5.1368923	8.236495
1.8371307	0.7623015	5.1352105	8.2529516
1.8371307	0.75167018	5.1360512	8.2529516
1.8340122	0.72396415	5.1360512	8.2241535
1.8308936	0.72364199	5.137733	8.2447233
1.8293343	0.72750795	5.1360512	8.2735214
1.821538	0.73975015	5.1360512	8.2570658
1.827775	0.73040742	5.1368923	8.2529516
1.8371307	0.72944093	5.1352105	8.2488375
1.8308936	0.74426043	5.1394143	8.2611799
1.8340122	0.7410388	5.1352105	8.2611799
1.8371307	0.76391232	5.137733	8.2694073
1.821538	0.75392532	5.1352105	8.2611799
1.821538	0.75295883	5.1360512	8.2652931
1.821538	0.74877071	5.1352105	8.2611799
1.827775	0.73910582	5.1360512	8.2159252
1.8184195	0.73975015	5.1352105	8.2694073
1.8153011	0.74136096	5.1360512	8.2982054
1.8121825	0.75005937	5.1360512	8.2735214
1.8199787	0.73813933	5.1368923	8.2611799
1.8121825	0.73620635	5.1360512	8.2570658
1.8121825	0.73169607	5.1343694	8.2776356
1.8199787	0.7226755	5.1360512	8.2406092
1.7965899	0.73685068	5.1360512	8.2488375
1.821538	0.73201823	5.1360512	8.2241535
1.8012676	0.73298472	5.1360512	8.2776356
1.7997084	0.73685068	5.1368923	8.2694073
1.8106232	0.74877071	5.137733	8.2570658
1.7965899	0.75263667	5.137733	8.2447233
1.8090639	0.73846149	5.137733	8.2200394
1.8059454	0.72170901	5.1368923	8.2282677
1.7903527	0.73588419	5.1352105	8.236495
1.791912	0.74329394	5.1360512	8.2652931
1.8059454	0.73910582	5.1368923	8.2447233
1.7981491	0.74651557	5.1352105	8.2735214
1.7872342	0.74909288	5.1352105	8.2570658
1.7934712	0.7497372	5.137733	8.2694073
1.7934712	0.73588419	5.1352105	8.2488375
1.8012676	0.7410388	5.137733	8.2529516
1.7856749	0.74200529	5.1360512	8.2694073
1.7809972	0.73878366	5.1368923	8.2488375
1.7856749	0.74232745	5.1352105	8.2817497
1.7887934	0.74329394	5.1368923	8.2694073
1.7841157	0.74683774	5.1360512	8.289978
1.7903527	0.75907993	5.1360512	8.2982054
1.7872342	0.75392532	5.1360512	8.2570658
1.7778785	0.75005937	5.137733	8.2858639
1.7856749	0.75231451	5.1368923	8.2570658
1.7700822	0.74941504	5.137733	8.2694073
1.7732008	0.75102586	5.1360512	8.2694073
1.7669637	0.7436161	5.1352105	8.2652931
1.7794378	0.73813933	5.1352105	8.2529516
1.768523	0.74844855	5.1360512	8.289978
1.7716415	0.74136096	5.1360512	8.289978
1.7638451	0.7558583	5.1368923	8.314662
1.7809972	0.74329394	5.137733	8.2529516
1.7763193	0.74941504	5.137733	8.2652931
1.7669637	0.7471599	5.1368923	8.2652931
1.7622858	0.74812639	5.1360512	8.289978
1.7576081	0.75070369	5.1368923	8.2570658
1.7716415	0.73588419	5.1368923	8.2570658
1.7700822	0.74329394	5.1360512	8.2858639
1.7498119	0.76777828	5.1360512	8.3352318
1.7529303	0.7558583	5.1352105	8.2529516
1.7607266	0.75231451	5.1360512	8.2529516
1.7732008	0.73652852	5.137733	8.2488375
1.7513711	0.74877071	5.1385736	8.289978
1.7498119	0.7623015	5.1360512	8.3064337
1.7435747	0.75167018	5.1360512	8.2735214
1.7466934	0.74554908	5.1360512	8.2694073
1.7560488	0.75392532	5.1343694	8.3187761
1.7560488	0.7594021	5.1360512	8.2817497
1.7529303	0.74748206	5.1368923	8.2694073
1.7466934	0.74651557	5.1352105	8.2776356
1.7576081	0.74909288	5.1368923	8.2858639
1.7482526	0.75392532	5.1360512	8.2735214
1.7404562	0.75843561	5.137733	8.3064337
1.7373377	0.7497372	5.1360512	8.3023195
1.7529303	0.74522692	5.137733	8.289978
1.7357785	0.75972426	5.1360512	8.3064337
1.7311007	0.76681179	5.1360512	8.2982054
1.738897	0.74329394	5.1352105	8.2735214
1.7233043	0.75005937	5.1368923	8.2817497
1.7342192	0.75167018	5.1360512	8.2776356
1.7357785	0.75360316	5.1368923	8.2982054
1.7264228	0.73556203	5.1394143	8.2652931
1.7357785	0.72750795	5.1368923	8.2858639
1.727982	0.73975015	5.1368923	8.2817497
1.7357785	0.73620635	5.1368923	8.2735214
1.7264228	0.72460848	5.1360512	8.2858639
1.7311007	0.7287966	5.1368923	8.2940912
1.715508	0.73266256	5.1352105	8.289978
1.7233043	0.7623015	5.1352105	8.3105478
1.7233043	0.76133502	5.1360512	8.289978
1.7295413	0.7497372	5.1385736	8.2858639
1.7170672	0.76069069	5.1360512	8.2982054
1.7248635	0.76520097	5.1360512	8.2858639
1.7186265	0.76520097	5.1352105	8.3064337
1.7295413	0.74168313	5.1360512	8.2735214
1.727982	0.72944093	5.1360512	8.2817497
1.715508	0.74426043	5.137733	8.289978
1.7139487	0.753281	5.1368923	8.3105478
1.7186265	0.73395121	5.1360512	8.2694073
1.7092708	0.74490476	5.1352105	8.289978
1.7108301	0.76326799	5.1352105	8.2858639
1.715508	0.7623015	5.1368923	8.289978
1.6967967	0.76359016	5.1343694	8.2982054
1.715508	0.74619341	5.1368923	8.2940912
1.7123893	0.75489181	5.1352105	8.2817497
1.7170672	0.76487881	5.1343694	8.3228903
1.7108301	0.74232745	5.1360512	8.2735214
1.6983559	0.74039447	5.1360512	8.3270035
1.7123893	0.74264961	5.1385736	8.2858639
1.7014745	0.75682479	5.1360512	8.289978
1.7061523	0.74941504	5.1352105	8.2776356
1.7045931	0.74522692	5.1368923	8.3105478
1.6874412	0.75746912	5.1368923	8.3105478
1.6983559	0.76520097	5.1352105	8.2982054
1.6983559	0.76487881	5.1360512	8.3187761
1.6921189	0.74748206	5.1343694	8.3228903
1.6921189	0.74554908	5.1360512	8.3187761
1.6967967	0.75199234	5.137733	8.2858639
1.6936781	0.74393827	5.1352105	8.2776356
1.6999153	0.73942798	5.1352105	8.3105478
1.6827635	0.75392532	5.1352105	8.3311176
1.6874412	0.76262367	5.1368923	8.3023195
1.6967967	0.76616746	5.1360512	8.2982054
1.6780856	0.74426043	5.1352105	8.3187761
1.6905596	0.74683774	5.1360512	8.3105478
1.6936781	0.74071664	5.1360512	8.2817497
1.6827635	0.74232745	5.137733	8.2776356
1.6827635	0.74232745	5.1360512	8.289978
1.6936781	0.73427337	5.1385736	8.2735214
1.6905596	0.74329394	5.1360512	8.289978
1.6796449	0.76165718	5.1360512	8.3228903
1.6827635	0.75875777	5.1352105	8.3187761
1.6671708	0.75843561	5.1360512	8.3105478
1.6827635	0.75489181	5.1360512	8.2982054
1.6780856	0.77003342	5.1360512	8.3393459
1.6624929	0.76648962	5.1343694	8.3064337
1.6780856	0.74071664	5.1352105	8.2776356
1.6640522	0.74264961	5.1360512	8.3023195
1.66873	0.75650263	5.1343694	8.3311176
1.6749671	0.74748206	5.1368923	8.3064337
1.6765263	0.72718579	5.1368923	8.2694073
1.6702893	0.73427337	5.1352105	8.3023195
1.6749671	0.74136096	5.1352105	8.289978
1.6671708	0.75875777	5.1360512	8.3187761
1.6671708	0.75456965	5.1360512	8.3187761
1.6718485	0.73395121	5.1360512	8.2735214
1.6593744	0.74232745	5.1360512	8.2940912
1.6640522	0.73556203	5.1385736	8.3105478
1.6624929	0.73588419	5.1368923	8.2940912
1.6656115	0.73685068	5.137733	8.3270035
1.6531373	0.75263667	5.1368923	8.3311176
1.6531373	0.76101285	5.1360512	8.314662
1.6624929	0.74071664	5.1368923	8.2982054
1.6546966	0.74941504	5.1352105	8.2982054
1.6531373	0.74393827	5.1368923	8.3023195
1.6453409	0.75360316	5.1352105	8.3187761
1.6593744	0.73685068	5.1368923	8.3187761
1.6593744	0.7410388	5.1360512	8.3023195
1.6422224	0.74264961	5.1360512	8.3187761
1.6500188	0.74587125	5.1352105	8.3064337
1.6453409	0.76004636	5.1360512	8.3475742
1.6531373	0.7594021	5.1360512	8.3270035
1.6484596	0.76520097	5.1352105	8.3228903
1.6515781	0.74329394	5.1343694	8.289978
1.6531373	0.74619341	5.1352105	8.3352318
1.6453409	0.75102586	5.1352105	8.3187761
1.6453409	0.75360316	5.1368923	8.3352318
1.6391039	0.75134802	5.1360512	8.289978
1.6406631	0.76101285	5.1352105	8.3393459
1.6344261	0.76745611	5.137733	8.3352318
1.6391039	0.76391232	5.1352105	8.3228903
1.6313075	0.75875777	5.1368923	8.314662
1.6313075	0.7558583	5.1352105	8.3270035
1.6328669	0.73298472	5.1368923	8.289978
1.6250705	0.74877071	5.137733	8.3352318
1.6391039	0.74232745	5.1360512	8.3064337
1.6297482	0.76326799	5.1360512	8.3352318
1.628189	0.76777828	5.1352105	8.3311176
1.6422224	0.76391232	5.1385736	8.3023195
1.6313075	0.77261072	5.1360512	8.3270035
1.6219521	0.7719664	5.1360512	8.3434601
1.6328669	0.76004636	5.137733	8.2982054
1.6359854	0.73685068	5.1385736	8.3064337
1.6203928	0.75875777	5.1352105	8.3352318
1.6313075	0.72976309	5.137733	8.2982054
1.6313075	0.73588419	5.1368923	8.3105478
1.6266297	0.73201823	5.1360512	8.2940912
1.6266297	0.73813933	5.137733	8.2982054
1.6235113	0.74780422	5.1352105	8.3311176
1.6219521	0.75199234	5.1360512	8.3187761
1.615715	0.75392532	5.1352105	8.3228903
1.6141558	0.76197934	5.1352105	8.3187761
1.6188335	0.76552314	5.1360512	8.3311176
1.6016816	0.76069069	5.1352105	8.3270035
1.6125964	0.75134802	5.1335287	8.3105478
1.6125964	0.75875777	5.1368923	8.3352318
1.6125964	0.76101285	5.1368923	8.3023195
1.6110371	0.75972426	5.1360512	8.3311176
1.6032408	0.76777828	5.1352105	8.3311176
1.615715	0.76326799	5.1360512	8.3311176
1.615715	0.75618047	5.1360512	8.3187761
1.6141558	0.74619341	5.1352105	8.3558016
1.6032408	0.73105174	5.1352105	8.3105478
1.6001223	0.73685068	5.1368923	8.3352318
1.6094779	0.73975015	5.1368923	8.3352318
1.6032408	0.76745611	5.1352105	8.3722582
1.6063594	0.76262367	5.1368923	8.3311176
1.6063594	0.76487881	5.137733	8.3187761
1.6141558	0.77067775	5.1352105	8.3228903
1.6063594	0.76423448	5.1368923	8.368144
1.5938852	0.77099991	5.1360512	8.3475742
1.5954444	0.75746912	5.1360512	8.3228903
1.5892074	0.77099991	5.137733	8.3475742
1.5985631	0.75779128	5.1360512	8.3311176
1.5798517	0.75907993	5.1335287	8.3393459
1.6016816	0.75972426	5.1360512	8.3393459
1.6001223	0.74071664	5.1343694	8.3228903
1.5954444	0.74393827	5.1368923	8.368144
1.5923259	0.74039447	5.1352105	8.3270035
1.5845296	0.73652852	5.1352105	8.3270035
1.6001223	0.74200529	5.137733	8.3187761
1.5860889	0.74490476	5.137733	8.368144
1.5860889	0.76036853	5.1352105	8.3475742
1.5876482	0.76165718	5.1368923	8.3270035
1.5892074	0.75907993	5.1360512	8.3393459
1.5829704	0.75102586	5.1343694	8.3228903
1.581411	0.74554908	5.1360512	8.3270035
1.5876482	0.74877071	5.1360512	8.3393459
1.5938852	0.75231451	5.1360512	8.314662
1.581411	0.73942798	5.1368923	8.3393459
1.5845296	0.7262193	5.1360512	8.3228903
1.5876482	0.71462148	5.1368923	8.3187761
1.5892074	0.74941504	5.1352105	8.3516884
1.5798517	0.73459554	5.1360512	8.3393459
1.5736147	0.73717284	5.1368923	8.3187761
1.5704962	0.74490476	5.1352105	8.3434601
1.5829704	0.7436161	5.1352105	8.3434601
1.575174	0.74329394	5.1368923	8.3393459
1.5736147	0.73878366	5.1360512	8.3187761
1.5736147	0.74619341	5.1352105	8.3434601
1.5658183	0.74554908	5.1343694	8.3228903
1.5829704	0.74877071	5.1368923	8.3228903
1.5626998	0.74587125	5.1368923	8.3187761
1.5798517	0.72750795	5.1385736	8.3023195
1.5782925	0.73910582	5.1352105	8.3352318
1.5658183	0.74264961	5.1368923	8.3434601
1.5720555	0.74329394	5.1360512	8.3475742
1.575174	0.73975015	5.1352105	8.3393459
1.5611405	0.74812639	5.1360512	8.3434601
1.5564629	0.75392532	5.1352105	8.368144
1.5736147	0.76165718	5.1352105	8.3228903
1.5642591	0.76745611	5.137733	8.3475742
1.5658183	0.76004636	5.1360512	8.3228903
1.5689369	0.73459554	5.1368923	8.3187761
1.5580221	0.74587125	5.1360512	8.3516884
1.5626998	0.75875777	5.1368923	8.3804865
1.5595814	0.76004636	5.1385736	8.3599157
1.5502259	0.75360316	5.1360512	8.3640299
1.5580221	0.73813933	5.137733	8.3599157
1.5517851	0.7471599	5.1368923	8.3599157
1.5564629	0.75360316	5.1368923	8.3516884
1.5486666	0.77003342	5.1352105	8.3599157
1.5626998	0.74844855	5.1360512	8.3270035
1.5704962	0.75102586	5.1360512	8.3516884
1.5767332	0.75875777	5.1394143	8.3516884
1.5486666	0.76681179	5.1360512	8.3640299
1.5502259	0.75714695	5.1360512	8.3804865
1.5502259	0.74458259	5.1360512	8.3228903
1.5549036	0.75489181	5.1343694	8.3475742
1.5517851	0.75456965	5.1343694	8.3558016
1.545548	0.74393827	5.1352105	8.368144
1.5471072	0.74168313	5.137733	8.3475742
1.545548	0.74780422	5.1360512	8.3516884
1.5361924	0.74651557	5.1343694	8.3640299
1.5408702	0.74909288	5.1352105	8.3640299
1.5377517	0.7594021	5.1360512	8.3599157
1.5502259	0.76745611	5.1368923	8.3434601
1.5377517	0.74941504	5.1352105	8.3475742
1.5393109	0.76391232	5.1360512	8.3640299
1.5393109	0.76391232	5.1352105	8.3393459
1.5299553	0.76262367	5.1360512	8.3475742
1.5486666	0.74909288	5.1360512	8.3434601
1.5393109	0.74844855	5.137733	8.3969421
1.5393109	0.76423448	5.137733	8.3804865
1.5361924	0.73878366	5.1352105	8.3352318
1.5346332	0.72783011	5.137733	8.3228903
1.528396	0.73781717	5.137733	8.3475742
1.5268368	0.753281	5.1360512	8.3599157
1.5377517	0.77003342	5.1368923	8.3393459
1.5268368	0.77067775	5.1360512	8.3475742
1.5174812	0.76552314	5.1352105	8.3804865
1.522159	0.77969831	5.1360512	8.3969421
1.522159	0.78227562	5.1360512	8.3516884
1.5190405	0.77293289	5.1360512	8.3640299
1.5252775	0.74941504	5.1360512	8.3393459
1.5268368	0.74522692	5.1360512	8.3434601
1.522159	0.72686362	5.1352105	8.3352318
1.5315145	0.73266256	5.137733	8.3393459
1.5252775	0.73201823	5.1343694	8.3516884
1.522159	0.73137391	5.1368923	8.3475742
1.5330739	0.73556203	5.1368923	8.3516884
1.5205997	0.73942798	5.1352105	8.3599157
1.5205997	0.75199234	5.1352105	8.3558016
1.5252775	0.75779128	5.1360512	8.3804865
1.5190405	0.74168313	5.1360512	8.3640299
1.5081255	0.75231451	5.1352105	8.3887138
1.5237182	0.73846149	5.1343694	8.3393459
1.5237182	0.7471599	5.1360512	8.3558016
1.5143626	0.74297178	5.137733	8.3516884
1.5190405	0.74941504	5.1385736	8.3640299
1.5268368	0.75360316	5.1352105	8.3640299
1.5143626	0.75746912	5.1360512	8.4010563
1.5003291	0.75746912	5.1368923	8.3804865
1.5128033	0.74039447	5.1343694	8.3599157
1.5096848	0.72686362	5.1368923	8.3352318
1.5065663	0.75199234	5.1343694	8.3969421
1.5096848	0.74200529	5.1352105	8.3475742
1.4972107	0.7471599	5.1360512	8.392828
1.5096848	0.73749501	5.1368923	8.3558016
1.4987699	0.75553614	5.1360512	8.3887138
1.5143626	0.7594021	5.1368923	8.3722582
1.4972107	0.75972426	5.1352105	8.3846006
1.5143626	0.75875777	5.1352105	8.3722582
1.505007	0.75134802	5.1360512	8.3599157
1.505007	0.75746912	5.1352105	8.3475742
1.4940922	0.76906693	5.1352105	8.3558016
1.4972107	0.75811344	5.1352105	8.3599157
1.5018885	0.76262367	5.1352105	8.3804865
1.5065663	0.753281	5.1360512	8.368144
1.4909737	0.75779128	5.1360512	8.3763723
1.4878552	0.74844855	5.1360512	8.3722582
1.4956515	0.74522692	5.1343694	8.4092846
1.5065663	0.75779128	5.1360512	8.3722582
1.4956515	0.75392532	5.1360512	8.3558016
1.4987699	0.75360316	5.1360512	8.3270035
1.4878552	0.73942798	5.1360512	8.3516884
1.4972107	0.75875777	5.1360512	8.368144
1.5003291	0.75843561	5.137733	8.3558016
1.4987699	0.75521398	5.1368923	8.3763723
1.4894145	0.76262367	5.1360512	8.3846006
1.4784995	0.7558583	5.1368923	8.3722582
1.4878552	0.74554908	5.1360512	8.3434601
1.4909737	0.75618047	5.1360512	8.368144
1.475381	0.76455665	5.1360512	8.368144
1.5018885	0.76391232	5.137733	8.3516884
1.4909737	0.76713395	5.1360512	8.3640299
1.4722625	0.78259778	5.1360512	8.4133987
1.4784995	0.78324211	5.1360512	8.4092846
1.4862959	0.7745437	5.1360512	8.3763723
1.4862959	0.753281	5.1360512	8.3804865
1.4738218	0.75392532	5.1360512	8.3887138
1.4769403	0.74329394	5.1343694	8.3516884
1.4831774	0.74587125	5.1360512	8.3558016
1.4862959	0.73846149	5.1368923	8.3640299
1.469144	0.74426043	5.1360512	8.392828
1.4769403	0.74168313	5.1385736	8.3763723
1.4831774	0.7349177	5.1368923	8.368144
1.475381	0.75907993	5.1368923	8.3969421
1.4894145	0.75489181	5.1368923	8.3804865
1.4831774	0.74587125	5.1385736	8.3558016
1.4738218	0.76101285	5.137733	8.4133987
1.4707032	0.77679884	5.1360512	8.4092846
1.469144	0.7623015	5.137733	8.3763723
1.475381	0.76101285	5.1368923	8.4010563
1.4831774	0.76133502	5.137733	8.368144
1.4566698	0.75360316	5.137733	8.3846006
1.4660254	0.75875777	5.1360512	8.3887138
1.4722625	0.75360316	5.1360512	8.4010563
1.4675847	0.77003342	5.1360512	8.4175119
1.4629068	0.76391232	5.1360512	8.368144
1.4707032	0.74683774	5.1368923	8.3434601
1.4644661	0.74587125	5.1352105	8.3763723
1.4675847	0.75070369	5.1360512	8.3846006
1.4582291	0.77873182	5.1343694	8.4216261
1.4644661	0.76036853	5.1368923	8.3969421
1.4629068	0.77261072	5.1360512	8.3969421
1.4769403	0.7719664	5.1360512	8.4175119
1.4582291	0.76616746	5.1352105	8.3640299
1.4613476	0.76616746	5.137733	8.3763723
1.475381	0.75134802	5.1352105	8.3516884
1.4582291	0.76101285	5.1368923	8.4257402
1.469144	0.75005937	5.1352105	8.368144
1.4535513	0.74264961	5.137733	8.3599157
1.4582291	0.75489181	5.1352105	8.3804865
1.4582291	0.75714695	5.1385736	8.4175119
1.4551105	0.74619341	5.1343694	8.3887138
1.4566698	0.753281	5.137733	8.3846006
1.4597883	0.75618047	5.1360512	8.3640299
1.4613476	0.76359016	5.1368923	8.4216261
1.4582291	0.75392532	5.1360512	8.3887138
1.4582291	0.75102586	5.1368923	8.3763723
1.4457549	0.76069069	5.1368923	8.3846006
1.4551105	0.75263667	5.137733	8.3887138
1.451992	0.75263667	5.1368923	8.3846006
1.4613476	0.76391232	5.1360512	8.3887138
1.4566698	0.76101285	5.1368923	8.3763723
1.4473141	0.76681179	5.1352105	8.4216261
1.4504327	0.74683774	5.1360512	8.368144
1.4597883	0.75038153	5.1343694	8.3846006
1.451992	0.76745611	5.1360512	8.4175119
1.4535513	0.77615452	5.137733	8.4051704
1.451992	0.76069069	5.1352105	8.3804865
1.451992	0.75972426	5.1352105	8.3804865
1.451992	0.76745611	5.1352105	8.392828
1.4457549	0.76069069	5.137733	8.4010563
1.4441956	0.76713395	5.1352105	8.4010563
1.4332809	0.75875777	5.1360512	8.4010563
1.4457549	0.76069069	5.137733	8.4133987
1.4348402	0.77293289	5.1368923	8.4257402
1.4410771	0.78324211	5.1360512	8.4092846
1.4379586	0.78388643	5.1360512	8.392828
1.4395179	0.77325505	5.1352105	8.3763723
1.4379586	0.76552314	5.1368923	8.3969421
1.4410771	0.7684226	5.1360512	8.392828
1.4473141	0.74522692	5.137733	8.3763723
1.4441956	0.73910582	5.137733	8.3846006
1.4363995	0.75779128	5.137733	8.4092846
1.4301623	0.76681179	5.1352105	8.4586525
1.4332809	0.74554908	5.1368923	8.3846006
1.4395179	0.75167018	5.1368923	8.3804865
1.4363995	0.75489181	5.1360512	8.3887138
1.4254845	0.77583236	5.1352105	8.4298544
1.4286031	0.76423448	5.1352105	8.392828
1.4317216	0.76391232	5.1360512	8.4133987
1.4457549	0.76906693	5.1360512	8.3887138
1.4286031	0.77615452	5.1360512	8.4504242
1.4379586	0.76036853	5.1360512	8.3804865
1.4363995	0.74426043	5.1368923	8.3969421
1.4239253	0.75070369	5.1385736	8.4051704
1.4192475	0.75779128	5.1368923	8.4175119
1.4208068	0.77003342	5.1368923	8.4133987
1.4286031	0.75972426	5.1352105	8.3846006
1.4286031	0.75456965	5.1360512	8.4051704
1.4317216	0.76552314	5.1360512	8.4092846
1.4239253	0.76133502	5.1360512	8.4092846
1.4301623	0.75295883	5.137733	8.392828
1.4192475	0.74877071	5.137733	8.392828
1.4161289	0.74780422	5.137733	8.4133987
1.4098918	0.75424749	5.1360512	8.3846006
1.422366	0.74458259	5.1360512	8.3969421
1.4208068	0.75714695	5.1352105	8.4010563
1.4130104	0.75682479	5.1360512	8.4092846
1.4208068	0.76165718	5.1368923	8.3887138
1.422366	0.74941504	5.137733	8.3887138
1.422366	0.76101285	5.1352105	8.4257402
1.4114511	0.76069069	5.1352105	8.4010563
1.4114511	0.77518803	5.1385736	8.4175119
1.4208068	0.76648962	5.137733	8.3887138
1.4145696	0.75618047	5.1360512	8.4092846
1.4036548	0.75650263	5.1343694	8.4257402
1.4161289	0.76133502	5.1360512	8.4051704
1.4145696	0.76777828	5.1360512	8.3969421
1.4083326	0.76004636	5.1360512	8.3969421
1.4083326	0.75199234	5.1368923	8.3887138
1.4114511	0.76616746	5.1360512	8.4175119
1.4098918	0.76294583	5.1360512	8.4010563
1.4192475	0.77003342	5.137733	8.392828
1.4067733	0.75650263	5.1343694	8.4010563
1.4130104	0.76036853	5.1360512	8.4010563
1.4114511	0.77357721	5.1352105	8.4051704
1.4036548	0.76197934	5.1352105	8.368144
1.4020956	0.77389938	5.1360512	8.4092846
1.3880621	0.76777828	5.1360512	8.4175119
1.4130104	0.76294583	5.1343694	8.4051704
1.3942991	0.77647668	5.1352105	8.4339685
1.4020956	0.76487881	5.137733	8.4175119
1.4130104	0.75456965	5.1360512	8.4010563
1.4020956	0.74458259	5.1360512	8.3887138
1.3958584	0.76004636	5.1352105	8.4133987
1.4020956	0.74522692	5.1360512	8.3969421
1.4098918	0.74554908	5.1360512	8.4339685
1.3911806	0.74007231	5.1360512	8.4175119
1.4005362	0.75456965	5.1368923	8.4216261
1.3880621	0.76326799	5.1360512	8.4298544
1.3896214	0.78324211	5.1352105	8.4504242
1.3974177	0.78291994	5.1352105	8.4175119
1.4020956	0.76455665	5.137733	8.368144
1.4005362	0.76745611	5.1343694	8.4010563
1.4005362	0.74812639	5.1385736	8.4216261
1.3927399	0.75682479	5.1360512	8.44631
1.4067733	0.73975015	5.137733	8.4051704
1.4020956	0.73169607	5.1360512	8.4051704
1.4005362	0.73717284	5.137733	8.4339685
1.3833842	0.75424749	5.1343694	8.4175119
1.3896214	0.76359016	5.1360512	8.4216261
1.3802657	0.7497372	5.1360512	8.3969421
1.3989769	0.75650263	5.1352105	8.4175119
1.3958584	0.75714695	5.1360512	8.4010563
1.3833842	0.76165718	5.1343694	8.4339685
1.3911806	0.75521398	5.1352105	8.4175119
1.3911806	0.75102586	5.1360512	8.4257402
1.3880621	0.77422154	5.1360512	8.4339685
1.3896214	0.75972426	5.1368923	8.3969421
1.381825	0.77099991	5.1368923	8.4298544
1.3989769	0.76648962	5.137733	8.4175119
1.3771472	0.75972426	5.1368923	8.3887138
1.3927399	0.76487881	5.1360512	8.392828
1.3755879	0.73298472	5.1368923	8.4010563
1.3865029	0.75038153	5.137733	8.44631
1.3865029	0.74780422	5.1368923	8.4010563
1.3771472	0.75134802	5.1352105	8.4380827
1.3911806	0.7719664	5.137733	8.4216261
1.3724695	0.7623015	5.1352105	8.4298544
1.381825	0.76359016	5.1385736	8.3887138
1.3896214	0.75972426	5.1352105	8.4051704
1.3833842	0.7684226	5.1343694	8.4133987
1.3740288	0.78581941	5.1352105	8.4751091
1.3802657	0.77679884	5.1352105	8.4133987
1.3771472	0.77647668	5.1360512	8.4010563
1.3755879	0.75102586	5.1368923	8.4092846
1.3740288	0.77905399	5.1360512	8.4298544
1.3787065	0.76520097	5.1352105	8.4092846
1.3755879	0.75746912	5.137733	8.4010563
1.381825	0.76520097	5.1352105	8.4175119
1.3787065	0.76165718	5.1352105	8.4092846
1.3724695	0.77067775	5.1360512	8.4504242
1.3755879	0.76197934	5.1360512	8.4175119
1.3709103	0.76681179	5.1368923	8.4298544
1.3677918	0.77389938	5.1343694	8.4298544
1.3584361	0.77583236	5.1360512	8.4339685
1.3631139	0.78453076	5.1352105	8.44631
1.3584361	0.78356427	5.1368923	8.4339685
1.3662324	0.7594021	5.1352105	8.4010563
1.3787065	0.75875777	5.137733	8.3887138
1.3724695	0.76036853	5.1368923	8.4380827
1.3740288	0.75843561	5.1352105	8.4133987
1.3771472	0.75746912	5.1368923	8.4051704
1.3646731	0.76713395	5.137733	8.4709949
1.3709103	0.7684226	5.1360512	8.4051704
1.3599954	0.76874477	5.1352105	8.4092846
1.3568769	0.77132207	5.1368923	8.4216261
1.3599954	0.7594021	5.1360512	8.4216261
1.381825	0.76906693	5.1352105	8.4010563
1.3709103	0.76552314	5.1352105	8.4133987
1.3631139	0.76745611	5.1368923	8.4257402
1.3553176	0.75746912	5.1343694	8.4339685
1.3709103	0.74554908	5.137733	8.3887138
1.3584361	0.7558583	5.1360512	8.4175119
1.3568769	0.76069069	5.1360512	8.4380827
1.3521991	0.76262367	5.1352105	8.4751091
1.3631139	0.75779128	5.1352105	8.4051704
1.369351	0.76874477	5.137733	8.4092846
1.3662324	0.76069069	5.1352105	8.4175119
1.3537583	0.77969831	5.137733	8.4668808
1.3490804	0.76133502	5.1352105	8.4051704
1.3490804	0.76294583	5.1360512	8.4380827
1.3677918	0.75070369	5.1352105	8.4175119
1.3475212	0.74458259	5.1343694	8.4504242
1.3568769	0.74748206	5.1360512	8.4133987
1.3506397	0.75038153	5.1352105	8.4380827
1.3584361	0.74554908	5.1343694	8.4421968
1.3568769	0.75134802	5.1343694	8.4380827
1.3521991	0.76616746	5.137733	8.4298544
1.3631139	0.76455665	5.1385736	8.4175119
1.3521991	0.76810044	5.1368923	8.4298544
1.3506397	0.75005937	5.1360512	8.4545383
1.3490804	0.76906693	5.1360512	8.4339685
1.3521991	0.77389938	5.1360512	8.44631
1.3412842	0.77969831	5.1360512	8.4380827
1.3506397	0.77228856	5.1343694	8.4298544
1.3537583	0.76487881	5.1360512	8.4380827
1.3459619	0.78098696	5.1352105	8.4586525
1.3475212	0.76294583	5.1360512	8.4421968
1.3506397	0.74619341	5.1368923	8.4380827
1.3428434	0.75972426	5.1343694	8.4627666
1.3568769	0.76648962	5.1360512	8.4257402
1.3521991	0.75102586	5.1352105	8.4339685
1.3381656	0.7623015	5.1352105	8.44631
1.3381656	0.78098696	5.1352105	8.4668808
1.3475212	0.77551019	5.1343694	8.4298544
1.3397249	0.77099991	5.1368923	8.4380827
1.3459619	0.7623015	5.1368923	8.4298544
1.3444027	0.77261072	5.1368923	8.4504242
1.3366064	0.75456965	5.1360512	8.4216261
1.3490804	0.75746912	5.1385736	8.4175119
1.3412842	0.76455665	5.1360512	8.4298544
1.3459619	0.77647668	5.1360512	8.4545383
1.3521991	0.75553614	5.1368923	8.4010563
1.3397249	0.76423448	5.1368923	8.4339685
1.3490804	0.77389938	5.1360512	8.4421968
1.3428434	0.77003342	5.1360512	8.4175119
1.3366064	0.77615452	5.137733	8.4545383
1.3272507	0.74941504	5.1352105	8.4216261
1.3397249	0.74780422	5.137733	8.4216261
1.335047	0.76391232	5.1352105	8.4586525
1.3412842	0.76745611	5.1385736	8.4175119
1.3366064	0.76777828	5.1360512	8.4175119
1.3319285	0.75714695	5.1352105	8.4380827
1.3241322	0.75167018	5.1343694	8.4504242
1.3256915	0.75650263	5.1352105	8.4504242
1.3256915	0.75811344	5.1360512	8.44631
1.3490804	0.77067775	5.137733	8.4216261
1.3412842	0.76294583	5.1360512	8.4298544
1.3334877	0.76391232	5.1360512	8.4257402
1.3303692	0.76326799	5.1352105	8.4175119
1.3225729	0.7684226	5.1352105	8.4175119
1.32881	0.7594021	5.1352105	8.44631
1.3241322	0.75199234	5.1343694	8.44631
1.3272507	0.76777828	5.1352105	8.4421968
1.3303692	0.76004636	5.1352105	8.4421968
1.3303692	0.76874477	5.1352105	8.4751091
1.3334877	0.74490476	5.1368923	8.4175119
1.335047	0.75424749	5.1360512	8.4092846
1.3303692	0.75005937	5.137733	8.4092846
1.3272507	0.74683774	5.1343694	8.4257402
1.3210137	0.75682479	5.1368923	8.44631
1.32881	0.76004636	5.1368923	8.4216261
1.3163358	0.77164423	5.1360512	8.4380827
1.3225729	0.77389938	5.1352105	8.4421968
1.3085396	0.78968537	5.1368923	8.4627666
1.3178951	0.77840966	5.1352105	8.4298544
1.32881	0.77035558	5.1352105	8.4175119
1.3334877	0.77486587	5.1352105	8.4298544
1.3178951	0.76391232	5.1352105	8.4092846
1.3303692	0.75263667	5.1368923	8.4175119
1.3132174	0.73685068	5.1352105	8.4298544
1.3210137	0.73588419	5.1352105	8.4380827
1.3194543	0.74683774	5.1343694	8.4257402
1.3194543	0.76262367	5.1385736	8.4421968
1.3210137	0.76036853	5.1360512	8.4298544
1.3132174	0.74683774	5.1368923	8.4257402
1.3085396	0.74458259	5.1352105	8.4298544
1.3178951	0.75843561	5.1360512	8.4257402
1.3147765	0.76294583	5.1352105	8.4586525
1.3178951	0.74844855	5.1360512	8.4421968
1.3163358	0.7558583	5.1352105	8.4421968
1.3210137	0.75618047	5.1368923	8.4339685
1.3178951	0.76616746	5.1368923	8.4380827
1.3132174	0.75875777	5.137733	8.4216261
1.3256915	0.7684226	5.1385736	8.4216261
1.3194543	0.76423448	5.1360512	8.4380827
1.3054211	0.75779128	5.1360512	8.4421968
1.3132174	0.7623015	5.1352105	8.4751091
1.3132174	0.76262367	5.1360512	8.4874506
1.3069804	0.76262367	5.1385736	8.4504242
1.3100989	0.74941504	5.1343694	8.4380827
1.3069804	0.77422154	5.1352105	8.4709949
1.3007432	0.77518803	5.1360512	8.4833364
1.3116581	0.77003342	5.1368923	8.4339685
1.3132174	0.77840966	5.1343694	8.4545383
1.3023026	0.77937615	5.1368923	8.4504242
1.3023026	0.78130913	5.1326876	8.4997921
1.3194543	0.75779128	5.1352105	8.4216261
1.299184	0.75972426	5.1352105	8.4339685
1.3132174	0.7471599	5.1368923	8.4257402
1.3054211	0.76423448	5.1368923	8.4709949
1.3054211	0.75618047	5.1360512	8.4380827
1.2913877	0.74941504	5.1352105	8.44631
1.2976247	0.74232745	5.1352105	8.4504242
1.3054211	0.75070369	5.1368923	8.4545383
1.2976247	0.76810044	5.1360512	8.4792223
1.3054211	0.75392532	5.1360512	8.4298544
1.2960654	0.76874477	5.1352105	8.4545383
1.3163358	0.76906693	5.137733	8.44631
1.3038619	0.78356427	5.1368923	8.4668808
1.2976247	0.76294583	5.1360512	8.4216261
1.3007432	0.7558583	5.1368923	8.4175119
1.3023026	0.76359016	5.1360512	8.44631
1.2929469	0.76971126	5.1352105	8.4504242
1.2913877	0.77486587	5.1352105	8.4339685
1.2929469	0.76874477	5.137733	8.4545383
1.299184	0.75682479	5.1343694	8.4380827
1.2945062	0.76133502	5.1352105	8.4421968
1.2960654	0.76938909	5.1352105	8.4668808
1.3054211	0.75231451	5.1368923	8.44631
1.3069804	0.7471599	5.1368923	8.4380827
1.3007432	0.74168313	5.1352105	8.4216261
1.2867099	0.75521398	5.1352105	8.4545383
1.282032	0.74297178	5.1352105	8.4380827
1.299184	0.73942798	5.1360512	8.4339685
1.2882692	0.76359016	5.1352105	8.4504242
1.2898284	0.77518803	5.1360512	8.4627666
1.2960654	0.77583236	5.1368923	8.44631
1.3038619	0.77486587	5.1360512	8.4504242
1.2882692	0.76938909	5.1352105	8.4504242
1.2960654	0.77518803	5.1343694	8.4380827
1.3023026	0.77518803	5.1360512	8.4298544
1.3038619	0.75456965	5.1368923	8.4298544
1.2898284	0.74780422	5.1360512	8.4668808
1.2976247	0.74812639	5.1360512	8.4298544
1.2945062	0.76777828	5.1360512	8.4586525
1.2945062	0.75231451	5.1360512	8.4421968
1.2960654	0.75553614	5.1352105	8.4504242
1.2835913	0.76777828	5.1352105	8.4627666
1.2898284	0.76262367	5.1352105	8.4380827
1.2773542	0.77551019	5.1343694	8.4668808
1.282032	0.75907993	5.1352105	8.4751091
1.2882692	0.75907993	5.1368923	8.4545383
1.282032	0.76101285	5.1360512	8.44631
1.275795	0.76971126	5.1360512	8.4627666
1.2882692	0.77035558	5.1360512	8.4833364
1.2976247	0.77389938	5.1360512	8.4257402
1.2789135	0.77776533	5.1360512	8.4504242
1.282032	0.77583236	5.1360512	8.4421968
1.2804728	0.78517509	5.1343694	8.4874506
1.275795	0.77712101	5.1352105	8.4751091
1.2742357	0.76552314	5.1352105	8.4668808
1.2882692	0.75038153	5.137733	8.4504242
1.2851505	0.76101285	5.1352105	8.4792223
1.2804728	0.753281	5.1360512	8.4545383
1.2742357	0.76616746	5.1360512	8.4709949
1.2773542	0.74651557	5.137733	8.4298544
1.2835913	0.75038153	5.1368923	8.44631
1.2945062	0.76681179	5.1368923	8.4545383
1.282032	0.76423448	5.1360512	8.4792223
1.282032	0.76197934	5.1352105	8.4709949
1.2789135	0.76810044	5.1360512	8.4833364
1.2804728	0.76810044	5.1360512	8.4627666
1.2711172	0.7623015	5.1360512	8.4545383
1.2742357	0.76777828	5.1343694	8.44631
1.275795	0.77357721	5.137733	8.4751091
1.2804728	0.77712101	5.1352105	8.4339685
1.2679986	0.76648962	5.1360512	8.4668808
1.282032	0.75070369	5.1352105	8.4504242
1.2695578	0.75972426	5.137733	8.4915648
1.2804728	0.77067775	5.1360512	8.4915648
1.2679986	0.76810044	5.1360512	8.4668808
1.2695578	0.74232745	5.1352105	8.44631
1.2664393	0.74039447	5.1368923	8.4421968
1.275795	0.76359016	5.1368923	8.4545383
1.2773542	0.76713395	5.1368923	8.4545383
1.2617615	0.77551019	5.1352105	8.4833364
1.2742357	0.77937615	5.1352105	8.4709949
1.2648801	0.7842086	5.1352105	8.4915648
1.2789135	0.77873182	5.1360512	8.4421968
1.275795	0.76648962	5.1352105	8.4586525
1.2633208	0.76777828	5.1335287	8.4627666
1.2570838	0.77228856	5.1360512	8.5039062
1.2695578	0.77744317	5.1352105	8.44631
1.2664393	0.77164423	5.1360512	8.4545383
1.2773542	0.75199234	5.1368923	8.4298544
1.2664393	0.75843561	5.1343694	8.4586525
1.2648801	0.7719664	5.1360512	8.4874506
1.2602023	0.77228856	5.1368923	8.4751091
1.2679986	0.76004636	5.1368923	8.4545383
1.2648801	0.77164423	5.1352105	8.5080204
1.246169	0.77357721	5.1352105	8.4709949
1.2664393	0.77679884	5.137733	8.4545383
1.2539654	0.77744317	5.1343694	8.4997921
1.258643	0.77099991	5.1360512	8.4668808
1.2633208	0.77647668	5.1360512	8.4627666
1.2633208	0.7658453	5.1385736	8.4627666
1.2648801	0.76616746	5.137733	8.4504242
1.2648801	0.7684226	5.1352105	8.4792223
1.2695578	0.78614157	5.1360512	8.4586525
1.2617615	0.75972426	5.1368923	8.44631
1.2633208	0.77325505	5.1360512	8.4627666
1.2679986	0.76552314	5.1360512	8.4956789
1.2648801	0.75682479	5.137733	8.4545383
1.258643	0.7684226	5.1360512	8.4792223
1.2524061	0.74587125	5.1352105	8.4545383
1.2570838	0.74780422	5.1352105	8.4709949
1.2524061	0.75134802	5.137733	8.4792223
1.2570838	0.7684226	5.137733	8.4668808
1.2524061	0.77003342	5.1352105	8.4668808
1.2664393	0.77357721	5.1360512	8.4997921
1.2570838	0.7658453	5.1335287	8.4380827
1.2648801	0.76520097	5.1368923	8.4504242
1.2617615	0.76971126	5.1360512	8.4586525
1.2524061	0.77035558	5.1368923	8.4997921
1.2539654	0.7623015	5.1368923	8.4668808
1.2508467	0.76616746	5.1352105	8.4627666
1.2679986	0.7780875	5.1368923	8.4709949
1.2539654	0.76423448	5.1360512	8.4668808
1.2508467	0.76616746	5.137733	8.4709949
1.2524061	0.76616746	5.1360512	8.4421968
1.2477282	0.78002048	5.137733	8.4874506
1.2602023	0.75811344	5.1352105	8.4504242
1.2492875	0.73813933	5.1343694	8.44631
1.2492875	0.74329394	5.1360512	8.4504242
1.2399319	0.74200529	5.1368923	8.4709949
1.2399319	0.74877071	5.1352105	8.4874506
1.2383727	0.74877071	5.137733	8.4668808
1.2524061	0.77840966	5.1368923	8.4792223
1.2524061	0.78388643	5.1368923	8.4586525
1.2508467	0.76487881	5.1352105	8.4709949
1.2602023	0.75521398	5.1360512	8.4421968
1.2508467	0.75875777	5.1368923	8.4380827
1.2570838	0.75295883	5.1360512	8.4380827
1.2492875	0.75907993	5.1368923	8.4668808
1.2399319	0.75714695	5.1352105	8.4874506
1.2508467	0.76101285	5.1360512	8.4586525
1.2383727	0.76294583	5.1360512	8.4833364
1.2477282	0.75424749	5.1360512	8.4380827
1.2492875	0.74844855	5.1335287	8.4751091
1.2430505	0.75134802	5.1343694	8.4833364
1.2570838	0.76359016	5.1352105	8.4668808
1.2477282	0.74844855	5.1360512	8.4627666
1.235254	0.76165718	5.1352105	8.4792223
1.2446097	0.76487881	5.1352105	8.4709949
1.2539654	0.76101285	5.1360512	8.4751091
1.229017	0.77647668	5.1360512	8.4709949
1.2383727	0.76520097	5.1352105	8.4833364
1.246169	0.76906693	5.1368923	8.4833364
1.2399319	0.75843561	5.1360512	8.4627666
1.2399319	0.76326799	5.1352105	8.4380827
1.235254	0.76777828	5.1360512	8.4792223
1.2524061	0.75489181	5.1368923	8.4380827
1.2399319	0.74587125	5.1360512	8.4545383
1.2321355	0.7471599	5.1368923	8.4586525
1.2446097	0.76326799	5.1352105	8.4874506
1.2430505	0.74844855	5.1368923	8.4421968
1.2399319	0.74297178	5.137733	8.4668808
1.2305763	0.74297178	5.1352105	8.4915648
1.2414912	0.73717284	5.1368923	8.5039062
1.2305763	0.7558583	5.137733	8.4874506
1.2524061	0.76648962	5.1360512	8.4709949
1.2336948	0.77261072	5.137733	8.4792223
1.229017	0.78098696	5.1352105	8.4997921
1.2305763	0.77905399	5.1360512	8.4668808
1.2274578	0.78807455	5.1368923	8.4751091
1.2383727	0.77357721	5.1360512	8.4833364
1.2383727	0.76713395	5.1352105	8.4956789
1.2414912	0.76101285	5.1368923	8.4833364
1.2430505	0.74651557	5.1352105	8.4751091
1.2321355	0.7436161	5.1360512	8.4627666
1.2336948	0.7471599	5.1360512	8.4915648
1.2321355	0.75038153	5.1352105	8.4709949
1.2212207	0.74007231	5.1360512	8.4668808
1.2274578	0.75746912	5.1352105	8.4709949
1.2321355	0.76197934	5.1360512	8.4751091
1.229017	0.76391232	5.1360512	8.4997921
1.2336948	0.76616746	5.137733	8.4833364
1.229017	0.77551019	5.1343694	8.4792223
1.2368134	0.79355133	5.1385736	8.4915648
1.2274578	0.76648962	5.1360512	8.4627666
1.2243392	0.753281	5.1352105	8.4586525
1.2321355	0.75779128	5.1368923	8.4545383
1.2212207	0.76359016	5.137733	8.4504242
1.2274578	0.76391232	5.1360512	8.4833364
1.2181021	0.77325505	5.1360512	8.4956789
1.2321355	0.78453076	5.1360512	8.4874506
1.235254	0.77937615	5.1360512	8.4792223
1.2305763	0.77132207	5.1352105	8.4874506
1.2383727	0.77003342	5.1352105	8.4833364
1.229017	0.75038153	5.1368923	8.4586525
1.2181021	0.73685068	5.1352105	8.4586525
1.229017	0.74877071	5.1360512	8.4504242
1.2258985	0.75005937	5.1368923	8.4833364
1.2336948	0.77293289	5.1368923	8.4874506
1.2336948	0.78098696	5.1352105	8.4997921
1.2196614	0.77003342	5.1360512	8.4997921
1.2134243	0.78453076	5.1352105	8.5121346
1.229017	0.79387349	5.1343694	8.4792223
1.2181021	0.79226267	5.1368923	8.4833364
1.2243392	0.77261072	5.1352105	8.4874506
1.229017	0.78130913	5.1352105	8.4668808
1.22278	0.76777828	5.1368923	8.4792223
1.229017	0.76681179	5.137733	8.4751091
1.2181021	0.76036853	5.1360512	8.5121346
1.2305763	0.75199234	5.1368923	8.4668808
1.229017	0.74844855	5.1368923	8.4627666
1.2149836	0.74264961	5.1385736	8.4545383
1.2321355	0.74941504	5.1368923	8.4751091
1.2305763	0.76069069	5.1352105	8.4545383
1.2149836	0.7558583	5.1352105	8.4709949
1.2087466	0.76648962	5.1360512	8.5080204
1.2243392	0.75134802	5.1368923	8.4833364
1.2212207	0.75392532	5.1352105	8.4709949
1.2212207	0.76133502	5.1360512	8.4586525
1.2212207	0.75746912	5.1368923	8.44631
1.2212207	0.7436161	5.1352105	8.4751091
1.2165428	0.7497372	5.1352105	8.4915648
1.2196614	0.75875777	5.137733	8.4833364
1.2103058	0.75295883	5.137733	8.4545383
1.2149836	0.73813933	5.137733	8.4792223
1.2071873	0.75070369	5.1352105	8.5080204
1.2118651	0.76455665	5.1360512	8.4833364
1.2009503	0.77422154	5.1335287	8.4997921
1.2181021	0.77647668	5.1352105	8.4833364
1.2181021	0.77712101	5.1360512	8.4792223
1.229017	0.78002048	5.1360512	8.4915648
1.2165428	0.76197934	5.1368923	8.4586525
1.2087466	0.75972426	5.1360512	8.4751091
1.2134243	0.75553614	5.1360512	8.4792223
1.2118651	0.76262367	5.1360512	8.4997921
1.2087466	0.75456965	5.1352105	8.5039062
1.2087466	0.76197934	5.1368923	8.4627666
1.2103058	0.7719664	5.1352105	8.4709949
1.2118651	0.76616746	5.1352105	8.4668808
1.2087466	0.7806648	5.1335287	8.4997921
1.2212207	0.77164423	5.1360512	8.4833364
1.2118651	0.77712101	5.137733	8.4751091
1.2181021	0.76262367	5.137733	8.4751091
1.2103058	0.76069069	5.1360512	8.4792223
1.2071873	0.76262367	5.1343694	8.4956789
1.2025095	0.74393827	5.1360512	8.4833364
1.199391	0.76101285	5.1385736	8.4956789
1.2165428	0.75199234	5.1352105	8.4792223
1.199391	0.76874477	5.1343694	8.5121346
1.2071873	0.75714695	5.1360512	8.4833364
1.2118651	0.76713395	5.1360512	8.4668808
1.2103058	0.76971126	5.1360512	8.4668808
1.2134243	0.75714695	5.1352105	8.4751091
1.2071873	0.76133502	5.1360512	8.4997921
1.2040688	0.7623015	5.1360512	8.4915648
1.2071873	0.76906693	5.1343694	8.4956789
1.2134243	0.76648962	5.1368923	8.4792223
1.1962725	0.76133502	5.1343694	8.4874506
1.2040688	0.75167018	5.1360512	8.4751091
1.2103058	0.74039447	5.137733	8.44631
1.2087466	0.75553614	5.1352105	8.4627666
1.2009503	0.75875777	5.1368923	8.5080204
1.2118651	0.75875777	5.137733	8.4627666
1.2118651	0.75456965	5.1360512	8.4668808
1.1947131	0.76133502	5.1368923	8.4751091
1.2103058	0.76906693	5.1352105	8.5121346
1.1931539	0.7745437	5.1352105	8.5080204
1.199391	0.77422154	5.137733	8.4792223
1.199391	0.78775239	5.1343694	8.5039062
1.1915946	0.79000753	5.1352105	8.5121346
1.1962725	0.79483998	5.1360512	8.4997921
1.2040688	0.76777828	5.137733	8.4545383
1.1962725	0.7780875	5.1352105	8.4874506
1.205628	0.77969831	5.1360512	8.5285902
1.205628	0.77486587	5.1360512	8.4956789
1.199391	0.7558583	5.1352105	8.4627666
1.1962725	0.75392532	5.1368923	8.4833364
1.1915946	0.74619341	5.1352105	8.4751091
1.205628	0.75811344	5.1360512	8.4833364
1.1884761	0.7719664	5.1368923	8.4997921
1.2040688	0.77776533	5.1360512	8.5039062
1.1978317	0.7780875	5.1368923	8.5368185
1.1853576	0.76906693	5.1360512	8.4956789
1.1962725	0.76777828	5.1360512	8.4751091
1.1931539	0.77099991	5.1360512	8.4874506
1.205628	0.75843561	5.1352105	8.4792223
1.1837983	0.75907993	5.1343694	8.4874506
1.1962725	0.76069069	5.1360512	8.4956789
1.1837983	0.77261072	5.1360512	8.5039062
1.1947131	0.7719664	5.1352105	8.5244761
1.1962725	0.77518803	5.1360512	8.4997921
1.2025095	0.76391232	5.1352105	8.4874506
1.2009503	0.76777828	5.137733	8.5039062
1.2025095	0.75167018	5.1360512	8.4833364
1.1900353	0.75070369	5.1360512	8.4668808
1.1884761	0.75134802	5.1360512	8.4586525
1.1962725	0.74522692	5.1352105	8.4874506
1.1915946	0.75875777	5.1368923	8.5039062
1.1775613	0.76197934	5.1343694	8.4997921
1.1853576	0.77389938	5.1368923	8.5039062
1.1822391	0.77583236	5.1360512	8.5080204
1.2040688	0.77679884	5.1368923	8.4833364
1.1869168	0.78453076	5.1360512	8.5203619
1.1900353	0.78163129	5.1343694	8.4915648
1.1791205	0.78002048	5.1352105	8.4792223
1.1853576	0.76681179	5.1360512	8.4956789
1.1931539	0.76906693	5.1343694	8.4956789
1.1915946	0.76938909	5.1360512	8.4956789
1.1791205	0.76036853	5.1343694	8.4874506
1.1978317	0.74877071	5.1360512	8.4833364
1.1697649	0.75714695	5.1343694	8.5285902
1.1822391	0.76777828	5.1360512	8.4792223
1.1978317	0.7558583	5.1352105	8.4586525
1.1915946	0.76197934	5.1360512	8.4668808
1.1806798	0.76681179	5.1360512	8.5039062
1.1900353	0.77486587	5.137733	8.4915648
1.1931539	0.76262367	5.1360512	8.4751091
1.176002	0.76648962	5.1368923	8.5121346
1.2009503	0.75972426	5.1360512	8.5039062
1.1775613	0.76745611	5.1352105	8.5039062
1.1837983	0.77389938	5.1360512	8.4874506
1.1791205	0.77551019	5.1343694	8.4956789
1.1728835	0.7806648	5.1343694	8.5285902
1.1837983	0.7806648	5.1352105	8.4956789
1.1650871	0.78163129	5.1360512	8.5039062
1.1682056	0.78517509	5.1352105	8.5203619
1.1853576	0.75875777	5.1360512	8.4874506
1.1869168	0.74200529	5.137733	8.4545383
1.176002	0.75972426	5.1343694	8.5039062
1.1900353	0.74554908	5.1352105	8.4586525
1.1744428	0.75295883	5.1360512	8.5285902
1.1791205	0.76326799	5.1343694	8.4751091
1.1822391	0.77873182	5.1343694	8.5121346
1.1728835	0.7780875	5.1368923	8.4833364
1.1791205	0.76294583	5.1368923	8.4956789
1.1791205	0.76810044	5.1360512	8.5039062
1.1853576	0.77615452	5.1352105	8.4956789
1.1744428	0.77679884	5.137733	8.5121346
1.1682056	0.77583236	5.1352105	8.5162477
1.1775613	0.75456965	5.1352105	8.4668808
1.1713243	0.76391232	5.1343694	8.4833364
1.1728835	0.76681179	5.137733	8.4997921
1.1713243	0.76423448	5.1360512	8.4956789
1.1791205	0.76165718	5.1360512	8.4956789
1.1791205	0.76036853	5.1343694	8.4751091
1.1791205	0.76713395	5.1352105	8.5039062
1.1713243	0.77518803	5.1352105	8.4956789
1.1682056	0.77067775	5.137733	8.5162477
1.1822391	0.77357721	5.1360512	8.5121346
1.1806798	0.77615452	5.1368923	8.4874506
1.176002	0.76971126	5.1360512	8.4915648
1.1791205	0.7684226	5.1368923	8.4668808
1.1822391	0.76552314	5.1368923	8.4751091
1.1837983	0.76874477	5.1368923	8.4833364
1.1682056	0.7719664	5.1343694	8.4874506
1.1697649	0.78163129	5.1343694	8.4956789
1.1650871	0.76648962	5.1352105	8.5039062
1.1713243	0.76391232	5.1360512	8.5121346
1.1713243	0.77615452	5.1360512	8.5121346
1.1713243	0.77937615	5.1360512	8.5244761
1.1775613	0.76004636	5.1360512	8.4627666
1.1728835	0.75843561	5.1360512	8.4997921
1.1775613	0.76455665	5.1352105	8.4874506
1.1713243	0.77389938	5.1368923	8.5162477
1.1713243	0.7684226	5.1352105	8.5039062
1.1822391	0.75392532	5.1352105	8.4833364
1.1650871	0.75070369	5.1360512	8.4709949
1.1728835	0.75972426	5.1368923	8.5244761
1.1791205	0.76777828	5.1368923	8.4874506
1.1822391	0.7594021	5.137733	8.4792223
1.1650871	0.77422154	5.1343694	8.4997921
1.1728835	0.77164423	5.1352105	8.5039062
1.1713243	0.79065186	5.1335287	8.5203619
1.1682056	0.79000753	5.1360512	8.4997921
1.1713243	0.77261072	5.1360512	8.4956789
1.1666464	0.7806648	5.1343694	8.5368185
1.1697649	0.77293289	5.1343694	8.4668808
1.1588501	0.77937615	5.1352105	8.5080204
1.1588501	0.76520097	5.1352105	8.5080204
1.1713243	0.76133502	5.1352105	8.4997921
1.1635278	0.74619341	5.1368923	8.4668808
1.1479353	0.76938909	5.1352105	8.5162477
1.1682056	0.76777828	5.1368923	8.4874506
1.1728835	0.77615452	5.1368923	8.5121346
1.1557316	0.77873182	5.1343694	8.4997921
1.1666464	0.78227562	5.1352105	8.4833364
1.1635278	0.79000753	5.1343694	8.5203619
1.1635278	0.77840966	5.1360512	8.5121346
1.1666464	0.78453076	5.1335287	8.4956789
1.1713243	0.77615452	5.1368923	8.5039062
1.1650871	0.77067775	5.1368923	8.4956789
1.1619686	0.77132207	5.1352105	8.5039062
1.1494945	0.75360316	5.1352105	8.4997921
1.1604093	0.76197934	5.1352105	8.5039062
1.1588501	0.76069069	5.1360512	8.5121346
1.1557316	0.77422154	5.1352105	8.5409327
1.1557316	0.77389938	5.1352105	8.5244761
1.1666464	0.75811344	5.1368923	8.5080204
1.1713243	0.7623015	5.137733	8.4997921
1.1666464	0.76455665	5.1360512	8.5080204
1.1572908	0.78034264	5.1352105	8.5162477
1.1557316	0.77261072	5.1360512	8.4915648
1.146376	0.78163129	5.1368923	8.5080204
1.1588501	0.78871888	5.1360512	8.5039062
1.146376	0.78485292	5.1368923	8.4709949
1.1619686	0.76681179	5.1360512	8.5080204
1.1572908	0.77035558	5.1343694	8.4997921
1.1557316	0.76552314	5.1360512	8.5162477
1.1619686	0.74812639	5.1352105	8.4997921
1.1635278	0.74007231	5.1360512	8.4915648
1.1666464	0.75199234	5.1368923	8.5039062
1.1479353	0.76036853	5.1360512	8.4956789
1.1526129	0.76874477	5.1352105	8.5368185
1.1479353	0.76874477	5.1352105	8.5203619
1.1510537	0.78517509	5.1360512	8.5327044
1.1416981	0.78549725	5.1335287	8.5368185
1.1697649	0.78839672	5.1352105	8.5368185
1.1494945	0.79000753	5.1368923	8.5285902
1.1416981	0.7867859	5.1343694	8.5162477
1.1526129	0.78130913	5.1343694	8.4956789
1.1572908	0.78002048	5.1360512	8.5203619
1.1541722	0.77551019	5.1352105	8.4915648
1.1588501	0.77099991	5.137733	8.5039062
1.1401389	0.77873182	5.1360512	8.5327044
1.1541722	0.77261072	5.1352105	8.5450459
1.1510537	0.76713395	5.1343694	8.5327044
1.1479353	0.76777828	5.1360512	8.5039062
1.1572908	0.77357721	5.1352105	8.5121346
1.1432574	0.77518803	5.1352105	8.5409327
1.1385796	0.76777828	5.1352105	8.4915648
1.1354611	0.78453076	5.1326876	8.5244761
1.1385796	0.78710806	5.1343694	8.5409327
1.1494945	0.7780875	5.1360512	8.5327044
1.1401389	0.76552314	5.1352105	8.5121346
1.1385796	0.7719664	5.1368923	8.5285902
1.1541722	0.77035558	5.1360512	8.4997921
1.1557316	0.77679884	5.1368923	8.4997921
1.1494945	0.76971126	5.1360512	8.5080204
1.1526129	0.75811344	5.1352105	8.4997921
1.1448166	0.76552314	5.1368923	8.4997921
1.1385796	0.7684226	5.1360512	8.5327044
1.1557316	0.75199234	5.1343694	8.4997921
1.1385796	0.75134802	5.1360512	8.4997921
1.1432574	0.75811344	5.1352105	8.5080204
1.1401389	0.75746912	5.1360512	8.5080204
1.1494945	0.7594021	5.1360512	8.5039062
1.1541722	0.76616746	5.1352105	8.5121346
1.1339018	0.76616746	5.1360512	8.5039062
1.1510537	0.75972426	5.1385736	8.4956789
1.1479353	0.76359016	5.1343694	8.5121346
1.1370203	0.77389938	5.1352105	8.5285902
1.1292239	0.77357721	5.1360512	8.5162477
1.1432574	0.77583236	5.1368923	8.5162477
1.1479353	0.76971126	5.1360512	8.4997921
1.1432574	0.78871888	5.1352105	8.5409327
1.1479353	0.77035558	5.1352105	8.4915648
1.1385796	0.78743023	5.1352105	8.5368185
1.1572908	0.78485292	5.1368923	8.5080204
1.1370203	0.7719664	5.1360512	8.5368185
1.1448166	0.75456965	5.1385736	8.4997921
1.1541722	0.75005937	5.137733	8.4874506
1.1494945	0.76648962	5.1352105	8.5532742
1.1339018	0.7658453	5.1360512	8.5285902
1.1448166	0.75038153	5.137733	8.4915648
1.1448166	0.76391232	5.1352105	8.5080204
1.1432574	0.77937615	5.1352105	8.5121346
1.1292239	0.78227562	5.1343694	8.5244761
1.1261054	0.78098696	5.1360512	8.5162477
1.1479353	0.77261072	5.1343694	8.5080204
1.1526129	0.78453076	5.137733	8.5285902
1.1339018	0.78259778	5.137733	8.5162477
1.1370203	0.78130913	5.1368923	8.5244761
1.1245462	0.76971126	5.1335287	8.5080204
1.1416981	0.75843561	5.1360512	8.5162477
1.1292239	0.75231451	5.1352105	8.5121346
1.146376	0.73781717	5.1368923	8.4545383
1.1385796	0.73813933	5.1352105	8.5121346
1.1245462	0.76777828	5.1352105	8.5615025
1.1339018	0.77518803	5.1343694	8.5244761
1.1323426	0.78517509	5.137733	8.5039062
1.1307833	0.78130913	5.1352105	8.5203619
1.1307833	0.78259778	5.1343694	8.5532742
1.1385796	0.77293289	5.1352105	8.5080204
1.1198685	0.76326799	5.1360512	8.4956789
1.1261054	0.74844855	5.1360512	8.4915648
1.1416981	0.76520097	5.1368923	8.5203619
1.1416981	0.75714695	5.137733	8.4956789
1.1479353	0.76326799	5.137733	8.4915648
1.1401389	0.77389938	5.1368923	8.5121346
1.1401389	0.7745437	5.1368923	8.5327044
1.1385796	0.75907993	5.1385736	8.4915648
1.1416981	0.76197934	5.1352105	8.5162477
1.1354611	0.76745611	5.1343694	8.5121346
1.1448166	0.76552314	5.137733	8.4874506
1.1323426	0.77905399	5.1352105	8.5121346
1.1354611	0.75650263	5.1368923	8.4915648
1.1401389	0.74619341	5.1360512	8.5080204
1.1370203	0.75167018	5.1352105	8.5203619
1.1370203	0.77228856	5.1343694	8.5285902
1.1323426	0.77422154	5.137733	8.5121346
1.1339018	0.7806648	5.1352105	8.5039062
1.1292239	0.77228856	5.1352105	8.4792223
1.1198685	0.78549725	5.1343694	8.5203619
1.1229869	0.78581941	5.1368923	8.5039062
1.1245462	0.77422154	5.1335287	8.5121346
1.1401389	0.76359016	5.1360512	8.4956789
1.1354611	0.75424749	5.1360512	8.5203619
1.1432574	0.75295883	5.1368923	8.5121346
1.1136314	0.753281	5.1360512	8.5203619
1.1261054	0.75456965	5.1352105	8.5080204
1.1370203	0.75005937	5.1368923	8.4792223
1.1292239	0.75618047	5.1360512	8.4956789
1.1354611	0.75231451	5.1352105	8.5080204
1.1167499	0.76197934	5.1360512	8.4997921
1.1229869	0.78002048	5.1352105	8.5450459
1.1292239	0.7684226	5.137733	8.5039062
1.1261054	0.76165718	5.1352105	8.5121346
1.1323426	0.75392532	5.1360512	8.4997921
1.1167499	0.77422154	5.1368923	8.5573883
1.1307833	0.77035558	5.1368923	8.4997921
1.1307833	0.75618047	5.1360512	8.4915648
1.1370203	0.76487881	5.1352105	8.5203619
1.1323426	0.76069069	5.1360512	8.4997921
1.1276647	0.76874477	5.1360512	8.5121346
1.1323426	0.76165718	5.1360512	8.5039062
1.1167499	0.77293289	5.1326876	8.54916
1.1245462	0.78904104	5.1343694	8.54916
1.1339018	0.76165718	5.137733	8.4915648
1.1339018	0.75456965	5.1368923	8.4833364
1.1214277	0.76262367	5.137733	8.5244761
1.1276647	0.76036853	5.1385736	8.5409327
1.1261054	0.77422154	5.1343694	8.54916
1.1167499	0.77840966	5.137733	8.5203619
1.1214277	0.77099991	5.1360512	8.5039062
1.1261054	0.77293289	5.1368923	8.5368185
1.1151906	0.78485292	5.1352105	8.5080204
1.1245462	0.76938909	5.1360512	8.4792223
1.1214277	0.77035558	5.1360512	8.4874506
1.1214277	0.76359016	5.1385736	8.5409327
1.1261054	0.74941504	5.1360512	8.5080204
1.1292239	0.76681179	5.1368923	8.5121346
1.1151906	0.74780422	5.1368923	8.5162477
1.1323426	0.77099991	5.1360512	8.5285902
1.1307833	0.75746912	5.1343694	8.5203619
1.1261054	0.75714695	5.1368923	8.5080204
1.1151906	0.76777828	5.1343694	8.5532742
1.1229869	0.77293289	5.1335287	8.5285902
1.1245462	0.77647668	5.1352105	8.5203619
1.1198685	0.75650263	5.1360512	8.5162477
1.1214277	0.76133502	5.1352105	8.5080204
1.1276647	0.75038153	5.1360512	8.5162477
1.1198685	0.78324211	5.1352105	8.5327044
1.1167499	0.78227562	5.1360512	8.5121346
1.1276647	0.76165718	5.1343694	8.5121346
1.1089536	0.75875777	5.1360512	8.5121346
1.1183091	0.74554908	5.1368923	8.4956789
1.1167499	0.75199234	5.1368923	8.5080204
1.1214277	0.77099991	5.1352105	8.5532742
1.1105129	0.7658453	5.1360512	8.5327044
1.1198685	0.76648962	5.1360512	8.5285902
1.1276647	0.76133502	5.1360512	8.5080204
1.1120721	0.76874477	5.1360512	8.5203619
1.1245462	0.76197934	5.1352105	8.5327044
1.1136314	0.74748206	5.1352105	8.5121346
1.1151906	0.75134802	5.1368923	8.5162477
1.1183091	0.76359016	5.1360512	8.5244761
1.1073943	0.76874477	5.1368923	8.5573883
1.1183091	0.77261072	5.1368923	8.5203619
1.1151906	0.78034264	5.1368923	8.5450459
1.1151906	0.77389938	5.1360512	8.5327044
1.1089536	0.76359016	5.1368923	8.5039062
1.1136314	0.75489181	5.1352105	8.4874506
1.1229869	0.76133502	5.137733	8.5285902
1.1261054	0.76165718	5.1360512	8.5121346
1.1151906	0.75682479	5.1360512	8.5080204
1.1042757	0.76455665	5.1368923	8.54916
1.1120721	0.76874477	5.1360512	8.5162477
1.1058351	0.77293289	5.1352105	8.5409327
1.1058351	0.77357721	5.1360512	8.5450459
1.1042757	0.78936321	5.1360512	8.5615025
1.1183091	0.7842086	5.1343694	8.5327044
1.1183091	0.77422154	5.1368923	8.5121346
1.1073943	0.77325505	5.1368923	8.5285902
1.1105129	0.77615452	5.1335287	8.5532742
1.1042757	0.79355133	5.1352105	8.5615025
1.1073943	0.7806648	5.1360512	8.5244761
1.1183091	0.77937615	5.137733	8.5039062
1.1167499	0.77164423	5.137733	8.5162477
1.1073943	0.76938909	5.1352105	8.5244761
1.1151906	0.77647668	5.1360512	8.5203619
1.1198685	0.76745611	5.1352105	8.5080204
1.1058351	0.77067775	5.1360512	8.5368185
1.1042757	0.76648962	5.1352105	8.5450459
1.0964794	0.76971126	5.1352105	8.5615025
1.1073943	0.78549725	5.1360512	8.5327044
1.1027164	0.77776533	5.1343694	8.5409327
1.1073943	0.76616746	5.1352105	8.5080204
1.1183091	0.76745611	5.1352105	8.5244761
1.0933609	0.77776533	5.1368923	8.5285902
1.1183091	0.76552314	5.1368923	8.5203619
1.1089536	0.76133502	5.1360512	8.5080204
1.1183091	0.76101285	5.1368923	8.4874506
1.1058351	0.77647668	5.1385736	8.5409327
1.1042757	0.77132207	5.1352105	8.5244761
1.0949202	0.76455665	5.1360512	8.5450459
1.1073943	0.7497372	5.137733	8.5162477
1.1073943	0.76262367	5.1368923	8.5203619
1.1073943	0.76745611	5.1385736	8.5203619
1.0995979	0.77132207	5.137733	8.5327044
1.1058351	0.7806648	5.1360512	8.5285902
1.0933609	0.77422154	5.1335287	8.5409327
1.0949202	0.78743023	5.1352105	8.54916
1.1058351	0.77776533	5.1385736	8.5532742
1.1120721	0.77099991	5.1368923	8.5203619
1.1151906	0.76326799	5.1360512	8.5203619
1.1058351	0.75392532	5.1360512	8.5285902
1.1027164	0.75263667	5.1352105	8.5039062
1.1105129	0.75650263	5.1360512	8.5080204
1.1058351	0.75779128	5.1352105	8.5080204
1.0918016	0.7623015	5.1352105	8.5285902
1.1011572	0.77905399	5.1368923	8.5615025
1.1073943	0.78581941	5.1352105	8.5368185
1.1042757	0.7745437	5.1343694	8.5532742
1.1011572	0.75521398	5.1352105	8.5162477
1.1027164	0.76874477	5.1360512	8.5244761
1.1058351	0.76487881	5.1352105	8.5327044
1.1089536	0.75746912	5.1352105	8.5039062
1.1105129	0.74651557	5.137733	8.4997921
1.1027164	0.7684226	5.1360512	8.5532742
1.0902424	0.78195345	5.1360512	8.5450459
1.0871239	0.77647668	5.1352105	8.5409327
1.0886831	0.76133502	5.1352105	8.5080204
1.0995979	0.76262367	5.1352105	8.5450459
1.1089536	0.76810044	5.1360512	8.5162477
1.1042757	0.78324211	5.1352105	8.5450459
1.0964794	0.7745437	5.1352105	8.5080204
1.1058351	0.76165718	5.1368923	8.5121346
1.1011572	0.76423448	5.1385736	8.5203619
1.1058351	0.7719664	5.1343694	8.5285902
1.1042757	0.77647668	5.1352105	8.5203619
1.1042757	0.77422154	5.1352105	8.5738449
1.1011572	0.76906693	5.1343694	8.5203619
1.1042757	0.75167018	5.1385736	8.5121346
1.0871239	0.7497372	5.1360512	8.5121346
1.0964794	0.7471599	5.1352105	8.5285902
1.1011572	0.75038153	5.1368923	8.4956789
1.1042757	0.76133502	5.1368923	8.5121346
1.0980387	0.77099991	5.1360512	8.5409327
1.1089536	0.76133502	5.1352105	8.5368185
1.1058351	0.76938909	5.1360512	8.5327044
1.0933609	0.77873182	5.1360512	8.5409327
1.1042757	0.78291994	5.1360512	8.5285902
1.0902424	0.78517509	5.1343694	8.5532742
1.0918016	0.77840966	5.1368923	8.5203619
1.0840054	0.78775239	5.1326876	8.5409327
1.0855646	0.79355133	5.1352105	8.5573883
1.0980387	0.78291994	5.1385736	8.54916
1.1042757	0.75811344	5.1360512	8.4997921
1.0918016	0.76487881	5.1335287	8.5409327
1.0886831	0.78002048	5.1352105	8.5368185
1.0964794	0.7623015	5.1352105	8.5203619
1.0980387	0.77003342	5.137733	8.5285902
1.0918016	0.76874477	5.1385736	8.5285902
1.0855646	0.76004636	5.1352105	8.5162477
1.0980387	0.75875777	5.1360512	8.5327044
1.0855646	0.76713395	5.1360512	8.54916
1.1027164	0.77228856	5.1360512	8.5368185
1.0995979	0.76971126	5.1368923	8.5203619
1.0824461	0.78034264	5.1360512	8.5285902
1.0886831	0.7684226	5.137733	8.5285902
1.0855646	0.76938909	5.1352105	8.5285902
1.1042757	0.75811344	5.1352105	8.5121346
1.0933609	0.75263667	5.1343694	8.5203619
1.0980387	0.76101285	5.1360512	8.5285902
1.0918016	0.76777828	5.1360512	8.54916
1.0824461	0.75746912	5.1343694	8.5285902
1.0902424	0.76520097	5.1360512	8.54916
1.0980387	0.76391232	5.1368923	8.5615025
1.0980387	0.76359016	5.1360512	8.5327044
1.0949202	0.75650263	5.1352105	8.5080204
1.0886831	0.76616746	5.1360512	8.5203619
1.0964794	0.76262367	5.1394143	8.5080204
1.0824461	0.77712101	5.1360512	8.54916
1.0918016	0.77228856	5.1352105	8.5285902
1.0840054	0.7780875	5.1352105	8.5162477
1.0840054	0.77132207	5.1352105	8.5573883
1.0964794	0.76713395	5.1368923	8.5327044
1.0840054	0.77293289	5.1368923	8.54916
1.0964794	0.76197934	5.1360512	8.5327044
1.0840054	0.77840966	5.1352105	8.5779581
1.0949202	0.75489181	5.1360512	8.4997921
1.0949202	0.75907993	5.1360512	8.5450459
1.0840054	0.75972426	5.1352105	8.5573883
1.0808868	0.75682479	5.1360512	8.5697308
1.0918016	0.74071664	5.1343694	8.5285902
1.0918016	0.75843561	5.1352105	8.5450459
1.0871239	0.75618047	5.1360512	8.5162477
1.0886831	0.75070369	5.1352105	8.5532742
1.0871239	0.78195345	5.1360512	8.5532742
1.0933609	0.79387349	5.1343694	8.5615025
1.0886831	0.79065186	5.1368923	8.5450459
1.0840054	0.79032969	5.1360512	8.5697308
1.0762089	0.78291994	5.1360512	8.5532742
1.0933609	0.77003342	5.1368923	8.5368185
1.0777682	0.76906693	5.1352105	8.5327044
1.0855646	0.76487881	5.1360512	8.5656166
1.0871239	0.75972426	5.1368923	8.5409327
1.0793276	0.7658453	5.1368923	8.5244761
1.0949202	0.75618047	5.1360512	8.5121346
1.0777682	0.7684226	5.137733	8.5573883
1.1011572	0.76262367	5.137733	8.5203619
1.0886831	0.76487881	5.1360512	8.5327044
1.0793276	0.7658453	5.1352105	8.5573883
1.0730904	0.76391232	5.1360512	8.5738449
1.0933609	0.76391232	5.1368923	8.5203619
1.0886831	0.77003342	5.1360512	8.5409327
1.0902424	0.76874477	5.1368923	8.4956789
1.0793276	0.7658453	5.1360512	8.5244761
1.0808868	0.77744317	5.1352105	8.5697308
1.0746497	0.79580647	5.1343694	8.5861864
1.0808868	0.79194051	5.1360512	8.5656166
1.0793276	0.77035558	5.1368923	8.5450459
1.0995979	0.76069069	5.137733	8.5368185
1.0762089	0.76262367	5.1335287	8.5285902
1.0855646	0.76294583	5.1352105	8.5368185
1.0762089	0.74877071	5.1343694	8.5203619
1.0918016	0.7658453	5.1352105	8.5409327
1.0855646	0.76262367	5.1368923	8.5450459
1.0715312	0.76616746	5.1360512	8.5532742
1.0762089	0.75553614	5.1343694	8.5121346
1.0762089	0.75650263	5.1352105	8.5203619
1.0886831	0.77003342	5.1360512	8.5450459
1.0824461	0.75972426	5.1360512	8.5203619
1.0762089	0.78968537	5.1360512	8.5573883
1.0902424	0.78130913	5.1360512	8.5450459
1.0762089	0.77776533	5.1352105	8.4956789
1.0793276	0.77067775	5.1360512	8.5327044
1.0824461	0.76810044	5.1368923	8.4997921
1.0684127	0.78195345	5.1352105	8.5450459
1.0762089	0.77937615	5.1352105	8.5327044
1.0746497	0.79000753	5.1343694	8.5615025
1.0840054	0.78163129	5.1368923	8.5203619
1.0855646	0.7745437	5.1368923	8.5327044
1.0964794	0.75779128	5.137733	8.4956789
1.0715312	0.75714695	5.1352105	8.4997921
1.0808868	0.74200529	5.1360512	8.4997921
1.0621756	0.74297178	5.1352105	8.5573883
1.0793276	0.75102586	5.1352105	8.5121346
1.0793276	0.76326799	5.137733	8.5203619
1.0840054	0.76777828	5.1360512	8.5162477
1.0762089	0.78195345	5.1360512	8.5532742
1.0824461	0.76165718	5.1352105	8.5121346
1.0637349	0.77583236	5.1343694	8.5409327
1.0762089	0.7745437	5.1360512	8.5080204
1.0699719	0.77164423	5.1360512	8.5327044
1.0793276	0.74844855	5.1385736	8.5203619
1.0762089	0.74941504	5.1360512	8.54916
1.0777682	0.75263667	5.1368923	8.5327044
1.0855646	0.76101285	5.1360512	8.54916
1.0824461	0.76455665	5.137733	8.5285902
1.0824461	0.7594021	5.1360512	8.5327044
1.0762089	0.77164423	5.1352105	8.5532742
1.0793276	0.77937615	5.1352105	8.5409327
1.0684127	0.78839672	5.1335287	8.5697308
1.0668534	0.78291994	5.1352105	8.5368185
1.0840054	0.78743023	5.1385736	8.54916
1.0746497	0.76777828	5.1360512	8.5368185
1.0637349	0.78227562	5.1335287	8.5615025
1.0777682	0.7842086	5.1360512	8.5573883
1.0777682	0.77937615	5.1360512	8.5244761
1.0746497	0.78549725	5.1352105	8.5450459
1.0808868	0.78324211	5.1368923	8.5203619
1.0590571	0.79870594	5.1352105	8.5738449
1.0668534	0.79194051	5.1352105	8.5532742
1.0746497	0.78324211	5.1360512	8.54916
1.0840054	0.77647668	5.137733	8.5327044
1.0808868	0.76552314	5.1343694	8.5244761
1.0777682	0.76971126	5.1360512	8.5327044
1.0730904	0.75553614	5.1352105	8.5162477
1.0684127	0.75070369	5.1360512	8.5532742
1.0699719	0.753281	5.1360512	8.5409327
1.0668534	0.77003342	5.1352105	8.5779581
1.0668534	0.77325505	5.1368923	8.5409327
1.0715312	0.76262367	5.137733	8.5368185
1.0637349	0.76810044	5.1352105	8.5615025
1.0699719	0.78388643	5.1360512	8.5532742
1.0652941	0.79677296	5.1360512	8.54916
1.0730904	0.79355133	5.1368923	8.5532742
1.0715312	0.78195345	5.1360512	8.5285902
1.0746497	0.77325505	5.1368923	8.5162477
1.0699719	0.76069069	5.1352105	8.5327044
1.0730904	0.74877071	5.1352105	8.5738449
1.0606164	0.75746912	5.1352105	8.5573883
1.0668534	0.75972426	5.1352105	8.5327044
1.0762089	0.75714695	5.1352105	8.5285902
1.0793276	0.75102586	5.1368923	8.5285902
1.0621756	0.77486587	5.1343694	8.5532742
1.0699719	0.79000753	5.1352105	8.5532742
1.0762089	0.79677296	5.1360512	8.54916
1.0762089	0.77325505	5.1352105	8.5656166
1.0652941	0.77776533	5.1360512	8.5450459
1.0652941	0.7658453	5.1352105	8.5368185
1.0574979	0.7745437	5.1343694	8.54916
1.0652941	0.78259778	5.1352105	8.5656166
1.0606164	0.78195345	5.1352105	8.5532742
1.0762089	0.76101285	5.137733	8.5203619
1.0730904	0.77003342	5.1360512	8.5450459
1.0637349	0.77679884	5.1343694	8.5615025
1.0637349	0.7745437	5.1343694	8.5573883
1.0637349	0.77615452	5.1360512	8.54916
1.05282	0.78259778	5.1352105	8.5615025
1.05282	0.78581941	5.1352105	8.5697308
1.0590571	0.77969831	5.1352105	8.5368185
1.0543793	0.76069069	5.1360512	8.5327044
1.0668534	0.75972426	5.137733	8.5327044
1.0559386	0.75907993	5.1368923	8.54916
1.0684127	0.76874477	5.1352105	8.5327044
1.0777682	0.75875777	5.1360512	8.5203619
1.0652941	0.75424749	5.1352105	8.54916
1.0730904	0.76648962	5.137733	8.5327044
1.0699719	0.77132207	5.1360512	8.5285902
1.0637349	0.77357721	5.1343694	8.5368185
1.0574979	0.7806648	5.1352105	8.5615025
1.0715312	0.76262367	5.1352105	8.5450459
1.0606164	0.75424749	5.1335287	8.5162477
1.0668534	0.75199234	5.1368923	8.5121346
1.0746497	0.75521398	5.1360512	8.5368185
1.05282	0.753281	5.1343694	8.5409327
1.0590571	0.76938909	5.1343694	8.5861864
1.0730904	0.75553614	5.1352105	8.5162477
1.0590571	0.76777828	5.1368923	8.5573883
1.0668534	0.77422154	5.137733	8.5327044
1.05282	0.77389938	5.1368923	8.5450459
1.0621756	0.78614157	5.1352105	8.54916
1.05282	0.77325505	5.1360512	8.5244761
1.0590571	0.79161835	5.1360512	8.54916
1.0715312	0.79612863	5.1360512	8.5697308
1.0621756	0.78936321	5.1335287	8.5697308
1.0699719	0.76391232	5.1360512	8.5327044
1.0574979	0.77035558	5.1352105	8.5573883
1.0606164	0.77422154	5.1360512	8.5656166
1.0543793	0.7745437	5.1352105	8.54916
1.0730904	0.75005937	5.1360512	8.5244761
1.0715312	0.76423448	5.1360512	8.5121346
1.0590571	0.77293289	5.1352105	8.5656166
1.0543793	0.77744317	5.1360512	8.54916
1.0543793	0.76423448	5.1352105	8.5327044
1.05282	0.76165718	5.1368923	8.5450459
1.0637349	0.77551019	5.1352105	8.5656166
1.0559386	0.77325505	5.1352105	8.5327044
1.0621756	0.77551019	5.1368923	8.5450459
1.05282	0.76681179	5.1368923	8.5368185
1.0590571	0.78388643	5.1352105	8.5656166
1.0715312	0.76938909	5.1352105	8.5450459
1.05282	0.78227562	5.1360512	8.5656166
1.0637349	0.75650263	5.1368923	8.5162477
1.0512607	0.7497372	5.1360512	8.5656166
1.0543793	0.75360316	5.1343694	8.5532742
1.0543793	0.76616746	5.1335287	8.5656166
1.0574979	0.75843561	5.1368923	8.5368185
1.0497015	0.7719664	5.1352105	8.54916
1.0621756	0.77583236	5.1360512	8.5203619
1.0574979	0.75424749	5.1360512	8.5203619
1.0652941	0.76713395	5.1352105	8.5327044
1.0684127	0.76069069	5.1360512	8.5450459
1.0668534	0.75618047	5.1352105	8.5327044
1.0590571	0.76004636	5.1343694	8.5532742
1.0497015	0.77099991	5.1343694	8.5573883
1.0590571	0.78163129	5.1368923	8.5573883
1.05282	0.78291994	5.1352105	8.54916
1.0372273	0.79194051	5.1352105	8.5409327
1.0621756	0.7780875	5.1368923	8.5409327
1.0419052	0.78646374	5.1352105	8.5779581
1.05282	0.76971126	5.1360512	8.5409327
1.0512607	0.76165718	5.1352105	8.5409327
1.0637349	0.75070369	5.1360512	8.5327044
1.0543793	0.74941504	5.1360512	8.54916
1.0434644	0.76359016	5.1360512	8.5368185
1.0497015	0.76810044	5.1352105	8.5450459
1.0590571	0.76391232	5.1360512	8.5327044
1.0559386	0.7623015	5.1385736	8.54916
1.0403459	0.76423448	5.1360512	8.5573883
1.0465829	0.78227562	5.1343694	8.5615025
1.0559386	0.77325505	5.137733	8.54916
1.0543793	0.78356427	5.1368923	8.5409327
1.0450237	0.77389938	5.137733	8.5779581
1.0543793	0.77067775	5.1352105	8.5327044
1.0512607	0.76938909	5.1360512	8.5203619
1.0574979	0.76520097	5.1360512	8.5368185
1.0512607	0.75360316	5.1360512	8.5368185
1.0419052	0.75424749	5.1343694	8.54916
1.0450237	0.77035558	5.1360512	8.5573883
1.0481422	0.77615452	5.1360512	8.5532742
1.05282	0.77003342	5.1352105	8.5820723
1.0465829	0.77035558	5.1360512	8.5573883
1.0559386	0.78130913	5.1360512	8.5409327
1.0559386	0.77325505	5.137733	8.5615025
1.0543793	0.75295883	5.1352105	8.5285902
1.0450237	0.76487881	5.1352105	8.5656166
1.05282	0.77261072	5.1360512	8.5450459
1.0403459	0.78743023	5.1360512	8.5532742
1.05282	0.76938909	5.1352105	8.54916
1.0465829	0.78485292	5.1360512	8.54916
1.0574979	0.77744317	5.1352105	8.5450459
1.0387866	0.78775239	5.1360512	8.5532742
1.0497015	0.78904104	5.1360512	8.5820723
1.0512607	0.77744317	5.1352105	8.5409327
1.05282	0.77486587	5.1360512	8.5738449
1.05282	0.76616746	5.137733	8.5532742
1.0403459	0.76971126	5.1360512	8.5573883
1.0637349	0.75070369	5.1352105	8.5327044
1.0403459	0.7497372	5.1360512	8.54916
1.0465829	0.75199234	5.1360512	8.5368185
1.0543793	0.7623015	5.1352105	8.5615025
1.0543793	0.77647668	5.1360512	8.5615025
1.0387866	0.77228856	5.137733	8.5532742
1.0512607	0.75360316	5.1368923	8.5450459
1.0341088	0.79032969	5.1360512	8.6190987
1.0465829	0.78839672	5.1360512	8.54916
1.0574979	0.7806648	5.1368923	8.5327044
1.0543793	0.76004636	5.1360512	8.5285902
1.0450237	0.7658453	5.1360512	8.54916
1.0574979	0.76616746	5.1352105	8.5450459
1.0465829	0.76069069	5.137733	8.5450459
1.0403459	0.7558583	5.1368923	8.5450459
1.0590571	0.7594021	5.1352105	8.5615025
1.0497015	0.7623015	5.1352105	8.5697308
1.0574979	0.77325505	5.1352105	8.5615025
1.0434644	0.78034264	5.1343694	8.5532742
1.0450237	0.78807455	5.1352105	8.5656166
1.0559386	0.80096108	5.1352105	8.5656166
1.0341088	0.79483998	5.1352105	8.5779581
1.035668	0.80933726	5.1360512	8.5944147
1.0465829	0.79935026	5.1368923	8.5615025
1.0543793	0.78807455	5.1368923	8.5409327
1.0403459	0.78324211	5.1360512	8.5532742
1.0465829	0.78195345	5.1352105	8.54916
1.0372273	0.78163129	5.1343694	8.5656166
1.0465829	0.76874477	5.1352105	8.5450459
1.0465829	0.78807455	5.1352105	8.5738449
1.0450237	0.77357721	5.1360512	8.5368185
1.0465829	0.7623015	5.1385736	8.5368185
1.05282	0.75972426	5.1360512	8.5656166
1.0450237	0.74812639	5.1343694	8.5532742
1.0403459	0.75134802	5.1360512	8.5615025
1.0465829	0.75843561	5.1360512	8.54916
1.0497015	0.76810044	5.1368923	8.5903006
1.0372273	0.78259778	5.1352105	8.5738449
1.0465829	0.77325505	5.1352105	8.5615025
1.0512607	0.78839672	5.1368923	8.5573883
1.0465829	0.78388643	5.1360512	8.5656166
1.0403459	0.76487881	5.1343694	8.5368185
1.05282	0.76004636	5.1368923	8.5203619
1.0403459	0.76423448	5.1360512	8.54916
1.0434644	0.76874477	5.1360512	8.5656166
1.0309904	0.76520097	5.1343694	8.54916
1.0387866	0.76262367	5.1360512	8.5656166
1.0419052	0.77744317	5.1352105	8.5615025
1.0325496	0.78163129	5.1360512	8.5985289
1.0450237	0.76294583	5.1360512	8.5327044
1.05282	0.74458259	5.1385736	8.5368185
1.0512607	0.76423448	5.1360512	8.5615025
1.0341088	0.76777828	5.1360512	8.5615025
1.0247532	0.76938909	5.1360512	8.5573883
1.0325496	0.75392532	5.1352105	8.5532742
1.0465829	0.76294583	5.1368923	8.5532742
1.0278717	0.78195345	5.1368923	8.5861864
1.0434644	0.78936321	5.1360512	8.5738449
1.0309904	0.78710806	5.1352105	8.5532742
1.0372273	0.78743023	5.1352105	8.5615025
1.0325496	0.78968537	5.1352105	8.5615025
1.0403459	0.78453076	5.1360512	8.54916
1.035668	0.78517509	5.1360512	8.5656166
1.0512607	0.76487881	5.1352105	8.5368185
1.0341088	0.77132207	5.1360512	8.5738449
1.0403459	0.78002048	5.1343694	8.5656166
1.0309904	0.7719664	5.1352105	8.5656166
1.035668	0.77003342	5.1368923	8.5532742
1.0263125	0.76971126	5.1352105	8.5697308
1.0247532	0.79161835	5.1352105	8.5615025
1.0403459	0.76906693	5.1368923	8.54916
1.0169569	0.77679884	5.1352105	8.5779581
1.0434644	0.76133502	5.1360512	8.5450459
1.0372273	0.75424749	5.1352105	8.5573883
1.0387866	0.74393827	5.1360512	8.5203619
1.0325496	0.75714695	5.1368923	8.5450459
1.0434644	0.76326799	5.1360512	8.5532742
1.0372273	0.77228856	5.1368923	8.5779581
1.0294311	0.7658453	5.1368923	8.5573883
1.0403459	0.76906693	5.1360512	8.5820723
1.0325496	0.77937615	5.1352105	8.5738449
1.0341088	0.77776533	5.1368923	8.5532742
1.0419052	0.76197934	5.1360512	8.5532742
1.05282	0.75070369	5.1368923	8.5409327
1.0309904	0.75102586	5.1352105	8.5697308
1.0372273	0.74554908	5.1352105	8.5656166
1.0216347	0.74426043	5.1352105	8.5368185
1.035668	0.76391232	5.1352105	8.5656166
1.0341088	0.76004636	5.1360512	8.54916
1.035668	0.78163129	5.1368923	8.602643
1.0403459	0.78839672	5.137733	8.5573883
1.0372273	0.79516214	5.1368923	8.5738449
1.0419052	0.7842086	5.1360512	8.5409327
1.0294311	0.77873182	5.137733	8.5779581
1.0465829	0.78968537	5.1352105	8.5532742
1.0294311	0.7745437	5.1368923	8.5244761
1.0481422	0.75811344	5.137733	8.5409327
1.0263125	0.75779128	5.1368923	8.5820723
1.0263125	0.76423448	5.1360512	8.5615025
1.0216347	0.77647668	5.1360512	8.5738449
1.0465829	0.7594021	5.1368923	8.5450459
1.0294311	0.76423448	5.1360512	8.5820723
1.0372273	0.76552314	5.1352105	8.5327044
1.0341088	0.7684226	5.1360512	8.5532742
1.0450237	0.76874477	5.1360512	8.54916
1.0387866	0.76906693	5.1343694	8.5861864
1.0278717	0.78549725	5.1352105	8.5738449
1.0309904	0.77164423	5.1368923	8.5409327
1.0294311	0.77905399	5.137733	8.5615025
1.0419052	0.77679884	5.1360512	8.54916
1.0247532	0.77712101	5.1368923	8.5738449
1.0247532	0.79097402	5.1352105	8.5697308
1.0309904	0.77099991	5.1352105	8.5532742
1.0325496	0.77422154	5.1368923	8.54916
1.0341088	0.77067775	5.1360512	8.5779581
1.0294311	0.75779128	5.1360512	8.5615025
1.0419052	0.75392532	5.1360512	8.54916
1.0372273	0.75489181	5.137733	8.5738449
1.0216347	0.77132207	5.1360512	8.5615025
1.023194	0.75972426	5.1343694	8.5615025
1.0263125	0.7658453	5.1343694	8.54916
1.0341088	0.75618047	5.137733	8.5450459
1.035668	0.77099991	5.137733	8.5327044
1.0263125	0.7745437	5.1368923	8.5532742
1.0341088	0.76004636	5.137733	8.5409327
1.0387866	0.76616746	5.1352105	8.5532742
1.0278717	0.76648962	5.1352105	8.5615025
1.0465829	0.77647668	5.1360512	8.5615025
1.0309904	0.78614157	5.1352105	8.5656166
1.0309904	0.77647668	5.1385736	8.5532742
1.0216347	0.78324211	5.1352105	8.5820723
1.0294311	0.78453076	5.1360512	8.5656166
1.0294311	0.79065186	5.1360512	8.5738449
1.035668	0.77712101	5.137733	8.5409327
1.0216347	0.7745437	5.1343694	8.5903006
1.0341088	0.7719664	5.1343694	8.5532742
1.0309904	0.77776533	5.1360512	8.5738449
1.0278717	0.78195345	5.1343694	8.5573883
1.0278717	0.77969831	5.1360512	8.5738449
1.0372273	0.76359016	5.1352105	8.5285902
1.0434644	0.76004636	5.1368923	8.5285902
1.0216347	0.7780875	5.137733	8.5779581
1.0169569	0.79000753	5.1343694	8.6149845
1.035668	0.77261072	5.137733	8.5409327
1.0278717	0.77712101	5.1352105	8.5532742
1.0372273	0.77293289	5.1368923	8.5327044
1.0216347	0.78871888	5.1352105	8.5903006
1.0325496	0.75714695	5.1352105	8.5450459
1.0247532	0.74941504	5.1352105	8.54916
1.0247532	0.76165718	5.1360512	8.5573883
1.0247532	0.76487881	5.1360512	8.5779581
1.0076013	0.76359016	5.1360512	8.5532742
1.0185162	0.77228856	5.1352105	8.5656166
1.0278717	0.78646374	5.1360512	8.5573883
1.0216347	0.80514914	5.1360512	8.6232128
1.0309904	0.7745437	5.1352105	8.5327044
1.0263125	0.77228856	5.1360512	8.5573883
1.0450237	0.77679884	5.1368923	8.5573883
1.0278717	0.77357721	5.1352105	8.5532742
1.0372273	0.76036853	5.1352105	8.5532742
1.035668	0.75102586	5.1360512	8.5450459
1.0138384	0.77873182	5.1368923	8.5779581
1.0247532	0.78034264	5.1368923	8.5820723
1.0216347	0.77937615	5.1368923	8.5738449
1.0247532	0.77389938	5.1352105	8.5573883
1.0216347	0.78581941	5.1343694	8.5738449
1.0325496	0.78130913	5.1352105	8.5532742
1.0263125	0.78259778	5.1352105	8.5409327
1.0247532	0.76938909	5.1352105	8.5697308
1.0200754	0.76423448	5.1352105	8.5615025
1.0278717	0.76681179	5.1343694	8.5615025
1.0263125	0.77873182	5.1343694	8.5615025
1.0263125	0.76262367	5.1368923	8.5450459
1.023194	0.76359016	5.1352105	8.5450459
1.0153977	0.77712101	5.1352105	8.5656166
1.0309904	0.79258484	5.1352105	8.5327044
1.0153977	0.78936321	5.1360512	8.5450459
1.0216347	0.78710806	5.1352105	8.5656166
1.0216347	0.79129618	5.1352105	8.5779581
1.0185162	0.77905399	5.1352105	8.5738449
1.006042	0.7719664	5.1352105	8.5738449
1.0138384	0.75102586	5.1368923	8.5573883
1.0278717	0.76520097	5.1368923	8.5820723
1.0278717	0.753281	5.137733	8.54916
1.0309904	0.7594021	5.137733	8.5285902
1.0216347	0.76101285	5.1352105	8.5450459
1.0325496	0.77744317	5.1352105	8.5615025
1.0278717	0.77357721	5.1360512	8.5532742
1.0153977	0.77712101	5.1368923	8.5615025
1.0185162	0.7867859	5.1343694	8.5820723
1.0294311	0.77357721	5.1360512	8.5368185
1.0169569	0.79483998	5.1343694	8.6108704
1.0294311	0.7780875	5.1368923	8.5409327
1.0216347	0.76520097	5.1360512	8.5450459
1.0169569	0.77067775	5.1360512	8.54916
1.0169569	0.76745611	5.1352105	8.5615025
1.023194	0.77840966	5.1368923	8.5861864
1.0169569	0.77164423	5.1368923	8.5532742
1.0278717	0.77905399	5.1360512	8.5573883
1.0185162	0.78034264	5.1343694	8.5861864
1.0216347	0.77067775	5.1352105	8.5368185
1.0185162	0.76391232	5.1352105	8.5368185
1.0216347	0.74200529	5.1385736	8.5368185
1.0153977	0.75779128	5.1360512	8.5903006
1.0107198	0.76133502	5.1343694	8.5820723
1.0216347	0.7745437	5.1343694	8.5820723
1.0200754	0.78163129	5.137733	8.5697308
1.0185162	0.78130913	5.1360512	8.5903006
1.0185162	0.7867859	5.1360512	8.54916
1.0216347	0.77261072	5.1352105	8.5327044
1.0263125	0.78710806	5.137733	8.5573883
1.0185162	0.78485292	5.1360512	8.5697308
1.0247532	0.7780875	5.1352105	8.5450459
1.0247532	0.76487881	5.1360512	8.5409327
1.0216347	0.7558583	5.1360512	8.5779581
1.0076013	0.76552314	5.1352105	8.5903006
1.0029235	0.75134802	5.1343694	8.5697308
1.0294311	0.74812639	5.1360512	8.5450459
1.0216347	0.74909288	5.1352105	8.5738449
1.0341088	0.76487881	5.1368923	8.5697308
1.0263125	0.76165718	5.1343694	8.54916
1.0294311	0.76423448	5.1352105	8.54916
1.0091605	0.77712101	5.1352105	8.5779581
1.0263125	0.76326799	5.1352105	8.5656166
1.0278717	0.76777828	5.1360512	8.5573883
1.023194	0.78356427	5.1360512	8.5820723
1.0200754	0.77551019	5.1352105	8.5615025
1.0107198	0.7745437	5.1385736	8.5656166
1.0107198	0.77261072	5.1343694	8.5779581
1.0216347	0.77647668	5.1352105	8.5656166
1.0153977	0.76326799	5.137733	8.5409327
1.0185162	0.75456965	5.1368923	8.5615025
1.0263125	0.74200529	5.1360512	8.5327044
1.0294311	0.73975015	5.1385736	8.5327044
1.0200754	0.75392532	5.1343694	8.54916
1.012279	0.74683774	5.1352105	8.5573883
1.0153977	0.75424749	5.1352105	8.5615025
1.0169569	0.77422154	5.1352105	8.5779581
1.0200754	0.7780875	5.1352105	8.5779581
1.012279	0.79838377	5.1352105	8.5985289
1.0076013	0.79355133	5.1335287	8.5820723
1.0185162	0.78549725	5.1352105	8.5697308
1.0076013	0.77518803	5.1360512	8.5532742
1.0091605	0.78002048	5.1343694	8.5697308
1.0107198	0.77679884	5.1360512	8.6108704
1.0247532	0.77132207	5.137733	8.5450459
1.0153977	0.77357721	5.1360512	8.5738449
1.0185162	0.76810044	5.137733	8.5779581
1.0044829	0.76906693	5.1352105	8.5944147
1.0153977	0.77486587	5.1343694	8.5697308
1.0138384	0.76971126	5.1360512	8.5738449
1.0169569	0.76487881	5.1368923	8.5615025
1.0138384	0.74877071	5.1368923	8.5615025
1.0169569	0.74136096	5.1352105	8.54916
1.0029235	0.75618047	5.1360512	8.5532742
1.0107198	0.77228856	5.1360512	8.5820723
1.006042	0.77873182	5.1360512	8.5985289
1.0107198	0.78807455	5.1352105	8.5779581
1.0153977	0.78549725	5.1360512	8.5656166
1.0029235	0.79773945	5.1360512	8.5903006
1.0200754	0.79516214	5.1360512	8.5944147
1.0153977	0.78324211	5.1360512	8.5697308
1.0216347	0.77615452	5.1352105	8.5697308
1.0185162	0.77905399	5.137733	8.5656166
1.0138384	0.76681179	5.1352105	8.5738449
1.0107198	0.76197934	5.137733	8.5656166
1.0107198	0.73910582	5.1352105	8.5244761
1.006042	0.75360316	5.1368923	8.5861864
1.0138384	0.75907993	5.1352105	8.5573883
1.006042	0.75392532	5.1335287	8.5738449
1.0200754	0.75811344	5.137733	8.5573883
1.0185162	0.76359016	5.1368923	8.5615025
1.0029235	0.78743023	5.1352105	8.6190987
1.006042	0.78324211	5.1360512	8.5532742
1.0076013	0.77744317	5.1368923	8.5779581
1.0091605	0.77099991	5.1368923	8.54916
1.0029235	0.7867859	5.1360512	8.5985289
1.0029235	0.80063891	5.1352105	8.5985289
1.0091605	0.79451782	5.1352105	8.5903006
1.0091605	0.7806648	5.1352105	8.5615025
1.006042	0.77518803	5.1352105	8.5820723
1.012279	0.76648962	5.137733	8.5573883
1.0029235	0.76423448	5.1360512	8.5779581
0.99824572	0.76197934	5.1352105	8.5820723
1.012279	0.76423448	5.137733	8.5573883
1.0153977	0.77389938	5.137733	8.6108704
1.0029235	0.78775239	5.1352105	8.602643
1.0013642	0.78388643	5.1360512	8.5738449
1.0029235	0.78775239	5.1352105	8.5779581
1.0107198	0.78871888	5.1352105	8.5820723
1.0138384	0.77969831	5.1385736	8.54916
1.006042	0.79226267	5.1352105	8.5697308
1.012279	0.77067775	5.1385736	8.5450459
1.0169569	0.7658453	5.1368923	8.5656166
1.012279	0.76713395	5.1360512	8.5615025
1.0169569	0.78034264	5.1360512	8.5985289
1.0153977	0.77228856	5.1368923	8.5656166
1.0091605	0.76262367	5.1360512	8.5615025
0.9951272	0.76616746	5.1360512	8.5738449
1.0107198	0.77937615	5.1368923	8.5656166
1.0185162	0.77357721	5.1360512	8.5615025
1.012279	0.7684226	5.1352105	8.5861864
1.0185162	0.75746912	5.1368923	8.5450459
1.0091605	0.76777828	5.1343694	8.5779581
0.99668646	0.77293289	5.1360512	8.5985289
1.0091605	0.77164423	5.137733	8.5820723
1.0076013	0.78936321	5.1360512	8.5861864
1.023194	0.78227562	5.1385736	8.5656166
1.0013642	0.78839672	5.1352105	8.5738449
1.0138384	0.78195345	5.1360512	8.5944147
0.99668646	0.77389938	5.1352105	8.54916
1.0013642	0.76036853	5.1352105	8.54916
1.0169569	0.7497372	5.1360512	8.5697308
1.0029235	0.77486587	5.1352105	8.6232128
1.0153977	0.77389938	5.1368923	8.5738449
1.012279	0.77744317	5.1360512	8.5820723
1.0107198	0.77551019	5.1343694	8.5820723
0.99824572	0.77969831	5.1360512	8.5861864
1.0013642	0.78098696	5.1360512	8.5656166
1.006042	0.77583236	5.1360512	8.5738449
1.0076013	0.75811344	5.1352105	8.5450459
1.0076013	0.78130913	5.1352105	8.6067562
1.0091605	0.78517509	5.1368923	8.5697308
0.99668646	0.78485292	5.1352105	8.5779581
1.0200754	0.76648962	5.1352105	8.5738449
1.006042	0.75972426	5.1352105	8.5573883
1.0044829	0.77905399	5.1360512	8.5738449
1.0091605	0.77969831	5.137733	8.5820723
0.99824572	0.77776533	5.1343694	8.5779581
1.0076013	0.77389938	5.1368923	8.5820723
0.99668646	0.77551019	5.1352105	8.5985289
1.0091605	0.78517509	5.137733	8.5697308
1.012279	0.78163129	5.1352105	8.5532742
0.99824572	0.79065186	5.1343694	8.602643
0.99668646	0.77937615	5.1352105	8.5944147
1.0076013	0.77551019	5.1343694	8.5532742
1.0076013	0.7780875	5.1360512	8.5656166
1.0076013	0.76552314	5.1360512	8.5450459
1.0029235	0.76262367	5.1352105	8.5573883
1.0013642	0.77647668	5.1343694	8.5985289
0.99668646	0.79355133	5.1343694	8.5985289
1.0076013	0.79516214	5.1360512	8.5615025
1.0013642	0.79097402	5.1360512	8.5944147
0.99200863	0.78614157	5.1360512	8.5820723
1.0107198	0.79870594	5.1352105	8.5820723
0.98733085	0.79870594	5.1360512	8.5944147
1.0044829	0.76906693	5.1352105	8.54916
1.0013642	0.77099991	5.1360512	8.5656166
1.0076013	0.76423448	5.1360512	8.5615025
1.0044829	0.76326799	5.137733	8.5532742
0.99824572	0.76971126	5.1368923	8.6108704
1.0107198	0.76455665	5.1385736	8.5779581
1.0013642	0.76101285	5.1360512	8.5656166
0.99824572	0.78517509	5.1360512	8.5985289
0.98889011	0.78291994	5.1368923	8.5861864
1.0076013	0.78195345	5.137733	8.5573883
1.0029235	0.78517509	5.137733	8.5738449
1.0107198	0.77873182	5.1352105	8.5532742
1.012279	0.76777828	5.1368923	8.5820723
1.012279	0.77261072	5.1352105	8.5573883
0.9951272	0.76971126	5.1343694	8.5820723
0.98889011	0.77099991	5.137733	8.5779581
0.99980497	0.77132207	5.1360512	8.5738449
1.0029235	0.77293289	5.1360512	8.5615025
0.99668646	0.78775239	5.1360512	8.5903006
0.99824572	0.77293289	5.1352105	8.5532742
1.0013642	0.76069069	5.1360512	8.5820723
1.012279	0.74200529	5.1360512	8.5450459
0.99824572	0.75553614	5.1360512	8.5861864
0.99200863	0.75875777	5.1352105	8.5820723
0.99980497	0.76971126	5.1360512	8.6108704
1.0029235	0.7719664	5.1360512	8.5738449
0.9951272	0.79065186	5.1343694	8.5985289
1.0013642	0.79645079	5.1352105	8.5738449
0.99980497	0.7867859	5.1360512	8.5615025
1.0076013	0.78549725	5.1352105	8.5820723
0.99980497	0.7780875	5.1360512	8.5738449
1.0013642	0.77712101	5.1352105	8.5738449
1.0013642	0.77261072	5.1360512	8.5820723
1.006042	0.75714695	5.1360512	8.5532742
1.0044829	0.75714695	5.1385736	8.5656166
1.0044829	0.75134802	5.1360512	8.5532742
0.98889011	0.76165718	5.137733	8.5615025
0.98733085	0.77712101	5.1360512	8.5820723
0.99356794	0.77937615	5.1360512	8.5985289
0.99356794	0.77261072	5.1360512	8.5903006
0.99044937	0.7684226	5.1343694	8.5697308
1.0076013	0.78098696	5.1368923	8.5573883
1.0029235	0.7867859	5.1360512	8.5861864
1.0138384	0.78227562	5.1360512	8.5532742
0.99668646	0.79097402	5.1352105	8.6190987
0.99668646	0.79580647	5.1343694	8.5532742
1.006042	0.80224973	5.1343694	8.5532742
1.0044829	0.77969831	5.1360512	8.5656166
0.99200863	0.78936321	5.1360512	8.5861864
1.0138384	0.76874477	5.1360512	8.5656166
1.0091605	0.78034264	5.1368923	8.5738449
0.99200863	0.78904104	5.137733	8.5944147
1.0013642	0.78130913	5.1343694	8.5697308
0.98733085	0.79065186	5.1343694	8.602643
0.99668646	0.77003342	5.1343694	8.5532742
0.98733085	0.79322916	5.1352105	8.5944147
0.99044937	0.77647668	5.1360512	8.5861864
1.0013642	0.76391232	5.1343694	8.5573883
0.99200863	0.75875777	5.1343694	8.5697308
0.9951272	0.77293289	5.137733	8.5985289
0.99044937	0.76777828	5.1343694	8.5573883
1.0076013	0.76874477	5.137733	8.5944147
0.99356794	0.76487881	5.1352105	8.5656166
0.99824572	0.76036853	5.1360512	8.5656166
0.9857716	0.77776533	5.1360512	8.5779581
0.9857716	0.78356427	5.1352105	8.6149845
0.99980497	0.78098696	5.1352105	8.5820723
0.99668646	0.76745611	5.1352105	8.54916
0.98421228	0.76648962	5.1343694	8.5820723
1.0044829	0.75650263	5.1352105	8.5985289
0.98421228	0.75618047	5.1360512	8.5861864
0.99824572	0.76359016	5.1343694	8.5697308
0.99044937	0.76359016	5.1352105	8.5573883
1.0013642	0.76423448	5.137733	8.5450459
0.99044937	0.76874477	5.1368923	8.5615025
0.99824572	0.78098696	5.1368923	8.5903006
0.97641593	0.79065186	5.1352105	8.5861864
0.98265302	0.79773945	5.137733	8.6190987
0.98889011	0.79000753	5.1360512	8.5697308
0.98889011	0.78517509	5.1360512	8.5738449
0.99668646	0.77067775	5.1360512	8.5656166
0.98265302	0.78130913	5.1368923	8.5779581
0.99044937	0.77937615	5.1352105	8.5779581
0.99200863	0.78581941	5.137733	8.5985289
1.0044829	0.76133502	5.1352105	8.5532742
1.0013642	0.76971126	5.1368923	8.5903006
0.99824572	0.77293289	5.1343694	8.5779581
0.99044937	0.77422154	5.1360512	8.5779581
0.99824572	0.76391232	5.1360512	8.5368185
0.99200863	0.76906693	5.1343694	8.5615025
0.99824572	0.78388643	5.1360512	8.5532742
0.98733085	0.76197934	5.1335287	8.5573883
0.9857716	0.76004636	5.1360512	8.5985289
0.99668646	0.75231451	5.1360512	8.5738449
0.99356794	0.7719664	5.1360512	8.5820723
0.99824572	0.76681179	5.1360512	8.5697308
0.9951272	0.77969831	5.137733	8.5615025
0.98265302	0.78904104	5.1360512	8.5738449
0.99356794	0.78517509	5.1360512	8.5532742
0.99668646	0.76101285	5.1360512	8.5573883
0.99824572	0.77261072	5.1360512	8.5697308
1.006042	0.75811344	5.1352105	8.5820723
0.99668646	0.75392532	5.1368923	8.5532742
0.98421228	0.74748206	5.1343694	8.5903006
0.99824572	0.75005937	5.1360512	8.5861864
0.99044937	0.74458259	5.1368923	8.5409327
0.99824572	0.76101285	5.1385736	8.5779581
0.99824572	0.76262367	5.1352105	8.5697308
0.99824572	0.76262367	5.137733	8.54916
1.0107198	0.77776533	5.1343694	8.5656166
0.99356794	0.78549725	5.1360512	8.5944147
0.99668646	0.79645079	5.1360512	8.5861864
0.99668646	0.78388643	5.1343694	8.5738449
0.9857716	0.77389938	5.1352105	8.5532742
0.9857716	0.77228856	5.1352105	8.6067562
0.9951272	0.7780875	5.1343694	8.5615025
0.99044937	0.77325505	5.1343694	8.5615025
0.98889011	0.76326799	5.1368923	8.5450459
0.98109376	0.77486587	5.1343694	8.5985289
0.98733085	0.77486587	5.1360512	8.5656166
0.99668646	0.77551019	5.1352105	8.5820723
0.99980497	0.77067775	5.1360512	8.5615025
0.9857716	0.76616746	5.1360512	8.5697308
0.97641593	0.75038153	5.1352105	8.5656166
0.98889011	0.75360316	5.1352105	8.5615025
0.98265302	0.75263667	5.1360512	8.5738449
0.98889011	0.77228856	5.1360512	8.6067562
0.99668646	0.76713395	5.1385736	8.5368185
0.99668646	0.77003342	5.137733	8.5820723
0.9951272	0.76681179	5.1385736	8.5532742
0.97797525	0.78710806	5.1343694	8.6067562
0.98889011	0.78904104	5.1343694	8.5697308
0.97953451	0.78324211	5.1343694	8.5779581
1.0029235	0.77551019	5.1360512	8.54916
0.99044937	0.77035558	5.1368923	8.6108704
0.98421228	0.78195345	5.1352105	8.5944147
0.98889011	0.77099991	5.1360512	8.5779581
0.99356794	0.76874477	5.1352105	8.5656166
