Fout	Lin	Lout	sono
1.1385796	0.31997243	0.024554841	8.2982054
1.1572908	0.48781905	-0.035145033	8.2858639
1.1105129	0.59187752	0.020350626	8.3064337
1.1292239	0.65115541	0.044735081	8.2982054
1.1448166	0.67338467	-0.0057155164	8.289978
1.1385796	0.69368088	-0.027577441	8.3105478
1.1323426	0.71945393	-0.028418286	8.3187761
1.1276647	0.73072958	-0.010760576	8.3228903
1.1307833	0.73749501	0.010260507	8.3228903
1.1292239	0.74297178	0.012783037	8.2940912
1.1198685	0.74780422	0.0043746028	8.3187761
1.1339018	0.75134802	0.013623879	8.3105478
1.1401389	0.75070369	-0.0099197328	8.3064337
1.1261054	0.75456965	0.0010112298	8.3434601
1.1198685	0.75038153	0.020350626	8.3352318
1.1307833	0.75231451	-0.00067045673	8.314662
1.1323426	0.74393827	-0.0023521434	8.3064337
1.1323426	0.74393827	0.0001703865	8.3064337
1.1432574	0.74168313	-0.014123949	8.3187761
1.1120721	0.74007231	0.0094196629	8.289978
1.1432574	0.74619341	-0.0073972028	8.2817497
1.1370203	0.74393827	0.0052154465	8.289978
1.1292239	0.7349177	0.0085788192	8.2735214
1.1416981	0.73330688	-0.0057155164	8.2982054
1.1307833	0.75070369	0.10443496	8.3270035
1.1448166	0.76326799	0.012783037	8.3105478
1.1416981	0.75811344	-0.00067045673	8.3187761
1.1354611	0.76197934	0.027077371	8.2940912
1.1261054	0.74039447	-0.0090788892	7.8250937
1.1448166	0.62763757	0.010260507	4.9781952
1.1292239	0.61056292	-0.010760576	6.1260056
1.1276647	0.6369803	0.0068971328	7.5329981
1.1307833	0.6704852	0.0035337596	8.158329
1.1229869	0.70495659	0.0060562897	8.3475742
1.1479353	0.7226755	0.0085788192	8.3599157
1.1354611	0.73427337	-0.0023521434	8.314662
1.1245462	0.74200529	0.011942193	8.3352318
1.1214277	0.75521398	0.0060562897	8.3475742
1.1307833	0.74522692	-0.0040338296	8.2858639
1.1479353	0.74619341	-0.017487323	8.2817497
1.1214277	0.75134802	-0.025895756	8.3105478
1.146376	0.74877071	-0.0040338296	8.2776356
1.1229869	0.76101285	-0.0023521434	8.3352318
1.1245462	0.76713395	-0.020009853	8.3393459
1.1339018	0.75746912	-0.013283106	8.2817497
1.1307833	0.76133502	0.014464723	8.3023195
1.1183091	0.77099991	-0.010760576	8.3475742
1.1401389	0.75618047	0.0035337596	8.289978
1.1385796	0.75005937	-0.0082380464	8.3228903
1.1292239	0.74780422	-0.012442263	8.3311176
1.1370203	0.74136096	0.04221255	8.3270035
1.1307833	0.74522692	-0.012442263	8.2940912
1.146376	0.74297178	-0.01916901	8.289978
1.1339018	0.7410388	0.0010112298	8.2817497
1.1229869	0.75392532	-0.00067045673	8.3352318
1.1198685	0.74426043	0.16329399	8.3023195
1.1401389	0.74490476	0.010260507	8.3064337
1.1448166	0.75295883	-0.029259128	8.3064337
1.1198685	0.74941504	-0.013283106	8.3311176
1.1354611	0.74458259	0.0026929164	8.2940912
1.1448166	0.74780422	0.0094196629	8.2982054
1.1370203	0.7471599	0.020350626	8.2982054
1.1385796	0.75231451	-0.010760576	8.3187761
1.1276647	0.73685068	0.14647713	8.2694073
1.1229869	0.74651557	0.0035337596	8.3105478
1.1370203	0.73846149	-0.00067045673	8.2982054
1.146376	0.73459554	0.01614641	8.2982054
1.1214277	0.73201823	0.011942193	8.3187761
1.1151906	0.73556203	0.035485804	8.3228903
1.1401389	0.73717284	-0.0031929866	8.289978
1.146376	0.73942798	-0.017487323	8.3023195
1.1339018	0.74877071	0.0085788192	8.3105478
1.1370203	0.75746912	-0.0090788892	8.3105478
1.1229869	0.7558583	0.0018520731	8.289978
1.1276647	0.74941504	0.0052154465	8.2982054
1.1292239	0.75489181	-0.031781659	8.3023195
1.1339018	0.75618047	-0.076346353	8.2940912
1.1307833	0.75907993	-0.017487323	8.3187761
1.1261054	0.75456965	0.007737976	8.2982054
1.1448166	0.75102586	-0.17220248	8.2982054
1.1339018	0.7558583	0.0010112298	8.3228903
1.1292239	0.75199234	0.038849179	8.3105478
1.1416981	0.7497372	-0.018328166	8.3064337
1.1261054	0.74909288	0.011942193	8.3064337
1.1323426	0.75746912	-0.0048746732	8.3105478
1.1339018	0.74200529	-0.01160142	8.2940912
1.1354611	0.74458259	-0.027577441	8.314662
1.1198685	0.7349177	-0.0023521434	8.3023195
1.1401389	0.7471599	-0.01160142	8.314662
1.1432574	0.75134802	0.0085788192	8.3228903
1.1401389	0.75038153	0.0026929164	8.3023195
1.1339018	0.75714695	-0.0031929866	8.3023195
1.1354611	0.75360316	-0.020009853	8.289978
1.1292239	0.74619341	0.01614641	8.2982054
1.1448166	0.75424749	0.071642064	8.3023195
1.1339018	0.76262367	-0.014964793	8.3228903
1.1276647	0.75005937	0.0018520731	8.289978
1.1214277	0.75392532	0.0060562897	8.2982054
1.146376	0.74297178	0.012783037	8.2735214
1.1261054	0.73395121	0.007737976	8.289978
1.1354611	0.74329394	-0.0073972028	8.3228903
1.146376	0.74780422	-0.024214068	8.2982054
1.1307833	0.74877071	0.0010112298	8.2982054
1.1307833	0.75199234	0.0094196629	8.3270035
1.146376	0.73813933	0.0060562897	8.2858639
1.1339018	0.75392532	-0.021691538	8.3228903
1.1214277	0.76069069	0.019509783	8.3311176
1.1214277	0.75779128	0.01614641	8.3105478
1.1479353	0.75682479	-0.00067045673	8.2940912
1.1307833	0.75779128	0.0035337596	8.3023195
1.1307833	0.76520097	-0.014964793	8.3064337
1.1229869	0.76294583	-0.01160142	8.3475742
1.1479353	0.75231451	-0.0082380464	8.289978
1.1354611	0.76262367	0.0068971328	8.3228903
1.1526129	0.75102586	-0.029259128	8.2940912
1.1339018	0.75553614	0.03128159	8.3064337
1.1401389	0.75005937	0.0010112298	8.2982054
1.1183091	0.75714695	-0.00067045673	8.3393459
1.1307833	0.74426043	0.0010112298	8.2982054
1.1354611	0.76133502	-0.0099197328	8.3516884
1.1307833	0.7594021	-0.18986018	8.289978
1.1385796	0.76165718	0.0026929164	8.2940912
1.1494945	0.76552314	-0.026736598	8.3105478
1.1385796	0.76004636	0.0094196629	8.3064337
1.1339018	0.75392532	-0.0031929866	8.3023195
1.1276647	0.75424749	-0.031781659	8.314662
1.146376	0.75843561	-0.01916901	8.2982054
1.146376	0.75972426	-0.025895756	8.3187761
1.1307833	0.74909288	0.0043746028	8.2858639
1.1385796	0.75843561	-0.01664648	8.3023195
1.1323426	0.75553614	-0.012442263	8.3475742
1.146376	0.75424749	-0.01916901	8.3434601
1.1401389	0.75746912	-0.00067045673	8.3270035
1.1292239	0.74071664	0.10527579	8.2940912
1.1370203	0.72815228	-0.026736598	7.858006
1.1292239	0.62344944	-0.0090788892	5.011107
1.1339018	0.60411972	-0.01916901	6.1054354
1.1198685	0.63150352	0.010260507	7.516542
1.1323426	0.67628413	0.013623879	8.1624432
1.1354611	0.70366794	0.0085788192	8.3352318
1.1370203	0.72396415	-0.00067045673	8.3270035
1.1401389	0.73717284	0.01110135	8.3105478
1.1354611	0.73975015	-0.0090788892	8.3064337
1.1370203	0.753281	0.0010112298	8.3434601
1.1276647	0.75199234	-0.0048746732	8.314662
1.1307833	0.7471599	-0.024214068	8.2982054
1.1526129	0.76101285	0.013623879	8.3105478
1.1385796	0.75553614	-0.0031929866	8.3434601
1.1385796	0.75005937	0.016987253	8.3311176
1.1339018	0.74748206	-0.014964793	8.3187761
1.1136314	0.75618047	-0.0073972028	8.3228903
1.1401389	0.76133502	-0.00067045673	8.314662
1.1526129	0.75746912	-0.01916901	8.2982054
1.146376	0.75263667	-0.030099971	8.2982054
1.1151906	0.73781717	0.017828096	7.8868041
1.1370203	0.63375866	0.020350626	5.0563612
1.1416981	0.61024076	0.0018520731	6.1095495
1.1214277	0.65308839	-0.020009853	7.5494542
1.1214277	0.70012414	0.022032311	8.1953554
1.1370203	0.72976309	0.016987253	8.3228903
1.1385796	0.74329394	0.0068971328	8.3105478
1.1261054	0.76359016	-0.035145033	8.3516884
1.1245462	0.76101285	0.01110135	8.314662
1.1276647	0.75714695	0.048939295	8.314662
1.1307833	0.74458259	0.11452508	8.2858639
1.1323426	0.74844855	-0.00067045673	8.3187761
1.1261054	0.75875777	0.012783037	8.3023195
1.1416981	0.76133502	-0.014964793	8.314662
1.1261054	0.76971126	0.007737976	8.3393459
1.1214277	0.76133502	-0.012442263	8.3187761
1.1323426	0.75005937	0.015305566	8.3064337
1.1292239	0.74844855	0.0060562897	8.3023195
1.1183091	0.75102586	0.045575924	8.3228903
1.1432574	0.75038153	-0.020850696	8.2776356
1.1276647	0.76165718	-0.012442263	8.2982054
1.1292239	0.76036853	-0.00067045673	8.3311176
1.1307833	0.76552314	0.0068971328	8.3187761
1.1323426	0.75199234	0.0060562897	8.289978
1.1261054	0.75553614	0.011942193	8.2940912
1.1292239	0.76294583	-0.014123949	8.3064337
1.146376	0.75134802	-0.024214068	8.3187761
1.146376	0.74877071	-0.0031929866	8.314662
1.1385796	0.74844855	-0.00067045673	8.3187761
1.1307833	0.73878366	0.0085788192	8.3064337
1.1307833	0.74200529	-0.020009853	8.3187761
1.1479353	0.73588419	-0.0015113001	8.2694073
1.1245462	0.73717284	-0.0031929866	8.3064337
1.1261054	0.74039447	-0.0031929866	8.3064337
1.1448166	0.74587125	-0.012442263	8.3187761
1.1198685	0.75102586	0.0010112298	8.3105478
1.1416981	0.75231451	0.037167493	8.2940912
1.1432574	0.76262367	0.0068971328	8.314662
1.1214277	0.76036853	0.01110135	8.3475742
1.1370203	0.76616746	-0.012442263	8.3228903
1.1167499	0.76874477	-0.00067045673	8.2982054
1.1510537	0.75746912	-0.017487323	8.2694073
1.1339018	0.76326799	-0.032622501	8.314662
1.1307833	0.75231451	-0.0031929866	8.2652931
1.1307833	0.75392532	0.0026929164	8.2817497
1.1307833	0.76648962	-0.021691538	8.3352318
1.1370203	0.75456965	-0.021691538	8.3311176
1.1323426	0.74587125	-0.0015113001	8.3023195
1.1276647	0.75553614	-0.020009853	8.3311176
1.1370203	0.74683774	-0.00067045673	8.2982054
1.1572908	0.75070369	-0.028418286	8.289978
1.1416981	0.74748206	-0.0099197328	8.3187761
1.1245462	0.76101285	0.018668938	8.3434601
1.1323426	0.75875777	0.017828096	8.3023195
1.1401389	0.74619341	0.046416767	8.289978
1.1183091	0.75360316	0.0035337596	8.3023195
1.1432574	0.76165718	-0.031781659	8.2982054
1.1292239	0.76004636	0.04725761	8.3023195
1.146376	0.75811344	-0.031781659	8.3228903
1.146376	0.75360316	0.007737976	8.314662
1.1354611	0.75521398	-0.0057155164	8.314662
1.1385796	0.75102586	-0.0023521434	8.3023195
1.1214277	0.74200529	0.041371711	8.3352318
1.1370203	0.73942798	0.012783037	8.2940912
1.1339018	0.75456965	-0.01160142	8.3228903
1.1198685	0.75231451	0.01614641	8.2982054
1.1370203	0.753281	-0.025895756	8.3187761
1.1307833	0.74780422	0.032122433	8.3228903
1.1089536	0.75038153	0.018668938	8.314662
1.1229869	0.76004636	-0.00067045673	8.3311176
1.1339018	0.76359016	-0.0057155164	8.3352318
1.1292239	0.75811344	-0.0057155164	8.2982054
1.1292239	0.75231451	0.01110135	8.3105478
1.1323426	0.75134802	0.0035337596	8.3023195
1.1292239	0.75972426	0.014464723	8.3187761
1.1401389	0.75295883	-0.025054913	8.2694073
1.1370203	0.75295883	-0.014123949	8.2982054
1.1510537	0.74941504	-0.0082380464	8.2982054
1.1416981	0.75134802	-0.021691538	8.3352318
1.1323426	0.74490476	0.020350626	8.289978
1.1354611	0.75746912	-0.00067045673	8.3311176
1.1214277	0.74426043	-0.012442263	8.2694073
1.146376	0.7436161	-0.018328166	8.2858639
1.1229869	0.74329394	0.061551947	8.2858639
1.1323426	0.74007231	-0.030099971	8.314662
1.1167499	0.75231451	0.025395684	8.3393459
1.1526129	0.75392532	-0.021691538	8.3311176
1.1448166	0.75489181	-0.00067045673	8.3393459
1.1214277	0.76391232	0.0085788192	8.314662
1.1339018	0.76359016	-0.033463344	8.3187761
1.1261054	0.74554908	0.026236527	7.8991461
1.1479353	0.63794678	0.0026929164	5.0193353
1.1245462	0.60798568	0.0026929164	6.0889792
1.1214277	0.64342356	0.022032311	7.5247703
1.1448166	0.67435116	-0.027577441	8.1336451
1.1229869	0.70044631	-0.01916901	8.3228903
1.1416981	0.71913177	-0.021691538	8.3311176
1.1229869	0.73846149	-0.0090788892	8.3352318
1.1229869	0.73846149	0.15068135	8.3187761
1.1276647	0.73813933	0.025395684	8.3023195
1.1323426	0.7349177	0.007737976	8.2776356
1.1229869	0.73685068	0.020350626	8.3187761
1.1214277	0.73781717	-0.0048746732	8.3228903
1.1448166	0.75199234	-0.015805636	8.3352318
1.1292239	0.76294583	-0.0099197328	8.3558016
1.1401389	0.75553614	-0.0040338296	8.3228903
1.1261054	0.74168313	0.019509783	7.8909183
1.1292239	0.63408083	0.011942193	5.0440192
1.1339018	0.61926132	0.013623879	6.0972071
1.1183091	0.66017598	-0.0031929866	7.5453401
1.1245462	0.68176085	0.035485804	8.158329
1.1183091	0.70302361	-0.014964793	8.3228903
1.1448166	0.72364199	-0.020850696	8.3352318
1.1073943	0.74329394	-0.0099197328	8.3475742
1.1323426	0.73813933	-0.014964793	8.2982054
1.1339018	0.74522692	-0.013283106	8.3228903
1.1229869	0.73330688	0.0018520731	8.2982054
1.1261054	0.73266256	0.01614641	8.2817497
1.1292239	0.73846149	0.021191468	8.3105478
1.1167499	0.74909288	-0.010760576	8.3270035
1.1354611	0.75038153	-0.27058113	8.3105478
1.1526129	0.75746912	-0.0065563596	8.3064337
1.1339018	0.75779128	0.007737976	8.2940912
1.1276647	0.76165718	0.029599901	8.3187761
1.1401389	0.7594021	0.0094196629	8.2817497
1.1292239	0.75038153	-0.0090788892	8.3023195
1.1307833	0.74683774	-0.0023521434	8.2982054
1.1323426	0.75070369	-0.0040338296	8.3105478
1.1370203	0.7471599	0.04221255	8.3023195
1.1416981	0.74071664	0.0068971328	8.3023195
1.1292239	0.74071664	-0.01916901	8.3311176
1.1354611	0.74393827	-0.0048746732	8.3311176
1.1323426	0.74329394	-0.0015113001	8.3064337
1.1276647	0.74909288	0.016987253	8.314662
1.1229869	0.74844855	-0.010760576	8.2940912
1.1136314	0.74941504	0.039690021	8.3187761
1.146376	0.75682479	0.01110135	8.3105478
1.1339018	0.75134802	-0.028418286	8.3105478
1.1214277	0.75295883	0.0035337596	8.2940912
1.1245462	0.75746912	-0.020850696	8.3228903
1.1323426	0.76069069	0.0010112298	8.3023195
1.1339018	0.76423448	0.10275327	8.3105478
1.1323426	0.76391232	0.017828096	8.314662
1.1151906	0.76520097	-0.0040338296	8.3599157
1.1261054	0.75424749	0.01110135	8.3023195
1.146376	0.75134802	0.013623879	8.3023195
1.1183091	0.75102586	0.0001703865	8.3270035
1.1307833	0.75360316	-0.0082380464	8.3187761
1.1510537	0.74297178	-0.013283106	8.2776356
1.1339018	0.74200529	-0.00067045673	8.3023195
1.1151906	0.74877071	0.035485804	8.3187761
1.1339018	0.75618047	0.0018520731	8.3558016
1.1245462	0.76326799	0.024554841	8.3434601
1.1323426	0.753281	-0.010760576	8.3023195
1.1385796	0.7558583	0.0085788192	8.3064337
1.1261054	0.74941504	-0.012442263	8.3228903
1.1151906	0.75843561	-0.0031929866	8.3187761
1.1307833	0.75070369	-0.17977007	8.2858639
1.1307833	0.75102586	0.0060562897	8.3228903
1.1323426	0.76552314	-0.01916901	8.3640299
1.1229869	0.7623015	-0.01916901	8.3311176
1.1261054	0.7497372	0.018668938	8.3023195
1.1385796	0.74554908	-0.0073972028	8.3023195
1.1401389	0.75618047	-0.0099197328	8.3187761
1.1292239	0.7471599	-0.00067045673	8.2982054
1.1292239	0.75746912	0.014464723	8.314662
1.1167499	0.74329394	0.016987253	8.3064337
1.1416981	0.74941504	-0.015805636	8.3352318
1.1214277	0.75295883	-0.030099971	8.3270035
1.1354611	0.75360316	-0.0015113001	8.3187761
1.1198685	0.7558583	0.01614641	8.3187761
1.1292239	0.76036853	-0.012442263	8.3352318
1.1292239	0.75746912	0.0085788192	8.3064337
1.1385796	0.75618047	0.0026929164	8.2858639
1.1354611	0.76262367	-0.01916901	8.3228903
1.1401389	0.75650263	0.094344832	8.2982054
1.1323426	0.75521398	0.0043746028	8.314662
1.1229869	0.74426043	-0.0040338296	8.314662
1.1385796	0.74812639	-0.015805636	8.314662
1.1323426	0.75682479	0.0026929164	8.3352318
1.1401389	0.74587125	0.0094196629	8.289978
1.1385796	0.74812639	-0.0065563596	8.2940912
1.1401389	0.74812639	-0.022532383	8.2940912
1.1432574	0.74877071	0.037167493	8.3105478
1.1120721	0.75714695	0.0026929164	8.3311176
1.1370203	0.75295883	-0.027577441	8.3105478
1.1245462	0.76197934	0.007737976	8.3434601
1.1245462	0.76938909	-0.0031929866	8.3187761
1.1385796	0.76391232	-0.030099971	8.2982054
1.1214277	0.75811344	0.0043746028	8.2940912
1.1292239	0.75521398	-0.0057155164	8.2776356
1.1370203	0.75779128	0.0010112298	8.2982054
1.1292239	0.76359016	0.014464723	8.3105478
1.1494945	0.75199234	-0.037667561	8.2982054
1.1307833	0.74844855	0.0026929164	8.2982054
1.1198685	0.76133502	-0.038508404	8.3599157
1.1183091	0.74522692	0.043053396	7.9402866
1.1339018	0.6369803	-0.01160142	5.0316772
1.1261054	0.62602675	0.0035337596	6.1095495
1.1323426	0.65920949	0.010260507	7.5329981
1.1151906	0.69400305	0.01614641	8.1871271
1.1292239	0.71526581	-0.018328166	8.3270035
1.1323426	0.72783011	-0.0065563596	8.3516884
1.1370203	0.73040742	-0.00067045673	8.3023195
1.1136314	0.74297178	0.039690021	8.3064337
1.1354611	0.73910582	-0.0057155164	8.2652931
1.1214277	0.7471599	0.0068971328	8.2776356
1.1245462	0.75231451	-0.01664648	8.2940912
1.1339018	0.76326799	-0.023373226	8.3228903
1.1432574	0.75843561	0.010260507	8.2858639
1.1401389	0.76036853	-0.030940816	8.3187761
1.1370203	0.76713395	0.0085788192	8.3516884
1.1198685	0.7594021	0.037167493	8.3475742
1.1401389	0.74909288	0.0018520731	8.289978
1.1276647	0.7471599	0.0060562897	8.3064337
1.1323426	0.7658453	-0.010760576	8.3475742
1.1245462	0.7623015	0.01614641	8.3599157
1.1292239	0.75650263	0.012783037	8.314662
1.1385796	0.76069069	-0.025895756	8.3228903
1.1370203	0.75746912	-0.018328166	8.2858639
1.1432574	0.75618047	0.07752797	8.3311176
1.1448166	0.75295883	-0.031781659	8.3064337
1.1245462	0.75746912	0.0035337596	8.3352318
1.1261054	0.75779128	-0.01664648	8.3228903
1.1370203	0.74844855	-0.014123949	8.2982054
1.1510537	0.74426043	-0.0031929866	8.2735214
1.1370203	0.75070369	0.01614641	8.3064337
1.1354611	0.75005937	0.0035337596	8.3105478
1.146376	0.74297178	-0.031781659	8.3105478
1.1214277	0.7497372	0.0026929164	8.3023195
1.1416981	0.75618047	0.012783037	8.2940912
1.1339018	0.75295883	-0.0048746732	8.3023195
1.146376	0.75102586	-0.018328166	8.2940912
1.1307833	0.76165718	-0.010760576	8.3393459
1.1167499	0.76423448	0.023713998	8.314662
1.1448166	0.75295883	-0.013283106	8.2982054
1.1354611	0.7558583	-0.0023521434	8.3311176
1.1245462	0.76648962	-0.014964793	8.314662
1.1416981	0.76391232	0.13050111	8.289978
1.1448166	0.76552314	0.0010112298	8.3187761
1.1276647	0.77261072	0.0035337596	8.3187761
1.1370203	0.76938909	0.0043746028	8.3187761
1.1229869	0.76713395	-0.01160142	8.3516884
1.1432574	0.7558583	0.072482914	8.314662
1.1432574	0.75424749	0.0060562897	8.3393459
1.1245462	0.74426043	0.011942193	8.3064337
1.1370203	0.73781717	-0.01916901	8.3064337
1.1401389	0.73910582	0.0035337596	8.2817497
1.1307833	0.71655446	0.011942193	7.8909183
1.1261054	0.61990565	-0.0015113001	5.0069933
1.1354611	0.60540837	-0.013283106	6.0519528
1.146376	0.62602675	0.036326651	7.0886846
1.1276647	0.56449372	0.0026929164	4.9082565
1.1323426	0.57383645	0.0018520731	6.068409
1.1416981	0.61958349	0.0052154465	7.4959726
1.1292239	0.6830495	-0.0057155164	8.1706715
1.1370203	0.70721173	0.087618083	8.3228903
1.1261054	0.71494365	-0.0040338296	8.3023195
1.1416981	0.73040742	-0.018328166	8.2817497
1.1214277	0.74458259	0.0001703865	8.3023195
1.1214277	0.74039447	-0.0099197328	8.3187761
1.1276647	0.73942798	-0.017487323	8.2858639
1.1370203	0.73975015	-0.014964793	8.289978
1.1276647	0.7558583	0.0001703865	8.3105478
1.1401389	0.75714695	0.0052154465	8.3311176
1.1229869	0.74587125	0.007737976	8.3105478
1.1401389	0.74877071	-0.018328166	8.289978
1.1229869	0.75134802	0.019509783	8.3023195
1.1183091	0.75811344	-0.0082380464	8.3352318
1.1276647	0.7623015	0.025395684	8.3064337
1.1339018	0.76262367	-0.025054913	8.3105478
1.1354611	0.76713395	-0.038508404	8.3393459
1.1416981	0.76101285	0.010260507	8.3023195
1.1354611	0.75424749	0.0085788192	8.2694073
1.146376	0.76133502	-0.033463344	8.2982054
1.1292239	0.76262367	0.0018520731	8.2940912
1.1339018	0.7558583	-0.01916901	8.3023195
1.1292239	0.74941504	0.043053396	8.3187761
1.1401389	0.75843561	-0.024214068	8.3270035
1.1276647	0.7497372	-0.0090788892	8.3352318
1.1385796	0.75843561	-0.0065563596	8.3558016
1.1339018	0.75134802	-0.01664648	8.2982054
1.1198685	0.76069069	0.0085788192	8.3352318
1.1198685	0.75875777	-0.00067045673	8.3599157
1.1198685	0.76262367	-0.01664648	8.3434601
1.1370203	0.76423448	0.0035337596	8.3105478
1.1198685	0.76262367	0.016987253	8.3064337
1.1214277	0.76648962	-0.023373226	8.3228903
1.1401389	0.75553614	-0.014123949	8.2817497
1.1401389	0.76777828	-0.0099197328	8.3558016
1.1151906	0.77583236	0.038849179	8.3352318
1.1339018	0.77422154	-0.025054913	8.314662
1.1151906	0.77647668	-0.00067045673	8.3393459
1.1229869	0.76810044	0.0060562897	8.3228903
1.1354611	0.76262367	0.0026929164	8.3064337
1.1261054	0.75779128	0.012783037	8.2940912
1.1339018	0.75231451	-0.00067045673	8.3064337
1.1385796	0.74264961	-0.0065563596	8.3105478
1.1416981	0.74748206	0.01614641	8.2817497
1.1416981	0.74812639	0.0052154465	8.3023195
1.1494945	0.74812639	-0.029259128	8.289978
1.1416981	0.74877071	-0.031781659	8.2776356
1.1229869	0.75263667	0.015305566	8.3064337
1.1245462	0.7594021	0.019509783	8.3352318
1.1448166	0.76294583	-0.025895756	8.3023195
1.1401389	0.76036853	-0.01160142	8.2982054
1.1307833	0.76004636	0.012783037	8.2776356
1.1385796	0.76165718	-0.010760576	8.2776356
1.1370203	0.76101285	0.014464723	8.289978
1.1292239	0.76069069	-0.021691538	8.2982054
1.146376	0.75167018	-0.021691538	8.2858639
1.1385796	0.74393827	0.061551947	8.2940912
1.1370203	0.73975015	-0.0057155164	8.289978
1.1370203	0.73298472	0.023713998	8.3105478
1.1370203	0.73749501	-0.01664648	8.3187761
1.1245462	0.75618047	-0.018328166	8.3516884
1.1167499	0.7471599	0.032963276	8.314662
1.1354611	0.75843561	-0.012442263	8.3434601
1.1401389	0.7594021	-0.014123949	8.2858639
1.1229869	0.7684226	0.007737976	8.3434601
1.1370203	0.76552314	0.0026929164	8.3105478
1.1339018	0.74812639	0.019509783	8.314662
1.1323426	0.74941504	0.011942193	8.2982054
1.1339018	0.75038153	-0.018328166	8.3023195
1.1261054	0.75360316	0.026236527	8.2982054
1.1136314	0.75779128	0.007737976	8.3393459
1.1245462	0.76326799	-0.028418286	8.314662
1.1198685	0.76004636	0.014464723	8.3311176
1.1245462	0.75650263	0.014464723	8.3105478
1.1401389	0.75005937	-0.014123949	8.3228903
1.1323426	0.74619341	-0.0040338296	8.3105478
1.1307833	0.72428632	-0.0090788892	7.8950324
1.1229869	0.62441593	0.0043746028	4.9823089
1.1245462	0.60089809	0.018668938	6.043725
1.1261054	0.64632297	-0.021691538	7.5083141
1.1370203	0.6952917	-0.014123949	8.1788988
1.1370203	0.72460848	0.0052154465	8.3228903
1.1276647	0.74458259	0.011942193	8.3558016
1.1261054	0.74844855	-0.013283106	8.2940912
1.1370203	0.75714695	0.027077371	8.289978
1.1198685	0.7623015	0.0068971328	8.3352318
1.1385796	0.76262367	-0.022532383	8.3187761
1.1261054	0.75134802	0.15404472	8.3228903
1.1276647	0.75618047	-0.00067045673	8.3311176
1.1385796	0.75134802	-0.041871779	8.314662
1.1339018	0.75134802	0.15152219	8.3187761
1.1370203	0.75360316	-0.0099197328	8.3064337
1.1401389	0.75521398	-0.013283106	8.3105478
1.1370203	0.75295883	-0.021691538	8.314662
1.1385796	0.74200529	-0.013283106	8.2982054
1.1292239	0.74329394	-0.0090788892	8.2982054
1.1339018	0.7594021	-0.020850696	8.314662
1.1401389	0.76906693	-0.024214068	8.3311176
1.1323426	0.77261072	-0.014123949	8.3270035
1.1151906	0.76777828	-0.0057155164	8.3023195
1.1167499	0.76455665	0.0094196629	8.289978
1.1261054	0.77615452	-0.0015113001	8.3393459
1.1183091	0.7719664	0.0035337596	8.2982054
1.1370203	0.76197934	0.0043746028	8.2982054
1.1401389	0.75618047	-0.030099971	8.3023195
1.1276647	0.75038153	0.011942193	8.3187761
1.1401389	0.75005937	-0.30841908	8.289978
1.1261054	0.75779128	-0.013283106	8.3187761
1.1292239	0.76326799	-0.048598524	8.3393459
1.1416981	0.75875777	0.0026929164	8.2982054
1.1370203	0.75392532	-0.013283106	8.3228903
1.1370203	0.75489181	0.090981461	8.289978
1.146376	0.7471599	-0.0031929866	8.2940912
1.1229869	0.76165718	-0.0090788892	8.3516884
1.1448166	0.75005937	-0.014964793	8.3105478
1.1401389	0.753281	-0.0073972028	8.2858639
1.1385796	0.76423448	-0.021691538	8.3311176
1.1323426	0.77325505	0.024554841	8.3352318
1.1245462	0.76487881	0.0035337596	8.3105478
1.1526129	0.7658453	-0.012442263	8.3393459
1.1416981	0.75553614	-0.0023521434	8.2694073
1.1416981	0.74844855	-0.020009853	8.2817497
1.1494945	0.73846149	-0.014123949	8.2858639
1.1245462	0.74683774	0.0085788192	8.3311176
1.1494945	0.74877071	0.10191242	8.314662
1.146376	0.74329394	0.010260507	8.2982054
1.1229869	0.74071664	-0.0040338296	8.3228903
1.1292239	0.74136096	-0.023373226	8.3393459
1.1526129	0.74136096	-0.015805636	8.2735214
1.1354611	0.7436161	-0.01664648	8.314662
1.1401389	0.75618047	-0.00067045673	8.3187761
1.1510537	0.76133502	-0.012442263	8.3311176
1.1214277	0.76391232	-0.0065563596	8.314662
1.1385796	0.75392532	-0.012442263	8.3023195
1.1323426	0.76197934	-0.051121052	8.3105478
1.1323426	0.76810044	0.12041098	8.3434601
1.1401389	0.76133502	-0.01664648	8.2817497
1.1261054	0.74941504	0.012783037	8.2776356
1.1151906	0.75714695	0.030440746	8.3352318
1.1354611	0.75360316	-0.012442263	8.3311176
1.1479353	0.74651557	-0.0015113001	8.2858639
1.1370203	0.75231451	-0.023373226	8.3187761
1.1494945	0.74297178	-0.025054913	8.3187761
1.1229869	0.74941504	0.036326651	8.3558016
1.1339018	0.73846149	0.0052154465	8.3023195
1.1432574	0.74232745	-0.0065563596	8.3064337
1.1198685	0.73395121	0.027918214	8.2817497
1.1401389	0.75102586	-0.020009853	8.3352318
1.1448166	0.75682479	0.0010112298	8.314662
1.1370203	0.76520097	0.027918214	8.3023195
1.1261054	0.76004636	-0.0073972028	8.2858639
1.1214277	0.76874477	-0.01664648	8.3064337
1.1323426	0.76391232	0.011942193	8.289978
1.1401389	0.75650263	-0.014123949	8.2776356
1.1323426	0.7594021	0.007737976	8.3311176
1.1339018	0.75682479	-0.0082380464	8.3352318
1.1339018	0.75521398	0.023713998	8.3187761
1.1229869	0.76036853	-0.018328166	8.3228903
1.1401389	0.75392532	0.01614641	8.3023195
1.1307833	0.75489181	0.0010112298	8.3228903
1.1105129	0.753281	0.0010112298	8.3352318
1.1276647	0.74136096	0.12881942	8.2817497
1.1214277	0.74877071	0.011942193	8.2982054
1.1401389	0.75618047	-0.021691538	8.3228903
1.1261054	0.75843561	-0.013283106	8.2940912
1.1401389	0.75650263	-0.030099971	8.2694073
1.1261054	0.75199234	0.05230267	8.2570658
1.1432574	0.7497372	-0.027577441	8.2735214
1.1339018	0.74651557	-0.014123949	8.289978
1.1120721	0.7471599	0.023713998	8.3105478
1.1401389	0.74168313	0.0060562897	8.2940912
1.1276647	0.74683774	-0.0073972028	8.3311176
1.1307833	0.74844855	-0.014964793	8.3270035
1.1292239	0.75005937	-0.025054913	8.314662
1.1198685	0.75231451	0.01110135	8.3064337
1.1214277	0.75424749	-0.00067045673	8.3187761
1.1183091	0.74329394	0.020350626	8.2982054
1.1510537	0.74458259	-0.018328166	8.2982054
1.1245462	0.75489181	-0.01160142	8.3187761
1.1292239	0.75618047	-0.0073972028	8.3270035
1.1276647	0.75650263	-0.0040338296	8.3064337
1.1261054	0.75746912	-0.030099971	8.3105478
1.1229869	0.76262367	0.017828096	8.2982054
1.1229869	0.77357721	-0.0082380464	8.3064337
1.1323426	0.76552314	-0.0015113001	8.2817497
1.1183091	0.77293289	-0.0023521434	8.3475742
1.1214277	0.75875777	0.016987253	8.3064337
1.1323426	0.75843561	0.13050111	8.3228903
1.1198685	0.76101285	0.019509783	8.3105478
1.1432574	0.75167018	-0.035145033	8.2776356
1.1261054	0.76359016	-0.01916901	8.3311176
1.1339018	0.76326799	0.0068971328	8.3023195
1.1385796	0.74232745	0.0026929164	8.2982054
1.1214277	0.74200529	-0.0023521434	8.3023195
1.1370203	0.7471599	-0.0015113001	8.2982054
1.1416981	0.7471599	-0.024214068	8.2858639
1.1416981	0.74812639	0.012783037	8.2694073
1.1229869	0.74780422	0.019509783	8.289978
1.1354611	0.753281	-0.0090788892	8.3270035
1.1370203	0.76326799	-0.0023521434	8.3187761
1.1416981	0.76069069	0.0052154465	8.3311176
1.1354611	0.76648962	-0.020850696	8.2735214
1.1276647	0.76262367	-0.0082380464	8.3023195
1.1105129	0.76648962	0.020350626	8.3023195
1.1323426	0.75456965	0.0052154465	8.2982054
1.1401389	0.76069069	0.0001703865	8.3516884
1.1370203	0.75779128	-0.024214068	8.3064337
1.146376	0.75005937	0.0052154465	8.2858639
1.1307833	0.75295883	0.0026929164	8.3270035
1.1276647	0.75424749	-0.010760576	8.2982054
1.1214277	0.75618047	0.014464723	8.3352318
1.1401389	0.76165718	-0.020850696	8.3352318
1.1494945	0.75005937	-0.030099971	8.2940912
1.1339018	0.74812639	-0.020009853	8.314662
1.146376	0.753281	-0.025054913	8.3187761
1.1261054	0.75231451	-0.0015113001	8.2982054
1.1214277	0.76197934	-0.0065563596	8.3270035
1.1339018	0.74844855	-0.015805636	8.3105478
1.1214277	0.75746912	0.01614641	8.3270035
1.1416981	0.7594021	-0.027577441	8.3187761
1.1245462	0.7594021	-0.039349247	8.3311176
1.1167499	0.76069069	0.0052154465	8.3064337
1.1448166	0.75231451	-0.014964793	8.2817497
1.1416981	0.74683774	-0.0065563596	8.2940912
1.1354611	0.74812639	-0.021691538	8.3311176
1.1370203	0.73910582	0.0052154465	8.2940912
1.1276647	0.74748206	0.018668938	8.3105478
1.1370203	0.75392532	-0.014123949	8.3064337
1.1261054	0.75521398	0.023713998	8.3352318
1.1479353	0.74780422	-0.018328166	8.2982054
1.1339018	0.73942798	-0.00067045673	8.2982054
1.1261054	0.74264961	0.12629688	8.2982054
1.1432574	0.75489181	-0.031781659	8.3393459
1.1385796	0.76874477	-0.018328166	8.3352318
1.1510537	0.75553614	-0.0082380464	8.2735214
1.1261054	0.77132207	0.0068971328	8.3311176
1.1105129	0.76520097	0.027077371	8.3270035
1.1401389	0.76133502	-0.0065563596	8.3023195
1.1151906	0.76423448	0.014464723	8.3434601
1.1354611	0.76133502	-0.01916901	8.3064337
1.1370203	0.76036853	-0.026736598	8.3475742
1.1261054	0.75972426	0.0060562897	8.2940912
1.1354611	0.74039447	0.0060562897	8.2776356
1.1229869	0.74426043	0.026236527	8.3023195
1.1276647	0.75134802	0.048098456	8.3270035
1.1479353	0.74426043	-0.034304187	8.2817497
1.1448166	0.75843561	-0.0048746732	8.2940912
1.1245462	0.75972426	0.027077371	8.2817497
1.1401389	0.7594021	-0.0040338296	8.3270035
1.1229869	0.77003342	-0.0099197328	8.3516884
1.1276647	0.76101285	0.0085788192	8.3064337
1.1276647	0.76681179	0.0018520731	8.3434601
1.1261054	0.75231451	0.032122433	8.2982054
1.1479353	0.74780422	0.0026929164	8.2982054
1.1229869	0.75070369	0.0001703865	8.3352318
1.1526129	0.74844855	-0.0040338296	8.3105478
1.1292239	0.75746912	0.011942193	8.3599157
1.1479353	0.74426043	0.011942193	8.3105478
1.1432574	0.73201823	0.0043746028	8.289978
1.1370203	0.7349177	0.0018520731	8.3064337
1.1261054	0.74877071	-0.0048746732	8.3228903
1.1432574	0.7471599	0.018668938	8.3105478
1.1292239	0.74941504	-0.0073972028	8.3228903
1.1276647	0.75424749	0.022873154	8.3393459
1.1151906	0.75005937	0.038849179	8.3311176
1.1307833	0.75102586	-0.18817849	8.3105478
1.1245462	0.7558583	-0.0082380464	8.2982054
1.1183091	0.76326799	0.010260507	8.3640299
1.1401389	0.77003342	0.041371711	8.3393459
1.1448166	0.75070369	0.0010112298	8.2982054
1.1214277	0.76520097	-0.020009853	8.3475742
1.1261054	0.76423448	0.0035337596	8.3187761
1.1105129	0.75199234	0.030440746	8.3105478
1.1416981	0.74522692	-0.13268284	8.314662
1.1214277	0.74877071	-0.023373226	8.3393459
1.1167499	0.76101285	0.0035337596	8.3599157
1.1401389	0.76874477	-0.012442263	8.3228903
1.1276647	0.75907993	-0.0090788892	8.3311176
1.1323426	0.76101285	-0.039349247	8.3105478
1.1370203	0.75456965	-0.0040338296	8.3187761
1.1214277	0.75843561	-0.00067045673	8.3352318
1.146376	0.76777828	-0.025054913	8.3352318
1.1494945	0.76069069	-0.024214068	8.2982054
1.1307833	0.75972426	-0.012442263	8.3105478
1.1198685	0.77035558	-0.0065563596	8.3393459
1.1292239	0.77679884	0.0018520731	8.3558016
1.1354611	0.76681179	0.011942193	8.3352318
1.1214277	0.76391232	-0.041871779	8.3311176
1.1151906	0.75650263	0.040530864	8.3105478
1.1214277	0.75392532	-0.00067045673	8.314662
1.1292239	0.73588419	0.028759057	8.2940912
1.1276647	0.74136096	-0.0031929866	8.3187761
1.1261054	0.74232745	-0.00067045673	8.3311176
1.1385796	0.74748206	-0.01664648	8.3270035
1.1261054	0.75360316	0.032963276	8.314662
1.1323426	0.75489181	-0.0082380464	8.3228903
1.1136314	0.75682479	-0.0090788892	8.3270035
1.1339018	0.76004636	0.033804119	8.3270035
1.1385796	0.76197934	-0.0015113001	8.3105478
1.1385796	0.75102586	0.007737976	8.3105478
1.1198685	0.76165718	0.0060562897	8.3393459
1.1261054	0.76487881	0.022873154	8.3311176
1.1292239	0.76294583	-0.0099197328	8.3064337
1.1183091	0.77293289	-0.0048746732	8.3228903
1.1292239	0.76069069	0.0094196629	8.3270035
1.1198685	0.77261072	-0.030099971	8.3804865
1.1401389	0.7658453	-0.023373226	8.314662
1.1416981	0.74329394	0.033804119	8.3023195
1.1245462	0.75263667	0.012783037	8.3311176
1.1245462	0.75134802	-0.00067045673	8.3228903
1.146376	0.75295883	-0.0023521434	8.2735214
1.1229869	0.75070369	-0.023373226	8.3105478
1.1448166	0.75102586	-0.018328166	8.2776356
1.1354611	0.74458259	-0.020009853	8.3105478
1.1105129	0.75746912	0.0035337596	8.3434601
1.1370203	0.7658453	0.010260507	8.3228903
1.146376	0.76165718	-0.025054913	8.3064337
1.1276647	0.76906693	-0.012442263	8.3558016
1.1307833	0.75746912	0.0026929164	8.3064337
1.1276647	0.74941504	0.022873154	8.314662
1.1385796	0.753281	-0.018328166	8.3187761
1.1370203	0.73813933	-0.0015113001	8.3270035
1.1292239	0.74458259	-0.023373226	8.3064337
1.1229869	0.7436161	0.16329399	8.3064337
1.1370203	0.74554908	-0.01664648	8.2940912
1.146376	0.74844855	-0.01916901	8.2940912
1.1370203	0.75907993	-0.022532383	8.3064337
1.1401389	0.75489181	-0.0090788892	8.2982054
1.1448166	0.75167018	0.034644961	8.2817497
1.1432574	0.74426043	0.0052154465	8.3228903
1.1261054	0.74683774	-0.0031929866	8.3105478
1.1479353	0.74780422	-0.11082093	8.3064337
1.1323426	0.75521398	-0.029259128	8.3187761
1.1276647	0.75618047	0.021191468	8.3311176
1.1323426	0.7471599	0.0018520731	8.2817497
1.1120721	0.75424749	0.0026929164	8.3023195
1.1183091	0.75650263	-0.0048746732	8.3311176
1.1416981	0.74683774	0.027077371	8.2982054
1.1416981	0.74426043	-0.0065563596	8.3187761
1.1370203	0.74426043	-0.0073972028	8.3187761
1.1526129	0.74200529	-0.023373226	8.3105478
1.1323426	0.74522692	0.0060562897	8.3064337
1.1307833	0.73975015	0.0060562897	8.2982054
1.1292239	0.75231451	-0.0031929866	8.3228903
1.1307833	0.73813933	-0.0082380464	8.2982054
1.1120721	0.74587125	0.01110135	8.3352318
1.1229869	0.73813933	0.012783037	8.3064337
1.1479353	0.74458259	-0.021691538	8.3187761
1.1276647	0.76391232	0.0060562897	8.3475742
1.1510537	0.76133502	0.0018520731	8.3187761
1.1261054	0.75875777	0.011942193	8.2858639
1.1136314	0.76681179	0.018668938	8.3270035
1.1151906	0.7658453	-0.013283106	8.3434601
1.1385796	0.76004636	-0.014123949	8.2940912
1.1198685	0.75392532	0.013623879	8.3105478
1.1167499	0.74200529	-0.0015113001	8.314662
1.1214277	0.74683774	0.01614641	8.3311176
1.1401389	0.73846149	0.022032311	8.2940912
1.1261054	0.73395121	0.018668938	8.2694073
1.1339018	0.7436161	-0.0057155164	8.2940912
1.1261054	0.74909288	-0.01160142	8.3023195
1.1261054	0.74844855	0.034644961	8.3064337
1.1292239	0.74941504	0.022873154	8.3064337
1.1183091	0.75779128	-0.025895756	8.3475742
1.1323426	0.75231451	-0.0015113001	8.3105478
1.1339018	0.74522692	0.01110135	8.3064337
1.1416981	0.74780422	0.0043746028	8.3228903
1.1261054	0.7471599	0.01614641	8.314662
1.1292239	0.75714695	-0.00067045673	8.3599157
1.1136314	0.76326799	-0.0040338296	8.3640299
1.1151906	0.76004636	-0.0048746732	8.3393459
1.1339018	0.7623015	0.0026929164	8.3187761
1.1370203	0.74877071	-0.01916901	8.3064337
1.1261054	0.75811344	-0.035145033	8.3187761
1.1370203	0.75295883	-0.0090788892	8.3187761
1.1229869	0.7471599	0.027077371	8.3023195
1.146376	0.75102586	-0.029259128	8.3105478
1.1183091	0.74941504	0.01110135	8.3064337
1.1120721	0.74393827	0.027918214	8.3270035
1.1261054	0.75360316	-0.0031929866	8.3105478
1.1354611	0.75746912	-0.020009853	8.3187761
1.1245462	0.75843561	-0.025054913	8.3311176
1.1416981	0.76648962	-0.035145033	8.3311176
1.1261054	0.75714695	0.073323756	8.314662
1.1354611	0.76906693	-0.024214068	8.3434601
1.1261054	0.76810044	-0.0048746732	8.3187761
1.1385796	0.76391232	-0.015805636	8.3393459
1.1183091	0.76294583	-0.014123949	8.3228903
1.1370203	0.75005937	0.056506887	8.2776356
1.1245462	0.75295883	0.0060562897	8.3105478
1.1183091	0.74877071	-0.01160142	8.3270035
1.1448166	0.73298472	0.0043746028	8.2735214
1.1448166	0.73942798	-0.0073972028	8.2652931
1.1229869	0.72750795	0.0035337596	8.289978
1.1323426	0.73137391	0.0068971328	8.2982054
1.1370203	0.73008525	-0.018328166	8.2858639
1.1479353	0.74007231	0.022873154	8.2858639
1.1276647	0.75456965	-0.0082380464	8.3187761
1.1261054	0.76359016	-0.0031929866	8.3270035
1.1401389	0.76777828	0.011942193	8.3105478
1.1105129	0.76971126	0.022032311	8.3187761
1.1261054	0.77261072	0.013623879	8.3393459
1.1292239	0.76487881	-0.0031929866	8.314662
1.1370203	0.76069069	-0.033463344	8.314662
1.1416981	0.75167018	0.10359412	8.3187761
1.1370203	0.75360316	0.024554841	8.3228903
1.1307833	0.75199234	-0.01160142	8.314662
1.1385796	0.74748206	0.0043746028	8.3064337
1.1510537	0.75392532	-0.023373226	8.3270035
1.1339018	0.75875777	0.10779834	8.3064337
1.1354611	0.75553614	-0.027577441	8.2858639
1.1276647	0.75972426	-0.037667561	8.3105478
1.1370203	0.74522692	0.0018520731	8.289978
1.1245462	0.75714695	-0.013283106	8.314662
1.1339018	0.77035558	-0.027577441	8.3516884
1.1385796	0.76294583	-0.01160142	8.3064337
1.1401389	0.76487881	-0.018328166	8.289978
1.1354611	0.77712101	0.048098456	8.3228903
1.1261054	0.7658453	0.0018520731	8.3105478
1.1323426	0.76487881	-0.01160142	8.3023195
1.1183091	0.76648962	-0.01160142	8.3228903
1.1214277	0.76004636	0.030440746	8.3311176
1.1292239	0.75746912	0.012783037	8.3270035
1.1370203	0.75231451	-0.0031929866	8.289978
1.1339018	0.75005937	-0.0015113001	8.2982054
1.1307833	0.75231451	0.012783037	8.3187761
1.1183091	0.74200529	0.027077371	8.2940912
1.1261054	0.74554908	-0.0099197328	8.2940912
1.146376	0.74039447	-0.023373226	8.2735214
1.1245462	0.75360316	0.025395684	8.3064337
1.1276647	0.75553614	0.13386448	8.3023195
1.1401389	0.74780422	0.022873154	8.2940912
1.1385796	0.74554908	0.016987253	8.2817497
1.1448166	0.74554908	0.0026929164	8.3064337
1.1245462	0.75295883	0.018668938	8.2982054
1.1261054	0.75811344	0.0043746028	8.3393459
1.1229869	0.75875777	0.0010112298	8.289978
1.1229869	0.75295883	0.018668938	8.289978
1.1370203	0.74780422	0.017828096	8.2982054
1.146376	0.74683774	-0.01664648	8.2694073
1.1432574	0.74297178	0.010260507	8.2570658
1.1401389	0.73588419	-0.018328166	8.2776356
1.1058351	0.7497372	0.032122433	8.3023195
1.1401389	0.74297178	0.022032311	8.3187761
1.1214277	0.75005937	-0.0031929866	8.3270035
1.1370203	0.75972426	-0.021691538	8.3228903
1.1448166	0.76487881	0.11452508	8.3311176
1.1214277	0.75811344	-0.028418286	8.3105478
1.1323426	0.74587125	-0.0073972028	8.2694073
1.1120721	0.75779128	-0.0073972028	8.3270035
1.1229869	0.76487881	0.0001703865	8.3187761
1.1448166	0.75875777	-0.021691538	8.3105478
1.1276647	0.75424749	-0.010760576	8.2858639
1.1151906	0.753281	0.012783037	8.3064337
1.1385796	0.7471599	-0.0065563596	8.2982054
1.1354611	0.74941504	-0.020850696	8.3270035
1.1339018	0.75521398	0.15824893	8.3393459
1.1307833	0.75360316	-0.00067045673	8.3270035
1.1229869	0.74232745	-0.010760576	8.3105478
1.1370203	0.73588419	0.0052154465	8.3352318
1.1339018	0.74522692	-0.01664648	8.3228903
1.1323426	0.73523986	0.0085788192	8.2694073
1.1416981	0.75456965	-0.031781659	8.3393459
1.1261054	0.76423448	-0.0040338296	8.3352318
1.1292239	0.75682479	0.036326651	8.3105478
1.1229869	0.76391232	-0.0015113001	8.3228903
1.1479353	0.76294583	-0.015805636	8.3228903
1.1401389	0.76391232	0.019509783	8.3311176
1.1354611	0.76165718	-0.010760576	8.3393459
1.1323426	0.76165718	-0.0040338296	8.3105478
1.1323426	0.75134802	0.0018520731	8.289978
1.1198685	0.74941504	-0.022532383	8.314662
1.1183091	0.76133502	0.11872929	8.3228903
1.1292239	0.75070369	0.0010112298	8.2776356
1.1385796	0.74909288	0.0060562897	8.3064337
1.1385796	0.75231451	-0.0082380464	8.3187761
1.1167499	0.74426043	0.018668938	8.2858639
1.1416981	0.74200529	0.033804119	8.289978
1.1385796	0.73813933	-0.014964793	8.2940912
1.1448166	0.74458259	-0.014123949	8.3105478
1.1214277	0.74812639	0.022873154	8.2817497
1.1183091	0.74136096	-0.012442263	8.2982054
1.1245462	0.74780422	0.030440746	8.2940912
1.1323426	0.75489181	-0.0065563596	8.3352318
1.1261054	0.76455665	-0.023373226	8.3352318
1.1292239	0.7745437	0.0052154465	8.3393459
1.1370203	0.76262367	-0.030940816	8.2817497
1.1214277	0.77228856	0.0026929164	8.3763723
1.1198685	0.76971126	0.017828096	8.3228903
1.1261054	0.77099991	0.0010112298	8.3311176
1.1323426	0.77228856	0.054825202	8.3228903
1.1339018	0.75070369	-0.017487323	8.3105478
1.1276647	0.74619341	-0.022532383	8.3105478
1.1245462	0.75134802	-0.0057155164	8.3187761
1.1339018	0.75456965	-0.01160142	8.3023195
1.1229869	0.75746912	-0.014964793	8.3640299
1.1292239	0.76262367	-0.018328166	8.3434601
1.1261054	0.76101285	-0.0073972028	8.3311176
1.1229869	0.75779128	0.024554841	8.3187761
1.1167499	0.76165718	0.025395684	8.3187761
1.1292239	0.7623015	-0.0031929866	8.314662
1.1292239	0.75553614	-0.19826862	8.3064337
1.1479353	0.76133502	-0.0040338296	8.3187761
1.1198685	0.75875777	0.034644961	8.3187761
1.1339018	0.74651557	-0.014123949	8.2817497
1.1229869	0.73137391	-0.0031929866	7.9896541
1.1183091	0.63279217	0.016987253	5.0563612
1.1416981	0.60154241	-0.0073972028	5.9655585
1.1385796	0.63021487	-0.0057155164	7.4260345
1.1261054	0.67435116	0.0094196629	8.1542149
1.1416981	0.70173496	-0.010760576	8.314662
1.1307833	0.71365499	0.022032311	8.3187761
1.1276647	0.73298472	-0.0057155164	8.3599157
1.1401389	0.75038153	0.0085788192	8.3352318
1.1292239	0.76004636	-0.01160142	8.3352318
1.1261054	0.76326799	-0.01160142	8.3475742
1.1354611	0.76552314	-0.0031929866	8.314662
1.1385796	0.76262367	-0.021691538	8.2982054
1.1339018	0.76262367	-0.026736598	8.3187761
1.1448166	0.75811344	-0.0048746732	8.3064337
1.1307833	0.77261072	-0.021691538	8.3311176
1.1416981	0.76391232	-0.0040338296	8.2982054
1.1323426	0.77164423	-0.0082380464	8.3270035
1.1120721	0.76423448	-0.01664648	8.3393459
1.1416981	0.75779128	-0.0023521434	8.2694073
1.1323426	0.73685068	-0.0057155164	7.9896541
1.146376	0.63021487	-0.024214068	5.0687032
1.1261054	0.60766351	-0.00067045673	6.0149269
1.1261054	0.66017598	-0.021691538	7.4959726
1.1214277	0.68337166	0.030440746	8.1418724
1.1370203	0.71204418	-0.024214068	8.3311176
1.1339018	0.73813933	-0.018328166	8.3434601
1.1198685	0.75360316	-0.0099197328	8.3516884
1.1385796	0.75231451	0.0018520731	8.3023195
1.1370203	0.75199234	-0.012442263	8.2940912
1.1370203	0.74844855	0.022873154	8.2858639
1.1229869	0.7497372	0.027918214	8.3311176
1.1229869	0.75134802	-0.16547573	8.3352318
1.1261054	0.75618047	-0.0048746732	8.3228903
1.1245462	0.75843561	-0.013283106	8.3352318
1.1198685	0.76391232	0.018668938	8.368144
1.1323426	0.75424749	0.0060562897	8.3064337
1.1307833	0.753281	0.026236527	8.3105478
1.1136314	0.75134802	-0.0023521434	8.3187761
1.1245462	0.75295883	-0.014123949	8.3393459
1.1339018	0.75199234	-0.0090788892	8.3434601
1.1214277	0.74490476	0.0043746028	8.3105478
1.1292239	0.75553614	-0.014964793	8.3105478
1.1261054	0.76874477	0.011942193	8.368144
1.1276647	0.76616746	0.025395684	8.2940912
1.1229869	0.77003342	0.01110135	8.3475742
1.1089536	0.76906693	0.018668938	8.3393459
1.1292239	0.77164423	-0.0040338296	8.3516884
1.1089536	0.77164423	0.029599901	8.314662
1.1354611	0.7684226	-0.030099971	8.3270035
1.1276647	0.77518803	-0.024214068	8.3599157
1.1292239	0.76874477	-0.0065563596	8.3640299
1.1323426	0.76359016	-0.012442263	8.3187761
1.1198685	0.75038153	0.10275327	8.0431366
1.1339018	0.64116842	-0.0015113001	5.0810452
1.1339018	0.61024076	-0.020850696	5.9943566
1.1385796	0.64567864	0.034644961	7.4383764
1.1323426	0.68691546	-0.0040338296	8.1418724
1.1432574	0.7226755	0.12041098	8.3599157
1.1292239	0.73975015	0.0068971328	8.4010563
1.1385796	0.74941504	-0.0057155164	8.3475742
1.1245462	0.75682479	-0.00067045673	8.3105478
1.1276647	0.76648962	-0.0031929866	8.3270035
1.1339018	0.76552314	-0.0031929866	8.3187761
1.1151906	0.77003342	0.0001703865	8.3434601
1.1151906	0.77551019	-0.0065563596	8.3516884
1.1323426	0.7658453	0.011942193	8.3311176
1.1354611	0.75811344	-0.0090788892	8.3393459
1.1245462	0.75972426	-0.012442263	8.3434601
1.1198685	0.75682479	-0.0065563596	8.3105478
1.1354611	0.7684226	-0.025054913	8.3434601
1.1292239	0.76777828	0.053143516	8.3228903
1.1448166	0.7594021	-0.035145033	8.3105478
1.1276647	0.75650263	0.0001703865	8.3228903
1.1339018	0.75295883	-0.29328388	8.3187761
1.1339018	0.75392532	0.0035337596	8.3475742
1.1339018	0.76487881	-0.018328166	8.3640299
1.1292239	0.76423448	0.016987253	8.3393459
1.1276647	0.75746912	0.007737976	8.289978
1.146376	0.76069069	0.018668938	8.3064337
1.1214277	0.77325505	-0.021691538	8.3187761
1.1323426	0.76455665	0.011942193	8.2982054
1.1229869	0.75295883	0.027077371	8.2982054
1.1261054	0.74941504	0.0052154465	8.3228903
1.1307833	0.74458259	-0.024214068	8.3064337
1.1339018	0.74941504	-0.0057155164	8.314662
1.1354611	0.76004636	-0.0023521434	8.3475742
1.1323426	0.7623015	0.010260507	8.3105478
1.1214277	0.76197934	-0.00067045673	8.289978
1.1214277	0.76648962	0.0052154465	8.3393459
1.1323426	0.75489181	-0.017487323	8.3023195
1.1058351	0.75875777	0.013623879	8.3434601
1.1292239	0.75295883	0.032122433	8.3187761
1.1307833	0.76487881	-0.0015113001	8.3228903
1.1276647	0.74877071	-0.0015113001	8.0307941
1.1401389	0.65502137	-0.00067045673	5.0728173
1.1229869	0.62344944	0.0001703865	5.9902425
1.1261054	0.65727651	0.024554841	7.4548326
1.1494945	0.7075339	-0.014123949	8.1459866
1.1962725	0.72138685	-0.030099971	8.3023195
1.2617615	0.74136096	0.018668938	8.314662
1.3787065	0.74458259	-0.017487323	8.2776356
1.5315145	0.73169607	0.013623879	8.2282677
1.6905596	0.74200529	-0.084754787	8.2200394
1.8714346	0.73685068	-0.0040338296	8.1994696
2.0523095	0.73620635	0.0052154465	8.1213026
2.2222695	0.72911876	0.016987253	8.0431366
2.4015851	0.73813933	-0.0015113001	8.0143385
2.5715451	0.73105174	0.015305566	7.9731984
2.7882833	0.72460848	0.0001703865	7.9032602
2.9675987	0.73169607	0.012783037	7.9073744
3.1687441	0.73813933	0.0018520731	7.870348
3.3963971	0.7287966	0.026236527	7.8250937
3.599102	0.72525281	0.0035337596	7.7551556
3.8251958	0.7200982	-0.0090788892	7.7428136
4.0606451	0.71365499	0.0043746028	7.6769891
4.2851796	0.71526581	0.026236527	7.6564188
4.5284252	0.69915766	0.0018520731	7.6111646
4.7638745	0.68369383	-0.028418286	7.5453401
5.0149169	0.68594897	0.0010112298	7.5247703
5.2675185	0.68530464	-0.00067045673	7.5247703
5.5060863	0.6830495	0.0043746028	7.4630604
5.7696028	0.68949276	-0.01916901	7.4136925
6.0346785	0.68627113	0.0001703865	7.3972363
6.2919579	0.68852627	0.007737976	7.3766661
6.5835414	0.68691546	0.0052154465	7.335526
6.8579726	0.67531765	0.12881942	7.2820435
7.1402001	0.67692846	-0.014964793	7.2532454
7.4208689	0.67499548	-0.014964793	7.2285614
7.6921816	0.67145169	0.01110135	7.1709652
7.9728508	0.67821711	0.027918214	7.1462808
8.2426043	0.67531765	-0.0065563596	7.1133685
8.526392	0.67016304	0.021191468	7.0640001
8.7977047	0.65469921	0.0052154465	7.0269752
9.0721369	0.64825594	0.0035337596	7.0064049
9.3372126	0.64503437	-0.0065563596	6.9529223
9.6022882	0.64696729	-0.021691538	6.9693785
9.8938723	0.63891327	-0.0082380464	6.8706422
10.149592	0.6421349	0.0026929164	6.8541861
10.409991	0.63762462	-0.0065563596	6.8295016
10.66883	0.64728945	0.014464723	6.8418441
10.930789	0.63633597	-0.0031929866	6.7431073
11.169356	0.62924838	-0.012442263	6.7348795
11.412603	0.62441593	-0.022532383	6.669055
11.65741	0.62892622	0.0068971328	6.6443706
11.908452	0.62248296	0.012783037	6.6032305
12.120514	0.62570459	0.0026929164	6.6032305
12.357523	0.61893916	-0.0040338296	6.5209508
12.586737	0.61410671	-0.0040338296	6.5250649
12.801916	0.6150732	-0.0090788892	6.5044947
13.021774	0.60927433	0.022032311	6.4674687
13.210445	0.60895216	-0.0065563596	6.4427843
13.428744	0.60637486	-0.024214068	6.4222145
13.633009	0.6025089	-0.027577441	6.3646178
13.82636	0.59670997	-0.025054913	6.344048
14.011913	0.60218674	0.0035337596	6.344048
14.205263	0.60315323	-0.014123949	6.3111358
14.393936	0.59767646	-0.042712618	6.2658815
14.568574	0.60122025	-0.010760576	6.2699957
14.747891	0.59896511	-0.0099197328	6.2247415
14.925649	0.60701919	-0.015805636	6.2329693
15.080017	0.60540837	-0.029259128	6.1918292
15.242182	0.59670997	-0.0099197328	6.1424613
15.391873	0.58865589	-0.025895756	6.1218915
15.521293	0.58930022	-0.033463344	6.1383476
15.658508	0.58189046	-0.027577441	5.8956203
15.8082	0.51326984	-0.028418286	3.9332354
15.922027	0.49941689	-0.043553464	4.4968553
16.042091	0.50747097	-0.030099971	5.4389644
16.138765	0.52873367	-0.058688644	5.8750501
16.227646	0.55096287	-0.063733704	6.031383
16.313406	0.54741907	-0.027577441	5.9943566
16.397606	0.55096287	-0.094004057	5.9532166
16.47245	0.55354017	-0.10493501	5.9449883
16.531704	0.56739318	-0.10829839	5.9326463
16.597195	0.56320506	-0.15286309	5.8915062
16.637735	0.57415861	-0.16715743	5.9079623
16.670479	0.57448077	-0.20583621	5.887392
16.684513	0.57544726	-0.20499536	5.8750501
16.689192	0.56739318	-0.19070102	5.846252
16.689192	0.56771535	-0.27898955	5.8092256
16.650209	0.56546021	-0.29076135	5.8092256
16.622143	0.55966127	-0.37148228	5.7845416
16.556652	0.56481588	-0.40259349	5.7968836
16.470892	0.55966127	-0.46229336	5.7721996
16.372658	0.5541845	-0.52619743	5.7269459
16.226086	0.54709691	-0.55983114	5.7063761
16.035852	0.54838556	-0.64811963	5.7146039
15.823792	0.55289584	-0.73724902	5.7022619
15.561833	0.55128503	-0.82721919	5.7022619
15.260893	0.54645258	-0.98950183	5.5047889
14.894464	0.49007416	-1.074427	3.7234206
14.462543	0.46977794	-1.1383311	4.2253304
13.958899	0.49361795	-1.3914247	5.089273
13.388203	0.50328285	-1.5469805	5.4142804
12.703682	0.52261257	-1.4822357	5.5582709
11.973942	0.53614342	-2.0254197	5.545929
11.125697	0.54162019	-2.1994741	5.5418148
10.196371	0.53839856	-2.6846399	5.4842186
9.2046738	0.53066665	-2.9301658	5.4389644
8.1225405	0.53259963	-3.1874633	5.4101663
6.9655619	0.52615637	-3.8609774	5.3854823
5.7337399	0.51874661	-4.2023592	5.364912
4.5019178	0.5197131	-4.610167	5.3320007
3.2124038	0.52647853	-5.5165939	5.3278866
2.055428	0.52390122	-6.0698667	5.274404
1.0964794	0.51101476	-7.276473	5.20858
0.50084007	0.51133692	-7.9432592	5.1838956
0.26071322	0.50586015	-8.5705261	5.1304135
0.19834262	0.50972611	-10.419534	5.0810452
0.19834262	0.49716175	-10.471665	4.9905372
0.26227248	0.50263852	-10.786139	4.9370546
0.42911386	0.49683958	-10.443076	4.8465466
0.59595525	0.50167203	-10.472507	4.8054066
0.72225577	0.48781905	-10.483438	4.6531878
0.69886672	0.48653039	-10.461576	4.5791354
0.56788844	0.4649455	-10.480914	4.4927411
0.52266979	0.46269035	-10.490164	4.4186888
0.4493843	0.44626006	-10.469144	4.3199525
0.36362472	0.43788385	-10.405239	4.2541285
0.54761803	0.44142765	-10.477551	4.2171021
2.4093814	0.43498439	-10.462417	4.1471639
1.3724695	0.42048708	-10.467461	4.0319715
1.3942991	0.42274222	-10.470825	3.9949453
0.88130081	0.41597682	-10.333768	3.9003232
0.59283674	0.40309033	-10.469984	3.8262708
0.44782501	0.39503625	-10.447281	3.7727885
0.27786514	0.39149246	-10.576771	3.7357628
0.24356131	0.39052597	-10.450644	3.6905084
0.29969484	0.38794869	-10.432146	3.6329122
0.25603542	0.38376057	-10.440554	3.525948
0.28254294	0.38247192	-10.481755	3.3778436
0.37609884	0.34445676	-10.405239	2.5550408
0.36674324	0.32673782	-10.459053	2.7196014
0.35738766	0.33865783	-10.464098	3.0857482
0.40260637	0.32963729	-10.471665	3.1885989
0.51175493	0.34542325	-10.446441	3.2461951
0.71290016	0.33865783	-10.312746	3.1968269
0.59907377	0.3405908	-10.433827	3.1639147
0.48212889	0.35541028	-10.475029	3.1844847
0.51799196	0.3534773	-10.45653	3.1639147
0.44158798	0.34606758	-10.427101	3.1556866
0.37609884	0.34896702	-10.451485	3.1351166
0.42287678	0.34220162	-10.450644	3.0816343
0.41975826	0.33865783	-10.449803	3.0692925
0.4088434	0.34993351	-10.486801	3.0898623
0.4540621	0.35895407	-10.432146	3.0569506
0.49616227	0.35122216	-10.437191	2.9664419
0.49148446	0.35025567	-10.428782	2.9417579
0.55385506	0.34703407	-10.454848	2.8759339
0.57256627	0.33865783	-10.358151	2.8018816
0.59595525	0.32480484	-10.471665	2.7154872
0.64273316	0.31513998	-10.491845	2.670233
0.66456294	0.30676377	-10.475029	2.6414349
0.70978159	0.2945216	-10.453167	2.571497
0.75967807	0.29903185	-10.324518	2.5756109
0.78930414	0.2945216	-10.435509	2.5509269
0.83296359	0.29967618	-10.475869	2.6249788
0.8984527	0.29484376	-10.410284	2.5920668
0.91872323	0.30901891	-10.457372	2.5879526
0.97641593	0.31127402	-10.408603	2.5591547
1.0294311	0.30064267	-10.453167	2.5468128
1.0637349	0.2977432	-10.478392	2.5139005
1.1416981	0.29419944	-10.463257	2.4974446
1.1791205	0.29323295	-10.459053	2.5015585
1.2492875	0.29419944	-10.432146	2.4974446
1.299184	0.29548809	-10.459053	2.4892166
1.3475212	0.28968915	-10.461576	2.4851024
1.4020956	0.29484376	-10.358993	2.4974446
1.4488734	0.30032051	-10.459894	2.5550408
1.5003291	0.28646752	-10.465779	2.5262427
1.5611405	0.29903185	-10.479233	2.5632689
1.6063594	0.29258862	-10.46662	2.5550408
1.6469002	0.29129997	-10.380014	2.579725
1.7077116	0.30289781	-10.488482	2.579725
1.7591673	0.30096483	-10.462417	2.5673828
1.8059454	0.29967618	-10.450644	2.5468128
1.8511641	0.30901891	-10.482595	2.5468128
1.8870271	0.30450863	-10.348062	2.5097866
1.938483	0.30096483	-10.45653	2.5056725
1.9837017	0.29870969	-10.446441	2.4974446
2.0211241	0.30676377	-10.399353	2.5426989
2.0523095	0.30450863	-10.452326	2.5591547
2.102206	0.29226646	-10.443076	2.5262427
2.1598988	0.29291078	-10.464938	2.5262427
2.1942027	0.29484376	-10.486801	2.5180147
2.2331843	0.30708593	-10.433827	2.5344708
2.2799623	0.30547512	-10.469984	2.5097866
2.3017919	0.29581025	-10.464098	2.5097866
2.3579257	0.29097781	-10.463257	2.4851024
2.384433	0.2945216	-10.454848	2.4974446
2.4078221	0.30160916	-10.401035	2.5221286
2.4374483	0.31481782	-10.459053	2.5221286
2.4795485	0.31771728	-10.448122	2.4974446
2.4920223	0.31417349	-10.47671	2.4974446
2.5122929	0.30225348	-10.443076	2.4604182
2.5388005	0.30160916	-10.436351	2.4727604
2.5668674	0.30160916	-10.461576	2.4851024
2.6011713	0.29162213	-10.468302	2.4233921
2.6276789	0.27970213	-10.45569	1.9955349
2.6448305	0.26907077	-10.434669	2.1271832
2.6635418	0.27132592	-10.438032	2.3328841
2.6760159	0.28002429	-10.46662	2.4316201
2.699405	0.27358103	-10.438032	2.4110503
2.7103198	0.28904483	-10.4456	2.4521902
2.7259126	0.2858232	-10.437191	2.4151645
2.763335	0.28807834	-10.439713	2.4316201
2.7477422	0.29677674	-10.460734	2.4645324
2.7820463	0.29999834	-10.472507	2.4563043
2.8132312	0.30064267	-10.472507	2.4563043
2.8194685	0.30644161	-10.460734	2.4563043
2.8366203	0.2977432	-10.454007	2.4233921
2.8553317	0.31127402	-10.480914	2.4480762
2.8818393	0.29226646	-10.458212	2.4028223
2.8943133	0.28904483	-10.350584	2.4398482
2.9036689	0.28517887	-10.461576	2.4028223
2.9348543	0.28227943	-10.477551	2.3987083
2.9426506	0.28227943	-10.4456	2.3904803
2.9675987	0.27712482	-10.442237	2.3657961
2.9878693	0.2729367	-10.399353	2.324656
2.992547	0.2610167	-10.460734	1.9626229
3.0237324	0.25038534	-10.46662	2.0407891
3.033088	0.26907077	-10.395149	2.2835157
3.0580363	0.27068159	-10.469144	2.3205419
3.0798662	0.28227943	-10.45653	2.324656
3.0767477	0.28872266	-10.457372	2.345226
3.1016958	0.2884005	-10.454848	2.3328841
3.1297624	0.29387727	-10.436351	2.3081999
3.1375587	0.29001132	-10.467461	2.3040857
3.1593885	0.29645458	-10.473348	2.2958577
3.1640663	0.29355511	-10.453167	2.3081999
3.1796591	0.28872266	-10.462417	2.2917438
3.1890147	0.29258862	-10.311065	2.3040857
3.2155223	0.28614536	-10.46662	2.2835157
3.2467077	0.27970213	-10.458212	2.2752876
3.2654188	0.27712482	-10.459894	2.2547178
3.2934856	0.27358103	-10.464098	2.2629457
3.3028409	0.27937996	-10.348062	2.2670596
3.3121967	0.29097781	-10.46662	2.2999718
3.3324671	0.27454752	-10.469144	2.2629457
3.3589747	0.2764805	-10.413648	2.258832
3.366771	0.2790578	-10.467461	2.2547178
3.3652117	0.28195727	-10.471665	2.2835157
3.3886008	0.28292376	-10.464938	2.2752876
3.3995156	0.27873564	-10.460734	2.258832
3.4119899	0.27229238	-10.432987	2.2464898
3.4057529	0.28163511	-10.461576	2.2752876
3.418227	0.27519184	-10.459894	2.2300339
3.4416161	0.27937996	-10.472507	2.2423759
3.4416161	0.27390319	-10.450644	2.2629457
3.4462938	0.28002429	-10.387582	2.3081999
3.4696829	0.28968915	-10.469984	2.2711737
3.4650052	0.27680266	-10.464938	2.2423759
3.4681237	0.28066862	-10.468302	2.2670596
3.4728014	0.28421238	-10.45569	2.2752876
3.4946308	0.27422535	-10.411124	2.2341478
3.5008681	0.27422535	-10.463257	2.2547178
3.5133421	0.27680266	-10.436351	2.2464898
3.5289347	0.28678969	-10.457372	2.2794018
3.530494	0.28356808	-10.453167	2.2259197
3.5398498	0.28646752	-10.824819	2.2218058
3.5460868	0.28195727	-10.477551	2.2135777
3.5710351	0.2884005	-10.446441	2.2341478
3.5679166	0.29001132	-10.444759	2.2300339
3.5866277	0.28936699	-10.463257	2.2341478
3.6006613	0.2919443	-10.464938	2.2259197
3.6178131	0.28389025	-10.480914	2.2382619
3.6115761	0.27970213	-10.446441	2.2094636
3.6302874	0.28099078	-10.368242	2.2135777
3.6349652	0.26907077	-10.467461	2.1765516
3.6536763	0.2697151	-10.461576	2.2094636
3.6443207	0.27712482	-10.473348	2.2094636
3.6723876	0.28711185	-10.459894	2.2053497
3.6739469	0.28389025	-10.386741	2.1683235
3.6817429	0.29065564	-10.464938	2.2259197
3.6895392	0.28775617	-10.463257	2.1806655
3.698895	0.28002429	-10.447281	2.1683235
3.7222838	0.28195727	-10.475029	2.1806655
3.7316396	0.27809131	-10.369924	2.1642094
3.7394359	0.26842645	-10.479233	2.1477532
3.7503507	0.28131294	-10.482595	2.1847796
3.7612658	0.27615833	-10.328723	2.1642094
3.7675028	0.27486968	-10.475029	2.1765516
3.7971289	0.27100375	-10.490164	2.1436393
3.7830954	0.27229238	-10.469144	2.1642094
3.8018067	0.26874861	-10.448122	2.1395252
3.81584	0.26520482	-10.379173	2.1354113
3.8173993	0.26842645	-10.467461	2.1477532
3.8329921	0.26617131	-10.477551	2.1477532
3.826755	0.26391616	-10.460734	2.1518674
3.8439069	0.27229238	-10.473348	2.1600955
3.8517034	0.26391616	-10.358151	2.1354113
3.8782108	0.27164805	-10.46662	2.1230693
3.8704145	0.26874861	-10.45653	2.1312973
3.8750923	0.27583617	-10.47671	2.1642094
3.8906848	0.28453454	-10.467461	2.1559813
3.9015996	0.27744699	-10.323677	2.1354113
3.9109552	0.28646752	-10.468302	2.1477532
3.9109552	0.27744699	-10.448963	2.1477532
3.9234295	0.2729367	-10.387582	2.1600955
3.9281073	0.27197021	-10.440554	2.1436393
3.9452591	0.2671378	-10.364038	2.1395252
3.9468184	0.26327184	-10.465779	2.1477532
3.9483776	0.26069453	-10.438872	2.1271832
3.9639704	0.26391616	-10.366561	2.1312973
3.9702075	0.26874861	-10.448122	2.1477532
3.9780037	0.26391616	-10.441395	2.1354113
3.9889188	0.27164805	-10.474188	2.1436393
3.9920373	0.27229238	-10.451485	2.1271832
4.0013928	0.26778212	-10.408603	2.1066132
4.0029521	0.26230535	-10.452326	2.1148412
4.026341	0.26681563	-10.48596	2.1107271
4.0216632	0.26778212	-10.459053	2.1148412
4.0341377	0.26133886	-10.462417	2.1024995
4.0201039	0.26037237	-10.434669	2.1107271
4.0403748	0.26874861	-10.461576	2.1230693
4.0528488	0.263594	-10.471665	2.0983853
4.0575266	0.2697151	-10.420374	2.1230693
4.0466118	0.26456049	-10.469144	2.1436393
4.0731192	0.25940588	-10.328723	2.0983853
4.0684414	0.26552698	-10.444759	2.1024995
4.0809155	0.25070751	-10.45653	2.0901575
4.0700006	0.26005021	-10.360675	2.0901575
4.0918307	0.26584914	-10.447281	2.0819294
4.1011863	0.26166102	-10.471665	2.0983853
4.099627	0.26649347	-10.46662	2.1024995
4.0949492	0.27035943	-10.485119	2.0983853
4.1089821	0.2610167	-10.407762	2.1066132
4.1152191	0.27164805	-10.448963	2.1024995
4.1167784	0.26778212	-10.454848	2.0778153
4.1230154	0.27164805	-10.444759	2.0860434
4.1339307	0.26842645	-10.472507	2.0942714
4.1386085	0.26939294	-10.316951	2.0860434
4.1261339	0.26391616	-10.435509	2.0901575
4.1588788	0.26584914	-10.45653	2.0819294
4.1619973	0.26745996	-10.311906	2.1066132
4.1697936	0.27197021	-10.458212	2.1024995
4.1729121	0.26939294	-10.4456	2.0860434
4.1729121	0.26327184	-10.467461	2.0737014
4.1947422	0.25876158	-10.463257	2.0819294
4.1853862	0.26005021	-10.310225	2.0695872
4.1963015	0.27035943	-10.460734	2.0901575
4.211894	0.27519184	-10.472507	2.0983853
4.2009792	0.27744699	-10.480074	2.1189551
4.2072163	0.26907077	-10.454007	2.0778153
4.2259274	0.27744699	-10.40692	2.0819294
4.2181311	0.27035943	-10.471665	2.0819294
4.2228088	0.27390319	-10.434669	2.0983853
4.2181311	0.27744699	-10.451485	2.0901575
4.2306051	0.263594	-10.4456	2.0737014
4.2259274	0.26681563	-10.450644	2.0942714
4.2399607	0.26166102	-10.451485	2.1066132
4.2415199	0.26037237	-10.45653	2.0613592
4.2461977	0.26488265	-10.45653	2.044903
4.247757	0.25586212	-10.478392	2.0490172
4.2508755	0.26617131	-10.386741	2.0942714
4.2539945	0.27390319	-10.467461	2.0778153
4.2524347	0.27164805	-10.472507	2.0695872
4.2586722	0.2764805	-10.332927	2.0778153
4.2664685	0.27390319	-10.443918	2.0819294
4.2664685	0.27229238	-10.469144	2.044903
4.269587	0.27486968	-10.467461	2.0572453
4.2727056	0.27486968	-10.477551	2.0695872
4.2820611	0.27873564	-10.433827	2.0654733
4.2851796	0.27583617	-10.468302	2.0531311
4.2867389	0.27680266	-10.473348	2.0613592
4.2929759	0.26617131	-10.458212	2.0325611
4.2898574	0.26294968	-10.453167	2.0819294
4.3023314	0.26617131	-10.316951	2.0531311
4.3070092	0.26456049	-10.471665	2.0490172
4.2867389	0.25811726	-10.451485	2.0737014
4.3163652	0.26133886	-10.432987	2.0490172
4.314806	0.26520482	-10.461576	2.044903
4.3101277	0.26939294	-10.327041	2.0572453
4.3194838	0.26745996	-10.472507	2.0572453
4.3226023	0.26617131	-10.469984	2.0572453
4.3257208	0.27519184	-10.423738	2.0572453
4.3303986	0.27197021	-10.469144	2.0531311
4.3506684	0.27132592	-10.353948	2.0202191
4.3444314	0.27454752	-10.469144	2.0490172
4.3553467	0.28389025	-10.478392	2.0531311
4.3569059	0.27776915	-10.362356	2.044903
4.3459907	0.27712482	-10.437191	2.044903
4.3537874	0.27164805	-10.454848	2.0531311
4.3647022	0.26423833	-10.482595	2.0284472
4.3662615	0.26262751	-10.459894	2.024333
4.3724985	0.26488265	-10.435509	2.0407891
4.3709393	0.25843942	-10.460734	2.036675
4.3647022	0.25908375	-10.451485	2.0490172
4.3584652	0.24941887	-10.430465	2.0202191
4.3802948	0.25457346	-10.451485	2.036675
4.3802948	0.25618428	-10.4456	2.036675
4.3849726	0.27035943	-10.452326	2.0654733
4.3818541	0.26391616	-10.45653	2.0284472
4.3974466	0.25747293	-10.449803	2.0284472
4.3974466	0.25843942	-10.451485	2.0161049
4.3974466	0.25586212	-10.440554	2.0202191
4.4021244	0.26681563	-10.483438	2.0325611
4.4052429	0.27358103	-10.444759	2.0490172
4.4083614	0.26584914	-10.373287	2.036675
4.4161582	0.2697151	-10.463257	2.036675
4.4114799	0.25843942	-10.46662	2.024333
4.4192767	0.25489563	-10.448963	2.0325611
4.4301915	0.25457346	-10.457372	2.0078769
4.4286323	0.2465194	-10.282476	2.0161049
4.4223952	0.25682861	-10.454007	2.0284472
4.4348693	0.24974103	-10.45653	2.0161049
4.4255137	0.25972804	-10.459894	2.0407891
4.4364285	0.263594	-10.45569	2.024333
4.4239545	0.2542513	-10.439713	2.011991
4.4379878	0.2542513	-10.461576	2.0202191
4.4379878	0.27519184	-10.464098	2.0572453
4.4489026	0.263594	-10.452326	2.0325611
4.4411063	0.26617131	-10.471665	2.0284472
4.4457841	0.26842645	-10.430465	2.0161049
4.4629359	0.26262751	-10.468302	2.003763
4.4442248	0.25553995	-10.467461	1.9996489
4.4582582	0.25489563	-10.422896	2.0202191
4.4644952	0.26456049	-10.446441	2.0325611
4.4676137	0.26842645	-10.468302	2.0202191
4.4769692	0.26230535	-10.459053	2.0325611
4.4707322	0.25618428	-10.486801	2.003763
4.4832067	0.24490859	-10.597791	1.979079
4.4832067	0.24587508	-10.484279	2.011991
4.4676137	0.24748589	-10.444759	1.9996489
4.4863253	0.25457346	-10.486801	2.003763
4.4769692	0.25231832	-10.458212	1.9955349
4.4800882	0.24941887	-10.439713	1.983193
4.4722915	0.25650644	-10.45569	2.024333
4.47541	0.24941887	-10.465779	1.9996489
4.5019178	0.25747293	-10.443076	1.9914209
4.4956808	0.25553995	-10.47671	1.9996489
4.5003586	0.25199616	-10.364038	1.9873068
4.4987993	0.26037237	-10.45569	2.011991
4.4972401	0.25715077	-10.473348	1.9996489
4.5065956	0.25328481	-10.491845	2.0161049
4.5128326	0.25876158	-10.446441	2.036675
4.5206289	0.24909671	-10.443918	1.9873068
4.5112734	0.24845238	-10.451485	1.9996489
4.5128326	0.25521779	-10.496891	2.011991
4.5159512	0.25586212	-10.404398	1.9955349
4.5253067	0.25586212	-10.467461	1.9914209
4.5159512	0.26069453	-10.48596	2.0284472
4.5221882	0.26874861	-10.467461	2.003763
4.5175104	0.2729367	-10.459053	2.0325611
4.5253067	0.25972804	-10.321996	1.979079
4.5299845	0.26842645	-10.467461	2.011991
4.53934	0.25876158	-10.471665	1.9543948
4.5253067	0.26810429	-10.450644	2.0407891
4.53934	0.26327184	-10.457372	1.9955349
4.5362215	0.25264049	-10.378332	1.979079
4.5362215	0.2542513	-10.428782	1.9914209
4.5518146	0.25264049	-10.48596	1.9996489
4.533103	0.25650644	-10.427101	1.9955349
4.5440183	0.25360698	-10.480914	1.9955349
4.53934	0.25457346	-10.41701	1.9996489
4.5362215	0.26391616	-10.464938	2.036675
4.5377808	0.26778212	-10.460734	2.0078769
4.5440183	0.26423833	-10.706259	1.9708509
4.5580516	0.27197021	-10.46662	1.983193
4.5611701	0.26681563	-10.45653	2.0161049
4.5627294	0.27712482	-10.454007	1.9955349
4.5611701	0.2729367	-10.435509	1.9873068
4.5720849	0.27164805	-10.367401	1.9914209
4.5564923	0.26552698	-10.452326	1.9667369
4.5674071	0.27325886	-10.463257	2.003763
4.5783219	0.26230535	-10.460734	1.979079
4.5720849	0.26262751	-10.440554	1.9873068
4.5689664	0.26166102	-10.440554	2.003763
4.5705256	0.25618428	-10.470825	1.9955349
4.5564923	0.24974103	-10.473348	1.983193
4.5627294	0.24329779	-10.319473	1.9379387
4.5596108	0.24329779	-10.45653	1.9914209
4.5767627	0.24361995	-10.432987	1.9708509
4.584559	0.24716373	-10.433827	1.979079
4.5892367	0.25843942	-10.448963	1.9955349
4.5954738	0.26133886	-10.451485	1.9914209
4.6017108	0.26262751	-10.491005	1.9955349
4.5923553	0.263594	-10.47671	1.979079
4.6048298	0.26262751	-10.480914	1.9914209
4.6032705	0.26810429	-10.471665	2.003763
4.6048298	0.26488265	-10.376651	1.9996489
4.6110663	0.26262751	-10.487641	1.979079
4.5923553	0.25972804	-10.494368	1.9955349
4.6048298	0.26166102	-10.475869	1.9914209
4.6001515	0.26649347	-10.470825	1.9955349
4.5954738	0.26005021	-10.286681	1.979079
4.6063886	0.25553995	-10.467461	1.9914209
4.6110663	0.24684156	-10.459053	1.979079
4.6141849	0.25360698	-10.482595	1.979079
4.6188626	0.26005021	-10.459053	1.974965
4.6173034	0.26423833	-10.380855	1.974965
4.6297774	0.25876158	-10.454007	1.979079
4.6173034	0.26166102	-10.475869	1.9708509
4.6017108	0.27519184	-10.433827	1.9914209
4.6173034	0.25940588	-10.464098	1.9585088
4.6266589	0.26520482	-10.437191	1.9543948
4.6235404	0.25231832	-10.448122	1.9667369
4.6282182	0.25231832	-10.453167	1.9585088
4.6250997	0.25102967	-10.459894	1.9708509
4.6173034	0.25231832	-10.463257	1.983193
4.6235404	0.25360698	-10.332927	1.9585088
4.6266589	0.25715077	-10.431305	1.9667369
4.6141849	0.25521779	-10.473348	1.9955349
4.6235404	0.26488265	-10.481755	1.9914209
4.6219811	0.2610167	-10.450644	1.9996489
4.6360145	0.25715077	-10.350584	1.9585088
4.6188626	0.25876158	-10.447281	1.9667369
4.6344552	0.26584914	-10.464938	1.974965
4.6328959	0.263594	-10.379173	1.9461668
4.6235404	0.25811726	-10.450644	1.9585088
4.6313367	0.26037237	-10.397672	1.9667369
4.6438112	0.26198319	-10.433827	1.9626229
4.639133	0.25747293	-10.460734	1.983193
4.6360145	0.26745996	-10.3859	1.9626229
4.654726	0.25843942	-10.457372	1.9502808
4.6516075	0.25650644	-10.469144	1.9708509
4.6360145	0.25843942	-10.457372	1.974965
4.648489	0.25070751	-10.448963	1.9543948
4.6469297	0.25489563	-10.461576	1.9667369
4.6438112	0.25102967	-10.465779	1.9626229
4.6469297	0.25618428	-10.448963	1.9955349
4.6453705	0.25392914	-10.469144	1.9708509
4.6313367	0.25715077	-10.468302	1.9708509
4.6453705	0.25876158	-10.473348	1.974965
4.6375737	0.25296265	-10.475029	1.9626229
4.6328959	0.26198319	-10.447281	1.9667369
4.642252	0.25553995	-10.45653	1.9543948
4.6266589	0.26005021	-10.452326	1.983193
4.6313367	0.2671378	-10.458212	2.0078769
4.639133	0.26456049	-10.431305	1.9626229
4.6469297	0.26327184	-10.472507	1.9585088
4.6297774	0.26617131	-10.411124	1.979079
4.639133	0.25135183	-10.460734	1.9461668
4.6219811	0.25328481	-10.462417	1.9585088
4.6048298	0.24909671	-10.397672	1.9914209
4.6282182	0.24490859	-10.45653	1.9461668
4.6141849	0.24039832	-10.438032	1.979079
4.6063886	0.24941887	-10.449803	1.9708509
4.6110663	0.25102967	-10.454848	1.9543948
4.6032705	0.26069453	-10.449803	1.9667369
4.6048298	0.26005021	-10.467461	1.9955349
4.5861182	0.25135183	-10.446441	1.9708509
4.5892367	0.263594	-10.469144	1.983193
4.5892367	0.26874861	-10.475029	1.979079
4.5752034	0.26745996	-10.338813	1.983193
4.5829997	0.26842645	-10.469144	1.9667369
4.5752034	0.25972804	-10.458212	1.9626229
4.5674071	0.26745996	-10.454007	1.9873068
4.5642886	0.26069453	-10.470825	1.9873068
4.5627294	0.26939294	-10.45569	1.9873068
4.5362215	0.25650644	-10.428782	1.9502808
4.5315437	0.25328481	-10.468302	1.9585088
4.5455775	0.2439421	-10.422896	1.9502808
4.53934	0.24329779	-10.459053	1.9461668
4.526866	0.24587508	-10.454848	1.9708509
4.5221882	0.25231832	-10.46662	1.979079
4.5081549	0.25457346	-10.454007	1.9955349
4.5065956	0.25231832	-10.327882	1.9626229
4.4816475	0.25521779	-10.439713	1.9543948
4.4972401	0.25747293	-10.457372	1.9626229
4.4832067	0.26391616	-10.485119	1.9873068
4.4707322	0.27325886	-10.47671	1.9996489
4.4832067	0.26649347	-10.28584	1.9585088
4.4613767	0.27261454	-10.453167	1.9502808
4.4551396	0.26294968	-10.480914	1.983193
4.4504619	0.26423833	-10.45569	1.974965
4.4395471	0.263594	-10.440554	1.979079
4.4114799	0.25457346	-10.409443	1.979079
4.4099207	0.25586212	-10.447281	1.9667369
4.4130392	0.25457346	-10.448122	1.9626229
4.4021244	0.25231832	-10.392627	1.9502808
4.3802948	0.2577951	-10.431305	1.9708509
4.3849726	0.24941887	-10.353948	1.9667369
4.36938	0.24780805	-10.438872	1.9585088
4.3537874	0.25682861	-10.469144	1.9708509
4.3506684	0.25682861	-10.265659	1.9585088
4.3615837	0.26037237	-10.460734	1.9667369
4.3397541	0.26778212	-10.472507	1.9667369
4.3257208	0.27132592	-10.464098	1.9873068
4.3007722	0.27068159	-10.488482	1.979079
4.30545	0.26327184	-10.464938	1.9667369
4.2898574	0.25747293	-10.469144	1.9708509
4.2711463	0.25908375	-10.475029	1.9708509
4.2493162	0.25747293	-10.452326	1.9708509
4.2524347	0.25038534	-10.442237	1.979079
4.2306051	0.2423313	-10.430465	1.9585088
4.2290459	0.24104264	-10.462417	1.9585088
4.2228088	0.2371767	-10.478392	1.9461668
4.1963015	0.24845238	-10.467461	1.983193
4.1822677	0.25038534	-10.477551	1.9626229
4.1838269	0.26327184	-10.425419	1.9996489
4.1510825	0.26133886	-10.459894	1.9996489
4.1495233	0.25843942	-10.467461	1.979079
4.1386085	0.27325886	-10.432146	2.0161049
4.1292529	0.28163511	-10.489323	1.9914209
4.1214561	0.26133886	-10.464098	1.9626229
4.1105413	0.26262751	-10.457372	1.9708509
4.0902715	0.25392914	-10.469984	1.9667369
4.0684414	0.25296265	-10.403557	1.974965
4.048171	0.25296265	-10.45653	1.9914209
4.0466118	0.24748589	-10.454007	1.9873068
4.0310192	0.25747293	-10.4456	1.9996489
4.0154262	0.25715077	-10.446441	1.9667369
3.9858003	0.24974103	-10.460734	1.9996489
3.9858003	0.26552698	-10.460734	2.003763
3.9686482	0.25586212	-10.458212	1.9873068
3.9577334	0.25457346	-10.480914	1.983193
3.9296665	0.26520482	-10.464938	1.9955349
3.9140737	0.26166102	-10.479233	1.9914209
3.9015996	0.26423833	-10.469984	2.024333
3.8828888	0.26262751	-10.452326	2.003763
3.8719738	0.263594	-10.473348	2.011991
3.8563812	0.2610167	-10.45653	1.9955349
3.8532627	0.26391616	-10.446441	2.0202191
3.826755	0.26520482	-10.479233	1.9955349
3.8033659	0.25747293	-10.475029	2.003763
3.7862139	0.25876158	-10.370765	2.0078769
3.7659435	0.26005021	-10.467461	2.024333
3.75191	0.25070751	-10.469144	1.9873068
3.7425544	0.25392914	-10.451485	1.9873068
3.7129283	0.26327184	-10.500254	2.0161049
3.6942172	0.26488265	-10.443918	2.0325611
3.6770654	0.26133886	-10.46662	2.0161049
3.652117	0.27583617	-10.464098	2.044903
3.6334059	0.27454752	-10.444759	2.0202191
3.6193724	0.27519184	-10.464098	2.0325611
3.5959835	0.26939294	-10.395989	2.0161049
3.5803907	0.27068159	-10.448963	2.011991
3.5616794	0.27132592	-10.468302	2.0284472
3.5523238	0.26874861	-10.423738	2.0284472
3.5055459	0.26810429	-10.472507	2.044903
3.4977493	0.26037237	-10.262297	2.011991
3.4774792	0.26005021	-10.479233	2.024333
3.4416161	0.25618428	-10.458212	2.044903
3.435379	0.25682861	-10.335449	2.024333
3.4104307	0.25908375	-10.485119	2.0572453
3.3917193	0.25586212	-10.463257	2.0325611
3.360534	0.25715077	-10.463257	2.0490172
3.3387043	0.26649347	-10.475869	2.0860434
3.3121967	0.27229238	-10.352266	2.0613592
3.2856894	0.27261454	-10.467461	2.0778153
3.260741	0.27358103	-10.45653	2.1066132
3.2435892	0.27197021	-10.46662	2.0531311
3.2092853	0.26327184	-10.443918	2.0490172
3.1936924	0.26874861	-10.434669	2.0572453
3.1858962	0.26907077	-10.454007	2.0572453
3.1453552	0.26262751	-10.464938	2.0531311
3.1375587	0.25940588	-10.469984	2.0654733
3.0954587	0.26778212	-10.45653	2.1066132
3.0642734	0.27358103	-10.597791	2.1189551
3.0455623	0.26552698	-10.46662	2.0860434
3.0096989	0.26681563	-10.460734	2.1148412
2.992547	0.26488265	-10.391786	2.0942714
2.9675987	0.25553995	-10.496049	2.1024995
2.9239395	0.25231832	-10.477551	2.0983853
2.8974319	0.25715077	-10.448122	2.1189551
2.8958726	0.25843942	-10.478392	2.1107271
2.8615687	0.25972804	-10.421215	2.1271832
2.8194685	0.27583617	-10.45569	2.1436393
2.8007572	0.2884005	-10.468302	2.1683235
2.7789276	0.26939294	-10.481755	2.1354113
2.7477422	0.27873564	-10.465779	2.1518674
2.7196755	0.28260159	-10.333768	2.1847796
2.6853714	0.2858232	-10.472507	2.1642094
2.6713381	0.28421238	-10.479233	2.1600955
2.6323566	0.2764805	-10.404398	2.1806655
2.5964935	0.27454752	-10.453167	2.1765516
2.5824599	0.2610167	-10.3262	2.1642094
2.5512745	0.26617131	-10.459894	2.1888936
2.5247669	0.27164805	-10.471665	2.1971216
2.4998188	0.26617131	-10.358151	2.2012355
2.4608374	0.27132592	-10.452326	2.1971216
2.429652	0.27358103	-10.467461	2.2094636
2.4078221	0.27744699	-10.485119	2.2341478
2.3735182	0.28517887	-10.454007	2.2259197
2.3501294	0.29001132	-10.431305	2.2135777
2.3158255	0.29581025	-10.478392	2.2464898
2.2877586	0.29162213	-10.454007	2.2053497
2.2550139	0.28099078	-10.465779	2.2794018
2.2316251	0.27712482	-10.454848	2.2382619
2.2004397	0.27712482	-10.382536	2.2464898
2.1645765	0.27422535	-10.459053	2.258832
2.148984	0.27937996	-10.451485	2.258832
2.1255949	0.27970213	-10.469144	2.2629457
2.0897317	0.28131294	-10.462417	2.2752876
2.0616651	0.28389025	-10.45653	2.2917438
2.0242426	0.28131294	-10.451485	2.3164279
2.0070908	0.2790578	-10.460734	2.2917438
1.9696683	0.2790578	-10.436351	2.2999718
1.9431609	0.28421238	-10.464938	2.3081999
1.921331	0.2790578	-10.443076	2.2999718
1.8885864	0.29581025	-10.493526	2.357568
1.8651975	0.28872266	-10.478392	2.3287699
1.8308936	0.28743401	-10.364038	2.3534541
1.7981491	0.29516593	-10.459894	2.3863664
1.7872342	0.29645458	-10.451485	2.3411121
1.738897	0.301287	-10.454848	2.3616822
1.7295413	0.30032051	-10.485119	2.3657961
1.685882	0.29581025	-10.349744	2.3863664
1.6749671	0.27712482	-10.46662	2.357568
1.6640522	0.27937996	-10.45569	2.3699102
1.6172743	0.27358103	-10.484279	2.3657961
1.5860889	0.27583617	-10.477551	2.4110503
1.575174	0.28163511	-10.3859	2.3987083
1.5564629	0.28324592	-10.470825	2.3987083
1.5408702	0.28292376	-10.472507	2.3904803
1.4831774	0.28807834	-10.442237	2.4439621
1.4707032	0.29065564	-10.448122	2.4069364
1.4488734	0.28324592	-10.311906	2.3904803
1.451992	0.28711185	-10.490164	2.4233921
1.3989769	0.29065564	-10.47671	2.4604182
1.3833842	0.28743401	-10.427101	2.4316201
1.3521991	0.30096483	-10.448122	2.4727604
1.3428434	0.29001132	-10.377492	2.4357343
1.3225729	0.29258862	-10.492686	2.4851024
1.3054211	0.29065564	-10.469144	2.4563043
1.2726765	0.29355511	-10.22614	2.4768744
1.2430505	0.29001132	-10.458212	2.4851024
1.235254	0.2884005	-10.457372	2.5097866
1.229017	0.28389025	-10.447281	2.4686463
1.1962725	0.28324592	-10.461576	2.4809885
1.176002	0.29226646	-10.393467	2.5015585
1.1744428	0.28904483	-10.471665	2.5221286
1.1416981	0.28646752	-10.440554	2.4974446
1.1167499	0.29645458	-10.446441	2.5344708
1.1105129	0.30644161	-10.457372	2.5262427
1.0995979	0.30257565	-10.394308	2.5139005
1.0730904	0.29999834	-10.454007	2.5303566
1.0543793	0.3106297	-10.441395	2.5550408
1.0387866	0.30450863	-10.469984	2.571497
1.0450237	0.30901891	-10.459894	2.5756109
1.0216347	0.30708593	-10.429624	2.5632689
0.99200863	0.29999834	-10.468302	2.5550408
0.97953451	0.30064267	-10.453167	2.5756109
0.97953451	0.30998537	-10.479233	2.5838389
0.95302701	0.30837458	-10.440554	2.5920668
0.93587512	0.31642863	-10.441395	2.6085227
0.92028242	0.31739512	-10.454848	2.6085227
0.90001196	0.31256267	-10.492686	2.6249788
0.90001196	0.30450863	-10.450644	2.5879526
0.8875379	0.30740809	-10.464098	2.6208649
0.85791183	0.31836161	-10.441395	2.637321
0.87818229	0.31159618	-10.490164	2.6249788
0.86726737	0.3106297	-10.458212	2.6249788
0.83296359	0.30934107	-10.460734	2.6290929
0.80801529	0.31803945	-10.424579	2.670233
0.80957454	0.32963729	-10.47671	2.6620049
0.80801529	0.3193281	-10.332927	2.649663
0.80333757	0.31546214	-10.483438	2.6537769
0.77215225	0.30644161	-10.53641	2.6784611
0.76279664	0.30096483	-10.441395	2.6784611
0.7643559	0.30321997	-10.443918	2.6825752
0.75967807	0.30579728	-10.286681	2.6825752
0.74720401	0.31900594	-10.459053	2.7237153
0.7378484	0.32319403	-10.464098	2.7113733
0.73628914	0.32158324	-10.438872	2.6990314
0.70822233	0.32609349	-10.45569	2.7237153
0.71601868	0.31288484	-10.378332	2.7072592
0.68639266	0.313207	-10.45569	2.7072592
0.70510381	0.32029459	-10.484279	2.7072592
0.68483335	0.31642863	-10.473348	2.7237153
0.66924065	0.33414757	-10.485119	2.7607412
0.65520734	0.32673782	-10.317792	2.7319434
0.65832585	0.32834864	-10.463257	2.7771974
0.63181835	0.33446974	-10.493526	2.7689693
0.6505295	0.32383835	-10.489323	2.7319434
0.6131072	0.32351619	-10.452326	2.7648551
0.59595525	0.32899296	-10.436351	2.8018816
0.61778492	0.31481782	-10.45569	2.7607412
0.61622566	0.30483079	-10.475029	2.7566271
0.58815891	0.3193281	-10.430465	2.8059955
0.59907377	0.30547512	-10.475029	2.7936535
0.57568479	0.31513998	-10.440554	2.8142235
0.55853289	0.31417349	-10.471665	2.8059955
0.56632918	0.32738215	-10.488482	2.8059955
0.54917729	0.34091297	-10.435509	2.8471358
0.5522958	0.33833566	-10.442237	2.7936535
0.53514391	0.34252378	-10.448963	2.8265655
0.53982168	0.33414757	-10.45653	2.8101094
0.53046608	0.3286708	-10.47671	2.8512497
0.5429402	0.33350325	-10.415329	2.8389077
0.53826243	0.32673782	-10.489323	2.8265655
0.51487345	0.31900594	-10.46662	2.8183374
0.51955122	0.3193281	-10.440554	2.8553638
0.50084007	0.31481782	-10.447281	2.8553638
0.50395858	0.31900594	-10.411124	2.8471358
0.49928078	0.32416052	-10.461576	2.8635917
0.4805696	0.3312481	-10.467461	2.8759339
0.48992521	0.32448268	-10.460734	2.8430216
0.46341768	0.31256267	-10.41701	2.2464898
0.47745109	0.30998537	-10.468302	2.3740242
0.47745109	0.30483079	-10.430465	2.6949172
0.47745109	0.3219054	-10.481755	2.8553638
0.48368815	0.32931513	-10.374969	2.8759339
0.48368815	0.32480484	-10.428782	2.8594778
0.46497697	0.31771728	-10.461576	2.8759339
0.45873991	0.32673782	-10.451485	2.8759339
0.46341768	0.32770431	-10.436351	2.89239
0.46653622	0.32931513	-10.413648	2.9006181
0.43691018	0.34123513	-10.464938	2.9540999
0.46185842	0.33221459	-10.473348	2.7771974
0.44002873	0.3038643	-10.458212	2.2382619
0.44626576	0.2858232	-10.480914	2.3616822
0.45250285	0.29870969	-10.810523	2.7237153
0.42131752	0.31642863	-10.443918	2.904732
0.43846944	0.31771728	-10.464938	2.9787841
0.43691018	0.30321997	-10.399353	2.2506039
0.42755461	0.29903185	-10.467461	2.4233921
0.40416563	0.31546214	-10.421215	2.7607412
0.43067312	0.3193281	-10.463257	2.8882759
0.42131752	0.32673782	-10.47671	2.9335299
0.4135212	0.34252378	-10.448122	2.962328
0.41508049	0.35186648	-10.46662	2.982898
0.40260637	0.35122216	-10.436351	2.962328
0.4135212	0.33994648	-10.467461	2.9335299
0.40728414	0.34703407	-10.489323	2.9746699
0.38857296	0.34574541	-10.351425	2.982898
0.42911386	0.34091297	-10.47671	2.962328
0.38857296	0.34316811	-10.469984	3.0158103
0.39013225	0.31546214	-10.467461	2.2794018
0.39169151	0.30515295	-10.444759	2.4275062
0.39948782	0.31095186	-10.430465	2.7648551
0.39636928	0.31449565	-10.475029	2.9417579
0.39481002	0.33318108	-10.47671	3.0034683
0.38389516	0.34961134	-10.343858	3.0363803
0.39013225	0.34638974	-10.450644	3.0034683
0.37921739	0.33640268	-10.481755	2.9993541
0.3823359	0.33092594	-10.472507	2.9870121
0.38077661	0.33865783	-10.460734	3.0199242
0.38545445	0.30611944	-10.421215	2.2752876
0.37298033	0.29999834	-10.47671	2.4480762
0.38857296	0.31417349	-10.469984	2.8183374
0.37765813	0.32222757	-10.460734	2.9911261
0.37921739	0.32544917	-10.485119	3.0240383
0.3870137	0.32416052	-10.451485	3.0487225
0.36050621	0.33414757	-10.469984	3.0651786
0.37298033	0.33318108	-10.459894	3.0281522
0.36362472	0.33253676	-10.424579	3.0404944
0.38389516	0.34542325	-10.454007	3.0528364
0.36518401	0.32802647	-10.422056	3.0158103
0.3823359	0.33092594	-10.505299	3.0281522
0.37921739	0.33350325	-10.490164	3.0528364
0.37765813	0.33350325	-10.378332	3.0528364
0.38389516	0.33704701	-10.473348	3.0651786
0.36674324	0.33414757	-10.30602	3.0816343
0.37298033	0.33575836	-10.446441	3.0569506
0.36518401	0.34477893	-10.448963	3.1063185
0.37453958	0.3405908	-10.419534	3.0816343
0.36362472	0.34091297	-10.438032	3.0939763
0.36674324	0.33511406	-10.465779	3.0857482
0.36674324	0.35122216	-10.461576	3.1186604
0.37298033	0.33672485	-10.464098	3.0816343
0.37298033	0.34123513	-10.45653	3.1351166
0.38389516	0.3441346	-10.485119	3.1186604
0.36830249	0.34477893	-10.457372	3.1351166
0.37609884	0.34574541	-10.441395	3.1268885
0.38857296	0.34316811	-10.492686	3.1227744
0.37298033	0.33608052	-10.449803	3.1268885
0.34803209	0.35508811	-10.45569	3.1762567
0.36518401	0.33414757	-10.443918	3.1268885
0.36362472	0.34445676	-10.444759	3.2009408
0.37298033	0.34993351	-10.501936	3.1885989
0.36050621	0.34928918	-10.297611	3.1844847
0.36362472	0.34703407	-10.460734	3.1762567
0.38077661	0.34703407	-10.475029	3.1885989
0.34023574	0.35863191	-10.343017	3.2215111
0.37765813	0.34767839	-10.458212	3.205055
0.36674324	0.35798758	-10.474188	3.2215111
0.37298033	0.35895407	-10.489323	3.2503088
0.37453958	0.35251081	-10.454007	3.237967
0.37765813	0.34316811	-10.347221	3.225625
0.36050621	0.35766542	-10.46662	3.2667649
0.36830249	0.34864488	-10.443918	3.2667649
0.3823359	0.35702109	-10.477551	3.2667649
0.38389516	0.34928918	-10.479233	3.2503088
0.37142104	0.35218865	-10.41701	3.262651
0.36050621	0.33769134	-10.448122	2.4892166
0.37453958	0.33060378	-10.460734	2.6290929
0.36986178	0.3312481	-10.452326	3.0569506
0.36674324	0.34284595	-10.500254	3.2708788
0.35270989	0.35766542	-10.40692	3.3572733
0.37609884	0.36120921	-10.465779	3.3161333
0.35894692	0.3595984	-10.454007	3.3449314
0.35426912	0.3715184	-10.908902	3.3696156
0.36206546	0.35573244	-10.443918	3.3325891
0.36830249	0.3595984	-10.383377	3.3655014
0.35582837	0.37055191	-10.457372	3.3984137
0.37609884	0.36185354	-10.461576	3.3408172
0.37298033	0.36797461	-10.4456	3.3984137
0.36986178	0.37409571	-10.464098	3.4025276
0.37609884	0.36926326	-10.461576	3.3737295
0.35738766	0.37022975	-10.435509	3.3984137
0.36830249	0.37087408	-10.454848	3.4189835
0.34959134	0.37087408	-10.417851	3.4230974
0.37142104	0.37989461	-10.498572	3.4313254
0.37142104	0.37699515	-10.47671	3.4189835
0.36050621	0.36475298	-10.440554	3.4148698
0.35270989	0.36797461	-10.453167	3.4601235
0.37921739	0.36120921	-10.335449	3.4436674
0.36206546	0.35283297	-10.438872	3.4395535
0.36362472	0.36185354	-10.454848	3.4806936
0.35270989	0.35541028	-10.444759	3.4765797
0.35894692	0.36088705	-10.462417	3.4930358
0.37298033	0.3534773	-10.407762	3.4642377
0.36518401	0.36410865	-10.464938	3.5136058
0.35582837	0.36120921	-10.457372	3.51772
0.35270989	0.36829677	-10.314428	3.5218339
0.3464728	0.37731731	-10.468302	3.5465181
0.34023574	0.38569355	-10.464938	3.5588601
0.35582837	0.39342543	-10.454848	3.530062
0.36206546	0.3902038	-10.464938	3.5670881
0.36518401	0.38891518	-10.454007	3.5753162
0.36050621	0.39117029	-10.480914	3.5712023
0.36050621	0.39825788	-10.470825	3.5670881
0.37142104	0.39535841	-10.474188	3.5588601
0.36050621	0.39729139	-10.474188	3.5835443
0.38077661	0.39954653	-10.4456	3.6123421
0.35894692	0.39245895	-10.464098	3.616456
0.37298033	0.37538436	-10.464098	3.5917718
0.37298033	0.37441787	-10.470825	3.595886
0.36362472	0.3808611	-10.477551	3.616456
0.34803209	0.38504922	-10.342176	3.6617103
0.37298033	0.37957245	-10.437191	3.6287982
0.36206546	0.38730437	-10.443918	3.6493683
0.37453958	0.38279408	-10.457372	3.6411402
0.36518401	0.38633788	-10.464938	3.6123421
0.37609884	0.3467119	-10.376651	2.6249788
0.36362472	0.34896702	-10.463257	2.8759339
0.36518401	0.34896702	-10.427101	3.3490453
0.37453958	0.36217567	-10.427101	3.6287982
0.34803209	0.37763947	-10.443076	3.6946225
0.37142104	0.37602866	-10.46662	3.7110786
0.37298033	0.38214976	-10.471665	3.7151926
0.38389516	0.38214976	-10.478392	3.6822805
0.35894692	0.38794869	-10.4456	3.7193067
0.35426912	0.38794869	-10.448122	3.7193067
0.35270989	0.38762653	-10.459894	3.7193067
0.3464728	0.39664707	-10.459053	3.7727885
0.35582837	0.39310327	-10.432146	3.7069645
0.36986178	0.38633788	-10.468302	3.7151926
0.35894692	0.40373462	-10.491005	3.7604468
0.34803209	0.41597682	-10.480074	3.7810166
0.36674324	0.40727842	-10.469984	3.7563329
0.36518401	0.40663409	-10.461576	3.7645609
0.35426912	0.41211087	-10.440554	3.7727885
0.37921739	0.40534544	-10.457372	3.7727885
0.37765813	0.39793572	-10.472507	3.6822805
0.3823359	0.37184057	-10.480914	2.7689693
0.38389516	0.36024272	-10.454007	3.0034683
0.39169151	0.36958542	-10.485119	3.5094919
0.37921739	0.38343841	-10.487641	3.7604468
0.37142104	0.39117029	-10.443076	3.838613
0.3823359	0.3963249	-10.388422	3.8344989
0.39169151	0.39439192	-10.475029	3.838613
0.39169151	0.39342543	-10.480914	3.838613
0.40728414	0.38182759	-10.471665	3.830385
0.38857296	0.38311625	-10.377492	3.863297
0.38545445	0.39406976	-10.444759	3.9003232
0.39636928	0.40147951	-10.448122	3.8591831
0.3823359	0.40534544	-10.449803	3.8797531
0.38389516	0.41339952	-10.465779	3.9003232
0.40572491	0.41404384	-10.350584	3.8962092
0.38545445	0.41790977	-10.464098	3.8962092
0.39792857	0.37763947	-10.451485	2.7771974
0.40416563	0.3441346	-10.453167	3.0034683
0.39636928	0.37055191	-10.45569	3.616456
0.39792857	0.38150543	-10.459053	3.8550689
0.39169151	0.38730437	-10.446441	3.9250073
0.39169151	0.39471409	-10.469984	3.9414635
0.39325073	0.402446	-10.458212	3.9538052
0.39169151	0.40147951	-10.325359	3.9250073
0.39948782	0.41211087	-10.483438	3.9538052
0.39948782	0.40341246	-10.46662	3.9414635
0.39792857	0.4092114	-10.474188	3.9990594
0.42287678	0.40760058	-10.491845	3.9496911
0.40572491	0.41017789	-10.439713	3.9620333
0.39169151	0.41339952	-10.448122	3.9743752
0.40260637	0.42048708	-10.470825	3.9867175
0.3823359	0.42403087	-10.448122	3.9743752
0.38389516	0.41307735	-10.45653	3.9908314
0.4088434	0.40792274	-10.369082	3.9949453
0.40728414	0.41662115	-10.480074	4.0278578
0.39636928	0.40212384	-10.459894	3.9949453
0.39792857	0.40695626	-10.464098	4.0196295
0.40416563	0.40663409	-10.441395	4.0031734
0.40260637	0.40437895	-10.436351	4.0196295
0.38545445	0.42306438	-10.444759	4.0689979
0.39792857	0.41307735	-10.465779	4.0237436
0.39636928	0.40663409	-10.409443	4.0319715
0.38857296	0.41887626	-10.454007	4.0648837
0.4135212	0.4117887	-10.480914	4.0319715
0.40416563	0.40309033	-10.45653	4.0196295
0.40416563	0.37957245	-10.472507	2.8635917
0.40416563	0.35927624	-10.453167	3.1186604
0.4088434	0.38214976	-10.430465	3.6905084
0.40104708	0.38762653	-10.459053	3.9743752
0.40572491	0.41146654	-10.472507	4.0689979
0.3870137	0.40212384	-10.46662	4.073112
0.39792857	0.40341246	-10.438872	4.097796
0.40416563	0.41243303	-10.473348	4.0895681
0.4088434	0.40631193	-10.36572	4.073112
0.3870137	0.40824491	-10.454848	4.097796
0.40104708	0.42306438	-10.396831	4.1224799
0.41040266	0.41629899	-10.461576	4.0813398
0.39325073	0.42564169	-10.364879	4.1265936
0.39169151	0.42242005	-10.436351	4.1101379
0.39325073	0.42370871	-10.450644	4.1019101
0.39325073	0.42564169	-10.440554	4.1060238
0.39325073	0.42821899	-10.472507	4.1307077
0.40416563	0.42950764	-10.475029	4.1060238
0.41040266	0.42338654	-10.483438	4.1430497
0.41196194	0.42209789	-10.469144	4.1265936
0.4088434	0.42048708	-10.465779	4.0319715
0.39013225	0.37796164	-10.741574	2.9335299
0.3870137	0.37602866	-10.458212	3.2132831
0.41196194	0.37345138	-10.440554	3.7398767
0.3870137	0.402446	-10.443918	4.0895681
0.39636928	0.41597682	-10.481755	4.1718478
0.41040266	0.40792274	-10.367401	4.1307077
0.40260637	0.37216273	-10.479233	2.9458718
0.41975826	0.36056489	-10.500254	3.1885989
0.40104708	0.38472706	-10.451485	3.7974727
0.41663975	0.39696923	-10.479233	4.0607696
0.40572491	0.41275519	-10.311065	4.1718478
0.42131752	0.42435303	-10.462417	4.1718478
0.4088434	0.42338654	-10.464098	4.1718478
0.4088434	0.44110548	-10.465779	4.2088742
0.39792857	0.44400495	-10.469144	4.138936
0.39948782	0.3963249	-10.453167	2.949986
0.418199	0.38182759	-10.477551	3.2091689
0.41196194	0.39568058	-10.490164	3.830385
0.40728414	0.41082221	-10.463257	4.1101379
0.41196194	0.42306438	-10.479233	4.2047601
0.39792857	0.43949467	-10.443918	4.2335582
0.39792857	0.43369573	-10.460734	4.2253304
0.39636928	0.42854115	-10.463257	4.2171021
0.38389516	0.43272924	-10.390103	4.2294445
0.4088434	0.42564169	-10.459053	4.2212162
0.40104708	0.4307963	-10.21605	4.2376723
0.40416563	0.41952059	-10.487641	4.2006464
0.39325073	0.3844049	-10.454848	2.9540999
0.39792857	0.37699515	-10.47671	3.217397
0.40416563	0.39471409	-10.471665	3.8674111
0.38545445	0.4246752	-10.444759	4.1883039
0.41040266	0.42274222	-10.483438	4.2376723
0.39948782	0.4246752	-10.451485	4.2459006
0.38857296	0.44174981	-10.449803	4.2870407
0.40104708	0.44561577	-10.447281	4.2541285
0.40260637	0.43015197	-10.454848	4.2376723
0.40572491	0.43691736	-10.4456	4.2582426
0.3870137	0.44207197	-10.484279	4.3076105
0.40104708	0.43788385	-10.470825	4.2541285
0.41196194	0.41952059	-10.464098	4.2417865
0.39792857	0.4211314	-10.450644	4.2335582
0.39792857	0.42757466	-10.359834	4.2664704
0.39636928	0.43208492	-10.465779	4.2664704
0.41975826	0.42209789	-10.464098	4.2294445
0.41196194	0.42370871	-10.450644	4.2541285
0.3823359	0.43369573	-10.434669	4.2829266
0.4088434	0.43595088	-10.308542	4.2582426
0.41040266	0.43949467	-10.45653	4.2541285
0.418199	0.43820602	-10.486801	4.2582426
0.4088434	0.43788385	-10.444759	4.2623563
0.418199	0.43144059	-10.443918	4.2459006
0.40104708	0.42145357	-10.392627	4.2500143
0.40572491	0.42338654	-10.468302	4.2417865
0.40416563	0.4340179	-10.467461	4.2788124
0.39169151	0.44980386	-10.382536	4.3199525
0.40572491	0.4365952	-10.443918	4.2664704
0.41040266	0.43949467	-10.3859	4.2993827
0.40260637	0.44078332	-10.467461	4.1841903
0.39013225	0.39278111	-10.444759	2.970556
0.40728414	0.37345138	-10.366561	3.1680288
0.41508049	0.33704701	-10.474188	2.5756109
0.40572491	0.35218865	-10.47671	3.1639147
0.39013225	0.38601571	-10.464938	3.9085512
0.40416563	0.40309033	-10.437191	4.1883039
0.39325073	0.41436601	-10.364879	4.2829266
0.39792857	0.42918548	-10.481755	4.2870407
0.40728414	0.43562871	-10.438032	4.3076105
0.39948782	0.44658223	-10.48596	4.2829266
0.39948782	0.44368279	-10.482595	4.2952685
0.4135212	0.43337357	-10.442237	4.2746987
0.38857296	0.43047413	-10.446441	4.2746987
0.39636928	0.43691736	-10.478392	4.2911549
0.4088434	0.43723953	-10.452326	4.3034964
0.41663975	0.42145357	-10.473348	4.2705846
0.39636928	0.42757466	-10.427101	4.3281803
0.38545445	0.43176275	-10.463257	4.3076105
0.39792857	0.42628601	-10.459053	4.2829266
0.39792857	0.43144059	-10.48596	4.2993827
0.3870137	0.43176275	-10.429624	4.2582426
0.38545445	0.44303846	-10.458212	4.3281803
0.39948782	0.44207197	-10.471665	4.2993827
0.4088434	0.44142765	-10.499413	4.2911549
0.3823359	0.45914659	-10.385059	4.3569784
0.40104708	0.44851521	-10.494368	4.2870407
0.39169151	0.44142765	-10.444759	4.2952685
0.3870137	0.44303846	-10.444759	4.3281803
0.39169151	0.4365952	-10.496891	4.3322945
0.40260637	0.44529361	-10.447281	4.3158383
0.4088434	0.45044819	-10.489323	4.3034964
0.38545445	0.44464928	-10.461576	4.3199525
0.39948782	0.43917251	-10.480074	4.3281803
0.40728414	0.42564169	-10.454007	4.2870407
0.37298033	0.4365952	-10.380014	4.3281803
0.41040266	0.43949467	-10.459894	4.3158383
0.41663975	0.43788385	-10.477551	4.3158383
0.39792857	0.42628601	-10.451485	4.3199525
0.39792857	0.42757466	-10.443918	4.3158383
0.38545445	0.43627304	-10.414488	4.3322945
0.38077661	0.44626006	-10.460734	4.3775487
0.4088434	0.4307963	-10.458212	4.2993827
0.39481002	0.4340179	-10.463257	4.3322945
0.39325073	0.43144059	-10.457372	4.3199525
0.4088434	0.42950764	-10.449803	4.3364086
0.39636928	0.44207197	-10.443918	4.3528647
0.3823359	0.43176275	-10.441395	4.3528647
0.39948782	0.4340179	-10.417851	4.3405228
0.39792857	0.43208492	-10.464098	4.3610926
0.39481002	0.44174981	-10.469144	4.3528647
0.39481002	0.43111846	-10.454007	4.3322945
0.39948782	0.44207197	-10.473348	4.3322945
0.40260637	0.44046116	-10.443918	4.3775487
0.38389516	0.44819304	-10.467461	4.3652067
0.41040266	0.43691736	-10.473348	4.3281803
0.40104708	0.43788385	-10.417851	4.3405228
0.40104708	0.44432712	-10.457372	4.3528647
0.40104708	0.44046116	-10.440554	4.3322945
0.38857296	0.43788385	-10.45569	4.3487506
0.39013225	0.4365952	-10.441395	4.3487506
0.38545445	0.43788385	-10.411966	4.385777
0.39325073	0.43595088	-10.453167	4.3487506
0.40572491	0.42693034	-10.479233	4.3487506
0.39481002	0.43144059	-10.444759	4.3487506
0.41040266	0.43466222	-10.487641	4.3652067
0.38545445	0.43820602	-10.390945	4.3652067
0.39481002	0.43595088	-10.460734	4.3569784
0.39636928	0.44529361	-10.460734	4.3693209
0.4088434	0.440139	-10.45653	4.3775487
0.40260637	0.45044819	-10.487641	4.3734345
0.39636928	0.45560279	-10.438032	4.3734345
0.40104708	0.45624712	-10.462417	4.3693209
0.40416563	0.46011308	-10.481755	4.385777
0.40104708	0.4614017	-10.45569	4.3610926
0.4088434	0.44915953	-10.47671	4.3446364
0.41196194	0.44174981	-10.463257	4.3652067
0.40416563	0.45270333	-10.480914	4.385777
0.40572491	0.44207197	-10.470825	4.3610926
0.4135212	0.440139	-10.460734	4.3693209
0.39948782	0.43723953	-10.478392	4.3775487
0.39169151	0.4365952	-10.467461	4.385777
0.41663975	0.4340179	-10.457372	4.3487506
0.418199	0.44207197	-10.471665	4.3610926
0.4135212	0.43369573	-10.435509	4.3652067
0.4135212	0.42242005	-10.45569	4.3610926
0.4135212	0.43788385	-10.490164	4.3898907
0.40572491	0.44464928	-10.443076	4.385777
0.40260637	0.44174981	-10.467461	4.3693209
0.39792857	0.44336063	-10.407762	4.3734345
0.39325073	0.44464928	-10.454007	4.3569784
0.39792857	0.440139	-10.413648	4.3775487
0.4088434	0.44303846	-10.446441	4.3652067
0.40728414	0.43498439	-10.485119	4.3775487
0.39325073	0.44078332	-10.35647	4.3940048
0.40260637	0.42854115	-10.409443	4.3569784
0.3870137	0.43369573	-10.458212	4.3693209
0.38389516	0.43176275	-10.370765	4.4022331
0.40416563	0.42660818	-10.417851	4.3734345
0.41040266	0.42918548	-10.467461	4.3816628
0.37765813	0.44529361	-10.454007	4.4063468
0.39481002	0.44432712	-10.429624	4.4022331
0.39169151	0.452059	-10.409443	4.4022331
0.39792857	0.45431414	-10.48596	4.4063468
0.39013225	0.45528063	-10.460734	4.4269171
0.39325073	0.440139	-10.448122	4.3940048
0.39792857	0.45141467	-10.454007	4.4145751
0.40416563	0.46107954	-10.414488	4.4145751
0.40260637	0.44722655	-10.464098	4.3734345
0.39636928	0.44851521	-10.451485	4.3940048
0.37921739	0.44722655	-10.427941	4.3898907
0.39948782	0.45270333	-10.457372	4.4063468
0.39481002	0.44787088	-10.327882	4.4104609
0.3870137	0.45495847	-10.499413	4.4351449
0.40104708	0.44626006	-10.478392	4.4104609
0.38857296	0.45399198	-10.438872	4.398119
0.41040266	0.44368279	-10.457372	4.385777
0.40416563	0.44046116	-10.45653	4.398119
0.40416563	0.43852818	-10.480074	4.4104609
0.40572491	0.44239414	-10.493526	4.398119
0.39636928	0.44046116	-10.417851	4.4063468
0.4135212	0.45238116	-10.467461	4.4104609
0.39792857	0.45721361	-10.464938	4.4474874
0.40260637	0.452059	-10.472507	4.4104609
0.39481002	0.452059	-10.483438	4.4145751
0.40728414	0.44819304	-10.4456	4.385777
0.38077661	0.40534544	-10.419534	3.0857482
0.41508049	0.38504922	-10.454007	3.295563
0.4088434	0.3869822	-10.470825	3.9661472
0.40104708	0.41211087	-10.460734	4.3199525
0.40728414	0.42854115	-10.436351	4.4310312
0.39948782	0.41887626	-10.432146	4.3898907
0.39325073	0.43434006	-10.458212	4.4063468
0.40104708	0.43208492	-10.359834	4.3734345
0.39325073	0.43176275	-10.481755	4.398119
0.39169151	0.44626006	-10.418693	4.4186888
0.418199	0.44851521	-10.471665	4.3940048
0.38857296	0.4581801	-10.463257	4.4392591
0.40572491	0.44819304	-10.431305	4.4186888
0.39792857	0.44883737	-10.461576	4.4145751
0.39169151	0.46011308	-10.469984	4.4022331
0.4088434	0.45399198	-10.490164	4.398119
0.39481002	0.45302549	-10.442237	4.4022331
0.4088434	0.44529361	-10.454848	4.3734345
0.39013225	0.45399198	-10.454848	4.4145751
0.41196194	0.43788385	-10.450644	4.385777
0.41975826	0.44239414	-10.461576	4.4186888
0.4088434	0.43627304	-10.458212	4.3940048
0.40260637	0.42886332	-10.390103	4.3898907
0.39792857	0.42370871	-10.45569	4.3610926
0.40260637	0.43498439	-10.457372	4.4186888
0.39169151	0.43434006	-10.428782	4.385777
0.39325073	0.440139	-10.431305	4.4104609
0.38857296	0.44722655	-10.340494	4.4063468
0.39636928	0.4459379	-10.459053	4.4269171
0.39481002	0.45173684	-10.480914	4.4063468
0.39792857	0.44142765	-10.480074	4.3693209
0.39948782	0.45528063	-10.467461	4.4022331
0.39169151	0.46236819	-10.46662	4.398119
0.39169151	0.44722655	-10.454848	4.3693209
0.41508049	0.44239414	-10.475029	4.3734345
0.41508049	0.43852818	-10.411124	4.3528647
0.3870137	0.3998687	-10.459894	3.1063185
0.40572491	0.37280706	-10.442237	3.3161333
0.40104708	0.38214976	-10.458212	3.9579191
0.3870137	0.39471409	-10.460734	4.2664704
0.41663975	0.4092114	-10.45653	4.385777
0.39792857	0.41017789	-10.478392	4.4022331
0.39481002	0.42048708	-10.459053	4.385777
0.39948782	0.43885034	-10.451485	4.4145751
0.38389516	0.45302549	-10.424579	4.4392591
0.40104708	0.44690439	-10.348062	4.3816628
0.4088434	0.44464928	-10.472507	4.3775487
0.39325073	0.45044819	-10.462417	4.4063468
0.39169151	0.45721361	-10.435509	4.3734345
0.4088434	0.4581801	-10.492686	4.3610926
0.41040266	0.44110548	-10.46662	4.3528647
0.40728414	0.44368279	-10.50614	4.3816628
0.39792857	0.45946875	-10.462417	4.4269171
0.4135212	0.44658223	-10.432987	4.3734345
0.40416563	0.43820602	-10.433827	4.3734345
0.3870137	0.44303846	-10.458212	4.4145751
0.418199	0.43595088	-10.470825	4.3693209
0.39636928	0.44336063	-10.465779	4.3940048
0.40572491	0.45109251	-10.380014	4.3610926
0.39013225	0.44626006	-10.436351	4.385777
0.39169151	0.44561577	-10.469144	4.3940048
0.39325073	0.45044819	-10.468302	4.385777
0.40416563	0.45334765	-10.493526	4.3775487
0.40572491	0.44110548	-10.30602	4.3487506
0.39948782	0.45077035	-10.49521	4.3734345
0.40104708	0.45302549	-10.468302	4.3940048
0.39792857	0.45624712	-10.460734	4.3940048
0.39636928	0.45463631	-10.49521	4.3775487
0.40572491	0.45334765	-10.454848	4.3693209
0.39169151	0.45785794	-10.489323	4.3693209
0.38545445	0.45463631	-10.457372	4.3693209
0.41196194	0.440139	-10.454007	4.3610926
0.39169151	0.44432712	-10.469984	4.3775487
0.39169151	0.43691736	-10.450644	4.3940048
0.38545445	0.44658223	-10.459053	4.4104609
0.40104708	0.44819304	-10.501936	4.3816628
0.38389516	0.44658223	-10.405239	4.3734345
0.4088434	0.45012602	-10.484279	4.3487506
0.40260637	0.44980386	-10.464938	4.3775487
0.4088434	0.44432712	-10.478392	4.3487506
0.4088434	0.44432712	-10.471665	4.3569784
0.39948782	0.45495847	-10.448122	4.3816628
0.4088434	0.44658223	-10.433827	4.3446364
0.39636928	0.44787088	-10.479233	4.3569784
0.40416563	0.44239414	-10.411966	4.3487506
0.38857296	0.44432712	-10.425419	4.3775487
0.39169151	0.44915953	-10.387582	4.3940048
0.39481002	0.44787088	-10.467461	4.3652067
0.4088434	0.43723953	-10.464938	4.3364086
0.38857296	0.45399198	-10.438032	4.3940048
0.40572491	0.44980386	-10.475869	4.3610926
0.4088434	0.45012602	-10.454007	4.3652067
0.4088434	0.45141467	-10.502776	4.3775487
0.3870137	0.46269035	-10.458212	4.4228029
0.39792857	0.45077035	-10.454007	4.3775487
0.39169151	0.45302549	-10.477551	4.3734345
0.40260637	0.44722655	-10.454848	4.3446364
0.40104708	0.45850226	-10.473348	4.4310312
0.38077661	0.46881145	-10.45569	4.4104609
0.4088434	0.45914659	-10.480074	4.3610926
0.38545445	0.46011308	-10.483438	4.3734345
0.3823359	0.45334765	-10.436351	4.3775487
0.38389516	0.44787088	-10.432146	4.3569784
0.40104708	0.45431414	-10.478392	4.385777
0.418199	0.44529361	-10.35563	4.3569784
0.38857296	0.44626006	-10.452326	4.4022331
0.3823359	0.44722655	-10.47671	4.385777
0.3870137	0.44174981	-10.371606	4.3693209
0.39169151	0.45560279	-10.448963	4.3775487
0.39481002	0.44078332	-10.459053	4.3693209
0.40416563	0.44142765	-10.444759	4.3528647
0.38389516	0.44336063	-10.446441	4.3569784
0.39948782	0.44883737	-10.458212	4.3610926
0.38077661	0.45399198	-10.464938	4.385777
0.40572491	0.45528063	-10.469144	4.3610926
0.38389516	0.4614017	-10.451485	4.385777
0.39636928	0.44561577	-10.479233	4.3569784
0.39948782	0.44561577	-10.422056	4.3528647
0.3870137	0.43208492	-10.444759	4.3487506
0.39792857	0.43305141	-10.423738	4.3528647
0.40104708	0.44174981	-10.471665	4.385777
0.40104708	0.43466222	-10.471665	4.3487506
0.40572491	0.43756169	-10.3859	4.3528647
0.37453958	0.44336063	-10.444759	4.3734345
0.37609884	0.43530655	-10.427101	4.3569784
0.40260637	0.43272924	-10.322837	4.3446364
0.40416563	0.44110548	-10.484279	4.3652067
0.39636928	0.42403087	-10.335449	4.3199525
0.41975826	0.43691736	-10.475029	4.3569784
0.39948782	0.43981683	-10.458212	4.3734345
0.39013225	0.43949467	-10.340494	4.3569784
0.39481002	0.44142765	-10.433827	4.3364086
0.40416563	0.43337357	-10.473348	4.3446364
0.39948782	0.44239414	-10.464098	4.3528647
0.39792857	0.43820602	-10.45653	4.3610926
0.39169151	0.43691736	-10.29593	4.3652067
0.40416563	0.4340179	-10.467461	4.3446364
0.37921739	0.43272924	-10.451485	4.385777
0.39325073	0.44754872	-10.468302	4.385777
0.41663975	0.42950764	-10.473348	4.3240666
0.39948782	0.44142765	-10.448122	4.3487506
0.3870137	0.44336063	-10.463257	4.3693209
0.40728414	0.44142765	-10.438872	4.3199525
0.38545445	0.43820602	-10.4456	4.3569784
0.39013225	0.4427163	-10.463257	4.3693209
0.41196194	0.43691736	-10.443076	4.3240666
0.40572491	0.44303846	-10.432146	4.3322945
0.4088434	0.45012602	-10.499413	4.3610926
0.41663975	0.43917251	-10.443918	4.3322945
0.38077661	0.45044819	-10.4456	4.3816628
0.40260637	0.43949467	-10.464098	4.3569784
0.4135212	0.44497144	-10.325359	4.2952685
0.39481002	0.3869822	-10.447281	3.0363803
0.4135212	0.36410865	-10.443076	3.2667649
0.39481002	0.37280706	-10.475029	3.9003232
0.41040266	0.34896702	-10.492686	2.982898
0.3823359	0.34703407	-10.413648	3.3161333
0.4088434	0.36797461	-10.450644	3.9332354
0.39792857	0.39278111	-10.454007	4.2829266
0.38389516	0.4153325	-10.449803	4.3898907
0.39636928	0.42950764	-10.457372	4.3816628
0.40416563	0.43627304	-10.56668	4.3693209
0.38857296	0.45914659	-10.450644	4.451601
0.40260637	0.44690439	-10.440554	4.3487506
0.41040266	0.4427163	-10.479233	4.3610926
0.40260637	0.44368279	-10.469984	4.3610926
0.4135212	0.44561577	-10.412807	4.385777
0.39636928	0.44851521	-10.464938	4.3734345
0.41508049	0.44529361	-10.472507	4.3652067
0.40572491	0.4427163	-10.469984	4.3816628
0.39325073	0.44142765	-10.459894	4.4022331
0.39325073	0.43852818	-10.454007	4.3446364
0.38857296	0.43111846	-10.457372	4.3734345
0.3870137	0.43466222	-10.442237	4.3734345
0.39792857	0.42660818	-10.463257	4.385777
0.39013225	0.42274222	-10.443076	4.3652067
0.40728414	0.43337357	-10.443918	4.3734345
0.40416563	0.43015197	-10.448963	4.3487506
0.38389516	0.42660818	-10.438872	4.398119
0.39169151	0.43337357	-10.451485	4.3734345
0.3870137	0.4365952	-10.440554	4.385777
0.38389516	0.43208492	-10.358993	4.3816628
0.39481002	0.44368279	-10.474188	4.3940048
0.39169151	0.45399198	-10.467461	4.385777
0.38545445	0.45334765	-10.444759	4.4063468
0.39792857	0.4494817	-10.46662	4.3898907
0.39013225	0.44207197	-10.403557	4.4063468
0.37765813	0.44915953	-10.47671	4.4145751
0.40416563	0.44754872	-10.444759	4.3940048
0.40572491	0.44497144	-10.458212	4.3816628
0.40260637	0.44142765	-10.484279	4.3775487
0.39481002	0.44110548	-10.440554	4.3775487
0.39169151	0.44336063	-10.452326	4.398119
0.3870137	0.44400495	-10.448122	4.398119
0.39636928	0.44690439	-10.317792	4.4145751
0.39013225	0.4427163	-10.477551	4.385777
0.39169151	0.44658223	-10.483438	4.385777
0.39792857	0.45528063	-10.469984	4.3940048
0.39948782	0.45270333	-10.461576	4.3940048
0.39792857	0.45850226	-10.469984	4.4104609
0.39948782	0.44819304	-10.460734	4.385777
0.39948782	0.43820602	-10.441395	4.3652067
0.4135212	0.43723953	-10.477551	4.3775487
0.39792857	0.44561577	-10.449803	4.4145751
0.41040266	0.4340179	-10.351425	4.3652067
0.40260637	0.43949467	-10.498572	4.385777
0.39169151	0.43530655	-10.464098	4.4022331
0.40416563	0.43885034	-10.431305	4.4022331
0.40416563	0.44303846	-10.4456	4.3898907
0.40572491	0.4365952	-10.454007	4.3734345
0.37765813	0.44174981	-10.45653	4.4310312
0.38389516	0.3963249	-10.41617	3.0775206
0.39792857	0.38504922	-10.471665	3.283221
0.39792857	0.3963249	-10.435509	3.9702613
0.39481002	0.42145357	-10.312746	4.3158383
0.4088434	0.42403087	-10.475029	4.3775487
0.37921739	0.44787088	-10.468302	4.4639435
0.38077661	0.44980386	-10.400194	4.4310312
0.39169151	0.45528063	-10.451485	4.4351449
0.3823359	0.44658223	-10.450644	4.4145751
0.38077661	0.44658223	-10.470825	4.4104609
0.39636928	0.452059	-10.471665	4.4145751
0.39948782	0.46236819	-10.432987	4.4392591
0.39013225	0.46301252	-10.469984	4.4474874
0.40728414	0.45399198	-10.332927	4.4104609
0.40260637	0.45302549	-10.501095	4.4063468
0.40260637	0.4494817	-10.463257	4.4269171
0.39948782	0.45560279	-10.420374	4.4104609
0.39481002	0.47461039	-10.499413	4.4845133
0.39636928	0.47589901	-10.47671	4.4392591
0.40104708	0.46720064	-10.454007	4.4228029
0.39481002	0.47912064	-10.505299	4.4803991
0.4135212	0.4614017	-10.438032	4.4063468
0.40416563	0.4649455	-10.481755	4.4186888
0.39325073	0.46462333	-10.501936	4.4269171
0.41196194	0.45431414	-10.457372	4.4104609
0.40104708	0.45109251	-10.454848	4.4228029
0.40416563	0.45624712	-10.350584	4.4351449
0.39481002	0.44432712	-10.443918	4.4186888
0.39325073	0.43949467	-10.467461	4.451601
0.41040266	0.44529361	-10.47671	4.4022331
0.40104708	0.44303846	-10.464098	4.4269171
0.39013225	0.45560279	-10.439713	4.451601
0.39169151	0.45753577	-10.459894	4.4351449
0.38389516	0.46526766	-10.452326	4.451601
0.39481002	0.4649455	-10.454848	4.3446364
0.4135212	0.42145357	-10.494368	3.0857482
0.3870137	0.39954653	-10.423738	3.3572733
0.41040266	0.41050005	-10.487641	3.9949453
0.40260637	0.4340179	-10.452326	4.3117242
0.39792857	0.40631193	-10.465779	3.0816343
0.39636928	0.39890221	-10.487641	3.3613875
0.41508049	0.40276816	-10.749984	3.9661472
0.4088434	0.4117887	-10.46662	4.3076105
0.39636928	0.43562871	-10.45653	4.451601
0.39792857	0.44819304	-10.436351	4.4927411
0.4088434	0.43627304	-10.454007	4.4392591
0.40416563	0.43949467	-10.419534	4.4474874
0.39325073	0.44046116	-10.438872	4.3816628
0.38545445	0.40534544	-10.423738	3.1268885
0.38077661	0.3902038	-10.332927	3.3408172
0.41040266	0.39310327	-10.464098	3.9908314
0.37921739	0.42886332	-10.413648	4.3816628
0.39481002	0.43917251	-10.488482	4.4598293
0.41508049	0.44303846	-10.461576	4.4433732
0.37765813	0.45463631	-10.380014	4.4392591
0.38857296	0.44754872	-10.46662	4.4392591
0.41040266	0.44303846	-10.467461	4.4474874
0.39792857	0.45044819	-10.485119	4.4557152
0.39325073	0.46075737	-10.464098	4.4639435
0.41196194	0.44626006	-10.335449	4.4310312
0.39948782	0.44851521	-10.451485	4.4557152
0.39792857	0.45109251	-10.490164	4.4639435
0.40572491	0.4494817	-10.457372	4.451601
0.39792857	0.43885034	-10.447281	4.4351449
0.39792857	0.43981683	-10.429624	4.4269171
0.3870137	0.44368279	-10.432987	4.4392591
0.3823359	0.45850226	-10.461576	4.4721713
0.39325073	0.45560279	-10.437191	4.4351449
0.4135212	0.45077035	-10.480074	4.4433732
0.38545445	0.45334765	-10.309383	4.451601
0.39948782	0.45044819	-10.431305	4.4310312
0.40104708	0.45463631	-10.443076	4.4598293
0.41196194	0.44915953	-10.490164	4.4310312
0.41508049	0.43627304	-10.453167	4.4145751
0.39792857	0.43723953	-10.367401	4.451601
0.39169151	0.43434006	-10.440554	4.4557152
0.39169151	0.43434006	-10.434669	4.4639435
0.39792857	0.44046116	-10.461576	4.451601
0.39636928	0.45528063	-10.470825	4.4803991
0.38857296	0.45302549	-10.427941	4.4557152
0.42131752	0.46172386	-10.469984	4.4721713
0.39169151	0.45721361	-10.443918	4.4474874
0.38857296	0.45366982	-10.475029	4.4557152
0.39792857	0.45979092	-10.454007	4.4598293
0.40728414	0.45495847	-10.392627	4.4557152
0.40260637	0.45173684	-10.465779	4.4063468
0.40260637	0.4092114	-10.450644	3.1515727
0.40104708	0.38182759	-10.434669	3.3613875
0.37921739	0.40083519	-10.414488	4.0525417
0.41040266	0.42080924	-10.442237	4.385777
0.39013225	0.4307963	-10.4456	4.4474874
0.39636928	0.43981683	-10.490164	4.4598293
0.39792857	0.45528063	-10.45569	4.4845133
0.39013225	0.44722655	-10.453167	4.4680572
0.39013225	0.43885034	-10.405239	4.4598293
0.39169151	0.452059	-10.45569	4.4721713
0.40728414	0.44561577	-10.459053	4.4474874
0.39325073	0.44303846	-10.438872	4.4845133
0.40260637	0.44626006	-10.494368	4.4639435
0.4135212	0.44819304	-10.387582	4.4680572
0.38545445	0.4494817	-10.451485	4.451601
0.39481002	0.45721361	-10.491845	4.4721713
0.39325073	0.46107954	-10.394308	4.4845133
0.40416563	0.46269035	-10.484279	4.4680572
0.38545445	0.45592496	-10.453167	4.4680572
0.39636928	0.46075737	-10.424579	4.5009689
0.39636928	0.45689145	-10.458212	4.4680572
0.39792857	0.44754872	-10.40692	4.4803991
0.39169151	0.46365684	-10.486801	4.4927411
0.39481002	0.46720064	-10.438032	4.5174251
0.39792857	0.45077035	-10.460734	4.4392591
0.39636928	0.42886332	-10.442237	4.4269171
0.39636928	0.44046116	-10.469984	4.4639435
0.39636928	0.43885034	-10.444759	4.4803991
0.41663975	0.43885034	-10.458212	4.451601
0.40416563	0.43852818	-10.379173	4.451601
0.38389516	0.44626006	-10.438872	4.4721713
0.3823359	0.45592496	-10.460734	4.5174251
0.40572491	0.45495847	-10.464938	4.4803991
0.39792857	0.45270333	-10.450644	4.4762855
0.38857296	0.46720064	-10.45653	4.4845133
0.3870137	0.46043521	-10.458212	4.4968553
0.41663975	0.45399198	-10.461576	4.4598293
0.38857296	0.44110548	-10.462417	4.4598293
0.39325073	0.44529361	-10.463257	4.488627
0.39948782	0.45366982	-10.314428	4.5133109
0.39013225	0.45785794	-10.461576	4.4968553
0.39013225	0.4675228	-10.47671	4.4803991
0.41663975	0.45624712	-10.302656	4.4598293
0.37921739	0.46333468	-10.450644	4.4968553
0.39636928	0.45979092	-10.343017	4.4639435
0.40416563	0.452059	-10.451485	4.4721713
0.4088434	0.45785794	-10.497732	4.4721713
0.41040266	0.44787088	-10.422056	4.4845133
0.38857296	0.4614017	-10.463257	4.5009689
0.40728414	0.44626006	-10.454007	4.4392591
0.39169151	0.45141467	-10.449803	4.451601
0.39169151	0.46720064	-10.483438	4.4639435
0.39169151	0.42177573	-10.451485	3.1680288
0.39325073	0.40470111	-10.472507	3.3737295
0.39636928	0.4211314	-10.509502	4.073112
0.39792857	0.42854115	-10.471665	4.3940048
0.38389516	0.4459379	-10.444759	4.4845133
0.39325073	0.45238116	-10.292566	4.5215392
0.39481002	0.45399198	-10.464098	4.5009689
0.40728414	0.44915953	-10.485119	4.488627
0.38077661	0.45753577	-10.484279	4.5050831
0.40728414	0.44658223	-10.46662	4.4639435
0.40104708	0.45044819	-10.454848	4.4803991
0.37765813	0.4459379	-10.484279	4.5215392
0.39948782	0.46365684	-10.485119	4.5174251
0.39325073	0.45431414	-10.428782	4.4803991
0.39325073	0.45946875	-10.448122	4.4557152
0.37921739	0.46558982	-10.434669	4.5009689
0.39013225	0.46269035	-10.469984	4.4639435
0.39169151	0.45753577	-10.481755	4.4721713
0.39013225	0.45463631	-10.327882	4.4968553
0.38545445	0.4581801	-10.475029	4.5133109
0.38545445	0.44819304	-10.464938	4.488627
0.39169151	0.44851521	-10.45569	4.5050831
0.38857296	0.40985572	-10.457372	3.1268885
0.39169151	0.38343841	-10.452326	3.3325891
0.38545445	0.41275519	-10.461576	4.0689979
0.3870137	0.42982981	-10.439713	4.3898907
0.38077661	0.44239414	-10.500254	4.5174251
0.38857296	0.44754872	-10.449803	4.5050831
0.39636928	0.45238116	-10.478392	4.4968553
0.37921739	0.44561577	-10.454848	4.4803991
0.38545445	0.45463631	-10.322837	4.5133109
0.40104708	0.46011308	-10.438872	4.5091972
0.39636928	0.45173684	-10.459053	4.5009689
0.39792857	0.45721361	-10.46662	4.5009689
0.40104708	0.44497144	-10.450644	4.488627
0.39325073	0.44368279	-10.430465	4.5009689
0.39325073	0.44239414	-10.465779	4.5091972
0.37609884	0.45979092	-10.422896	4.5379953
0.39792857	0.45044819	-10.427101	4.5091972
0.40572491	0.44851521	-10.475029	4.5091972
0.39481002	0.44915953	-10.354789	4.529767
0.39792857	0.44497144	-10.465779	4.4845133
0.37609884	0.44303846	-10.451485	4.4927411
0.39948782	0.45689145	-10.467461	4.5256534
0.38389516	0.44336063	-10.448963	4.4927411
0.40416563	0.4459379	-10.483438	4.5050831
0.39792857	0.45689145	-10.497732	4.5133109
0.38545445	0.45109251	-10.438872	4.5133109
0.39325073	0.46462333	-10.413648	4.5338812
0.4135212	0.45463631	-10.501936	4.4803991
0.3823359	0.4701001	-10.467461	4.5379953
0.38389516	0.46301252	-10.459053	4.5009689
0.40260637	0.44690439	-10.431305	4.4845133
0.39792857	0.45044819	-10.464098	4.5174251
0.40104708	0.44110548	-10.464098	4.5091972
0.39948782	0.43691736	-10.440554	4.5174251
0.38545445	0.45753577	-10.398513	4.5955915
0.37921739	0.45785794	-10.448963	4.529767
0.39325073	0.45463631	-10.45653	4.5091972
0.39948782	0.45560279	-10.381696	4.5215392
0.40260637	0.45044819	-10.464098	4.5215392
0.38545445	0.45399198	-10.422896	4.4968553
0.37921739	0.4675228	-10.480074	4.5626793
0.40260637	0.4581801	-10.465779	4.5174251
0.39636928	0.47171092	-10.437191	4.5626793
0.38857296	0.47106659	-10.448122	4.529767
0.38857296	0.47138876	-10.439713	4.5174251
0.38389516	0.47847632	-10.480914	4.5338812
0.39013225	0.47042227	-10.472507	4.5626793
0.39636928	0.46333468	-10.37581	4.5338812
0.39948782	0.452059	-10.47671	4.5215392
0.40416563	0.45270333	-10.490164	4.529767
0.37609884	0.45238116	-10.438872	4.5585656
0.41663975	0.46107954	-10.468302	4.5256534
0.4088434	0.45173684	-10.487641	4.529767
0.39169151	0.46365684	-10.449803	4.5462232
0.39169151	0.44883737	-10.460734	4.5174251
0.39948782	0.45431414	-10.458212	4.5462232
0.39481002	0.45850226	-10.451485	4.5585656
0.40728414	0.45656928	-10.272387	4.5174251
0.40260637	0.45850226	-10.491005	4.5750213
0.39792857	0.46333468	-10.461576	4.5462232
0.39481002	0.46462333	-10.388422	4.5050831
0.39481002	0.42564169	-10.459053	3.1803708
0.39792857	0.39954653	-10.412807	3.3737295
0.39325073	0.402446	-10.443076	4.0772257
0.4088434	0.42177573	-10.462417	4.4145751
0.3823359	0.43691736	-10.40692	4.5667934
0.39013225	0.4365952	-10.448122	4.5667934
0.4088434	0.43015197	-10.460734	4.5421095
0.40104708	0.43562871	-10.386741	4.529767
0.36830249	0.43949467	-10.411124	4.5421095
0.39792857	0.43788385	-10.461576	4.5215392
0.38545445	0.44368279	-10.438872	4.5585656
0.38545445	0.44787088	-10.442237	4.5544515
0.40260637	0.45077035	-10.619654	4.5544515
0.39792857	0.46945578	-10.478392	4.5791354
0.38389516	0.47493255	-10.464098	4.5667934
0.39792857	0.46913362	-10.372446	4.5256534
0.4088434	0.45753577	-10.446441	4.5379953
0.37609884	0.4675228	-10.475029	4.5791354
0.39013225	0.46720064	-10.428782	4.5667934
0.40260637	0.46043521	-10.45569	4.5462232
0.39481002	0.45012602	-10.41701	4.5503373
0.39169151	0.45077035	-10.4456	4.5626793
0.38389516	0.45399198	-10.448122	4.5750213
0.37298033	0.46430117	-10.453167	4.6038198
0.38077661	0.4649455	-10.471665	4.5832496
0.37921739	0.46365684	-10.386741	4.5626793
0.39013225	0.46333468	-10.469984	4.5873637
0.38545445	0.46301252	-10.443918	4.5585656
0.39792857	0.47299957	-10.470825	4.5667934
0.37298033	0.47557685	-10.459053	4.6038198
0.3870137	0.48363093	-10.723077	4.5379953
0.37765813	0.42757466	-10.438032	3.217397
0.39013225	0.41243303	-10.458212	3.4313254
0.39325073	0.42886332	-10.424579	4.1101379
0.40728414	0.4340179	-10.448122	4.4598293
0.39325073	0.44658223	-10.50614	4.5791354
0.41508049	0.4459379	-10.498572	4.5709076
0.39948782	0.45270333	-10.459053	4.5997057
0.38857296	0.4649455	-10.496891	4.5955915
0.40728414	0.44529361	-10.46662	4.5421095
0.38077661	0.45399198	-10.425419	4.5585656
0.38857296	0.46816713	-10.458212	4.6120477
0.40572491	0.45238116	-10.464938	4.5914774
0.40260637	0.45431414	-10.427941	4.5626793
0.37921739	0.46365684	-10.464938	4.5914774
0.40572491	0.4581801	-10.460734	4.5709076
0.38545445	0.46462333	-10.475029	4.5832496
0.39792857	0.47718766	-10.482595	4.5503373
0.39169151	0.42886332	-10.261456	3.2420812
0.39169151	0.40824491	-10.469984	3.4272113
0.40416563	0.42080924	-10.465779	4.1307077
0.3870137	0.44497144	-10.474188	4.4845133
0.40728414	0.4365952	-10.454848	4.5379953
0.4088434	0.45012602	-10.392627	4.5709076
0.38389516	0.46236819	-10.464098	4.6161618
0.39948782	0.46720064	-10.459894	4.5873637
0.39013225	0.46558982	-10.46662	4.5955915
0.40728414	0.45302549	-10.487641	4.5503373
0.39636928	0.46236819	-10.412807	4.6038198
0.40416563	0.46526766	-10.48596	4.5667934
0.40260637	0.46075737	-10.481755	4.5873637
0.4088434	0.46075737	-10.484279	4.5914774
0.38857296	0.47042227	-10.465779	4.6120477
0.41196194	0.45624712	-10.444759	4.5585656
0.40416563	0.4614017	-10.439713	4.5791354
0.40416563	0.46655631	-10.485119	4.5709076
0.38389516	0.47074443	-10.4456	4.620276
0.40416563	0.46236819	-10.453167	4.5585656
0.39169151	0.47235525	-10.370765	4.6038198
0.37142104	0.47879848	-10.447281	4.6120477
0.40728414	0.46687847	-10.457372	4.5955915
0.39792857	0.4701001	-10.376651	4.5914774
0.39948782	0.46848929	-10.493526	4.5133109
0.38545445	0.42177573	-10.808001	3.225625
0.4088434	0.39890221	-10.496891	3.4230974
0.4088434	0.40276816	-10.465779	4.0607696
0.40728414	0.42338654	-10.441395	4.451601
0.37921739	0.44980386	-10.454848	4.5997057
0.4135212	0.44303846	-10.478392	4.5379953
0.38857296	0.41017789	-10.475029	3.2338531
0.39636928	0.40147951	-10.482595	3.4272113
0.40728414	0.40695626	-10.402717	4.0936818
0.4135212	0.4307963	-10.480914	4.4680572
0.38545445	0.44819304	-10.481755	4.5791354
0.39792857	0.45882443	-10.437191	4.5832496
0.39013225	0.46269035	-10.452326	4.5791354
0.38545445	0.47332174	-10.464098	4.620276
0.38389516	0.47815415	-10.471665	4.6161618
0.38545445	0.47912064	-10.471665	4.5791354
0.37765813	0.46881145	-10.450644	4.5667934
0.3870137	0.46365684	-10.471665	4.5709076
0.38077661	0.45334765	-10.438032	4.5667934
0.38545445	0.45431414	-10.480914	4.5626793
0.41040266	0.45302549	-10.467461	4.4927411
0.39013225	0.41017789	-10.389263	3.2461951
0.39325073	0.39439192	-10.448122	3.4189835
0.39792857	0.40502328	-10.484279	4.1019101
0.3870137	0.43852818	-10.4456	4.4968553
0.38857296	0.45463631	-10.449803	4.5832496
0.39481002	0.46397901	-10.247161	4.5750213
0.39169151	0.4675228	-10.464938	4.5667934
0.39169151	0.46462333	-10.454007	4.5544515
0.38857296	0.46720064	-10.441395	4.5791354
0.39169151	0.46204603	-10.464098	4.5421095
0.40260637	0.4614017	-10.403557	4.5709076
0.40104708	0.46301252	-10.424579	4.5832496
0.42911386	0.46687847	-10.380855	4.5750213
0.47277325	0.45624712	-10.348062	4.5503373
0.46029913	0.44142765	-10.341335	4.5462232
0.46809548	0.44915953	-10.317792	4.5544515
0.46185842	0.45979092	-10.228662	4.5750213
0.45562136	0.45302549	-10.2665	4.5585656
0.42911386	0.46172386	-10.253047	4.5667934
0.43379164	0.45689145	-10.199233	4.5626793
0.40728414	0.45560279	-10.189984	4.5914774
0.41508049	0.45270333	-10.197552	4.5585656
0.41508049	0.4701001	-10.152146	4.6120477
0.39792857	0.47912064	-10.132807	4.6120477
0.42911386	0.47267741	-10.027702	4.5626793
0.42599532	0.47267741	-10.100855	4.5832496
0.41040266	0.47525468	-10.078153	4.5955915
0.4088434	0.47396606	-10.019294	4.5955915
0.4135212	0.46269035	-10.017612	4.5750213
0.43535089	0.46462333	-10.03611	4.5709076
0.418199	0.45946875	-9.9890232	4.5750213
0.39948782	0.45334765	-9.9612761	4.5832496
0.41975826	0.44851521	-9.890645	4.5585656
0.41196194	0.45077035	-9.906621	4.5503373
0.40104708	0.45656928	-9.9057798	4.5791354
0.4088434	0.47879848	-9.8124466	4.6243896
0.43535089	0.47783199	-9.8637381	4.5914774
0.40572491	0.47557685	-9.820014	4.6079335
0.42755461	0.46655631	-9.7863808	4.5626793
0.40728414	0.46365684	-9.7081823	4.5914774
0.41040266	0.45238116	-9.7418165	4.5709076
0.43379164	0.45721361	-9.744339	4.5997057
0.42443606	0.46204603	-9.7258406	4.5997057
0.42131752	0.45495847	-9.6173716	4.5873637
0.4135212	0.45463631	-9.6468019	4.5914774
0.42131752	0.45270333	-9.6274624	4.6120477
0.43379164	0.45044819	-9.6039181	4.5585656
0.41508049	0.44787088	-9.55515	4.5955915
0.42755461	0.45077035	-9.6131678	4.5832496
0.43067312	0.46558982	-9.544219	4.6243896
0.42599532	0.46687847	-9.4870415	4.5955915
0.418199	0.4614017	-9.4105253	4.5832496
0.42287678	0.46075737	-9.5206757	4.5709076
0.43535089	0.45753577	-9.4870415	4.5832496
0.418199	0.46075737	-9.3197145	4.5955915
0.44158798	0.47074443	-9.344099	4.5750213
0.42443606	0.46204603	-9.3995943	4.5750213
0.41508049	0.47847632	-9.3651199	4.6367316
0.418199	0.48427525	-9.3668013	4.6120477
0.42287678	0.47622117	-9.2204962	4.5832496
0.4135212	0.46591198	-9.3062611	4.5955915
0.418199	0.46236819	-9.3104649	4.6161618
0.40728414	0.45399198	-9.1834984	4.5791354
0.43846944	0.44915953	-9.2566519	4.5256534
0.42599532	0.40727842	-9.2373123	3.237967
0.43535089	0.39310327	-9.2238588	3.4189835
0.42599532	0.40147951	-9.122117	4.1265936
0.43379164	0.43434006	-9.1616373	4.5215392
0.42443606	0.44207197	-9.1263218	4.6120477
0.43535089	0.4459379	-9.1053009	4.6285038
0.42911386	0.45882443	-8.9404955	4.6120477
0.41975826	0.47267741	-9.0775528	4.5914774
0.418199	0.46848929	-9.0346699	4.5955915
0.42287678	0.47235525	-9.0439196	4.6079335
0.42911386	0.46462333	-8.8908863	4.5832496
0.41663975	0.46462333	-8.9631987	4.5997057
0.42755461	0.46623415	-8.9514265	4.5914774
0.42443606	0.46784496	-8.9354506	4.6367316
0.39948782	0.47428823	-8.7723274	4.6285038
0.4135212	0.4614017	-8.8833189	4.6120477
0.418199	0.46236819	-8.8522072	4.620276
0.43223241	0.46591198	-8.8328676	4.6161618
0.4088434	0.46301252	-8.7950306	4.6408458
0.43223241	0.45914659	-8.82446	4.620276
0.45094356	0.4614017	-8.7933483	4.6038198
0.42599532	0.4675228	-8.7033787	4.6614161
0.42131752	0.47138876	-8.7336493	4.6531878
0.43846944	0.45785794	-8.7168322	4.6243896
0.41196194	0.46269035	-8.656292	4.6285038
0.42131752	0.4649455	-8.6495657	4.632618
0.43223241	0.45656928	-8.6335888	4.6120477
0.418199	0.46075737	-8.6419973	4.6696439
0.42287678	0.46430117	-8.6125679	4.6490741
0.418199	0.46623415	-8.4469233	4.6696439
0.40572491	0.47138876	-8.5595951	4.6778717
0.42287678	0.46655631	-8.5343704	4.6614161
0.43223241	0.46623415	-8.5360518	4.6614161
0.42287678	0.46236819	-8.7084246	4.6737576
0.42911386	0.46526766	-8.4847603	4.6655302
0.42443606	0.47944281	-8.4612169	4.698442
0.42287678	0.47267741	-8.4586945	4.6778717
0.42443606	0.45882443	-8.380496	4.6778717
0.43067312	0.45560279	-8.3729286	4.6490741
0.41975826	0.47106659	-8.3485451	4.6778717
0.43223241	0.47396606	-8.3258419	4.698442
0.44626576	0.4768655	-8.1854219	4.6696439
0.4088434	0.47332174	-8.2896862	4.6819859
0.41508049	0.47299957	-8.245121	4.6696439
0.41663975	0.47235525	-8.2316675	4.6778717
0.42443606	0.47525468	-8.2577343	4.6819859
0.43691018	0.46269035	-8.2114868	4.6655302
0.43067312	0.45785794	-8.1728086	4.6696439
0.42599532	0.45495847	-8.1374931	4.6860995
0.43379164	0.45850226	-8.1501064	4.6655302
0.42131752	0.42080924	-8.0862017	3.3161333
0.41663975	0.41114438	-8.0912476	3.4889216
0.41975826	0.42080924	-8.0441599	4.1965322
0.41508049	0.44754872	-8.0853615	4.6243896
0.41663975	0.46333468	-8.0374336	4.7066698
0.43535089	0.47074443	-8.0054817	4.710784
0.4088434	0.48717472	-7.8516078	4.7436962
0.42599532	0.49426228	-7.987824	4.7066698
0.42755461	0.48330876	-7.9348512	4.7148981
0.418199	0.48942986	-7.9314876	4.7272401
0.42443606	0.48942986	-7.8600163	4.7313538
0.42599532	0.48588607	-7.8667426	4.7148981
0.42443606	0.4855639	-7.8869228	4.7313538
0.42287678	0.48491958	-7.8179741	4.7272401
0.44002873	0.47815415	-7.7708874	4.710784
0.42755461	0.47074443	-7.8045211	4.7354679
0.42599532	0.48137578	-7.7750912	4.8012924
0.42755461	0.47138876	-7.5724487	4.7436962
0.4493843	0.47428823	-7.7507071	4.7436962
0.44314724	0.47203308	-7.7263227	4.7478099
0.43691018	0.42306438	-7.6733499	3.3202472
0.44626576	0.39954653	-7.5186353	3.5094919
0.44782501	0.4211314	-7.6313076	4.2952685
0.42131752	0.44561577	-7.6044006	4.698442
0.42131752	0.45624712	-7.5615182	4.8136344
0.42287678	0.4649455	-7.5169535	4.776608
0.43379164	0.48234227	-7.5480647	4.7930641
0.44782501	0.47428823	-7.5194759	4.776608
0.45250285	0.46784496	-7.5035	4.7807221
0.44158798	0.47718766	-7.5085454	4.8136344
0.42287678	0.48169795	-7.4295058	4.8259764
0.44314724	0.46816713	-7.4236197	4.776608
0.41508049	0.47267741	-7.4017582	4.7889504
0.43846944	0.42242005	-7.268065	3.3778436
0.42755461	0.40083519	-7.352149	3.5629742
0.44002873	0.41307735	-7.3386955	4.2993827
0.43379164	0.44400495	-7.3168335	4.698442
0.42755461	0.40760058	-7.2007971	3.3367033
0.43379164	0.3963249	-7.2403173	3.5424039
0.42443606	0.42628601	-7.2529292	4.3281803
0.43067312	0.4459379	-7.2293863	4.7272401
0.45718065	0.46687847	-7.0107675	4.8218627
0.43846944	0.48330876	-7.1898665	4.8630023
0.43535089	0.48878554	-7.1696863	4.8465466
0.43846944	0.48717472	-7.1335301	4.8547745
0.43846944	0.49812824	-7.0990558	4.8588886
0.44002873	0.49297363	-7.1015782	4.8588886
0.4540621	0.48459741	-7.0662632	4.8342047
0.43535089	0.48234227	-7.0225391	4.8835726
0.44782501	0.48942986	-7.0267434	4.8547745
0.44782501	0.48427525	-7.0166531	4.8671165
0.4540621	0.49426228	-7.0099268	4.8712306
0.4540621	0.49683958	-6.8728695	4.8959146
0.44626576	0.4855639	-6.7652421	4.8671165
0.46185842	0.4891077	-6.9098668	4.8506608
0.45250285	0.4855639	-6.8812785	4.8712306
0.46029913	0.48846337	-6.8383951	4.8671165
0.46809548	0.48588607	-6.8661427	4.8671165
0.46965477	0.48137578	-6.8392358	4.8465466
0.46653622	0.4768655	-6.8047619	4.8712306
0.46185842	0.48427525	-6.7686052	4.8918004
0.44158798	0.4855639	-6.7316089	4.9000287
0.45873991	0.49587309	-6.7391763	4.9123707
0.46653622	0.48878554	-6.7173138	4.8959146
0.46497697	0.47493255	-6.6475244	4.8753443
0.47277325	0.47622117	-6.6735907	4.8876863
0.46029913	0.48169795	-6.6441607	4.8959146
0.45250285	0.48202011	-6.5945516	4.9164848
0.47901034	0.47461039	-6.486083	4.8918004
0.47433254	0.47912064	-6.5869842	4.8918004
0.44158798	0.49297363	-6.5407381	4.9329405
0.46185842	0.48942986	-6.4978547	4.9247127
0.46185842	0.4855639	-6.4104071	4.9247127
0.46965477	0.4949066	-6.5298071	4.8876863
0.44314724	0.4494817	-6.4625392	3.4518955
0.47121403	0.43208492	-6.4574947	3.6370261
0.46965477	0.44464928	-6.2985754	4.385777
0.4758918	0.45334765	-6.4171338	4.776608
0.4805696	0.46977794	-6.3851824	4.9205985
0.47277325	0.47267741	-6.3448215	4.9411688
0.44158798	0.48169795	-6.3044615	4.9905372
0.46029913	0.48491958	-6.2817588	4.9658527
0.48524743	0.47750983	-6.2977347	4.9164848
0.47433254	0.48073146	-6.2035608	4.9288268
0.4758918	0.48137578	-6.226263	4.9535108
0.4805696	0.4675228	-6.2203779	4.9452829
0.46653622	0.47428823	-6.1993561	4.9493966
0.48524743	0.48105362	-6.0084858	4.9576249
0.46809548	0.48878554	-6.1598368	4.9658527
0.46497697	0.49361795	-6.1396565	4.974081
0.47277325	0.5010277	-6.1135907	4.9946508
0.45094356	0.50586015	-6.0631399	4.9946508
0.46809548	0.50199419	-6.0555725	4.986423
0.46185842	0.50843745	-6.0210981	5.0316772
0.46497697	0.50682664	-6.004281	4.986423
0.48836592	0.49329579	-5.8899269	4.986423
0.4758918	0.50392717	-5.9866238	5.0399051
0.47745109	0.50263852	-5.9891462	5.0275631
0.48368815	0.49297363	-5.9294467	5.0069933
0.47277325	0.50908178	-5.8747916	5.0357914
0.48680666	0.48846337	-5.8991761	4.986423
0.4805696	0.49007416	-5.8865633	5.0316772
0.47433254	0.49168497	-5.8268638	5.0440192
0.48992521	0.49265146	-5.811729	5.0316772
0.48368815	0.49007416	-5.8108883	5.0316772
0.48680666	0.49426228	-5.7949119	5.0728173
0.4758918	0.50199419	-5.7545514	5.076931
0.47433254	0.50006121	-5.7158728	5.0851593
0.48836592	0.5106926	-5.746984	5.089273
0.46341768	0.51552498	-5.6931705	5.1345277
0.46809548	0.5071488	-5.6452422	5.0851593
0.46497697	0.51037043	-5.5720892	5.1180716
0.46965477	0.50843745	-5.6082454	5.0975013
0.49304372	0.51101476	-5.6065636	5.1262994
0.49148446	0.4984504	-5.5729299	5.0728173
0.48212889	0.48653039	-5.5662031	5.1098433
0.49148446	0.48846337	-5.5485454	5.1057291
0.47121403	0.4984504	-5.5157533	5.1550975
0.48992521	0.48878554	-5.4484854	5.1098433
0.48680666	0.49458444	-5.4669843	5.1345277
0.48524743	0.49587309	-5.4619389	5.1221852
0.49148446	0.50424933	-5.4417586	5.1962376
0.48368815	0.45656928	-5.7343717	3.5753162
0.48212889	0.41952059	-5.3778548	3.7439907
0.49616227	0.45173684	-5.3585153	4.632618
0.48680666	0.47428823	-5.3324494	5.0604749
0.47901034	0.48266444	-5.1928697	5.1756678
0.50551784	0.49168497	-5.2988157	5.2044659
0.5070771	0.49329579	-5.2735906	5.220922
0.48836592	0.49941689	-5.2180953	5.2579479
0.49148446	0.50779313	-5.1768937	5.2497201
0.48836592	0.51455849	-5.1878247	5.2538342
0.48992521	0.50908178	-5.1785755	5.2373781
0.51487345	0.50231636	-5.1508279	5.2003517
0.50395858	0.44819304	-5.1155128	3.6246841
0.49616227	0.42596385	-5.1289659	3.8262708
0.49148446	0.45173684	-5.0734706	4.7313538
0.48992521	0.42403087	-4.9414582	3.5424039
0.50084007	0.4211314	-5.0717888	3.850955
0.49772155	0.44754872	-5.0036807	4.7478099
0.5164327	0.47428823	-5.0129299	5.1962376
0.50551784	0.49780607	-4.9364133	5.3320007
0.5070771	0.51326984	-4.9624796	5.3525701
0.50395858	0.51037043	-4.9238009	5.3607979
0.51331419	0.52486771	-4.9212785	5.377254
0.51331419	0.52551204	-4.8607378	5.389596
0.51175493	0.52905583	-4.8758731	5.4183941
0.49616227	0.52229041	-4.8540111	5.4183941
0.50239933	0.52132392	-4.8128099	5.4101663
0.51955122	0.51906878	-4.7909479	5.3978243
0.5164327	0.52293473	-4.780858	5.4183941
0.50239933	0.53066665	-4.7396564	5.4430785
0.52734756	0.5171358	-4.7430201	5.4348502
0.49928078	0.52970016	-4.6967735	5.5047889
0.50239933	0.54162019	-4.6824794	5.5047889
0.52734756	0.53324395	-4.6799569	5.4883327
0.50551784	0.52680069	-4.5639205	5.4842186
0.51487345	0.52970016	-4.6160531	5.4842186
0.50863642	0.54580826	-4.5916686	5.5418148
0.52422905	0.54097587	-4.5706472	5.5089025
0.53046608	0.52873367	-4.5706472	5.5130167
0.51019567	0.54741907	-4.5227199	5.5829554
0.52266979	0.54613042	-4.5134702	5.5418148
0.51331419	0.54323101	-4.4487257	5.5664992
0.53358465	0.53388828	-4.4504075	5.5377011
0.5164327	0.53839856	-4.4335904	5.6076393
0.51487345	0.5445196	-4.4100471	5.5952973
0.52422905	0.54290885	-4.4016385	5.6158671
0.53358465	0.55096287	-4.331008	5.6117535
0.53670317	0.54548609	-4.3839808	5.6240954
0.5429402	0.54129803	-4.3360529	5.6199813
0.54917729	0.5480634	-4.3167138	5.6652355
0.53826243	0.54162019	-4.7892666	5.6570077
0.53046608	0.55354017	-4.2460828	5.6981478
0.54605877	0.55192935	-4.239356	5.6734638
0.51799196	0.55386233	-4.1939507	5.7269459
0.51487345	0.55482882	-4.1914282	5.73106
0.54449946	0.54613042	-4.1603169	5.7146039
0.52890682	0.55257368	-4.1628394	5.7228317
0.54449946	0.54999638	-4.1611581	5.7228317
0.53670317	0.55933911	-3.9744911	5.7721996
0.55697358	0.55192935	-4.106503	5.73106
0.54761803	0.54065371	-4.0737104	5.7351742
0.55073655	0.55192935	-4.0325089	5.7804275
0.54138094	0.55225152	-4.0190558	5.7845416
0.5522958	0.54935205	-4.0190558	5.7804275
0.53046608	0.56546021	-3.9736502	5.8380237
0.53514391	0.56481588	-3.9383349	5.8297958
0.55385506	0.55933911	-3.9391756	5.8092256
0.55385506	0.49683958	-3.9416983	3.9455771
0.55073655	0.47299957	-3.8946114	4.2047601
0.54761803	0.5045715	-3.8450015	5.2126937
0.54449946	0.53163314	-3.875272	5.73106
0.54761803	0.54355317	-3.8323889	5.8832779
0.53358465	0.56191641	-3.8357522	5.9367604
0.52734756	0.569004	-3.7701666	5.9491024
0.54761803	0.57319212	-3.7508273	5.9655585
0.53358465	0.569004	-3.7171936	5.9532166
0.54605877	0.56352723	-3.7113078	6.0231547
0.5522958	0.57029265	-3.6633797	5.9820147
0.57412553	0.57061481	-3.6810374	5.9696727
0.55541432	0.57576942	-3.6331093	6.0108128
0.55541432	0.57190347	-4.2132902	6.056067
0.5522958	0.57093698	-3.5195959	6.031383
0.55697358	0.57061481	-3.5650012	6.043725
0.57100701	0.59123319	-3.5532293	6.0766373
0.57568479	0.58704507	-3.4741902	6.0807514
0.55541432	0.57641375	-3.4893255	6.0642953
0.55073655	0.59606564	-3.4708271	6.1095495
0.56632918	0.58930022	-3.4884849	6.0972071
0.55853289	0.52100176	-3.4111273	4.1265936
0.56788844	0.48524174	-3.411968	4.3199525
0.54761803	0.50070554	-3.3758118	5.4142804
0.57100701	0.52357906	-3.3606768	5.9573307
0.57880336	0.53968722	-3.3615177	6.1383476
0.56632918	0.56417155	-3.3085446	6.2082853
0.57100701	0.55998343	-3.3186345	6.1630311
0.56009215	0.57770234	-3.2782743	6.1959429
0.56165141	0.58027965	-3.2017579	6.2041712
0.57256627	0.58575642	-3.2412775	6.2165132
0.58036256	0.57480294	-3.2353914	6.212399
0.57724404	0.58672291	-3.1857815	6.2494254
0.57256627	0.58478993	-3.1353312	6.2576532
0.56788844	0.59928727	-3.156352	6.2905655
0.58348113	0.59767646	-3.1420579	6.2699957
0.57568479	0.58833373	-3.1042199	6.2741094
0.59907377	0.59864295	-3.0714271	6.2946796
0.58971816	0.59799862	-3.1075833	6.3234777
0.58971816	0.53324395	-3.0529287	4.2664704
0.60219228	0.48878554	-2.9915473	4.4762855
0.60531086	0.50908178	-3.3598359	5.6076393
0.58971816	0.53904289	-2.9713671	6.1836009
0.59751451	0.56417155	-2.9469826	6.3851881
0.60687011	0.56159425	-2.8612168	6.3893023
0.58815891	0.57609159	-2.9074631	6.4427843
0.58659965	0.58317912	-2.8881238	6.4263282
0.59283674	0.59542131	-2.8654211	6.4386706
0.6037516	0.60025376	-3.0024781	6.4592404
0.60687011	0.60895216	-2.828424	6.5044947
0.60998863	0.60411972	-2.7880635	6.4756966
0.60219228	0.62054998	-2.7889042	6.5374069
0.60687011	0.62699324	-2.7292047	6.5456352
0.61934417	0.6273154	-2.7687242	6.5497489
0.6146664	0.62538242	-2.7207963	6.5620909
0.6146664	0.60991865	-2.6762316	6.5497489
0.61778492	0.62409377	-2.6140094	6.5826612
0.62402201	0.62892622	-2.6753905	6.6114588
0.64585173	0.62216079	-2.6240995	6.578547
0.63181835	0.62506026	-2.5442195	6.6114588
0.6146664	0.62248296	-2.5686038	6.6279149
0.63337761	0.62022781	-2.5475829	6.6032305
0.65832585	0.61700618	-2.5484238	6.5908885
0.6396147	0.62924838	-2.5223575	6.6279149
0.64897025	0.54902989	-2.4609761	4.4145751
0.65520734	0.51423633	-2.477793	4.6490741
0.64585173	0.55611748	-2.4517267	5.8750501
0.65364808	0.58962238	-2.3155103	6.4345565
0.677037	0.51810229	-2.4164114	4.398119
0.65208876	0.51101476	-2.3861411	4.6778717
0.65208876	0.53002232	-2.3760509	5.8956203
0.67859632	0.56094992	-2.3188736	6.4921527
0.68015558	0.59348834	-2.3138287	6.7101951
0.67235923	0.60057592	-2.2793541	6.7348795
0.67235923	0.60959649	-2.242357	6.7307653
0.69107044	0.60991865	-2.2179728	6.7184234
0.68015558	0.60895216	-2.1977923	6.7143092
0.69107044	0.60444188	-2.1860206	6.7184234
0.70510381	0.61314023	-2.1977923	6.7677913
0.70042598	0.62087214	-2.1036181	6.7595634
0.70666307	0.6308592	-2.1280024	6.7965899
0.70978159	0.63987976	-2.1061406	6.8007035
0.72069651	0.63987976	-2.1221166	6.8089318
0.69107044	0.63311434	-2.0170114	6.8212738
0.72225577	0.63859111	-2.0624168	6.8295016
0.71290016	0.63826895	-2.0329874	6.8459578
0.72225577	0.6421349	-1.9917861	6.8953261
0.71601868	0.63472515	-1.9674016	6.8541861
0.73317057	0.62892622	-1.9371313	6.8870983
0.72069651	0.63247001	-1.9262005	6.9035544
0.74252617	0.64245707	-1.8866808	6.9323525
0.73628914	0.63633597	-1.8841584	6.9323525
0.7378484	0.63923544	-1.837912	6.9446945
0.75500029	0.62634891	-1.832026	6.9282384
0.73317057	0.64825594	-1.7067405	6.9940629
0.75500029	0.64149058	-1.768963	6.9734926
0.76279664	0.63214785	-1.7605544	6.9529223
0.77215225	0.62989271	-1.763077	6.9652648
0.75811881	0.63730246	-1.7117856	7.0022907
0.75967807	0.6395576	-1.6638576	7.0064049
0.77059299	0.65920949	-1.7033771	7.035202
0.76591516	0.66017598	-1.6537676	7.035202
0.77215225	0.66178679	-1.6092029	7.0722284
0.78774488	0.66017598	-1.6134071	7.0681143
0.79710048	0.64922243	-1.587341	7.0640001
0.77994853	0.65373272	-1.5394129	7.0763426
0.80801529	0.569004	-1.5646383	4.7354679
0.80489683	0.5354991	-1.5217552	4.986423
0.79242265	0.55869478	-1.463737	6.2617674
0.80801529	0.59445482	-1.4788723	6.9405804
0.81425238	0.61797267	-1.266139	7.1503949
0.83920062	0.63891327	-1.4704638	7.1833072
0.82516724	0.65308839	-1.415809	7.1627369
0.83920062	0.57093698	-1.3813344	4.7560382
0.83452284	0.55708396	-1.3846979	5.052247
0.84231913	0.57705802	-1.3527459	6.2987938
0.86258966	0.6060527	-1.3182714	6.9734926
0.85011548	0.62570459	-1.3300431	7.2203331
0.8610304	0.64503437	-1.2636166	7.2697015
0.87662297	0.65373272	-1.2594123	7.2244473
0.89065641	0.66597492	-1.2518448	7.2779298
0.87818229	0.67209601	-1.2055985	7.2984996
0.88909715	0.67467332	-1.2055985	7.3026137
0.88286006	0.6704852	-1.1955082	7.3067279
0.88597864	0.66726357	-1.1433761	7.2491312
0.91560465	0.58962238	-1.1131057	4.8218627
0.91872323	0.54580826	-1.1089015	5.0975013
0.9343158	0.48266444	-1.1030157	3.9455771
0.92651945	0.4855639	-1.0441566	4.9123707
0.93119729	0.52841151	-1.0012736	6.4674687
0.94211215	0.58511209	-1.0222946	7.2697015
0.96706039	0.62312728	-1.0113637	7.4260345
0.96082336	0.64406788	-0.95502728	7.4712887
0.95458627	0.67080736	-0.90962178	7.4959726
0.97485673	0.68884844	-1.3275206	7.4959726
0.97017896	0.69045925	-0.90289503	7.491859
0.99980497	0.6917479	-0.87094301	7.4959726
0.98889011	0.69432521	-0.8423543	7.5206561
0.98421228	0.6952917	-0.80115306	7.5329981
1.0185162	0.69496953	-0.83226424	7.5412264
1.0294311	0.69658035	-0.8373093	7.5535684
1.0216347	0.70334578	-0.63550705	7.5988226
1.0325496	0.70656741	-0.74817991	7.6111646
1.0543793	0.69722468	-0.74397576	7.5905943
1.0684127	0.68981493	-0.72799969	7.5659103
1.0668534	0.7039901	-0.68091249	7.6440768
1.0730904	0.70946687	-0.65064216	7.6852169
1.0980387	0.69915766	-0.6346662	7.6523046
1.1027164	0.69432521	-0.6220535	7.6440768
1.1011572	0.70109063	-0.54974103	7.6728749
1.1167499	0.71139985	-0.59682822	7.701673
1.1323426	0.70721173	-0.54974103	7.6893311
1.1370203	0.70109063	-0.53292418	7.6893311
1.1339018	0.7039901	-0.45220324	7.7099013
1.1416981	0.70431226	-0.48415527	7.7345853
1.1822391	0.70463443	-0.4513624	7.7181292
1.1884761	0.69690251	-0.45052156	7.7263575
1.1915946	0.70785606	-0.33700773	7.7839537
1.2181021	0.70431226	-0.41352445	7.7839537
1.199391	0.7101112	-0.37484568	7.8209796
1.2212207	0.70978904	-0.3580288	7.833322
1.246169	0.71848744	-0.32607678	7.8250937
1.2368134	0.72525281	-0.31178245	7.858006
1.2617615	0.72750795	-0.2949656	7.845664
1.2726765	0.72750795	-0.29244304	7.9156022
1.2726765	0.73330688	-0.12511526	7.9156022
1.299184	0.7323404	-0.22685729	7.9032602
1.299184	0.73330688	-0.21844886	7.9279442
1.3100989	0.72783011	-0.1688391	7.8950324
1.335047	0.72203118	-0.12931947	7.8950324
1.3459619	0.7226755	-0.13352369	7.9402866
1.3662324	0.7349177	-0.12175188	7.9896541
1.3771472	0.73846149	-0.080550566	7.9567428
1.3911806	0.73942798	-0.039349247	7.9773126
1.3974177	0.72299767	-0.023373226	7.9690847
1.4208068	0.71945393	-0.01160142	8.0143385
1.422366	0.72460848	-0.0073972028	8.0513639
1.4488734	0.72235334	-0.018328166	8.0307941
1.4597883	0.72750795	-0.025054913	8.02668
1.4566698	0.72170901	-0.0048746732	8.0554781
1.4441956	0.72557497	0.012783037	8.0719347
1.4348402	0.72944093	0.016987253	8.0637064
1.4348402	0.72976309	0.013623879	8.0637064
1.4270438	0.73846149	-0.013283106	8.1254168
1.4410771	0.73846149	-0.010760576	8.1130743
1.4286031	0.73717284	0.016987253	8.0925045
1.4395179	0.74168313	-0.0031929866	8.0966187
1.4457549	0.73395121	0.0035337596	8.1007328
1.4176883	0.73749501	-0.010760576	8.104847
1.4254845	0.73878366	0.0010112298	8.1171885
1.4067733	0.74264961	0.0026929164	8.1377592
1.4067733	0.7410388	-0.022532383	8.1665573
1.4176883	0.74200529	-0.023373226	8.1171885
1.4005362	0.73556203	0.0094196629	8.0925045
1.422366	0.73588419	-0.029259128	8.0925045
1.4020956	0.7287966	-0.018328166	8.104847
1.3740288	0.73878366	-0.00067045673	8.1295309
1.3942991	0.73620635	-0.0057155164	8.1089611
1.3942991	0.7349177	-0.01916901	8.1336451
1.4020956	0.75070369	-0.026736598	8.1542149
1.3724695	0.75746912	-0.017487323	8.158329
1.3646731	0.75650263	0.018668938	8.1542149
1.3865029	0.74168313	0.0018520731	8.1213026
1.3787065	0.73652852	-0.010760576	8.1130743
1.3599954	0.74329394	0.0035337596	8.1418724
1.3787065	0.73459554	-0.0015113001	8.1089611
1.3677918	0.74844855	-0.037667561	8.158329
1.3662324	0.74554908	-0.0015113001	8.1501007
1.3662324	0.74039447	0.022873154	8.1459866
1.3537583	0.73717284	0.0094196629	8.1377592
1.3537583	0.73910582	-0.0040338296	8.1459866
1.3475212	0.73072958	0.046416767	8.1418724
1.3599954	0.72750795	0.0094196629	8.1130743
1.3506397	0.72074252	-0.010760576	8.0925045
1.3521991	0.73008525	0.01110135	8.1336451
1.3366064	0.73362905	0.012783037	8.1624432
1.3521991	0.73330688	-0.0082380464	8.1213026
1.3397249	0.74297178	0.015305566	8.1459866
1.3568769	0.74651557	-0.014123949	8.1336451
1.3459619	0.74458259	-0.0065563596	8.1377592
1.3397249	0.7558583	-0.032622501	8.158329
1.3459619	0.75456965	-0.023373226	8.1542149
1.32881	0.74812639	0.012783037	8.158329
1.3334877	0.74264961	0.020350626	8.1665573
1.32881	0.73813933	-0.0057155164	8.1542149
1.335047	0.73652852	-0.015805636	8.1377592
1.3444027	0.73685068	-0.023373226	8.1501007
1.335047	0.73298472	-0.020009853	8.1542149
1.3210137	0.73040742	0.012783037	8.1377592
1.3319285	0.74136096	-0.037667561	8.158329
1.3256915	0.73620635	-0.018328166	8.1418724
1.3272507	0.74007231	-0.0073972028	8.1624432
1.3178951	0.7349177	-0.031781659	8.1336451
1.3210137	0.74522692	-0.01916901	8.1542149
1.3225729	0.73975015	-0.0040338296	8.1459866
1.3069804	0.74587125	-0.013283106	8.1665573
1.3147765	0.73749501	0.0001703865	8.158329
1.3132174	0.74651557	-0.035145033	8.158329
1.3038619	0.74522692	0.0094196629	8.1665573
1.3100989	0.74554908	0.0085788192	8.1624432
1.3147765	0.73427337	0.0068971328	8.1624432
1.3023026	0.73620635	-0.027577441	8.1788988
1.3241322	0.72718579	-0.018328166	8.1542149
1.3256915	0.64116842	-0.037667561	5.3402286
1.3085396	0.60122025	-0.0090788892	5.5829554
1.3132174	0.6273154	-0.0031929866	7.0804563
1.3023026	0.6730625	0.024554841	7.9320583
1.3132174	0.69110358	-0.00067045673	8.1459866
1.3147765	0.7226755	0.015305566	8.1953554
1.3085396	0.74136096	-0.038508404	8.1788988
1.3023026	0.74329394	0.0001703865	8.1542149
1.2960654	0.74812639	-0.0073972028	8.1624432
1.3272507	0.74426043	-0.018328166	8.1706715
1.3023026	0.75553614	-0.01664648	8.1624432
1.3147765	0.74780422	-0.033463344	8.158329
1.3116581	0.74393827	-0.018328166	8.1542149
1.2929469	0.73910582	0.012783037	8.1542149
1.3007432	0.74877071	-0.0023521434	8.1747847
1.2913877	0.73652852	0.034644961	8.1747847
1.3007432	0.73523986	-0.025054913	8.1501007
1.2867099	0.73878366	-0.0082380464	8.2076969
1.2960654	0.7349177	0.0043746028	8.1665573
1.2929469	0.74039447	-0.013283106	8.1542149
1.2913877	0.73523986	0.0010112298	8.1377592
1.2898284	0.71816528	0.01614641	8.1295309
1.3023026	0.72493064	-0.0015113001	8.1665573
1.2898284	0.73459554	-0.0082380464	8.1706715
1.3023026	0.73749501	-0.0040338296	8.1624432
1.3069804	0.74264961	-0.031781659	8.1706715
1.2867099	0.74683774	0.01614641	8.1706715
1.2960654	0.74877071	0.0035337596	8.1912413
1.2960654	0.74264961	-0.01160142	8.1501007
1.275795	0.7410388	0.011942193	8.1747847
1.2835913	0.74071664	-0.0040338296	8.1665573
1.2929469	0.72976309	-0.021691538	8.1624432
1.2789135	0.73846149	0.018668938	8.1706715
1.2789135	0.72911876	0.021191468	8.1788988
1.2960654	0.73781717	-0.020850696	8.1747847
1.282032	0.74329394	0.024554841	8.183013
1.3023026	0.75167018	-0.018328166	8.1953554
1.2711172	0.74651557	0.0001703865	8.1994696
1.2742357	0.74877071	0.01614641	8.1871271
1.2602023	0.75553614	-0.0065563596	8.183013
1.282032	0.75199234	-0.024214068	8.183013
1.2835913	0.74748206	-0.0048746732	8.1994696
1.2711172	0.75005937	-0.026736598	8.1747847
1.2945062	0.74393827	0.0068971328	8.1377592
1.2929469	0.74458259	0.010260507	8.1459866
1.2648801	0.73427337	0.010260507	8.1788988
1.2679986	0.73846149	0.0052154465	8.183013
1.275795	0.74136096	-0.0073972028	8.1788988
1.2742357	0.73878366	-0.0082380464	8.1706715
1.2913877	0.72944093	-0.026736598	8.1706715
1.2617615	0.73169607	0.01614641	8.183013
1.2492875	0.73652852	-0.0015113001	8.1706715
1.2742357	0.74071664	0.012783037	8.1706715
1.2929469	0.73846149	-0.024214068	8.1501007
1.2898284	0.74909288	-0.036826719	8.1747847
1.2617615	0.74587125	0.010260507	8.1706715
1.2711172	0.74619341	0.0010112298	8.1706715
1.2851505	0.7436161	0.0060562897	8.158329
1.282032	0.74007231	-0.014123949	8.1336451
1.2664393	0.74651557	-0.025054913	8.183013
1.2617615	0.74619341	0.007737976	8.1706715
1.2913877	0.74812639	-0.0090788892	8.1542149
1.2898284	0.74780422	-0.039349247	8.1501007
1.275795	0.74587125	-0.0073972028	8.1665573
1.2664393	0.7471599	0.0052154465	8.1624432
1.275795	0.7410388	-0.0057155164	8.1747847
1.2695578	0.73266256	-0.0099197328	8.183013
1.2726765	0.72911876	-0.014123949	8.1542149
1.2711172	0.7262193	0.020350626	8.1501007
1.2679986	0.7287966	-0.014123949	8.1418724
1.275795	0.73846149	-0.013283106	8.1624432
1.2695578	0.73717284	0.007737976	8.1665573
1.2602023	0.74458259	-0.017487323	8.2035828
1.2711172	0.7436161	-0.0073972028	8.1624432
1.275795	0.74426043	0.0010112298	8.1624432
1.2711172	0.74426043	-0.0065563596	8.1747847
1.275795	0.74651557	-0.0073972028	8.1542149
1.2633208	0.75134802	-0.01160142	8.183013
1.2570838	0.74780422	0.0018520731	8.1665573
1.2711172	0.74844855	-0.0090788892	8.1747847
1.2602023	0.74619341	-0.042712618	8.183013
1.2695578	0.73717284	-0.028418286	8.1665573
1.2539654	0.74232745	-0.0082380464	8.183013
1.2648801	0.73556203	0.019509783	8.1542149
1.2773542	0.73781717	-0.0048746732	8.1953554
1.2539654	0.64728945	0.0026929164	5.3978243
1.2742357	0.60959649	-0.036826719	5.6076393
1.2695578	0.63472515	-0.0073972028	7.1421666
1.2633208	0.68176085	-0.0023521434	7.9402866
1.2664393	0.71397716	-0.017487323	8.183013
1.2524061	0.73330688	0.021191468	8.2241535
1.2539654	0.75231451	-0.0015113001	8.2241535
1.2679986	0.7497372	0.015305566	8.1747847
1.2633208	0.75134802	-0.018328166	8.1788988
1.2633208	0.75102586	0.0085788192	8.2118111
1.2711172	0.7410388	0.0018520731	8.1459866
1.2664393	0.7349177	-0.0099197328	8.183013
1.2711172	0.7323404	-0.01664648	8.1665573
1.2773542	0.73169607	-0.013283106	8.1665573
1.246169	0.74587125	-0.0023521434	8.2076969
1.2430505	0.74619341	-0.00067045673	8.1953554
1.2664393	0.73685068	0.012783037	8.158329
1.2570838	0.73362905	-0.0065563596	8.183013
1.2477282	0.7262193	-0.010760576	8.1747847
1.2633208	0.72299767	0.0035337596	8.158329
1.2602023	0.73395121	-0.012442263	8.183013
1.2414912	0.74007231	-0.0031929866	8.2323809
1.2555245	0.74780422	0.0010112298	8.1706715
1.2524061	0.74458259	-0.0073972028	8.1706715
1.2633208	0.74941504	-0.0015113001	8.1871271
1.2414912	0.74619341	-0.017487323	8.1994696
1.2508467	0.7471599	-0.010760576	8.1624432
1.2305763	0.74007231	0.039690021	8.1665573
1.2711172	0.7349177	-0.0099197328	8.1542149
1.2430505	0.72815228	0.011942193	8.1994696
1.2399319	0.73652852	0.0043746028	8.2076969
1.2399319	0.74329394	0.014464723	8.1912413
1.258643	0.7436161	-0.023373226	8.1665573
1.2492875	0.74329394	-0.037667561	8.1953554
1.2524061	0.73846149	0.0035337596	8.1665573
1.2524061	0.73749501	-0.0073972028	8.1871271
1.2414912	0.74683774	-0.020009853	8.2159252
1.235254	0.76069069	-0.012442263	8.236495
1.2336948	0.7623015	0.0035337596	8.1747847
1.2383727	0.77067775	-0.0031929866	8.1953554
1.2212207	0.76616746	0.018668938	8.1953554
1.246169	0.75779128	0.0001703865	8.1747847
1.2414912	0.75231451	-0.043553464	8.158329
1.246169	0.74941504	-0.024214068	8.183013
1.2539654	0.73813933	-0.0040338296	8.1747847
1.2321355	0.74264961	0.0018520731	8.2241535
1.2414912	0.73878366	-0.0048746732	8.1953554
1.2399319	0.73846149	0.013623879	8.2200394
1.246169	0.7349177	0.0094196629	8.1665573
1.2524061	0.73685068	-0.018328166	8.2076969
1.2321355	0.7436161	0.0035337596	8.183013
1.2477282	0.74941504	-0.0082380464	8.1624432
1.2570838	0.74619341	-0.0073972028	8.158329
1.2399319	0.75070369	-0.013283106	8.1994696
1.2321355	0.74748206	-0.028418286	8.1953554
1.246169	0.74200529	0.007737976	8.2035828
1.2477282	0.7558583	-0.0073972028	8.1994696
1.246169	0.75231451	0.0094196629	8.183013
1.2383727	0.75618047	-0.01160142	8.1994696
1.2321355	0.75134802	0.0035337596	8.1788988
1.2555245	0.74458259	0.013623879	8.1624432
1.2430505	0.7410388	-0.014964793	8.1912413
1.246169	0.74264961	0.0094196629	8.1871271
1.2524061	0.73685068	0.01110135	8.1706715
1.2305763	0.73105174	-0.01160142	8.1788988
1.2414912	0.73266256	-0.0082380464	8.1747847
1.2648801	0.73201823	-0.010760576	8.1706715
1.246169	0.7410388	0.0035337596	8.1871271
1.235254	0.75167018	0.0035337596	8.2406092
1.2633208	0.74619341	-0.024214068	8.1912413
1.2243392	0.74651557	0.0018520731	8.2035828
1.2477282	0.7410388	0.0001703865	8.183013
1.2446097	0.73846149	-0.00067045673	8.158329
1.2446097	0.6421349	-0.014964793	5.389596
1.2399319	0.60959649	-0.032622501	5.5706129
1.2258985	0.63601381	-0.0048746732	7.1586227
1.235254	0.67886144	0.0068971328	7.9402866
1.258643	0.69464737	-0.024214068	8.1665573
1.229017	0.71816528	-0.030099971	8.236495
1.2508467	0.72783011	-0.027577441	8.1665573
1.2336948	0.71913177	0.018668938	8.1788988
1.2570838	0.72138685	-0.014964793	8.1747847
1.2539654	0.73652852	-0.036826719	8.1953554
1.2305763	0.7410388	0.01110135	8.1953554
1.2258985	0.74941504	0.0068971328	8.2076969
1.2399319	0.7349177	-0.00067045673	8.1665573
1.2243392	0.73878366	-0.0073972028	8.1747847
1.2477282	0.7410388	0.0026929164	8.158329
1.2414912	0.74748206	-0.0057155164	8.1747847
1.2492875	0.76101285	-0.035145033	8.183013
1.2274578	0.75875777	-0.010760576	8.2035828
1.2258985	0.75779128	0.0001703865	8.1624432
1.229017	0.75231451	-0.018328166	8.183013
1.2258985	0.75489181	0.0035337596	8.2200394
1.2399319	0.75167018	0.012783037	8.2035828
1.2274578	0.7471599	-0.021691538	8.2035828
1.2258985	0.74812639	0.0094196629	8.1912413
1.2321355	0.7410388	-0.0090788892	8.1747847
1.2165428	0.73169607	0.018668938	8.2076969
1.2321355	0.74168313	0.011942193	8.1953554
1.2321355	0.74232745	0.0035337596	8.183013
1.246169	0.74554908	0.012783037	8.1624432
1.229017	0.73717284	0.017828096	8.1747847
1.2383727	0.7410388	-0.014123949	8.1624432
1.2243392	0.75360316	-0.01916901	8.1871271
1.2383727	0.74844855	0.007737976	8.1665573
1.229017	0.74136096	-0.0031929866	8.1953554
1.2305763	0.73652852	-0.01664648	8.1542149
1.2305763	0.7471599	-0.0057155164	8.1706715
1.2243392	0.75263667	-0.0073972028	8.1994696
1.2399319	0.74651557	0.01614641	8.1953554
1.235254	0.74877071	0.01110135	8.1953554
1.2071873	0.75360316	-0.014123949	8.2241535
1.2446097	0.74554908	-0.014123949	8.2035828
1.2368134	0.74200529	-0.031781659	8.2200394
1.2368134	0.73685068	-0.015805636	8.1624432
1.2321355	0.74490476	-0.025054913	8.1953554
1.2212207	0.7436161	-0.0090788892	8.2035828
1.2414912	0.73588419	-0.025054913	8.2076969
1.2165428	0.74232745	-0.0099197328	8.2159252
1.2274578	0.73717284	-0.0040338296	8.183013
1.22278	0.75489181	-0.0048746732	8.2118111
1.235254	0.76101285	-0.029259128	8.2159252
1.2149836	0.75424749	0.0068971328	8.1624432
1.2212207	0.74490476	0.020350626	8.1788988
1.2305763	0.73910582	-0.0082380464	8.158329
1.229017	0.7471599	0.0035337596	8.183013
1.2181021	0.76133502	-0.0065563596	8.2159252
1.2258985	0.74490476	0.026236527	8.1706715
1.2336948	0.74426043	-0.01916901	8.1788988
1.2383727	0.73717284	-0.013283106	8.1912413
1.2274578	0.74587125	-0.023373226	8.2035828
1.2274578	0.7410388	0.0026929164	8.1665573
1.235254	0.73620635	-0.0057155164	8.1665573
1.2321355	0.72074252	-0.00067045673	8.158329
1.2196614	0.73685068	0.0060562897	8.1912413
1.205628	0.73459554	0.011942193	8.1953554
1.2243392	0.74200529	-0.0031929866	8.2076969
1.22278	0.74587125	-0.0073972028	8.2200394
1.2025095	0.75521398	0.0018520731	8.2159252
1.2181021	0.74877071	0.027077371	8.1912413
1.2196614	0.75875777	-0.041030932	8.1912413
1.2165428	0.76004636	-0.014123949	8.1953554
1.2305763	0.75875777	-0.018328166	8.2035828
1.2165428	0.75746912	0.0035337596	8.2076969
1.2243392	0.74812639	-0.031781659	8.183013
1.2212207	0.76262367	-0.0040338296	8.2159252
1.2134243	0.75843561	0.0001703865	8.2118111
1.2118651	0.74941504	0.025395684	8.1871271
1.2134243	0.7497372	0.020350626	8.2241535
1.2149836	0.74651557	0.015305566	8.2159252
1.229017	0.74587125	0.025395684	8.2118111
1.2243392	0.74941504	-0.017487323	8.2035828
1.2305763	0.74780422	-0.012442263	8.1747847
1.22278	0.753281	-0.0031929866	8.2118111
1.2258985	0.7558583	0.0085788192	8.1912413
1.2321355	0.74812639	0.0060562897	8.1747847
1.2212207	0.73298472	-0.0040338296	8.1788988
1.2165428	0.74651557	-0.020009853	8.1953554
1.2258985	0.74007231	-0.00067045673	8.1871271
1.2383727	0.73813933	0.0094196629	8.1747847
1.235254	0.74426043	-0.015805636	8.1994696
1.235254	0.74168313	-0.017487323	8.2118111
1.2258985	0.74683774	-0.017487323	8.2076969
1.229017	0.73298472	-0.0073972028	8.1747847
1.229017	0.74200529	-0.015805636	8.2118111
1.2181021	0.75134802	-0.0015113001	8.2076969
1.2243392	0.74941504	-0.0099197328	8.2035828
1.2071873	0.74619341	0.01614641	8.2035828
1.22278	0.74748206	-0.035145033	8.1912413
1.2274578	0.73749501	-0.0015113001	8.1912413
1.2321355	0.73169607	-0.01664648	8.1912413
1.2118651	0.74877071	-0.01916901	8.2200394
1.2274578	0.75005937	-0.0090788892	8.183013
1.2134243	0.75456965	-0.017487323	8.2118111
1.2181021	0.77164423	-0.0082380464	8.2570658
1.2258985	0.76133502	0.0026929164	8.1994696
1.2258985	0.75746912	-0.01160142	8.1994696
1.229017	0.7436161	-0.015805636	8.1747847
1.2071873	0.64664513	0.01614641	5.4348502
1.2025095	0.60766351	0.0085788192	5.5829554
1.2383727	0.62699324	-0.021691538	7.0927987
1.2118651	0.65920949	0.0060562897	7.9444003
1.2149836	0.69947982	-0.043553464	8.2118111
1.2040688	0.71462148	0.016987253	8.2200394
1.2196614	0.73266256	-0.0023521434	8.1994696
1.2258985	0.7410388	-0.010760576	8.1747847
1.2305763	0.74039447	-0.018328166	8.1871271
1.205628	0.74200529	-0.010760576	8.2076969
1.2087466	0.74168313	0.010260507	8.1953554
1.2071873	0.74329394	-0.0015113001	8.1912413
1.2149836	0.74909288	-0.014123949	8.2241535
1.2025095	0.73620635	0.0085788192	8.1871271
1.2305763	0.73588419	-0.027577441	8.2200394
1.2165428	0.7436161	-0.0073972028	8.2076969
1.2165428	0.74136096	0.019509783	8.1953554
1.2181021	0.73717284	-0.0099197328	8.1871271
1.2118651	0.73556203	-0.0057155164	8.2076969
1.2134243	0.73072958	0.019509783	8.1788988
1.2149836	0.73652852	-0.0090788892	8.2241535
1.2025095	0.74426043	0.0085788192	8.2076969
1.2181021	0.73749501	0.0010112298	8.1747847
1.2118651	0.74168313	0.0052154465	8.1994696
1.2196614	0.75102586	-0.01160142	8.2035828
1.2165428	0.75231451	-0.018328166	8.1747847
1.2009503	0.75295883	-0.0090788892	8.1912413
1.205628	0.74587125	-0.014123949	8.1953554
1.1931539	0.74168313	0.013623879	8.2159252
1.205628	0.75102586	0.0043746028	8.1953554
1.2196614	0.74458259	-0.024214068	8.1706715
1.2165428	0.73362905	-0.0048746732	8.1624432
1.2040688	0.74329394	0.0085788192	8.2159252
1.22278	0.74264961	-0.013283106	8.2159252
1.2040688	0.74426043	-0.010760576	8.2035828
1.2149836	0.7436161	-0.00067045673	8.1953554
1.2118651	0.73813933	-0.0057155164	8.2035828
1.2040688	0.73717284	-0.0048746732	8.2035828
1.2165428	0.73169607	-0.014964793	8.183013
1.2118651	0.73685068	-0.030940816	8.2035828
1.199391	0.73427337	-0.012442263	8.236495
1.2087466	0.73523986	-0.0073972028	8.1747847
1.2071873	0.75392532	0.0085788192	8.1994696
1.2025095	0.7497372	-0.0015113001	8.183013
1.2118651	0.75682479	-0.0057155164	8.2241535
1.2071873	0.75263667	-0.00067045673	8.183013
1.1978317	0.75360316	0.0018520731	8.2035828
1.2103058	0.75134802	-0.0031929866	8.1912413
1.2025095	0.75360316	-0.035985876	8.2200394
1.2071873	0.74812639	-0.020850696	8.1994696
1.2103058	0.74619341	0.0094196629	8.1953554
1.2165428	0.73942798	0.0035337596	8.1912413
1.2103058	0.74264961	-0.0090788892	8.2200394
1.2118651	0.74619341	-0.023373226	8.2035828
1.1900353	0.75005937	0.0085788192	8.2241535
1.1978317	0.73652852	0.03128159	8.1994696
1.2025095	0.73620635	-0.010760576	8.1953554
1.2087466	0.73685068	-0.029259128	8.1912413
1.1962725	0.74748206	0.0035337596	8.2529516
1.2025095	0.7471599	-0.034304187	8.1912413
1.2181021	0.7471599	0.027918214	8.1912413
1.2118651	0.74683774	-0.00067045673	8.183013
1.2103058	0.75038153	0.010260507	8.1871271
1.2071873	0.73813933	0.022032311	8.1377592
1.1915946	0.74780422	0.0060562897	8.2118111
1.2040688	0.74844855	-0.0057155164	8.1994696
1.2040688	0.73620635	0.022032311	8.1994696
1.1931539	0.73685068	0.012783037	8.2200394
1.2134243	0.73652852	-0.0090788892	8.2118111
1.205628	0.72525281	0.011942193	8.1788988
1.2040688	0.72460848	-0.025895756	8.1953554
1.2040688	0.73846149	-0.00067045673	8.2035828
1.2071873	0.7349177	0.032963276	8.183013
1.2025095	0.73717284	-0.01664648	8.1953554
1.2149836	0.74812639	0.012783037	8.183013
1.2134243	0.74297178	0.01110135	8.1501007
1.2025095	0.74522692	-0.025054913	8.1994696
1.1962725	0.74683774	-0.0090788892	8.1994696
1.2071873	0.74941504	-0.020850696	8.1953554
1.2025095	0.76036853	-0.00067045673	8.1912413
1.2118651	0.75489181	0.0035337596	8.1994696
1.2009503	0.74522692	-0.010760576	8.1706715
1.2149836	0.74039447	-0.028418286	8.1665573
1.1962725	0.74200529	-0.0015113001	8.2241535
1.2118651	0.74941504	0.012783037	8.2282677
1.2118651	0.74329394	-0.032622501	8.1912413
1.2009503	0.73910582	0.0052154465	8.1953554
1.2025095	0.7471599	-0.027577441	8.1994696
1.2009503	0.74844855	0.0026929164	8.1871271
1.2040688	0.73846149	-0.012442263	8.2035828
1.2009503	0.75650263	-0.038508404	8.2282677
1.205628	0.7471599	-0.0090788892	8.1994696
1.2165428	0.74909288	-0.018328166	8.2076969
1.1931539	0.75456965	-0.038508404	8.2323809
1.2243392	0.7594021	-0.012442263	8.183013
1.1947131	0.7558583	-0.0082380464	8.2159252
1.1791205	0.76262367	0.011942193	8.2241535
1.1962725	0.75231451	0.010260507	8.2200394
1.2040688	0.75521398	0.024554841	8.2241535
1.1962725	0.75263667	0.010260507	8.236495
1.2103058	0.74844855	-0.0057155164	8.2076969
1.2040688	0.74554908	0.0026929164	8.2200394
1.2103058	0.74683774	-0.025054913	8.1912413
1.1931539	0.73878366	-0.0048746732	8.1912413
1.2009503	0.7349177	0.0026929164	8.1788988
1.2165428	0.73040742	0.0035337596	8.1871271
1.1915946	0.73942798	-0.0031929866	8.1953554
1.1947131	0.74683774	-0.029259128	8.1953554
1.1837983	0.74297178	0.03128159	8.2118111
1.2025095	0.76036853	0.011942193	8.2611799
1.205628	0.75746912	-0.0082380464	8.2035828
1.2103058	0.75682479	-0.026736598	8.2035828
1.2040688	0.75070369	0.010260507	8.1994696
1.2025095	0.74490476	0.0035337596	8.2035828
1.2165428	0.73813933	-0.0015113001	8.1953554
1.1978317	0.75456965	-0.0099197328	8.2159252
1.199391	0.73556203	0.017828096	8.1953554
1.2103058	0.7471599	-0.027577441	8.2529516
1.2040688	0.73685068	-0.01916901	8.1912413
1.2025095	0.73942798	-0.0031929866	8.2035828
1.1869168	0.74748206	-0.0031929866	8.2241535
1.2118651	0.74619341	0.0085788192	8.2035828
1.1962725	0.73427337	0.022873154	8.183013
1.1978317	0.74039447	-0.01916901	8.2241535
1.2118651	0.73749501	-0.031781659	8.183013
1.199391	0.74329394	0.01614641	8.2076969
1.2118651	0.74071664	-0.0090788892	8.2200394
1.1978317	0.73813933	-0.0073972028	8.2118111
1.1931539	0.74426043	-0.0023521434	8.2035828
1.1978317	0.74490476	0.007737976	8.2118111
1.2071873	0.75811344	-0.014123949	8.2447233
1.1869168	0.76004636	-0.037667561	8.2200394
1.2118651	0.74683774	-0.0048746732	8.1788988
1.1837983	0.74877071	0.012783037	8.236495
1.2118651	0.73008525	0.01614641	8.1706715
1.2040688	0.72525281	-0.027577441	8.183013
1.1931539	0.74071664	-0.0099197328	8.2323809
1.2149836	0.74522692	-0.012442263	8.2076969
1.2040688	0.75005937	-0.0040338296	8.1994696
1.1962725	0.7436161	-0.01664648	8.2118111
1.1931539	0.7497372	-0.017487323	8.2447233
1.1962725	0.75521398	0.019509783	8.2323809
1.1947131	0.75167018	0.011942193	8.2118111
1.1931539	0.75714695	-0.012442263	8.2282677
1.199391	0.76423448	-0.00067045673	8.2200394
1.2103058	0.75231451	-0.022532383	8.2076969
1.1931539	0.74683774	-0.0031929866	8.2035828
1.1947131	0.74554908	0.0001703865	8.2076969
1.1978317	0.75005937	0.0018520731	8.1994696
1.1947131	0.73878366	0.0085788192	8.2159252
1.1962725	0.73717284	-0.017487323	8.1912413
1.1947131	0.74297178	0.022032311	8.2159252
1.1947131	0.74909288	-0.014964793	8.2200394
1.2071873	0.74748206	0.022032311	8.2200394
1.1962725	0.74877071	-0.017487323	8.2035828
1.1947131	0.75102586	-0.0048746732	8.2118111
1.2040688	0.74393827	0.019509783	8.1994696
1.2087466	0.73652852	-0.030099971	8.1953554
1.2149836	0.75134802	-0.013283106	8.2118111
1.199391	0.74748206	0.0094196629	8.2035828
1.1900353	0.74587125	-0.0082380464	8.2323809
1.199391	0.74458259	0.011942193	8.2118111
1.1900353	0.74909288	-0.0040338296	8.2159252
1.205628	0.75746912	-0.041030932	8.2159252
1.2025095	0.75360316	-0.047757678	8.2282677
1.199391	0.7558583	-0.015805636	8.2406092
1.2071873	0.75070369	0.018668938	8.2035828
1.2071873	0.73395121	-0.012442263	8.1871271
1.1931539	0.73523986	0.0026929164	8.2118111
1.2071873	0.73298472	-0.010760576	8.1788988
1.2165428	0.73910582	-0.036826719	8.2159252
1.1853576	0.73620635	0.0043746028	8.1994696
1.2040688	0.73395121	0.018668938	8.1871271
1.1869168	0.74651557	0.011942193	8.2241535
1.2118651	0.74490476	0.0001703865	8.1994696
1.2196614	0.75038153	-0.01916901	8.1912413
1.1962725	0.74812639	0.021191468	8.2241535
1.2071873	0.74941504	-0.018328166	8.2076969
1.199391	0.75424749	-0.0057155164	8.2241535
1.2040688	0.7558583	-0.0040338296	8.1912413
1.2025095	0.76359016	-0.00067045673	8.2406092
1.1915946	0.76455665	-0.010760576	8.2323809
1.2009503	0.74941504	-0.015805636	8.2035828
1.1806798	0.75199234	-0.0057155164	8.2323809
1.1791205	0.73556203	0.0060562897	8.183013
1.2025095	0.73588419	-0.028418286	8.2035828
1.1947131	0.73878366	-0.040190089	8.2570658
1.2149836	0.73910582	-0.018328166	8.1994696
1.1931539	0.73781717	-0.012442263	8.1994696
1.1900353	0.74522692	-0.00067045673	8.2241535
1.1791205	0.74587125	-0.026736598	8.2241535
1.1978317	0.75038153	-0.0031929866	8.2076969
1.1822391	0.75682479	0.032963276	8.2159252
1.1869168	0.75456965	-0.0057155164	8.2035828
1.2087466	0.75456965	0.0010112298	8.2035828
1.1806798	0.74748206	0.024554841	8.2159252
1.1915946	0.74522692	0.030440746	8.1912413
1.199391	0.74200529	0.0060562897	8.2035828
1.2134243	0.73942798	-0.0099197328	8.1912413
1.1931539	0.73298472	0.018668938	8.1706715
1.1962725	0.73685068	-0.020009853	8.1994696
1.2025095	0.74264961	-0.012442263	8.2076969
1.2025095	0.73878366	-0.0040338296	8.2241535
1.1931539	0.74071664	0.023713998	8.2118111
1.1947131	0.73685068	0.0043746028	8.1912413
1.1869168	0.73588419	0.026236527	8.1912413
1.1931539	0.74136096	0.011942193	8.2241535
1.2134243	0.74651557	-0.021691538	8.183013
1.176002	0.75553614	0.0026929164	8.236495
1.1837983	0.76391232	0.0026929164	8.2323809
1.199391	0.75618047	-0.0015113001	8.2241535
1.205628	0.74877071	-0.0048746732	8.1747847
1.1806798	0.75392532	-0.014123949	8.2035828
1.1837983	0.76197934	-0.021691538	8.2241535
1.1915946	0.74909288	0.0018520731	8.2200394
1.1978317	0.75102586	-0.037667561	8.2118111
1.1978317	0.75263667	-0.047757678	8.2241535
1.1931539	0.75424749	-0.0090788892	8.2200394
1.2009503	0.74619341	-0.0048746732	8.2118111
1.1962725	0.74490476	-0.030940816	8.1994696
1.1822391	0.73846149	0.018668938	8.2076969
1.1900353	0.74264961	0.0010112298	8.2035828
1.2025095	0.7497372	-0.013283106	8.2159252
1.205628	0.73975015	-0.018328166	8.1871271
1.2071873	0.74200529	-0.010760576	8.2035828
1.2025095	0.74522692	-0.020009853	8.1912413
1.176002	0.66049814	0.012783037	5.5006747
1.1947131	0.60476404	-0.0073972028	5.5294728
1.1931539	0.6421349	-0.01916901	7.1174827
1.1884761	0.6891706	-0.0023521434	7.9444003
1.1931539	0.62022781	-0.0099197328	5.4801044
1.1869168	0.59574348	-0.042712618	5.5623851
1.1884761	0.61797267	0.0026929164	7.1051407
1.1853576	0.66017598	0.0035337596	7.9485145
1.1682056	0.68884844	0.026236527	8.2076969
1.1775613	0.71558797	0.0001703865	8.2488375
1.1931539	0.71945393	-0.0057155164	8.2282677
1.1869168	0.71687663	0.0026929164	8.2076969
1.1775613	0.73459554	0.022032311	8.2159252
1.1978317	0.73813933	-0.015805636	8.1912413
1.1915946	0.74877071	-0.01160142	8.2118111
1.1978317	0.74812639	-0.01160142	8.2035828
1.1931539	0.74522692	0.0010112298	8.2200394
1.1713243	0.73910582	0.010260507	8.1953554
1.1822391	0.74426043	-0.0031929866	8.1788988
1.1931539	0.74554908	-0.01664648	8.1871271
1.1869168	0.74071664	0.020350626	8.1912413
1.1884761	0.74458259	-0.0040338296	8.2200394
1.1822391	0.75779128	0.018668938	8.2323809
1.1978317	0.74812639	0.007737976	8.1871271
1.1869168	0.74780422	0.0052154465	8.2159252
1.1884761	0.74136096	0.011942193	8.183013
1.1931539	0.73137391	0.013623879	8.1912413
1.1947131	0.72750795	-0.015805636	8.2076969
1.1837983	0.73749501	-0.023373226	8.2076969
1.199391	0.72525281	0.018668938	8.2118111
1.1806798	0.74039447	-0.00067045673	8.2200394
1.1728835	0.74812639	0.029599901	8.2159252
1.1837983	0.74490476	0.0010112298	8.1953554
1.1915946	0.74619341	0.0010112298	8.1994696
1.1791205	0.74877071	-0.017487323	8.1953554
1.1713243	0.75553614	0.013623879	8.1912413
1.1884761	0.7497372	-0.015805636	8.1665573
1.1853576	0.74522692	0.0035337596	8.1994696
1.1837983	0.73942798	-0.0015113001	8.1994696
1.1822391	0.74232745	0.007737976	8.2241535
1.1822391	0.7410388	0.0068971328	8.2282677
1.1962725	0.73201823	0.010260507	8.1747847
1.1791205	0.73813933	0.01614641	8.2118111
1.1791205	0.74490476	-0.0023521434	8.2447233
1.1744428	0.74490476	0.014464723	8.2076969
1.199391	0.73588419	-0.0065563596	8.2282677
1.1775613	0.74039447	-0.026736598	8.2323809
1.1837983	0.72686362	0.007737976	8.1953554
1.1791205	0.74554908	-0.00067045673	8.2159252
1.1853576	0.76165718	-0.022532383	8.2488375
1.1931539	0.753281	-0.0040338296	8.1953554
1.1837983	0.73846149	-0.0090788892	8.183013
1.1728835	0.75070369	-0.021691538	8.2118111
1.1697649	0.75199234	-0.0099197328	8.2282677
1.2025095	0.75843561	-0.033463344	8.2159252
1.1682056	0.75682479	-0.021691538	8.2076969
1.1713243	0.75199234	0.0052154465	8.2076969
1.176002	0.76101285	0.019509783	8.2735214
1.1806798	0.75070369	-0.0040338296	8.2241535
1.1744428	0.74587125	0.021191468	8.2323809
1.1806798	0.74297178	-0.015805636	8.1953554
1.1806798	0.73878366	0.016987253	8.2118111
1.1697649	0.74039447	0.025395684	8.2118111
1.199391	0.73717284	-0.012442263	8.1871271
1.1791205	0.74007231	-0.041871779	8.2406092
1.1822391	0.74748206	-0.0057155164	8.2611799
1.1931539	0.74393827	-0.027577441	8.2035828
1.1728835	0.74877071	0.01110135	8.2118111
1.1775613	0.75456965	0.0026929164	8.2076969
1.1947131	0.75618047	-0.026736598	8.1994696
1.1869168	0.7436161	0.025395684	8.183013
1.1806798	0.74200529	-0.01160142	8.2035828
1.1869168	0.74329394	-0.0082380464	8.1912413
1.1884761	0.73878366	0.0085788192	8.2241535
1.1806798	0.74297178	-0.0090788892	8.2200394
1.1806798	0.75199234	-0.0073972028	8.2241535
1.1962725	0.75263667	-0.018328166	8.2282677
1.1791205	0.75489181	-0.0040338296	8.2282677
1.1822391	0.74426043	0.027918214	8.1994696
1.1853576	0.74297178	-0.013283106	8.1994696
1.1806798	0.74426043	-0.014964793	8.2159252
1.1915946	0.74844855	-0.030940816	8.236495
1.1978317	0.74651557	0.0085788192	8.2035828
1.1931539	0.75392532	-0.024214068	8.2323809
1.1791205	0.73813933	0.013623879	8.2118111
1.1884761	0.73781717	0.010260507	8.2076969
1.176002	0.74844855	0.01614641	8.2076969
1.1884761	0.75424749	-0.027577441	8.2035828
1.1822391	0.75907993	0.020350626	8.2282677
1.1822391	0.75295883	-0.0048746732	8.2282677
1.1853576	0.74071664	0.028759057	8.1953554
1.1853576	0.75102586	-0.020850696	8.2076969
1.2009503	0.74200529	-0.020009853	8.1953554
1.1666464	0.74393827	0.0052154465	8.2118111
1.1884761	0.73685068	-0.014123949	8.1747847
1.1869168	0.73556203	0.0052154465	8.2035828
1.1791205	0.73942798	-0.0048746732	8.2200394
1.1962725	0.75424749	-0.030099971	8.2035828
1.1915946	0.75199234	-0.00067045673	8.1665573
1.176002	0.76133502	-0.046075992	8.2200394
1.1806798	0.76874477	0.01110135	8.2076969
1.176002	0.75650263	0.010260507	8.2118111
1.1728835	0.76133502	-0.0082380464	8.2241535
1.1869168	0.75231451	-0.010760576	8.2159252
1.1837983	0.76552314	0.015305566	8.2241535
1.1822391	0.76810044	-0.030099971	8.2200394
1.1900353	0.7658453	-0.013283106	8.2035828
1.1697649	0.76648962	0.0052154465	8.2447233
1.176002	0.74554908	-0.01916901	8.2200394
1.1728835	0.74748206	0.0010112298	8.2323809
1.176002	0.74329394	-0.010760576	8.1912413
1.1853576	0.73749501	0.021191468	8.1871271
1.1744428	0.75102586	0.015305566	8.1994696
1.1884761	0.74683774	-0.014123949	8.1953554
1.1837983	0.65244406	0.0060562897	5.521245
1.176002	0.60122025	0.013623879	5.5006747
1.1900353	0.62667108	-0.014964793	7.0598865
1.1806798	0.67628413	-0.025054913	7.9567428
1.1869168	0.70109063	-0.0023521434	8.1747847
1.1853576	0.71848744	-0.00067045673	8.2118111
1.1791205	0.71462148	0.0018520731	8.1994696
1.1947131	0.72042036	-0.01160142	8.2118111
1.1884761	0.72042036	-0.026736598	8.2118111
1.1931539	0.73137391	-0.0065563596	8.2200394
1.1884761	0.73717284	0.015305566	8.2241535
1.1884761	0.72525281	-0.013283106	8.1624432
1.1900353	0.73008525	0.0018520731	8.2118111
1.1791205	0.74168313	0.0035337596	8.2200394
1.1822391	0.74200529	-0.028418286	8.2035828
1.1915946	0.75360316	-0.0023521434	8.2035828
1.1900353	0.74490476	-0.027577441	8.1912413
1.1697649	0.73910582	0.019509783	8.2035828
1.1853576	0.74844855	-0.0023521434	8.2118111
1.1822391	0.753281	0.010260507	8.2200394
1.1915946	0.75392532	-0.01664648	8.2447233
1.1978317	0.74329394	-0.014964793	8.1871271
1.1682056	0.7436161	-0.0048746732	8.2076969
1.1728835	0.76262367	0.014464723	8.2447233
1.1837983	0.7410388	0.0094196629	8.2200394
1.1884761	0.73846149	-0.021691538	8.1953554
1.1884761	0.74232745	-0.022532383	8.2159252
1.1744428	0.74200529	0.015305566	8.2323809
1.1884761	0.73975015	-0.014964793	8.2241535
1.199391	0.73137391	-0.0082380464	8.1747847
1.1853576	0.74683774	-0.0099197328	8.1953554
1.1869168	0.75199234	-0.0057155164	8.2241535
1.1666464	0.7436161	0.0052154465	8.2282677
1.1666464	0.74297178	0.016987253	8.2118111
1.1837983	0.75038153	-0.0040338296	8.2200394
1.1791205	0.75875777	-0.01664648	8.236495
1.1978317	0.75070369	-0.024214068	8.2118111
1.1713243	0.74264961	0.012783037	8.2118111
1.1604093	0.75682479	-0.0040338296	8.2200394
1.1650871	0.75295883	0.01110135	8.2241535
1.1900353	0.76101285	-0.035145033	8.2447233
1.1884761	0.76874477	-0.04523515	8.2406092
1.1947131	0.75489181	0.0026929164	8.1788988
1.1713243	0.7497372	0.0085788192	8.2035828
1.1682056	0.75360316	-0.014123949	8.2529516
1.1791205	0.75231451	0.0010112298	8.2159252
1.1837983	0.74458259	0.0010112298	8.1871271
1.1791205	0.73459554	-0.01916901	8.1871271
1.1947131	0.74490476	-0.01160142	8.2159252
1.1869168	0.73685068	0.01614641	8.1747847
1.1822391	0.72847444	0.0094196629	8.1912413
1.1822391	0.73072958	-0.0090788892	8.1953554
1.1884761	0.74039447	-0.014123949	8.2406092
1.1837983	0.74941504	-0.0099197328	8.2282677
1.1869168	0.74200529	-0.023373226	8.1871271
1.1728835	0.74941504	-0.0023521434	8.2200394
1.1588501	0.75360316	0.0026929164	8.236495
1.1900353	0.74490476	-0.029259128	8.1994696
1.1775613	0.75489181	-0.0048746732	8.236495
1.1775613	0.74297178	0.014464723	8.1994696
1.1869168	0.73137391	0.0035337596	8.2323809
1.176002	0.73846149	-0.00067045673	8.2282677
1.1962725	0.74200529	-0.0031929866	8.2159252
1.176002	0.74909288	-0.012442263	8.2159252
1.1900353	0.73427337	-0.010760576	8.2035828
1.1915946	0.74200529	-0.0057155164	8.2076969
1.176002	0.73588419	0.0060562897	8.2118111
1.1744428	0.74587125	0.0043746028	8.2200394
1.1822391	0.76101285	-0.025895756	8.2529516
1.1650871	0.76262367	0.0060562897	8.2282677
1.1666464	0.76262367	0.027918214	8.2241535
1.1791205	0.76520097	-0.0065563596	8.2323809
1.1900353	0.7558583	-0.0099197328	8.1994696
1.1915946	0.74844855	0.0026929164	8.1665573
1.1947131	0.75489181	-0.025054913	8.1994696
1.1837983	0.75231451	-0.0023521434	8.2035828
1.1682056	0.75231451	-0.01664648	8.2447233
1.1837983	0.73620635	0.013623879	8.2035828
1.1806798	0.73749501	-0.021691538	8.2200394
1.1900353	0.74651557	-0.035145033	8.236495
1.1744428	0.74587125	-0.028418286	8.2323809
1.1775613	0.73846149	-0.00067045673	8.2241535
1.1791205	0.74071664	0.018668938	8.2282677
1.1869168	0.7436161	-0.0048746732	8.2447233
1.1822391	0.74039447	-0.0015113001	8.236495
1.176002	0.74651557	0.012783037	8.2241535
1.1713243	0.75231451	0.0052154465	8.2118111
1.1713243	0.75489181	0.01110135	8.2118111
1.1635278	0.75907993	-0.017487323	8.2159252
1.1791205	0.74941504	-0.01160142	8.2035828
1.1806798	0.75553614	0.0068971328	8.2200394
1.1604093	0.75811344	-0.01664648	8.2323809
1.176002	0.75392532	-0.018328166	8.2076969
1.1713243	0.7594021	-0.0099197328	8.236495
1.1697649	0.76487881	0.016987253	8.2447233
1.1604093	0.7594021	0.0026929164	8.2323809
1.1619686	0.75102586	-0.0099197328	8.2118111
1.1666464	0.74200529	-0.014123949	8.2241535
1.176002	0.74297178	-0.01160142	8.2035828
1.1853576	0.74780422	-0.01664648	8.2159252
1.176002	0.73910582	0.011942193	8.2035828
1.1853576	0.7262193	-0.0040338296	8.1953554
1.1697649	0.74297178	-0.013283106	8.2323809
1.1915946	0.75134802	0.015305566	8.2118111
1.1947131	0.74651557	-0.030099971	8.2118111
1.1713243	0.75650263	0.01110135	8.2447233
1.1806798	0.76036853	-0.015805636	8.2200394
1.1806798	0.75038153	0.0035337596	8.2118111
1.1791205	0.76036853	-0.0040338296	8.2200394
1.1728835	0.74200529	-0.0048746732	8.2118111
1.176002	0.74651557	0.0035337596	8.2118111
1.1744428	0.74619341	0.0043746028	8.2241535
1.1853576	0.73910582	-0.0015113001	8.2076969
1.1728835	0.7436161	0.0010112298	8.2447233
1.1884761	0.73846149	-0.014123949	8.2076969
1.1915946	0.74844855	-0.025054913	8.2200394
1.1915946	0.74780422	-0.0090788892	8.2323809
1.1837983	0.74007231	0.0085788192	8.1953554
1.1806798	0.75392532	-0.028418286	8.2323809
1.1666464	0.75392532	0.0026929164	8.2118111
1.1931539	0.7436161	-0.020009853	8.183013
1.1666464	0.75102586	-0.041871779	8.236495
1.1853576	0.75682479	-0.0082380464	8.1953554
1.1713243	0.76004636	-0.0023521434	8.2035828
1.1869168	0.7658453	-0.032622501	8.1871271
1.1744428	0.75102586	-0.0057155164	8.2200394
1.1791205	0.73652852	0.012783037	8.1871271
1.1713243	0.7287966	-0.0048746732	8.183013
1.1791205	0.73137391	-0.018328166	8.1912413
1.1650871	0.73556203	-0.026736598	8.236495
1.1713243	0.73169607	0.0018520731	8.1912413
1.1666464	0.72654146	0.012783037	8.2035828
1.1869168	0.73427337	-0.01916901	8.1953554
1.1744428	0.7558583	-0.0090788892	8.2652931
1.1900353	0.75489181	-0.024214068	8.2118111
1.1635278	0.74458259	0.015305566	8.2200394
1.1806798	0.74683774	-0.014123949	8.183013
1.1853576	0.75424749	0.007737976	8.2323809
1.1619686	0.75489181	-0.0048746732	8.2200394
1.1572908	0.75843561	-0.014123949	8.2323809
1.1635278	0.75746912	0.0068971328	8.2035828
1.1650871	0.76681179	-0.012442263	8.2570658
1.1822391	0.7558583	0.0010112298	8.1912413
1.1884761	0.7471599	0.01614641	8.1953554
1.176002	0.75521398	-0.038508404	8.2323809
1.1588501	0.75360316	-0.0057155164	8.2323809
1.1713243	0.74554908	-0.021691538	8.2241535
1.1728835	0.75167018	-0.040190089	8.236495
1.1557316	0.75038153	-0.0082380464	8.2406092
1.176002	0.74780422	0.0052154465	8.2118111
1.1666464	0.75263667	-0.012442263	8.2447233
1.1713243	0.75521398	0.007737976	8.2488375
1.1682056	0.75263667	-0.013283106	8.2282677
1.1604093	0.74748206	-0.0023521434	8.2323809
1.1713243	0.75263667	0.0018520731	8.2241535
1.1666464	0.76616746	0.0094196629	8.2241535
1.1869168	0.75714695	-0.0082380464	8.2035828
1.1713243	0.74651557	0.01614641	8.2323809
1.1682056	0.75392532	0.0068971328	8.2200394
1.1650871	0.76069069	-0.027577441	8.2447233
1.1697649	0.75843561	0.0018520731	8.2406092
1.176002	0.74683774	-0.014123949	8.2035828
1.1697649	0.74490476	-0.0048746732	8.2241535
1.1526129	0.74909288	0.0060562897	8.2406092
1.1682056	0.74136096	0.0010112298	8.2076969
1.1837983	0.74587125	-0.0057155164	8.2035828
1.1650871	0.7410388	0.0018520731	8.2035828
1.1604093	0.75231451	-0.025054913	8.2241535
1.1900353	0.76165718	-0.01160142	8.2118111
1.176002	0.75650263	0.0010112298	8.2159252
1.1666464	0.75424749	0.0052154465	8.2200394
1.1728835	0.75650263	-0.01664648	8.2241535
1.1635278	0.67274034	0.01110135	5.5994115
1.1869168	0.61700618	-0.026736598	5.4842186
1.1791205	0.64503437	-0.038508404	7.0681143
1.1635278	0.67145169	-0.01160142	7.9361725
1.1666464	0.7162323	0.023713998	8.2323809
1.1869168	0.73749501	-0.021691538	8.2488375
1.1682056	0.74071664	0.0018520731	8.2323809
1.1822391	0.72460848	0.012783037	8.1912413
1.176002	0.72944093	-0.010760576	8.1912413
1.1697649	0.73878366	-0.0057155164	8.2200394
1.1713243	0.75005937	-0.021691538	8.2447233
1.1650871	0.74200529	0.01110135	8.2118111
1.1713243	0.75070369	-0.021691538	8.2447233
1.1775613	0.74877071	0.0060562897	8.2282677
1.1666464	0.76069069	-0.025895756	8.2282677
1.1713243	0.75746912	-0.014123949	8.2035828
1.1713243	0.75746912	0.016987253	8.2200394
1.1650871	0.74200529	-0.0082380464	8.2118111
1.1635278	0.74941504	-0.014964793	8.236495
1.1619686	0.74522692	-0.031781659	8.1994696
1.1510537	0.7471599	-0.020850696	8.2200394
1.1744428	0.74619341	-0.035145033	8.1871271
1.1650871	0.75779128	-0.01916901	8.2323809
1.176002	0.74393827	0.01110135	8.1994696
1.1682056	0.74007231	-0.020850696	8.2076969
1.1588501	0.75167018	-0.0090788892	8.2406092
1.1728835	0.74264961	-0.010760576	8.2241535
1.1822391	0.74071664	0.0018520731	8.1871271
1.1744428	0.74554908	-0.053643584	8.2282677
1.1635278	0.74877071	0.0018520731	8.2323809
1.1775613	0.75746912	-0.027577441	8.2529516
1.1557316	0.75263667	0.0026929164	8.2241535
1.1635278	0.75875777	0.0060562897	8.2118111
1.1635278	0.7558583	0.018668938	8.183013
1.1682056	0.74844855	-0.00067045673	8.2076969
1.1588501	0.74844855	0.010260507	8.1994696
1.1915946	0.74619341	-0.0082380464	8.2035828
1.1744428	0.74780422	0.010260507	8.2159252
1.1650871	0.74748206	0.0035337596	8.2488375
1.1837983	0.73330688	-0.013283106	8.1871271
1.176002	0.74393827	-0.035145033	8.2200394
1.1650871	0.74619341	0.0094196629	8.2406092
1.176002	0.73588419	0.0085788192	8.2159252
1.1682056	0.73395121	0.0018520731	8.2118111
1.1837983	0.73749501	-0.014123949	8.2241535
1.1822391	0.7410388	-0.023373226	8.2200394
1.1775613	0.75102586	-0.0015113001	8.2406092
1.1682056	0.753281	-0.0090788892	8.2200394
1.1650871	0.7594021	0.017828096	8.2200394
1.1744428	0.75134802	0.013623879	8.1994696
1.1619686	0.76165718	0.0035337596	8.2323809
1.1588501	0.7658453	0.01614641	8.2241535
1.1806798	0.76423448	-0.032622501	8.1994696
1.1697649	0.66178679	-0.020850696	5.587069
1.1697649	0.60895216	-0.0048746732	5.5047889
1.1869168	0.62151647	-0.010760576	7.0310888
1.1635278	0.66500843	0.0043746028	7.9402866
1.1666464	0.69335872	-0.0031929866	8.2076969
1.1791205	0.71139985	-0.022532383	8.2200394
1.1744428	0.73137391	-0.0031929866	8.2529516
1.1666464	0.7410388	-0.015805636	8.2447233
1.1604093	0.74200529	0.025395684	8.2323809
1.1541722	0.74007231	0.016987253	8.236495
1.1744428	0.75005937	-0.025895756	8.2118111
1.1588501	0.75392532	-0.010760576	8.2200394
1.1744428	0.75102586	-0.010760576	8.1912413
1.176002	0.73523986	-0.0090788892	8.1912413
1.1791205	0.74264961	-0.01916901	8.2159252
1.176002	0.74780422	0.027077371	8.2200394
1.1619686	0.74458259	-0.01160142	8.2241535
1.1713243	0.75360316	-0.00067045673	8.2529516
1.1697649	0.74168313	0.0010112298	8.1994696
1.1588501	0.73878366	-0.00067045673	8.2323809
1.1572908	0.74748206	-0.012442263	8.2241535
1.1713243	0.74426043	-0.0073972028	8.2323809
1.1775613	0.75456965	-0.030940816	8.2529516
1.1604093	0.753281	-0.01916901	8.2241535
1.1806798	0.7471599	-0.0048746732	8.1953554
1.1541722	0.75038153	-0.0023521434	8.2447233
1.1666464	0.74232745	0.0026929164	8.1953554
1.1604093	0.75682479	-0.0073972028	8.2488375
1.1682056	0.76423448	-0.030099971	8.2529516
1.1822391	0.74136096	-0.030099971	8.1953554
1.1588501	0.74683774	-0.0090788892	8.2076969
1.1588501	0.75360316	-0.01916901	8.2159252
1.1666464	0.66243112	-0.020850696	5.6158671
1.1697649	0.60057592	-0.028418286	5.5047889
1.1728835	0.62312728	0.007737976	7.0557723
1.1635278	0.66468626	-0.015805636	7.9402866
1.1682056	0.69142574	-0.014123949	8.1994696
1.1915946	0.71043336	-0.013283106	8.2159252
1.1697649	0.72460848	-0.010760576	8.2406092
1.176002	0.74200529	-0.0023521434	8.236495
1.1619686	0.73942798	-0.0031929866	8.2200394
1.1697649	0.73749501	-0.0048746732	8.1912413
1.1682056	0.74748206	0.012783037	8.2118111
1.1713243	0.7471599	0.017828096	8.1706715
1.1713243	0.74877071	-0.012442263	8.2118111
1.1697649	0.75038153	-0.0031929866	8.2118111
1.1728835	0.75231451	0.021191468	8.2200394
1.1666464	0.75295883	0.007737976	8.2035828
1.176002	0.7436161	-0.028418286	8.1871271
1.1791205	0.75070369	-0.00067045673	8.2035828
1.176002	0.74136096	-0.0031929866	8.2118111
1.1791205	0.74071664	-0.013283106	8.1953554
1.1682056	0.7497372	0.0018520731	8.2200394
1.1619686	0.74941504	0.015305566	8.2200394
1.1650871	0.75972426	0.024554841	8.2611799
1.1853576	0.74297178	-0.00067045673	8.1747847
1.1682056	0.75231451	0.0001703865	8.2035828
1.1713243	0.74200529	0.022873154	8.1912413
1.1822391	0.7323404	-0.0040338296	8.183013
1.1650871	0.7436161	-0.0057155164	8.2035828
1.1604093	0.75295883	-0.0090788892	8.2282677
1.1635278	0.74393827	0.017828096	8.2118111
1.1728835	0.74909288	0.0026929164	8.2406092
1.1869168	0.74619341	-0.031781659	8.2200394
1.1619686	0.76004636	-0.01160142	8.2447233
1.1806798	0.74748206	-0.021691538	8.2241535
1.1713243	0.75231451	0.0060562897	8.236495
1.1728835	0.73781717	-0.0023521434	8.1706715
1.1697649	0.72783011	-0.0082380464	8.1871271
1.1526129	0.73652852	-0.0073972028	8.2447233
1.1697649	0.74426043	-0.0057155164	8.2652931
1.1697649	0.74651557	-0.0065563596	8.2406092
1.1588501	0.74393827	-0.032622501	8.2118111
1.1806798	0.73298472	-0.0065563596	8.183013
1.1635278	0.73008525	0.026236527	8.2200394
1.1744428	0.74393827	-0.017487323	8.2159252
1.1713243	0.75424749	-0.014123949	8.2323809
1.1588501	0.75521398	-0.01664648	8.2323809
1.1806798	0.76069069	-0.024214068	8.2529516
1.1526129	0.76423448	0.023713998	8.2570658
1.1744428	0.75779128	-0.013283106	8.2118111
1.1572908	0.76648962	-0.0073972028	8.2159252
1.1775613	0.76552314	-0.0048746732	8.2282677
1.1650871	0.7558583	-0.0099197328	8.2241535
1.1619686	0.75521398	-0.0057155164	8.2447233
1.176002	0.73749501	0.0001703865	8.2159252
1.1775613	0.74554908	-0.018328166	8.2447233
1.1682056	0.7410388	0.0026929164	8.2035828
1.1744428	0.73781717	-0.010760576	8.2200394
1.1572908	0.73813933	0.016987253	8.2282677
1.1791205	0.74683774	-0.020009853	8.236495
1.1697649	0.74200529	0.0010112298	8.2282677
1.1682056	0.74329394	-0.0048746732	8.2159252
1.1541722	0.74941504	-0.0031929866	8.2241535
1.1541722	0.75650263	0.017828096	8.2447233
1.1682056	0.76133502	-0.0082380464	8.2323809
1.1588501	0.74941504	0.020350626	8.183013
1.1650871	0.75199234	-0.0057155164	8.2035828
1.1557316	0.75650263	0.021191468	8.2323809
1.1728835	0.75231451	0.0018520731	8.1871271
1.1775613	0.73878366	-0.0057155164	8.1912413
1.1510537	0.74812639	0.011942193	8.2529516
1.1822391	0.74812639	0.01614641	8.2241535
1.1650871	0.75199234	0.0001703865	8.2200394
1.1635278	0.74007231	0.007737976	8.1912413
1.1791205	0.73556203	-0.0015113001	8.2035828
1.1619686	0.74426043	0.0060562897	8.2118111
1.1572908	0.75779128	-0.014123949	8.2323809
1.1822391	0.74844855	-0.014123949	8.2076969
1.1572908	0.74297178	0.010260507	8.2118111
1.1713243	0.74554908	0.0026929164	8.2159252
1.1775613	0.7436161	0.014464723	8.2035828
1.1791205	0.74522692	-0.015805636	8.2118111
1.1557316	0.7558583	-0.0082380464	8.2241535
1.1635278	0.75456965	0.0018520731	8.2241535
1.1635278	0.74844855	-0.0048746732	8.2570658
1.1775613	0.74458259	-0.020850696	8.2035828
1.1635278	0.75102586	-0.0057155164	8.2447233
1.1541722	0.75295883	-0.027577441	8.2118111
1.1682056	0.73975015	0.025395684	8.2118111
1.1775613	0.64567864	-0.031781659	5.6446657
1.1650871	0.60283107	-0.0031929866	5.4965606
1.1572908	0.62248296	-0.010760576	7.0681143
1.1526129	0.67692846	-0.024214068	8.0061102
1.176002	0.70592308	-0.010760576	8.2035828
1.1619686	0.72428632	-0.021691538	8.2529516
1.1666464	0.72911876	-0.012442263	8.236495
1.1494945	0.74812639	0.019509783	8.2241535
1.1541722	0.74554908	-0.021691538	8.2323809
1.176002	0.74909288	-0.030099971	8.2241535
1.1775613	0.74264961	-0.037667561	8.1994696
1.1635278	0.75489181	-0.01916901	8.2323809
1.1604093	0.76520097	0.0068971328	8.2323809
1.1619686	0.75392532	0.013623879	8.2323809
1.1510537	0.74522692	-0.0057155164	8.2447233
1.1541722	0.74554908	0.0035337596	8.2282677
1.1604093	0.75456965	-0.00067045673	8.2241535
1.1572908	0.73459554	0.016987253	8.183013
1.1572908	0.73685068	-0.01664648	8.2282677
1.1588501	0.73201823	0.0018520731	8.2241535
1.176002	0.73942798	-0.0048746732	8.2241535
1.1572908	0.75263667	0.0060562897	8.2447233
1.176002	0.74877071	-0.026736598	8.2118111
1.146376	0.75650263	0.0010112298	8.2694073
1.1401389	0.75875777	0.025395684	8.2406092
1.1666464	0.75070369	-0.0099197328	8.2200394
1.1635278	0.753281	0.017828096	8.2323809
1.1588501	0.75102586	-0.0073972028	8.2529516
1.1635278	0.74812639	-0.0090788892	8.2035828
1.1744428	0.74522692	0.016987253	8.2159252
1.1650871	0.73942798	-0.0065563596	8.2118111
1.1697649	0.74554908	-0.01664648	8.2447233
1.1588501	0.74748206	-0.01916901	8.2159252
1.1557316	0.74458259	-0.00067045673	8.2200394
1.1557316	0.7471599	0.0035337596	8.2406092
1.1666464	0.75199234	-0.033463344	8.2447233
1.1541722	0.74071664	0.0035337596	8.1953554
1.1728835	0.73975015	-0.015805636	8.2035828
1.1744428	0.75456965	-0.025895756	8.2488375
1.1666464	0.7558583	-0.0057155164	8.2611799
1.1650871	0.75553614	-0.027577441	8.2323809
1.1619686	0.7558583	-0.021691538	8.2323809
1.1572908	0.7497372	0.013623879	8.2159252
1.1619686	0.75746912	-0.0040338296	8.236495
1.1697649	0.75714695	-0.01160142	8.2118111
1.1526129	0.75199234	-0.013283106	8.1912413
1.1588501	0.75907993	-0.0040338296	8.2200394
1.146376	0.75489181	0.018668938	8.2529516
1.1650871	0.753281	0.0052154465	8.2200394
1.176002	0.73749501	-0.014123949	8.1624432
1.1541722	0.74619341	-0.025054913	8.2447233
1.1557316	0.74232745	0.016987253	8.2241535
1.1510537	0.73685068	0.03128159	8.2159252
1.1682056	0.73652852	-0.015805636	8.2035828
1.1526129	0.7349177	-0.0082380464	8.2118111
1.1510537	0.73910582	-0.0015113001	8.2241535
1.1588501	0.76004636	-0.0040338296	8.2570658
1.1619686	0.76133502	-0.014964793	8.2241535
1.1541722	0.76648962	-0.014123949	8.2323809
1.1541722	0.67177385	-0.0048746732	5.6364374
1.1510537	0.61442888	0.012783037	5.4225082
1.1541722	0.63923544	-0.033463344	7.0393162
1.1572908	0.66951871	-0.025054913	7.9320583
1.1510537	0.69947982	-0.0082380464	8.2488375
1.1385796	0.72654146	0.013623879	8.2694073
1.1572908	0.73813933	-0.01664648	8.236495
1.1650871	0.74877071	0.0026929164	8.2447233
1.1635278	0.73330688	0.015305566	8.1953554
1.1479353	0.74039447	-0.022532383	8.2323809
1.1526129	0.72976309	-0.0057155164	8.1953554
1.1775613	0.73813933	0.010260507	8.1871271
1.1479353	0.74329394	-0.0065563596	8.2282677
1.1697649	0.74651557	-0.012442263	8.236495
1.1541722	0.75102586	0.0001703865	8.2529516
1.1619686	0.75714695	-0.0065563596	8.2406092
1.1650871	0.75199234	0.0068971328	8.2529516
1.1557316	0.75746912	-0.021691538	8.236495
1.1572908	0.75038153	-0.00067045673	8.2200394
1.1572908	0.74812639	0.0094196629	8.2323809
1.176002	0.73846149	-0.0073972028	8.2076969
1.1619686	0.72686362	-0.0090788892	8.1912413
1.1666464	0.7287966	-0.034304187	8.2200394
1.1728835	0.75102586	-0.023373226	8.2570658
1.1635278	0.74844855	0.0035337596	8.2159252
1.1666464	0.75424749	-0.0073972028	8.2282677
1.1541722	0.75392532	-0.025054913	8.2241535
1.1510537	0.74458259	0.0052154465	8.1788988
1.1494945	0.75456965	0.011942193	8.2406092
1.1572908	0.75779128	-0.039349247	8.2282677
1.1713243	0.74941504	-0.0082380464	8.2035828
1.1728835	0.75005937	-0.01916901	8.2200394
1.1557316	0.75167018	0.0026929164	8.2323809
1.1604093	0.66146463	-0.020009853	5.6528935
1.1650871	0.62183863	-0.01160142	5.4471922
1.1650871	0.6460008	-0.041030932	7.0640001
1.1775613	0.6830495	0.007737976	7.9279442
1.1588501	0.70109063	0.01614641	8.1912413
1.1697649	0.7162323	-0.00067045673	8.236495
1.1682056	0.7287966	0.0052154465	8.2241535
1.1697649	0.74587125	-0.025054913	8.2159252
1.1619686	0.73523986	-0.0099197328	8.2447233
1.1526129	0.73749501	-0.0015113001	8.2159252
1.1635278	0.73685068	-0.013283106	8.2118111
1.1479353	0.73878366	0.0001703865	8.2323809
1.1572908	0.75005937	-0.025054913	8.2694073
1.1791205	0.73910582	-0.0073972028	8.2035828
1.1744428	0.74812639	-0.014123949	8.2282677
1.1619686	0.75295883	-0.026736598	8.2323809
1.1604093	0.74458259	0.021191468	8.2200394
1.1370203	0.75070369	0.022032311	8.2323809
1.1526129	0.75811344	0.0094196629	8.1994696
1.1557316	0.74909288	0.030440746	8.1912413
1.1650871	0.74393827	-0.020009853	8.236495
1.1557316	0.73846149	0.0018520731	8.2118111
1.1635278	0.73846149	0.0026929164	8.2159252
1.1775613	0.72686362	-0.0031929866	8.2118111
1.1588501	0.73975015	0.0052154465	8.2694073
1.1572908	0.73459554	0.032963276	8.2035828
1.1541722	0.74393827	-0.027577441	8.2035828
1.1604093	0.73523986	0.017828096	8.2076969
1.1588501	0.74587125	-0.030099971	8.2406092
1.1479353	0.75424749	0.018668938	8.2323809
1.1666464	0.74393827	0.010260507	8.1912413
1.1401389	0.75070369	-0.0031929866	8.2200394
1.1541722	0.75843561	-0.0057155164	8.2488375
1.1791205	0.75199234	-0.0090788892	8.2200394
1.1666464	0.73942798	-0.0040338296	8.1994696
1.1635278	0.74232745	-0.0082380464	8.2118111
1.1775613	0.74329394	-0.0015113001	8.2159252
1.176002	0.74877071	-0.01160142	8.2241535
1.1666464	0.74264961	-0.010760576	8.1994696
1.1713243	0.74683774	-0.018328166	8.2323809
1.1526129	0.73781717	-0.0099197328	8.2529516
1.1572908	0.74168313	0.0010112298	8.2159252
1.1666464	0.73556203	-0.036826719	8.2118111
1.1619686	0.73846149	0.0026929164	8.2118111
1.1557316	0.74748206	0.0043746028	8.236495
1.1526129	0.74780422	-0.010760576	8.2200394
1.1557316	0.74039447	0.028759057	8.2241535
1.1572908	0.74200529	-0.010760576	8.2035828
1.1541722	0.74780422	0.0085788192	8.236495
1.1526129	0.74136096	-0.0040338296	8.1994696
1.1666464	0.7410388	-0.0065563596	8.1953554
1.1604093	0.74071664	0.0001703865	8.183013
1.1526129	0.74039447	0.013623879	8.2076969
1.1572908	0.74200529	-0.0082380464	8.1953554
1.1401389	0.7471599	0.010260507	8.2118111
1.1510537	0.74329394	-0.0048746732	8.2282677
1.1526129	0.74941504	0.0026929164	8.2529516
1.1650871	0.73717284	-0.0090788892	8.1912413
1.1728835	0.74941504	-0.034304187	8.2570658
1.1588501	0.74619341	-0.021691538	8.2447233
1.1635278	0.74554908	0.0094196629	8.2447233
1.1713243	0.73685068	-0.0048746732	8.1871271
1.1713243	0.73266256	-0.0031929866	8.2076969
1.1541722	0.75005937	-0.013283106	8.2488375
1.1494945	0.76197934	0.0060562897	8.2694073
1.1713243	0.76133502	0.0068971328	8.2241535
1.1682056	0.76777828	-0.028418286	8.236495
1.1635278	0.75714695	-0.0090788892	8.2035828
1.1541722	0.75295883	-0.010760576	8.2076969
1.1666464	0.74329394	-0.021691538	8.2200394
1.1510537	0.75618047	-0.015805636	8.236495
1.1604093	0.75746912	-0.0099197328	8.2241535
1.1635278	0.74844855	0.01614641	8.2035828
1.1635278	0.7471599	0.0094196629	8.2118111
1.146376	0.75134802	0.01110135	8.2488375
1.1806798	0.75231451	0.0094196629	8.236495
1.1744428	0.74200529	-0.030940816	8.2076969
1.1541722	0.74426043	0.0010112298	8.2529516
1.1682056	0.74683774	-0.0015113001	8.2159252
1.1619686	0.74554908	-0.0090788892	8.2200394
1.1713243	0.74232745	-0.010760576	8.1871271
1.1557316	0.75005937	-0.027577441	8.2282677
1.1588501	0.75005937	-0.0040338296	8.2118111
1.1744428	0.75134802	-0.018328166	8.2323809
1.1510537	0.73781717	-0.017487323	8.2200394
1.1682056	0.753281	-0.0040338296	8.2570658
1.1744428	0.74426043	-0.013283106	8.2200394
1.1666464	0.75424749	0.0018520731	8.236495
1.1604093	0.74007231	-0.0082380464	8.2200394
1.1526129	0.73620635	-0.0023521434	8.2323809
1.1416981	0.74136096	0.0010112298	8.2241535
1.176002	0.74619341	-0.031781659	8.2076969
1.1557316	0.74168313	0.0010112298	8.2323809
1.1557316	0.73846149	0.0001703865	8.236495
1.1604093	0.73523986	0.0085788192	8.183013
1.1604093	0.72170901	-0.00067045673	8.1788988
1.1588501	0.7226755	0.018668938	8.2118111
1.1510537	0.74200529	-0.010760576	8.2488375
1.1619686	0.74683774	-0.027577441	8.2282677
1.1666464	0.74071664	0.013623879	8.2035828
1.1572908	0.73878366	0.018668938	8.2035828
1.1479353	0.74877071	-0.012442263	8.2323809
1.1666464	0.74748206	0.0068971328	8.2200394
1.1541722	0.75489181	-0.025054913	8.2406092
1.1697649	0.7471599	-0.028418286	8.2200394
1.1557316	0.73975015	0.01110135	8.2447233
1.1604093	0.72944093	-0.01160142	8.2200394
1.1666464	0.74136096	-0.0090788892	8.2118111
1.1448166	0.74522692	-0.0082380464	8.2406092
1.1666464	0.74007231	-0.024214068	8.2323809
1.1713243	0.73105174	-0.0031929866	8.183013
1.1541722	0.74071664	-0.018328166	8.2118111
1.1526129	0.74329394	0.030440746	8.2076969
1.1572908	0.74297178	0.0026929164	8.2159252
1.1650871	0.74393827	0.0052154465	8.2159252
1.1526129	0.74780422	-0.018328166	8.2323809
1.1448166	0.75907993	0.0010112298	8.2447233
1.1401389	0.7594021	0.015305566	8.2488375
1.1572908	0.74780422	-0.014964793	8.183013
1.1526129	0.75843561	-0.0048746732	8.2159252
1.176002	0.74490476	-0.01664648	8.158329
1.1697649	0.75038153	-0.0023521434	8.2529516
1.1666464	0.75811344	-0.0015113001	8.2323809
1.1541722	0.76165718	0.028759057	8.236495
1.1479353	0.753281	0.007737976	8.2200394
1.1588501	0.75134802	-0.01664648	8.2406092
1.1588501	0.74071664	0.019509783	8.1994696
1.1526129	0.74748206	0.007737976	8.2159252
1.1697649	0.75618047	-0.032622501	8.236495
1.176002	0.74297178	0.007737976	8.2159252
1.1588501	0.73685068	-0.00067045673	8.1747847
1.1510537	0.753281	-0.031781659	8.2200394
1.176002	0.74554908	-0.023373226	8.1788988
1.1650871	0.74683774	-0.028418286	8.2159252
1.1510537	0.74683774	0.0026929164	8.2241535
1.1666464	0.75102586	-0.013283106	8.2076969
1.1526129	0.7471599	0.012783037	8.2447233
1.1666464	0.74651557	-0.0048746732	8.2200394
1.1635278	0.73685068	-0.010760576	8.2118111
1.1494945	0.74683774	0.0001703865	8.2406092
1.1650871	0.74522692	-0.010760576	8.2200394
1.1713243	0.74812639	-0.023373226	8.2406092
1.1432574	0.74232745	0.010260507	8.2200394
1.1541722	0.73201823	-0.012442263	8.1912413
1.1697649	0.73781717	0.0035337596	8.2159252
1.1541722	0.74458259	-0.0040338296	8.2200394
1.1541722	0.73813933	0.032122433	8.183013
1.1557316	0.75005937	-0.0057155164	8.2241535
1.1541722	0.74554908	0.0094196629	8.2076969
1.1619686	0.73717284	0.0043746028	8.1994696
1.1572908	0.74393827	-0.020850696	8.2159252
1.1619686	0.74587125	-0.032622501	8.2159252
1.1697649	0.75456965	-0.01160142	8.2282677
1.1526129	0.75843561	-0.017487323	8.2488375
1.1510537	0.75907993	0.0043746028	8.2447233
1.1557316	0.75392532	0.0043746028	8.236495
1.1526129	0.74812639	-0.0065563596	8.2241535
1.1588501	0.74458259	-0.012442263	8.2076969
1.1557316	0.7349177	-0.0031929866	8.2035828
1.1416981	0.73975015	0.0010112298	8.2323809
1.1510537	0.75199234	-0.0048746732	8.2323809
1.1510537	0.74393827	0.0085788192	8.2323809
1.1494945	0.74748206	-0.012442263	8.2323809
1.1697649	0.74941504	-0.022532383	8.2118111
1.1354611	0.75295883	-0.0099197328	8.2447233
1.1541722	0.75038153	-0.020009853	8.2159252
1.1557316	0.75295883	0.026236527	8.2076969
1.1572908	0.75360316	-0.025895756	8.2118111
1.1510537	0.753281	-0.0048746732	8.2159252
1.146376	0.74877071	-0.010760576	8.2159252
1.1339018	0.75456965	0.020350626	8.2529516
1.1494945	0.7623015	-0.010760576	8.2488375
1.1510537	0.7594021	-0.031781659	8.2488375
1.1526129	0.75005937	-0.017487323	8.2241535
1.1416981	0.74007231	-0.0073972028	8.2447233
1.1510537	0.74844855	-0.00067045673	8.2447233
1.146376	0.74651557	-0.01160142	8.2323809
1.1541722	0.7497372	-0.017487323	8.2529516
1.1604093	0.75489181	-0.041871779	8.2776356
1.1572908	0.74941504	0.0035337596	8.2118111
1.1448166	0.75134802	-0.0040338296	8.2282677
1.146376	0.75295883	-0.014123949	8.2406092
1.1635278	0.74748206	-0.028418286	8.2323809
1.1494945	0.74780422	-0.0073972028	8.2200394
1.1494945	0.75231451	-0.00067045673	8.2323809
1.1713243	0.75295883	-0.040190089	8.2118111
1.1526129	0.74490476	-0.0065563596	8.2447233
1.1557316	0.74329394	0.023713998	8.1994696
1.1588501	0.73910582	-0.0015113001	8.2118111
1.1510537	0.74780422	0.0001703865	8.2406092
1.1572908	0.74909288	-0.041030932	8.2694073
1.1572908	0.74297178	-0.023373226	8.2200394
1.1339018	0.75102586	0.01110135	8.2529516
1.1339018	0.74844855	0.015305566	8.2241535
1.1713243	0.74297178	-0.020009853	8.2406092
1.146376	0.7471599	-0.0099197328	8.236495
1.1588501	0.73749501	0.007737976	8.2200394
1.1588501	0.74490476	-0.0048746732	8.2406092
1.1510537	0.75972426	0.0026929164	8.2776356
1.1713243	0.76648962	-0.010760576	8.2282677
1.1510537	0.77035558	-0.0065563596	8.2241535
1.1526129	0.75843561	-0.012442263	8.2118111
1.1494945	0.76971126	-0.014123949	8.2694073
1.1697649	0.75779128	-0.032622501	8.2241535
1.1526129	0.76036853	-0.020850696	8.2323809
1.1572908	0.76101285	-0.015805636	8.2447233
1.1526129	0.76262367	0.020350626	8.2817497
1.1354611	0.76101285	0.011942193	8.2529516
1.1541722	0.75263667	-0.01160142	8.2529516
1.1448166	0.74200529	-0.025054913	8.236495
1.1572908	0.73975015	-0.021691538	8.2200394
1.1744428	0.74844855	-0.032622501	8.2118111
1.1635278	0.7497372	-0.01916901	8.2035828
1.1541722	0.74844855	-0.0065563596	8.2076969
1.1541722	0.7436161	0.0068971328	8.1994696
1.1526129	0.75521398	-0.01664648	8.2241535
1.1510537	0.75746912	-0.034304187	8.2118111
1.1526129	0.75907993	0.0035337596	8.2159252
1.1510537	0.75875777	-0.014964793	8.2118111
1.1713243	0.75038153	-0.0023521434	8.1871271
1.1557316	0.75231451	-0.01160142	8.2200394
1.1494945	0.74039447	-0.020009853	8.2200394
1.1619686	0.74329394	0.0026929164	8.2200394
1.1416981	0.74587125	-0.0040338296	8.2241535
1.1526129	0.74844855	-0.0082380464	8.2200394
1.1432574	0.74039447	0.012783037	8.1871271
1.1588501	0.73395121	0.0060562897	8.2118111
1.1572908	0.74071664	-0.01916901	8.2406092
1.1416981	0.73813933	0.01110135	8.2159252
1.146376	0.74007231	-0.022532383	8.236495
1.1339018	0.74200529	-0.012442263	8.2447233
1.1541722	0.74264961	0.019509783	8.2076969
1.146376	0.74329394	-0.0073972028	8.2282677
1.1619686	0.74812639	-0.01160142	8.2406092
1.1510537	0.73749501	0.039690021	8.2282677
1.1526129	0.7410388	-0.014123949	8.1994696
1.1526129	0.73910582	0.015305566	8.2035828
1.1666464	0.74683774	0.0010112298	8.1871271
1.1572908	0.73588419	-0.020009853	8.1994696
1.146376	0.73685068	-0.0099197328	8.2118111
1.1448166	0.74587125	-0.0015113001	8.2406092
1.1682056	0.74007231	-0.025054913	8.2282677
1.1448166	0.66178679	0.01614641	5.743402
1.146376	0.60508621	0.0026929164	5.4307365
1.1572908	0.62892622	0.01614641	7.022861
1.1494945	0.6766063	0.01614641	7.9032602
1.1526129	0.71172202	0.010260507	8.2118111
1.1494945	0.72428632	0.015305566	8.2447233
1.146376	0.73459554	0.010260507	8.2323809
1.1448166	0.74426043	-0.029259128	8.236495
1.1541722	0.75263667	-0.00067045673	8.2159252
1.1494945	0.74812639	-0.00067045673	8.236495
1.1416981	0.76004636	-0.030940816	8.2323809
1.1619686	0.74458259	-0.024214068	8.2118111
1.1666464	0.74200529	-0.0040338296	8.2118111
1.1541722	0.74490476	-0.0065563596	8.2241535
1.1416981	0.74426043	-0.00067045673	8.2118111
1.1604093	0.7497372	-0.0048746732	8.2076969
1.1526129	0.74071664	-0.030099971	8.2035828
1.1557316	0.74039447	-0.0090788892	8.2406092
1.1494945	0.73781717	-0.0065563596	8.2282677
1.1401389	0.74007231	-0.025895756	8.2323809
1.1588501	0.74844855	-0.0015113001	8.2118111
1.1697649	0.74748206	-0.035985876	8.2076969
1.1526129	0.75070369	-0.025895756	8.2323809
1.1572908	0.753281	-0.023373226	8.2323809
1.1494945	0.74941504	0.028759057	8.2200394
1.1588501	0.75746912	-0.014123949	8.2447233
1.1494945	0.75070369	0.017828096	8.1994696
1.146376	0.76165718	-0.0040338296	8.2323809
1.1370203	0.7558583	0.029599901	8.2241535
1.1448166	0.7594021	0.007737976	8.236495
1.1541722	0.74877071	-0.00067045673	8.2159252
1.1541722	0.75553614	-0.030940816	8.2282677
1.1479353	0.75231451	-0.00067045673	8.2035828
1.1588501	0.74264961	-0.00067045673	8.2076969
1.1541722	0.7410388	0.012783037	8.2200394
1.1635278	0.7410388	-0.01916901	8.2159252
1.1666464	0.74007231	0.0035337596	8.2241535
1.1619686	0.74522692	-0.032622501	8.2529516
1.1494945	0.73813933	0.0018520731	8.236495
1.1572908	0.73137391	0.026236527	8.2076969
1.1541722	0.74748206	-0.00067045673	8.236495
1.1619686	0.7497372	-0.020009853	8.2488375
1.1619686	0.75070369	0.01110135	8.2282677
1.1479353	0.73942798	0.012783037	8.1994696
1.1526129	0.7410388	0.01614641	8.2076969
1.1604093	0.74812639	-0.030940816	8.236495
1.1635278	0.73975015	-0.0082380464	8.2035828
1.1494945	0.74587125	-0.01916901	8.236495
1.1572908	0.75843561	-0.017487323	8.2694073
1.1588501	0.75231451	0.0018520731	8.2488375
1.1401389	0.74329394	0.021191468	8.2200394
1.1354611	0.73427337	0.020350626	8.2035828
1.1557316	0.74071664	0.022032311	8.2076969
1.1604093	0.74780422	0.0018520731	8.2241535
1.1619686	0.75295883	0.0035337596	8.2529516
1.1432574	0.75521398	0.0043746028	8.2570658
1.1416981	0.76165718	-0.00067045673	8.2488375
1.1494945	0.75618047	-0.020009853	8.2652931
1.1479353	0.75650263	0.0035337596	8.2447233
1.1416981	0.76294583	0.013623879	8.2406092
1.1510537	0.75618047	0.0043746028	8.2159252
1.1572908	0.74844855	-0.0082380464	8.2200394
1.1448166	0.75456965	0.026236527	8.236495
1.1510537	0.74683774	0.0094196629	8.2159252
1.1572908	0.73266256	-0.025054913	8.2159252
1.1588501	0.73523986	-0.0090788892	8.2159252
1.1572908	0.7349177	0.012783037	8.1994696
1.1619686	0.74329394	-0.0048746732	8.2323809
1.1619686	0.74844855	-0.031781659	8.2200394
1.1494945	0.73330688	0.0035337596	8.1994696
1.1526129	0.73362905	0.0018520731	8.2447233
1.1588501	0.73330688	0.020350626	8.2159252
1.1557316	0.72525281	0.016987253	8.1994696
1.146376	0.73395121	0.0035337596	8.2282677
1.1635278	0.74812639	-0.048598524	8.2241535
1.1401389	0.75746912	0.007737976	8.236495
1.1588501	0.75424749	-0.01664648	8.2200394
1.1650871	0.74780422	-0.0090788892	8.2076969
1.1588501	0.7558583	-0.0031929866	8.2200394
1.1650871	0.7558583	-0.023373226	8.2200394
1.1432574	0.75134802	0.01110135	8.2406092
1.1697649	0.74264961	0.0060562897	8.2282677
1.1666464	0.74458259	-0.01664648	8.2076969
1.1510537	0.75070369	-0.0073972028	8.2406092
1.1479353	0.75360316	-0.018328166	8.2282677
1.146376	0.74748206	0.0094196629	8.2076969
1.1619686	0.75167018	-0.017487323	8.2488375
1.1713243	0.74941504	-0.0023521434	8.2200394
1.1572908	0.75650263	-0.0090788892	8.2529516
1.1822391	0.76004636	-0.035145033	8.2035828
1.1448166	0.76326799	-0.0082380464	8.2200394
1.1510537	0.76197934	-0.0048746732	8.2118111
1.1728835	0.7558583	-0.0065563596	8.2200394
1.1479353	0.75295883	0.0018520731	8.236495
1.1666464	0.75134802	-0.020850696	8.236495
1.1775613	0.75618047	-0.014123949	8.2159252
1.1557316	0.75070369	0.015305566	8.2118111
1.1635278	0.74297178	-0.0090788892	8.2118111
1.1650871	0.75102586	-0.014123949	8.2323809
1.1619686	0.75005937	0.013623879	8.2159252
1.1557316	0.75875777	0.0094196629	8.2241535
1.1588501	0.74522692	0.012783037	8.2076969
1.1650871	0.7471599	0.012783037	8.2488375
1.1572908	0.7558583	0.0068971328	8.2200394
1.1619686	0.75167018	0.0085788192	8.2406092
1.1572908	0.74812639	-0.0090788892	8.236495
1.1526129	0.74554908	-0.01160142	8.1994696
1.1494945	0.76069069	0.0060562897	8.2488375
1.1541722	0.76713395	-0.0065563596	8.2488375
1.1588501	0.75746912	-0.0057155164	8.2159252
1.1416981	0.75682479	-0.012442263	8.2447233
1.1650871	0.76004636	0.0052154465	8.2241535
1.1666464	0.7594021	-0.021691538	8.2323809
1.146376	0.75489181	0.022873154	8.2159252
1.1572908	0.74877071	-0.015805636	8.2241535
1.1370203	0.75456965	0.022032311	8.2529516
1.1666464	0.73588419	0.010260507	8.1871271
1.1510537	0.73942798	0.015305566	8.2323809
1.1635278	0.73942798	-0.00067045673	8.2406092
1.1713243	0.74458259	0.007737976	8.2076969
1.1541722	0.73040742	0.0085788192	8.1912413
1.1619686	0.72493064	-0.0023521434	8.1788988
1.1604093	0.72815228	0.015305566	8.1871271
1.1588501	0.73749501	0.014464723	8.2200394
1.1526129	0.74490476	-0.0065563596	8.2323809
1.1588501	0.7436161	-0.01664648	8.2323809
1.1604093	0.74909288	0.010260507	8.2447233
1.1541722	0.75811344	-0.0048746732	8.2323809
1.1479353	0.75811344	-0.025054913	8.2035828
1.1697649	0.74877071	-0.00067045673	8.2035828
1.1604093	0.74941504	-0.015805636	8.2447233
1.1682056	0.74168313	-0.026736598	8.2323809
1.1557316	0.74232745	0.0010112298	8.2282677
1.1510537	0.74748206	0.0085788192	8.2323809
1.1650871	0.73169607	-0.0057155164	8.2159252
1.1619686	0.73813933	0.0010112298	8.2118111
1.1635278	0.74844855	-0.027577441	8.2488375
1.1572908	0.74264961	-0.0099197328	8.236495
1.1666464	0.74458259	-0.033463344	8.2611799
1.1572908	0.75070369	-0.01916901	8.2241535
1.1526129	0.73556203	0.019509783	8.2035828
1.1619686	0.74039447	-0.026736598	8.2241535
1.1682056	0.75038153	-0.021691538	8.2241535
1.1744428	0.74780422	-0.020009853	8.2035828
1.1619686	0.75134802	-0.0099197328	8.2035828
1.1666464	0.74748206	-0.0082380464	8.2323809
1.1510537	0.75231451	-0.0057155164	8.2406092
1.1572908	0.74877071	-0.0090788892	8.2118111
1.1494945	0.75167018	-0.026736598	8.2323809
1.1416981	0.75199234	0.013623879	8.236495
1.1479353	0.75424749	-0.0023521434	8.2488375
1.1479353	0.75553614	-0.014964793	8.2529516
1.1526129	0.76101285	0.007737976	8.2447233
1.1619686	0.76326799	-0.020850696	8.1912413
1.1604093	0.75263667	0.0094196629	8.2159252
1.1401389	0.75843561	-0.0090788892	8.2282677
1.1510537	0.74619341	-0.021691538	8.2200394
1.1635278	0.75521398	0.012783037	8.2200394
1.146376	0.76262367	-0.015805636	8.2323809
1.1526129	0.75650263	-0.025895756	8.2159252
1.1385796	0.7594021	-0.020850696	8.2282677
1.1604093	0.76165718	-0.0057155164	8.2488375
1.1666464	0.75231451	-0.017487323	8.2447233
1.1541722	0.74200529	0.017828096	8.2282677
1.1494945	0.73588419	-0.013283106	8.2200394
1.1572908	0.73781717	0.0094196629	8.2118111
1.1557316	0.72170901	-0.0065563596	8.183013
1.1448166	0.73749501	-0.0090788892	8.2529516
1.1416981	0.73685068	0.0052154465	8.2406092
1.1572908	0.74071664	0.033804119	8.2200394
1.1494945	0.74168313	0.0001703865	8.2323809
1.1479353	0.74490476	0.0035337596	8.2323809
1.1635278	0.73556203	0.007737976	8.2118111
1.1416981	0.75231451	-0.0023521434	8.2652931
1.1572908	0.74393827	-0.01160142	8.2200394
1.1588501	0.73717284	-0.0031929866	8.2118111
1.1557316	0.74651557	-0.020850696	8.236495
1.1526129	0.73942798	0.0018520731	8.2241535
1.1370203	0.75038153	0.01110135	8.2282677
1.1432574	0.75038153	-0.0023521434	8.236495
1.1713243	0.74490476	-0.020009853	8.2406092
1.1510537	0.75456965	-0.018328166	8.2570658
1.1510537	0.75167018	0.0001703865	8.2447233
1.1370203	0.73846149	0.032963276	8.236495
1.1697649	0.73137391	-0.00067045673	8.1912413
1.1588501	0.73072958	-0.027577441	8.1953554
1.1401389	0.73717284	-0.014964793	8.2447233
1.1541722	0.75263667	-0.023373226	8.2611799
1.146376	0.75843561	-0.026736598	8.2570658
1.1650871	0.76487881	-0.010760576	8.2694073
1.1588501	0.75746912	-0.020009853	8.2200394
1.1432574	0.75972426	0.0018520731	8.2652931
1.1666464	0.76101285	-0.0040338296	8.2323809
1.1541722	0.76391232	-0.01160142	8.2529516
1.1526129	0.75618047	-0.01916901	8.2241535
1.1619686	0.74426043	0.0001703865	8.2159252
1.1526129	0.7471599	0.022873154	8.2200394
1.1494945	0.75650263	-0.010760576	8.2406092
1.1682056	0.75907993	-0.0090788892	8.236495
1.1479353	0.74522692	-0.0082380464	8.2447233
1.1432574	0.74587125	0.024554841	8.2406092
1.1432574	0.75005937	-0.0099197328	8.2529516
1.1588501	0.74426043	-0.0040338296	8.2159252
1.1619686	0.7410388	-0.018328166	8.2282677
1.1354611	0.7410388	-0.0015113001	8.2159252
1.1494945	0.74780422	-0.025054913	8.2488375
1.1510537	0.74490476	-0.0082380464	8.2447233
1.1635278	0.75231451	0.0043746028	8.2652931
1.1448166	0.76133502	0.0026929164	8.236495
1.1604093	0.75972426	-0.0048746732	8.1953554
1.1401389	0.76133502	-0.012442263	8.2323809
1.1526129	0.75650263	0.0068971328	8.2323809
1.1619686	0.74071664	-0.0015113001	8.183013
1.1448166	0.73846149	0.011942193	8.2035828
1.1744428	0.74587125	-0.0048746732	8.2323809
1.1666464	0.73717284	-0.010760576	8.2447233
1.1666464	0.74458259	0.0010112298	8.2200394
1.146376	0.74039447	0.0026929164	8.2282677
1.1572908	0.73942798	-0.0099197328	8.2118111
1.1448166	0.74458259	-0.025895756	8.2447233
1.1526129	0.75231451	0.007737976	8.2406092
1.146376	0.75456965	0.015305566	8.2406092
1.1526129	0.76552314	-0.033463344	8.2652931
1.1541722	0.74844855	-0.0065563596	8.2406092
1.1697649	0.7436161	-0.024214068	8.1994696
1.1526129	0.75295883	-0.040190089	8.236495
1.1557316	0.75875777	-0.0099197328	8.2323809
1.1572908	0.76391232	-0.025054913	8.2200394
1.1541722	0.75650263	-0.017487323	8.2159252
1.1510537	0.75005937	0.0085788192	8.2118111
1.1635278	0.7436161	-0.00067045673	8.2118111
1.1744428	0.74136096	-0.0040338296	8.2118111
1.146376	0.74232745	-0.034304187	8.1953554
1.1479353	0.74619341	-0.020850696	8.2241535
1.1526129	0.73685068	0.022873154	8.1912413
1.1572908	0.73523986	0.01110135	8.2035828
1.1682056	0.73781717	-0.026736598	8.2118111
1.1479353	0.74941504	-0.0048746732	8.2200394
1.1666464	0.75199234	-0.01160142	8.2159252
1.1604093	0.75489181	0.010260507	8.2241535
1.1635278	0.75134802	-0.010760576	8.1912413
1.1370203	0.75392532	0.017828096	8.1994696
1.1323426	0.75167018	0.016987253	8.2159252
1.1416981	0.75263667	0.03128159	8.236495
1.1510537	0.76004636	-0.036826719	8.2282677
1.1479353	0.74683774	0.01110135	8.2241535
1.1572908	0.75070369	-0.012442263	8.2282677
1.1588501	0.73813933	0.0043746028	8.2200394
1.1401389	0.73298472	0.016987253	8.2159252
1.146376	0.73362905	0.0068971328	8.2200394
1.1541722	0.72815228	-0.022532383	8.2241535
1.1510537	0.72911876	0.027918214	8.2200394
1.146376	0.74329394	-0.0099197328	8.236495
1.1448166	0.75167018	0.007737976	8.236495
1.1557316	0.74039447	0.020350626	8.1747847
1.1385796	0.75618047	-0.0073972028	8.2447233
1.1494945	0.74877071	-0.0082380464	8.2159252
1.1604093	0.75295883	-0.020850696	8.2282677
1.1448166	0.75618047	-0.0015113001	8.236495
1.1572908	0.75392532	-0.010760576	8.2035828
1.1526129	0.74748206	-0.0082380464	8.2406092
1.1572908	0.75682479	-0.010760576	8.2282677
1.1666464	0.7471599	-0.012442263	8.2035828
1.1635278	0.74941504	0.01614641	8.2159252
1.1526129	0.74297178	0.0010112298	8.2282677
1.1604093	0.73813933	-0.0048746732	8.2159252
1.1572908	0.74522692	-0.027577441	8.2406092
1.1557316	0.73556203	-0.020850696	8.2241535
1.1572908	0.74039447	-0.0082380464	8.2570658
1.1510537	0.74812639	-0.035985876	8.2529516
1.1526129	0.7471599	0.0094196629	8.236495
1.1541722	0.75489181	-0.021691538	8.2159252
1.1339018	0.75650263	-0.038508404	8.2282677
1.1385796	0.75167018	0.0094196629	8.2323809
1.146376	0.76520097	0.0094196629	8.2529516
1.1229869	0.75360316	0.015305566	8.2159252
1.1510537	0.76165718	0.01614641	8.2570658
1.1604093	0.7471599	-0.0057155164	8.1994696
1.1370203	0.75392532	-0.010760576	8.2282677
1.1448166	0.74812639	-0.018328166	8.2076969
1.146376	0.66984087	0.010260507	5.8174539
1.1494945	0.60863	-0.041030932	5.401938
1.1619686	0.62570459	-0.0099197328	6.9817204
1.1385796	0.66146463	0.011942193	7.9156022
1.1713243	0.69722468	-0.030099971	8.2282677
1.1572908	0.71236634	0.0035337596	8.2529516
1.1370203	0.74136096	0.0094196629	8.2817497
1.1416981	0.73813933	0.01614641	8.2323809
1.1572908	0.65598786	-0.0048746732	5.8133397
1.1635278	0.60830784	-0.034304187	5.401938
1.1292239	0.63826895	-0.0090788892	7.0187469
1.1354611	0.68401599	0.011942193	7.9156022
1.1604093	0.70012414	-0.0048746732	8.2159252
1.1541722	0.72299767	-0.0065563596	8.2447233
1.1401389	0.74264961	-0.0048746732	8.2488375
1.1526129	0.72976309	0.0094196629	8.2035828
1.1401389	0.74071664	-0.0082380464	8.2447233
1.1494945	0.74554908	0.0026929164	8.2118111
1.1401389	0.74071664	0.024554841	8.2159252
1.1416981	0.74426043	0.025395684	8.236495
1.1401389	0.74264961	0.012783037	8.2406092
1.1448166	0.73942798	0.027077371	8.2118111
1.1604093	0.65405488	0.0052154465	5.7927694
1.1588501	0.60122025	-0.023373226	5.3854823
1.1416981	0.5480634	0.010260507	4.5873637
1.1572908	0.53034449	-0.018328166	5.089273
1.1494945	0.569004	-0.0023521434	6.9405804
1.1604093	0.63762462	0.0052154465	7.9238305
1.1572908	0.68466032	-0.01664648	8.2282677
1.1510537	0.7226755	-0.0040338296	8.2694073
1.146376	0.73685068	-0.035145033	8.2447233
1.1494945	0.75360316	-0.0073972028	8.236495
1.1370203	0.75456965	0.01614641	8.2447233
1.146376	0.73556203	0.015305566	8.2076969
1.1510537	0.7349177	-0.022532383	8.2159252
1.146376	0.73620635	-0.0031929866	8.2118111
1.1588501	0.74007231	0.017828096	8.2241535
1.1479353	0.73298472	-0.025054913	8.2118111
1.1416981	0.73588419	-0.0023521434	8.2241535
1.1370203	0.73878366	-0.013283106	8.2529516
1.1494945	0.73942798	-0.0048746732	8.2323809
1.1541722	0.7410388	-0.010760576	8.2159252
1.1401389	0.74522692	-0.00067045673	8.2282677
1.1416981	0.7471599	-0.01160142	8.2076969
1.1448166	0.74393827	-0.012442263	8.2282677
1.1354611	0.74941504	0.0001703865	8.236495
1.1541722	0.75456965	-0.0031929866	8.2200394
1.1401389	0.76326799	0.0010112298	8.2406092
1.1323426	0.75553614	-0.0040338296	8.2282677
1.1416981	0.75199234	-0.031781659	8.2035828
1.1416981	0.73942798	0.0026929164	8.2076969
1.146376	0.74458259	-0.031781659	8.2282677
1.1510537	0.75263667	-0.015805636	8.2406092
1.1635278	0.74941504	-0.036826719	8.2118111
1.1526129	0.74812639	-0.024214068	8.2076969
1.1494945	0.74587125	0.0001703865	8.2200394
1.1354611	0.74522692	0.027077371	8.2447233
1.1713243	0.74490476	-0.023373226	8.2118111
1.1292239	0.75167018	-0.0057155164	8.2488375
1.1385796	0.76004636	-0.0040338296	8.2529516
1.1479353	0.75875777	0.010260507	8.2200394
1.1370203	0.76036853	0.0026929164	8.2323809
1.1557316	0.76069069	-0.010760576	8.2282677
1.1385796	0.76745611	0.0035337596	8.2529516
1.1541722	0.75295883	-0.017487323	8.2241535
1.1682056	0.74619341	-0.0057155164	8.2035828
1.1479353	0.74297178	0.0085788192	8.1912413
1.1526129	0.74136096	0.029599901	8.1871271
1.1526129	0.73362905	0.0026929164	8.1912413
1.1401389	0.74490476	0.0018520731	8.2241535
1.1385796	0.73523986	0.017828096	8.2159252
1.1526129	0.74619341	0.033804119	8.2118111
1.1432574	0.75907993	0.0035337596	8.2529516
1.1588501	0.75005937	0.0068971328	8.2323809
1.1494945	0.74136096	0.026236527	8.1994696
1.1541722	0.74683774	0.013623879	8.2611799
1.1572908	0.7410388	-0.021691538	8.2488375
1.1619686	0.73910582	-0.0023521434	8.2159252
1.1510537	0.7436161	0.012783037	8.2118111
1.1510537	0.75134802	-0.0015113001	8.236495
1.1510537	0.75553614	-0.035145033	8.2282677
1.1604093	0.67499548	-0.041030932	5.8709359
1.1432574	0.61668402	-0.0082380464	5.3937101
1.1354611	0.62828189	-0.0015113001	6.9940629
1.1526129	0.66500843	-0.0031929866	7.8991461
1.1401389	0.70270145	-0.033463344	8.2406092
1.1557316	0.7200982	0.017828096	8.236495
1.1510537	0.7162323	-0.025054913	8.2323809
1.1416981	0.73685068	0.007737976	8.2488375
1.1448166	0.73588419	-0.0082380464	8.2282677
1.1541722	0.74490476	-0.021691538	8.2282677
1.1261054	0.74844855	0.021191468	8.2323809
1.1354611	0.75038153	-0.0073972028	8.2200394
1.1416981	0.74619341	0.0010112298	8.2200394
1.1354611	0.74039447	-0.0040338296	8.2241535
1.146376	0.74812639	0.038008336	8.2118111
1.1619686	0.74297178	-0.031781659	8.2200394
1.1572908	0.74329394	-0.012442263	8.2282677
1.146376	0.73201823	0.022032311	8.1912413
1.1494945	0.65695435	0.0068971328	5.83391
1.1339018	0.60089809	-0.0057155164	5.401938
1.1604093	0.61088508	0.0001703865	6.9529223
1.1526129	0.6421349	-0.0031929866	7.8538918
1.1416981	0.67112952	0.0085788192	8.183013
1.1401389	0.6952917	0.023713998	8.2241535
1.1416981	0.71462148	-0.0065563596	8.2406092
1.1526129	0.7287966	-0.01916901	8.2241535
1.1292239	0.73975015	0.0035337596	8.2406092
1.1370203	0.7436161	-0.0090788892	8.2488375
1.1541722	0.73942798	0.0026929164	8.2488375
1.1416981	0.74329394	-0.013283106	8.2200394
1.1494945	0.73781717	-0.0082380464	8.2200394
1.1323426	0.73588419	-0.0040338296	8.2241535
1.1588501	0.74748206	0.012783037	8.236495
1.1557316	0.74587125	-0.01916901	8.2200394
1.1401389	0.75134802	-0.01916901	8.2406092
1.1276647	0.75714695	0.011942193	8.2406092
1.1370203	0.75134802	0.023713998	8.2447233
1.1510537	0.75360316	-0.0099197328	8.2159252
1.1526129	0.73942798	-0.014964793	8.2035828
1.1385796	0.73072958	-0.0023521434	8.2159252
1.1557316	0.73523986	-0.0082380464	8.2200394
1.1370203	0.73685068	-0.0065563596	8.2241535
1.1479353	0.74168313	0.0068971328	8.2241535
1.1604093	0.7436161	-0.031781659	8.2118111
1.1276647	0.75392532	-0.0073972028	8.2776356
1.1401389	0.74329394	0.0035337596	8.236495
1.1479353	0.75714695	-0.010760576	8.2529516
1.1448166	0.75199234	0.016987253	8.236495
1.1448166	0.75231451	-0.01160142	8.2323809
1.1401389	0.74264961	-0.017487323	8.1912413
1.1619686	0.66661924	-0.014123949	5.846252
1.1370203	0.61152941	0.0043746028	5.4101663
1.146376	0.62183863	0.012783037	6.9776068
1.1432574	0.66339761	0.015305566	7.9156022
1.1354611	0.69883549	-0.014964793	8.2159252
1.1572908	0.71848744	-0.0015113001	8.2529516
1.146376	0.71591014	-0.0057155164	8.2118111
1.1385796	0.72911876	0.010260507	8.2282677
1.1385796	0.72396415	-0.0065563596	8.2159252
1.1541722	0.73813933	-0.0065563596	8.2200394
1.146376	0.74844855	0.015305566	8.2529516
1.1494945	0.73427337	0.007737976	8.1912413
1.1354611	0.74232745	0.016987253	8.2200394
1.1401389	0.75102586	0.026236527	8.2529516
1.1557316	0.74941504	0.018668938	8.2118111
1.1526129	0.74812639	-0.023373226	8.2159252
1.1416981	0.74619341	0.0001703865	8.2323809
1.1635278	0.73330688	-0.0082380464	8.2159252
1.146376	0.74136096	0.0068971328	8.2488375
1.1572908	0.66114247	0.0018520731	5.8832779
1.1588501	0.60734135	-0.012442263	5.4101663
1.1432574	0.6369803	-0.0073972028	6.9981766
1.1276647	0.67789495	0.011942193	7.9197164
