Fout	Lin	Lout	sono
1.4067733	0.44819304	-0.010760576	12.058418
1.4083326	0.68820411	-0.012442263	12.021393
1.4176883	0.82190162	0.012783037	11.988481
1.4145696	0.90018713	0.0094196629	12.009049
1.4067733	0.95076674	0.023713998	12.009049
1.4176883	0.9820165	-0.015805636	11.984365
1.4161289	1.0000576	0.0060562897	11.96791
1.4130104	1.012622	-0.015805636	11.959682
1.4130104	1.0255085	0.028759057	12.025506
1.4067733	1.0342069	-0.0082380464	12.025506
1.4208068	1.0380728	-0.0073972028	12.02962
1.4145696	1.0400058	0.0026929164	12.009049
1.4176883	1.0348512	0.027918214	12.017278
1.4036548	1.0374285	0.039690021	12.000822
1.4052141	1.0448383	-0.017487323	11.988481
1.4036548	1.048382	0.024554841	12.013165
1.4161289	1.0429053	-0.037667561	11.992594
1.4020956	1.0432274	0.0060562897	11.984365
1.4130104	1.0451604	-0.024214068	12.009049
1.4114511	1.0296966	0.0035337596	11.984365
1.4145696	1.0396837	0.065756164	12.017278
1.4130104	1.0432274	-0.0073972028	12.025506
1.4083326	1.0374285	0.0085788192	12.037848
1.4130104	1.0412945	0.0001703865	12.013165
1.4052141	1.0325961	0.023713998	11.980252
1.4083326	1.044194	0.027077371	12.017278
1.4098918	1.040328	0.015305566	11.976137
1.4145696	1.0393615	0.0052154465	12.004936
1.4130104	1.0454826	0.0068971328	11.988481
1.4114511	1.0390394	-0.025895756	11.972024
1.4114511	1.0438718	0.029599901	11.972024
1.4176883	1.0425831	0.0001703865	11.992594
1.4036548	1.0425831	0.0052154465	11.976137
1.4161289	1.0319518	0.014464723	11.976137
1.4067733	1.042261	0.012783037	12.033734
1.4176883	1.0348512	-0.0048746732	12.004936
1.4145696	1.0329182	0.0018520731	11.988481
1.4114511	1.0338848	-0.018328166	12.009049
1.4161289	1.0338848	0.024554841	12.013165
1.4130104	1.0354955	0.025395684	12.021393
1.4052141	1.0400058	0.0026929164	11.984365
1.4192475	1.0306631	0.024554841	11.976137
1.4145696	1.0313075	0.0052154465	12.004936
1.4114511	1.0380728	-0.027577441	12.02962
1.4130104	1.0380728	-0.00067045673	12.021393
1.4098918	1.0490264	-0.0065563596	12.009049
1.4130104	1.042261	0.021191468	11.976137
1.4161289	1.0380728	-0.01160142	11.943225
1.4083326	1.0425831	-0.051121052	12.004936
1.4083326	1.0545031	0.037167493	12.037848
1.422366	1.0545031	-0.012442263	12.070761
1.4145696	1.0406501	0.12966025	12.021393
1.4130104	1.0425831	0.010260507	12.017278
1.4114511	1.0438718	-0.014964793	11.996709
1.4067733	1.0493485	0.038008336	12.033734
1.4114511	1.0432274	0.0043746028	11.996709
1.4036548	1.0451604	0.0085788192	11.996709
1.4098918	1.0374285	-0.00067045673	12.000822
1.4098918	1.044194	0.0026929164	12.02962
1.4161289	1.0390394	0.01614641	11.984365
1.4161289	1.0435497	-0.017487323	12.021393
1.4130104	1.0461268	0.0035337596	12.033734
1.4020956	1.056114	0.10359412	12.033734
1.4083326	1.0599799	-0.015805636	12.013165
1.4098918	1.0586913	0.010260507	12.041962
1.4176883	1.042261	-0.01916901	12.009049
1.4005362	1.0461268	-0.0082380464	12.054305
1.3989769	1.048382	0.041371711	12.054305
1.4130104	1.0406501	0.025395684	12.021393
1.4052141	1.0438718	0.0068971328	12.041962
1.4114511	1.0351734	-0.025895756	11.996709
1.4098918	1.0474155	-0.018328166	12.033734
1.4145696	1.0474155	-0.0023521434	12.000822
1.4098918	1.0380728	-0.0057155164	11.951453
1.4270438	1.0364621	-0.026736598	11.976137
1.4130104	1.0454826	0.018668938	12.025506
1.4098918	1.050315	0.0001703865	12.017278
1.4098918	1.0425831	0.025395684	12.021393
1.4067733	1.0493485	-0.014123949	12.004936
1.4098918	1.0458047	-0.01664648	11.992594
1.4098918	1.0435497	-0.12427442	11.96791
1.4161289	1.0451604	-0.0057155164	12.017278
1.4005362	1.0496707	0.022032311	12.000822
1.4192475	1.0432274	0.017828096	12.004936
1.4130104	1.0409724	-0.00067045673	12.033734
1.4145696	1.0354955	0.017828096	12.000822
1.4114511	1.0374285	0.0043746028	11.988481
1.4067733	1.0380728	0.026236527	11.96791
1.4161289	1.0329182	-0.0023521434	11.992594
1.4114511	1.0396837	0.035485804	11.996709
1.4098918	1.0342069	-0.0065563596	11.976137
1.4098918	1.0313075	0.007737976	11.96791
1.4176883	1.0300188	-0.00067045673	11.996709
1.4114511	1.0435497	0.016987253	12.021393
1.4130104	1.0445161	-0.0031929866	11.996709
1.4067733	1.0406501	0.016987253	11.988481
1.4114511	1.0480598	0.053984355	12.033734
1.4005362	1.0409724	0.022873154	12.009049
1.4005362	1.048382	-0.027577441	12.033734
1.4098918	1.0480598	-0.014964793	12.009049
1.4130104	1.0361398	-0.0082380464	11.988481
1.4145696	1.0387172	0.13975038	12.000822
1.4036548	1.0364621	-0.0082380464	12.021393
1.4145696	1.0329182	-0.010760576	12.004936
1.4036548	1.0280858	0.025395684	12.004936
1.4145696	1.0280858	-0.0090788892	11.988481
1.4083326	1.0296966	-0.0031929866	11.976137
1.4036548	1.0454826	-0.038508404	12.017278
1.4098918	1.0477377	0.0052154465	12.037848
1.4036548	1.0606242	-0.0015113001	12.078989
1.4083326	1.0474155	0.020350626	12.021393
1.4161289	1.0412945	-0.0099197328	12.046077
1.4145696	1.0387172	0.026236527	12.037848
1.4239253	1.040328	-0.035145033	12.033734
1.4114511	1.0390394	-0.0065563596	12.025506
1.4114511	1.0496707	-0.027577441	12.066646
1.4098918	1.0570804	-0.0073972028	12.05019
1.4052141	1.0396837	0.017828096	12.017278
1.4130104	1.0416167	-0.00067045673	12.017278
1.4067733	1.0493485	-0.0040338296	12.058418
1.4145696	1.038395	0.0010112298	11.996709
1.4067733	1.0316296	0.012783037	11.996709
1.4067733	1.0319518	0.026236527	12.021393
1.4067733	1.0393615	-0.00067045673	12.041962
1.4036548	1.0570804	-0.018328166	12.037848
1.4052141	1.0493485	-0.0099197328	12.000822
1.4130104	1.042261	-0.030940816	12.009049
1.4161289	1.0477377	0.0094196629	12.017278
1.3989769	1.0586913	0.01614641	12.021393
1.4052141	1.060302	0.0026929164	11.976137
1.4114511	1.0590134	0.011942193	12.013165
1.4161289	1.062235	-0.018328166	12.004936
1.4114511	1.0535367	-0.0048746732	11.996709
1.4176883	1.0567583	-0.030940816	12.009049
1.4114511	1.0396837	-0.013283106	12.017278
1.4036548	1.0451604	-0.018328166	12.033734
1.4067733	1.040328	0.0043746028	12.021393
1.4114511	1.0425831	-0.0099197328	12.025506
1.4036548	1.0387172	0.0060562897	12.025506
1.4083326	1.042261	-0.0082380464	12.000822
1.4067733	1.0329182	0.014464723	12.013165
1.4161289	1.0293745	-0.024214068	12.004936
1.4192475	1.0451604	-0.038508404	12.062532
1.4114511	1.0557917	-0.014123949	12.025506
1.4036548	1.0535367	0.026236527	12.017278
1.4083326	1.0512815	-0.015805636	12.021393
1.4083326	1.0490264	0.0018520731	12.013165
1.4083326	1.0487041	0.0094196629	12.02962
1.4114511	1.054181	0.059029419	12.017278
1.4005362	1.0512815	0.0010112298	12.021393
1.4098918	1.0564361	-0.00067045673	12.021393
1.4145696	1.0493485	0.021191468	12.021393
1.4083326	1.0451604	0.011942193	12.033734
1.4114511	1.0377507	0.023713998	12.033734
1.4098918	1.0419388	0.0001703865	12.05019
1.4161289	1.0432274	-0.020850696	12.013165
1.4161289	1.0377507	-0.0048746732	11.984365
1.4145696	1.038395	0.026236527	12.013165
1.4130104	1.0335625	0.0085788192	11.963797
1.4130104	1.0400058	-0.013283106	11.996709
1.4036548	1.0477377	-0.0090788892	12.033734
1.4145696	1.0438718	0.010260507	12.05019
1.4067733	1.048382	0.0035337596	12.021393
1.4083326	1.0406501	0.011942193	11.996709
1.4176883	1.0416167	0.0060562897	12.017278
1.4098918	1.0361398	0.0026929164	11.984365
1.4114511	1.0358177	-0.025895756	12.000822
1.4161289	1.0425831	-0.0015113001	12.021393
1.4067733	1.0367842	-0.014964793	12.013165
1.4067733	1.0461268	0.010260507	12.017278
1.4083326	1.0380728	-0.00067045673	11.992594
1.4208068	1.0477377	-0.034304187	12.000822
1.4067733	1.0461268	-0.010760576	12.004936
1.4176883	1.0351734	-0.01664648	11.963797
1.4192475	1.024542	0.0043746028	11.955568
1.4036548	1.0348512	-0.0040338296	12.009049
1.4067733	1.0445161	0.0018520731	12.033734
1.4114511	1.0474155	0.13470532	11.988481
1.4083326	1.0493485	0.0010112298	12.004936
1.4130104	1.0548253	-0.01160142	11.996709
1.4020956	1.0538588	-0.0040338296	12.021393
1.4145696	1.056114	0.011942193	11.984365
1.4145696	1.0606242	0.0018520731	11.992594
1.4083326	1.0638459	-0.020850696	12.037848
1.4098918	1.0487041	-0.01916901	11.976137
1.4176883	1.0425831	-0.0099197328	11.96791
1.4083326	1.0345291	-0.020850696	11.984365
1.4130104	1.0367842	0.018668938	11.972024
1.4098918	1.0367842	0.0060562897	11.996709
1.4067733	1.0367842	-0.018328166	12.004936
1.4098918	1.0322739	0.018668938	12.017278
1.4130104	1.0280858	-0.01916901	12.000822
1.4020956	1.024542	-0.0082380464	12.017278
1.4114511	1.0316296	-0.014964793	12.033734
1.4067733	1.0451604	-0.0048746732	12.046077
1.4083326	1.0506371	0.10275327	12.041962
1.4083326	1.0570804	-0.022532383	12.009049
1.4098918	1.0590134	0.0068971328	11.996709
1.4067733	1.0577247	-0.018328166	12.000822
1.4114511	1.0470934	0.021191468	12.009049
1.4067733	1.0499928	-0.00067045673	12.025506
1.4254845	1.0551474	-0.026736598	12.033734
1.4114511	1.0425831	-0.012442263	12.013165
1.4161289	1.0316296	0.028759057	11.996709
1.4176883	1.0235755	0.0085788192	11.976137
1.4005362	1.0380728	-0.0082380464	12.000822
1.4192475	1.0325961	-0.014964793	12.000822
1.4020956	1.0371064	-0.0057155164	12.025506
1.4114511	1.0461268	0.0068971328	12.009049
1.4145696	1.0432274	-0.01160142	12.017278
1.4145696	1.0461268	-0.013283106	12.021393
1.4052141	1.0567583	0.10611665	12.025506
1.4083326	1.0654566	-0.032622501	12.025506
1.4036548	1.0693226	-0.012442263	12.02962
1.4083326	1.0680339	-0.01916901	12.037848
1.4036548	1.0680339	0.0043746028	12.041962
1.4192475	1.0445161	0.013623879	11.963797
1.4067733	1.0470934	0.0035337596	12.037848
1.422366	1.0496707	-0.021691538	12.054305
1.4176883	1.0477377	-0.023373226	12.025506
1.4176883	1.0464491	-0.010760576	12.033734
1.4145696	1.0393615	0.028759057	12.009049
1.4067733	1.048382	-0.0048746732	12.074874
1.4067733	1.0551474	0.0001703865	12.046077
1.4098918	1.0464491	0.086777247	12.025506
1.4083326	1.0519258	0.010260507	12.013165
1.422366	1.0380728	-0.0048746732	11.988481
1.4161289	1.0406501	-0.0040338296	12.009049
1.4083326	1.0380728	0.0060562897	11.988481
1.4130104	1.0419388	-0.01160142	11.96791
1.4083326	1.0387172	0.0094196629	11.980252
1.4020956	1.054181	0.011942193	12.021393
1.4114511	1.0564361	0.0094196629	11.996709
1.4052141	1.0367842	-0.0073972028	12.021393
1.4052141	1.0425831	0.0094196629	12.033734
1.4083326	1.044194	-0.0040338296	12.025506
1.4067733	1.0432274	-0.0090788892	12.004936
1.4145696	1.0377507	-0.014964793	12.009049
1.4098918	1.0461268	-0.018328166	12.000822
1.4067733	1.0371064	-0.0023521434	12.000822
1.4130104	1.0280858	0.015305566	11.988481
1.4098918	1.0229312	-0.0040338296	11.996709
1.4052141	1.0238976	0.020350626	11.996709
1.4036548	1.0435497	0.0026929164	12.021393
1.4145696	1.0435497	-0.017487323	12.004936
1.4052141	1.0380728	0.12545605	11.988481
1.4114511	1.0419388	-0.025054913	11.996709
1.4145696	1.0512815	-0.0040338296	12.009049
1.4020956	1.0393615	0.011942193	11.996709
1.4208068	1.0435497	-0.020850696	12.021393
1.4067733	1.0432274	0.0018520731	12.009049
1.4130104	1.0467712	-0.00067045673	12.009049
1.4083326	1.0477377	0.014464723	11.976137
1.4020956	1.0393615	-0.0023521434	11.980252
1.4130104	1.0416167	-0.0023521434	12.009049
1.4036548	1.0480598	0.0052154465	12.02962
1.4036548	1.0499928	0.023713998	12.041962
1.4083326	1.0474155	0.011942193	11.992594
1.4161289	1.0380728	-0.07466466	11.992594
1.4114511	1.0400058	0.0094196629	11.988481
1.3974177	1.0532144	-0.018328166	12.078989
1.4098918	1.0464491	-0.014123949	12.009049
1.4176883	1.0451604	0.0018520731	11.992594
1.4176883	1.0390394	0.0052154465	11.980252
1.4067733	1.0467712	-0.01160142	12.037848
1.4083326	1.0448383	-0.015805636	11.996709
1.4052141	1.056114	-0.0015113001	12.037848
1.4130104	1.0448383	-0.015805636	12.004936
1.4020956	1.0377507	0.13638701	12.009049
1.4114511	1.0316296	0.0001703865	12.004936
1.4114511	1.0267972	-0.014123949	12.009049
1.4130104	1.0238976	0.0010112298	11.976137
1.4192475	1.0261528	-0.035145033	11.955568
1.4067733	1.026475	0.0094196629	12.013165
1.4052141	1.0396837	-0.0073972028	12.025506
1.4083326	1.048382	-0.00067045673	12.046077
1.4145696	1.0454826	-0.013283106	12.004936
1.4114511	1.0493485	-0.014964793	12.013165
1.4145696	1.0419388	-0.021691538	11.984365
1.4130104	1.0445161	0.011942193	12.041962
1.4067733	1.0380728	0.016987253	12.000822
1.4067733	1.0358177	-0.0090788892	11.96791
1.4036548	1.0448383	-0.0031929866	12.021393
1.4083326	1.0313075	-0.0090788892	11.980252
1.4145696	1.0306631	-0.013283106	11.992594
1.4161289	1.022609	-0.010760576	11.984365
1.4083326	1.0335625	-0.0090788892	11.996709
1.4192475	1.0255085	-0.0023521434	12.000822
1.4083326	1.0380728	0.016987253	12.013165
1.4036548	1.0393615	-0.0031929866	11.984365
1.4005362	1.040328	-0.0023521434	11.955568
1.4145696	1.0419388	-0.018328166	11.96791
1.4083326	1.0467712	-0.0065563596	12.033734
1.4067733	1.0448383	-0.014123949	12.033734
1.4145696	1.038395	0.0018520731	12.033734
1.4036548	1.0445161	-0.0040338296	12.009049
1.4130104	1.0464491	-0.012442263	11.996709
1.4052141	1.0548253	0.0018520731	11.984365
1.4067733	1.0496707	-0.029259128	11.984365
1.4083326	1.0496707	0.0001703865	12.021393
1.4208068	1.0474155	-0.010760576	12.02962
1.4067733	1.0477377	-0.025895756	12.037848
1.4130104	1.0435497	-0.17724754	12.02962
1.4145696	1.0400058	-0.025895756	12.004936
1.4052141	1.0364621	-0.0065563596	12.004936
1.4067733	1.0351734	0.079209656	11.992594
1.4192475	1.038395	-0.0057155164	12.041962
1.4208068	1.0335625	0.013623879	11.976137
1.4098918	1.0313075	-0.0015113001	11.972024
1.4098918	1.0277636	-0.0073972028	11.943225
1.3974177	1.0354955	0.053143516	11.972024
1.4098918	1.0377507	-0.00067045673	12.017278
1.4114511	1.0432274	-0.026736598	12.037848
1.422366	1.0438718	-0.032622501	12.021393
1.4083326	1.0480598	-0.00067045673	11.996709
1.4067733	1.0480598	0.010260507	12.013165
1.4067733	1.0371064	0.0060562897	12.017278
1.4098918	1.0367842	-0.013283106	12.02962
1.4176883	1.0325961	-0.064574547	11.988481
1.4145696	1.0412945	-0.0090788892	11.996709
1.4114511	1.0354955	0.01614641	11.976137
1.4130104	1.0461268	-0.00067045673	12.037848
1.4067733	1.0412945	-0.0057155164	12.009049
1.4114511	1.0309852	0.015305566	11.992594
1.4130104	1.0354955	0.011942193	11.984365
1.4083326	1.0367842	0.010260507	12.021393
1.4145696	1.0400058	0.017828096	12.013165
1.4114511	1.048382	-0.044394307	12.033734
1.4130104	1.0551474	0.0052154465	11.992594
1.4114511	1.0567583	0.0052154465	11.972024
1.4098918	1.0496707	0.012783037	11.959682
1.4176883	1.0458047	-0.24115162	11.980252
1.4130104	1.0435497	0.0035337596	12.017278
1.4130104	1.0348512	-0.015805636	11.992594
1.4161289	1.0313075	0.024554841	12.004936
1.4052141	1.0306631	-0.0048746732	12.004936
1.4052141	1.0377507	-0.16379404	12.041962
1.4036548	1.0306631	0.0035337596	12.017278
1.4036548	1.0390394	0.020350626	12.037848
1.4067733	1.042261	0.007737976	12.009049
1.4067733	1.0496707	0.0035337596	12.009049
1.4114511	1.0464491	-0.0082380464	12.013165
1.4052141	1.0480598	-0.030099971	12.037848
1.4130104	1.0445161	-0.0065563596	11.984365
1.4098918	1.048382	0.024554841	12.046077
1.4005362	1.052248	-0.00067045673	12.037848
1.4130104	1.0496707	-0.01664648	12.013165
1.4052141	1.0564361	0.01614641	12.000822
1.4098918	1.0506371	-0.018328166	11.992594
1.4020956	1.0470934	0.0001703865	11.976137
1.4161289	1.0454826	-0.036826719	11.988481
1.4036548	1.0400058	0.007737976	12.033734
1.4145696	1.0419388	-0.0031929866	12.017278
1.4145696	1.0416167	0.0010112298	12.013165
1.4036548	1.0374285	-0.0023521434	12.013165
1.4052141	1.0293745	0.0018520731	12.025506
1.4114511	1.0222869	-0.01664648	12.000822
1.4130104	1.0364621	-0.01664648	12.02962
1.4020956	1.0448383	0.01110135	12.033734
1.4145696	1.0435497	-0.0082380464	12.017278
1.4098918	1.0390394	0.027077371	11.988481
1.4130104	1.0445161	0.0026929164	12.025506
1.4083326	1.0419388	-0.0040338296	12.021393
1.4020956	1.0506371	0.007737976	12.062532
1.4145696	1.052248	0.0043746028	12.025506
1.4145696	1.0512815	-0.0082380464	11.980252
1.4145696	1.054181	-0.030940816	11.980252
1.4192475	1.0448383	0.0068971328	11.943225
1.4067733	1.0461268	0.0018520731	11.984365
1.4067733	1.0361398	-0.00067045673	11.976137
1.4036548	1.0454826	0.026236527	11.984365
1.3974177	1.0348512	-0.0015113001	11.988481
1.4161289	1.0322739	-0.0048746732	12.004936
1.4114511	1.0377507	0.0052154465	12.009049
1.4114511	1.0425831	-0.028418286	11.984365
1.4145696	1.0377507	-0.010760576	11.963797
1.4130104	1.0377507	-0.0048746732	12.000822
1.4083326	1.0396837	0.0068971328	12.025506
1.3989769	1.0512815	0.029599901	12.046077
1.4114511	1.0467712	-0.0082380464	12.009049
1.4130104	1.050315	-0.024214068	11.988481
1.4098918	1.0461268	-0.13100116	11.976137
1.4098918	1.0461268	-0.0048746732	12.017278
1.4083326	1.0293745	0.055666041	11.984365
1.4020956	1.0354955	0.0043746028	12.013165
1.4130104	1.0377507	-0.020850696	11.980252
1.4020956	1.0374285	0.0052154465	12.009049
1.4005362	1.0393615	0.013623879	12.004936
1.4161289	1.0316296	0.010260507	11.992594
1.4005362	1.0390394	-0.0073972028	12.017278
1.4114511	1.058369	-0.010760576	12.05019
1.4036548	1.056114	0.012783037	12.013165
1.4130104	1.0606242	-0.041871779	12.037848
1.4130104	1.0412945	-0.0040338296	11.992594
1.4036548	1.0532144	0.014464723	12.009049
1.4067733	1.0648123	-0.014964793	12.017278
1.4098918	1.0599799	0.0085788192	12.025506
1.4192475	1.0487041	-0.023373226	12.004936
1.4067733	1.0509593	-0.032622501	12.013165
1.4098918	1.0557917	0.022873154	11.996709
1.4098918	1.0412945	-0.01160142	11.976137
1.4130104	1.0451604	-0.018328166	12.05019
1.4098918	1.0435497	0.019509783	12.004936
1.4067733	1.042261	0.013623879	11.988481
1.4052141	1.038395	-0.0082380464	11.992594
1.4130104	1.0306631	-0.010760576	12.021393
1.4052141	1.0474155	0.0018520731	12.025506
1.4145696	1.0493485	0.0052154465	12.009049
1.4114511	1.0458047	0.0052154465	11.988481
1.4083326	1.0477377	-0.0057155164	12.004936
1.4161289	1.0454826	0.007737976	12.004936
1.4176883	1.0445161	0.0035337596	12.009049
1.4098918	1.0557917	-0.017487323	12.037848
1.4130104	1.0532144	0.0060562897	12.009049
1.4052141	1.048382	0.015305566	11.959682
1.4052141	1.0499928	0.036326651	11.988481
1.4176883	1.0480598	-0.00067045673	12.017278
1.4067733	1.0409724	-0.022532383	12.004936
1.4036548	1.0454826	0.025395684	11.988481
1.4052141	1.0374285	0.0052154465	11.980252
1.4067733	1.0425831	0.049780142	12.033734
1.4083326	1.0280858	-0.0031929866	12.000822
1.4130104	1.0361398	-0.021691538	12.000822
1.4067733	1.0461268	0.0052154465	12.004936
1.4067733	1.050315	-0.018328166	12.05019
1.4114511	1.0599799	0.05734773	12.058418
1.4083326	1.0519258	0.0035337596	12.004936
1.4052141	1.0377507	0.026236527	11.996709
1.4176883	1.0387172	0.020350626	12.025506
1.4036548	1.0490264	-0.013283106	12.017278
1.4161289	1.0528923	-0.026736598	12.013165
1.4130104	1.0493485	-0.0073972028	11.992594
1.4067733	1.0461268	0.0010112298	11.992594
1.4052141	1.0309852	-0.22853896	11.96791
1.4114511	1.0329182	-0.023373226	12.013165
1.4052141	1.0432274	-0.0090788892	12.054305
1.4052141	1.0480598	-0.036826719	12.058418
1.4161289	1.0458047	-0.036826719	12.009049
1.4145696	1.0390394	-0.031781659	12.017278
1.4130104	1.0425831	-0.017487323	12.021393
1.4114511	1.0296966	-0.017487323	11.984365
1.4114511	1.0348512	0.018668938	12.004936
1.4161289	1.0438718	-0.018328166	12.009049
1.4161289	1.0409724	-0.01664648	12.017278
1.4067733	1.0409724	0.0094196629	12.009049
1.4114511	1.0490264	0.014464723	12.000822
1.4067733	1.0516037	0.036326651	12.000822
1.4208068	1.0570804	-0.020850696	12.021393
1.4208068	1.0606242	0.0035337596	12.017278
1.4083326	1.0612686	-0.041030932	12.013165
1.4036548	1.0532144	0.011942193	12.009049
1.4130104	1.0596577	-0.0057155164	12.041962
1.4130104	1.0464491	0.0018520731	12.004936
1.4083326	1.0406501	-0.015805636	12.004936
1.4098918	1.0358177	-0.0057155164	11.992594
1.4067733	1.0400058	-0.0040338296	12.025506
1.4145696	1.0361398	-0.014964793	12.000822
1.4176883	1.0432274	0.018668938	12.013165
1.4114511	1.0406501	-0.00067045673	12.013165
1.4145696	1.0354955	-0.0031929866	11.963797
1.4130104	1.0374285	0.0018520731	11.980252
1.4052141	1.0358177	-0.039349247	11.984365
1.4114511	1.0380728	0.03128159	12.041962
1.4067733	1.0464491	0.0018520731	12.025506
1.4067733	1.0458047	-0.0099197328	12.000822
1.4208068	1.0325961	-0.041030932	11.963797
1.4036548	1.0432274	-0.01160142	12.017278
1.4067733	1.0432274	-0.0040338296	12.021393
1.4114511	1.0387172	-0.0040338296	12.021393
1.4083326	1.0258306	-0.0065563596	12.000822
1.4036548	1.0348512	0.045575924	12.037848
1.4130104	1.0419388	-0.01160142	12.021393
1.4114511	1.0506371	-0.021691538	12.02962
1.4114511	1.0554696	0.0018520731	12.000822
1.4020956	1.0586913	0.0094196629	12.025506
1.4130104	1.0538588	0.16077146	12.009049
1.4130104	1.0512815	0.021191468	12.021393
1.4145696	1.0348512	0.017828096	12.000822
1.4130104	1.044194	-0.00067045673	12.017278
1.4130104	1.0487041	0.0052154465	12.017278
1.4145696	1.0554696	-0.035145033	12.017278
1.4098918	1.0545031	0.0060562897	12.009049
1.4067733	1.0509593	0.028759057	12.02962
1.4052141	1.0335625	0.11620677	11.988481
1.4036548	1.0396837	0.0068971328	12.017278
1.4130104	1.0445161	0.0018520731	12.021393
1.4005362	1.0467712	-0.027577441	12.004936
1.4083326	1.054181	0.011942193	12.004936
1.4052141	1.0464491	0.032122433	11.976137
1.4114511	1.0499928	-0.0073972028	12.025506
1.4052141	1.0487041	0.018668938	12.000822
1.4098918	1.0467712	-0.020009853	11.984365
1.4161289	1.0329182	0.029599901	11.955568
1.3989769	1.044194	0.032963276	11.988481
1.4130104	1.0474155	0.0068971328	11.988481
1.4005362	1.0412945	0.0060562897	11.996709
1.4067733	1.0451604	-0.0048746732	11.988481
1.4130104	1.0425831	-0.01160142	11.939112
1.4052141	1.0345291	0.012783037	11.930884
1.4192475	1.0319518	-0.0099197328	11.918541
1.4083326	1.0296966	0.0026929164	12.009049
1.4020956	1.0313075	0.041371711	12.004936
1.4020956	1.0445161	0.0068971328	12.046077
1.4083326	1.0425831	-0.013283106	12.017278
1.4130104	1.0364621	-0.0031929866	12.021393
1.4145696	1.0280858	-0.023373226	12.004936
1.4130104	1.0303409	0.023713998	12.033734
1.4130104	1.0267972	0.029599901	12.004936
1.4098918	1.0354955	0.0043746028	12.009049
1.4067733	1.0419388	0.079209656	11.996709
1.4036548	1.0400058	0.021191468	11.980252
1.4114511	1.0400058	-0.013283106	11.988481
1.4114511	1.0557917	0.007737976	12.054305
1.4067733	1.0580469	-0.0040338296	11.996709
1.4130104	1.0461268	0.0001703865	12.009049
1.4098918	1.0464491	0.0001703865	12.000822
1.4067733	1.0535367	-0.01664648	12.017278
1.4020956	1.0519258	0.0085788192	11.984365
1.4067733	1.050315	-0.0015113001	12.017278
1.4176883	1.0445161	0.0035337596	12.004936
1.4036548	1.042261	-0.0099197328	12.004936
1.4052141	1.0519258	0.01110135	12.058418
1.4052141	1.042261	0.036326651	12.021393
1.4083326	1.0474155	-0.01160142	12.021393
1.4145696	1.0400058	0.007737976	12.000822
1.4161289	1.0396837	0.0018520731	12.021393
1.4083326	1.0438718	-0.01160142	12.017278
1.4067733	1.0551474	-0.0057155164	12.025506
1.4067733	1.0545031	-0.039349247	12.013165
1.4098918	1.0525701	-0.01664648	12.025506
1.3958584	1.0609463	0.01110135	12.041962
1.4098918	1.0496707	0.022873154	12.013165
1.4130104	1.0612686	0.0010112298	12.017278
1.422366	1.0435497	-0.020850696	12.004936
1.4161289	1.0419388	-0.013283106	12.021393
1.4067733	1.0464491	0.0010112298	12.041962
1.4005362	1.0425831	0.0052154465	12.041962
1.4161289	1.0203539	-0.012442263	11.996709
1.4114511	1.0267972	-0.023373226	12.021393
1.4145696	1.0416167	-0.032622501	12.021393
1.4067733	1.0400058	-0.0090788892	12.004936
1.4083326	1.0345291	0.0085788192	12.004936
1.4161289	1.0316296	0.0035337596	12.033734
1.4098918	1.0364621	0.013623879	12.025506
1.4130104	1.0400058	-0.0023521434	12.021393
1.4067733	1.048382	0.0085788192	11.988481
1.4161289	1.0458047	0.0085788192	12.000822
1.4130104	1.0487041	-0.0015113001	12.017278
1.4020956	1.0409724	0.019509783	11.996709
1.4083326	1.040328	0.018668938	12.013165
1.4098918	1.042261	0.0026929164	11.992594
1.4067733	1.0319518	0.01614641	12.000822
1.4052141	1.0393615	0.010260507	12.033734
1.4145696	1.0364621	-0.00067045673	12.02962
1.4083326	1.0393615	-0.020009853	12.054305
1.4130104	1.0393615	-0.024214068	12.021393
1.4098918	1.0409724	0.010260507	12.033734
1.4067733	1.0322739	0.0035337596	11.996709
1.4036548	1.0396837	0.0026929164	12.004936
1.4083326	1.042261	0.014464723	11.996709
1.4020956	1.0487041	0.011942193	12.013165
1.4145696	1.0451604	-0.0073972028	12.021393
1.4161289	1.0438718	-0.034304187	12.009049
1.4036548	1.0525701	0.0010112298	12.017278
1.4036548	1.0480598	0.04725761	12.013165
1.4145696	1.0470934	0.0010112298	11.976137
1.4145696	1.0464491	-0.035145033	12.000822
1.4020956	1.0577247	-0.0065563596	12.033734
1.4145696	1.0358177	-0.017487323	11.988481
1.4130104	1.0435497	-0.22013055	12.037848
1.4176883	1.0400058	-0.023373226	11.992594
1.4130104	1.0351734	-0.020850696	11.972024
1.4083326	1.0284079	-0.00067045673	11.996709
1.4067733	1.0329182	-0.012442263	12.033734
1.4114511	1.0377507	-0.0065563596	12.017278
1.4145696	1.0470934	-0.01916901	12.033734
1.4052141	1.0512815	-0.0057155164	12.009049
1.4036548	1.0593356	-0.010760576	12.004936
1.4067733	1.050315	0.020350626	11.976137
1.4161289	1.0496707	-0.0057155164	11.963797
1.4130104	1.050315	-0.0040338296	11.980252
1.4254845	1.0425831	-0.027577441	11.984365
1.4208068	1.0490264	0.10863917	11.988481
1.4145696	1.0499928	-0.021691538	11.988481
1.4067733	1.0577247	-0.00067045673	12.046077
1.4098918	1.056114	0.0052154465	12.009049
1.4161289	1.0458047	-0.00067045673	11.992594
1.4130104	1.0425831	0.0010112298	12.021393
1.4208068	1.0467712	-0.028418286	12.037848
1.4020956	1.0490264	-0.0090788892	12.058418
1.4098918	1.0512815	-0.0040338296	12.02962
1.4067733	1.0425831	0.0094196629	12.000822
1.4254845	1.0387172	0.0043746028	12.004936
1.4130104	1.0335625	0.020350626	12.004936
1.4052141	1.0429053	-0.0031929866	12.025506
1.4130104	1.0364621	0.016987253	11.972024
1.4083326	1.0400058	-0.012442263	12.025506
1.4067733	1.0461268	0.0035337596	12.021393
1.4020956	1.0358177	0.0035337596	12.004936
1.3989769	1.0493485	0.01110135	12.037848
1.4114511	1.0509593	-0.01160142	12.017278
1.4052141	1.0506371	-0.010760576	12.009049
1.4098918	1.0458047	-0.0040338296	12.004936
1.4114511	1.0393615	0.12713772	12.021393
1.3989769	1.0387172	-0.014964793	12.025506
1.4052141	1.0367842	-0.017487323	12.013165
1.4020956	1.0519258	0.0052154465	12.02962
1.4036548	1.0396837	-0.017487323	11.992594
1.4130104	1.0451604	0.10107159	11.996709
1.4098918	1.0435497	-0.018328166	11.988481
1.4020956	1.0400058	0.022032311	11.996709
1.4130104	1.0477377	0.0018520731	12.05019
1.4067733	1.0416167	-0.0031929866	12.009049
1.4161289	1.0445161	0.0068971328	12.02962
1.4098918	1.0499928	-0.014123949	12.021393
1.4036548	1.0474155	0.0068971328	12.02962
1.4130104	1.0490264	0.04725761	11.972024
1.4130104	1.0477377	0.0052154465	12.000822
1.4005362	1.0554696	0.013623879	12.054305
1.4083326	1.050315	-0.0090788892	12.02962
1.4052141	1.0371064	0.0001703865	12.009049
1.4067733	1.0313075	0.032963276	12.000822
1.4098918	1.0222869	0.013623879	11.972024
1.4036548	1.0309852	-0.024214068	11.988481
1.4114511	1.0284079	0.022873154	11.963797
1.4020956	1.0429053	-0.0023521434	12.013165
1.4083326	1.044194	-0.015805636	11.996709
1.4114511	1.0474155	-0.0048746732	12.000822
1.4145696	1.0519258	-0.0082380464	12.004936
1.4036548	1.0506371	-0.013283106	12.004936
1.4083326	1.0632015	-0.032622501	12.02962
1.4020956	1.0625572	0.0043746028	12.013165
1.4130104	1.0512815	-0.043553464	11.992594
1.4052141	1.0516037	-0.0048746732	12.037848
1.4145696	1.0309852	-0.0048746732	12.004936
1.4020956	1.0345291	-0.014123949	12.009049
1.4161289	1.0332404	-0.0040338296	12.004936
1.4130104	1.0293745	-0.0048746732	11.976137
1.4067733	1.0271193	-0.028418286	12.004936
1.3974177	1.0261528	0.0094196629	11.96791
1.4036548	1.0371064	-0.031781659	11.984365
1.4036548	1.048382	-0.024214068	11.996709
1.4083326	1.056114	0.075005442	12.000822
1.4067733	1.0635237	-0.014964793	12.021393
1.4145696	1.0574026	-0.0040338296	12.004936
1.4114511	1.0487041	-0.010760576	12.004936
1.4114511	1.0535367	-0.014123949	12.021393
1.4114511	1.0480598	0.025395684	11.992594
1.4052141	1.0445161	0.014464723	11.972024
1.4161289	1.0519258	0.0068971328	11.992594
1.4161289	1.0509593	-0.024214068	11.96791
1.4005362	1.0451604	0.0001703865	11.996709
1.4098918	1.0267972	0.0026929164	11.988481
1.4098918	1.0361398	0.0010112298	12.033734
1.4036548	1.0470934	-0.015805636	12.02962
1.4067733	1.0493485	-0.0015113001	11.988481
1.4114511	1.0400058	0.0035337596	11.972024
1.4036548	1.0396837	-0.047757678	12.021393
1.3974177	1.0451604	0.01110135	12.021393
1.4098918	1.0435497	-0.018328166	12.017278
1.4052141	1.0461268	-0.00067045673	12.05019
1.4130104	1.0432274	-0.020009853	12.033734
1.4114511	1.0519258	-0.0065563596	12.013165
1.4067733	1.0425831	-0.0099197328	12.013165
1.4083326	1.0445161	0.0010112298	11.988481
1.4067733	1.048382	0.013623879	11.988481
1.4067733	1.0496707	-0.035985876	12.000822
1.4130104	1.0445161	0.0043746028	11.972024
1.4052141	1.0374285	-0.10493501	11.996709
1.4036548	1.0445161	-0.039349247	12.025506
1.3989769	1.0454826	0.014464723	12.02962
1.4067733	1.0477377	-0.021691538	12.02962
1.4145696	1.0432274	-0.01664648	12.013165
1.4098918	1.044194	0.0060562897	12.025506
1.4098918	1.0470934	0.0010112298	12.004936
1.4052141	1.0396837	0.01110135	11.976137
1.4052141	1.0412945	-0.0099197328	11.972024
1.4052141	1.048382	-0.0073972028	12.017278
1.4083326	1.0574026	-0.01664648	12.021393
1.4145696	1.0487041	-0.022532383	12.02962
1.4052141	1.0464491	-0.0023521434	12.058418
1.4036548	1.0467712	0.046416767	12.004936
1.4130104	1.042261	-0.0048746732	12.013165
1.4067733	1.0371064	0.0001703865	11.988481
1.4098918	1.0409724	-0.032622501	12.017278
1.4130104	1.0432274	-0.01664648	12.017278
1.4161289	1.0487041	-0.027577441	12.062532
1.4005362	1.0586913	-0.00067045673	12.074874
1.4098918	1.0664232	-0.0057155164	12.062532
1.4145696	1.0493485	0.012783037	12.017278
1.4130104	1.0438718	-0.00067045673	12.000822
1.4130104	1.0425831	-0.30085149	12.041962
1.4145696	1.0451604	-0.01916901	12.033734
1.4161289	1.0406501	-0.0073972028	12.004936
1.4098918	1.0396837	-0.0023521434	12.013165
1.4114511	1.0409724	-0.00067045673	12.013165
1.4130104	1.0342069	0.0018520731	11.996709
1.4130104	1.0322739	-0.026736598	11.996709
1.4036548	1.0380728	-0.014123949	12.021393
1.4130104	1.040328	-0.00067045673	11.992594
1.4083326	1.0451604	0.01110135	12.02962
1.4020956	1.0512815	-0.0082380464	12.041962
1.4098918	1.048382	0.0060562897	12.021393
1.4067733	1.0380728	-0.010760576	12.009049
1.4114511	1.0451604	-0.01664648	12.046077
1.4067733	1.0380728	-0.0031929866	12.033734
1.4067733	1.0409724	0.0026929164	12.025506
1.4067733	1.0445161	-0.017487323	12.009049
1.4114511	1.0487041	-0.017487323	12.021393
1.4098918	1.0548253	0.027918214	12.041962
1.4145696	1.054181	-0.025054913	12.054305
1.4145696	1.0493485	0.0001703865	12.033734
1.4083326	1.0532144	0.0094196629	12.041962
1.4145696	1.0718999	-0.021691538	12.087217
1.4114511	1.0657789	0.007737976	12.058418
1.4176883	1.052248	-0.032622501	11.996709
1.4130104	1.0499928	-0.024214068	12.017278
1.4067733	1.0361398	0.079209656	11.988481
1.4098918	1.0300188	0.01614641	11.988481
1.4161289	1.038395	-0.015805636	12.02962
1.4114511	1.0419388	0.0052154465	12.013165
1.4098918	1.0380728	0.0094196629	11.996709
1.4145696	1.0348512	0.010260507	12.013165
1.3989769	1.0432274	0.022032311	12.021393
1.4130104	1.0409724	0.0010112298	11.992594
1.4098918	1.0393615	0.0068971328	12.025506
1.4067733	1.0396837	-0.025895756	12.033734
1.4098918	1.0412945	0.014464723	12.041962
1.4036548	1.0528923	-0.017487323	12.025506
1.4098918	1.054181	-0.0099197328	12.033734
1.4067733	1.0409724	0.011942193	12.000822
1.4083326	1.0358177	0.0052154465	11.984365
1.4114511	1.0374285	0.066597007	11.963797
1.4161289	1.0380728	-0.034304187	12.000822
1.4114511	1.0448383	-0.0065563596	12.013165
1.4161289	1.0409724	-0.017487323	11.988481
1.4098918	1.0313075	-0.012442263	12.009049
1.4130104	1.0354955	-0.0082380464	12.041962
1.4130104	1.0338848	-0.020009853	12.004936
1.4145696	1.0322739	-0.0015113001	12.009049
1.4145696	1.0351734	0.096026525	11.996709
1.4067733	1.0313075	-0.027577441	11.996709
1.4208068	1.0467712	-0.032622501	12.037848
1.4083326	1.0467712	-0.013283106	12.009049
1.4130104	1.044194	-0.010760576	12.000822
1.4130104	1.0409724	0.012783037	11.959682
1.4145696	1.0535367	-0.025895756	12.004936
1.4083326	1.0432274	-0.020850696	11.972024
1.4036548	1.0448383	-0.0040338296	11.984365
1.4036548	1.0532144	0.016987253	12.004936
1.4114511	1.0445161	0.0035337596	11.976137
1.4098918	1.0525701	-0.029259128	12.02962
1.4083326	1.0499928	-0.013283106	12.041962
1.4067733	1.0493485	0.01614641	11.992594
1.4145696	1.0445161	-0.032622501	11.972024
1.4130104	1.044194	-0.0031929866	12.000822
1.4145696	1.0313075	-0.030940816	12.009049
1.4130104	1.0280858	0.028759057	11.996709
1.4083326	1.0300188	0.015305566	11.984365
1.4067733	1.0406501	-0.0090788892	11.963797
1.4145696	1.040328	-0.0040338296	11.972024
1.4114511	1.0412945	0.051461827	11.996709
1.4114511	1.0467712	-0.018328166	12.000822
1.4114511	1.0393615	0.016987253	11.972024
1.4114511	1.0429053	-0.0031929866	12.033734
1.4145696	1.042261	-0.0082380464	12.041962
1.4130104	1.0464491	0.027918214	12.021393
1.4145696	1.0409724	-0.010760576	12.000822
1.4067733	1.0493485	-0.020009853	11.992594
1.4161289	1.0400058	0.0043746028	11.996709
1.4130104	1.0390394	0.0094196629	12.037848
1.4130104	1.0451604	-0.0099197328	12.058418
1.4083326	1.0342069	-0.014123949	11.992594
1.4036548	1.0406501	0.0001703865	12.009049
1.4192475	1.0393615	-0.0073972028	11.988481
1.4036548	1.0377507	0.010260507	12.037848
1.4098918	1.0406501	-0.01664648	12.025506
1.4161289	1.0467712	0.0001703865	12.041962
1.4083326	1.048382	-0.01916901	12.021393
1.4067733	1.0470934	0.032963276	12.021393
1.4083326	1.0477377	-0.0090788892	12.000822
1.4192475	1.0451604	-0.00067045673	11.992594
1.4130104	1.0393615	-0.0057155164	12.004936
1.4145696	1.0438718	0.01110135	12.004936
1.3989769	1.054181	0.027918214	12.05019
1.4098918	1.0396837	0.020350626	12.02962
1.4020956	1.0296966	0.033804119	12.004936
1.4208068	1.0300188	-0.021691538	12.000822
1.4052141	1.0348512	0.010260507	12.021393
1.4270438	1.0293745	-0.0040338296	11.996709
1.4067733	1.0338848	-0.013283106	12.009049
1.4114511	1.0303409	-0.0082380464	12.021393
1.4036548	1.0432274	0.024554841	12.021393
1.3989769	1.0458047	0.016987253	12.025506
1.4083326	1.044194	0.040530864	12.054305
1.4130104	1.0377507	0.01110135	12.004936
1.4098918	1.0367842	0.0035337596	12.017278
1.4114511	1.0387172	-0.0082380464	12.02962
1.4067733	1.0354955	0.012783037	12.017278
1.4083326	1.0354955	0.020350626	11.976137
1.4005362	1.0309852	0.0043746028	11.976137
1.4020956	1.0377507	0.0035337596	12.009049
1.4161289	1.0306631	-0.010760576	11.984365
1.4114511	1.0448383	-0.01664648	12.025506
1.4161289	1.0419388	-0.0015113001	11.980252
1.4114511	1.0345291	0.0043746028	12.000822
1.4083326	1.0348512	0.0026929164	12.009049
1.4114511	1.0358177	0.036326651	11.980252
1.4036548	1.040328	-0.0048746732	12.021393
1.4067733	1.0396837	-0.0073972028	12.02962
1.4052141	1.0358177	0.0018520731	12.000822
1.4067733	1.0470934	0.007737976	12.037848
1.4052141	1.0445161	0.055666041	12.037848
1.4098918	1.0425831	-0.0099197328	11.992594
1.4067733	1.0464491	0.0068971328	11.984365
1.4036548	1.0512815	0.0010112298	12.013165
1.4098918	1.0525701	0.012783037	12.021393
1.4067733	1.0451604	-0.0015113001	12.02962
1.4130104	1.0451604	-0.014964793	11.976137
1.4161289	1.0354955	-0.0023521434	11.972024
1.4098918	1.0251863	0.022032311	12.009049
1.4145696	1.0277636	-0.0090788892	12.046077
1.4176883	1.024542	0.016987253	12.02962
1.4098918	1.0329182	-0.0073972028	12.009049
1.4083326	1.0338848	-0.022532383	11.992594
1.4067733	1.0374285	0.0094196629	12.000822
1.4114511	1.0487041	-0.0057155164	12.021393
1.4114511	1.0354955	0.0018520731	12.021393
1.4098918	1.0445161	-0.2310615	12.041962
1.3989769	1.042261	0.0094196629	11.984365
1.4130104	1.0461268	0.10695749	11.976137
1.4114511	1.0425831	0.0001703865	12.000822
1.4067733	1.042261	-0.00067045673	12.009049
1.4161289	1.0377507	0.011942193	11.972024
1.4052141	1.0329182	-0.0031929866	11.972024
1.4020956	1.0390394	-0.0023521434	11.996709
1.4176883	1.0429053	-0.015805636	12.017278
1.4114511	1.0493485	-0.018328166	12.004936
1.4083326	1.0409724	0.0043746028	11.976137
1.4020956	1.0445161	0.0085788192	12.004936
1.4020956	1.0409724	0.011942193	12.017278
1.4052141	1.050315	0.0010112298	12.021393
1.4036548	1.044194	0.007737976	12.033734
1.4192475	1.0429053	0.041371711	12.004936
1.4098918	1.042261	-0.01160142	11.992594
1.4083326	1.0451604	-0.010760576	11.996709
1.4052141	1.0499928	0.0043746028	12.000822
1.4067733	1.050315	0.014464723	11.988481
1.4083326	1.0380728	0.018668938	11.992594
1.4036548	1.0416167	-0.0048746732	12.009049
1.4098918	1.0464491	-0.022532383	12.037848
1.4005362	1.0454826	-0.01160142	12.041962
1.4114511	1.0419388	0.0068971328	11.992594
1.4083326	1.0409724	0.016987253	12.017278
1.4114511	1.040328	-0.012442263	11.988481
1.4020956	1.042261	0.016987253	12.004936
1.4052141	1.0364621	0.011942193	12.000822
1.4145696	1.0351734	0.024554841	11.992594
1.4052141	1.0493485	0.010260507	12.021393
1.4114511	1.0525701	-0.01664648	12.062532
1.4052141	1.044194	0.011942193	12.000822
1.4114511	1.0512815	-0.0040338296	12.009049
1.4098918	1.0416167	-0.0023521434	12.000822
1.3989769	1.0390394	0.026236527	12.025506
1.4130104	1.0364621	0.0052154465	11.980252
1.4067733	1.0406501	0.0043746028	11.980252
1.4067733	1.0445161	0.030440746	11.984365
1.4083326	1.0480598	0.0035337596	12.004936
1.4192475	1.0396837	-0.039349247	11.963797
1.4114511	1.0277636	0.043894235	11.984365
1.4114511	1.0284079	-0.00067045673	12.021393
1.4067733	1.0271193	0.0001703865	12.009049
1.4114511	1.0177766	0.0035337596	11.972024
1.4052141	1.0197096	0.013623879	11.972024
1.4067733	1.0309852	0.022032311	12.013165
1.4020956	1.0296966	0.0035337596	12.021393
1.4114511	1.0277636	-0.017487323	12.033734
1.4036548	1.050315	-0.0048746732	12.05019
1.3989769	1.0557917	-0.01664648	12.066646
1.4020956	1.0590134	-0.0040338296	12.009049
1.4020956	1.058369	0.024554841	11.996709
1.4145696	1.0599799	-0.018328166	12.025506
1.4098918	1.060302	0.0094196629	12.062532
1.4067733	1.0548253	-0.034304187	12.046077
1.4176883	1.0448383	0.10779834	11.984365
1.4130104	1.0445161	0.0035337596	12.000822
1.4036548	1.0448383	0.01110135	12.004936
1.3974177	1.0390394	0.012783037	11.988481
1.4114511	1.0358177	-0.0040338296	12.000822
1.4067733	1.0329182	0.015305566	12.004936
1.4098918	1.0309852	0.011942193	12.000822
1.4114511	1.0342069	0.015305566	12.009049
1.4083326	1.0380728	-0.018328166	12.017278
1.4083326	1.0525701	-0.01664648	12.062532
1.4036548	1.0516037	0.025395684	12.046077
1.4067733	1.0538588	-0.01160142	12.046077
1.4005362	1.0635237	-0.014964793	12.05019
1.4067733	1.0664232	-0.0031929866	12.05019
1.4083326	1.0535367	0.029599901	11.984365
1.4130104	1.0412945	0.012783037	11.972024
1.4130104	1.050315	-0.048598524	12.004936
1.4052141	1.052248	-0.013283106	12.033734
1.4192475	1.0393615	-0.010760576	12.000822
1.4145696	1.0309852	0.0010112298	12.000822
1.4145696	1.0293745	0.0010112298	11.984365
1.4130104	1.0261528	0.0052154465	11.992594
1.4114511	1.0219647	-0.0031929866	11.943225
1.4130104	1.0216426	0.029599901	11.980252
1.4114511	1.0229312	-0.031781659	12.009049
1.4036548	1.0287302	-0.0057155164	12.000822
1.4114511	1.0351734	0.010260507	11.996709
1.4083326	1.0390394	-0.014964793	11.996709
1.4052141	1.0458047	-0.01160142	11.996709
1.4083326	1.048382	-0.24703752	11.992594
1.4114511	1.0525701	-0.012442263	11.996709
1.4130104	1.0487041	-0.0031929866	12.009049
1.4020956	1.0516037	-0.013283106	12.066646
1.4114511	1.0496707	-0.0040338296	12.009049
1.4083326	1.0448383	-0.2251756	12.004936
1.4052141	1.0396837	-0.033463344	12.017278
1.4130104	1.0313075	0.0043746028	12.017278
1.4067733	1.0345291	0.021191468	12.02962
1.4020956	1.0390394	-0.0082380464	12.021393
1.3958584	1.0445161	-0.0048746732	12.017278
1.4036548	1.0338848	-0.017487323	11.984365
1.4020956	1.0348512	-0.012442263	11.996709
1.4067733	1.0393615	0.032122433	12.013165
1.4098918	1.042261	-0.0073972028	12.02962
1.4005362	1.0557917	-0.00067045673	12.009049
1.4052141	1.0577247	-0.014964793	12.013165
1.4192475	1.054181	-0.0023521434	11.996709
1.4208068	1.0554696	-0.0023521434	11.992594
1.4067733	1.0577247	0.0010112298	11.996709
1.4130104	1.0374285	0.018668938	11.951453
1.4052141	1.0319518	0.01110135	11.980252
1.4114511	1.0367842	-0.021691538	12.041962
1.4130104	1.0329182	0.01614641	12.004936
1.4098918	1.0342069	-0.04523515	12.025506
1.4098918	1.0303409	-0.017487323	12.013165
1.4098918	1.0390394	-0.0065563596	12.058418
1.4176883	1.038395	0.0052154465	12.02962
1.4114511	1.0290523	0.0018520731	12.013165
1.4192475	1.0432274	-0.026736598	12.025506
1.4052141	1.0451604	-0.0031929866	12.021393
1.4130104	1.0470934	-0.023373226	12.000822
1.4005362	1.0435497	0.0085788192	12.025506
1.4020956	1.0419388	0.0043746028	12.021393
1.3989769	1.0490264	-0.014964793	12.05019
1.4020956	1.0470934	0.011942193	11.984365
1.3989769	1.0390394	-0.012442263	11.976137
1.3958584	1.0348512	-0.027577441	11.996709
1.3911806	1.044194	-0.0015113001	12.037848
1.3989769	1.0516037	-0.0048746732	12.033734
1.4052141	1.0474155	-0.025895756	12.000822
1.4098918	1.0390394	0.027077371	11.992594
1.4020956	1.0461268	0.0001703865	12.02962
1.4176883	1.038395	-0.014123949	12.009049
1.4067733	1.026475	0.12629688	12.021393
1.4067733	1.0367842	0.015305566	12.054305
1.4130104	1.0412945	0.010260507	12.013165
1.3989769	1.0564361	-0.025895756	12.033734
1.3989769	1.0554696	0.0060562897	12.004936
1.4067733	1.052248	0.025395684	12.037848
1.4145696	1.0590134	-0.021691538	12.046077
1.4130104	1.0528923	-0.0065563596	12.000822
1.4130104	1.0461268	0.007737976	11.996709
1.4208068	1.0396837	-0.0082380464	11.976137
1.4005362	1.0345291	0.021191468	11.963797
1.4036548	1.0432274	0.012783037	11.992594
1.4130104	1.042261	0.032122433	11.980252
1.4114511	1.0406501	-0.0082380464	11.984365
1.4098918	1.0274415	-0.030099971	11.996709
1.4083326	1.0461268	-0.0082380464	12.021393
1.4036548	1.0454826	-0.0015113001	12.046077
1.4098918	1.0564361	0.0094196629	12.074874
1.4161289	1.0454826	0.0043746028	12.009049
1.4083326	1.0448383	-0.0031929866	11.996709
1.4005362	1.048382	-0.01160142	12.017278
1.4145696	1.0474155	0.019509783	12.000822
1.4130104	1.0525701	-0.0023521434	12.017278
1.4130104	1.0567583	-0.0040338296	12.02962
1.4130104	1.0480598	0.0026929164	12.017278
1.4067733	1.052248	0.028759057	12.05019
1.4083326	1.0577247	0.073323756	12.02962
1.4036548	1.0493485	0.0068971328	12.004936
1.4036548	1.0409724	-0.01160142	12.021393
1.4130104	1.0390394	-0.025054913	11.984365
1.4052141	1.0380728	-0.046075992	12.004936
1.4052141	1.0306631	0.11032086	11.988481
1.4130104	1.0409724	-0.01664648	12.02962
1.4098918	1.0409724	0.014464723	11.996709
1.4098918	1.0345291	-0.023373226	12.013165
1.4098918	1.0496707	-0.0048746732	12.054305
1.4083326	1.0612686	-0.23946995	12.058418
1.4114511	1.0548253	-0.025054913	12.021393
1.4083326	1.0516037	0.010260507	12.000822
1.4161289	1.0377507	0.010260507	11.984365
1.4067733	1.0416167	-0.0015113001	12.004936
1.4130104	1.0367842	0.01110135	12.004936
1.4098918	1.0467712	-0.027577441	12.02962
1.4098918	1.0400058	-0.025895756	12.041962
1.4005362	1.0380728	0.0052154465	12.041962
1.4036548	1.0438718	0.0018520731	12.033734
1.4036548	1.0367842	-0.01160142	12.000822
1.4145696	1.0300188	0.015305566	12.000822
1.4067733	1.0290523	0.023713998	11.992594
1.4083326	1.0306631	-0.0082380464	11.980252
1.4020956	1.0332404	0.0010112298	12.004936
1.4130104	1.0371064	-0.0090788892	12.013165
1.4161289	1.042261	-0.014964793	11.988481
1.4083326	1.0496707	-0.029259128	12.02962
1.4145696	1.048382	0.0085788192	12.009049
1.4114511	1.0564361	0.025395684	12.02962
1.4286031	1.052248	0.007737976	11.96791
1.4379586	1.050315	0.13890953	11.988481
1.4535513	1.0535367	-0.01160142	11.988481
1.4956515	1.044194	0.0068971328	11.976137
1.5315145	1.0451604	0.0001703865	12.009049
1.5985631	1.0319518	0.0035337596	11.96791
1.6702893	1.0309852	0.020350626	11.959682
1.7498119	1.0396837	-0.010760576	11.955568
1.8371307	1.0374285	-0.0031929866	11.930884
1.9197718	1.024542	0.022873154	11.873288
2.0335982	1.0193874	0.0001703865	11.852716
2.148984	1.0258306	0.0018520731	11.819805
2.2752845	1.0190653	-0.0057155164	11.786893
2.4062629	1.0261528	0.0010112298	11.778665
2.5559523	1.0216426	0.0035337596	11.741639
2.7103198	1.0238976	-0.010760576	11.700499
2.8678057	1.0258306	0.0026929164	11.667586
3.0486808	1.0193874	0.019509783	11.605876
3.2295556	1.0193874	-0.0031929866	11.593534
3.4338198	1.010689	-0.017487323	11.515368
3.639643	1.0209982	-0.0023521434	11.531824
3.8641775	1.0229312	-0.0023521434	11.523596
4.0902715	1.0139107	0.0094196629	11.457771
4.3194838	1.0055344	-0.0090788892	11.412518
4.5658479	0.99393654	-0.0073972028	11.346693
4.8106527	0.99683601	0.13554616	11.342579
5.0585766	1.0003798	-0.0082380464	11.297324
5.3065	0.98878193	0.0018520731	11.239728
5.5715756	0.98459381	-0.010760576	11.21093
5.8382106	0.99329221	0.0052154465	11.215044
6.1048455	0.99490303	0.0052154465	11.173903
6.3668027	0.99007058	0.0035337596	11.140991
6.6256413	0.99264789	-0.00067045673	11.12865
6.8829212	0.99683601	0.010260507	11.112193
7.1620302	0.98684895	0.0018520731	11.034027
7.4302244	0.98974842	0.032122433	11.029913
7.7202482	0.97202945	0.0068971328	10.968203
8.0055952	0.96590835	-0.010760576	10.927063
8.2847042	0.95173317	0.15488556	10.881809
8.5669327	0.95656562	-0.0048746732	10.902379
8.8507195	0.95398831	0.018668938	10.857125
9.1376257	0.95431048	-0.01664648	10.840669
9.430768	0.95108891	-0.033463344	10.799528
9.6989632	0.95012242	0.034644961	10.75016
9.9843102	0.94528997	0.017828096	10.754274
10.275894	0.94464564	-0.0048746732	10.737818
10.558122	0.94947809	0.12377436	10.70902
10.835672	0.9459343	-0.024214068	10.655538
11.117901	0.94271266	-0.025054913	10.639082
11.393892	0.94561213	-0.010760576	10.593827
11.674561	0.94818944	0.011942193	10.602056
11.93496	0.94174618	0.020350626	10.548573
12.179767	0.93852454	-0.0031929866	10.548573
12.426131	0.92724884	-0.0090788892	10.507433
12.68653	0.92338288	0.012783037	10.482749
12.926658	0.91565096	-0.017487323	10.462178
13.185497	0.92338288	-0.010760576	10.470407
13.434981	0.91951692	-0.017487323	10.404582
13.687584	0.91597313	0.0052154465	10.375784
13.93239	0.91500664	-0.0040338296	10.375784
14.164722	0.9153288	0.010260507	10.355214
14.404851	0.92467153	0.0001703865	10.3511
14.646538	0.927571	-0.0023521434	10.293504
14.869515	0.91983908	-0.014123949	10.28939
15.103406	0.91436231	0.038849179	10.235909
15.317027	0.91307366	-0.00067045673	10.231794
15.544683	0.91597313	0.0026929164	10.178312
15.755184	0.90695256	-0.0031929866	10.141286
15.967245	0.90888554	-0.00067045673	10.104259
16.163713	0.89825416	0.019509783	10.104259
16.34771	0.89728773	-0.020850696	10.124829
16.550415	0.8966434	0.0052154465	10.128943
16.731291	0.89632124	-0.0040338296	10.063119
16.919964	0.89567691	-0.00067045673	10.038435
17.1024	0.89342177	-0.0015113001	10.013751
17.289513	0.88375688	-0.0048746732	10.001409
17.453238	0.88633418	-0.00067045673	9.9438124
17.592012	0.88117957	0.0043746028	9.9438124
17.768211	0.88311255	0.010260507	9.9273567
17.917902	0.89148879	0.007737976	9.9314709
18.069153	0.88536769	0.10191242	9.8944445
18.220402	0.8905223	-0.0031929866	9.8944445
18.35606	0.887945	-0.017487323	9.8368483
18.490158	0.88697851	0.0026929164	9.8203917
18.622696	0.88214606	0.010260507	9.7874794
18.74588	0.87505847	0.018668938	9.7504539
18.873741	0.88021308	-0.0015113001	9.7915936
18.989128	0.87473631	0.0035337596	9.7586813
19.104513	0.86668223	-0.01664648	9.7463398
19.212105	0.86120546	0.012783037	9.7175417
19.321255	0.86378276	-0.0090788892	9.7134275
19.425726	0.85154057	0.0085788192	9.6846294
19.533316	0.85862815	-0.0040338296	9.6764011
19.615959	0.85347354	0.045575924	9.6393747
19.726665	0.86603791	-0.013283106	9.6517172
19.824902	0.86023897	-0.023373226	9.6229191
19.896629	0.85862815	-0.027577441	9.6434889
19.990187	0.86571574	0.0094196629	9.6311464
20.083744	0.87312549	-0.0082380464	9.6188059
20.158588	0.86474925	-0.010760576	9.5735512
20.24279	0.86120546	-0.020009853	9.5776653
20.317635	0.84928542	0.020350626	9.5406389
20.386244	0.84252006	0.0060562897	9.5365248
20.451733	0.84509736	0.0001703865	9.5529814
20.509426	0.84799683	-0.0073972028	9.5529814
20.571798	0.85057408	-0.010760576	9.5817795
20.624813	0.84670818	0.14731796	9.5324106
20.691862	0.84574169	-0.014964793	9.4994993
20.7402	0.85025191	0.0018520731	9.4748144
20.791656	0.8512184	0.0001703865	9.4994993
20.841553	0.84831893	-0.012442263	9.4707003
20.903925	0.83478814	0.05230267	9.4583588
20.942907	0.84767467	-0.0031929866	9.4748144
20.994364	0.84831893	-0.0015113001	9.4542446
21.041142	0.85540652	0.0094196629	9.4583588
21.09104	0.8634606	-0.017487323	9.4460163
21.130022	0.8573395	0.0085788192	9.4213324
21.186153	0.85250705	-0.01664648	9.437789
21.222019	0.85025191	-0.0065563596	9.4007626
21.254763	0.84992975	0.090981461	9.4254465
21.293745	0.84799683	0.022873154	9.4172182
21.332727	0.84252006	0.0035337596	9.3966484
21.373268	0.83317733	-0.0031929866	9.3637362
21.404455	0.83704329	-0.025895756	9.4007626
21.43564	0.82963353	-0.0048746732	9.3513937
21.468384	0.83317733	0.014464723	9.3719645
21.502687	0.83446598	-0.0099197328	9.3719645
21.522959	0.84960759	0.0052154465	9.384306
21.560383	0.84541953	-0.0099197328	9.3966484
21.591568	0.84155357	-0.018328166	9.3637362
21.622753	0.84799683	-0.01664648	9.3719645
21.638346	0.8386541	-0.0031929866	9.3431664
21.672651	0.84187573	-0.027577441	9.3925343
21.685125	0.84541953	-0.023373226	9.3637362
21.706955	0.84026492	-0.035145033	9.3431664
21.736582	0.82866704	0.086777247	9.3061399
21.76153	0.82802272	-0.014123949	9.3184814
21.778683	0.82834488	-0.018328166	9.334938
21.800512	0.83478814	0.0001703865	9.3513937
21.816105	0.83833194	-0.01916901	9.3513937
21.828579	0.83285517	0.0018520731	9.3143682
21.847292	0.83382165	-0.051961899	9.3143682
21.866001	0.83092219	0.0052154465	9.3061399
21.881596	0.83704329	-0.01916901	9.3225956
21.892509	0.82931137	-0.032622501	9.3061399
21.906544	0.83317733	-0.01160142	9.3143682
21.920576	0.83543247	-0.020850696	9.3061399
21.925255	0.84638602	-0.057006955	9.3431664
21.931492	0.84026492	0.010260507	9.2855692
21.93461	0.85089624	-0.029259128	9.3102541
21.942406	0.84509736	-0.041030932	9.2732277
21.943966	0.83414382	-0.018328166	9.3102541
21.948645	0.84123141	-0.051961899	9.3184814
21.951763	0.83639896	-0.047757678	9.2896833
21.95488	0.82480109	-0.058688644	9.2567711
21.959558	0.81996864	-0.04523515	9.2649994
21.948645	0.82544541	0.085936405	9.2855692
21.947084	0.82157946	-0.057847798	9.2732277
21.937729	0.8202908	-0.063733704	9.2567711
21.93305	0.81932431	-0.038508404	9.2567711
21.917458	0.82770056	-0.066256233	9.2649994
21.919018	0.82447892	-0.096526586	9.2526579
21.898748	0.83060002	-0.089799844	9.2896833
21.876917	0.83124435	-0.091481537	9.2485437
21.855087	0.83060002	-0.044394307	9.2238598
21.833258	0.8386541	-0.1200702	9.2444296
21.800512	0.83672112	-0.1125026	9.2691135
21.767769	0.83349949	-0.11334345	9.2526579
21.747496	0.83478814	-0.13268284	9.2403154
21.703836	0.8299557	-0.12931947	9.2197456
21.658617	0.83575463	-0.16463488	9.2403154
21.613398	0.83478814	-0.17304333	9.2197456
21.558823	0.8299557	-0.1629532	9.2197456
21.493334	0.82093513	-0.18649681	9.2115173
21.434082	0.81739134	-0.17977007	9.2115173
21.362354	0.82061297	-0.23526572	9.2238598
21.282829	0.82576758	-0.24199246	9.2197456
21.186153	0.82447892	-0.21592632	9.1950607
21.100395	0.82190162	-0.28992054	9.1744909
21.013073	0.82093513	-0.30757824	9.1909475
20.897688	0.82866704	-0.28067124	9.2074032
20.774504	0.82737839	-0.36559641	9.1868334
20.645082	0.82447892	-0.3580288	9.1744909
20.507868	0.81835783	-0.40007097	9.1415787
20.353498	0.82576758	-0.43034133	9.1703768
20.177298	0.82866704	-0.44127229	9.1703768
19.999542	0.83446598	-0.54805934	9.1744909
19.810867	0.82512325	-0.56319451	9.1621494
19.598806	0.81545836	-0.57496631	9.1539211
19.368031	0.80804861	-0.62962109	9.1744909
19.115429	0.81481403	-0.68595755	9.1580353
18.85503	0.79709512	-0.7448166	9.0963249
18.558765	0.802894	-0.81208402	9.125123
18.243792	0.81094807	-0.79442626	9.1456928
17.90387	0.82157946	-0.9592315	9.1210089
17.548353	0.81932431	-0.98782015	9.1086664
17.155415	0.81545836	-1.4906441	9.0839825
16.732851	0.81513619	-1.1669197	9.0675268
16.2791	0.82093513	-1.2249378	9.0880966
15.798843	0.82125729	-1.3964697	9.0387287
15.278046	0.82061297	-1.458692	9.0428429
14.727621	0.80740428	-1.5158694	9.0099306
14.135097	0.80965942	-1.731125	9.0140448
13.514504	0.82480109	-1.8311852	9.0551844
12.851813	0.81642485	-1.8875217	9.0387287
12.168851	0.80450481	-2.1481829	8.9729042
11.445348	0.79451782	-2.2642188	8.9317646
10.671949	0.79870594	-2.5366518	8.915308
9.8782787	0.80096108	-2.6720276	8.9111948
9.0627813	0.78936321	-2.7729285	8.8535976
8.301856	0.79612863	-3.1277637	8.8453703
7.3600574	0.80096108	-3.2934096	8.8289137
6.5149336	0.79806161	-3.3968332	8.8247995
5.5887275	0.79226267	-3.9181547	8.7754316
4.6843519	0.79065186	-4.1258426	8.7507477
3.8220773	0.79000753	-4.5630798	8.7178354
2.9941063	0.79194051	-4.8397169	8.6520109
2.2363029	0.78646374	-5.1003776	8.5861864
1.5549036	0.78034264	-5.6570139	8.5450459
1.0902424	0.77744317	-6.0084858	8.4833364
0.64897025	0.76681179	-6.1758132	8.4504242
0.41508049	0.75521398	-7.0208578	8.368144
0.3152875	0.75553614	-7.3630795	8.3352318
0.28722072	0.75134802	-8.169445	8.289978
0.29189852	0.75553614	-8.5949106	8.2323809
0.30125412	0.75005937	-9.046442	8.1501007
0.28566146	0.74844855	-9.9738884	8.1130743
0.30281338	0.74136096	-10.483438	8.0349083
0.29657632	0.72783011	-10.371606	7.9444003
0.35270989	0.72686362	-10.45569	7.8909183
0.44626576	0.71075553	-10.453167	7.7921815
0.51019567	0.71526581	-10.465779	7.7757254
0.49928078	0.70946687	-10.454007	7.7099013
0.53514391	0.71236634	-10.458212	7.6564188
0.48212889	0.70463443	-10.469984	7.5617962
0.8875379	0.69368088	-10.465779	7.5247703
1.9119755	0.69561386	-10.469984	7.4877448
1.2976247	0.69368088	-10.468302	7.4342623
1.012279	0.66726357	-10.41617	7.3643241
0.677037	0.67435116	-10.443076	7.3108416
0.43379164	0.66178679	-10.48596	7.2285614
0.36518401	0.658243	-10.46662	7.1709652
0.34803209	0.65534353	-10.451485	7.1462808
0.25447616	0.66339761	-10.344698	7.1257105
0.27318734	0.65985382	-10.473348	7.0557723
0.33555797	0.65534353	-10.450644	7.0269752
0.33711722	0.64986676	-10.411966	6.9899487
0.36362472	0.64761162	-10.458212	6.9611506
0.36830249	0.658243	-10.372446	6.9611506
0.35894692	0.66307545	-10.454848	6.9035544
0.75188172	0.65018892	-10.459053	6.8829842
0.6037516	0.64857811	-10.281635	6.8048177
0.55541432	0.63923544	-10.467461	6.7554493
0.59439594	0.64116842	-10.474188	6.722537
0.55385506	0.62506026	-10.450644	6.6238008
0.51019567	0.61217374	-10.448122	6.5991163
0.5070771	0.60444188	-10.367401	6.5291791
0.53982168	0.5999316	-10.458212	6.5168366
0.52111053	0.5999316	-10.469144	6.5086088
0.52266979	0.61152941	-10.440554	6.5374069
0.5429402	0.61152941	-10.459894	6.5374069
0.55541432	0.61442888	-10.431305	6.5991163
0.58348113	0.61668402	-10.475869	6.5908885
0.62246275	0.61056292	-10.475029	6.6032305
0.68327409	0.61829484	-10.458212	6.6484847
0.7378484	0.62924838	-10.48596	6.7019672
0.82204872	0.6273154	-10.306861	6.6443706
0.89689344	0.62860405	-10.457372	6.6361427
0.97173822	0.6308592	-10.483438	6.6238008
1.0419052	0.6247381	-10.435509	6.6238008
1.1058351	0.62570459	-10.472507	6.5579772
1.1822391	0.61314023	-10.423738	6.5044947
1.2648801	0.6211943	-10.459894	6.4839249
1.3444027	0.60508621	-10.480914	6.381074
1.4192475	0.6025089	-10.521275	6.368732
1.5159218	0.59155536	-10.459053	6.3275919
1.6188335	0.58317912	-10.451485	6.2987938
1.7061523	0.58478993	-10.4456	6.2411971
1.8028269	0.58994454	-10.471665	6.2453113
1.9072976	0.59252185	-10.428782	6.2411971
2.0148871	0.59477699	-10.473348	6.2576532
2.1240356	0.60154241	-10.475029	6.2082853
2.2425399	0.60315323	-10.454007	6.1712589
2.3485701	0.59574348	-10.498572	6.1712589
2.4436853	0.59606564	-10.774368	6.158917
2.5497153	0.59155536	-10.472507	6.1095495
2.6401527	0.58962238	-10.464938	6.1136632
2.7227941	0.58285695	-10.47671	6.1095495
2.8132312	0.5815683	-10.451485	6.1136632
2.8880763	0.57770234	-10.465779	6.1218915
2.9769542	0.57995749	-10.475029	6.1054354
3.0751884	0.58672291	-10.473348	6.0972071
3.1749811	0.57770234	-10.413648	6.0725231
3.2591817	0.57383645	-10.462417	6.0396109
3.3574154	0.57641375	-10.457372	6.0642953
3.4587679	0.57705802	-10.471665	6.0642953
3.5554423	0.57866883	-10.444759	6.031383
3.6536763	0.57866883	-10.417851	6.043725
3.7581472	0.5751251	-10.440554	6.0149269
3.8345513	0.5815683	-10.435509	6.0190411
3.9296665	0.569004	-10.464938	5.9943566
4.0107484	0.57448077	-10.464098	6.0025849
4.0871525	0.58253479	-10.319473	6.031383
4.1573195	0.57480294	-10.483438	6.031383
4.2134533	0.56835967	-10.450644	5.9820147
4.269587	0.56964833	-10.448122	5.9696727
4.3257208	0.56159425	-10.470825	5.9326463
4.3771763	0.56481588	-10.450644	5.9820147
4.4364285	0.56352723	-10.473348	5.9408746
4.4941216	0.5603056	-10.480074	5.9655585
4.542459	0.569004	-10.277431	5.9573307
4.5954738	0.56481588	-10.47671	5.9285321
4.6469297	0.5567618	-10.45569	5.9203043
4.6952667	0.56062776	-10.438032	5.9367604
4.7436042	0.56803751	-10.447281	5.9285321
4.7903824	0.57190347	-10.442237	5.9367604
4.8496342	0.56932616	-10.469984	5.9161901
4.8870568	0.57319212	-10.461576	5.9285321
4.9307165	0.56739318	-10.457372	5.9203043
4.9821725	0.57029265	-10.459894	5.9079623
5.0289507	0.56610453	-10.298452	5.8791642
5.0741692	0.57286996	-10.465779	5.9161901
5.1147103	0.56997049	-10.465779	5.9161901
5.149014	0.5628829	-10.47671	5.887392
5.1864367	0.56449372	-10.463257	5.8832779
5.209825	0.56256074	-10.405239	5.8668218
5.2441292	0.56062776	-10.469984	5.8832779
5.2675185	0.5603056	-10.446441	5.8585939
5.2971444	0.5480634	-10.282476	5.8380237
5.3205338	0.55482882	-10.475029	5.8215675
5.3517189	0.55901694	-10.452326	5.8297958
5.3766675	0.5628829	-10.458212	5.8256817
5.3984971	0.56513804	-10.45569	5.8256817
5.4328012	0.55933911	-10.394308	5.8051119
5.4686642	0.56610453	-10.469144	5.7968836
5.5014086	0.57319212	-10.451485	5.8297958
5.5279164	0.56352723	-10.491845	5.8133397
5.5653386	0.56417155	-10.468302	5.8256817
5.591846	0.55772829	-10.433827	5.7804275
5.6339464	0.55643964	-10.471665	5.7886558
5.6510983	0.55321801	-10.464098	5.7968836
5.6791649	0.54709691	-10.337972	5.7886558
5.700995	0.54387534	-10.453167	5.7886558
5.7306213	0.54709691	-10.390103	5.7845416
5.7524509	0.54935205	-10.474188	5.7886558
5.7664843	0.54645258	-10.454007	5.7721996
5.7914324	0.56062776	-10.412807	5.8009977
5.8054662	0.55772829	-10.491005	5.7845416
5.8179402	0.5603056	-10.489323	5.7804275
5.8397703	0.56578237	-10.462417	5.8174539
5.8444476	0.56674886	-10.467461	5.8009977
5.8693957	0.5628829	-10.31611	5.8092256
5.886548	0.56481588	-10.461576	5.8092256
5.8959036	0.55482882	-10.451485	5.7845416
5.9083781	0.5441975	-10.464098	5.7804275
5.922411	0.54967421	-10.475869	5.8092256
5.9302077	0.5567618	-10.390103	5.8092256
5.9489188	0.54613042	-10.468302	5.7680855
5.9582739	0.55160719	-10.471665	5.7845416
5.9660707	0.55321801	-10.443918	5.7804275
5.9754262	0.55128503	-10.475029	5.7680855
5.992578	0.55643964	-10.422056	5.7680855
5.9988151	0.55708396	-10.459053	5.7639713
6.0190859	0.54709691	-10.463257	5.7557435
6.0331187	0.56094992	-10.451485	5.8009977
6.0455933	0.54741907	-10.446441	5.7351742
6.0627451	0.54709691	-10.391786	5.7475152
6.0658641	0.55128503	-10.459053	5.7475152
6.0830154	0.55547315	-10.480914	5.7845416
6.0939307	0.5567618	-10.442237	5.743402
6.1110826	0.55579531	-10.464938	5.7228317
6.1251163	0.55482882	-10.46662	5.73106
6.1407089	0.54967421	-10.464938	5.7063761
6.1578603	0.54774123	-10.464938	5.7269459
6.1781311	0.55128503	-10.413648	5.73106
6.1843681	0.53775424	-10.459894	5.7022619
6.2046385	0.53839856	-10.480914	5.6858058
6.2202311	0.54774123	-10.461576	5.7063761
6.2358241	0.55225152	-10.461576	5.7063761
6.2529764	0.54838556	-10.423738	5.7228317
6.2654505	0.54999638	-10.437191	5.6981478
6.2716875	0.54677474	-10.449803	5.6858058
6.2779245	0.55547315	-10.437191	5.7104897
6.2966356	0.55128503	-10.449803	5.7063761
6.3013134	0.54709691	-10.444759	5.7063761
6.3106689	0.54838556	-10.472507	5.6940336
6.3122282	0.5441975	-10.463257	5.6858058
6.3137875	0.53517693	-10.339654	5.6940336
6.3215842	0.5354991	-10.47671	5.6981478
6.3262615	0.53582126	-10.496891	5.7104897
6.3371768	0.53453261	-10.454007	5.6940336
6.3434138	0.52808934	-10.468302	5.6858058
6.3574471	0.53163314	-10.411124	5.7187181
6.3590064	0.54097587	-10.454007	5.7104897
6.3668027	0.53582126	-10.46662	5.6899199
6.3605657	0.54774123	-10.480914	5.7187181
6.3668027	0.55160719	-10.467461	5.7228317
6.3714805	0.55450666	-10.3262	5.7104897
6.3699212	0.5541845	-10.448122	5.7063761
6.3745995	0.54613042	-10.464938	5.6652355
6.3761582	0.55192935	-10.391786	5.6775775
6.383955	0.55708396	-10.475869	5.7063761
6.3933105	0.55225152	-10.448963	5.7104897
6.3886323	0.55450666	-10.451485	5.6858058
6.3979878	0.54838556	-10.441395	5.6528935
6.4026661	0.53678775	-10.943377	5.6528935
6.4182587	0.52615637	-10.45653	5.6858058
6.4151402	0.53034449	-10.457372	5.6611218
6.4276142	0.52357906	-10.458212	5.6652355
6.4400887	0.5258342	-10.467461	5.6570077
6.444766	0.52454555	-10.389263	5.6775775
6.4478846	0.53098881	-10.471665	5.6652355
6.4463258	0.53388828	-10.46662	5.6611218
6.4650369	0.53968722	-10.472507	5.6652355
6.4634771	0.53646559	-10.462417	5.6611218
6.4697142	0.54290885	-10.295089	5.6816916
6.4775109	0.55354017	-10.452326	5.6570077
6.4759517	0.54677474	-10.452326	5.6652355
6.4868665	0.54355317	-10.464938	5.6323233
6.4884257	0.54774123	-10.450644	5.6446657
6.4977813	0.5506407	-10.350584	5.6734638
6.4977813	0.54967421	-10.449803	5.7022619
6.5024595	0.55192935	-10.451485	5.6858058
6.5118151	0.54516393	-10.438872	5.6528935
6.499341	0.53839856	-10.462417	5.6364374
6.5102553	0.54194236	-10.461576	5.6858058
6.5024595	0.53743207	-10.458212	5.6652355
6.4977813	0.5380764	-10.457372	5.6693497
6.5008998	0.5380764	-10.367401	5.6652355
6.505578	0.54097587	-10.467461	5.6611218
6.5024595	0.54935205	-10.480914	5.6858058
6.5040183	0.55354017	-10.447281	5.6652355
6.5102553	0.5445196	-10.460734	5.6570077
6.5086966	0.54516393	-10.475029	5.6364374
6.505578	0.54645258	-10.463257	5.6446657
6.5086966	0.5480634	-10.449803	5.6487794
6.5180521	0.55515099	-10.431305	5.6734638
6.5149336	0.54645258	-10.469144	5.6364374
6.5133739	0.54258668	-10.469144	5.6364374
6.5133739	0.54129803	-10.458212	5.6405516
6.505578	0.53743207	-10.45653	5.6611218
6.5149336	0.53388828	-10.443918	5.6364374
6.5149336	0.53292179	-10.440554	5.6240954
6.5102553	0.53388828	-10.442237	5.6117535
6.5149336	0.52905583	-10.470825	5.6487794
6.5196109	0.53421044	-10.482595	5.6240954
6.5149336	0.53388828	-10.290044	5.6076393
6.5258479	0.53485477	-10.467461	5.5994115
6.5227294	0.53066665	-10.447281	5.6282096
6.5289664	0.52680069	-10.327041	5.6117535
6.5352035	0.5380764	-10.470825	5.6199813
6.5336447	0.54065371	-10.425419	5.6117535
6.5336447	0.53453261	-10.461576	5.6364374
6.5320849	0.54194236	-10.458212	5.6487794
6.5367632	0.54355317	-10.398513	5.6405516
6.5289664	0.5380764	-10.45569	5.6611218
6.5211706	0.53936505	-10.461576	5.6405516
6.5320849	0.5354991	-10.471665	5.6199813
6.5274076	0.53066665	-10.454007	5.6570077
6.5289664	0.52518988	-10.412807	5.6199813
6.5289664	0.52744502	-10.461576	5.6158671
6.5289664	0.52615637	-10.459894	5.6282096
6.5227294	0.53968722	-10.467461	5.6528935
6.5258479	0.53453261	-10.478392	5.6528935
6.5196109	0.5380764	-10.464938	5.6405516
6.5196109	0.54194236	-10.433827	5.6282096
6.5133739	0.53839856	-10.475029	5.6076393
6.5024595	0.54162019	-10.465779	5.6611218
6.496222	0.54516393	-10.461576	5.6240954
6.5024595	0.54613042	-10.464098	5.6117535
6.496222	0.54838556	-10.441395	5.6364374
6.4977813	0.55805045	-10.454007	5.6446657
6.4915442	0.55257368	-10.458212	5.6364374
6.4853072	0.55450666	-10.453167	5.6240954
6.4931035	0.5445196	-10.435509	5.6158671
6.483748	0.5441975	-10.450644	5.6240954
6.4868665	0.53743207	-10.45653	5.5994115
6.489985	0.53743207	-10.444759	5.6282096
6.4884257	0.54258668	-10.4456	5.6528935
6.4806294	0.54323101	-10.464938	5.6323233
6.4775109	0.5380764	-10.458212	5.5952973
6.4681554	0.54516393	-10.422896	5.6240954
6.4665956	0.54516393	-10.471665	5.6364374
6.4650369	0.54129803	-10.432146	5.5911832
6.4619184	0.5445196	-10.469984	5.6076393
6.4556813	0.55192935	-10.458212	5.6199813
6.4510031	0.54516393	-10.317792	5.6117535
6.444766	0.54999638	-10.45653	5.6240954
6.4416475	0.55386233	-10.459053	5.6364374
6.4369698	0.54838556	-10.470825	5.6364374
6.4416475	0.54258668	-10.46662	5.5994115
6.444766	0.53904289	-10.462417	5.6323233
6.438529	0.53968722	-10.480914	5.6240954
6.4291735	0.53163314	-10.454848	5.6076393
6.4291735	0.53517693	-10.484279	5.5994115
6.4198179	0.53421044	-10.446441	5.6035252
6.4182587	0.53066665	-10.379173	5.6076393
6.4104619	0.53098881	-10.492686	5.6323233
6.3979878	0.53582126	-10.459894	5.6199813
6.3886323	0.53710991	-10.454007	5.6117535
6.3855138	0.54258668	-10.465779	5.6117535
6.383955	0.53678775	-10.334609	5.6158671
6.3699212	0.53485477	-10.447281	5.6076393
6.3683619	0.54580826	-10.482595	5.6199813
6.3543286	0.54613042	-10.384218	5.6035252
6.3434138	0.54355317	-10.459053	5.6364374
6.3356171	0.54258668	-10.411124	5.6117535
6.3371768	0.54323101	-10.448122	5.6076393
6.3262615	0.5380764	-10.450644	5.5952973
6.3184657	0.53034449	-10.401035	5.6035252
6.316906	0.52680069	-10.469984	5.5994115
6.3044319	0.53227746	-10.434669	5.6076393
6.2981949	0.54194236	-10.46662	5.6199813
6.2966356	0.54258668	-10.469984	5.5994115
6.2810431	0.54097587	-10.405239	5.6076393
6.2670093	0.54613042	-10.452326	5.6076393
6.2716875	0.54065371	-10.469984	5.5994115
6.2654505	0.54355317	-10.474188	5.5911832
6.2560949	0.54484177	-10.453167	5.5952973
6.2467389	0.53678775	-10.470825	5.5747271
6.2405019	0.53775424	-10.460734	5.6528935
6.2295871	0.53356612	-10.438032	5.5994115
6.2233496	0.5319553	-10.37581	5.5911832
6.2155538	0.529378	-10.427101	5.587069
6.2030797	0.54258668	-10.478392	5.6570077
6.1999612	0.53710991	-10.452326	5.6158671
6.1968427	0.54226452	-10.454007	5.6199813
6.1859274	0.54258668	-10.804638	5.6076393
6.1734533	0.54258668	-10.460734	5.6076393
6.1640978	0.53872073	-10.463257	5.6035252
6.1609788	0.54000938	-10.423738	5.6117535
6.1516232	0.5441975	-10.474188	5.6076393
6.1344719	0.54709691	-10.473348	5.6117535
6.1266751	0.55321801	-10.472507	5.6240954
6.1032863	0.54290885	-10.45569	5.6035252
6.0954895	0.5445196	-10.465779	5.6076393
6.0798969	0.53872073	-10.452326	5.5911832
6.0689826	0.54226452	-10.454848	5.5952973
6.0580673	0.5354991	-10.451485	5.5994115
6.0518303	0.53163314	-10.45569	5.6282096
6.0315599	0.53614342	-10.481755	5.6076393
6.0190859	0.54065371	-10.459894	5.5994115
6.0019336	0.52647853	-10.444759	5.5664992
5.9894595	0.53324395	-10.489323	5.6405516
5.9816632	0.53936505	-10.468302	5.6199813
5.9598336	0.54162019	-10.432146	5.6158671
5.9535966	0.54194236	-10.448122	5.6117535
5.9411225	0.54677474	-10.472507	5.6199813
5.9208522	0.54935205	-10.388422	5.6323233
5.9052596	0.5480634	-10.457372	5.6199813
5.8974628	0.54902989	-10.40692	5.6076393
5.8771925	0.54387534	-10.454848	5.6199813
5.874074	0.54484177	-10.442237	5.6240954
5.8569217	0.54645258	-10.396831	5.6240954
5.8460073	0.54194236	-10.464098	5.6323233
5.828855	0.54129803	-10.464938	5.6405516
5.8101435	0.54065371	-10.467461	5.6199813
5.7961106	0.53936505	-10.457372	5.6570077
5.7836366	0.54323101	-10.432146	5.6364374
5.7633657	0.54097587	-10.457372	5.6240954
5.7571287	0.53646559	-10.451485	5.6076393
5.7399769	0.53839856	-10.460734	5.6076393
5.7306213	0.53743207	-10.474188	5.6446657
5.713469	0.53743207	-10.474188	5.6199813
5.6947579	0.53936505	-10.462417	5.6158671
5.6776061	0.54162019	-10.479233	5.6282096
5.6666908	0.54999638	-10.464938	5.6528935
5.6479797	0.54967421	-10.47671	5.6199813
5.6339464	0.5445196	-10.427941	5.6117535
5.6136756	0.53678775	-10.464938	5.6035252
5.598083	0.53968722	-10.480074	5.6076393
5.5840497	0.54580826	-10.401035	5.6487794
5.5731349	0.54065371	-10.489323	5.6076393
5.5481863	0.53743207	-10.45569	5.6405516
5.5403905	0.53292179	-10.454007	5.6035252
5.5232382	0.53292179	-10.454007	5.5994115
5.4967308	0.52293473	-10.378332	5.6405516
5.4749012	0.52422339	-10.454007	5.6364374
5.4671044	0.52647853	-10.443076	5.6323233
5.4390383	0.54000938	-10.46662	5.6446657
5.4203267	0.54194236	-10.496891	5.6323233
5.4047341	0.55128503	-10.451485	5.6775775
5.3984971	0.54999638	-10.468302	5.6364374
5.367312	0.55386233	-10.469984	5.6240954
5.3532782	0.54774123	-10.474188	5.6199813
5.3314481	0.54613042	-10.446441	5.6652355
5.312737	0.55772829	-10.420374	5.6775775
5.2940259	0.54741907	-10.454007	5.6611218
5.2831111	0.53968722	-10.459894	5.6405516
5.258163	0.54129803	-10.459053	5.6652355
5.2503662	0.53517693	-10.491845	5.6528935
5.2238588	0.53710991	-10.374969	5.6652355
5.2067065	0.53839856	-10.475869	5.6570077
5.1848769	0.54516393	-10.453167	5.6693497
5.1708436	0.54741907	-10.441395	5.6405516
5.1536918	0.53066665	-10.461576	5.6282096
5.1318617	0.54000938	-10.453167	5.6858058
5.1131506	0.5480634	-10.471665	5.6652355
5.0928802	0.55128503	-10.467461	5.6652355
5.0679321	0.54902989	-10.451485	5.6487794
5.0492206	0.55579531	-10.459894	5.6899199
5.033628	0.55998343	-10.479233	5.6816916
5.0071206	0.54838556	-10.475869	5.6611218
4.9930873	0.5441975	-10.479233	5.6364374
4.9743757	0.53968722	-10.420374	5.6816916
4.9463091	0.53839856	-10.452326	5.6734638
4.9260387	0.54194236	-10.472507	5.6816916
4.9135647	0.54387534	-10.479233	5.6775775
4.8823791	0.54065371	-10.480914	5.6816916
4.8667865	0.54226452	-10.347221	5.6734638
4.8465157	0.53936505	-10.454007	5.6775775
4.8200083	0.53517693	-10.463257	5.6652355
4.8028564	0.53904289	-10.921515	5.6775775
4.7779083	0.54258668	-10.448963	5.6693497
4.7514005	0.54323101	-10.348903	5.6775775
4.7326894	0.55225152	-10.48596	5.6981478
4.7108598	0.55289584	-10.474188	5.6899199
4.690589	0.55321801	-10.467461	5.6816916
4.6656408	0.56094992	-10.45653	5.7228317
4.6500483	0.57061481	-10.443076	5.7187181
4.6095071	0.55966127	-10.464938	5.7063761
4.597033	0.5541845	-10.471665	5.7146039
4.5689664	0.55515099	-10.331245	5.7228317
4.5408998	0.55128503	-10.46662	5.7557435
4.5159512	0.53968722	-10.4456	5.7104897
4.4941216	0.54355317	-10.465779	5.7187181
4.47541	0.53936505	-10.475029	5.7022619
4.4520211	0.54226452	-10.469144	5.73106
4.427073	0.53775424	-10.469144	5.7228317
4.4021244	0.53421044	-10.459894	5.7269459
4.3834133	0.54484177	-10.463257	5.743402
4.3569059	0.54741907	-10.444759	5.7228317
4.32728	0.55643964	-10.471665	5.7392879
4.30545	0.56384939	-10.31611	5.7557435
4.2727056	0.56803751	-10.468302	5.7516294
4.2461977	0.5603056	-10.475029	5.7516294
4.2196903	0.55998343	-10.319473	5.7351742
4.1931829	0.56256074	-10.462417	5.7639713
4.1651158	0.55998343	-10.35563	5.7845416
4.1401677	0.5506407	-10.450644	5.7392879
4.1074228	0.54516393	-10.441395	5.7475152
4.0855932	0.5380764	-10.467461	5.7392879
4.0606451	0.5445196	-10.443918	5.7763133
4.0279007	0.54162019	-10.457372	5.7557435
4.0076299	0.54258668	-10.459053	5.7680855
3.9670889	0.54870772	-10.437191	5.7763133
3.9468184	0.55643964	-10.434669	5.7804275
3.9187517	0.55708396	-10.467461	5.7886558
3.8828888	0.57029265	-10.450644	5.8133397
3.8579404	0.56481588	-10.469144	5.7845416
3.8314328	0.56932616	-10.435509	5.83391
3.809603	0.56320506	-10.400194	5.7968836
3.7675028	0.55805045	-10.474188	5.8133397
3.7425544	0.569004	-10.454848	5.8174539
3.7207246	0.55901694	-10.452326	5.8009977
3.6895392	0.55386233	-10.479233	5.8092256
3.6583543	0.55869478	-10.348062	5.8380237
3.6365244	0.56868184	-10.472507	5.83391
3.6006613	0.56642669	-10.464938	5.8380237
3.5663574	0.56094992	-10.343858	5.8297958
3.535172	0.56223857	-10.468302	5.8380237
3.5024273	0.56159425	-10.472507	5.8750501
3.482157	0.55772829	-10.452326	5.8380237
3.4509716	0.56094992	-10.467461	5.8544798
3.4026344	0.56159425	-10.401035	5.8421378
3.3854823	0.57029265	-10.490164	5.8791642
3.3527377	0.57931316	-10.47671	5.8915062
3.3168745	0.5815683	-10.461576	5.8709359
3.2825708	0.58124614	-10.465779	5.8791642
3.2498262	0.58253479	-10.425419	5.9120765
3.2233186	0.57415861	-10.454007	5.8832779
3.2014887	0.56159425	-10.446441	5.8750501
3.1531515	0.56674886	-10.469984	5.9161901
3.1282032	0.56578237	-10.463257	5.8956203
3.097018	0.56256074	-10.470825	5.899734
3.0673919	0.569004	-10.45569	5.9491024
3.033088	0.56674886	-10.467461	5.9203043
3.0221732	0.56223857	-10.331245	5.8832779
2.9675987	0.56674886	-10.465779	5.9285321
2.9457693	0.56513804	-10.294249	5.9285321
2.9161432	0.55225152	-10.460734	5.9285321
2.8771613	0.56256074	-10.488482	5.9491024
2.8475351	0.56352723	-10.338813	5.9491024
2.8132312	0.56835967	-10.45653	5.9449883
2.7882833	0.56964833	-10.458212	5.9696727
2.7586572	0.57673585	-10.464098	5.9614444
2.7227941	0.57286996	-10.475029	5.9614444
2.6978457	0.57125914	-10.324518	5.9655585
2.6697788	0.56835967	-10.469984	5.9614444
2.6385934	0.57222563	-10.468302	5.9861288
2.6089675	0.57802451	-10.472507	5.9984708
2.5840192	0.57705802	-10.459894	5.9902425
2.5497153	0.57995749	-10.453167	6.0272689
2.5169706	0.57029265	-10.459894	5.9779005
2.4889038	0.57931316	-10.470825	6.0066986
2.4655151	0.58253479	-10.453167	6.0272689
2.4405668	0.58446777	-10.475029	6.0149269
2.4093814	0.58221263	-10.446441	6.0108128
2.3797553	0.58253479	-10.491005	6.0478392
2.3485701	0.5902667	-10.468302	6.0354967
2.331418	0.58027965	-10.321156	6.0108128
2.2986736	0.57673585	-10.461576	6.0272689
2.2628105	0.57480294	-10.475029	6.043725
2.2394214	0.57609159	-10.467461	6.0807514
2.2113545	0.57319212	-10.465779	6.068409
2.1848471	0.57286996	-10.444759	6.0807514
2.161458	0.57061481	-10.444759	6.0807514
2.1396284	0.58543426	-10.485119	6.1260056
2.1146801	0.57931316	-10.471665	6.1095495
2.0881724	0.57480294	-10.470825	6.0848651
2.055428	0.56578237	-10.319473	6.0972071
2.0273612	0.56320506	-10.454007	6.1177773
2.0086501	0.57125914	-10.478392	6.1054354
1.9805832	0.57738018	-10.491845	6.1424613
1.9525163	0.58092397	-10.467461	6.1342335
1.9369237	0.58414561	-10.460734	6.1506896
1.9041791	0.57931316	-10.458212	6.1342335
1.8917049	0.58124614	-10.465779	6.1630311
1.8574011	0.58124614	-10.300975	6.158917
1.8496048	0.57770234	-10.468302	6.1424613
1.8199787	0.57931316	-10.377492	6.1671448
1.7903527	0.58607858	-10.482595	6.1959429
1.7778785	0.58317912	-10.475029	6.2165132
1.7529303	0.57770234	-10.442237	6.1959429
1.7264228	0.58124614	-10.444759	6.200057
1.7030338	0.5815683	-10.461576	6.2082853
1.6921189	0.5815683	-10.452326	6.2370834
1.6562558	0.58704507	-10.45569	6.2576532
1.6406631	0.59155536	-10.35647	6.2453113
1.6219521	0.58446777	-10.444759	6.2329693
1.6125964	0.59799862	-10.469984	6.2658815
1.581411	0.59155536	-10.45653	6.2699957
1.5611405	0.6025089	-10.458212	6.2741094
1.5408702	0.59477699	-10.328723	6.2576532
1.5190405	0.59767646	-10.458212	6.3234777
1.5034478	0.5999316	-10.454007	6.2823377
1.4894145	0.59767646	-10.414488	6.3029075
1.4707032	0.59123319	-10.488482	6.3111358
1.4488734	0.59348834	-10.457372	6.331706
1.4363995	0.58640075	-10.451485	6.3275919
1.4020956	0.59155536	-10.442237	6.331706
1.3896214	0.59542131	-10.370765	6.3646178
1.3802657	0.59413266	-10.448963	6.3481617
1.3553176	0.6060527	-10.454848	6.3851881
1.335047	0.59219968	-10.458212	6.3605042
1.3210137	0.60122025	-10.450644	6.4098721
1.3069804	0.58994454	-10.442237	6.3893023
1.2867099	0.60218674	-10.483438	6.4139862
1.2851505	0.60379755	-10.451485	6.3934159
1.2555245	0.61442888	-10.453167	6.4427843
1.2336948	0.61990565	-10.448122	6.4551263
1.2258985	0.61539537	-10.350584	6.4139862
1.2149836	0.61797267	-10.475869	6.4345565
1.1915946	0.61926132	-10.482595	6.4592404
1.1822391	0.60959649	-10.399353	6.4551263
1.1744428	0.60830784	-10.454848	6.4880385
1.1494945	0.61765051	-10.442237	6.5086088
1.1292239	0.61475104	-10.475029	6.4962668
1.1183091	0.6124959	-10.472507	6.4756966
1.0995979	0.61088508	-10.448963	6.512723
1.0933609	0.6124959	-10.454007	6.5209508
1.0871239	0.60186458	-10.46662	6.5291791
1.0668534	0.59735429	-10.440554	6.5209508
1.0543793	0.60283107	-10.450644	6.5332928
1.0372273	0.61700618	-10.317792	6.5950027
1.0341088	0.61410671	-10.468302	6.5497489
1.012279	0.62312728	-10.475029	6.5908885
1.006042	0.62054998	-10.45653	6.5703192
0.98265302	0.62280512	-10.471665	6.6073446
0.96238261	0.6247381	-10.415329	6.6238008
0.96082336	0.62602675	-10.447281	6.6279149
0.95770478	0.61152941	-10.460734	6.5991163
0.94834918	0.5999316	-10.494368	6.5991163
0.93119729	0.61024076	-10.46662	6.6361427
0.91404539	0.61475104	-10.459894	6.656713
0.90468979	0.62216079	-10.462417	6.6772828
0.90001196	0.60959649	-10.458212	6.6978531
0.88441932	0.61700618	-10.388422	6.681397
0.87038594	0.62602675	-10.474188	6.7019672
0.85791183	0.62924838	-10.451485	6.7266512
0.86570811	0.62538242	-10.439713	6.6978531
0.83452284	0.62924838	-10.446441	6.7266512
0.83452284	0.63247001	-10.432987	6.7060809
0.81893015	0.6334365	-10.463257	6.7513356
0.80489683	0.64632297	-10.424579	6.7677913
0.80489683	0.64084625	-10.438872	6.7595634
0.79554123	0.64116842	-10.45653	6.7719054
0.78462631	0.64052409	-10.461576	6.7965899
0.77683008	0.64374572	-10.47671	6.7883615
0.76279664	0.63569164	-10.469144	6.8048177
0.74720401	0.63665813	-10.430465	6.8212738
0.75344104	0.62022781	-10.477551	6.8212738
0.74252617	0.61958349	-10.37581	6.7924757
0.74252617	0.62151647	-10.485119	6.8130455
0.72069651	0.63279217	-10.425419	6.8500719
0.71757793	0.62957054	-10.384218	6.8212738
0.70822233	0.63472515	-10.441395	6.8583002
0.70978159	0.6421349	-10.461576	6.8583002
0.69262969	0.63118136	-10.438872	6.8377299
0.68483335	0.63826895	-10.46662	6.866528
0.68015558	0.63053703	-10.447281	6.8583002
0.68327409	0.63053703	-10.442237	6.8583002
0.66456294	0.63118136	-10.46662	6.8953261
0.66144443	0.63891327	-10.494368	6.8870983
0.64585173	0.63504732	-10.454007	6.9035544
0.63805544	0.63762462	-10.40692	6.9035544
0.64273316	0.62602675	-10.488482	6.8953261
0.62714052	0.62602675	-10.480914	6.9282384
0.62869984	0.63375866	-10.486801	6.9323525
0.61778492	0.64632297	-10.458212	6.9693785
0.6037516	0.65695435	-10.443918	6.9940629
0.60531086	0.65437704	-10.48596	6.9611506
0.59439594	0.65341055	-10.465779	6.9817204
0.6037516	0.65695435	-10.417851	6.9817204
0.59127748	0.64632297	-10.458212	6.9693785
0.57412553	0.64664513	-10.376651	6.9940629
0.57256627	0.65051109	-10.421215	6.9858346
0.57256627	0.65437704	-10.451485	7.0064049
0.5694477	0.65631002	-10.45653	7.0393162
0.55385506	0.65598786	-10.467461	7.0393162
0.56476992	0.65373272	-10.458212	7.0187469
0.55385506	0.64761162	-10.47671	7.0475445
0.53826243	0.64245707	-10.434669	7.035202
0.53826243	0.64406788	-10.698692	7.0475445
0.53982168	0.64471221	-10.474188	7.0557723
0.52890682	0.65244406	-10.483438	7.0845704
0.52578831	0.65276623	-10.438032	7.0886846
0.51799196	0.64696729	-10.469984	7.0804563
0.5070771	0.65985382	-10.436351	7.1051407
0.50395858	0.66823006	-10.465779	7.1174827
0.50863642	0.66887438	-10.469144	7.1133685
0.50863642	0.6704852	-10.443076	7.1257105
0.50863642	0.66307545	-10.463257	7.1051407
0.50239933	0.67531765	-10.440554	7.1545091
0.49772155	0.66855222	-10.440554	7.1051407
0.48524743	0.66951871	-10.459894	7.1339388
0.49460301	0.66887438	-10.452326	7.1215968
0.48524743	0.65792084	-10.429624	7.1298246
0.48212889	0.6556657	-10.479233	7.1462808
0.48524743	0.64922243	-10.461576	7.1298246
0.46809548	0.65083325	-10.45653	7.179193
0.46341768	0.65759867	-10.376651	7.1750789
0.45873991	0.65920949	-10.436351	7.1956491
0.45873991	0.67209601	-10.463257	7.2244473
0.45718065	0.66661924	-10.467461	7.1956491
0.46653622	0.6704852	-10.467461	7.203877
0.45718065	0.66887438	-10.423738	7.2121053
0.45718065	0.66726357	-10.464098	7.2203331
0.44626576	0.66887438	-10.459053	7.2409034
0.45250285	0.66855222	-10.467461	7.2162194
0.43535089	0.6791836	-10.453167	7.2409034
0.43535089	0.69110358	-10.901334	7.2573595
0.42911386	0.67950577	-10.458212	7.2614737
0.43067312	0.67596197	-10.457372	7.2367892
0.44002873	0.67402899	-10.501936	7.2697015
0.42443606	0.66726357	-10.47671	7.2614737
0.42911386	0.67370683	-10.440554	7.2655873
0.43067312	0.66629708	-10.447281	7.2655873
0.42287678	0.67725062	-10.468302	7.2820435
0.42131752	0.67886144	-10.475029	7.2902718
0.41975826	0.68208301	-10.46662	7.3190699
0.42755461	0.68659329	-10.395989	7.2984996
0.40728414	0.6891706	-10.454848	7.3190699
0.418199	0.68111658	-10.443076	7.3149557
0.41663975	0.67499548	-10.41701	7.2984996
0.40104708	0.67499548	-10.454007	7.3272977
0.40416563	0.68433815	-10.42626	7.3314118
0.40260637	0.68723762	-10.459053	7.3272977
0.4088434	0.67886144	-10.469144	7.3190699
0.40728414	0.68015009	-10.700374	7.3314118
0.40104708	0.67886144	-10.471665	7.335526
0.39948782	0.68594897	-10.468302	7.3972363
0.40416563	0.68401599	-10.469984	7.3560958
0.40260637	0.67628413	-10.460734	7.3396397
0.39792857	0.658243	-10.402717	7.3437538
0.40572491	0.65856516	-10.470825	7.3931222
0.39013225	0.65373272	-10.458212	7.3560958
0.38545445	0.67177385	-10.471665	7.4260345
0.38389516	0.68820411	-10.449803	7.4301486
0.38545445	0.6891706	-10.438872	7.3972363
0.39325073	0.68337166	-10.47671	7.3931222
0.39325073	0.68176085	-10.461576	7.3931222
0.38857296	0.68337166	-10.468302	7.4342623
0.38857296	0.68240517	-10.42626	7.40135
0.39948782	0.67628413	-10.383377	7.3848944
0.39325073	0.67467332	-10.468302	7.3972363
0.37765813	0.67982793	-10.469144	7.4342623
0.38389516	0.67338467	-10.408603	7.4260345
0.3823359	0.67402899	-10.436351	7.4383764
0.37921739	0.67370683	-10.49521	7.4342623
0.38545445	0.68498248	-10.487641	7.4671745
0.3823359	0.68498248	-10.454848	7.4383764
0.36830249	0.69335872	-10.372446	7.4671745
0.38545445	0.67338467	-10.46662	7.4301486
0.37765813	0.68530464	-10.459894	7.4877448
0.37298033	0.68433815	-10.462417	7.4424906
0.37765813	0.68755978	-10.439713	7.4671745
0.37921739	0.68240517	-10.388422	7.4424906
0.36830249	0.68079442	-10.461576	7.4589467
0.36830249	0.6917479	-10.465779	7.4836307
0.37142104	0.69464737	-10.480914	7.4671745
0.36830249	0.69722468	-10.469984	7.4836307
0.37765813	0.6891706	-10.401035	7.491859
0.37453958	0.68788195	-10.469984	7.4795165
0.36986178	0.68272734	-10.45569	7.4548326
0.37921739	0.67370683	-10.436351	7.491859
0.38077661	0.67628413	-10.459894	7.5000858
0.35582837	0.67145169	-10.23539	7.4959726
0.36518401	0.68047225	-10.438032	7.5124283
0.35738766	0.68015009	-10.421215	7.5124283
0.36674324	0.6791836	-10.448122	7.4959726
0.36362472	0.69496953	-10.510345	7.5535684
0.36830249	0.697869	-10.441395	7.5453401
0.36674324	0.7014128	-10.460734	7.5659103
0.37921739	0.69368088	-10.47671	7.5247703
0.37453958	0.68143874	-10.485119	7.5288844
0.36206546	0.69690251	-10.478392	7.5782523
0.36362472	0.7014128	-10.417851	7.5741386
0.36830249	0.69464737	-10.468302	7.5371122
0.37298033	0.68272734	-10.465779	7.5329981
0.35426912	0.68949276	-10.357311	7.6029367
0.35426912	0.70560092	-10.467461	7.6193929
0.35738766	0.70173496	-10.397672	7.5864806
0.36050621	0.70302361	-10.470825	7.5864806
0.37765813	0.69400305	-10.465779	7.5453401
0.36830249	0.68884844	-10.86686	7.5782523
0.36050621	0.69464737	-10.448963	7.6070504
0.35894692	0.68949276	-10.367401	7.6029367
0.35894692	0.69110358	-10.427101	7.6317348
0.36050621	0.68981493	-10.460734	7.5823665
0.36050621	0.70366794	-10.385059	7.6235065
0.36518401	0.69432521	-10.475869	7.5947084
0.35738766	0.69883549	-10.45653	7.6317348
0.36518401	0.70882255	-10.479233	7.6317348
0.36674324	0.71139985	-10.485119	7.6235065
0.36050621	0.71301067	-10.390945	7.6523046
0.36206546	0.7101112	-10.473348	7.6769891
0.35582837	0.71848744	-10.448122	7.6728749
0.36050621	0.71784312	-10.464938	7.660533
0.36362472	0.71236634	-10.489323	7.6769891
0.35426912	0.7014128	-10.451485	7.6523046
0.35894692	0.68498248	-10.458212	7.6440768
0.36206546	0.68627113	-10.452326	7.6564188
0.34803209	0.70495659	-10.472507	7.701673
0.34959134	0.70688957	-10.453167	7.7263575
0.35738766	0.71301067	-10.435509	7.6893311
0.35270989	0.71719879	-10.464098	7.6893311
0.36050621	0.71365499	-10.498572	7.6934452
0.36518401	0.70946687	-10.490164	7.660533
0.35894692	0.70463443	-10.45653	7.6852169
0.35270989	0.71043336	-10.421215	7.714015
0.36518401	0.71462148	-10.448122	7.7181292
0.36830249	0.70882255	-10.470825	7.6934452
0.35582837	0.70624524	-10.42626	7.7099013
0.35426912	0.71462148	-10.493526	7.7469273
0.35738766	0.71784312	-10.436351	7.7510414
0.3511506	0.71107769	-10.4456	7.7222433
0.34803209	0.70366794	-10.477551	7.7222433
0.35582837	0.69142574	-10.427101	7.7263575
0.35582837	0.69432521	-10.505299	7.7633834
0.35894692	0.70785606	-10.28584	7.7428136
0.3511506	0.70495659	-10.460734	7.7345853
0.36830249	0.71268851	-10.477551	7.7469273
0.35582837	0.7226755	-10.444759	7.7716117
0.35894692	0.7200982	-10.471665	7.7386994
0.36050621	0.71526581	-10.475869	7.7428136
0.36674324	0.70817822	-10.489323	7.7428136
0.35426912	0.70850039	-10.454848	7.7345853
0.35270989	0.71333283	-10.389263	7.7469273
0.3464728	0.7075339	-10.451485	7.7181292
0.35270989	0.71139985	-10.441395	7.7921815
0.3511506	0.7075339	-10.470825	7.7592692
0.34803209	0.70978904	-10.469144	7.7880678
0.36050621	0.70721173	-10.464938	7.7921815
0.35738766	0.70205712	-10.469144	7.7921815
0.36206546	0.70785606	-10.469984	7.7880678
0.35582837	0.70592308	-10.475869	7.7798395
0.34959134	0.71268851	-10.492686	7.8250937
0.33867648	0.71752095	-10.442237	7.8127518
0.36050621	0.71107769	-10.471665	7.7921815
0.36518401	0.7101112	-10.467461	7.7921815
0.35738766	0.70334578	-10.454848	7.7551556
0.35426912	0.71752095	-10.47671	7.8374357
0.35426912	0.7188096	-10.462417	7.8250937
0.34491354	0.73072958	-10.464098	7.8497782
0.3511506	0.72654146	-10.488482	7.7962956
0.35738766	0.72074252	-10.410284	7.7921815
0.35582837	0.71236634	-10.4456	7.8209796
0.35270989	0.71816528	-10.368242	7.8497782
0.35426912	0.70688957	-10.442237	7.8250937
0.35894692	0.70721173	-10.464938	7.8250937
0.36362472	0.70173496	-10.35563	7.7880678
0.3464728	0.69915766	-10.479233	7.8209796
0.36050621	0.69980198	-10.478392	7.8374357
0.35426912	0.7075339	-10.435509	7.8538918
0.34959134	0.7188096	-10.468302	7.870348
0.36518401	0.70527875	-10.327882	7.858006
0.35426912	0.70785606	-10.481755	7.8909183
0.34959134	0.70817822	-10.475869	7.870348
0.35738766	0.72074252	-10.471665	7.8744621
0.34959134	0.72299767	-10.451485	7.8744621
0.35426912	0.72428632	-10.449803	7.9032602
0.35270989	0.71687663	-10.4456	7.8744621
0.35738766	0.71719879	-10.480074	7.870348
0.35894692	0.71236634	-10.512026	7.8868041
0.34959134	0.72718579	-10.465779	7.8868041
0.35426912	0.71333283	-10.447281	7.8662338
0.35270989	0.71462148	-10.453167	7.8621202
0.36050621	0.70592308	-10.490164	7.88269
0.3511506	0.71687663	-10.329563	7.8909183
0.34959134	0.71848744	-10.463257	7.88269
0.3464728	0.72428632	-10.462417	7.9156022
0.35582837	0.7188096	-10.442237	7.9361725
0.35270989	0.71655446	-10.492686	7.9032602
0.36518401	0.71429932	-10.353948	7.8950324
0.3511506	0.72074252	-10.448963	7.9279442
0.34959134	0.72686362	-10.463257	7.9361725
0.34335425	0.73298472	-10.343017	7.9320583
0.35894692	0.72911876	-10.480914	7.9032602
0.35738766	0.72654146	-10.436351	7.9114885
0.35426912	0.71752095	-10.475869	7.9197164
0.35582837	0.7188096	-10.448122	7.9361725
0.3511506	0.71365499	-10.385059	7.9197164
0.35894692	0.71687663	-10.479233	7.9361725
0.35582837	0.72042036	-10.80716	7.9238305
0.35426912	0.7200982	-10.464098	7.9526286
0.35738766	0.7200982	-10.479233	7.9485145
0.3464728	0.72460848	-10.377492	7.9649706
0.36362472	0.71172202	-10.449803	7.9156022
0.34335425	0.71977609	-10.447281	7.9567428
0.35894692	0.72203118	-10.475869	7.9608564
0.3464728	0.73072958	-10.46662	7.9773126
0.35270989	0.73556203	-10.279954	7.9444003
0.3511506	0.72911876	-10.434669	7.9485145
0.34803209	0.72042036	-10.474188	7.9361725
0.3464728	0.72783011	-10.461576	7.9690847
0.35270989	0.73395121	-10.474188	7.9567428
0.35894692	0.74264961	-10.433827	7.9773126
0.35582837	0.7323404	-10.45569	7.9567428
0.35894692	0.72428632	-10.452326	7.9649706
0.34803209	0.73588419	-10.479233	7.9814267
0.35582837	0.72557497	-10.464098	7.9731984
0.3511506	0.72331983	-10.41701	7.9731984
0.34959134	0.72557497	-10.437191	8.0061102
0.3511506	0.72911876	-10.45653	7.9896541
0.34959134	0.71687663	-10.469984	7.9567428
0.34959134	0.71719879	-10.435509	7.9731984
0.35582837	0.72299767	-10.41701	7.9855409
0.34803209	0.73330688	-10.467461	7.9978819
0.34803209	0.7323404	-10.458212	7.9937682
0.3511506	0.73878366	-10.4456	8.0102243
0.34959134	0.73201823	-10.475869	7.9773126
0.341795	0.73813933	-10.424579	8.0061102
0.35738766	0.7323404	-10.463257	7.9731984
0.35582837	0.7162323	-10.45653	7.9978819
0.35582837	0.73072958	-10.463257	8.0184517
0.34803209	0.71816528	-10.454007	7.9690847
0.34803209	0.72493064	-10.40608	7.9978819
0.36050621	0.71977609	-10.45569	8.02668
0.35582837	0.72364199	-10.477551	8.0143385
0.36362472	0.72235334	-10.347221	7.9937682
0.36206546	0.72299767	-10.462417	7.9937682
0.3464728	0.72460848	-10.338813	8.0102243
0.35270989	0.73813933	-10.457372	8.02668
0.34959134	0.73298472	-10.433827	8.0143385
0.34959134	0.7349177	-10.332087	8.0390224
0.35270989	0.74619341	-10.481755	8.0472507
0.35426912	0.7349177	-10.457372	8.0102243
0.34803209	0.74683774	-10.471665	8.0554781
0.36050621	0.72944093	-10.471665	8.0061102
0.35270989	0.73556203	-10.408603	8.0554781
0.3511506	0.73298472	-10.442237	8.0595922
0.3511506	0.71752095	-10.45569	8.0390224
0.35426912	0.72944093	-10.46662	8.0678205
0.35582837	0.72138685	-10.444759	8.0225658
0.3464728	0.72976309	-10.429624	8.0513639
0.35582837	0.73137391	-10.448963	8.0225658
0.36362472	0.73298472	-10.487641	8.0513639
0.36830249	0.72783011	-10.469984	7.9978819
0.36050621	0.7188096	-10.443076	8.0102243
0.35582837	0.72589713	-10.394308	8.0061102
0.34335425	0.73072958	-10.414488	8.0307941
0.36206546	0.73556203	-10.447281	8.0472507
0.35582837	0.73266256	-10.430465	8.02668
0.36206546	0.73910582	-10.49521	8.0472507
0.35426912	0.73910582	-10.402717	8.0925045
0.36206546	0.74136096	-10.50614	8.0431366
0.35270989	0.72847444	-10.454848	8.0307941
0.36518401	0.72525281	-10.465779	8.0349083
0.35738766	0.72460848	-10.471665	8.0431366
0.3511506	0.72235334	-10.332087	8.0307941
0.3511506	0.7226755	-10.432987	8.001996
0.34959134	0.70978904	-10.458212	8.02668
0.36362472	0.71236634	-10.485119	8.0143385
0.34803209	0.72106469	-10.451485	8.0307941
0.3464728	0.72783011	-10.438032	8.0513639
0.36050621	0.72911876	-10.461576	8.0637064
0.34959134	0.73685068	-10.480914	8.0678205
0.36050621	0.75102586	-10.40608	8.0678205
0.35582837	0.73749501	-10.463257	8.0184517
0.36206546	0.74071664	-10.475029	8.0349083
0.36518401	0.74071664	-10.459053	8.0513639
0.36362472	0.74232745	-10.482595	8.0349083
0.35270989	0.72750795	-10.317792	8.0184517
0.35426912	0.73330688	-10.457372	8.0390224
0.35894692	0.72042036	-10.464098	8.0143385
0.35270989	0.7226755	-10.449803	8.0431366
0.35582837	0.72331983	-10.489323	8.0472507
0.34803209	0.73008525	-10.413648	8.0637064
0.3464728	0.72138685	-10.46662	8.0390224
0.3464728	0.72364199	-10.471665	8.0554781
0.35894692	0.73523986	-10.480914	8.0349083
0.36830249	0.73427337	-10.491845	8.02668
0.35582837	0.72911876	-10.3859	8.02668
0.36362472	0.71945393	-10.471665	8.0143385
0.35582837	0.7188096	-10.433827	8.0513639
0.3511506	0.72299767	-10.452326	8.0390224
0.34803209	0.73523986	-10.430465	8.0513639
0.3511506	0.72944093	-10.311065	8.0061102
0.35426912	0.72911876	-10.479233	8.0431366
0.35894692	0.72847444	-10.488482	8.0143385
0.34959134	0.73105174	-10.473348	8.0513639
0.35582837	0.72847444	-10.485119	8.0390224
0.36206546	0.72331983	-10.739053	8.0431366
0.36830249	0.72235334	-10.472507	8.0390224
0.35270989	0.73072958	-10.46662	8.0472507
0.34803209	0.72750795	-10.45653	8.0390224
0.35894692	0.71107769	-10.454007	8.0307941
0.36050621	0.71526581	-10.440554	8.001996
0.35894692	0.72944093	-10.464098	8.0678205
0.34959134	0.74071664	-10.46662	8.0842762
0.35270989	0.74393827	-10.475029	8.0554781
0.36362472	0.73717284	-10.474188	8.0513639
0.36050621	0.7349177	-10.433827	8.0225658
0.35894692	0.74136096	-10.46662	8.0595922
0.35426912	0.73137391	-10.430465	8.0307941
0.36050621	0.73717284	-10.364038	8.0472507
0.35426912	0.73362905	-10.459053	8.0513639
0.35426912	0.73169607	-10.465779	8.1130743
0.35582837	0.71816528	-10.464098	8.0472507
0.36050621	0.71139985	-10.440554	8.0554781
0.36050621	0.71268851	-10.321996	8.0637064
0.3511506	0.73169607	-10.468302	8.1213026
0.36362472	0.72654146	-10.457372	8.0637064
0.35894692	0.71075553	-10.461576	8.0513639
0.36674324	0.71816528	-10.480914	8.0595922
0.3511506	0.72557497	-10.343017	8.080162
0.34959134	0.73717284	-10.45569	8.0883904
0.35894692	0.73523986	-10.414488	8.0678205
0.3464728	0.74329394	-10.452326	8.1130743
0.36050621	0.7471599	-10.489323	8.0842762
0.35270989	0.74554908	-10.454848	8.0760489
0.35582837	0.74587125	-10.473348	8.0966187
0.36050621	0.74329394	-10.45653	8.1007328
0.36362472	0.73105174	-10.446441	8.0719347
0.35270989	0.73910582	-10.451485	8.0966187
0.36674324	0.72364199	-10.457372	8.0554781
0.35426912	0.72428632	-10.432146	8.0719347
0.36206546	0.72364199	-10.474188	8.0431366
0.3464728	0.72557497	-10.436351	8.0637064
0.35582837	0.72750795	-10.444759	8.0554781
0.34959134	0.72557497	-10.333768	8.0883904
0.35426912	0.73975015	-10.484279	8.1213026
0.36050621	0.74200529	-10.461576	8.0925045
0.35738766	0.74490476	-10.478392	8.1007328
0.36050621	0.74458259	-10.494368	8.0842762
0.36050621	0.73556203	-10.305179	8.0554781
0.35426912	0.73298472	-10.457372	8.0678205
0.36674324	0.72976309	-10.473348	8.0472507
0.35582837	0.73523986	-10.467461	8.0883904
0.35426912	0.7349177	-10.454007	8.0719347
0.35894692	0.72203118	-10.256411	8.0431366
0.36362472	0.72815228	-10.469984	8.080162
0.35894692	0.7226755	-10.479233	8.0513639
0.35270989	0.71848744	-10.490164	8.0678205
0.36830249	0.72138685	-10.437191	8.0349083
0.35270989	0.73201823	-10.404398	8.0842762
0.35582837	0.74587125	-10.498572	8.080162
0.34803209	0.73523986	-10.45569	8.0719347
0.35270989	0.73427337	-10.305179	8.0513639
0.3511506	0.73975015	-10.460734	8.0842762
0.34959134	0.74426043	-10.41617	8.0719347
0.35894692	0.74136096	-10.459053	8.0719347
0.36206546	0.73556203	-10.421215	8.0513639
0.36362472	0.72847444	-10.422896	8.0719347
0.35738766	0.72170901	-10.464938	8.0349083
0.35582837	0.73459554	-10.580133	8.0554781
0.341795	0.73717284	-10.45653	8.0760489
0.35582837	0.73008525	-10.443918	8.0595922
0.35582837	0.72847444	-10.397672	8.0513639
0.36518401	0.71655446	-10.491845	8.0513639
0.36206546	0.71139985	-10.468302	8.0513639
0.35582837	0.72654146	-10.484279	8.080162
0.35270989	0.73137391	-10.461576	8.0883904
0.34803209	0.73652852	-10.448963	8.0842762
0.36830249	0.73523986	-10.45653	8.080162
0.34959134	0.7436161	-10.4456	8.0966187
0.35426912	0.73813933	-10.460734	8.0719347
0.35738766	0.7226755	-10.441395	8.02668
0.35738766	0.71913177	-10.260614	8.0513639
0.35426912	0.7287966	-10.465779	8.0678205
0.34803209	0.7287966	-10.459894	8.0719347
0.35270989	0.72235334	-10.454848	8.0719347
0.35738766	0.72557497	-10.464938	8.0925045
0.34491354	0.73330688	-10.465779	8.1007328
0.36050621	0.73298472	-10.485119	8.0678205
0.35270989	0.73266256	-10.442237	8.0719347
0.35582837	0.74039447	-10.480914	8.104847
0.35738766	0.72525281	-10.439713	8.0349083
0.35426912	0.73137391	-10.335449	8.0678205
0.35270989	0.72750795	-10.472507	8.0554781
0.34803209	0.73813933	-10.443918	8.0925045
0.3511506	0.73040742	-10.373287	8.0513639
0.35894692	0.72364199	-10.444759	8.0390224
0.35582837	0.72976309	-10.478392	8.080162
0.36206546	0.72718579	-10.470825	8.0472507
0.34959134	0.72654146	-10.428782	8.0554781
0.35270989	0.73298472	-10.432987	8.080162
0.35270989	0.73652852	-10.437191	8.0925045
0.35582837	0.73813933	-10.461576	8.080162
0.34959134	0.74007231	-10.459894	8.0554781
0.3464728	0.73620635	-10.450644	8.0637064
0.35582837	0.74426043	-10.369924	8.1130743
0.36362472	0.73362905	-10.454007	8.0719347
0.3464728	0.72718579	-10.442237	8.0883904
0.35738766	0.7226755	-10.458212	8.0472507
0.34803209	0.73169607	-10.451485	8.1336451
0.35270989	0.72654146	-10.323677	8.0637064
0.35426912	0.71752095	-10.437191	8.0719347
0.35894692	0.71494365	-10.472507	8.0883904
0.35426912	0.71945393	-10.483438	8.0678205
0.341795	0.72364199	-10.45653	8.0678205
0.34803209	0.72364199	-10.329563	8.080162
0.35582837	0.7188096	-10.479233	8.0719347
0.35582837	0.72557497	-10.461576	8.0719347
0.35270989	0.7226755	-10.474188	8.0595922
0.3464728	0.74039447	-10.464938	8.1089611
0.34335425	0.73523986	-10.322837	8.1171885
0.3464728	0.73652852	-10.437191	8.1007328
0.35894692	0.72557497	-10.485119	8.0719347
0.34959134	0.73588419	-10.488482	8.1130743
0.35270989	0.73008525	-10.47671	8.0842762
0.34023574	0.73910582	-10.343017	8.1213026
0.3464728	0.74264961	-10.443918	8.1171885
0.35270989	0.74554908	-10.463257	8.1007328
0.36206546	0.73266256	-10.390945	8.0637064
0.36050621	0.72557497	-10.469144	8.0678205
0.35426912	0.74039447	-10.367401	8.1089611
0.34335425	0.73813933	-10.449803	8.0925045
0.35582837	0.73942798	-10.444759	8.1007328
0.36206546	0.73523986	-10.334609	8.080162
0.34803209	0.7410388	-10.465779	8.1007328
0.34803209	0.74039447	-10.463257	8.0966187
0.341795	0.74522692	-10.463257	8.1007328
0.35738766	0.75650263	-10.474188	8.1254168
0.34335425	0.75005937	-10.448122	8.0925045
0.36518401	0.72911876	-10.474188	8.1089611
0.35894692	0.7323404	-10.479233	8.1213026
0.34023574	0.73523986	-10.454007	8.1295309
0.34491354	0.74877071	-10.457372	8.1336451
0.35894692	0.73942798	-10.415329	8.0966187
0.3511506	0.75070369	-10.487641	8.1254168
0.36050621	0.73620635	-10.474188	8.0637064
0.35426912	0.75295883	-10.488482	8.1130743
0.35426912	0.74812639	-10.462417	8.1254168
0.3464728	0.75392532	-10.432987	8.1254168
0.34803209	0.74039447	-10.485119	8.0966187
0.36206546	0.73427337	-10.469144	8.0678205
0.34959134	0.73846149	-10.465779	8.1295309
0.34023574	0.74619341	-10.444759	8.1213026
0.35582837	0.74168313	-10.430465	8.1254168
0.3464728	0.74780422	-10.471665	8.1295309
0.35426912	0.73330688	-10.46662	8.1089611
0.34803209	0.72460848	-10.483438	8.1007328
0.35582837	0.71494365	-10.463257	8.0842762
0.341795	0.71139985	-10.324518	8.1336451
0.3511506	0.72235334	-10.45653	8.1254168
0.3511506	0.73105174	-10.473348	8.104847
0.34335425	0.73942798	-10.451485	8.1007328
0.34803209	0.7349177	-10.477551	8.1007328
0.35270989	0.74297178	-10.392627	8.104847
0.3511506	0.74812639	-10.45653	8.1171885
0.34959134	0.7497372	-10.472507	8.1007328
0.34803209	0.75263667	-10.373287	8.1377592
0.35582837	0.75811344	-10.45653	8.1130743
0.35270989	0.75811344	-10.45653	8.1089611
0.35426912	0.74812639	-10.451485	8.0966187
0.36362472	0.73072958	-10.470825	8.0966187
0.35426912	0.73266256	-10.259773	8.1171885
0.36050621	0.72170901	-10.452326	8.1213026
0.35582837	0.73459554	-10.475029	8.1542149
0.35270989	0.73298472	-10.446441	8.1213026
0.34335425	0.73201823	-10.461576	8.1254168
0.35426912	0.74168313	-10.399353	8.1130743
0.3464728	0.74007231	-10.473348	8.1377592
0.35426912	0.73266256	-10.460734	8.1171885
0.35738766	0.73072958	-10.479233	8.1130743
0.3511506	0.7436161	-10.49521	8.1624432
0.34335425	0.74264961	-10.392627	8.1501007
0.34335425	0.76133502	-10.458212	8.2118111
0.35582837	0.75360316	-10.484279	8.1706715
0.34803209	0.76133502	-10.457372	8.2118111
0.35426912	0.7558583	-10.473348	8.2200394
0.35426912	0.75263667	-10.792026	8.2159252
0.35894692	0.74877071	-10.289204	8.2118111
0.34959134	0.73266256	-10.438032	8.2282677
0.34803209	0.7323404	-10.395989	8.2529516
0.3511506	0.7323404	-10.446441	8.2282677
0.35738766	0.73459554	-10.474188	8.2447233
0.34803209	0.73878366	-10.45653	8.2447233
0.3511506	0.7287966	-10.450644	8.2447233
0.35738766	0.7226755	-10.865179	8.2159252
0.34803209	0.73588419	-10.467461	8.2282677
0.35270989	0.74554908	-10.446441	8.2611799
0.3464728	0.7497372	-10.381696	8.2694073
0.34959134	0.75746912	-10.470825	8.2652931
0.35738766	0.7471599	-10.450644	8.2282677
0.341795	0.753281	-10.463257	8.2488375
0.35894692	0.74844855	-10.451485	8.2035828
0.35426912	0.75134802	-10.417851	8.2241535
0.35738766	0.74748206	-10.460734	8.2282677
0.35270989	0.73717284	-10.441395	8.2406092
0.36050621	0.7410388	-10.474188	8.2323809
0.3511506	0.74039447	-10.459894	8.2118111
0.34335425	0.74329394	-10.376651	8.236495
0.34959134	0.75038153	-10.46662	8.2529516
0.34491354	0.75682479	-10.471665	8.2323809
0.34335425	0.75263667	-10.489323	8.2447233
0.35270989	0.753281	-10.469144	8.2200394
0.36362472	0.73652852	-10.464098	8.1747847
0.34335425	0.75038153	-10.442237	8.2159252
0.34803209	0.75779128	-10.470825	8.183013
0.33555797	0.75811344	-10.435509	8.2241535
0.34959134	0.74200529	-10.451485	8.2159252
0.35270989	0.74200529	-10.68608	8.1953554
0.35582837	0.75456965	-10.48596	8.2241535
0.34491354	0.74232745	-10.453167	8.1912413
0.33399868	0.74458259	-10.45653	8.2241535
0.35270989	0.73813933	-10.464098	8.1871271
0.35738766	0.73975015	-10.477551	8.2035828
0.35426912	0.73459554	-10.469984	8.2076969
0.3464728	0.74941504	-10.469144	8.2447233
0.34803209	0.75714695	-10.478392	8.2159252
0.34803209	0.74941504	-10.443918	8.2118111
0.35270989	0.75424749	-10.658332	8.2282677
0.36518401	0.74168313	-10.458212	8.1788988
0.35738766	0.74619341	-10.475869	8.2282677
0.35894692	0.74780422	-10.443076	8.2159252
0.33867648	0.75618047	-10.443076	8.2611799
0.34335425	0.74490476	-10.938332	8.2241535
0.35582837	0.74426043	-10.461576	8.1912413
0.3511506	0.75038153	-10.488482	8.2035828
0.3511506	0.75779128	-10.442237	8.2447233
0.3464728	0.75907993	-10.465779	8.2159252
0.3511506	0.75779128	-10.408603	8.2241535
0.35582837	0.75167018	-10.481755	8.2323809
0.36050621	0.74039447	-10.459894	8.2159252
0.34803209	0.73685068	-10.371606	8.2159252
0.35426912	0.73588419	-10.451485	8.2118111
0.3464728	0.72686362	-10.471665	8.1953554
0.34335425	0.73169607	-10.454848	8.2241535
0.35426912	0.73201823	-10.484279	8.2159252
0.3464728	0.74812639	-10.474188	8.2200394
0.3511506	0.75746912	-10.47671	8.2529516
0.35894692	0.75714695	-10.482595	8.2035828
0.35582837	0.75231451	-10.468302	8.2241535
0.3464728	0.75907993	-10.489323	8.2611799
0.34959134	0.75199234	-10.40692	8.2406092
0.34803209	0.75134802	-10.450644	8.2200394
0.35426912	0.74554908	-10.471665	8.2118111
0.35738766	0.74007231	-10.459894	8.2282677
0.34335425	0.7497372	-10.448963	8.2570658
0.34023574	0.7436161	-10.373287	8.2241535
0.3464728	0.75038153	-10.434669	8.2488375
0.36050621	0.75424749	-10.49521	8.2323809
0.34959134	0.74651557	-10.490164	8.2488375
0.35582837	0.74780422	-10.493526	8.2323809
0.35894692	0.7287966	-10.417851	8.2035828
0.36206546	0.73330688	-10.453167	8.2241535
0.3464728	0.73942798	-10.432146	8.236495
0.35426912	0.73878366	-10.421215	8.2200394
0.3511506	0.73427337	-10.459053	8.2159252
0.35426912	0.74007231	-10.442237	8.2282677
0.3511506	0.74587125	-10.488482	8.2323809
0.33711722	0.74200529	-10.464938	8.2529516
0.35582837	0.75231451	-10.390103	8.2488375
0.35738766	0.75521398	-10.494368	8.2694073
0.3511506	0.76069069	-10.350584	8.2735214
0.34959134	0.76294583	-10.459894	8.2529516
0.3511506	0.75360316	-10.448122	8.236495
0.35582837	0.74522692	-10.431305	8.2570658
0.35738766	0.73395121	-10.474188	8.2118111
0.34335425	0.72911876	-10.451485	8.2323809
0.34959134	0.7323404	-10.430465	8.2282677
0.34959134	0.73749501	-10.461576	8.2611799
0.34803209	0.74136096	-10.723917	8.2406092
0.34335425	0.76036853	-10.473348	8.289978
0.35582837	0.7594021	-10.477551	8.2447233
0.35582837	0.76294583	-10.484279	8.2611799
0.35426912	0.75456965	-10.447281	8.2282677
0.35426912	0.74426043	-10.441395	8.236495
0.35894692	0.73298472	-10.459894	8.2200394
0.35270989	0.7287966	-10.45569	8.2282677
0.34959134	0.74200529	-10.432146	8.2488375
0.3511506	0.73040742	-10.447281	8.2035828
0.3464728	0.74554908	-10.434669	8.2858639
0.35426912	0.74329394	-10.462417	8.236495
0.341795	0.753281	-10.489323	8.2858639
0.34959134	0.75005937	-10.46662	8.2529516
0.34803209	0.74844855	-10.448122	8.2858639
0.35894692	0.75618047	-10.450644	8.2570658
0.34959134	0.74780422	-10.421215	8.2159252
0.3511506	0.73975015	-10.460734	8.2035828
0.36050621	0.73942798	-10.438032	8.236495
0.34803209	0.74909288	-10.462417	8.2694073
0.3464728	0.75843561	-10.454848	8.2817497
0.36050621	0.75553614	-10.4456	8.2282677
0.3511506	0.75231451	-10.454848	8.2611799
0.3511506	0.75263667	-10.443918	8.2529516
0.3464728	0.75907993	-10.434669	8.2694073
0.3511506	0.75875777	-10.446441	8.2529516
0.35426912	0.75618047	-10.460734	8.2323809
0.36362472	0.76069069	-10.496049	8.2735214
0.35738766	0.75360316	-10.452326	8.2735214
0.35270989	0.74812639	-10.458212	8.2982054
0.34803209	0.74393827	-10.464938	8.2652931
0.36050621	0.74007231	-10.475869	8.2406092
0.35426912	0.753281	-10.480914	8.2858639
0.3464728	0.75456965	-10.448122	8.289978
0.3464728	0.75746912	-10.446441	8.2776356
0.3511506	0.75714695	-10.4456	8.2694073
0.34335425	0.75521398	-10.490164	8.2611799
0.34803209	0.75295883	-10.468302	8.2817497
0.34803209	0.74812639	-10.464098	8.2159252
0.34335425	0.75360316	-10.454007	8.2529516
0.34023574	0.74232745	-10.470825	8.2159252
0.34803209	0.75907993	-10.475869	8.2406092
0.35738766	0.76133502	-10.464938	8.2735214
0.35582837	0.76681179	-10.463257	8.2940912
0.35894692	0.76326799	-10.369924	8.2776356
0.37609884	0.74619341	-10.439713	8.2118111
0.38077661	0.74587125	-10.477551	8.2035828
0.36362472	0.74168313	-10.311906	8.236495
0.36206546	0.74136096	-10.434669	8.2529516
0.37609884	0.74039447	-10.376651	8.2323809
0.37921739	0.73395121	-10.46662	8.2200394
0.37921739	0.74748206	-10.490164	8.289978
0.37142104	0.75521398	-10.730643	8.2982054
0.36830249	0.76423448	-10.459894	8.3064337
0.37453958	0.77164423	-10.440554	8.2858639
0.38389516	0.75682479	-10.469984	8.2323809
0.38545445	0.73813933	-10.45653	8.2652931
0.39169151	0.74297178	-10.490164	8.2488375
0.38077661	0.7471599	-10.444759	8.2652931
0.37921739	0.76101285	-10.46662	8.2940912
0.38857296	0.76520097	-10.469144	8.289978
0.38389516	0.75746912	-10.478392	8.2570658
0.39325073	0.74007231	-10.458212	8.2406092
0.38389516	0.73169607	-10.434669	8.2406092
0.39013225	0.73137391	-10.436351	8.2406092
0.38545445	0.73330688	-10.422896	8.2652931
0.3870137	0.7323404	-10.443076	8.2406092
0.3823359	0.74458259	-10.453167	8.2940912
0.39013225	0.74748206	-10.472507	8.236495
0.38389516	0.74071664	-10.491845	8.2323809
0.39481002	0.74683774	-10.480074	8.2406092
0.3823359	0.75231451	-10.472507	8.2776356
0.39013225	0.7497372	-10.485119	8.2529516
0.3870137	0.74619341	-10.432146	8.2570658
0.38077661	0.74587125	-10.467461	8.2529516
0.39013225	0.74619341	-10.333768	8.314662
0.3870137	0.75650263	-10.471665	8.2982054
0.38389516	0.75360316	-10.475029	8.2735214
0.39481002	0.75360316	-10.45653	8.2570658
0.39636928	0.73942798	-10.459053	8.2858639
0.3870137	0.73813933	-10.450644	8.2570658
0.39013225	0.73749501	-10.432146	8.2817497
0.3870137	0.74232745	-10.444759	8.2776356
0.38545445	0.74522692	-10.436351	8.2488375
0.39169151	0.73620635	-10.472507	8.2406092
0.39169151	0.73781717	-10.432146	8.2570658
0.39325073	0.74329394	-10.470825	8.2529516
0.3823359	0.75392532	-10.451485	8.2858639
0.38389516	0.7658453	-10.451485	8.314662
0.38857296	0.75263667	-10.443918	8.2694073
0.39169151	0.75038153	-10.464098	8.289978
0.38857296	0.75102586	-10.469984	8.2817497
0.38545445	0.74844855	-10.433827	8.2611799
0.3870137	0.75682479	-10.46662	8.2940912
0.3870137	0.75779128	-10.434669	8.3475742
0.39481002	0.75811344	-10.477551	8.3023195
0.39169151	0.76101285	-10.480914	8.2940912
0.39013225	0.74587125	-10.464938	8.2529516
0.38389516	0.75618047	-10.467461	8.3352318
0.39792857	0.7471599	-10.471665	8.2735214
0.39636928	0.7471599	-10.45653	8.2694073
0.40260637	0.73910582	-10.475029	8.2735214
0.39013225	0.74426043	-10.432146	8.2776356
0.38077661	0.76294583	-10.459053	8.3311176
0.37765813	0.76133502	-10.45653	8.3105478
0.38545445	0.75618047	-10.411124	8.2858639
0.38857296	0.75038153	-10.443918	8.2652931
0.39325073	0.74232745	-10.462417	8.2406092
0.38545445	0.73813933	-10.443918	8.2735214
0.3870137	0.75650263	-10.478392	8.3434601
0.39013225	0.76101285	-10.418693	8.3228903
0.38077661	0.75553614	-10.45653	8.2940912
0.39948782	0.73975015	-10.452326	8.2570658
0.3870137	0.73975015	-10.475869	8.3187761
0.38077661	0.74071664	-10.470825	8.289978
0.38389516	0.75456965	-10.432987	8.3105478
0.40572491	0.7471599	-10.458212	8.2570658
0.39325073	0.75231451	-10.480074	8.3064337
0.39792857	0.75843561	-10.440554	8.289978
0.38545445	0.76326799	-10.468302	8.289978
0.3870137	0.76197934	-10.444759	8.2735214
0.38857296	0.7623015	-10.467461	8.2940912
0.39169151	0.75746912	-10.468302	8.2652931
0.39636928	0.75907993	-10.369924	8.289978
0.39325073	0.75038153	-10.475029	8.2817497
0.3870137	0.76681179	-10.472507	8.3352318
0.38545445	0.7497372	-10.427101	8.2529516
0.38857296	0.75263667	-10.448963	8.3023195
0.3870137	0.75360316	-10.461576	8.3187761
0.39169151	0.75199234	-10.463257	8.3105478
0.39636928	0.74168313	-10.472507	8.2817497
0.39948782	0.73620635	-10.454007	8.2858639
0.37765813	0.7471599	-10.462417	8.3270035
0.37765813	0.76262367	-10.454007	8.3352318
0.38077661	0.76520097	-10.449803	8.314662
0.3870137	0.76069069	-10.494368	8.289978
0.39325073	0.76133502	-10.36572	8.3393459
0.39013225	0.75489181	-10.467461	8.2940912
0.39169151	0.76101285	-10.471665	8.3105478
0.37921739	0.76745611	-10.464938	8.3270035
0.38545445	0.76423448	-10.45569	8.3393459
0.39792857	0.75650263	-10.371606	8.3023195
0.39169151	0.76133502	-10.467461	8.3352318
0.3870137	0.75907993	-10.472507	8.3187761
0.39325073	0.74748206	-10.443918	8.289978
0.38389516	0.75746912	-10.478392	8.314662
0.39792857	0.74909288	-10.463257	8.3105478
0.38857296	0.7323404	-10.472507	8.314662
0.39636928	0.73072958	-10.484279	8.3228903
0.38389516	0.74393827	-10.398513	8.3352318
0.38077661	0.75231451	-10.469984	8.3475742
0.38389516	0.7497372	-10.432146	8.3475742
0.3870137	0.74780422	-10.464938	8.3311176
0.38389516	0.76391232	-10.501095	8.3640299
0.38857296	0.76745611	-10.419534	8.3434601
0.3870137	0.76810044	-10.448963	8.3640299
0.39792857	0.7623015	-10.468302	8.3228903
0.38857296	0.76359016	-10.4456	8.3228903
0.37921739	0.7594021	-10.443918	8.3187761
0.39792857	0.75553614	-10.446441	8.289978
0.39169151	0.75199234	-10.463257	8.3187761
0.39013225	0.74844855	-10.464938	8.3064337
0.38857296	0.74329394	-10.407762	8.289978
0.39481002	0.73459554	-10.450644	8.3352318
0.38077661	0.73717284	-10.41617	8.3311176
0.3823359	0.74780422	-10.471665	8.3352318
0.39013225	0.74200529	-10.471665	8.289978
0.39013225	0.75070369	-10.45653	8.3228903
0.39792857	0.75489181	-10.498572	8.3228903
0.38545445	0.75843561	-10.475869	8.3187761
0.39636928	0.75102586	-10.739053	8.3064337
0.38389516	0.75618047	-10.473348	8.3228903
0.38389516	0.76681179	-10.465779	8.314662
0.3823359	0.76713395	-10.452326	8.3228903
0.3870137	0.76262367	-10.489323	8.3352318
0.37765813	0.76133502	-10.316951	8.314662
0.38389516	0.76133502	-10.473348	8.3352318
0.37921739	0.75618047	-10.449803	8.3228903
0.38077661	0.76133502	-10.461576	8.3558016
0.38545445	0.75199234	-10.448122	8.2940912
0.38077661	0.74844855	-10.440554	8.3228903
0.38545445	0.75199234	-10.472507	8.3064337
0.39325073	0.7497372	-10.457372	8.314662
0.38389516	0.75456965	-10.490164	8.3434601
0.38857296	0.75746912	-10.47671	8.3393459
0.3823359	0.76101285	-10.423738	8.3722582
0.39169151	0.75102586	-10.457372	8.314662
0.39325073	0.74426043	-10.469984	8.3023195
0.39169151	0.75102586	-10.465779	8.314662
0.3823359	0.74554908	-10.431305	8.2940912
0.38545445	0.75167018	-10.380014	8.314662
0.37921739	0.753281	-10.4456	8.3352318
0.39013225	0.7497372	-10.45569	8.3270035
0.39169151	0.74812639	-10.454007	8.3640299
0.3870137	0.75875777	-10.471665	8.3599157
0.39013225	0.75779128	-10.469984	8.3352318
0.3870137	0.75456965	-10.464098	8.3352318
0.38389516	0.75199234	-10.507821	8.3475742
0.39325073	0.73298472	-10.438872	8.314662
0.3823359	0.73781717	-10.46662	8.3228903
0.3823359	0.7471599	-10.440554	8.3516884
0.37765813	0.74619341	-10.434669	8.3270035
0.39481002	0.74458259	-10.477551	8.3352318
0.37609884	0.76294583	-10.351425	8.3763723
0.38857296	0.76971126	-10.487641	8.3516884
0.3823359	0.77035558	-10.439713	8.368144
0.38545445	0.76004636	-10.464938	8.3352318
0.38857296	0.75779128	-10.451485	8.3640299
0.3823359	0.76423448	-10.303497	8.3763723
0.40260637	0.75199234	-10.475029	8.3270035
0.39481002	0.75682479	-10.475029	8.3475742
0.3823359	0.74619341	-10.390945	8.3352318
0.37609884	0.75360316	-10.438872	8.3763723
0.38545445	0.74587125	-10.411124	8.3270035
0.37921739	0.75618047	-10.461576	8.3640299
0.39169151	0.76520097	-10.503617	8.3558016
0.38857296	0.77099991	-10.333768	8.3969421
0.39169151	0.77067775	-10.465779	8.3722582
0.38389516	0.74587125	-10.452326	8.3187761
0.37765813	0.75295883	-10.4456	8.3475742
0.39325073	0.75424749	-10.467461	8.368144
0.37609884	0.75843561	-10.34638	8.4010563
0.38389516	0.75392532	-10.457372	8.3599157
0.3870137	0.76069069	-10.451485	8.368144
0.38545445	0.76874477	-10.470825	8.3969421
0.38389516	0.76391232	-10.467461	8.3475742
0.39325073	0.76294583	-10.457372	8.3846006
0.39792857	0.76520097	-10.475869	8.3763723
0.39013225	0.75972426	-10.486801	8.3640299
0.38077661	0.75295883	-10.464098	8.3599157
0.39636928	0.73878366	-10.438032	8.3434601
0.3870137	0.73040742	-10.302656	8.3393459
0.38545445	0.75070369	-10.454007	8.4010563
0.3823359	0.74941504	-10.427941	8.3475742
0.37921739	0.75972426	-10.453167	8.3640299
0.38545445	0.75650263	-10.461576	8.3640299
0.38545445	0.76648962	-10.413648	8.3887138
0.37921739	0.77551019	-10.459053	8.3887138
0.39325073	0.77389938	-10.470825	8.3722582
0.39792857	0.77422154	-10.491005	8.3722582
0.40104708	0.76391232	-10.483438	8.3558016
0.39013225	0.75392532	-10.443076	8.3516884
0.39013225	0.7497372	-10.454848	8.3722582
0.38389516	0.74909288	-10.452326	8.3887138
0.38077661	0.75489181	-10.310225	8.3887138
0.37765813	0.75456965	-10.47671	8.392828
0.38545445	0.75650263	-10.454848	8.368144
0.38389516	0.75553614	-10.452326	8.3804865
0.3823359	0.76359016	-10.490164	8.368144
0.39636928	0.76713395	-10.342176	8.3393459
0.38077661	0.77132207	-10.457372	8.3804865
0.39636928	0.77744317	-10.472507	8.3969421
0.3870137	0.76455665	-10.437191	8.368144
0.39325073	0.75811344	-10.469984	8.3599157
0.39792857	0.76262367	-10.352266	8.3599157
0.3870137	0.77099991	-10.47671	8.3763723
0.39169151	0.76487881	-10.469984	8.3516884
0.39013225	0.75360316	-10.4456	8.3228903
0.39013225	0.74780422	-10.443076	8.3722582
0.39169151	0.76648962	-10.4456	8.4175119
0.37921739	0.76971126	-10.484279	8.4175119
0.38545445	0.76391232	-10.447281	8.4133987
0.38389516	0.76165718	-10.422896	8.4257402
0.39636928	0.75618047	-10.492686	8.3763723
0.39013225	0.75521398	-10.464098	8.3763723
0.39325073	0.75843561	-10.462417	8.3804865
0.38545445	0.7594021	-10.451485	8.4010563
0.39636928	0.75360316	-10.479233	8.3352318
0.38545445	0.75199234	-10.389263	8.3763723
0.39013225	0.74812639	-10.4456	8.3352318
0.39169151	0.7471599	-10.457372	8.3228903
0.3870137	0.76391232	-10.454848	8.3640299
0.38857296	0.75521398	-10.470825	8.3228903
0.3870137	0.76036853	-10.373287	8.3804865
0.39481002	0.753281	-10.468302	8.3599157
0.38389516	0.75972426	-10.479233	8.3763723
0.39481002	0.75456965	-10.464098	8.3558016
0.39169151	0.75360316	-10.464938	8.3640299
0.38857296	0.76197934	-10.37581	8.3763723
0.38857296	0.75714695	-10.451485	8.3558016
0.38389516	0.74554908	-10.444759	8.3311176
0.39013225	0.75553614	-10.472507	8.3887138
0.39013225	0.76133502	-10.468302	8.3516884
0.3823359	0.76262367	-10.367401	8.3475742
0.39013225	0.76294583	-10.430465	8.3475742
0.39325073	0.7497372	-10.475029	8.3352318
0.38857296	0.74619341	-10.460734	8.3352318
0.38545445	0.7471599	-10.454848	8.3599157
0.37609884	0.76777828	-10.40692	8.4339685
0.38545445	0.76777828	-10.429624	8.4216261
0.39169151	0.7623015	-10.454848	8.3640299
0.39013225	0.75618047	-10.424579	8.3516884
0.39169151	0.75843561	-10.462417	8.4010563
0.38389516	0.76713395	-10.393467	8.4339685
0.38077661	0.75424749	-10.448122	8.3763723
0.38857296	0.76713395	-10.486801	8.4298544
0.3870137	0.76520097	-10.449803	8.3969421
0.39013225	0.76359016	-10.48596	8.368144
0.39481002	0.7594021	-10.471665	8.3846006
0.3870137	0.76874477	-10.454848	8.3887138
0.39792857	0.75231451	-10.467461	8.4010563
0.39013225	0.75779128	-10.344698	8.4010563
0.39636928	0.7497372	-10.474188	8.368144
0.38857296	0.76262367	-10.451485	8.3969421
0.39792857	0.75972426	-10.463257	8.4010563
0.38077661	0.75907993	-10.434669	8.3846006
0.39013225	0.76133502	-10.464938	8.3887138
0.3870137	0.75811344	-10.432146	8.3558016
0.37298033	0.75553614	-10.45653	8.3804865
0.37921739	0.7594021	-10.554068	8.3969421
0.3823359	0.75811344	-10.467461	8.3804865
0.38389516	0.7623015	-10.484279	8.3969421
0.39013225	0.76101285	-10.460734	8.3846006
0.39325073	0.75295883	-10.472507	8.3887138
0.3870137	0.75263667	-10.452326	8.4051704
0.38857296	0.75134802	-10.474188	8.392828
0.37453958	0.7558583	-10.464098	8.4092846
0.39325073	0.75489181	-10.472507	8.392828
0.37921739	0.76552314	-10.434669	8.4133987
0.39013225	0.7594021	-10.329563	8.4092846
0.39481002	0.76326799	-10.458212	8.4175119
0.39481002	0.76810044	-10.494368	8.4010563
0.3823359	0.77325505	-10.491005	8.3846006
0.39013225	0.76262367	-10.472507	8.392828
0.38545445	0.76036853	-10.419534	8.3722582
0.3823359	0.75650263	-10.463257	8.3887138
0.38857296	0.76036853	-10.448963	8.3763723
0.38389516	0.75424749	-10.342176	8.3846006
0.37921739	0.76616746	-10.447281	8.4216261
0.37765813	0.7623015	-10.310225	8.4133987
0.3823359	0.76165718	-10.458212	8.4216261
0.39013225	0.75650263	-10.463257	8.4257402
0.38389516	0.75005937	-10.454007	8.4133987
0.3823359	0.77357721	-10.469984	8.44631
0.37921739	0.77357721	-10.423738	8.4668808
0.38077661	0.78130913	-10.478392	8.4586525
0.39013225	0.77389938	-10.502776	8.4298544
0.3823359	0.77583236	-10.344698	8.4216261
0.39325073	0.77164423	-10.480914	8.392828
0.37453958	0.77647668	-10.465779	8.4175119
0.3823359	0.77164423	-10.465779	8.4216261
0.39013225	0.7745437	-10.436351	8.4339685
0.3870137	0.76938909	-10.435509	8.4339685
0.3870137	0.76101285	-10.472507	8.3722582
0.3870137	0.7623015	-10.471665	8.4133987
0.37921739	0.76455665	-10.480914	8.4257402
0.38545445	0.76423448	-10.459053	8.4586525
0.38077661	0.7594021	-10.397672	8.4216261
0.38077661	0.74426043	-10.452326	8.4339685
0.37921739	0.74619341	-10.453167	8.4257402
0.3870137	0.74458259	-10.462417	8.3969421
0.37609884	0.75682479	-10.463257	8.4380827
0.38857296	0.76391232	-10.475029	8.4298544
0.38389516	0.76874477	-10.471665	8.4298544
0.38389516	0.76777828	-10.491005	8.3969421
0.39013225	0.76971126	-10.576771	8.4010563
0.37765813	0.76681179	-10.468302	8.4298544
0.37765813	0.7719664	-10.468302	8.4257402
0.38389516	0.76906693	-10.471665	8.4175119
0.37921739	0.77164423	-10.489323	8.4421968
0.3870137	0.75907993	-10.452326	8.3969421
0.38857296	0.75972426	-10.454007	8.4298544
0.38389516	0.76262367	-10.443076	8.4257402
0.37921739	0.76391232	-10.453167	8.4504242
0.38545445	0.76326799	-10.450644	8.4504242
0.39481002	0.75392532	-10.45569	8.4298544
0.38857296	0.75779128	-10.470825	8.4216261
0.38857296	0.75521398	-10.464098	8.4257402
0.3823359	0.76004636	-10.458212	8.4380827
0.38077661	0.76777828	-10.443918	8.4421968
0.3823359	0.77035558	-10.446441	8.4421968
0.37921739	0.7623015	-10.450644	8.3887138
0.39013225	0.75875777	-10.475869	8.4257402
0.38857296	0.75714695	-10.479233	8.4627666
0.37921739	0.76681179	-10.486801	8.4504242
0.37921739	0.76938909	-10.418693	8.4421968
0.3870137	0.76391232	-10.47671	8.4298544
0.37921739	0.76713395	-10.49521	8.4627666
0.38857296	0.76681179	-10.461576	8.4421968
0.37921739	0.76810044	-10.469144	8.4545383
0.39325073	0.76101285	-10.467461	8.4298544
0.38545445	0.75972426	-10.440554	8.4133987
0.3823359	0.75650263	-10.472507	8.4092846
0.37298033	0.7558583	-10.433827	8.4175119
0.36362472	0.75070369	-10.437191	8.4421968
0.36830249	0.74683774	-10.432146	8.4133987
0.36674324	0.74458259	-10.465779	8.4175119
0.36362472	0.75070369	-10.464098	8.4380827
0.36206546	0.7745437	-10.46662	8.4956789
0.36674324	0.76294583	-10.465779	8.4421968
0.38077661	0.77293289	-10.452326	8.4380827
0.38389516	0.76294583	-10.438872	8.4092846
0.37298033	0.76165718	-10.468302	8.4339685
0.37142104	0.76777828	-10.434669	8.4668808
0.37453958	0.7658453	-10.435509	8.4627666
0.38077661	0.76487881	-10.469144	8.44631
0.38545445	0.75263667	-10.464938	8.4380827
0.38077661	0.76487881	-10.482595	8.4627666
0.38545445	0.75424749	-10.45653	8.4216261
0.37298033	0.75779128	-10.442237	8.4421968
0.37765813	0.75714695	-10.448122	8.4504242
0.39169151	0.75875777	-10.420374	8.4421968
0.3823359	0.75779128	-10.460734	8.44631
0.37298033	0.76971126	-10.465779	8.4833364
0.38389516	0.76552314	-10.448963	8.4257402
0.38389516	0.77261072	-10.470825	8.44631
0.38545445	0.77518803	-10.450644	8.4504242
0.38077661	0.77132207	-10.443918	8.4586525
0.39169151	0.76391232	-10.48596	8.4339685
0.3870137	0.76552314	-10.453167	8.4668808
0.37921739	0.76648962	-10.470825	8.4833364
0.37609884	0.76616746	-10.411124	8.4545383
0.38077661	0.76423448	-10.428782	8.4751091
0.39169151	0.77389938	-10.471665	8.4668808
0.37921739	0.77003342	-10.457372	8.4216261
0.38545445	0.75746912	-10.464938	8.4339685
0.38857296	0.74812639	-10.417851	8.4216261
0.38389516	0.7558583	-10.474188	8.4504242
0.39169151	0.75650263	-10.487641	8.4545383
0.37609884	0.77164423	-10.347221	8.4874506
0.37921739	0.77615452	-10.464938	8.4833364
0.37453958	0.76745611	-10.388422	8.4709949
0.3870137	0.77422154	-10.496049	8.4627666
0.38857296	0.76520097	-10.475029	8.4298544
0.38545445	0.77035558	-10.447281	8.4545383
0.3870137	0.77583236	-10.473348	8.4627666
0.38389516	0.7719664	-10.469984	8.4792223
0.39169151	0.74941504	-10.434669	8.4175119
0.37921739	0.74619341	-10.401875	8.4216261
0.39169151	0.7436161	-10.34638	8.4421968
0.37453958	0.76069069	-10.464098	8.5121346
0.37921739	0.75456965	-10.454848	8.4545383
0.38077661	0.75811344	-10.453167	8.4257402
0.38389516	0.76165718	-10.489323	8.4545383
0.39013225	0.76391232	-10.467461	8.4504242
0.38389516	0.76745611	-10.463257	8.4627666
0.39325073	0.76552314	-10.464938	8.4298544
0.39325073	0.7594021	-10.491005	8.4298544
0.38077661	0.75102586	-10.470825	8.4051704
0.38389516	0.74844855	-10.425419	8.4545383
0.38857296	0.73781717	-10.450644	8.44631
0.38077661	0.7623015	-10.471665	8.5121346
0.39169151	0.76745611	-10.436351	8.4627666
0.38077661	0.76520097	-10.471665	8.4545383
0.37921739	0.75875777	-10.450644	8.4504242
0.39325073	0.76262367	-10.467461	8.4792223
0.37453958	0.76810044	-10.452326	8.4792223
0.38389516	0.76520097	-10.357311	8.4421968
0.39013225	0.76262367	-10.464938	8.4627666
0.39013225	0.76004636	-10.478392	8.44631
0.38857296	0.7558583	-10.465779	8.44631
0.37921739	0.75811344	-10.469984	8.4586525
0.38857296	0.74748206	-10.437191	8.4298544
0.38545445	0.75650263	-10.464098	8.4668808
0.37765813	0.7719664	-10.484279	8.5162477
0.37765813	0.79000753	-10.458212	8.5285902
0.37765813	0.79000753	-10.437191	8.4627666
0.3870137	0.77873182	-10.465779	8.4668808
0.39169151	0.7745437	-10.496049	8.4668808
0.38389516	0.7594021	-10.465779	8.4751091
0.38545445	0.76648962	-10.448963	8.4956789
0.38389516	0.75843561	-10.438032	8.4627666
0.39325073	0.75553614	-10.358151	8.4668808
0.38857296	0.7594021	-10.491005	8.4997921
0.37609884	0.75811344	-10.453167	8.5039062
0.39013225	0.75746912	-10.45569	8.4709949
0.39325073	0.76133502	-10.461576	8.4545383
0.39013225	0.76455665	-10.485119	8.4915648
0.37921739	0.7658453	-10.454848	8.5203619
0.3870137	0.76874477	-10.491845	8.4915648
0.39013225	0.7623015	-10.337131	8.4709949
0.37921739	0.76906693	-10.438032	8.4915648
0.37609884	0.76810044	-10.464098	8.5244761
0.37453958	0.76713395	-10.404398	8.4792223
0.39325073	0.76391232	-10.475029	8.4627666
0.38389516	0.77647668	-10.467461	8.5080204
0.38545445	0.77228856	-10.494368	8.4627666
0.37609884	0.76165718	-10.432146	8.4874506
0.39169151	0.76262367	-10.410284	8.4792223
0.3870137	0.75038153	-10.475869	8.4668808
0.39013225	0.75811344	-10.470825	8.4792223
0.39636928	0.75392532	-10.474188	8.4298544
0.3823359	0.7558583	-10.469984	8.4833364
0.39325073	0.76036853	-10.425419	8.4874506
0.38077661	0.7658453	-10.448963	8.4792223
0.3823359	0.77325505	-10.453167	8.4833364
0.38389516	0.76906693	-10.311906	8.4792223
0.37921739	0.7719664	-10.47671	8.5039062
0.39013225	0.76359016	-10.460734	8.44631
0.37765813	0.75650263	-10.45569	8.4545383
0.3823359	0.77325505	-10.471665	8.4792223
0.37453958	0.77937615	-10.324518	8.5121346
0.37142104	0.7806648	-10.467461	8.4874506
0.3823359	0.77003342	-10.459053	8.4833364
0.39325073	0.76552314	-10.487641	8.4709949
0.3823359	0.75875777	-10.475029	8.4298544
0.3823359	0.753281	-10.410284	8.4545383
0.37921739	0.75360316	-10.457372	8.4668808
0.37921739	0.75521398	-10.434669	8.4751091
0.38545445	0.75489181	-10.484279	8.4833364
0.37609884	0.76745611	-10.459894	8.4915648
0.38389516	0.76133502	-10.311906	8.4627666
0.3823359	0.77486587	-10.459894	8.5121346
0.39325073	0.76906693	-10.486801	8.4504242
0.39013225	0.76777828	-10.454848	8.4586525
0.39169151	0.7623015	-10.482595	8.4792223
0.39325073	0.75811344	-10.323677	8.4627666
0.39169151	0.76423448	-10.440554	8.4915648
0.38389516	0.7558583	-10.446441	8.4833364
0.38389516	0.76745611	-10.378332	8.4997921
0.3870137	0.75875777	-10.437191	8.5039062
0.3823359	0.7497372	-10.469144	8.4874506
0.39636928	0.74393827	-10.482595	8.4751091
0.38857296	0.74426043	-10.45569	8.4874506
0.37765813	0.76165718	-10.376651	8.5450459
0.3870137	0.76262367	-10.462417	8.5121346
0.3870137	0.76359016	-10.463257	8.4833364
0.3823359	0.76745611	-10.475029	8.4874506
0.38077661	0.77969831	-10.478392	8.5039062
0.3823359	0.78034264	-10.370765	8.4956789
0.38857296	0.77551019	-10.464098	8.4874506
0.38857296	0.76874477	-10.438032	8.4956789
0.38545445	0.76133502	-10.464938	8.4792223
0.3870137	0.75618047	-10.449803	8.4545383
0.37921739	0.77261072	-10.386741	8.5203619
0.37453958	0.7780875	-10.471665	8.5327044
0.3870137	0.77003342	-10.475029	8.4668808
0.38857296	0.76520097	-10.361515	8.4751091
0.3870137	0.75231451	-10.436351	8.4627666
0.38545445	0.76101285	-10.483438	8.5409327
0.38857296	0.76133502	-10.451485	8.4997921
0.38389516	0.77744317	-10.479233	8.5244761
0.39169151	0.77776533	-10.411124	8.5162477
0.38857296	0.76938909	-10.475029	8.4874506
0.38545445	0.77261072	-10.468302	8.5203619
0.3870137	0.7780875	-10.450644	8.5203619
0.3823359	0.77003342	-10.461576	8.4956789
0.37765813	0.77937615	-10.306861	8.4997921
0.3870137	0.76681179	-10.449803	8.4874506
0.38077661	0.78710806	-10.469144	8.5327044
0.38857296	0.78163129	-10.46662	8.4874506
0.38545445	0.76745611	-10.454007	8.4668808
0.3870137	0.77325505	-10.424579	8.4956789
0.38389516	0.77035558	-10.424579	8.5203619
0.38389516	0.76777828	-10.477551	8.5450459
0.38545445	0.77067775	-10.411966	8.5409327
0.39013225	0.75618047	-10.459053	8.4915648
0.37765813	0.76294583	-10.379173	8.4874506
0.39013225	0.76487881	-10.486801	8.5162477
0.37921739	0.7684226	-10.440554	8.5409327
0.39013225	0.76810044	-10.440554	8.5327044
0.38545445	0.77486587	-10.443076	8.5285902
0.3870137	0.77357721	-10.47671	8.4956789
0.39325073	0.76938909	-10.436351	8.4997921
0.37765813	0.77164423	-10.488482	8.4997921
0.37921739	0.76262367	-10.41617	8.4915648
0.3823359	0.77486587	-10.441395	8.5409327
0.38077661	0.77132207	-10.469144	8.5080204
0.38545445	0.77551019	-10.482595	8.5203619
0.37609884	0.76906693	-10.435509	8.5121346
0.37921739	0.76391232	-10.427941	8.5121346
0.38389516	0.75811344	-10.470825	8.4997921
0.37921739	0.76938909	-10.448122	8.5368185
0.38545445	0.76262367	-10.448122	8.5162477
0.3823359	0.76745611	-10.448963	8.5039062
0.37765813	0.77937615	-10.454007	8.5450459
0.37609884	0.78549725	-10.479233	8.5244761
0.38545445	0.78195345	-10.460734	8.5450459
0.38077661	0.78195345	-10.300135	8.5409327
0.38545445	0.77003342	-10.465779	8.4874506
0.37921739	0.7684226	-10.477551	8.4833364
0.39013225	0.7684226	-10.459053	8.5162477
0.37453958	0.76971126	-10.438872	8.5285902
0.39325073	0.76616746	-10.408603	8.4751091
0.39792857	0.76874477	-10.487641	8.4915648
0.38545445	0.77486587	-10.474188	8.5080204
0.37921739	0.77615452	-10.491005	8.5368185
0.38545445	0.77293289	-10.465779	8.5327044
0.38389516	0.76552314	-10.41617	8.4997921
0.38545445	0.76036853	-10.478392	8.5039062
0.39792857	0.74909288	-10.458212	8.4833364
0.38389516	0.76101285	-10.493526	8.5285902
0.37453958	0.77486587	-10.468302	8.5450459
0.37921739	0.76874477	-10.35647	8.5162477
0.38077661	0.77228856	-10.470825	8.5162477
0.38545445	0.7719664	-10.479233	8.4709949
0.38545445	0.76938909	-10.489323	8.5327044
0.38077661	0.76487881	-10.441395	8.4915648
0.37921739	0.76713395	-10.390103	8.5121346
0.39169151	0.76713395	-10.47671	8.4874506
0.39013225	0.77067775	-10.47671	8.5080204
0.39013225	0.76810044	-10.464098	8.4997921
0.38389516	0.76648962	-10.454848	8.5244761
0.40260637	0.7623015	-10.46662	8.5203619
0.3823359	0.76938909	-10.450644	8.5615025
0.39013225	0.76745611	-10.464098	8.5327044
0.38545445	0.75489181	-10.331245	8.5285902
0.38389516	0.75875777	-10.477551	8.5244761
0.37921739	0.75167018	-10.592747	8.5450459
0.39481002	0.76004636	-10.475029	8.4997921
0.3823359	0.75618047	-10.469144	8.4956789
0.3823359	0.75424749	-10.419534	8.5039062
0.37921739	0.76262367	-10.436351	8.54916
0.37921739	0.76648962	-10.47671	8.5409327
0.37765813	0.76938909	-10.461576	8.5327044
0.3823359	0.77099991	-10.464938	8.5203619
0.39169151	0.76648962	-10.386741	8.5080204
0.37765813	0.77357721	-10.484279	8.5162477
0.38389516	0.76971126	-10.463257	8.4956789
0.38545445	0.77325505	-10.397672	8.5368185
0.3870137	0.7806648	-10.46662	8.5244761
0.3870137	0.76777828	-10.469144	8.5080204
0.37921739	0.77261072	-10.444759	8.5368185
0.39169151	0.76133502	-10.479233	8.5080204
0.3870137	0.75811344	-10.381696	8.5039062
0.38389516	0.75907993	-10.463257	8.5162477
0.39013225	0.74780422	-10.430465	8.4997921
0.37921739	0.75618047	-10.46662	8.5244761
0.37921739	0.75714695	-10.475029	8.5285902
0.37609884	0.75295883	-10.783616	8.5285902
0.37453958	0.76810044	-10.457372	8.5409327
0.38545445	0.7719664	-10.474188	8.5080204
0.37609884	0.78195345	-10.475029	8.54916
0.39013225	0.77389938	-10.469984	8.5203619
0.38857296	0.76874477	-10.428782	8.5203619
0.39481002	0.77228856	-10.475869	8.5368185
0.3823359	0.77647668	-10.469984	8.5450459
0.37609884	0.78517509	-10.438032	8.5779581
0.38389516	0.77518803	-10.431305	8.5368185
0.38857296	0.77003342	-10.469984	8.5162477
0.39013225	0.75231451	-10.464938	8.4792223
0.38545445	0.75134802	-10.461576	8.4751091
0.38077661	0.75521398	-10.439713	8.5121346
0.37453958	0.76326799	-10.451485	8.5368185
0.37765813	0.77969831	-10.454007	8.54916
0.38545445	0.77422154	-10.470825	8.4997921
0.38389516	0.77261072	-10.485119	8.5203619
0.38077661	0.77873182	-10.440554	8.54916
0.3823359	0.78388643	-10.480914	8.5285902
0.37765813	0.76874477	-10.442237	8.5080204
0.39792857	0.7684226	-10.363197	8.5285902
0.3823359	0.77164423	-10.459894	8.5327044
0.37921739	0.7842086	-10.423738	8.5697308
0.38857296	0.76326799	-10.453167	8.4956789
0.3823359	0.75167018	-10.448122	8.4956789
0.3870137	0.7594021	-10.475029	8.5244761
0.38389516	0.76165718	-10.480074	8.5080204
0.38077661	0.77164423	-10.453167	8.54916
0.3870137	0.76487881	-10.4456	8.5203619
0.38077661	0.76906693	-10.480914	8.5409327
0.3870137	0.76294583	-10.468302	8.5368185
0.38389516	0.77905399	-10.459053	8.6067562
0.39325073	0.77486587	-10.491005	8.5368185
0.37298033	0.77486587	-10.452326	8.54916
0.38545445	0.78098696	-10.475869	8.5450459
0.3870137	0.77261072	-10.384218	8.5573883
0.38545445	0.77325505	-10.47671	8.54916
0.38389516	0.7745437	-10.464938	8.5368185
0.37609884	0.78807455	-10.442237	8.5532742
0.3870137	0.77132207	-10.473348	8.5121346
0.37142104	0.7780875	-10.431305	8.5450459
0.38077661	0.77003342	-10.480914	8.54916
0.3870137	0.76101285	-10.483438	8.5615025
0.3823359	0.76359016	-10.498572	8.5779581
0.3823359	0.76906693	-10.461576	8.5573883
0.3823359	0.76391232	-10.401875	8.5203619
0.37765813	0.75714695	-10.459894	8.5450459
0.3823359	0.75038153	-10.461576	8.5409327
0.38077661	0.74941504	-10.442237	8.5450459
0.37298033	0.77003342	-10.469144	8.5820723
0.37765813	0.7806648	-10.446441	8.5738449
0.39325073	0.7780875	-10.491005	8.5409327
0.39325073	0.77712101	-10.491005	8.5450459
0.38389516	0.77647668	-10.733167	8.5615025
0.38545445	0.77325505	-10.474188	8.5409327
0.39013225	0.76326799	-10.434669	8.5162477
0.40104708	0.75843561	-10.458212	8.5450459
0.37298033	0.77518803	-10.450644	8.5779581
0.37453958	0.77712101	-10.469984	8.5820723
0.38389516	0.76648962	-10.464098	8.5285902
0.38389516	0.76197934	-10.457372	8.5327044
0.38857296	0.76101285	-10.486801	8.5368185
0.37765813	0.77132207	-10.48596	8.5903006
0.38545445	0.77776533	-10.353948	8.5409327
0.38389516	0.77067775	-10.483438	8.54916
0.39325073	0.76906693	-10.494368	8.5532742
0.38545445	0.76971126	-10.430465	8.5368185
0.38545445	0.76294583	-10.452326	8.5368185
0.38077661	0.76745611	-10.394308	8.5162477
0.37609884	0.7745437	-10.469984	8.5697308
0.38545445	0.78453076	-10.505299	8.54916
0.37765813	0.78549725	-10.473348	8.5779581
0.38545445	0.7867859	-10.472507	8.5573883
0.38077661	0.78195345	-10.795388	8.5697308
0.38077661	0.78034264	-10.458212	8.5697308
0.3870137	0.77132207	-10.464938	8.5450459
0.37453958	0.7719664	-10.327041	8.5573883
0.38389516	0.76294583	-10.451485	8.54916
0.38077661	0.75360316	-10.358993	8.4956789
0.36830249	0.77518803	-10.483438	8.5656166
0.37298033	0.78291994	-10.447281	8.5656166
0.37298033	0.78130913	-10.405239	8.5409327
0.37765813	0.78807455	-10.46662	8.5573883
0.3870137	0.78163129	-10.491845	8.5573883
0.38545445	0.77003342	-10.477551	8.5327044
0.38389516	0.76294583	-10.459894	8.4956789
0.37765813	0.75779128	-10.396831	8.5162477
0.37609884	0.76165718	-10.454007	8.5368185
0.38077661	0.76616746	-10.474188	8.5820723
0.37609884	0.78388643	-10.458212	8.5985289
0.39013225	0.7806648	-10.4456	8.5738449
0.37765813	0.77615452	-10.448963	8.5820723
0.3870137	0.76648962	-10.465779	8.5327044
0.3870137	0.76165718	-10.458212	8.5409327
0.38857296	0.76262367	-10.451485	8.5327044
0.38389516	0.75650263	-10.462417	8.5203619
0.37921739	0.77293289	-10.424579	8.5779581
0.3823359	0.76326799	-10.463257	8.5285902
0.38389516	0.77486587	-10.508663	8.5615025
0.38857296	0.7745437	-10.422056	8.54916
0.37298033	0.78549725	-10.45653	8.5779581
0.38389516	0.77615452	-10.408603	8.5162477
0.3823359	0.77422154	-10.448122	8.5327044
0.37921739	0.77840966	-10.458212	8.5615025
0.37765813	0.77905399	-10.352266	8.5985289
0.37609884	0.77164423	-10.443918	8.5327044
0.38857296	0.76874477	-10.462417	8.5162477
0.38389516	0.7719664	-10.468302	8.5820723
0.38077661	0.77325505	-10.477551	8.54916
0.38545445	0.75811344	-10.387582	8.5285902
0.39013225	0.75714695	-10.467461	8.5285902
0.3823359	0.76262367	-10.459894	8.5532742
0.38077661	0.76938909	-10.481755	8.5532742
0.37765813	0.78259778	-10.477551	8.5615025
0.37765813	0.77518803	-10.467461	8.5532742
0.3870137	0.7806648	-10.482595	8.5944147
0.3823359	0.77551019	-10.465779	8.5615025
0.38077661	0.76455665	-10.4456	8.54916
0.3870137	0.77261072	-10.440554	8.54916
0.38857296	0.7780875	-10.327882	8.5820723
0.38077661	0.78098696	-10.490164	8.5615025
0.37921739	0.77518803	-10.441395	8.54916
0.38389516	0.77228856	-10.471665	8.54916
0.3823359	0.77003342	-10.459894	8.54916
0.37609884	0.77969831	-10.429624	8.5738449
0.3870137	0.76487881	-10.460734	8.5121346
0.3823359	0.76326799	-10.438872	8.5450459
0.3823359	0.76262367	-10.478392	8.5368185
0.36830249	0.7719664	-10.472507	8.5820723
0.38545445	0.75843561	-10.407762	8.5244761
0.38389516	0.76004636	-10.449803	8.5532742
0.37453958	0.76777828	-10.472507	8.5615025
0.37921739	0.77518803	-10.404398	8.5738449
0.38545445	0.77357721	-10.46662	8.5738449
0.37453958	0.77647668	-10.492686	8.5861864
0.37921739	0.77744317	-10.459894	8.5656166
0.37453958	0.77518803	-10.45653	8.5409327
0.37609884	0.78324211	-10.482595	8.5615025
0.37142104	0.79065186	-10.436351	8.6067562
0.37765813	0.78130913	-10.482595	8.5738449
0.38077661	0.77325505	-10.472507	8.5820723
0.38545445	0.76777828	-10.49521	8.5532742
0.38389516	0.77164423	-10.443076	8.5903006
0.37453958	0.76745611	-10.467461	8.5615025
0.37609884	0.76648962	-10.458212	8.5573883
0.37921739	0.77389938	-10.433827	8.5820723
0.38077661	0.7684226	-10.448122	8.5327044
0.38389516	0.77067775	-10.437191	8.5697308
0.3823359	0.77261072	-10.450644	8.5615025
0.38389516	0.76648962	-10.458212	8.5450459
0.3870137	0.77840966	-10.451485	8.5532742
0.36986178	0.78388643	-10.446441	8.5697308
0.37765813	0.78227562	-10.389263	8.5656166
0.37921739	0.7745437	-10.470825	8.5615025
0.37453958	0.78549725	-10.477551	8.6108704
0.37921739	0.7806648	-10.390945	8.5861864
0.37453958	0.78388643	-10.438872	8.5985289
0.37609884	0.78807455	-10.321996	8.6396685
0.37609884	0.79677296	-10.490164	8.5903006
0.39169151	0.7684226	-10.483438	8.5409327
0.37921739	0.76391232	-10.430465	8.5409327
0.38389516	0.75167018	-10.451485	8.5532742
0.37298033	0.75618047	-10.446441	8.5532742
0.38389516	0.76036853	-10.464098	8.5615025
0.36518401	0.7780875	-10.454007	8.6149845
0.38545445	0.77035558	-10.467461	8.5573883
0.37453958	0.76359016	-10.45653	8.54916
0.38389516	0.76036853	-10.461576	8.54916
0.37921739	0.76906693	-10.481755	8.5820723
0.37921739	0.77261072	-10.467461	8.5738449
0.36830249	0.78453076	-10.405239	8.5985289
0.3823359	0.77551019	-10.475029	8.5368185
0.37142104	0.77261072	-10.452326	8.5903006
0.37765813	0.77357721	-10.464938	8.5861864
0.37765813	0.78163129	-10.464098	8.5861864
0.37609884	0.78098696	-10.472507	8.5944147
0.39013225	0.76648962	-10.450644	8.5779581
0.3823359	0.76520097	-10.454848	8.54916
0.3823359	0.77583236	-10.463257	8.5779581
0.38077661	0.77389938	-10.475029	8.5573883
0.37921739	0.76777828	-10.410284	8.5409327
0.38857296	0.76487881	-10.441395	8.5450459
0.39481002	0.76391232	-10.475029	8.5779581
0.3823359	0.77325505	-10.458212	8.5820723
0.38545445	0.76648962	-10.438032	8.5656166
0.38077661	0.76326799	-10.944218	8.5779581
0.3823359	0.7719664	-10.465779	8.5985289
0.38077661	0.76359016	-10.439713	8.5738449
0.38857296	0.76359016	-10.4456	8.5532742
0.37609884	0.76810044	-10.452326	8.5532742
0.37609884	0.76777828	-10.386741	8.5532742
0.3823359	0.77357721	-10.452326	8.5985289
0.38389516	0.76745611	-10.48596	8.5779581
0.3823359	0.77067775	-10.464098	8.5738449
0.37765813	0.77293289	-10.475029	8.5656166
0.38077661	0.76359016	-10.46662	8.5738449
0.38389516	0.77969831	-10.478392	8.5903006
0.37921739	0.77937615	-10.448122	8.5944147
0.38857296	0.77840966	-10.450644	8.5985289
0.38545445	0.79194051	-10.484279	8.6478968
0.38389516	0.78871888	-10.477551	8.602643
0.37609884	0.78743023	-10.446441	8.6108704
0.38077661	0.7842086	-10.471665	8.5779581
0.38077661	0.78130913	-10.408603	8.6067562
0.3823359	0.76552314	-10.458212	8.5532742
0.38389516	0.77486587	-10.459053	8.5697308
0.38545445	0.77486587	-10.464098	8.5985289
0.37453958	0.77293289	-10.448122	8.5861864
0.37921739	0.76069069	-10.357311	8.5656166
0.37609884	0.76391232	-10.452326	8.5985289
0.39325073	0.75746912	-10.489323	8.5573883
0.37609884	0.75843561	-10.460734	8.5944147
0.38389516	0.75521398	-10.461576	8.5738449
0.38389516	0.76487881	-10.350584	8.5861864
0.3823359	0.7780875	-10.49521	8.6314411
0.38545445	0.78098696	-10.475869	8.5861864
0.38077661	0.78549725	-10.464098	8.602643
0.39325073	0.78130913	-10.45653	8.5697308
0.38857296	0.77615452	-10.45569	8.5738449
0.38857296	0.76971126	-10.475029	8.5450459
0.37765813	0.7745437	-10.467461	8.5861864
0.37453958	0.78291994	-10.31611	8.5944147
0.36986178	0.78710806	-10.439713	8.627327
0.37765813	0.77583236	-10.448122	8.5861864
0.38389516	0.77132207	-10.474188	8.5903006
0.3823359	0.77583236	-10.482595	8.6108704
0.37921739	0.77486587	-10.386741	8.5944147
0.37298033	0.77937615	-10.464938	8.602643
0.38077661	0.77486587	-10.432987	8.5532742
0.37765813	0.78388643	-10.492686	8.5738449
0.38389516	0.76810044	-10.459894	8.5615025
0.37765813	0.77422154	-10.451485	8.5985289
0.37921739	0.78388643	-10.452326	8.6108704
0.3823359	0.78163129	-10.45569	8.5985289
0.38077661	0.7658453	-10.46662	8.5779581
0.38077661	0.7719664	-10.472507	8.5903006
0.38545445	0.78098696	-10.395149	8.5697308
0.37142104	0.79065186	-10.46662	8.5985289
0.37453958	0.78839672	-10.446441	8.5944147
0.3823359	0.78163129	-10.460734	8.5944147
0.38389516	0.77744317	-10.498572	8.5985289
0.37298033	0.77905399	-10.400194	8.6355553
0.38389516	0.77099991	-10.473348	8.5944147
0.37298033	0.75618047	-10.441395	8.5820723
0.3870137	0.76681179	-10.422056	8.6067562
0.37921739	0.77357721	-10.465779	8.627327
0.37609884	0.77712101	-10.34554	8.5779581
0.38857296	0.76906693	-10.460734	8.5656166
0.37921739	0.77840966	-10.459894	8.6190987
0.39013225	0.76197934	-10.387582	8.5820723
0.37609884	0.77003342	-10.431305	8.5861864
0.38545445	0.76681179	-10.473348	8.5738449
0.37609884	0.76777828	-10.4456	8.5738449
0.38077661	0.77035558	-10.484279	8.5820723
0.38077661	0.7806648	-10.425419	8.5903006
0.38545445	0.77583236	-10.454848	8.5820723
0.37453958	0.7842086	-10.467461	8.6355553
0.38545445	0.76745611	-10.478392	8.54916
0.38545445	0.76101285	-10.439713	8.5697308
0.3870137	0.76197934	-10.437191	8.5944147
0.36986178	0.76938909	-10.460734	8.6437826
0.37453958	0.77518803	-10.483438	8.627327
0.38545445	0.76487881	-10.458212	8.5532742
0.37298033	0.76906693	-10.487641	8.5944147
0.3870137	0.76681179	-10.360675	8.5738449
0.37765813	0.76681179	-10.482595	8.5820723
0.37609884	0.77261072	-10.463257	8.5903006
0.38389516	0.76745611	-10.438872	8.5532742
0.38389516	0.78195345	-10.481755	8.5903006
0.3870137	0.78291994	-10.475029	8.5985289
0.37609884	0.79355133	-10.472507	8.6190987
0.38389516	0.78549725	-10.459053	8.5944147
0.37921739	0.78646374	-10.438872	8.5944147
0.38857296	0.77003342	-10.469144	8.5738449
0.37921739	0.76906693	-10.412807	8.5944147
0.38389516	0.78034264	-10.474188	8.6232128
0.37765813	0.76971126	-10.459894	8.5697308
0.37298033	0.77583236	-10.448122	8.6190987
0.38857296	0.76197934	-10.467461	8.5820723
0.37142104	0.77969831	-10.451485	8.6314411
0.37765813	0.77969831	-10.475029	8.5861864
0.37765813	0.78002048	-10.475869	8.5944147
0.38857296	0.76777828	-10.433827	8.5820723
0.38077661	0.76777828	-10.461576	8.6067562
0.37921739	0.78002048	-10.473348	8.6190987
0.38077661	0.76874477	-10.448122	8.5861864
0.37609884	0.77261072	-10.441395	8.5861864
0.38389516	0.77937615	-10.40608	8.627327
0.37609884	0.77486587	-10.480914	8.6108704
0.38857296	0.77486587	-10.492686	8.6314411
0.38389516	0.78163129	-10.464098	8.627327
0.39325073	0.77325505	-10.468302	8.54916
0.38545445	0.77518803	-10.414488	8.5861864
0.38545445	0.76197934	-10.45569	8.5697308
0.37765813	0.76262367	-10.437191	8.6067562
0.3823359	0.76423448	-10.452326	8.5779581
0.38077661	0.76681179	-10.465779	8.6067562
0.37453958	0.78227562	-10.407762	8.627327
0.37453958	0.77679884	-10.454007	8.6478968
0.38077661	0.78356427	-10.493526	8.6355553
0.39169151	0.78485292	-10.434669	8.5861864
0.38389516	0.79226267	-10.48596	8.6149845
0.37765813	0.78710806	-10.368242	8.6149845
0.38857296	0.77099991	-10.473348	8.5861864
0.37921739	0.76326799	-10.430465	8.5861864
0.36830249	0.77325505	-10.404398	8.602643
0.37453958	0.77905399	-10.448963	8.6437826
0.37298033	0.77712101	-10.332087	8.6355553
0.37765813	0.77261072	-10.478392	8.6190987
0.38857296	0.77003342	-10.477551	8.5861864
0.37921739	0.77551019	-10.459053	8.5861864
0.38389516	0.77615452	-10.480074	8.6067562
0.3870137	0.77325505	-10.443076	8.5861864
0.39169151	0.77228856	-10.454007	8.5861864
0.38077661	0.78549725	-10.459894	8.6067562
0.37609884	0.7842086	-10.424579	8.5903006
0.3823359	0.77261072	-10.448122	8.5738449
0.39013225	0.76616746	-10.431305	8.5861864
0.37921739	0.78163129	-10.47671	8.627327
0.37453958	0.79612863	-10.464098	8.6437826
0.37609884	0.80321616	-10.447281	8.6437826
0.38857296	0.78710806	-10.47671	8.6067562
0.39013225	0.7745437	-10.467461	8.5738449
0.39169151	0.77744317	-10.290044	8.5903006
0.38545445	0.76391232	-10.438032	8.5615025
0.37765813	0.76906693	-10.441395	8.6520109
0.38077661	0.77518803	-10.45653	8.627327
0.37765813	0.76101285	-10.45569	8.602643
0.37921739	0.76165718	-10.424579	8.5903006
0.3823359	0.76552314	-10.443076	8.6149845
0.38077661	0.76648962	-10.46662	8.6149845
0.38077661	0.77035558	-10.471665	8.6149845
0.38077661	0.77969831	-10.473348	8.627327
0.3870137	0.7780875	-10.401875	8.6108704
0.38857296	0.78839672	-10.460734	8.6478968
0.37142104	0.79773945	-10.457372	8.6643534
0.38545445	0.79258484	-10.439713	8.6314411
0.37921739	0.79387349	-10.464098	8.6190987
0.37921739	0.78904104	-10.434669	8.6067562
0.38077661	0.78291994	-10.484279	8.6149845
0.38857296	0.77164423	-10.468302	8.6067562
0.37765813	0.77099991	-10.444759	8.5944147
0.3823359	0.77712101	-10.454007	8.6067562
0.3870137	0.77389938	-10.395989	8.5944147
0.37453958	0.78388643	-10.443076	8.6602392
0.39169151	0.77518803	-10.487641	8.6067562
0.38857296	0.77422154	-10.443918	8.6149845
0.3823359	0.77712101	-10.459053	8.6067562
0.37921739	0.76874477	-10.42626	8.5820723
0.39325073	0.76713395	-10.468302	8.6067562
0.37609884	0.76777828	-10.451485	8.6108704
0.37921739	0.77969831	-10.494368	8.6437826
0.37921739	0.78936321	-10.438032	8.6149845
0.3870137	0.78581941	-10.438032	8.6067562
0.37453958	0.79677296	-10.457372	8.6314411
0.3823359	0.79355133	-10.496891	8.6396685
0.37142104	0.79483998	-10.447281	8.6314411
0.38545445	0.78356427	-10.46662	8.602643
0.37609884	0.77518803	-10.35647	8.6437826
0.3823359	0.76520097	-10.471665	8.6190987
0.37765813	0.77067775	-10.444759	8.6108704
0.37609884	0.78195345	-10.344698	8.6190987
0.37609884	0.78324211	-10.454848	8.5903006
0.37453958	0.79000753	-10.490164	8.6643534
0.38857296	0.78453076	-10.485119	8.6149845
0.38857296	0.78324211	-10.457372	8.6108704
0.37921739	0.79322916	-10.45653	8.6396685
0.37609884	0.78549725	-10.434669	8.627327
0.37609884	0.78098696	-10.45653	8.5861864
0.39013225	0.77035558	-10.472507	8.5697308
0.37298033	0.76971126	-10.460734	8.5861864
0.37921739	0.77003342	-10.42626	8.6108704
0.3823359	0.77389938	-10.464098	8.602643
0.38389516	0.77003342	-10.465779	8.6232128
0.37765813	0.77551019	-10.472507	8.6437826
0.36986178	0.77518803	-10.45653	8.6232128
0.37921739	0.76874477	-10.432146	8.6108704
0.37609884	0.77840966	-10.438872	8.6437826
0.3823359	0.77937615	-10.471665	8.6396685
0.38077661	0.77422154	-10.377492	8.6232128
0.37609884	0.77067775	-10.463257	8.6190987
0.37921739	0.77615452	-10.379173	8.6190987
0.37142104	0.77969831	-10.430465	8.6643534
0.3823359	0.77712101	-10.484279	8.6067562
0.39013225	0.78549725	-10.449803	8.6108704
0.38389516	0.78517509	-10.499413	8.5944147
0.3823359	0.7745437	-10.475869	8.5861864
0.39013225	0.76520097	-10.440554	8.5820723
0.38545445	0.76326799	-10.480914	8.5944147
0.37609884	0.7684226	-10.41617	8.5985289
0.37142104	0.75907993	-10.441395	8.5820723
0.37765813	0.76520097	-10.468302	8.6314411
0.37921739	0.76423448	-10.453167	8.6355553
0.36830249	0.77067775	-10.449803	8.6396685
0.3870137	0.76262367	-10.443918	8.6067562
0.3823359	0.7658453	-10.480074	8.6314411
0.38077661	0.77164423	-10.473348	8.6602392
0.37921739	0.77325505	-10.451485	8.6355553
0.37298033	0.7719664	-10.463257	8.602643
0.37921739	0.77873182	-10.401035	8.6108704
0.38545445	0.77679884	-10.463257	8.5820723
0.37921739	0.7842086	-10.459053	8.6437826
0.3823359	0.77583236	-10.448122	8.6149845
0.37765813	0.77744317	-10.453167	8.6190987
0.39013225	0.76938909	-10.469984	8.5779581
0.38077661	0.76262367	-10.432146	8.5903006
0.37921739	0.77035558	-10.454007	8.6355553
0.37765813	0.76648962	-10.442237	8.6355553
0.37609884	0.75618047	-10.452326	8.6067562
0.3823359	0.75811344	-10.458212	8.6355553
0.38389516	0.76423448	-10.458212	8.6355553
0.38389516	0.76552314	-10.4456	8.6190987
0.37298033	0.77615452	-10.409443	8.6355553
0.37765813	0.77067775	-10.459053	8.6108704
0.3823359	0.76745611	-10.461576	8.5944147
0.38545445	0.76616746	-10.478392	8.602643
0.37765813	0.76745611	-10.443076	8.6149845
0.37609884	0.77518803	-10.438872	8.6149845
0.37765813	0.77647668	-10.448122	8.6190987
0.38389516	0.76648962	-10.47671	8.5738449
0.37921739	0.78324211	-10.454007	8.6355553
0.38545445	0.77551019	-10.461576	8.6067562
0.37921739	0.77679884	-10.385059	8.627327
0.38857296	0.77325505	-10.458212	8.6108704
0.37453958	0.78581941	-10.454848	8.6931515
0.38389516	0.78195345	-10.483438	8.6437826
0.38077661	0.77357721	-10.419534	8.6314411
0.3823359	0.77969831	-10.448122	8.6396685
0.37765813	0.77744317	-10.468302	8.6396685
0.37765813	0.77228856	-10.454007	8.6149845
0.37921739	0.77583236	-10.45653	8.6355553
0.38389516	0.77003342	-10.475029	8.6149845
0.37609884	0.77647668	-10.274909	8.6355553
0.38389516	0.79129618	-10.480914	8.6232128
0.38545445	0.77712101	-10.434669	8.5985289
0.38077661	0.77164423	-10.470825	8.602643
0.3870137	0.77518803	-10.470825	8.627327
0.38077661	0.77357721	-10.387582	8.6108704
0.3823359	0.78130913	-10.479233	8.6520109
0.37298033	0.78002048	-10.457372	8.6520109
0.37765813	0.78130913	-10.45569	8.6520109
0.38077661	0.78453076	-10.447281	8.6396685
0.37921739	0.77357721	-10.434669	8.5985289
0.38077661	0.78581941	-10.480914	8.6437826
0.37921739	0.78453076	-10.461576	8.6232128
0.37765813	0.77647668	-10.463257	8.6108704
0.38389516	0.76745611	-10.454007	8.6108704
0.36206546	0.77583236	-10.425419	8.6232128
0.36518401	0.78163129	-10.469984	8.6602392
0.35738766	0.7867859	-10.458212	8.6520109
0.3511506	0.78485292	-10.45653	8.6232128
0.35426912	0.78356427	-10.457372	8.6437826
0.35738766	0.79387349	-10.486801	8.6355553
0.3511506	0.78710806	-10.468302	8.627327
0.36362472	0.77132207	-10.481755	8.6108704
0.36206546	0.77712101	-10.464938	8.6190987
0.36674324	0.77486587	-10.467461	8.602643
0.35426912	0.78259778	-10.435509	8.6561251
0.36050621	0.78807455	-10.477551	8.6520109
0.37298033	0.78227562	-10.409443	8.6190987
0.37298033	0.78291994	-10.469984	8.602643
0.36986178	0.77035558	-10.465779	8.5944147
0.36830249	0.77937615	-10.449803	8.6396685
0.36050621	0.78517509	-10.353107	8.6437826
0.36674324	0.78581941	-10.469144	8.6478968
0.37453958	0.77389938	-10.443918	8.6190987
0.38389516	0.77551019	-10.472507	8.6520109
0.36986178	0.78002048	-10.411966	8.6190987
0.36206546	0.78259778	-10.459894	8.6314411
0.36674324	0.79741728	-10.475869	8.6643534
0.35894692	0.80482697	-10.458212	8.705493
0.37298033	0.80611563	-10.494368	8.6766949
0.37921739	0.79645079	-10.308542	8.6437826
0.37921739	0.79387349	-10.471665	8.6602392
0.38077661	0.78581941	-10.479233	8.6437826
0.37609884	0.77679884	-10.434669	8.6108704
0.37609884	0.75618047	-10.449803	8.6108704
0.3823359	0.75005937	-10.464098	8.5985289
0.38077661	0.75553614	-10.491005	8.6190987
0.37298033	0.7745437	-10.469984	8.6437826
0.37921739	0.76552314	-10.436351	8.5861864
0.36830249	0.76874477	-10.443076	8.6478968
0.38545445	0.76520097	-10.460734	8.6108704
0.36986178	0.7719664	-10.471665	8.6602392
0.37921739	0.78002048	-10.448963	8.6314411
0.36830249	0.78775239	-10.458212	8.6643534
0.37142104	0.79387349	-10.447281	8.6520109
0.37298033	0.78936321	-10.269023	8.6314411
0.37453958	0.79097402	-10.483438	8.6355553
0.37609884	0.78646374	-10.449803	8.6190987
0.37298033	0.79516214	-10.47671	8.6890373
0.38857296	0.7719664	-10.45653	8.6149845
0.3823359	0.76906693	-10.424579	8.6190987
0.38077661	0.76971126	-10.488482	8.6561251
0.37453958	0.77132207	-10.462417	8.6396685
0.37765813	0.77035558	-10.472507	8.6561251
0.3823359	0.78034264	-10.349744	8.6602392
0.37921739	0.77293289	-10.496049	8.6190987
0.36518401	0.79322916	-10.468302	8.6890373
0.38077661	0.77905399	-10.465779	8.6149845
0.37453958	0.78163129	-10.46662	8.6561251
0.38545445	0.77293289	-10.473348	8.6190987
0.37142104	0.77679884	-10.441395	8.6232128
0.36830249	0.78936321	-10.474188	8.6602392
0.38077661	0.79000753	-10.741574	8.6602392
0.37765813	0.78291994	-10.471665	8.627327
0.38077661	0.76938909	-10.487641	8.5985289
0.36050621	0.76745611	-10.45653	8.6437826
0.36830249	0.77679884	-10.475029	8.6561251
0.36830249	0.77422154	-10.435509	8.6355553
0.36986178	0.77744317	-10.390945	8.6355553
0.37142104	0.78485292	-10.482595	8.6355553
0.37453958	0.78839672	-10.459894	8.6643534
0.38077661	0.77389938	-10.461576	8.5903006
0.36362472	0.77422154	-10.462417	8.6355553
0.37921739	0.76552314	-10.448963	8.6232128
0.37298033	0.76423448	-10.448963	8.6149845
0.36518401	0.78291994	-10.370765	8.627327
0.36362472	0.78034264	-10.428782	8.6355553
0.36986178	0.77840966	-10.486801	8.6314411
0.37609884	0.78549725	-10.497732	8.627327
0.37453958	0.79580647	-10.484279	8.6355553
0.38077661	0.79258484	-10.467461	8.6232128
0.37765813	0.78130913	-10.475869	8.6355553
0.37921739	0.77003342	-10.474188	8.5944147
0.36986178	0.76745611	-10.280795	8.602643
0.37142104	0.76262367	-10.454007	8.602643
0.37142104	0.76294583	-10.437191	8.6437826
0.37609884	0.76069069	-10.444759	8.6314411
0.37765813	0.76133502	-10.477551	8.6314411
0.37609884	0.7745437	-10.424579	8.6396685
0.3823359	0.77422154	-10.478392	8.6149845
0.3823359	0.78646374	-10.472507	8.6190987
0.38545445	0.78163129	-10.446441	8.6190987
0.38389516	0.79387349	-10.478392	8.6232128
0.37765813	0.79161835	-10.413648	8.6520109
0.38545445	0.7867859	-10.461576	8.602643
0.3870137	0.77776533	-10.4456	8.5985289
0.38077661	0.7594021	-10.451485	8.602643
0.38077661	0.76745611	-10.46662	8.6314411
0.37298033	0.78034264	-10.453167	8.6478968
0.37453958	0.78324211	-10.478392	8.6314411
0.39169151	0.77422154	-10.48596	8.6355553
0.39013225	0.77679884	-10.376651	8.6437826
0.38077661	0.77937615	-10.46662	8.6437826
0.37453958	0.76971126	-10.458212	8.5944147
0.38545445	0.75231451	-10.444759	8.5861864
0.37765813	0.76262367	-10.439713	8.627327
0.37298033	0.78195345	-10.331245	8.6478968
0.37142104	0.78098696	-10.451485	8.627327
0.3823359	0.78098696	-10.40692	8.6437826
0.38389516	0.77647668	-10.467461	8.602643
0.37298033	0.77679884	-10.47671	8.6314411
0.37921739	0.77615452	-10.359834	8.6149845
0.37142104	0.7806648	-10.448122	8.6396685
0.38389516	0.77679884	-10.448122	8.6149845
0.38077661	0.78807455	-10.451485	8.6478968
0.37921739	0.78453076	-10.479233	8.627327
0.37298033	0.77905399	-10.411966	8.6149845
0.37298033	0.78163129	-10.458212	8.6314411
0.39169151	0.77261072	-10.480074	8.6067562
0.38389516	0.76326799	-10.467461	8.6067562
0.37765813	0.76165718	-10.48596	8.5820723
0.38389516	0.76004636	-10.450644	8.5944147
0.3823359	0.75682479	-10.461576	8.5985289
0.38545445	0.76713395	-10.462417	8.6478968
0.37298033	0.77937615	-10.438032	8.6478968
0.37765813	0.78743023	-10.45653	8.6314411
0.37765813	0.78904104	-10.454007	8.6232128
0.37142104	0.79322916	-10.470825	8.6561251
0.38857296	0.79194051	-10.483438	8.6149845
0.3823359	0.78614157	-10.487641	8.6190987
0.38545445	0.78517509	-10.442237	8.627327
0.38389516	0.76713395	-10.425419	8.6067562
0.38077661	0.77132207	-10.436351	8.6478968
0.38389516	0.76681179	-10.441395	8.6396685
0.37453958	0.77518803	-10.414488	8.6396685
0.38077661	0.77132207	-10.479233	8.627327
0.37921739	0.76777828	-10.380855	8.6190987
0.37609884	0.77744317	-10.475029	8.6067562
0.37765813	0.78130913	-10.473348	8.6355553
0.38077661	0.78453076	-10.364038	8.6190987
0.39325073	0.77905399	-10.464938	8.6149845
0.3870137	0.7745437	-10.46662	8.6067562
0.38389516	0.78517509	-10.45569	8.6520109
0.37765813	0.78614157	-10.439713	8.6520109
0.37609884	0.78517509	-10.421215	8.627327
0.39013225	0.7719664	-10.450644	8.5985289
0.38545445	0.78324211	-10.494368	8.6355553
0.3823359	0.77583236	-10.486801	8.627327
0.36830249	0.77679884	-10.442237	8.6437826
0.37921739	0.77647668	-10.40692	8.6355553
0.37921739	0.77615452	-10.459053	8.6520109
0.38389516	0.77389938	-10.48596	8.602643
0.38389516	0.76938909	-10.452326	8.6314411
0.37609884	0.77583236	-10.469984	8.6437826
0.38545445	0.77518803	-10.443076	8.6643534
0.3870137	0.77164423	-10.487641	8.6190987
0.38389516	0.77389938	-10.475029	8.6437826
0.38389516	0.77647668	-10.394308	8.6355553
0.37298033	0.77905399	-10.463257	8.6149845
0.37609884	0.7806648	-10.454848	8.6314411
0.36518401	0.78227562	-10.474188	8.6520109
0.37609884	0.79355133	-10.491005	8.6643534
0.37765813	0.79032969	-10.464098	8.6520109
0.37142104	0.79709512	-10.49521	8.6561251
0.37921739	0.792907	-10.460734	8.6355553
0.37609884	0.78517509	-10.465779	8.6314411
0.3823359	0.79226267	-10.464098	8.6684666
0.37921739	0.79032969	-10.441395	8.6478968
0.3823359	0.77615452	-10.464938	8.6232128
0.3823359	0.77132207	-10.480914	8.6478968
0.38857296	0.7623015	-10.489323	8.5820723
0.37921739	0.77647668	-10.471665	8.627327
0.37142104	0.77228856	-10.327041	8.627327
0.37765813	0.77712101	-10.463257	8.6643534
0.38389516	0.78130913	-10.448122	8.6520109
0.36986178	0.77647668	-10.467461	8.6602392
0.37921739	0.78710806	-10.459894	8.6478968
0.38389516	0.7867859	-10.493526	8.6520109
0.37765813	0.78227562	-10.410284	8.6478968
0.39169151	0.78098696	-10.472507	8.6190987
0.39013225	0.7745437	-10.470825	8.6478968
0.38857296	0.77132207	-10.436351	8.627327
0.37298033	0.77389938	-10.459053	8.6396685
0.38545445	0.76069069	-10.450644	8.6067562
0.38077661	0.76391232	-10.447281	8.627327
0.38077661	0.76036853	-10.453167	8.6478968
0.38545445	0.77067775	-10.449803	8.6520109
0.37453958	0.77067775	-10.464098	8.6478968
0.37921739	0.77744317	-10.461576	8.680809
0.38389516	0.78485292	-10.491005	8.6478968
0.38077661	0.78227562	-10.465779	8.6396685
0.38545445	0.77357721	-10.49521	8.6437826
0.37765813	0.78002048	-10.431305	8.7013788
0.37453958	0.78291994	-10.4456	8.6437826
0.37921739	0.78517509	-10.464098	8.6478968
0.3870137	0.78517509	-10.496891	8.6190987
0.38545445	0.79226267	-10.434669	8.6849232
0.38389516	0.78581941	-10.492686	8.627327
0.37298033	0.79355133	-10.447281	8.6602392
0.38077661	0.78034264	-10.453167	8.6478968
0.37453958	0.78002048	-10.4456	8.6478968
0.3870137	0.76713395	-10.449803	8.6108704
0.39013225	0.75650263	-10.473348	8.627327
0.37765813	0.77422154	-10.469984	8.6478968
0.37921739	0.78002048	-10.348062	8.6766949
0.37453958	0.78485292	-10.49521	8.6684666
0.38857296	0.77389938	-10.429624	8.6355553
0.38389516	0.78356427	-10.48596	8.6725807
0.37142104	0.78614157	-10.472507	8.680809
0.37921739	0.79065186	-10.412807	8.6355553
0.3823359	0.78485292	-10.444759	8.627327
0.37765813	0.79032969	-10.4456	8.6602392
0.38389516	0.78839672	-10.469984	8.6232128
0.38389516	0.78002048	-10.457372	8.627327
0.38389516	0.77840966	-10.367401	8.6561251
0.37921739	0.77937615	-10.48596	8.6684666
0.37921739	0.77325505	-10.433827	8.6478968
0.38389516	0.77647668	-10.450644	8.6643534
0.3823359	0.77518803	-10.458212	8.6725807
0.3823359	0.77067775	-10.427101	8.6643534
0.38389516	0.76552314	-10.427941	8.6602392
0.38077661	0.77712101	-10.469144	8.6355553
0.38545445	0.78098696	-10.448122	8.6561251
0.37765813	0.77873182	-10.470825	8.6314411
0.3823359	0.76713395	-10.380855	8.6232128
0.38545445	0.77744317	-10.453167	8.6437826
0.37921739	0.77905399	-10.469984	8.6437826
0.37609884	0.79773945	-10.35563	8.6849232
0.37765813	0.79322916	-10.449803	8.6643534
0.3823359	0.79741728	-10.383377	8.6849232
0.38077661	0.78839672	-10.474188	8.6766949
0.37921739	0.78968537	-10.477551	8.6643534
0.38545445	0.78743023	-10.381696	8.6643534
0.37609884	0.79161835	-10.460734	8.6725807
0.38857296	0.78098696	-10.458212	8.6766949
0.37765813	0.78002048	-10.4456	8.6643534
0.38077661	0.77518803	-10.479233	8.6520109
0.37921739	0.77679884	-10.425419	8.6684666
0.3823359	0.77744317	-10.458212	8.6478968
0.36986178	0.78968537	-10.443918	8.6849232
0.38857296	0.7780875	-10.45569	8.6396685
0.37921739	0.77164423	-10.485119	8.6396685
0.38077661	0.7719664	-10.394308	8.6643534
0.36830249	0.78871888	-10.457372	8.7013788
0.37298033	0.78936321	-10.472507	8.6643534
0.37921739	0.78549725	-10.348062	8.6190987
0.39013225	0.78002048	-10.478392	8.6232128
0.37921739	0.78453076	-10.481755	8.6725807
0.38389516	0.78453076	-10.496891	8.6602392
0.37298033	0.78388643	-10.434669	8.6931515
0.3870137	0.78743023	-10.367401	8.6602392
0.37765813	0.7806648	-10.454007	8.6643534
0.38545445	0.7719664	-10.464098	8.6766949
0.37921739	0.78034264	-10.454007	8.7137213
0.38077661	0.78356427	-10.471665	8.6849232
0.37453958	0.79097402	-10.341335	8.6766949
0.37921739	0.78453076	-10.452326	8.6643534
0.38389516	0.78324211	-10.469984	8.6561251
0.37921739	0.77679884	-10.454007	8.6725807
0.37453958	0.77679884	-10.454007	8.680809
0.37765813	0.7806648	-10.329563	8.6602392
0.38545445	0.77551019	-10.454848	8.6602392
0.37921739	0.77583236	-10.494368	8.6643534
0.37609884	0.77293289	-10.469144	8.6602392
0.38077661	0.77937615	-10.494368	8.6684666
0.38389516	0.79194051	-10.443918	8.6849232
0.37921739	0.80096108	-10.46662	8.7013788
0.3823359	0.77132207	-10.465779	8.6355553
0.39013225	0.76391232	-10.36572	8.6478968
0.38077661	0.76648962	-10.501936	8.6520109
0.3823359	0.76359016	-10.480914	8.6478968
0.37453958	0.7684226	-10.429624	8.6520109
0.37609884	0.78163129	-10.464938	8.7137213
0.37921739	0.78098696	-10.4456	8.6766949
0.37142104	0.78517509	-10.489323	8.680809
0.37921739	0.78034264	-10.473348	8.6602392
0.37921739	0.78614157	-10.449803	8.6972656
0.37921739	0.78904104	-10.468302	8.6520109
0.37298033	0.78485292	-10.259773	8.6602392
0.37921739	0.78034264	-10.477551	8.6437826
0.39013225	0.77551019	-10.478392	8.6478968
0.38545445	0.77035558	-10.437191	8.6520109
0.39169151	0.77132207	-10.469984	8.6355553
0.37765813	0.76810044	-10.366561	8.6355553
0.37765813	0.77099991	-10.459053	8.6478968
0.37609884	0.77293289	-10.451485	8.6643534
0.37142104	0.76616746	-10.282476	8.6684666
0.37921739	0.76938909	-10.453167	8.6766949
0.37765813	0.77422154	-10.45569	8.6972656
0.37765813	0.79322916	-10.457372	8.7260637
0.37765813	0.78968537	-10.467461	8.6890373
0.38857296	0.78195345	-10.41617	8.680809
0.39013225	0.77712101	-10.478392	8.6478968
0.37921739	0.79935026	-10.464098	8.6972656
0.37298033	0.79709512	-10.464938	8.6766949
0.38857296	0.78710806	-10.453167	8.6725807
0.38857296	0.78356427	-10.448122	8.6520109
0.38077661	0.78646374	-10.458212	8.6725807
0.36986178	0.77969831	-10.454007	8.6643534
0.37921739	0.78517509	-10.457372	8.6684666
0.37765813	0.77969831	-10.459053	8.6478968
0.38077661	0.77422154	-10.410284	8.6643534
0.38857296	0.77583236	-10.475029	8.6602392
0.37609884	0.78034264	-10.457372	8.6890373
0.37453958	0.78259778	-10.362356	8.6849232
0.37453958	0.78227562	-10.438872	8.6643534
0.39169151	0.78130913	-10.303497	8.6766949
0.38389516	0.77261072	-10.418693	8.6437826
0.38545445	0.77744317	-10.464098	8.6766949
0.38389516	0.76745611	-10.427101	8.6520109
0.37142104	0.77583236	-10.452326	8.6849232
0.38389516	0.7780875	-10.484279	8.6478968
0.37609884	0.79355133	-10.458212	8.6766949
0.3823359	0.80611563	-10.480074	8.7096071
0.37142104	0.79967242	-10.42626	8.6849232
0.39325073	0.7842086	-10.481755	8.6602392
0.38857296	0.7806648	-10.480914	8.6725807
0.38077661	0.78163129	-10.470825	8.6931515
0.38389516	0.7719664	-10.454007	8.7096071
0.38077661	0.76552314	-10.398513	8.6643534
0.37921739	0.7745437	-10.470825	8.6684666
0.37298033	0.78453076	-10.465779	8.680809
0.38077661	0.79065186	-10.377492	8.6643534
0.37298033	0.79419565	-10.458212	8.6931515
0.38389516	0.79161835	-10.446441	8.6643534
0.38389516	0.79999459	-10.480914	8.6931515
0.37765813	0.79677296	-10.471665	8.6725807
0.38857296	0.78324211	-10.3859	8.6684666
0.3870137	0.78163129	-10.490164	8.6725807
0.37921739	0.77969831	-10.460734	8.6684666
0.36830249	0.79355133	-10.446441	8.7137213
0.37298033	0.79419565	-10.434669	8.6684666
0.37609884	0.78775239	-10.484279	8.7013788
0.37765813	0.79419565	-10.478392	8.7260637
0.36986178	0.78775239	-10.496891	8.6931515
0.37765813	0.78646374	-10.448122	8.680809
0.38077661	0.77776533	-10.480074	8.6643534
0.37921739	0.7719664	-10.382536	8.7096071
0.37609884	0.77293289	-10.464098	8.6931515
0.37298033	0.7806648	-10.454007	8.7096071
0.37765813	0.78195345	-10.432987	8.6643534
0.38077661	0.77937615	-10.467461	8.6520109
0.36830249	0.79065186	-10.419534	8.7013788
0.37609884	0.7954843	-10.508663	8.7096071
0.37921739	0.79677296	-10.464938	8.6931515
0.37921739	0.79129618	-10.334609	8.6643534
0.39169151	0.78871888	-10.503617	8.680809
0.37921739	0.78453076	-10.448122	8.6849232
0.39013225	0.76938909	-10.440554	8.6643534
0.38389516	0.75553614	-10.419534	8.6396685
0.37765813	0.74780422	-10.441395	8.6478968
0.37921739	0.77164423	-10.485119	8.7137213
0.36518401	0.78453076	-10.474188	8.7260637
0.37142104	0.77551019	-10.464098	8.6643534
0.37921739	0.77937615	-10.470825	8.680809
0.38545445	0.77712101	-10.390945	8.6561251
0.37765813	0.7780875	-10.465779	8.6849232
0.39013225	0.78259778	-10.475029	8.6602392
0.37921739	0.7780875	-10.45569	8.6520109
0.37921739	0.77518803	-10.447281	8.6437826
0.37921739	0.76681179	-10.579293	8.6643534
0.37609884	0.7719664	-10.443918	8.680809
0.37453958	0.7780875	-10.464098	8.6849232
0.37453958	0.79129618	-10.382536	8.7013788
0.39013225	0.78517509	-10.484279	8.680809
0.3870137	0.78227562	-10.450644	8.6931515
0.37765813	0.78710806	-10.489323	8.705493
0.38389516	0.78549725	-10.489323	8.6725807
0.37298033	0.78549725	-10.45569	8.6684666
0.3870137	0.7806648	-10.440554	8.6437826
0.37453958	0.78743023	-10.4456	8.6849232
0.37765813	0.7780875	-10.45653	8.680809
0.38077661	0.77422154	-10.443076	8.6684666
0.3823359	0.7867859	-10.799593	8.7137213
0.37609884	0.79000753	-10.468302	8.7013788
0.3823359	0.79838377	-10.475029	8.7342911
0.38389516	0.78710806	-10.462417	8.6643534
0.37765813	0.79355133	-10.475869	8.6890373
0.38389516	0.79838377	-10.381696	8.680809
0.38077661	0.79451782	-10.468302	8.6931515
0.38077661	0.78871888	-10.464938	8.6684666
0.3870137	0.78581941	-10.4456	8.6643534
0.39325073	0.77486587	-10.483438	8.6520109
0.36830249	0.78002048	-10.324518	8.6849232
0.36362472	0.77293289	-10.474188	8.6931515
0.36830249	0.77518803	-10.411124	8.7096071
0.38389516	0.77840966	-10.471665	8.680809
0.36986178	0.7867859	-10.481755	8.6849232
0.37921739	0.7842086	-10.504458	8.6602392
0.37921739	0.7842086	-10.471665	8.6725807
0.37609884	0.78388643	-10.489323	8.7013788
0.38077661	0.77293289	-10.284158	8.6437826
0.37765813	0.77744317	-10.481755	8.6643534
0.37921739	0.78453076	-10.440554	8.6643534
0.37609884	0.78904104	-10.449803	8.6931515
0.37609884	0.79258484	-10.477551	8.6972656
0.37298033	0.79226267	-10.433827	8.7178354
0.38077661	0.78936321	-10.475029	8.6931515
0.37298033	0.79677296	-10.460734	8.7219496
0.37765813	0.79709512	-10.350584	8.6890373
0.37765813	0.79322916	-10.454848	8.6890373
0.38077661	0.78034264	-10.314428	8.6684666
0.38545445	0.7745437	-10.467461	8.6890373
0.38857296	0.77647668	-10.488482	8.680809
0.37765813	0.78388643	-10.782776	8.6684666
0.38077661	0.78775239	-10.478392	8.680809
0.37765813	0.77486587	-10.46662	8.6766949
0.37921739	0.77937615	-10.481755	8.6890373
0.37765813	0.7684226	-10.443076	8.6643534
0.37765813	0.78485292	-10.340494	8.7096071
0.37921739	0.79258484	-10.462417	8.6972656
0.37921739	0.79741728	-10.500254	8.6972656
0.39013225	0.78130913	-10.459053	8.6314411
0.38077661	0.77357721	-10.422056	8.6725807
0.37921739	0.78098696	-10.332927	8.7013788
0.36830249	0.7842086	-10.430465	8.680809
0.37609884	0.79709512	-10.464098	8.705493
0.39325073	0.79000753	-10.465779	8.680809
0.38077661	0.78324211	-10.47671	8.6602392
0.38857296	0.78710806	-10.431305	8.6725807
0.3823359	0.77067775	-10.442237	8.6520109
0.37765813	0.76745611	-10.473348	8.6931515
0.37921739	0.77164423	-10.24548	8.7013788
0.3870137	0.76359016	-10.472507	8.6849232
0.38077661	0.78324211	-10.460734	8.7301769
0.37921739	0.77228856	-10.458212	8.6684666
0.37453958	0.77357721	-10.459894	8.6602392
0.38857296	0.77164423	-10.386741	8.6643534
0.37298033	0.78163129	-10.449803	8.6684666
0.38077661	0.77679884	-10.484279	8.6972656
0.36674324	0.78968537	-10.444759	8.7013788
0.39013225	0.77615452	-10.452326	8.627327
0.38077661	0.78936321	-10.427101	8.7137213
0.37609884	0.77679884	-10.490164	8.6602392
0.37921739	0.78195345	-10.444759	8.680809
0.37765813	0.78581941	-10.452326	8.6766949
0.38077661	0.77873182	-10.460734	8.6931515
0.39013225	0.77583236	-10.37581	8.6684666
0.39169151	0.77937615	-10.452326	8.6849232
0.38545445	0.77712101	-10.444759	8.6890373
0.38389516	0.7867859	-10.385059	8.7096071
0.37298033	0.78453076	-10.454007	8.6972656
0.37921739	0.79355133	-10.56584	8.6849232
0.37765813	0.79322916	-10.490164	8.680809
0.37765813	0.77969831	-10.467461	8.6972656
0.38077661	0.78195345	-10.347221	8.680809
0.37921739	0.78710806	-10.479233	8.7013788
0.37298033	0.79419565	-10.463257	8.7219496
0.37765813	0.77583236	-10.444759	8.680809
0.38857296	0.76165718	-10.464098	8.6520109
0.3823359	0.78034264	-10.47671	8.7260637
0.38389516	0.7806648	-10.472507	8.6890373
0.37142104	0.77905399	-10.443918	8.7096071
0.37921739	0.78259778	-10.45653	8.6849232
0.37921739	0.79000753	-10.469984	8.7096071
0.38545445	0.78517509	-10.47671	8.7096071
0.38389516	0.77840966	-10.448963	8.6437826
0.37298033	0.78130913	-10.449803	8.6725807
0.37765813	0.78002048	-10.422896	8.6725807
0.38077661	0.7867859	-10.433827	8.6972656
0.3870137	0.78710806	-10.475869	8.6849232
0.37921739	0.792907	-10.479233	8.6849232
0.37142104	0.78453076	-10.475869	8.6766949
0.37298033	0.79065186	-10.397672	8.680809
0.37921739	0.7780875	-10.452326	8.6725807
0.37609884	0.78356427	-10.509502	8.7137213
0.37921739	0.78485292	-10.48596	8.705493
0.38389516	0.77164423	-10.473348	8.6602392
0.37609884	0.77776533	-10.343858	8.7013788
0.38077661	0.7719664	-10.475029	8.6931515
0.37921739	0.78614157	-10.477551	8.7013788
0.38389516	0.78324211	-10.468302	8.6725807
0.37609884	0.77357721	-10.471665	8.680809
0.37921739	0.78614157	-10.501936	8.7013788
0.37921739	0.78710806	-10.46662	8.7096071
0.36986178	0.7954843	-10.458212	8.705493
0.37298033	0.79161835	-10.431305	8.6931515
0.36830249	0.78581941	-10.4456	8.6643534
0.36986178	0.79097402	-10.473348	8.6890373
0.35426912	0.80192757	-10.437191	8.6890373
0.36050621	0.79129618	-10.471665	8.6725807
0.36986178	0.78968537	-10.464938	8.7096071
0.37921739	0.7842086	-10.439713	8.6849232
0.37921739	0.77422154	-10.493526	8.6849232
0.37453958	0.77293289	-10.405239	8.6890373
0.37298033	0.77873182	-10.45653	8.6931515
0.37609884	0.79194051	-10.450644	8.758975
0.38077661	0.7867859	-10.339654	8.6725807
0.38857296	0.78034264	-10.483438	8.6766949
0.37921739	0.78936321	-10.34638	8.705493
0.37765813	0.77840966	-10.449803	8.6684666
0.37609884	0.78324211	-10.441395	8.6972656
0.37921739	0.78517509	-10.40692	8.6725807
0.37921739	0.78034264	-10.446441	8.6849232
0.37765813	0.7842086	-10.475029	8.680809
0.36986178	0.77679884	-10.45569	8.6643534
0.37921739	0.77518803	-10.464938	8.680809
0.37298033	0.77647668	-10.335449	8.7013788
0.37921739	0.78485292	-10.483438	8.7096071
0.37142104	0.76810044	-10.462417	8.6602392
0.38077661	0.77486587	-10.471665	8.6684666
0.37453958	0.78614157	-10.488482	8.7178354
0.36986178	0.78324211	-10.643197	8.705493
0.38389516	0.7745437	-10.481755	8.680809
0.37609884	0.78195345	-10.443918	8.705493
0.38077661	0.78646374	-10.481755	8.6931515
0.37298033	0.7867859	-10.428782	8.7096071
0.38077661	0.77132207	-10.334609	8.6931515
0.37609884	0.77905399	-10.434669	8.6849232
0.37298033	0.78904104	-10.470825	8.680809
0.37921739	0.78710806	-10.450644	8.6890373
0.37453958	0.79161835	-10.458212	8.680809
0.37298033	0.78710806	-10.389263	8.6890373
0.37142104	0.78936321	-10.464098	8.7178354
0.37765813	0.78453076	-10.444759	8.680809
0.36986178	0.79419565	-10.290885	8.7137213
0.38857296	0.79000753	-10.494368	8.7260637
0.3823359	0.78807455	-10.395149	8.6849232
0.3823359	0.77744317	-10.49521	8.6561251
0.37921739	0.76487881	-10.42626	8.6602392
0.36518401	0.77067775	-10.340494	8.7096071
0.38389516	0.76326799	-10.467461	8.6849232
0.37298033	0.76810044	-10.432146	8.705493
0.38077661	0.76971126	-10.458212	8.7013788
0.37921739	0.78646374	-10.469144	8.7219496
0.37298033	0.79419565	-10.423738	8.7096071
0.38389516	0.79419565	-10.486801	8.6972656
0.38389516	0.79258484	-10.462417	8.705493
0.38545445	0.79773945	-10.492686	8.7384052
0.38077661	0.78936321	-10.475869	8.6849232
0.3823359	0.77873182	-10.335449	8.6766949
0.38545445	0.77937615	-10.459894	8.6972656
0.3823359	0.76777828	-10.449803	8.680809
0.37921739	0.78324211	-10.451485	8.7301769
0.38545445	0.77840966	-10.427101	8.6643534
0.37921739	0.78324211	-10.329563	8.7178354
0.38389516	0.77873182	-10.484279	8.6766949
0.37921739	0.78034264	-10.447281	8.705493
0.37921739	0.78002048	-10.458212	8.7013788
0.37765813	0.7745437	-10.473348	8.705493
0.37765813	0.79258484	-10.458212	8.7219496
0.37765813	0.79645079	-10.467461	8.7096071
0.37298033	0.79741728	-10.454848	8.7301769
0.38545445	0.802894	-10.595269	8.7507477
0.37765813	0.78968537	-10.467461	8.6849232
0.38545445	0.78775239	-10.464098	8.680809
0.3823359	0.7842086	-10.477551	8.680809
0.37921739	0.78388643	-10.468302	8.6931515
0.36674324	0.78710806	-10.400194	8.7178354
0.36830249	0.79194051	-10.464938	8.7466335
0.38389516	0.792907	-10.468302	8.7301769
0.37298033	0.78904104	-10.475869	8.7096071
0.38389516	0.79419565	-10.488482	8.7013788
0.3823359	0.77647668	-10.410284	8.6602392
0.3823359	0.7684226	-10.451485	8.6725807
0.38545445	0.76487881	-10.451485	8.6478968
0.36518401	0.77164423	-10.450644	8.6849232
0.37921739	0.77132207	-10.448963	8.6931515
0.37609884	0.77035558	-10.317792	8.6931515
0.37765813	0.78034264	-10.459053	8.7178354
0.37609884	0.792907	-10.477551	8.705493
0.37609884	0.79741728	-10.438032	8.7178354
0.37921739	0.79032969	-10.453167	8.6890373
0.37921739	0.79226267	-10.451485	8.6972656
0.38077661	0.78936321	-10.478392	8.705493
0.36830249	0.78581941	-10.457372	8.6972656
0.38545445	0.76262367	-10.323677	8.6437826
0.38389516	0.76648962	-10.459053	8.6561251
0.3823359	0.7684226	-10.471665	8.6643534
0.36362472	0.7842086	-10.464098	8.705493
0.36986178	0.79516214	-10.443918	8.7342911
0.38077661	0.78839672	-10.332087	8.6766949
0.38545445	0.78485292	-10.470825	8.6725807
0.38077661	0.78356427	-10.459894	8.7137213
0.38389516	0.78259778	-10.46662	8.680809
0.38389516	0.77647668	-10.438872	8.6643534
0.38857296	0.77518803	-10.344698	8.6520109
0.37453958	0.77679884	-10.472507	8.6766949
0.37298033	0.78904104	-10.45569	8.7219496
0.39013225	0.77164423	-10.470825	8.705493
0.37765813	0.77905399	-10.464098	8.7137213
0.38077661	0.79258484	-10.693647	8.7548618
0.37921739	0.79258484	-10.480914	8.705493
0.3870137	0.78485292	-10.47671	8.6849232
0.38545445	0.78034264	-10.29593	8.6849232
0.3823359	0.76520097	-10.492686	8.6972656
0.37921739	0.76681179	-10.460734	8.6890373
0.37298033	0.78227562	-10.452326	8.7425194
0.38077661	0.77261072	-10.448963	8.6890373
0.37142104	0.78227562	-10.419534	8.7301769
0.37298033	0.79065186	-10.510345	8.7342911
0.37142104	0.79516214	-10.458212	8.7178354
0.38545445	0.78775239	-10.497732	8.6849232
0.37453958	0.79451782	-10.475869	8.7096071
0.38077661	0.78807455	-10.353948	8.6725807
0.37921739	0.78002048	-10.467461	8.6725807
0.37453958	0.77615452	-10.467461	8.6643534
0.37921739	0.77164423	-10.458212	8.680809
0.37921739	0.7745437	-10.467461	8.705493
0.36518401	0.77003342	-10.415329	8.6972656
0.37142104	0.78195345	-10.459053	8.7425194
0.37765813	0.78130913	-10.442237	8.7260637
0.36986178	0.78710806	-10.410284	8.7096071
0.39013225	0.78453076	-10.499413	8.6766949
0.37921739	0.78775239	-10.332927	8.7219496
0.37921739	0.8016054	-10.469984	8.7260637
0.37921739	0.78388643	-10.443918	8.6931515
0.3823359	0.77840966	-10.440554	8.6931515
0.38389516	0.78227562	-10.469144	8.6849232
0.36830249	0.79967242	-10.443918	8.7425194
0.3823359	0.79387349	-10.458212	8.705493
0.37453958	0.78646374	-10.431305	8.6972656
0.3823359	0.78710806	-10.351425	8.7384052
0.37765813	0.79226267	-10.47671	8.7219496
0.36830249	0.79387349	-10.491005	8.7301769
0.37298033	0.78485292	-10.448122	8.7137213
0.37765813	0.78163129	-10.41701	8.6931515
0.39013225	0.78034264	-10.342176	8.6931515
0.37765813	0.78581941	-10.465779	8.7013788
0.3823359	0.77615452	-10.459053	8.680809
0.37609884	0.77840966	-10.407762	8.7096071
0.37921739	0.77873182	-10.471665	8.6931515
0.37298033	0.7842086	-10.409443	8.7013788
0.37609884	0.77840966	-10.438032	8.7137213
0.37298033	0.78227562	-10.45653	8.6849232
0.37298033	0.79612863	-10.464098	8.7301769
0.37453958	0.79000753	-10.494368	8.6931515
0.37298033	0.80192757	-10.45653	8.7178354
0.38077661	0.79677296	-10.464098	8.6766949
0.37609884	0.79870594	-10.465779	8.7178354
0.3823359	0.79419565	-10.440554	8.7096071
0.38389516	0.78002048	-10.463257	8.7013788
0.37921739	0.78163129	-10.468302	8.7260637
0.37453958	0.7745437	-10.462417	8.7219496
0.37453958	0.77003342	-10.468302	8.705493
0.37298033	0.77647668	-10.288363	8.6849232
0.37609884	0.78549725	-10.475869	8.705493
0.37921739	0.77583236	-10.425419	8.7096071
0.36986178	0.77744317	-10.358151	8.7425194
0.38545445	0.7745437	-10.460734	8.7096071
0.37609884	0.76359016	-10.322837	8.6890373
0.37765813	0.77905399	-10.472507	8.7178354
0.37298033	0.78259778	-10.458212	8.7342911
0.37765813	0.78807455	-10.438872	8.6766949
0.37765813	0.79226267	-10.490164	8.705493
0.38077661	0.79032969	-10.471665	8.7013788
0.3823359	0.79032969	-10.463257	8.7178354
0.3823359	0.79451782	-10.46662	8.7260637
0.37142104	0.792907	-10.435509	8.7384052
0.37298033	0.79258484	-10.443076	8.7384052
0.37453958	0.77164423	-10.458212	8.6890373
0.38857296	0.76616746	-10.484279	8.705493
0.3870137	0.77422154	-10.465779	8.7096071
0.36986178	0.78034264	-10.450644	8.7384052
0.38389516	0.78163129	-10.464098	8.7013788
0.3823359	0.78775239	-10.464938	8.7137213
0.37453958	0.7867859	-10.479233	8.7260637
0.37921739	0.78163129	-10.463257	8.7096071
0.38389516	0.77293289	-10.241276	8.6972656
0.37609884	0.78227562	-10.479233	8.7301769
0.37453958	0.78163129	-10.45653	8.7178354
0.36518401	0.78839672	-10.380855	8.7342911
0.37453958	0.79129618	-10.437191	8.7013788
0.37765813	0.79097402	-10.298452	8.7301769
0.38545445	0.78614157	-10.498572	8.7219496
0.3870137	0.77486587	-10.448963	8.7260637
0.38077661	0.76423448	-10.517911	8.6684666
0.37765813	0.76423448	-10.4456	8.6890373
0.38077661	0.76391232	-10.454007	8.6972656
0.37921739	0.78291994	-10.475029	8.7260637
0.37921739	0.78227562	-10.473348	8.6972656
0.37921739	0.7806648	-10.458212	8.705493
0.37921739	0.78549725	-10.46662	8.7260637
0.37921739	0.77744317	-10.459053	8.705493
0.3823359	0.7867859	-10.477551	8.7096071
0.37921739	0.79194051	-10.459053	8.7137213
0.38389516	0.7806648	-10.463257	8.680809
0.38077661	0.78324211	-10.492686	8.7178354
0.38545445	0.77969831	-10.464098	8.7013788
0.36674324	0.79258484	-10.929083	8.7466335
0.37921739	0.79612863	-10.458212	8.7301769
0.37453958	0.79097402	-10.425419	8.6931515
0.38077661	0.78646374	-10.46662	8.7013788
0.38077661	0.77905399	-10.452326	8.7013788
0.37298033	0.7780875	-10.448122	8.7219496
0.36674324	0.7780875	-10.420374	8.6972656
0.3823359	0.77518803	-10.45653	8.6931515
0.38077661	0.77969831	-10.472507	8.705493
0.37921739	0.77228856	-10.459894	8.6890373
0.37142104	0.77840966	-10.437191	8.7178354
0.37921739	0.78356427	-10.458212	8.7178354
0.37142104	0.80192757	-10.439713	8.7630892
0.38389516	0.79612863	-10.475869	8.6931515
0.38077661	0.79065186	-10.459053	8.6972656
0.37609884	0.79387349	-10.400194	8.6931515
0.38389516	0.79355133	-10.454848	8.7137213
0.37142104	0.80224973	-10.490164	8.758975
0.37298033	0.79967242	-10.472507	8.7219496
0.37765813	0.79097402	-10.4456	8.6931515
0.37921739	0.77840966	-10.34554	8.7219496
0.38389516	0.76874477	-10.459053	8.6766949
0.36986178	0.77389938	-10.438872	8.7301769
0.36986178	0.78195345	-10.446441	8.7342911
0.37298033	0.78581941	-10.447281	8.7342911
0.37298033	0.78195345	-10.486801	8.7096071
0.37609884	0.78517509	-10.472507	8.7178354
0.39013225	0.78388643	-10.486801	8.7137213
0.37298033	0.80063891	-10.434669	8.7877741
0.37142104	0.80031675	-10.475029	8.7548618
0.38077661	0.78871888	-10.429624	8.7096071
0.37765813	0.79612863	-10.475029	8.7301769
0.37921739	0.79870594	-10.47671	8.7672033
0.37453958	0.79483998	-10.655809	8.7096071
0.37298033	0.79258484	-10.421215	8.7260637
0.37921739	0.79387349	-10.472507	8.7096071
0.37765813	0.78485292	-10.472507	8.7013788
0.37609884	0.76391232	-10.451485	8.6766949
0.37298033	0.76810044	-10.364038	8.6972656
0.37765813	0.77164423	-10.469144	8.7096071
0.38389516	0.76616746	-10.47671	8.6766949
0.37142104	0.77840966	-10.368242	8.7137213
0.39013225	0.77518803	-10.471665	8.7096071
0.36362472	0.78291994	-10.480074	8.758975
0.37765813	0.77840966	-10.457372	8.6890373
0.38077661	0.78646374	-10.453167	8.705493
0.39013225	0.79419565	-10.415329	8.7178354
0.3823359	0.79451782	-10.473348	8.7260637
0.37765813	0.78743023	-10.467461	8.6849232
0.37609884	0.79000753	-10.45569	8.7096071
0.36362472	0.79451782	-10.443918	8.7260637
0.37921739	0.79387349	-10.274909	8.7137213
0.38389516	0.78614157	-10.473348	8.7096071
0.37765813	0.77615452	-10.459894	8.7219496
0.37453958	0.78259778	-10.473348	8.7342911
0.37765813	0.77099991	-10.423738	8.6931515
0.3823359	0.7684226	-10.450644	8.7137213
0.38389516	0.76487881	-10.468302	8.7096071
0.37298033	0.76938909	-10.442237	8.705493
0.38545445	0.76874477	-10.472507	8.680809
0.36518401	0.78549725	-10.457372	8.7342911
0.37142104	0.79387349	-10.420374	8.7260637
0.38077661	0.79419565	-10.459894	8.7342911
0.3870137	0.78259778	-10.473348	8.6972656
0.37609884	0.77615452	-10.274068	8.6972656
0.3870137	0.77518803	-10.489323	8.7096071
0.36986178	0.78002048	-10.444759	8.7260637
0.37298033	0.78034264	-10.427941	8.6931515
0.37142104	0.77937615	-10.441395	8.7096071
0.37609884	0.78195345	-10.363197	8.7137213
0.37921739	0.76681179	-10.454007	8.7178354
0.3823359	0.77712101	-10.479233	8.7219496
0.38389516	0.76520097	-10.465779	8.6890373
0.36986178	0.77164423	-10.4456	8.7096071
0.38077661	0.77325505	-10.325359	8.7425194
0.37765813	0.77389938	-10.462417	8.6890373
0.37921739	0.78388643	-10.467461	8.7178354
0.37921739	0.78807455	-10.47671	8.7096071
0.37298033	0.78936321	-10.449803	8.6931515
0.38545445	0.79065186	-10.320314	8.7178354
0.37921739	0.79161835	-10.460734	8.705493
0.38077661	0.78259778	-10.45653	8.7137213
0.37609884	0.77357721	-10.402717	8.6725807
0.37765813	0.78356427	-10.448963	8.6931515
0.36830249	0.78614157	-10.453167	8.7096071
0.37453958	0.78775239	-10.444759	8.7507477
0.37453958	0.77873182	-10.463257	8.7096071
0.38545445	0.77293289	-10.360675	8.6931515
0.37142104	0.78614157	-10.470825	8.7384052
0.37298033	0.78227562	-10.470825	8.7548618
0.37765813	0.78646374	-10.454848	8.7384052
0.38545445	0.79226267	-10.488482	8.7096071
0.37921739	0.78710806	-10.451485	8.7137213
0.36518401	0.79645079	-10.431305	8.7507477
0.37921739	0.77518803	-10.438032	8.6972656
0.37453958	0.792907	-10.458212	8.7425194
0.38389516	0.77518803	-10.482595	8.6890373
0.37609884	0.78968537	-10.468302	8.7013788
0.37609884	0.7867859	-10.460734	8.7096071
0.36830249	0.79258484	-10.451485	8.7219496
0.36986178	0.80482697	-10.359834	8.7507477
0.37142104	0.80772644	-10.448963	8.7260637
0.37921739	0.79838377	-10.323677	8.7013788
0.39169151	0.7867859	-10.475869	8.705493
0.38077661	0.78710806	-10.467461	8.7301769
0.37453958	0.77712101	-10.304338	8.6972656
0.37453958	0.76906693	-10.4456	8.6890373
0.37921739	0.76713395	-10.442237	8.7219496
0.36674324	0.79097402	-10.450644	8.7713175
0.37298033	0.79935026	-10.47671	8.7507477
0.37142104	0.79677296	-10.424579	8.7466335
0.3823359	0.79612863	-10.485119	8.7301769
0.37609884	0.80353832	-10.491005	8.7466335
0.37921739	0.80096108	-10.480074	8.6931515
0.38545445	0.78291994	-10.458212	8.6849232
0.37921739	0.78324211	-10.418693	8.705493
0.37765813	0.78356427	-10.482595	8.7384052
0.37609884	0.77937615	-10.451485	8.7260637
0.37765813	0.77132207	-10.377492	8.7013788
0.37609884	0.77551019	-10.45569	8.7260637
0.38077661	0.79258484	-10.469984	8.7466335
0.37142104	0.78807455	-10.470825	8.7137213
0.37298033	0.78743023	-10.450644	8.7178354
0.37765813	0.78324211	-10.374969	8.7137213
0.37609884	0.78163129	-10.452326	8.7096071
0.37921739	0.77776533	-10.464098	8.6766949
0.36986178	0.7867859	-10.453167	8.7178354
0.37921739	0.78517509	-10.439713	8.7301769
0.3823359	0.77969831	-10.367401	8.7013788
0.36362472	0.79097402	-10.512867	8.7425194
0.37609884	0.79065186	-10.482595	8.7096071
0.3823359	0.78291994	-10.468302	8.7301769
0.37298033	0.79194051	-10.478392	8.7096071
0.37142104	0.80192757	-10.434669	8.7219496
0.37921739	0.79161835	-10.459053	8.6890373
0.37921739	0.79258484	-10.473348	8.7178354
0.37921739	0.78549725	-10.41617	8.7260637
0.3870137	0.77744317	-10.499413	8.7178354
0.37765813	0.78453076	-10.457372	8.7384052
0.37765813	0.77744317	-10.460734	8.7013788
0.37609884	0.78549725	-10.475029	8.7301769
0.37921739	0.78291994	-10.388422	8.7178354
0.38077661	0.78614157	-10.480914	8.7096071
0.36986178	0.79097402	-10.353948	8.7178354
0.37609884	0.78453076	-10.438032	8.6972656
0.36986178	0.78839672	-10.46662	8.7219496
0.37142104	0.77873182	-10.384218	8.7178354
0.37921739	0.77873182	-10.460734	8.6849232
0.37765813	0.78388643	-10.446441	8.705493
0.37453958	0.79387349	-10.477551	8.7301769
0.35894692	0.79967242	-10.469144	8.758975
0.36830249	0.80224973	-10.36572	8.7178354
0.37765813	0.79129618	-10.441395	8.7013788
0.38545445	0.78227562	-10.483438	8.6931515
0.37921739	0.78549725	-10.484279	8.7260637
0.36830249	0.79645079	-10.443918	8.7466335
0.3870137	0.77937615	-10.441395	8.6890373
0.37298033	0.77389938	-10.459053	8.6931515
0.37765813	0.77583236	-10.473348	8.7096071
0.36830249	0.78968537	-10.385059	8.7219496
0.37453958	0.78646374	-10.46662	8.7096071
0.38077661	0.78388643	-10.453167	8.6931515
0.37453958	0.79226267	-10.46662	8.7466335
0.37298033	0.79065186	-10.468302	8.6931515
0.37609884	0.78324211	-10.368242	8.7178354
0.37765813	0.78968537	-10.470825	8.6931515
0.38077661	0.78936321	-10.442237	8.6931515
0.37298033	0.77583236	-10.460734	8.6931515
0.37453958	0.77873182	-10.423738	8.7096071
0.36986178	0.78936321	-10.453167	8.7713175
0.37298033	0.79129618	-10.474188	8.7466335
0.36830249	0.79065186	-10.442237	8.7301769
0.38389516	0.7719664	-10.477551	8.6849232
0.37765813	0.76423448	-10.459894	8.7096071
0.37765813	0.7745437	-10.411966	8.7260637
0.37298033	0.78581941	-10.441395	8.7096071
0.36986178	0.7806648	-10.419534	8.7096071
0.38389516	0.77712101	-10.457372	8.7096071
0.37609884	0.79000753	-10.469144	8.7384052
0.37921739	0.78098696	-10.438032	8.6972656
0.37142104	0.78453076	-10.452326	8.6972656
0.37921739	0.77776533	-10.461576	8.7013788
0.37921739	0.77776533	-10.306861	8.6849232
0.37921739	0.78453076	-10.474188	8.7096071
0.37142104	0.79483998	-10.47671	8.7466335
0.37765813	0.78936321	-10.442237	8.6849232
0.36674324	0.78936321	-10.460734	8.7260637
0.37765813	0.78163129	-10.374128	8.6849232
0.37609884	0.7623015	-10.452326	8.705493
0.38389516	0.7684226	-10.475869	8.7137213
0.37298033	0.77164423	-10.454848	8.7219496
0.36830249	0.77776533	-10.454007	8.7507477
0.38389516	0.77164423	-10.394308	8.7342911
0.36518401	0.78614157	-10.473348	8.758975
0.37765813	0.78775239	-10.480914	8.7178354
0.37453958	0.78581941	-10.448122	8.6890373
0.38077661	0.7806648	-10.46662	8.705493
0.37298033	0.78356427	-10.290885	8.705493
0.37142104	0.78710806	-10.46662	8.7096071
0.37921739	0.79194051	-10.467461	8.680809
0.37298033	0.79000753	-10.437191	8.7301769
0.37298033	0.79935026	-10.482595	8.7096071
0.37453958	0.79258484	-10.449803	8.7178354
0.37609884	0.78259778	-10.45653	8.7219496
0.37921739	0.79161835	-10.444759	8.7342911
0.38545445	0.78195345	-10.440554	8.7096071
0.37765813	0.77679884	-10.485119	8.6972656
0.37921739	0.77840966	-10.448963	8.7342911
0.36518401	0.77873182	-10.45569	8.7342911
0.36986178	0.79451782	-10.478392	8.7466335
0.37921739	0.78581941	-10.367401	8.705493
0.38389516	0.78904104	-10.499413	8.7425194
0.37921739	0.78807455	-10.463257	8.705493
0.37453958	0.78807455	-10.484279	8.7096071
0.37765813	0.78936321	-10.4456	8.7137213
0.36518401	0.79000753	-10.778572	8.7301769
0.36986178	0.80063891	-10.465779	8.7630892
0.38077661	0.77937615	-10.444759	8.7137213
0.37609884	0.77647668	-10.427941	8.7178354
0.38389516	0.77422154	-10.480074	8.705493
0.37609884	0.77486587	-10.440554	8.6972656
0.37298033	0.78904104	-10.474188	8.7630892
0.37609884	0.78775239	-10.427101	8.7260637
0.38077661	0.77905399	-10.42626	8.6931515
0.37453958	0.7745437	-10.458212	8.7096071
0.37453958	0.77228856	-10.475029	8.7013788
0.37921739	0.77099991	-10.432146	8.7219496
0.37765813	0.78549725	-10.480074	8.7219496
0.37298033	0.7867859	-10.328723	8.7219496
0.37921739	0.79226267	-10.46662	8.7260637
0.38389516	0.78710806	-10.477551	8.7425194
0.37921739	0.79773945	-10.465779	8.7425194
0.38077661	0.78646374	-10.469984	8.7137213
0.37453958	0.79387349	-10.447281	8.758975
0.37765813	0.79838377	-10.459894	8.7754316
0.37142104	0.80482697	-10.45653	8.7795458
0.3823359	0.78839672	-10.453167	8.7342911
0.37453958	0.78839672	-10.469984	8.7425194
0.3823359	0.78130913	-10.422896	8.7384052
0.36986178	0.78839672	-10.45653	8.7301769
0.36830249	0.78291994	-10.464938	8.7342911
0.37142104	0.78130913	-10.413648	8.7096071
0.38389516	0.77486587	-10.468302	8.6890373
0.36206546	0.78034264	-10.448122	8.7178354
0.37453958	0.7745437	-10.452326	8.705493
0.37609884	0.78259778	-10.464098	8.7384052
0.37453958	0.78324211	-10.328723	8.758975
0.36986178	0.79451782	-10.459894	8.7672033
0.37453958	0.79097402	-10.488482	8.7096071
0.37921739	0.79032969	-10.471665	8.7178354
0.37921739	0.78485292	-10.461576	8.7013788
0.36050621	0.79258484	-10.450644	8.7342911
0.38077661	0.79677296	-10.486801	8.7384052
0.37609884	0.79194051	-10.45653	8.758975
0.37921739	0.79097402	-10.461576	8.7260637
0.37921739	0.78291994	-10.442237	8.7137213
0.37921739	0.77615452	-10.3859	8.7178354
0.37765813	0.78356427	-10.447281	8.758975
0.37609884	0.7842086	-10.471665	8.7219496
0.37298033	0.78646374	-10.407762	8.7301769
0.37298033	0.7780875	-10.459894	8.7219496
0.38077661	0.77132207	-10.451485	8.7013788
0.36830249	0.78034264	-10.45569	8.7178354
0.37298033	0.77712101	-10.460734	8.7137213
0.36206546	0.78291994	-10.408603	8.7137213
0.38545445	0.77615452	-10.463257	8.680809
0.37298033	0.77293289	-10.462417	8.680809
0.37453958	0.7806648	-10.498572	8.7178354
0.37609884	0.78517509	-10.471665	8.7466335
0.37298033	0.79194051	-10.380014	8.7466335
0.37921739	0.80643779	-10.475029	8.7754316
0.38389516	0.78549725	-10.475869	8.705493
0.37453958	0.78517509	-10.474188	8.7384052
0.37921739	0.78324211	-10.482595	8.7384052
0.37921739	0.77937615	-10.399353	8.7466335
0.37142104	0.76616746	-10.464098	8.7260637
0.38545445	0.77518803	-10.474188	8.7260637
0.37765813	0.7780875	-10.389263	8.7219496
0.37142104	0.78614157	-10.475869	8.7301769
0.36986178	0.78904104	-10.452326	8.7301769
0.36830249	0.802894	-10.45653	8.7630892
0.38545445	0.79032969	-10.458212	8.705493
0.36830249	0.78936321	-10.45653	8.7425194
0.38077661	0.77228856	-10.468302	8.7096071
0.36830249	0.78356427	-10.441395	8.7260637
0.36674324	0.79097402	-10.481755	8.7342911
0.36830249	0.80224973	-10.454007	8.7301769
0.36830249	0.80096108	-10.436351	8.7507477
0.37298033	0.80224973	-10.492686	8.7301769
0.3823359	0.79161835	-10.468302	8.705493
0.37298033	0.78453076	-10.467461	8.7384052
0.38077661	0.79065186	-10.48596	8.7548618
0.36830249	0.78839672	-10.343017	8.7342911
0.36362472	0.80257189	-10.443076	8.7713175
0.37765813	0.79580647	-10.465779	8.7260637
0.38389516	0.78614157	-10.433827	8.7548618
0.37453958	0.7842086	-10.450644	8.7301769
0.37453958	0.78775239	-10.382536	8.7137213
0.3823359	0.79129618	-10.490164	8.7137213
0.36830249	0.78710806	-10.430465	8.7342911
0.3823359	0.78581941	-10.429624	8.7260637
0.37609884	0.79226267	-10.457372	8.758975
0.3870137	0.78743023	-10.488482	8.7137213
0.38077661	0.79838377	-10.475029	8.7466335
0.37609884	0.78839672	-10.462417	8.7260637
0.36986178	0.77518803	-10.386741	8.7425194
0.38857296	0.77003342	-10.443076	8.7219496
0.37142104	0.78388643	-10.447281	8.7630892
0.37765813	0.78195345	-10.469984	8.7301769
0.37142104	0.7806648	-10.459053	8.7178354
0.37765813	0.78549725	-10.438032	8.7630892
0.37453958	0.77647668	-10.457372	8.705493
0.36206546	0.7806648	-10.464938	8.7425194
0.37609884	0.79065186	-10.394308	8.7466335
0.36986178	0.79226267	-10.452326	8.7425194
0.37765813	0.79226267	-10.421215	8.7342911
0.37921739	0.77937615	-10.471665	8.705493
0.37921739	0.78291994	-10.475029	8.7137213
0.3823359	0.77712101	-10.473348	8.7178354
0.37142104	0.78453076	-10.461576	8.7137213
0.37609884	0.7684226	-10.436351	8.6972656
0.3823359	0.76874477	-10.460734	8.7096071
0.37609884	0.7658453	-10.464938	8.7466335
0.36362472	0.77873182	-10.441395	8.7342911
0.36986178	0.7684226	-10.464098	8.6972656
0.37453958	0.76391232	-10.462417	8.705493
0.36986178	0.76391232	-10.486801	8.7096071
0.37609884	0.77969831	-10.483438	8.7301769
0.37298033	0.78614157	-10.319473	8.7219496
0.37142104	0.78388643	-10.443918	8.7219496
0.38389516	0.78227562	-10.469144	8.7178354
0.37142104	0.79194051	-10.461576	8.7178354
0.37142104	0.79226267	-10.477551	8.7301769
0.37298033	0.78614157	-10.241276	8.6849232
0.37298033	0.77840966	-10.444759	8.705493
0.37921739	0.76906693	-10.45569	8.7013788
0.36986178	0.7719664	-10.439713	8.7425194
0.37765813	0.77003342	-10.47671	8.7384052
0.37298033	0.7719664	-10.405239	8.7219496
0.37765813	0.77679884	-10.482595	8.7342911
0.37298033	0.77937615	-10.458212	8.7137213
0.37921739	0.7806648	-10.447281	8.7507477
0.37609884	0.78614157	-10.449803	8.7096071
0.37921739	0.77551019	-10.443918	8.7219496
0.38389516	0.77551019	-10.460734	8.7260637
0.37765813	0.77744317	-10.4456	8.7301769
0.37921739	0.77261072	-10.386741	8.7137213
0.37609884	0.76777828	-10.417851	8.6972656
0.36830249	0.77679884	-10.469984	8.7301769
0.38389516	0.78614157	-10.497732	8.7137213
0.37298033	0.79580647	-10.461576	8.7672033
0.37453958	0.80837077	-10.461576	8.7630892
0.37298033	0.80482697	-10.464938	8.758975
0.3823359	0.79645079	-10.488482	8.7342911
0.3823359	0.78871888	-10.458212	8.7342911
0.37298033	0.78646374	-10.428782	8.7425194
0.36986178	0.78130913	-10.369082	8.7507477
0.36830249	0.77873182	-10.454007	8.758975
0.3823359	0.78098696	-10.465779	8.7507477
0.37298033	0.79516214	-10.512026	8.7672033
0.37453958	0.79773945	-10.488482	8.7548618
0.36674324	0.79741728	-10.660854	8.7301769
0.37921739	0.78775239	-10.441395	8.7260637
0.38389516	0.78936321	-10.469144	8.7342911
0.37765813	0.79129618	-10.452326	8.7507477
0.37921739	0.78936321	-10.454007	8.7096071
0.37921739	0.7745437	-10.321996	8.6972656
0.36986178	0.77067775	-10.432146	8.7342911
0.36830249	0.78549725	-10.471665	8.7425194
0.36362472	0.78098696	-10.290885	8.7219496
0.36830249	0.78904104	-10.472507	8.7548618
0.36986178	0.79322916	-10.364038	8.7672033
0.37298033	0.80386049	-10.490164	8.7836599
0.3870137	0.80418265	-10.489323	8.7713175
0.36986178	0.78871888	-10.532206	8.705493
0.3870137	0.77905399	-10.475029	8.6643534
0.38389516	0.7780875	-10.443076	8.705493
0.36362472	0.79322916	-10.450644	8.7425194
0.36674324	0.79129618	-10.45569	8.7342911
0.37298033	0.79355133	-10.296771	8.7548618
0.36986178	0.79709512	-10.475869	8.7384052
0.37609884	0.79516214	-10.486801	8.7425194
0.38389516	0.7954843	-10.473348	8.7260637
0.38389516	0.79194051	-10.464098	8.7425194
0.38077661	0.78710806	-10.454007	8.7301769
0.37298033	0.79226267	-10.464098	8.7630892
0.37298033	0.77389938	-10.454007	8.7507477
0.37453958	0.77776533	-10.384218	8.7301769
0.37921739	0.78646374	-10.472507	8.7466335
0.37298033	0.79516214	-10.469144	8.7548618
0.36830249	0.79999459	-10.45569	8.7425194
0.36986178	0.78356427	-10.470825	8.7178354
0.37765813	0.78227562	-10.430465	8.7096071
0.38545445	0.78485292	-10.498572	8.7178354
0.36518401	0.79065186	-10.46662	8.7713175
0.37921739	0.78324211	-10.37581	8.7301769
0.37142104	0.78291994	-10.440554	8.7384052
0.37765813	0.78839672	-10.479233	8.7425194
0.36830249	0.78743023	-10.481755	8.7384052
0.36518401	0.79645079	-10.480914	8.7425194
0.36362472	0.79580647	-10.939172	8.7301769
0.36674324	0.80450481	-10.464938	8.758975
0.37453958	0.79999459	-10.457372	8.7342911
0.37765813	0.78743023	-10.464938	8.705493
0.37921739	0.78195345	-10.464938	8.705493
0.37453958	0.77969831	-10.315269	8.7301769
0.37765813	0.77132207	-10.458212	8.7548618
0.37453958	0.77003342	-10.438032	8.7096071
0.37298033	0.77840966	-10.468302	8.7219496
0.36362472	0.79161835	-10.475029	8.7713175
0.37298033	0.7806648	-10.573406	8.7137213
0.37453958	0.78936321	-10.481755	8.7384052
0.37298033	0.77389938	-10.447281	8.7219496
0.37142104	0.79226267	-10.448122	8.7630892
0.37765813	0.78904104	-10.465779	8.7507477
0.36206546	0.79773945	-10.45569	8.758975
0.37921739	0.79677296	-10.475869	8.7260637
0.36830249	0.79999459	-10.469984	8.758975
0.36986178	0.79161835	-10.454848	8.7219496
0.37298033	0.78775239	-10.433827	8.7178354
0.37921739	0.78614157	-10.625539	8.7301769
0.37453958	0.77873182	-10.464098	8.7466335
0.36518401	0.77325505	-10.47671	8.7260637
0.37453958	0.77647668	-10.29593	8.7096071
0.38077661	0.77647668	-10.472507	8.7301769
0.36986178	0.78227562	-10.48596	8.7795458
0.37765813	0.78195345	-10.45569	8.7301769
0.37609884	0.77744317	-10.491845	8.7096071
0.37921739	0.78646374	-10.369924	8.7507477
0.37921739	0.77840966	-10.433827	8.7301769
0.37765813	0.78356427	-10.469984	8.7342911
0.39169151	0.78002048	-10.463257	8.7096071
0.37921739	0.78581941	-10.452326	8.7301769
0.3823359	0.7806648	-10.402717	8.7178354
0.36830249	0.77937615	-10.431305	8.7466335
0.37921739	0.77003342	-10.454007	8.705493
0.37453958	0.77873182	-10.453167	8.7425194
0.36986178	0.77486587	-10.452326	8.6972656
0.36986178	0.78163129	-10.418693	8.7425194
0.37921739	0.78163129	-10.460734	8.7384052
0.37921739	0.78195345	-10.484279	8.7466335
0.38077661	0.78227562	-10.452326	8.7384052
0.36986178	0.7842086	-10.463257	8.7342911
0.37921739	0.78549725	-10.428782	8.758975
0.37921739	0.78453076	-10.468302	8.758975
0.37921739	0.78485292	-10.471665	8.7672033
0.37921739	0.78356427	-10.418693	8.7466335
0.37453958	0.79870594	-10.469144	8.7754316
0.37453958	0.802894	-10.335449	8.7960014
0.37921739	0.78743023	-10.470825	8.7260637
0.38389516	0.78130913	-10.469144	8.7137213
0.37921739	0.77776533	-10.388422	8.7384052
0.37298033	0.77937615	-10.448122	8.758975
0.37765813	0.77518803	-10.414488	8.7342911
0.37765813	0.77712101	-10.447281	8.7301769
0.37765813	0.77132207	-10.490164	8.7301769
0.36518401	0.77937615	-10.444759	8.7301769
0.37609884	0.76681179	-10.464098	8.705493
0.37453958	0.78324211	-10.471665	8.7425194
0.37453958	0.78034264	-10.467461	8.7630892
0.36518401	0.78098696	-10.436351	8.7384052
0.37765813	0.78324211	-10.42626	8.7384052
0.37142104	0.78968537	-10.443918	8.7507477
0.37609884	0.78710806	-10.463257	8.7713175
0.3870137	0.78453076	-10.449803	8.7342911
0.38077661	0.78968537	-10.485119	8.7301769
0.36674324	0.79419565	-10.430465	8.7425194
0.36518401	0.7842086	-10.432146	8.7713175
0.36206546	0.78743023	-10.420374	8.7260637
0.37765813	0.78227562	-10.41701	8.7301769
0.37609884	0.77776533	-10.468302	8.7219496
0.38077661	0.76938909	-10.502776	8.7219496
0.36830249	0.79097402	-10.460734	8.7795458
0.37298033	0.77969831	-10.442237	8.7342911
0.36830249	0.77744317	-10.268183	8.7466335
0.3823359	0.78002048	-10.485119	8.7178354
0.36986178	0.79161835	-10.469984	8.7877741
0.37298033	0.8016054	-10.474188	8.7836599
0.36362472	0.7990281	-10.442237	8.7795458
0.37453958	0.8115924	-10.3859	8.7713175
0.37453958	0.81513619	-10.463257	8.7507477
0.37765813	0.80257189	-10.467461	8.7466335
0.3870137	0.79999459	-10.722236	8.7466335
0.36518401	0.80353832	-10.438872	8.7507477
0.37298033	0.79999459	-10.387582	8.7178354
0.37921739	0.79483998	-10.462417	8.7137213
0.37921739	0.78968537	-10.48596	8.7219496
0.37453958	0.77776533	-10.41701	8.7342911
0.37765813	0.78517509	-10.464938	8.7672033
0.36986178	0.78291994	-10.45653	8.7301769
0.37298033	0.78968537	-10.465779	8.7754316
0.37298033	0.78871888	-10.484279	8.7713175
0.3823359	0.78324211	-10.331245	8.7466335
0.37921739	0.78549725	-10.469144	8.7466335
0.37142104	0.79194051	-10.473348	8.7507477
0.36830249	0.80096108	-10.465779	8.7672033
0.3823359	0.79483998	-10.475029	8.7425194
0.37921739	0.80353832	-10.440554	8.7754316
0.38389516	0.79451782	-10.477551	8.7507477
0.37609884	0.79065186	-10.464098	8.7672033
0.36830249	0.79387349	-10.417851	8.7466335
0.36986178	0.79677296	-10.454848	8.7795458
0.37142104	0.77873182	-10.473348	8.7342911
0.37142104	0.78002048	-10.46662	8.7507477
0.37609884	0.78324211	-10.470825	8.7384052
0.37765813	0.78775239	-10.446441	8.7836599
0.37298033	0.78453076	-10.438872	8.7178354
0.36830249	0.78098696	-10.448122	8.7178354
0.37765813	0.77969831	-10.399353	8.7137213
0.36830249	0.77293289	-10.443076	8.7137213
0.37298033	0.76745611	-10.448122	8.7013788
0.36206546	0.78453076	-10.433827	8.7630892
0.36986178	0.80096108	-10.465779	8.7754316
0.37765813	0.79967242	-10.451485	8.7425194
0.37765813	0.79032969	-10.477551	8.7301769
0.38077661	0.79258484	-10.471665	8.7384052
0.36986178	0.79065186	-10.461576	8.7342911
0.37765813	0.78356427	-10.482595	8.7260637
0.36830249	0.80031675	-10.437191	8.7630892
0.36362472	0.79967242	-10.450644	8.7713175
0.36674324	0.79580647	-10.449803	8.7754316
0.36830249	0.78227562	-10.443918	8.7384052
0.36830249	0.78807455	-10.474188	8.7630892
0.38389516	0.7842086	-10.370765	8.7301769
0.37921739	0.77744317	-10.475029	8.7466335
0.36986178	0.78388643	-10.474188	8.7425194
0.36986178	0.7780875	-10.434669	8.7137213
0.36518401	0.78710806	-10.481755	8.7384052
0.37765813	0.77969831	-10.421215	8.7137213
0.38077661	0.77840966	-10.462417	8.7260637
0.37453958	0.79516214	-10.496891	8.7754316
0.37298033	0.80450481	-10.411124	8.7548618
0.36518401	0.80096108	-10.459053	8.7795458
0.37142104	0.81255889	-10.45653	8.7548618
0.37765813	0.79999459	-10.477551	8.7137213
0.36986178	0.80031675	-10.489323	8.7754316
0.37921739	0.78936321	-10.442237	8.7507477
0.37298033	0.79194051	-10.460734	8.7384052
0.37142104	0.78839672	-10.475029	8.7466335
0.37142104	0.79194051	-10.457372	8.7672033
0.38077661	0.77679884	-10.475869	8.7301769
0.36518401	0.78356427	-10.380855	8.758975
0.36674324	0.78356427	-10.489323	8.7219496
0.37298033	0.79999459	-10.448963	8.8001156
0.37609884	0.78614157	-10.480074	8.7178354
0.37765813	0.79355133	-10.486801	8.7507477
0.36830249	0.78485292	-10.414488	8.7301769
0.37142104	0.78388643	-10.436351	8.7713175
0.37298033	0.78710806	-10.462417	8.7425194
0.37298033	0.79741728	-10.457372	8.7507477
0.36986178	0.79677296	-10.453167	8.7384052
0.37921739	0.78839672	-10.442237	8.7137213
0.38389516	0.79194051	-10.469984	8.7630892
0.37609884	0.76874477	-10.450644	8.7260637
0.36518401	0.77357721	-10.433827	8.7672033
0.37298033	0.77776533	-10.468302	8.7466335
0.36206546	0.77873182	-10.439713	8.758975
0.37609884	0.77840966	-10.478392	8.7630892
0.37142104	0.78646374	-10.457372	8.7795458
0.36986178	0.79483998	-10.313587	8.7672033
0.37609884	0.78356427	-10.459894	8.7342911
0.37142104	0.79709512	-10.465779	8.7630892
0.3823359	0.78871888	-10.458212	8.7630892
0.37453958	0.78839672	-10.436351	8.7301769
0.37142104	0.79129618	-10.390103	8.7466335
0.37453958	0.79387349	-10.448122	8.7425194
0.36986178	0.79580647	-10.45653	8.7754316
0.38077661	0.78195345	-10.461576	8.7384052
0.37765813	0.78291994	-10.497732	8.758975
0.36830249	0.80096108	-10.485119	8.7918873
0.36206546	0.802894	-10.428782	8.7672033
0.36674324	0.78936321	-10.436351	8.7466335
0.37453958	0.79419565	-10.481755	8.758975
0.38545445	0.79097402	-10.474188	8.7301769
0.38389516	0.79709512	-10.502776	8.7630892
0.38077661	0.79387349	-10.328723	8.7342911
0.37921739	0.7842086	-10.437191	8.7425194
0.36830249	0.78388643	-10.452326	8.7425194
0.37609884	0.78356427	-10.484279	8.7219496
0.36986178	0.79451782	-10.459894	8.7548618
0.36830249	0.79451782	-10.639832	8.758975
0.37453958	0.80353832	-10.464098	8.7672033
0.38545445	0.79838377	-10.480074	8.7301769
0.38077661	0.78775239	-10.453167	8.6890373
0.37921739	0.78324211	-10.446441	8.705493
0.37921739	0.78485292	-10.364038	8.7548618
0.3823359	0.77551019	-10.462417	8.7260637
0.36986178	0.77744317	-10.451485	8.7466335
0.37609884	0.7719664	-10.402717	8.7260637
0.37142104	0.78195345	-10.471665	8.7630892
0.37298033	0.78646374	-10.474188	8.7548618
0.37453958	0.77937615	-10.432987	8.7137213
0.37765813	0.77744317	-10.464098	8.7301769
0.37298033	0.78775239	-10.323677	8.7548618
0.37921739	0.79065186	-10.464098	8.7384052
0.37765813	0.79451782	-10.448963	8.7672033
0.38857296	0.78098696	-10.491845	8.7301769
0.38389516	0.78227562	-10.457372	8.7301769
0.36674324	0.78904104	-10.393467	8.7301769
0.36674324	0.78259778	-10.441395	8.7384052
0.37298033	0.78743023	-10.470825	8.7548618
0.38077661	0.78904104	-10.475029	8.7548618
0.36674324	0.79580647	-10.479233	8.7877741
0.37298033	0.79258484	-10.438872	8.7548618
0.37298033	0.78839672	-10.465779	8.7672033
0.37765813	0.79483998	-10.458212	8.7754316
0.37453958	0.80128324	-10.48596	8.7672033
0.37453958	0.7867859	-10.4456	8.7096071
0.37298033	0.78098696	-10.434669	8.7260637
0.37921739	0.79129618	-10.467461	8.7548618
0.36986178	0.7954843	-10.467461	8.7630892
0.36986178	0.79226267	-10.424579	8.7548618
0.37921739	0.78259778	-10.462417	8.7219496
0.38077661	0.79065186	-10.459053	8.7507477
0.37765813	0.79387349	-10.490164	8.758975
0.37298033	0.79194051	-10.444759	8.7384052
0.38077661	0.77647668	-10.472507	8.7548618
0.38389516	0.77712101	-10.482595	8.7096071
0.37609884	0.7842086	-10.362356	8.7507477
0.37453958	0.78710806	-10.467461	8.7672033
0.36518401	0.78968537	-10.437191	8.7507477
0.36674324	0.77164423	-10.437191	8.6972656
0.37921739	0.77389938	-10.469144	8.7096071
0.37142104	0.78581941	-10.440554	8.7630892
0.36674324	0.78839672	-10.459053	8.7425194
0.38077661	0.77937615	-10.450644	8.705493
0.37921739	0.78002048	-10.432987	8.7178354
0.37609884	0.77164423	-10.452326	8.7342911
0.37609884	0.77261072	-10.401875	8.7096071
0.37453958	0.77905399	-10.461576	8.7342911
0.37298033	0.78581941	-10.484279	8.7301769
0.36518401	0.80450481	-10.417851	8.8001156
0.37609884	0.80128324	-10.461576	8.758975
0.37298033	0.79967242	-10.387582	8.7548618
0.37298033	0.79322916	-10.478392	8.7466335
0.37921739	0.78195345	-10.467461	8.7425194
0.36830249	0.78517509	-10.423738	8.7548618
0.3823359	0.78034264	-10.468302	8.7507477
0.36362472	0.77776533	-10.440554	8.758975
0.36986178	0.78453076	-10.473348	8.7713175
0.36518401	0.78002048	-10.45653	8.7425194
0.36830249	0.79226267	-10.421215	8.758975
0.36986178	0.79419565	-10.477551	8.7425194
0.37298033	0.78710806	-10.465779	8.7466335
0.37453958	0.78904104	-10.508663	8.7630892
0.36986178	0.79806161	-10.443076	8.758975
0.38077661	0.80386049	-10.364038	8.7713175
0.36674324	0.80063891	-10.446441	8.7425194
0.37921739	0.78775239	-10.502776	8.7260637
0.37609884	0.79000753	-10.4456	8.7301769
0.36674324	0.78968537	-10.449803	8.7548618
0.36674324	0.79483998	-10.331245	8.7507477
0.36830249	0.78904104	-10.450644	8.7548618
0.37609884	0.77873182	-10.453167	8.7219496
0.37609884	0.77873182	-10.464098	8.7466335
0.37142104	0.78291994	-10.473348	8.7548618
0.37765813	0.78163129	-10.409443	8.7548618
0.37453958	0.77744317	-10.45569	8.7713175
0.38389516	0.77776533	-10.499413	8.7795458
0.37298033	0.78388643	-10.459053	8.7507477
0.36830249	0.78485292	-10.473348	8.7425194
0.38857296	0.78356427	-10.437191	8.7425194
0.37453958	0.77905399	-10.457372	8.7342911
0.37453958	0.78646374	-10.468302	8.758975
0.37142104	0.78098696	-10.421215	8.7425194
0.36206546	0.79645079	-10.438032	8.7836599
0.36830249	0.79709512	-10.432987	8.7301769
0.36518401	0.80031675	-10.465779	8.7672033
0.37453958	0.80224973	-10.47671	8.7342911
0.37765813	0.78904104	-10.382536	8.7384052
0.37765813	0.78968537	-10.464938	8.7672033
0.37298033	0.77518803	-10.390945	8.7425194
0.36986178	0.7806648	-10.454007	8.758975
0.39169151	0.78163129	-10.470825	8.758975
0.36674324	0.79645079	-10.429624	8.758975
0.37453958	0.77873182	-10.45569	8.7425194
0.36830249	0.77776533	-10.377492	8.7630892
0.37921739	0.77679884	-10.449803	8.7301769
0.36674324	0.78646374	-10.448963	8.7548618
0.37609884	0.78227562	-10.444759	8.7425194
0.36986178	0.78259778	-10.440554	8.7466335
0.37921739	0.78485292	-10.470825	8.7178354
0.36206546	0.78904104	-10.46662	8.7301769
0.37298033	0.79419565	-10.485119	8.7425194
0.36830249	0.78968537	-10.330404	8.7672033
0.36830249	0.79935026	-10.489323	8.7630892
0.37298033	0.78581941	-10.447281	8.7301769
0.37765813	0.77873182	-10.482595	8.7342911
0.38077661	0.78646374	-10.448963	8.7507477
0.36050621	0.78936321	-10.338813	8.758975
0.37298033	0.80031675	-10.478392	8.7795458
0.37921739	0.78388643	-10.446441	8.7425194
0.3823359	0.77583236	-10.489323	8.7301769
0.37609884	0.76938909	-10.463257	8.6972656
0.37609884	0.76906693	-10.377492	8.7301769
0.36986178	0.7745437	-10.428782	8.7466335
0.36986178	0.79129618	-10.463257	8.7630892
0.37298033	0.78485292	-10.460734	8.7342911
0.37298033	0.80611563	-10.459894	8.7713175
0.3870137	0.79870594	-10.448122	8.7219496
0.37921739	0.80450481	-10.475029	8.7630892
0.36362472	0.79194051	-10.463257	8.7301769
0.36830249	0.79161835	-10.424579	8.7507477
0.37609884	0.79741728	-10.479233	8.8206854
0.37298033	0.79355133	-10.472507	8.7713175
0.37453958	0.7867859	-10.469144	8.7795458
0.37609884	0.79226267	-10.460734	8.7713175
0.38389516	0.78646374	-10.440554	8.7342911
0.36674324	0.79870594	-10.457372	8.7630892
0.36830249	0.78968537	-10.48596	8.7425194
0.36674324	0.79677296	-10.437191	8.7548618
0.36830249	0.79161835	-10.462417	8.758975
0.36986178	0.792907	-10.448963	8.7342911
0.37298033	0.78968537	-10.475029	8.7301769
0.35894692	0.79387349	-10.451485	8.7507477
0.37142104	0.80482697	-10.46662	8.7960014
0.37298033	0.79967242	-10.467461	8.7548618
0.37298033	0.80063891	-10.369082	8.7548618
0.37921739	0.79451782	-10.47671	8.758975
0.37921739	0.78485292	-10.454007	8.7301769
0.36674324	0.78227562	-10.432146	8.7466335
0.36986178	0.78485292	-10.45653	8.7466335
0.37142104	0.79065186	-10.353948	8.7836599
0.37921739	0.7780875	-10.467461	8.7219496
0.3870137	0.77840966	-10.471665	8.7096071
0.37298033	0.77712101	-10.458212	8.7384052
0.37298033	0.79097402	-10.475869	8.7960014
0.37453958	0.78871888	-10.265659	8.7507477
0.37142104	0.78936321	-10.438872	8.758975
0.38077661	0.77293289	-10.444759	8.7260637
0.37765813	0.77551019	-10.415329	8.7384052
0.37142104	0.78291994	-10.47671	8.7384052
0.35894692	0.79709512	-10.397672	8.7630892
0.36674324	0.79967242	-10.464098	8.7548618
0.37609884	0.78904104	-10.449803	8.7630892
0.38389516	0.78098696	-10.760915	8.7137213
0.37453958	0.78163129	-10.45569	8.7630892
0.37765813	0.7806648	-10.475029	8.7548618
0.36362472	0.78034264	-10.430465	8.7630892
0.38077661	0.77261072	-10.481755	8.7507477
0.37765813	0.78163129	-10.440554	8.7425194
0.37298033	0.78581941	-10.486801	8.7507477
0.38389516	0.78227562	-10.467461	8.7425194
0.37142104	0.78453076	-10.465779	8.7713175
0.37765813	0.79065186	-10.467461	8.7713175
0.38389516	0.78324211	-10.305179	8.7548618
0.37142104	0.77679884	-10.454848	8.7342911
0.37298033	0.78936321	-10.47671	8.7713175
0.37298033	0.78227562	-10.434669	8.758975
0.37453958	0.79967242	-10.477551	8.7877741
0.37453958	0.80579346	-10.437191	8.7877741
0.37142104	0.79161835	-10.493526	8.7384052
0.36830249	0.7842086	-10.457372	8.7342911
0.36986178	0.7867859	-10.422896	8.7672033
0.36518401	0.79355133	-10.442237	8.7630892
0.37298033	0.78581941	-10.4456	8.7630892
0.37453958	0.77873182	-10.475029	8.758975
0.37921739	0.78453076	-10.479233	8.7795458
0.37765813	0.78098696	-10.376651	8.758975
0.37298033	0.78549725	-10.469984	8.7960014
0.37765813	0.78130913	-10.418693	8.7672033
0.37765813	0.7780875	-10.475029	8.7548618
0.37298033	0.77293289	-10.470825	8.7384052
0.36674324	0.77583236	-10.332927	8.7342911
0.37142104	0.78549725	-10.438872	8.7713175
0.36830249	0.80063891	-10.446441	8.8001156
0.37765813	0.8054713	-10.480074	8.7713175
0.37765813	0.80418265	-10.467461	8.758975
0.37765813	0.80321616	-10.376651	8.7918873
0.37298033	0.79870594	-10.470825	8.7754316
0.37765813	0.79483998	-10.454007	8.7795458
0.37453958	0.78839672	-10.449803	8.7548618
0.37298033	0.79000753	-10.458212	8.7754316
0.38389516	0.77261072	-10.330404	8.7178354
0.37765813	0.7806648	-10.469984	8.7425194
0.36986178	0.77873182	-10.42626	8.7466335
0.37142104	0.79161835	-10.464938	8.7672033
0.37765813	0.78968537	-10.475869	8.7548618
0.37142104	0.78710806	-10.324518	8.7548618
0.37298033	0.78453076	-10.446441	8.7507477
0.37298033	0.79194051	-10.448122	8.7507477
0.36830249	0.79322916	-10.473348	8.7836599
0.37142104	0.79709512	-10.444759	8.7548618
0.38389516	0.80128324	-10.424579	8.7630892
0.37609884	0.80128324	-10.494368	8.7672033
0.37142104	0.78807455	-10.449803	8.7507477
0.37453958	0.78839672	-10.438872	8.758975
0.37921739	0.78485292	-10.463257	8.7548618
0.36986178	0.79387349	-10.451485	8.7877741
0.37765813	0.78871888	-10.490164	8.7425194
0.36986178	0.77873182	-10.47671	8.7425194
0.38077661	0.77518803	-10.437191	8.7384052
0.37921739	0.77551019	-10.461576	8.7260637
0.36986178	0.78259778	-10.279954	8.758975
0.36674324	0.78227562	-10.452326	8.7384052
0.37298033	0.79419565	-10.462417	8.7960014
0.36830249	0.79355133	-10.459894	8.7672033
0.37609884	0.78936321	-10.494368	8.7672033
0.37921739	0.79516214	-10.413648	8.7630892
0.37298033	0.80772644	-10.467461	8.8042297
0.36362472	0.7990281	-10.45653	8.7425194
0.37765813	0.79226267	-10.442237	8.7219496
0.3823359	0.78034264	-10.480914	8.758975
0.37298033	0.78259778	-10.45653	8.758975
0.37609884	0.7806648	-10.464098	8.7507477
0.36206546	0.78356427	-10.410284	8.7425194
0.36518401	0.77518803	-10.46662	8.7342911
0.37453958	0.7780875	-10.464098	8.7466335
0.36518401	0.78743023	-10.394308	8.758975
0.36518401	0.78904104	-10.45653	8.7466335
0.37921739	0.79387349	-10.451485	8.7877741
0.37609884	0.78968537	-10.358993	8.7466335
0.38077661	0.78098696	-10.454007	8.7425194
0.37142104	0.78839672	-10.454848	8.758975
0.38389516	0.78453076	-10.483438	8.7754316
0.36518401	0.78453076	-10.431305	8.7548618
0.37453958	0.79355133	-10.450644	8.7754316
0.37298033	0.78356427	-10.453167	8.7425194
0.37298033	0.78098696	-10.463257	8.7342911
0.37609884	0.77551019	-10.457372	8.7548618
0.37298033	0.77325505	-10.468302	8.7672033
0.36674324	0.7745437	-10.425419	8.7548618
0.36986178	0.78871888	-10.449803	8.7795458
0.37765813	0.78581941	-10.490164	8.758975
0.36830249	0.79097402	-10.488482	8.7713175
0.37298033	0.79065186	-10.454848	8.7342911
0.38077661	0.78581941	-10.37581	8.7507477
0.37921739	0.78291994	-10.48596	8.7507477
0.37453958	0.78581941	-10.458212	8.7507477
0.36518401	0.79677296	-10.438872	8.7877741
0.37298033	0.78775239	-10.443076	8.7384052
0.37142104	0.78936321	-10.353948	8.7630892
0.37765813	0.79097402	-10.493526	8.758975
0.37921739	0.78904104	-10.467461	8.7507477
0.37609884	0.7806648	-10.491845	8.7178354
0.37609884	0.79580647	-10.468302	8.7836599
0.36362472	0.78034264	-10.40608	8.7301769
0.3823359	0.77583236	-10.47671	8.758975
0.37921739	0.77228856	-10.458212	8.7260637
0.38077661	0.7719664	-10.49521	8.7178354
0.37298033	0.77647668	-10.470825	8.7713175
0.36050621	0.77937615	-10.438872	8.7836599
0.37765813	0.78743023	-10.479233	8.7425194
0.38077661	0.79483998	-10.480914	8.7548618
0.37453958	0.80643779	-10.511186	8.7836599
0.36518401	0.8141697	-10.429624	8.8001156
0.37921739	0.79773945	-10.362356	8.7301769
0.3870137	0.79226267	-10.459053	8.7137213
0.37453958	0.78904104	-10.454007	8.758975
0.36986178	0.78710806	-10.4456	8.7466335
0.37142104	0.78646374	-10.444759	8.7507477
