Fout	Lin	Lout	sono
1.3568769	0.33640268	-0.041030932	8.8659401
1.3584361	0.52486771	0.029599901	8.8823957
1.3631139	0.62538242	0.0010112298	8.8494844
1.3615546	0.68755978	-0.013283106	8.8741684
1.3506397	0.73556203	-0.012442263	8.8618259
1.3599954	0.75682479	-0.028418286	8.8823957
1.3537583	0.76777828	0.007737976	8.8741684
1.3584361	0.77679884	0.076687127	8.8535976
1.3568769	0.77937615	0.0043746028	8.8618259
1.3537583	0.7780875	0.027077371	8.8700542
1.3599954	0.78936321	-0.024214068	8.8782825
1.369351	0.79419565	-0.020850696	8.8700542
1.3537583	0.81191456	0.012783037	8.915308
1.3631139	0.80257189	0.0094196629	8.8865099
1.3599954	0.79999459	0.027077371	8.8782825
1.3568769	0.8016054	-0.0099197328	8.8741684
1.3521991	0.79935026	0.010260507	8.8700542
1.3506397	0.80386049	0.020350626	8.8782825
1.3537583	0.80321616	-0.00067045673	8.890624
1.3521991	0.80257189	0.0035337596	8.890624
1.3599954	0.81191456	-0.031781659	8.9070807
1.3568769	0.79999459	0.0068971328	8.8535976
1.3553176	0.78710806	-0.01160142	8.8700542
1.3568769	0.79419565	0.0001703865	8.8659401
1.3521991	0.79516214	-0.022532383	8.8577118
1.3521991	0.79194051	-0.0073972028	8.8412561
1.3553176	0.79645079	-0.017487323	8.8700542
1.3568769	0.80192757	0.066597007	8.8823957
1.3599954	0.79645079	-0.0057155164	8.8659401
1.3599954	0.80096108	-0.0073972028	8.8782825
1.3599954	0.80224973	-0.015805636	8.8700542
1.3584361	0.81127024	0.0010112298	8.9029665
1.3584361	0.81191456	-0.025895756	8.8577118
1.3615546	0.80386049	0.0052154465	8.8453703
1.3537583	0.79709512	0.0085788192	8.8453703
1.3553176	0.80611563	0.0068971328	8.8823957
1.3584361	0.80611563	0.0085788192	8.8865099
1.3568769	0.79870594	-0.020009853	8.8577118
1.3521991	0.7842086	0.011942193	8.8412561
1.3506397	0.79161835	-0.0065563596	8.8700542
1.3599954	0.7867859	0.038008336	8.8659401
1.3599954	0.792907	0.01614641	8.8659401
1.3599954	0.7842086	-0.0048746732	8.8535976
1.3599954	0.78839672	-0.017487323	8.8782825
1.3584361	0.80063891	-0.014123949	8.8947382
1.3631139	0.80740428	-0.2251756	8.8823957
1.3599954	0.79806161	-0.01160142	8.8453703
1.3506397	0.80933726	-0.012442263	8.9070807
1.3521991	0.81642485	0.007737976	8.9111948
1.3599954	0.8016054	-0.026736598	8.8412561
1.3537583	0.80869293	-0.0057155164	8.890624
1.3553176	0.80096108	-0.0065563596	8.8618259
1.3553176	0.80128324	-0.00067045673	8.8947382
1.3553176	0.80321616	0.093503997	8.890624
1.3553176	0.80031675	-0.025054913	8.8782825
1.3553176	0.80031675	-0.025895756	8.8823957
1.3568769	0.80514914	-0.021691538	8.8741684
1.3568769	0.80096108	0.018668938	8.8700542
1.3568769	0.78646374	0.12797858	8.8289137
1.3599954	0.78936321	-0.00067045673	8.8577118
1.3521991	0.79161835	-0.0099197328	8.8659401
1.3568769	0.80096108	0.10359412	8.8823957
1.3553176	0.79419565	-0.017487323	8.8453703
1.3584361	0.79161835	-0.26553607	8.8494844
1.3568769	0.79129618	-0.0082380464	8.8577118
1.3568769	0.81255889	-0.0090788892	8.9235363
1.3537583	0.81127024	-0.014964793	8.8741684
1.3521991	0.80128324	0.013623879	8.8618259
1.3599954	0.79322916	0.0035337596	8.8577118
1.3553176	0.80192757	0.01614641	8.9194221
1.3521991	0.8016054	-0.0040338296	8.8782825
1.3584361	0.80579346	0.15993062	8.890624
1.3584361	0.79580647	-0.036826719	8.8618259
1.3553176	0.80450481	-0.014964793	8.890624
1.3537583	0.79387349	0.11957014	8.8659401
1.3599954	0.78581941	-0.0040338296	8.8700542
1.3599954	0.79194051	-0.025895756	8.890624
1.3537583	0.78839672	-0.017487323	8.8659401
1.3568769	0.79387349	0.0068971328	8.8865099
1.3599954	0.80514914	-0.013283106	8.9029665
1.3615546	0.81384754	-0.0099197328	8.8741684
1.3537583	0.80933726	0.0085788192	8.8782825
1.3521991	0.82866704	-0.018328166	8.9441061
1.3584361	0.81706917	-0.023373226	8.8535976
1.3599954	0.802894	0.010260507	8.8494844
1.3521991	0.80063891	-0.024214068	8.8782825
1.3537583	0.802894	-0.01916901	8.915308
1.3553176	0.81062591	0.015305566	8.890624
1.3568769	0.79773945	0.0035337596	8.8535976
1.3568769	0.80063891	-0.014964793	8.8577118
1.3475212	0.79999459	0.01110135	8.8741684
1.3584361	0.78710806	0.0060562897	8.837142
1.3599954	0.78775239	0.0026929164	8.8741684
1.3599954	0.79419565	-0.017487323	8.8865099
1.3631139	0.80128324	-0.028418286	8.8741684
1.3537583	0.80869293	-0.013283106	8.8823957
1.3568769	0.81062591	0.0052154465	8.8988523
1.3506397	0.80965942	0.0035337596	8.8823957
1.3584361	0.8054713	-0.0090788892	8.8618259
1.3537583	0.81030375	0.012783037	8.9029665
1.3490804	0.8054713	-0.0023521434	8.8741684
1.3615546	0.81674701	-0.015805636	8.8823957
1.3677918	0.79741728	0.0010112298	8.8700542
1.3506397	0.80031675	0.010260507	8.9070807
1.3521991	0.79645079	0.007737976	8.8741684
1.3537583	0.79967242	-0.023373226	8.8618259
1.3521991	0.79999459	0.0026929164	8.890624
1.3506397	0.79741728	-0.0031929866	8.890624
1.3631139	0.79580647	0.007737976	8.8823957
1.3537583	0.80418265	-0.020850696	8.8988523
1.3537583	0.80063891	0.11116171	8.8659401
1.3584361	0.79226267	-0.035145033	8.8412561
1.3521991	0.79741728	-0.025895756	8.8453703
1.3521991	0.79999459	-0.0057155164	8.8741684
1.3475212	0.80579346	0.0026929164	8.8865099
1.3537583	0.79741728	0.014464723	8.8206854
1.3537583	0.80482697	-0.014123949	8.8782825
1.3584361	0.79709512	-0.021691538	8.8453703
1.3506397	0.80869293	0.032122433	8.890624
1.3568769	0.8090151	0.0094196629	8.8659401
1.3568769	0.80740428	0.015305566	8.8947382
1.3615546	0.7954843	0.013623879	8.8700542
1.3584361	0.79645079	-0.018328166	8.8741684
1.3537583	0.78775239	0.048939295	8.8782825
1.3521991	0.80514914	0.0035337596	8.9029665
1.3615546	0.80804861	0.013623879	8.8947382
1.3521991	0.8054713	-0.010760576	8.8782825
1.3506397	0.79967242	0.022032311	8.8659401
1.3553176	0.80128324	-0.018328166	8.8823957
1.3506397	0.80965942	-0.044394307	8.890624
1.3553176	0.8141697	-0.0082380464	8.8741684
1.3553176	0.81384754	-0.0048746732	8.8741684
1.3521991	0.8090151	-0.026736598	8.8782825
1.3584361	0.81094807	0.0052154465	8.890624
1.3521991	0.8141697	0.0052154465	8.8823957
1.3599954	0.82190162	-0.013283106	8.9029665
1.3584361	0.80611563	0.020350626	8.8700542
1.3568769	0.80643779	-0.014964793	8.9029665
1.3584361	0.80192757	0.038008336	8.8618259
1.3584361	0.79097402	0.021191468	8.8618259
1.3568769	0.78034264	-0.01664648	8.8618259
1.3646731	0.78291994	0.0010112298	8.8577118
1.3553176	0.78549725	0.0060562897	8.8823957
1.3615546	0.78517509	-0.014123949	8.8289137
1.3521991	0.79773945	0.12293351	8.8823957
1.3521991	0.80482697	0.0060562897	8.8741684
1.3553176	0.79677296	-0.018328166	8.8618259
1.3521991	0.79999459	-0.021691538	8.8659401
1.3506397	0.80031675	-0.0031929866	8.8494844
1.3584361	0.80192757	0.0052154465	8.8618259
1.3521991	0.80643779	-0.012442263	8.8782825
1.3584361	0.80611563	0.0035337596	8.8700542
1.3568769	0.79322916	-0.0099197328	8.8618259
1.3584361	0.79161835	0.0094196629	8.8577118
1.3568769	0.78968537	-0.0040338296	8.890624
1.3568769	0.7990281	0.0001703865	8.8823957
1.3537583	0.79194051	-0.010760576	8.8700542
1.3553176	0.78936321	0.062392794	8.8535976
1.3506397	0.79129618	0.0094196629	8.8659401
1.3475212	0.80482697	-0.020850696	8.9317646
1.3521991	0.80772644	-0.035145033	8.8741684
1.3584361	0.80031675	-0.032622501	8.8782825
1.3615546	0.79999459	0.0001703865	8.8700542
1.3568769	0.81191456	0.0018520731	8.9235363
1.3521991	0.8115924	0.0043746028	8.8782825
1.3568769	0.80869293	0.076687127	8.8577118
1.3537583	0.80482697	-0.0073972028	8.8741684
1.3537583	0.80965942	-0.00067045673	8.8947382
1.3537583	0.81127024	-0.0040338296	8.8947382
1.3584361	0.80611563	-0.017487323	8.8618259
1.3584361	0.79773945	0.010260507	8.8535976
1.3568769	0.78517509	-0.012442263	8.8577118
1.3537583	0.79161835	-0.0031929866	8.8659401
1.3568769	0.79161835	-0.0099197328	8.8577118
1.3615546	0.80257189	-0.0099197328	8.8618259
1.3553176	0.79483998	0.0043746028	8.8659401
1.3521991	0.79709512	-0.031781659	8.8823957
1.3521991	0.79161835	0.012783037	8.8494844
1.3521991	0.79773945	-0.033463344	8.8865099
1.3584361	0.81384754	-0.012442263	8.8947382
1.3568769	0.81030375	-0.034304187	8.8823957
1.3553176	0.81030375	0.007737976	8.8700542
1.3584361	0.80643779	-0.018328166	8.8741684
1.3568769	0.80418265	-0.0090788892	8.8659401
1.3506397	0.8115924	-0.0031929866	8.890624
1.3490804	0.80611563	-0.010760576	8.8741684
1.3521991	0.79516214	-0.0040338296	8.8823957
1.3568769	0.79129618	-0.036826719	8.8700542
1.3537583	0.79000753	-0.16967994	8.8741684
1.3521991	0.792907	-0.01160142	8.8741684
1.3521991	0.79194051	-0.0099197328	8.8782825
1.3568769	0.7954843	0.034644961	8.8700542
1.3568769	0.79065186	-0.022532383	8.8659401
1.3615546	0.80128324	-0.0015113001	8.8700542
1.3599954	0.81127024	0.0035337596	8.8823957
1.3568769	0.80998158	-0.0073972028	8.8782825
1.3506397	0.81094807	0.0094196629	8.8865099
1.3537583	0.81288105	-0.034304187	8.9029665
1.3475212	0.81223673	0.016987253	8.8659401
1.3537583	0.81127024	0.0026929164	8.8823957
1.3521991	0.80353832	-0.00067045673	8.8412561
1.3521991	0.80096108	-0.00067045673	8.8659401
1.3521991	0.79967242	-0.0073972028	8.8700542
1.3537583	0.77969831	0.0060562897	8.8494844
1.3568769	0.78356427	0.010260507	8.8577118
1.3568769	0.78195345	-0.01664648	8.8535976
1.3537583	0.78807455	0.0026929164	8.8741684
1.3568769	0.79065186	-0.0031929866	8.8618259
1.3537583	0.78936321	-0.026736598	8.8659401
1.3506397	0.79322916	0.099389896	8.8741684
1.3553176	0.8016054	-0.017487323	8.8865099
1.3568769	0.80998158	0.0035337596	8.915308
1.3537583	0.82125729	-0.035145033	8.9111948
1.3553176	0.81191456	0.007737976	8.8823957
1.3521991	0.80450481	-0.00067045673	8.8988523
1.3677918	0.79870594	-0.020850696	8.8535976
1.3584361	0.79645079	-0.020850696	8.8618259
1.3490804	0.81127024	0.11957014	8.9070807
1.3568769	0.79773945	0.013623879	8.8618259
1.3553176	0.77937615	0.0085788192	8.8618259
1.3584361	0.78871888	-0.015805636	8.8782825
1.3521991	0.79483998	0.020350626	8.890624
1.3521991	0.79419565	-0.015805636	8.8823957
1.3537583	0.78034264	-0.0073972028	8.8330278
1.3568769	0.77744317	0.012783037	8.8577118
1.3615546	0.78646374	-0.0057155164	8.8782825
1.3521991	0.78002048	0.010260507	8.8453703
1.3537583	0.79516214	0.0010112298	8.8741684
1.3568769	0.79773945	-0.015805636	8.8618259
1.3490804	0.79967242	0.020350626	8.8659401
1.3537583	0.79870594	0.0068971328	8.8535976
1.3521991	0.80096108	0.020350626	8.890624
1.3521991	0.79870594	0.0010112298	8.8618259
1.3521991	0.79322916	-0.0057155164	8.8453703
1.3521991	0.79935026	-0.0057155164	8.8782825
1.3568769	0.79773945	-0.020009853	8.8865099
1.3568769	0.78936321	-0.017487323	8.8535976
1.3584361	0.78646374	0.0018520731	8.8494844
1.3568769	0.78195345	0.014464723	8.8577118
1.3553176	0.7780875	-0.0090788892	8.8741684
1.3537583	0.78227562	0.14899966	8.8823957
1.3537583	0.78356427	0.0043746028	8.8494844
1.3631139	0.78936321	-0.01664648	8.8618259
1.3553176	0.79580647	0.027077371	8.8823957
1.3584361	0.80224973	-0.024214068	8.890624
1.3568769	0.80257189	-0.0048746732	8.8823957
1.3599954	0.80482697	-0.0073972028	8.8782825
1.3521991	0.80804861	-0.028418286	8.8823957
1.3506397	0.81030375	0.025395684	8.8947382
1.3537583	0.79870594	-0.023373226	8.8577118
1.3568769	0.80257189	0.011942193	8.8659401
1.3568769	0.80257189	-0.0031929866	8.8700542
1.3537583	0.80386049	-0.0015113001	8.890624
1.3521991	0.79097402	0.0060562897	8.8659401
1.3521991	0.78839672	-0.0023521434	8.8494844
1.3568769	0.79870594	0.0043746028	8.890624
1.3537583	0.78549725	0.064915322	8.8412561
1.3521991	0.78324211	-0.021691538	8.8700542
1.3475212	0.79000753	0.024554841	8.8741684
1.3568769	0.79065186	0.022032311	8.837142
1.3537583	0.79129618	0.0035337596	8.8700542
1.3584361	0.79161835	-0.020850696	8.8577118
1.3537583	0.79194051	0.012783037	8.8618259
1.3568769	0.79677296	-0.01664648	8.8659401
1.3490804	0.80482697	0.10359412	8.890624
1.3506397	0.80869293	0.0035337596	8.8823957
1.3568769	0.8054713	0.010260507	8.8494844
1.3568769	0.79838377	0.007737976	8.8618259
1.3584361	0.79516214	-0.0057155164	8.8535976
1.3599954	0.80386049	0.0010112298	8.9029665
1.3506397	0.8090151	0.0060562897	8.8988523
1.3584361	0.79741728	0.034644961	8.8659401
1.3568769	0.79967242	0.007737976	8.8947382
1.3584361	0.79580647	-0.020850696	8.8494844
1.3584361	0.79773945	0.13554616	8.9029665
1.3521991	0.79773945	-0.0015113001	8.8618259
1.3553176	0.78549725	0.017828096	8.8453703
1.3521991	0.78936321	0.0068971328	8.8782825
1.3584361	0.78904104	-0.0082380464	8.8988523
1.3553176	0.79838377	0.13975038	8.8782825
1.3615546	0.79709512	-0.01160142	8.8659401
1.3521991	0.7990281	0.0085788192	8.890624
1.3428434	0.80837077	0.045575924	8.8865099
1.3521991	0.81127024	-0.01160142	8.8823957
1.3537583	0.80837077	-0.020009853	8.8618259
1.3537583	0.80224973	0.0001703865	8.8453703
1.3568769	0.80869293	-0.012442263	8.8988523
1.3568769	0.80063891	0.012783037	8.8618259
1.3599954	0.78775239	-0.0015113001	8.8412561
1.3490804	0.79516214	0.011942193	8.8741684
1.3537583	0.79806161	-0.01916901	8.8741684
1.3584361	0.79000753	0.011942193	8.8741684
1.3537583	0.80224973	0.022873154	8.8741684
1.3521991	0.792907	0.019509783	8.8453703
1.3521991	0.80450481	-0.013283106	8.8782825
1.3584361	0.80772644	0.076687127	8.9029665
1.3568769	0.79677296	-0.031781659	8.8453703
1.3506397	0.79612863	-0.0090788892	8.8700542
1.3506397	0.79580647	-0.018328166	8.8700542
1.3553176	0.79355133	-0.015805636	8.8659401
1.3568769	0.78839672	0.0026929164	8.8494844
1.3490804	0.79935026	-0.0073972028	8.8865099
1.3568769	0.78936321	-0.0099197328	8.8618259
1.3568769	0.79065186	0.0043746028	8.8823957
1.3553176	0.79580647	-0.014123949	8.890624
1.3584361	0.78710806	0.011942193	8.8453703
1.3615546	0.79161835	-0.025054913	8.8577118
1.3553176	0.78324211	-0.013283106	8.8700542
1.3475212	0.79226267	0.012783037	8.9029665
1.3568769	0.79451782	0.0035337596	8.8618259
1.3553176	0.80192757	-0.0057155164	8.9029665
1.3475212	0.81127024	-0.0031929866	8.8947382
1.3568769	0.80772644	0.020350626	8.890624
1.3537583	0.79677296	0.028759057	8.8494844
1.3631139	0.78743023	0.0068971328	8.8618259
1.3521991	0.79999459	0.0052154465	8.8618259
1.3584361	0.79419565	-0.0048746732	8.8535976
1.3568769	0.802894	-0.013283106	8.8618259
1.3459619	0.80675995	0.017828096	8.8823957
1.3537583	0.80965942	0.0018520731	8.8700542
1.3537583	0.79483998	0.0052154465	8.8330278
1.3537583	0.79483998	-0.0057155164	8.8618259
1.3490804	0.79258484	0.0060562897	8.8741684
1.3475212	0.79161835	-0.0015113001	8.8659401
1.3568769	0.78002048	0.014464723	8.837142
1.3506397	0.77873182	-0.025895756	8.8823957
1.3537583	0.79935026	0.10443496	8.8823957
1.3615546	0.79838377	-0.028418286	8.8659401
1.3537583	0.80096108	-0.024214068	8.8659401
1.3553176	0.78904104	0.0018520731	8.8700542
1.3521991	0.79419565	0.016987253	8.8741684
1.3521991	0.802894	0.020350626	8.8947382
1.3568769	0.79870594	0.010260507	8.8659401
1.3584361	0.78775239	-0.0048746732	8.8618259
1.3553176	0.7842086	-0.021691538	8.8535976
1.3584361	0.7842086	0.037167493	8.8618259
1.3537583	0.78968537	-0.00067045673	8.8741684
1.3568769	0.79709512	-0.022532383	8.8947382
1.3599954	0.79000753	0.0052154465	8.8535976
1.3475212	0.79322916	0.11788845	8.890624
1.3521991	0.78614157	-0.0090788892	8.8659401
1.3631139	0.79645079	0.01614641	8.8659401
1.3568769	0.79709512	-0.033463344	8.8947382
1.3584361	0.79161835	-0.022532383	8.8618259
1.3521991	0.79612863	-0.01916901	8.8741684
1.3568769	0.7990281	-0.018328166	8.8700542
1.3537583	0.80772644	-0.0065563596	8.9029665
1.3553176	0.80128324	-0.031781659	8.8453703
1.3584361	0.79741728	-0.014964793	8.8412561
1.3521991	0.80514914	0.10191242	8.9070807
1.3537583	0.80063891	0.022032311	8.8494844
1.3568769	0.81223673	-0.029259128	8.9029665
1.3475212	0.81127024	0.0068971328	8.8865099
1.3615546	0.8090151	-0.01160142	8.8741684
1.3506397	0.79870594	0.0026929164	8.8577118
1.3521991	0.80128324	0.0052154465	8.890624
1.3553176	0.80965942	0.0043746028	8.8947382
1.3553176	0.79387349	0.13386448	8.8700542
1.3615546	0.7990281	-0.0090788892	8.8823957
1.3537583	0.79645079	-0.023373226	8.8823957
1.3553176	0.80353832	0.007737976	8.8865099
1.3553176	0.7990281	0.0026929164	8.8659401
1.3568769	0.80257189	0.061551947	8.8823957
1.3568769	0.79677296	0.020350626	8.890624
1.3568769	0.80096108	-0.010760576	8.8741684
1.3568769	0.79741728	0.16413483	8.8453703
1.3537583	0.79935026	0.0010112298	8.8741684
1.3475212	0.79806161	0.01614641	8.8741684
1.3553176	0.79645079	0.010260507	8.8618259
1.3475212	0.80224973	0.015305566	8.8782825
1.3568769	0.79935026	-0.0040338296	8.8618259
1.3521991	0.81255889	0.0052154465	8.915308
1.3521991	0.8054713	-0.0057155164	8.8865099
1.3553176	0.78936321	0.027918214	8.8453703
1.3537583	0.78130913	-0.0090788892	8.8330278
1.3506397	0.78968537	0.010260507	8.8535976
1.3521991	0.79967242	-0.012442263	8.8947382
1.3553176	0.79967242	-0.018328166	8.8700542
1.3553176	0.79709512	0.0085788192	8.8577118
1.3553176	0.80579346	-0.0040338296	8.8618259
1.3568769	0.7954843	-0.01160142	8.8577118
1.3521991	0.80450481	-0.0040338296	8.8659401
1.3553176	0.80482697	0.0018520731	8.8494844
1.3553176	0.8141697	0.013623879	8.8782825
1.3459619	0.80804861	-0.0015113001	8.8618259
1.3615546	0.8090151	0.023713998	8.8618259
1.3506397	0.81674701	0.020350626	8.8823957
1.3553176	0.80740428	-0.0040338296	8.8823957
1.3599954	0.79741728	0.0094196629	8.8618259
1.3584361	0.78839672	0.0060562897	8.8988523
1.3521991	0.79451782	-0.028418286	8.8947382
1.3568769	0.79677296	0.011942193	8.8700542
1.3521991	0.79000753	0.007737976	8.8577118
1.3568769	0.80224973	0.01110135	8.8988523
1.3568769	0.80257189	-0.010760576	8.8782825
1.3475212	0.79580647	0.0010112298	8.8577118
1.3599954	0.79709512	0.039690021	8.8659401
1.3568769	0.80418265	-0.030940816	8.9070807
1.3521991	0.81223673	0.016987253	8.890624
1.3537583	0.81288105	-0.027577441	8.8700542
1.3490804	0.80418265	0.014464723	8.8618259
1.3506397	0.81578052	-0.088958994	8.8823957
1.3506397	0.81900215	-0.0031929866	8.8823957
1.3553176	0.80643779	-0.010760576	8.8494844
1.3553176	0.78839672	0.0035337596	8.8494844
1.3553176	0.7806648	-0.038508404	8.8494844
1.3584361	0.80224973	-0.028418286	8.9194221
1.3521991	0.80418265	-0.020850696	8.8865099
1.3599954	0.80192757	-0.039349247	8.8700542
1.3568769	0.80998158	-0.012442263	8.8700542
1.3553176	0.80482697	0.013623879	8.8782825
1.3521991	0.81481403	0.0035337596	8.8988523
1.3568769	0.8177135	-0.038508404	8.8823957
1.3568769	0.8141697	-0.012442263	8.8659401
1.3568769	0.81320322	0.0026929164	8.890624
1.3568769	0.80611563	-0.01664648	8.8618259
1.3521991	0.79967242	-0.0073972028	8.8618259
1.3584361	0.802894	0.034644961	8.8618259
1.3615546	0.79258484	0.0060562897	8.8618259
1.3521991	0.80096108	-0.030099971	8.8782825
1.3568769	0.80643779	0.0094196629	8.8865099
1.3444027	0.80031675	0.024554841	8.8823957
1.3506397	0.79612863	0.018668938	8.8823957
1.3537583	0.78614157	0.0001703865	8.8823957
1.3553176	0.80192757	-0.020850696	8.8865099
1.3506397	0.79516214	-0.0031929866	8.8782825
1.3475212	0.79419565	-0.0082380464	8.8865099
1.3553176	0.79677296	0.061551947	8.890624
1.3521991	0.79935026	-0.00067045673	8.8865099
1.3521991	0.81127024	-0.0073972028	8.890624
1.3568769	0.80804861	-0.040190089	8.8659401
1.3521991	0.80482697	-0.0023521434	8.8535976
1.3521991	0.81255889	-0.0015113001	8.890624
1.3568769	0.80257189	0.0018520731	8.8494844
1.3537583	0.79967242	0.0010112298	8.8577118
1.3584361	0.79355133	0.096867368	8.8535976
1.3568769	0.78485292	-0.017487323	8.8577118
1.3553176	0.78163129	-0.0082380464	8.8535976
1.3521991	0.78002048	0.018668938	8.837142
1.3568769	0.78034264	-0.0040338296	8.8659401
1.3537583	0.79161835	0.10275327	8.9111948
1.3584361	0.79709512	0.016987253	8.8535976
1.3568769	0.79516214	0.0052154465	8.8741684
1.3568769	0.78743023	-0.0090788892	8.8618259
1.3521991	0.79161835	0.0026929164	8.9029665
1.3521991	0.80096108	0.027077371	8.8618259
1.3568769	0.79999459	-0.020850696	8.8700542
1.3506397	0.80740428	-0.020850696	8.8659401
1.3521991	0.80096108	0.0060562897	8.8535976
1.3553176	0.80514914	0.0035337596	8.890624
1.3537583	0.79838377	0.021191468	8.8577118
1.3521991	0.80450481	-0.029259128	8.8659401
1.3584361	0.8054713	0.0010112298	8.8741684
1.3553176	0.802894	0.014464723	8.8741684
1.3521991	0.79580647	-0.0099197328	8.8741684
1.3475212	0.79451782	0.027077371	8.8700542
1.3553176	0.79870594	-0.030099971	8.8988523
1.3568769	0.80418265	-0.01664648	8.9111948
1.3521991	0.80740428	0.013623879	8.8782825
1.3599954	0.81320322	-0.021691538	8.8988523
1.3553176	0.79419565	0.0018520731	8.8741684
1.3521991	0.79322916	0.0052154465	8.8741684
1.3521991	0.80450481	-0.035145033	8.8865099
1.3537583	0.81062591	0.027918214	8.8741684
1.3615546	0.79741728	-0.033463344	8.8494844
1.3553176	0.80708212	-0.031781659	8.8741684
1.3568769	0.80740428	-0.01664648	8.8865099
1.3490804	0.80611563	0.0052154465	8.8700542
1.3506397	0.80257189	-0.025895756	8.8741684
1.3521991	0.79967242	-0.014123949	8.8535976
1.3553176	0.79322916	0.022873154	8.8659401
1.3615546	0.79129618	0.0001703865	8.8700542
1.3537583	0.78388643	0.007737976	8.8618259
1.3521991	0.79194051	0.011942193	8.8823957
1.3537583	0.78871888	0.01614641	8.890624
1.3537583	0.79870594	-0.0099197328	8.890624
1.3568769	0.78549725	0.0068971328	8.8453703
1.3599954	0.79355133	-0.034304187	8.8741684
1.3506397	0.79773945	0.010260507	8.9070807
1.3506397	0.79773945	0.010260507	8.8741684
1.3568769	0.80353832	0.0010112298	8.8741684
1.3537583	0.79483998	-0.0073972028	8.8700542
1.3521991	0.81642485	-0.01160142	8.9111948
1.3568769	0.8141697	-0.01916901	8.890624
1.3506397	0.80579346	-0.0090788892	8.8741684
1.3568769	0.80643779	-0.014964793	8.8865099
1.3506397	0.81320322	0.096867368	8.9029665
1.3584361	0.80482697	-0.0015113001	8.8988523
1.3537583	0.80353832	-0.026736598	8.8700542
1.3568769	0.79194051	0.0026929164	8.8577118
1.3521991	0.792907	0.0026929164	8.8618259
1.3537583	0.78743023	0.01614641	8.8782825
1.3537583	0.78968537	-0.0099197328	8.8577118
1.3537583	0.78227562	-0.017487323	8.837142
1.3537583	0.79838377	-0.010760576	8.9070807
1.3537583	0.80386049	-0.0090788892	8.8865099
1.3475212	0.80128324	0.022032311	8.8618259
1.3490804	0.80643779	-0.0048746732	8.8782825
1.3537583	0.8016054	-0.0040338296	8.8700542
1.3553176	0.8141697	0.019509783	8.8782825
1.3553176	0.81127024	-0.00067045673	8.890624
1.3506397	0.80611563	0.0001703865	8.8700542
1.3521991	0.79838377	0.0018520731	8.8577118
1.3506397	0.79677296	-0.00067045673	8.8577118
1.3506397	0.80224973	0.012783037	8.890624
1.3568769	0.79355133	-0.014123949	8.8741684
1.3537583	0.79677296	-0.046916839	8.8782825
1.3537583	0.79645079	0.032122433	8.8865099
1.3412842	0.80257189	-0.025054913	8.9070807
1.3444027	0.80386049	0.007737976	8.8823957
1.3459619	0.79838377	-0.01916901	8.8700542
1.3444027	0.80224973	-0.00067045673	8.8823957
1.3444027	0.80869293	0.01614641	8.8988523
1.3459619	0.81191456	0.0085788192	8.8741684
1.3459619	0.80708212	0.018668938	8.8700542
1.3381656	0.81384754	-0.22097138	8.890624
1.3490804	0.80579346	0.013623879	8.8782825
1.3490804	0.80031675	0.0052154465	8.890624
1.3506397	0.7990281	0.10191242	8.8782825
1.3490804	0.78936321	0.011942193	8.8700542
1.3506397	0.79483998	-0.025054913	8.8700542
1.3537583	0.80450481	-0.030099971	8.9111948
1.3506397	0.79580647	0.007737976	8.8577118
1.3537583	0.78453076	0.022873154	8.8412561
1.3599954	0.77937615	-0.0065563596	8.8494844
1.3521991	0.79677296	0.0026929164	8.890624
1.3490804	0.80579346	0.19272351	8.890624
1.3490804	0.79935026	0.0001703865	8.8535976
1.3521991	0.80031675	0.0085788192	8.8453703
1.3553176	0.79000753	-0.017487323	8.8577118
1.3537583	0.79967242	-0.0099197328	8.8823957
1.3490804	0.79387349	0.022032311	8.8412561
1.3475212	0.80096108	0.0001703865	8.8782825
1.3475212	0.80224973	-0.0023521434	8.8782825
1.3490804	0.80482697	0.016987253	8.8947382
1.3490804	0.80482697	0.010260507	8.8823957
1.3537583	0.80643779	0.022032311	8.8947382
1.3553176	0.79516214	0.023713998	8.8741684
1.3490804	0.792907	-0.0082380464	8.915308
1.3553176	0.80096108	-0.0065563596	8.9029665
1.3568769	0.79419565	-0.018328166	8.8577118
1.3490804	0.80611563	-0.032622501	8.8947382
1.3490804	0.80804861	0.0035337596	8.8577118
1.3537583	0.79935026	0.017828096	8.8659401
1.3537583	0.80096108	-0.01916901	8.8741684
1.3521991	0.80418265	0.011942193	8.8618259
1.3521991	0.80804861	0.020350626	8.9029665
1.3521991	0.7990281	-0.0015113001	8.8659401
1.3537583	0.80514914	-0.0031929866	8.8618259
1.3599954	0.80096108	0.0052154465	8.8412561
1.3521991	0.80514914	0.027077371	8.8618259
1.3506397	0.80933726	0.019509783	8.8988523
1.3599954	0.80257189	-0.0099197328	8.8412561
1.3584361	0.79935026	-0.01916901	8.8741684
1.3506397	0.79483998	0.098549053	8.8618259
1.3568769	0.78485292	-0.0031929866	8.8700542
1.3506397	0.80031675	-0.026736598	8.8947382
1.3568769	0.79709512	0.01614641	8.8741684
1.3506397	0.79516214	-0.00067045673	8.8535976
1.3521991	0.7842086	-0.0015113001	8.837142
1.3599954	0.78743023	-0.0015113001	8.8741684
1.3599954	0.7867859	0.010260507	8.8659401
1.3568769	0.79226267	0.03128159	8.8659401
1.3521991	0.80482697	-0.0082380464	8.9111948
1.3584361	0.80740428	-0.0073972028	8.8577118
1.3537583	0.80611563	0.034644961	8.8618259
1.3506397	0.80386049	-0.0073972028	8.8700542
1.3459619	0.81513619	0.1498405	8.915308
1.3521991	0.79741728	0.018668938	8.890624
1.3568769	0.80031675	-0.01664648	8.8659401
1.3568769	0.79645079	0.027077371	8.8741684
1.3506397	0.80096108	-0.01160142	8.890624
1.3506397	0.80514914	-0.0073972028	8.890624
1.3568769	0.79773945	-0.032622501	8.837142
1.3521991	0.79806161	-0.0099197328	8.8700542
1.3568769	0.7990281	0.013623879	8.8823957
1.3553176	0.79516214	0.0094196629	8.8618259
1.3584361	0.79451782	-0.0040338296	8.8659401
1.3537583	0.78646374	0.0060562897	8.8577118
1.3584361	0.79419565	-0.042712618	8.8700542
1.3506397	0.80482697	0.0094196629	8.8741684
1.3568769	0.79483998	0.0018520731	8.8618259
1.3584361	0.79065186	-0.020850696	8.837142
1.3568769	0.79322916	0.0026929164	8.8577118
1.3521991	0.78549725	0.0060562897	8.8494844
1.3584361	0.78710806	0.014464723	8.8823957
1.3506397	0.80450481	-0.0065563596	8.8988523
1.3584361	0.80224973	-0.020009853	8.8700542
1.3459619	0.79226267	0.014464723	8.8618259
1.3631139	0.78163129	0.01110135	8.8659401
1.3553176	0.78291994	-0.0099197328	8.8577118
1.3553176	0.78549725	0.0026929164	8.8782825
1.3553176	0.78485292	-0.017487323	8.8659401
1.3568769	0.78743023	0.0018520731	8.8659401
1.3568769	0.78259778	0.0035337596	8.8453703
1.3584361	0.79806161	-0.0031929866	8.8865099
1.3521991	0.80031675	-0.0048746732	8.8741684
1.3506397	0.79838377	-0.012442263	8.8577118
1.3568769	0.79999459	0.007737976	8.9111948
1.3521991	0.79483998	-0.012442263	8.8577118
1.3615546	0.78904104	0.014464723	8.8453703
1.3521991	0.79322916	-0.014123949	8.8577118
1.3537583	0.79387349	0.0001703865	8.8865099
1.3521991	0.792907	-0.014964793	8.8823957
1.3568769	0.79000753	0.090981461	8.8494844
1.3568769	0.78259778	-0.0073972028	8.8659401
1.3459619	0.792907	-0.0090788892	8.8947382
1.3568769	0.79451782	-0.014123949	8.8782825
1.3521991	0.80031675	-0.0057155164	8.8659401
1.3490804	0.79322916	-0.19742776	8.8494844
1.3568769	0.79999459	0.022873154	8.8865099
1.3537583	0.80675995	0.010260507	8.8618259
1.3521991	0.80998158	-0.0073972028	8.8865099
1.3506397	0.80965942	0.011942193	8.8700542
1.3568769	0.80418265	0.066597007	8.8577118
1.3615546	0.80353832	-0.0031929866	8.8618259
1.3553176	0.79709512	-0.027577441	8.8618259
1.3568769	0.79677296	0.0026929164	8.8412561
1.3615546	0.79000753	-0.0090788892	8.8289137
1.3584361	0.80031675	0.022032311	8.9111948
1.3584361	0.80224973	-0.0031929866	8.8741684
1.3568769	0.79387349	0.022873154	8.8618259
1.3537583	0.79612863	0.01614641	8.8782825
1.3568769	0.78614157	-0.00067045673	8.8782825
1.3490804	0.78549725	0.027077371	8.8659401
1.3537583	0.78291994	-0.0040338296	8.8453703
1.3568769	0.78453076	-0.0099197328	8.8659401
1.3506397	0.80579346	0.055666041	8.9317646
1.3537583	0.8090151	-0.0090788892	8.8741684
1.3584361	0.80353832	0.022873154	8.8700542
1.3490804	0.8054713	0.081732184	8.8741684
1.3506397	0.8054713	0.0018520731	8.8618259
1.3521991	0.81030375	-0.020850696	8.8947382
1.3506397	0.81062591	-0.014123949	8.8741684
1.3459619	0.80740428	-0.0082380464	8.8700542
1.3568769	0.80514914	-0.017487323	8.8535976
1.3662324	0.79935026	-0.0073972028	8.8865099
1.3521991	0.80063891	-0.0099197328	8.8865099
1.3553176	0.79709512	0.016987253	8.8618259
1.3521991	0.79516214	-0.0057155164	8.8535976
1.3537583	0.78614157	-0.05028021	8.8618259
1.3584361	0.78291994	-0.0031929866	8.8453703
1.3506397	0.78098696	0.022032311	8.8412561
1.3553176	0.79258484	0.053984355	8.8741684
1.3553176	0.78743023	0.0068971328	8.8535976
1.3537583	0.78549725	-0.0099197328	8.8494844
1.3521991	0.79226267	0.010260507	8.8494844
1.3537583	0.80418265	0.021191468	8.8741684
1.3506397	0.80450481	-0.16379404	8.8782825
1.3568769	0.80257189	-0.028418286	8.8988523
1.3584361	0.80708212	-0.021691538	8.8865099
1.3521991	0.80031675	-0.026736598	8.8577118
1.3537583	0.79032969	0.012783037	8.8700542
1.3537583	0.80482697	-0.15958983	8.9317646
1.3521991	0.79451782	-0.022532383	8.8741684
1.3506397	0.802894	-0.0065563596	8.8947382
1.3521991	0.79645079	0.023713998	8.8659401
1.3490804	0.79806161	0.0026929164	8.890624
1.3521991	0.79967242	0.0001703865	8.8782825
1.3521991	0.80386049	0.01110135	8.8741684
1.3553176	0.81545836	0.0052154465	8.8823957
1.3568769	0.81674701	0.01110135	8.890624
1.3584361	0.80514914	0.013623879	8.8618259
1.3490804	0.80257189	0.0018520731	8.8535976
1.3506397	0.80965942	0.0094196629	8.8782825
1.3553176	0.81191456	-0.01916901	8.8741684
1.3631139	0.80418265	-0.0023521434	8.8741684
1.3506397	0.81094807	-0.00067045673	8.8865099
1.3568769	0.81900215	-0.014123949	8.8741684
1.3553176	0.80514914	0.01614641	8.8494844
1.3553176	0.79806161	0.018668938	8.8741684
1.3584361	0.79612863	-0.0065563596	8.8659401
1.3521991	0.79967242	-0.0040338296	8.8823957
1.3599954	0.79483998	-0.030940816	8.8330278
1.3631139	0.79000753	0.018668938	8.8618259
1.3521991	0.78775239	-0.021691538	8.8494844
1.3521991	0.79000753	0.0026929164	8.8659401
1.3537583	0.78904104	0.010260507	8.837142
1.3568769	0.79161835	-0.013283106	8.8741684
1.3521991	0.79516214	0.012783037	8.8782825
1.3459619	0.81255889	-0.0023521434	8.9029665
1.3568769	0.80611563	0.015305566	8.8782825
1.3521991	0.8016054	-0.29412472	8.8659401
1.3584361	0.79838377	-0.010760576	8.8741684
1.3521991	0.8090151	0.013623879	8.8782825
1.3537583	0.80965942	-0.024214068	8.8988523
1.3521991	0.80643779	-0.0082380464	8.890624
1.3475212	0.80353832	0.025395684	8.8947382
1.3506397	0.80740428	-0.0073972028	8.8988523
1.3521991	0.79870594	-0.0015113001	8.8700542
1.3490804	0.79065186	-0.032622501	8.8618259
1.3537583	0.79580647	0.0010112298	8.8494844
1.3506397	0.79032969	0.012783037	8.8659401
1.3537583	0.79451782	0.0052154465	8.8700542
1.3584361	0.7867859	-0.010760576	8.837142
1.3521991	0.78904104	0.0035337596	8.8700542
1.3553176	0.79129618	-0.01160142	8.8618259
1.3568769	0.79483998	-0.0099197328	8.837142
1.3568769	0.79387349	-0.00067045673	8.8535976
1.3506397	0.80257189	-0.0090788892	8.8782825
1.3599954	0.79773945	-0.0099197328	8.8782825
1.3490804	0.79645079	0.0068971328	8.837142
1.3506397	0.79870594	0.0043746028	8.8700542
1.3521991	0.80675995	-0.038508404	8.8947382
1.3537583	0.80353832	0.022032311	8.8988523
1.3475212	0.7954843	0.019509783	8.8412561
1.3521991	0.79258484	0.0060562897	8.8700542
1.3537583	0.79226267	0.010260507	8.8741684
1.3537583	0.792907	0.027918214	8.8535976
1.3584361	0.79419565	0.013623879	8.8823957
1.3506397	0.78968537	-0.0015113001	8.8700542
1.3553176	0.78291994	-0.025895756	8.8577118
1.3584361	0.79483998	-0.020009853	8.8741684
1.3506397	0.8054713	0.016987253	8.8947382
1.3568769	0.80031675	-0.021691538	8.8700542
1.3599954	0.81030375	-0.031781659	8.8865099
1.3537583	0.80643779	-0.0090788892	8.8782825
1.3537583	0.80514914	-0.017487323	8.8782825
1.3521991	0.81320322	0.011942193	8.890624
1.3537583	0.80804861	-0.0031929866	8.8577118
1.3553176	0.80514914	-0.0099197328	8.890624
1.3615546	0.81288105	0.017828096	8.9276505
1.3537583	0.81513619	-0.0048746732	8.8947382
1.3568769	0.80321616	0.0043746028	8.8618259
1.3553176	0.80482697	-0.0015113001	8.890624
1.3553176	0.79419565	-0.0073972028	8.8494844
1.3537583	0.79161835	-0.0031929866	8.8782825
1.3584361	0.79032969	-0.014964793	8.8618259
1.3537583	0.7990281	-0.01664648	8.8741684
1.3553176	0.80450481	-0.01160142	8.8782825
1.3599954	0.79709512	0.010260507	8.8865099
1.3553176	0.80965942	0.014464723	8.8988523
1.3568769	0.80224973	-0.010760576	8.8618259
1.3490804	0.80675995	0.0035337596	8.8988523
1.3506397	0.81545836	0.075005442	8.8947382
1.3568769	0.80869293	0.013623879	8.8700542
1.3599954	0.8016054	-0.017487323	8.8577118
1.3568769	0.80257189	-0.032622501	8.8823957
1.3490804	0.80257189	-0.0090788892	8.8865099
1.3521991	0.80643779	0.01614641	8.890624
1.3506397	0.80386049	-0.0073972028	8.8782825
1.3521991	0.81320322	-0.029259128	8.9070807
1.3553176	0.79999459	-0.0065563596	8.8618259
1.3490804	0.8016054	0.014464723	8.8741684
1.3568769	0.81191456	0.0026929164	8.9029665
1.3599954	0.79645079	-0.023373226	8.8618259
1.3537583	0.79935026	-0.025054913	8.8618259
1.3568769	0.79967242	-0.0048746732	8.9235363
1.3521991	0.79870594	-0.01664648	8.8577118
1.3506397	0.81352538	0.0035337596	8.8823957
1.3521991	0.82125729	-0.026736598	8.9029665
1.3537583	0.82093513	-0.01160142	8.8741684
1.3490804	0.80257189	0.0060562897	8.8494844
1.3521991	0.80031675	-0.0082380464	8.8618259
1.3537583	0.80450481	0.022032311	8.8823957
1.3553176	0.80321616	-0.028418286	8.8782825
1.3521991	0.79580647	0.038008336	8.8494844
1.3537583	0.79677296	-0.0082380464	8.8494844
1.3506397	0.80063891	-0.00067045673	8.8700542
1.3537583	0.79709512	0.027918214	8.8535976
1.3506397	0.79483998	0.0094196629	8.8494844
1.3444027	0.79645079	0.0035337596	8.8741684
1.3490804	0.80579346	-0.020850696	8.890624
1.3506397	0.80450481	0.0026929164	8.8618259
1.3537583	0.8090151	-0.024214068	8.8865099
1.3475212	0.80450481	-0.0090788892	8.8741684
1.3521991	0.81545836	0.015305566	8.8865099
1.3475212	0.81642485	0.016987253	8.8782825
1.3521991	0.80675995	0.13134195	8.890624
1.3568769	0.80257189	-0.0048746732	8.8700542
1.3490804	0.78968537	-0.017487323	8.8700542
1.3537583	0.78743023	-0.0040338296	8.8494844
1.3521991	0.79709512	-0.020850696	8.890624
1.3537583	0.79806161	-0.0031929866	8.8782825
1.3459619	0.79065186	0.0026929164	8.8741684
1.3521991	0.79355133	-0.0015113001	8.8782825
1.3521991	0.7990281	-0.0090788892	8.8947382
1.3475212	0.80643779	-0.020850696	8.8947382
1.3506397	0.80192757	0.12209266	8.8618259
1.3537583	0.79806161	-0.041030932	8.8659401
1.3537583	0.80579346	-0.028418286	8.8700542
1.3553176	0.8054713	0.0010112298	8.8782825
1.3506397	0.80708212	-0.0048746732	8.8618259
1.3568769	0.79967242	0.027918214	8.8494844
1.3537583	0.79451782	0.012783037	8.8577118
1.3521991	0.79322916	-0.023373226	8.8782825
1.3506397	0.80482697	0.010260507	8.8947382
1.3521991	0.79709512	0.0060562897	8.8659401
1.3521991	0.7842086	0.0085788192	8.8289137
1.3631139	0.78453076	0.066597007	8.8659401
1.3506397	0.78163129	0.010260507	8.8618259
1.3459619	0.77937615	0.014464723	8.8494844
1.3506397	0.78098696	0.0052154465	8.8823957
1.3553176	0.78968537	-0.013283106	8.8823957
1.3537583	0.79129618	0.0001703865	8.8782825
1.3521991	0.79355133	0.015305566	8.8659401
1.3490804	0.79709512	-0.017487323	8.8782825
1.3475212	0.802894	-0.018328166	8.8823957
1.3537583	0.79419565	0.013623879	8.8823957
1.3568769	0.79999459	0.028759057	8.8823957
1.3521991	0.79419565	0.020350626	8.8535976
1.3568769	0.79709512	-0.026736598	8.8577118
1.3521991	0.79355133	0.080050498	8.8823957
1.3459619	0.78163129	0.0085788192	8.8535976
1.3553176	0.79226267	0.085095562	8.8741684
1.3475212	0.79483998	-0.0073972028	8.8741684
1.3568769	0.79580647	0.033804119	8.8865099
1.3553176	0.78549725	0.0001703865	8.8577118
1.3537583	0.79870594	0.0001703865	8.8782825
1.3553176	0.80321616	-0.030099971	8.8741684
1.3553176	0.7990281	-0.037667561	8.8577118
1.3537583	0.79999459	-0.017487323	8.8700542
1.3553176	0.80224973	0.0043746028	8.8618259
1.3475212	0.79967242	0.0052154465	8.8823957
1.3506397	0.81288105	-0.020850696	8.890624
1.3615546	0.79806161	0.012783037	8.8659401
1.3553176	0.80772644	-0.0031929866	8.8659401
1.3553176	0.81449187	0.0085788192	8.890624
1.3584361	0.80353832	-0.01160142	8.8494844
1.3568769	0.79645079	0.0035337596	8.8782825
1.3428434	0.79419565	-0.12175188	8.8618259
1.3646731	0.79355133	0.0010112298	8.8494844
1.3537583	0.78839672	-0.0048746732	8.8618259
1.3521991	0.78388643	-0.010760576	8.8577118
1.3584361	0.77873182	0.0052154465	8.8823957
1.3615546	0.78710806	-0.0015113001	8.8700542
1.3553176	0.78871888	-0.035145033	8.8659401
1.3490804	0.78549725	0.016987253	8.8535976
1.3506397	0.79258484	0.17674747	8.8865099
1.3553176	0.79419565	-0.0048746732	8.8700542
1.3475212	0.79838377	0.020350626	8.8823957
1.3568769	0.80675995	-0.0057155164	8.8782825
1.3568769	0.80386049	-0.035985876	8.8741684
1.3506397	0.81255889	-0.0057155164	8.890624
1.3537583	0.80772644	-0.0015113001	8.8823957
1.3568769	0.7990281	0.0068971328	8.8659401
1.3537583	0.79806161	-0.014123949	8.8823957
1.3568769	0.8016054	-0.018328166	8.890624
1.3506397	0.802894	-0.0073972028	8.8823957
1.3506397	0.79709512	0.0052154465	8.8700542
1.3475212	0.79612863	-0.024214068	8.8453703
1.3568769	0.80386049	-0.0065563596	8.9070807
1.3615546	0.78904104	-0.025895756	8.837142
1.3475212	0.78968537	-0.0023521434	8.8741684
1.3553176	0.79355133	-0.01160142	8.8659401
1.3553176	0.79709512	0.0052154465	8.9029665
1.3568769	0.79741728	0.0085788192	8.8618259
1.3521991	0.79677296	-0.023373226	8.8412561
1.3506397	0.80096108	0.019509783	8.8782825
1.3490804	0.81030375	-0.0040338296	8.8865099
1.3537583	0.8054713	0.022032311	8.8494844
1.3537583	0.79967242	0.0035337596	8.8741684
1.3521991	0.79741728	-0.023373226	8.8700542
1.3537583	0.79483998	0.0094196629	8.8700542
1.3568769	0.79612863	-0.012442263	8.8659401
1.3568769	0.79065186	0.0026929164	8.8659401
1.3568769	0.78581941	-0.01160142	8.8865099
1.3568769	0.78646374	-0.0048746732	8.8577118
1.3521991	0.79741728	-0.014123949	8.915308
1.3521991	0.79967242	0.022032311	8.8741684
1.3537583	0.7954843	-0.01160142	8.8453703
1.3521991	0.78839672	0.01110135	8.8659401
1.3459619	0.78098696	0.01614641	8.890624
1.3521991	0.79097402	-0.0031929866	8.8782825
1.3521991	0.80128324	-0.0048746732	8.8659401
1.3599954	0.79419565	0.0052154465	8.8494844
1.3599954	0.80740428	0.020350626	8.890624
1.3459619	0.8090151	-0.01160142	8.8823957
1.3599954	0.80579346	-0.029259128	8.8494844
1.3521991	0.80772644	-0.0040338296	8.8659401
1.3584361	0.81320322	-0.0099197328	8.890624
1.3537583	0.81642485	-0.021691538	8.8741684
1.3521991	0.81030375	0.015305566	8.8782825
1.3490804	0.8054713	0.021191468	8.8700542
1.3537583	0.80482697	0.13975038	8.8741684
1.3537583	0.79129618	-0.014964793	8.8700542
1.3521991	0.79258484	-0.024214068	8.8700542
1.3521991	0.79773945	-0.029259128	8.8782825
1.3506397	0.79194051	0.0052154465	8.8659401
1.3506397	0.79806161	-0.0099197328	8.9070807
1.3584361	0.8054713	-0.030940816	8.8782825
1.3553176	0.81094807	-0.01916901	8.8823957
1.3568769	0.79870594	0.0068971328	8.8453703
1.3521991	0.80031675	0.018668938	8.8741684
1.3584361	0.80482697	-0.0057155164	8.8700542
1.3615546	0.79612863	0.019509783	8.8741684
1.3490804	0.80224973	-0.0040338296	8.8947382
1.3506397	0.80096108	-0.0073972028	8.8782825
1.3537583	0.78581941	0.020350626	8.8659401
1.3568769	0.78646374	-0.043553464	8.8700542
1.3506397	0.78807455	0.0018520731	8.8659401
1.3521991	0.79129618	-0.0023521434	8.890624
1.3490804	0.80192757	-0.00067045673	8.9070807
1.3537583	0.80386049	-0.0090788892	8.8823957
1.3537583	0.80998158	-0.030099971	8.8865099
1.3537583	0.802894	0.035485804	8.8453703
1.3537583	0.80192757	0.0094196629	8.8988523
1.3584361	0.80418265	-0.014964793	8.8659401
1.3521991	0.80450481	0.010260507	8.8782825
1.3475212	0.80933726	-0.035145033	8.8535976
1.3537583	0.80933726	-0.014123949	8.8741684
1.3459619	0.81127024	0.0094196629	8.890624
1.3615546	0.79387349	0.0085788192	8.8494844
1.3568769	0.80224973	0.027077371	8.8865099
1.3506397	0.802894	0.0094196629	8.8823957
1.3490804	0.79806161	-0.0090788892	8.8618259
1.3506397	0.80128324	-0.047757678	8.8741684
1.3475212	0.80386049	0.011942193	8.890624
1.3553176	0.79999459	0.027077371	8.8865099
1.3553176	0.78743023	-0.01160142	8.8700542
1.3521991	0.79741728	0.0026929164	8.8947382
1.3615546	0.80128324	0.085936405	8.8741684
1.3615546	0.79999459	0.0001703865	8.8741684
1.3537583	0.80257189	-0.012442263	8.8865099
1.3568769	0.79355133	-0.0031929866	8.8618259
1.3584361	0.81030375	0.0035337596	8.9111948
1.3475212	0.81642485	0.01110135	8.8947382
1.3521991	0.81320322	-0.024214068	8.8659401
1.3475212	0.81384754	-0.05028021	8.890624
1.3584361	0.80353832	-0.024214068	8.8577118
1.3568769	0.79645079	0.0026929164	8.8453703
1.3459619	0.78904104	0.0094196629	8.8659401
1.3506397	0.7867859	0.010260507	8.8659401
1.3537583	0.79129618	-0.014964793	8.8494844
1.3490804	0.78968537	-0.086436465	8.8700542
1.3490804	0.79097402	-0.0057155164	8.8577118
1.3459619	0.79355133	0.0010112298	8.890624
1.3459619	0.79097402	0.016987253	8.8494844
1.3553176	0.79935026	0.0035337596	8.8659401
1.3537583	0.79645079	0.01110135	8.8577118
1.3490804	0.81030375	-0.01160142	8.8988523
1.3506397	0.802894	-0.0015113001	8.8577118
1.3553176	0.80224973	-0.0082380464	8.8453703
1.3537583	0.81062591	-0.0099197328	8.8823957
1.3521991	0.80128324	-0.024214068	8.8535976
1.3537583	0.79967242	0.007737976	8.8618259
1.3568769	0.79322916	-0.0031929866	8.8412561
1.3506397	0.78743023	0.19104181	8.8535976
1.3537583	0.79709512	-0.0090788892	8.9029665
1.3521991	0.79065186	-0.0057155164	8.8782825
1.3506397	0.79483998	0.0060562897	8.8618259
1.3521991	0.78871888	-0.01916901	8.8618259
1.3584361	0.78581941	-0.0082380464	8.8659401
1.3537583	0.79387349	-0.020009853	8.8988523
1.3568769	0.78936321	0.0060562897	8.8494844
1.3599954	0.79967242	0.010260507	8.8947382
1.3521991	0.80708212	-0.0099197328	8.8782825
1.3537583	0.80386049	0.0085788192	8.890624
1.3521991	0.7990281	0.0052154465	8.8618259
1.3584361	0.81030375	0.0060562897	8.8700542
1.3459619	0.81320322	-0.0057155164	8.8947382
1.3521991	0.80933726	-0.014123949	8.8453703
1.3506397	0.80224973	0.0010112298	8.8618259
1.3475212	0.80031675	-0.018328166	8.8700542
1.3521991	0.8054713	-0.0057155164	8.8823957
1.3584361	0.80740428	-0.13520537	8.8782825
1.3537583	0.80128324	-0.01160142	8.8947382
1.3521991	0.80579346	0.0018520731	8.8700542
1.3506397	0.81255889	0.0001703865	8.8700542
1.3506397	0.79322916	0.026236527	8.8330278
1.3537583	0.80514914	0.014464723	8.915308
1.3537583	0.79741728	-0.025054913	8.8453703
1.3615546	0.79935026	-0.010760576	8.8659401
1.3506397	0.79516214	0.0026929164	8.8494844
1.3521991	0.79967242	-0.028418286	8.8659401
1.3459619	0.80998158	-0.0023521434	8.8741684
1.3521991	0.80321616	-0.020850696	8.8535976
1.3459619	0.80579346	-0.0023521434	8.8700542
1.3475212	0.79645079	0.0094196629	8.8453703
1.3553176	0.79516214	0.015305566	8.8741684
1.3537583	0.79741728	-0.018328166	8.890624
1.3584361	0.79322916	0.019509783	8.8659401
1.3459619	0.7990281	0.0085788192	8.8782825
1.3584361	0.79612863	-0.01160142	8.9111948
1.3521991	0.78904104	0.022873154	8.8618259
1.3506397	0.79580647	0.0010112298	8.8741684
1.3506397	0.79935026	0.10275327	8.8988523
1.3521991	0.78839672	0.0010112298	8.8659401
1.3537583	0.79419565	0.014464723	8.8865099
1.3537583	0.80257189	-0.018328166	8.8782825
1.3490804	0.7954843	0.028759057	8.8618259
1.3537583	0.80386049	-0.022532383	8.8741684
1.3521991	0.8016054	-0.0090788892	8.8494844
1.3475212	0.80096108	0.016987253	8.8741684
1.3584361	0.80740428	-0.010760576	8.8618259
1.3521991	0.80772644	-0.010760576	8.8741684
1.3521991	0.81739134	0.10191242	8.8741684
1.3537583	0.8090151	-0.01160142	8.8741684
1.3506397	0.79355133	0.0026929164	8.8494844
1.3521991	0.78646374	0.022032311	8.8453703
1.3537583	0.79838377	-0.013283106	8.9029665
1.3521991	0.80353832	-0.033463344	8.8865099
1.3475212	0.79194051	-0.01916901	8.8535976
1.3537583	0.79226267	-0.0048746732	8.8412561
1.3521991	0.792907	-0.11754768	8.8865099
1.3521991	0.792907	-0.01664648	8.8700542
1.3490804	0.79451782	-0.018328166	8.8577118
1.3584361	0.79355133	-0.00067045673	8.8618259
1.3475212	0.80514914	0.007737976	8.8947382
1.3475212	0.79709512	0.026236527	8.8577118
1.3506397	0.79161835	0.01110135	8.8494844
1.3521991	0.80418265	0.012783037	8.8865099
1.3584361	0.8016054	-0.0031929866	8.8782825
1.3490804	0.78710806	0.014464723	8.8494844
1.3568769	0.78324211	0.01614641	8.8741684
1.3490804	0.78839672	0.0026929164	8.8782825
1.3537583	0.77873182	0.016987253	8.8494844
1.3521991	0.77712101	0.13806869	8.8865099
1.3553176	0.77969831	-0.0031929866	8.8700542
1.3584361	0.77937615	0.0035337596	8.8494844
1.3381656	0.79483998	-0.0099197328	8.8741684
1.3584361	0.78871888	0.0068971328	8.8947382
1.3631139	0.79870594	-0.093163215	8.9029665
1.381825	0.78904104	-0.0048746732	8.8535976
1.4083326	0.80740428	0.0094196629	8.8947382
1.4473141	0.80450481	0.072482914	8.8494844
1.5034478	0.81513619	-0.01916901	8.8618259
1.5704962	0.80675995	0.023713998	8.8247995
1.6375446	0.79773945	0.026236527	8.8165722
1.715508	0.79709512	0.017828096	8.8412561
1.8199787	0.79419565	0.093503997	8.8001156
1.9416015	0.78517509	-0.014964793	8.758975
2.0819356	0.78130913	-0.014123949	8.7301769
2.2378621	0.78324211	-0.0040338296	8.7013788
2.4202962	0.78163129	0.0094196629	8.6684666
2.6042898	0.76777828	0.017828096	8.6232128
2.811672	0.76777828	0.010260507	8.6067562
3.0346472	0.77164423	0.016987253	8.5820723
3.2576225	0.77647668	-0.010760576	8.5944147
3.4883938	0.76906693	0.016987253	8.5285902
3.7331989	0.76326799	0.0018520731	8.4751091
3.9655297	0.7719664	0.022873154	8.4421968
4.2321644	0.7594021	-0.01664648	8.4175119
4.4894438	0.75972426	-0.0040338296	8.3763723
4.7685528	0.76326799	0.063233636	8.3516884
5.0445433	0.76262367	-0.040190089	8.3270035
5.3174152	0.76294583	-0.0015113001	8.3064337
5.5965242	0.75102586	-0.030099971	8.2488375
5.886548	0.74587125	0.014464723	8.2076969
6.1828089	0.73652852	0.01614641	8.1788988
6.4853072	0.72944093	-0.021691538	8.1377592
6.8002796	0.73040742	-0.01916901	8.1171885
7.0887446	0.74007231	0.0094196629	8.1130743
7.39748	0.7287966	0.0010112298	8.0390224
7.7015371	0.72138685	0.035485804	8.001996
8.0071545	0.72460848	0.010260507	8.001996
8.2925005	0.7262193	-0.012442263	7.9649706
8.5373058	0.73942798	-0.020009853	7.9567428
8.8756676	0.73910582	-0.021691538	7.9156022
9.1220331	0.73781717	0.025395684	7.8868041
9.4292097	0.73040742	-0.010760576	7.8621202
9.7207928	0.73459554	0.011942193	7.7921815
10.00614	0.72911876	0.0085788192	7.7798395
10.314876	0.71655446	0.019509783	7.7386994
10.569036	0.71945393	0.029599901	7.7428136
10.787334	0.71397716	-0.015805636	7.6893311
11.113223	0.70366794	0.01614641	7.6811032
11.365825	0.7075339	-0.01664648	7.6728749
11.666765	0.70334578	-0.0057155164	7.6276207
11.961468	0.70109063	-0.030940816	7.5988226
12.242137	0.70205712	0.0026929164	7.5947084
12.538399	0.69561386	0.0018520731	7.5535684
12.808153	0.70044631	0.01110135	7.5412264
13.116889	0.70946687	0.0010112298	7.5247703
13.413153	0.70237929	-0.015805636	7.4754028
13.714092	0.69496953	-0.0023521434	7.4589467
14.01815	0.69400305	-0.0073972028	7.4424906
14.294143	0.69593602	-0.0015113001	7.4507184
14.58105	0.69078141	-0.0057155164	7.3972363
14.861719	0.6856268	0.0018520731	7.3643241
15.148626	0.68240517	-0.018328166	7.3684382
15.419939	0.68208301	-0.0057155164	7.3643241
15.688135	0.67886144	0.0001703865	7.3272977
15.932941	0.67725062	-0.0099197328	7.335526
16.185545	0.66951871	-0.014123949	7.3026137
16.43347	0.67112952	-0.0082380464	7.3026137
16.664242	0.67499548	-0.0040338296	7.2697015
16.88722	0.67499548	0.0085788192	7.2573595
17.099281	0.6643641	-0.0031929866	7.2285614
17.305107	0.67499548	0.0052154465	7.2532454
17.510931	0.67080736	-0.0040338296	7.2121053
17.704281	0.67692846	-0.0057155164	7.2203331
17.896072	0.67853928	0.027918214	7.1956491
18.078508	0.68337166	-0.01664648	7.1874208
18.262503	0.6891706	-0.01664648	7.2079911
18.432465	0.67596197	-0.027577441	7.1421666
18.610222	0.67080736	-0.021691538	7.1298246
18.770828	0.6669414	0.010260507	7.1257105
18.9174	0.66790789	-0.0031929866	7.1503949
19.059296	0.66243112	-0.020009853	7.1010265
19.191833	0.66565275	0.014464723	7.0927987
19.325932	0.65792084	0.0043746028	7.0640001
19.453793	0.66082031	-0.013283106	7.0722284
19.573858	0.65244406	0.0026929164	7.035202
19.676769	0.66210896	-0.0031929866	7.0681143
19.793715	0.66114247	0.023713998	7.0434303
19.895069	0.66404194	0.029599901	7.0434303
19.991743	0.66017598	-0.01160142	7.0269752
20.094658	0.65631002	-0.013283106	7.0022907
20.181976	0.65437704	-0.020009853	7.0146327
20.284889	0.64664513	0.0043746028	6.9817204
20.37377	0.64890027	-0.0040338296	7.0269752
20.472004	0.65179974	-0.0015113001	7.0064049
20.557764	0.65631002	0.01110135	7.0064049
20.652882	0.64986676	-0.0015113001	6.9817204
20.743319	0.65244406	0.011942193	7.0022907
20.836876	0.6495446	-0.0040338296	6.9734926
20.925755	0.6556657	-0.0048746732	6.9570365
21.02087	0.64406788	-0.01916901	6.9282384
21.111309	0.64664513	-0.012442263	6.9529223
21.197071	0.6556657	-0.020009853	6.9405804
21.276594	0.6556657	0.0010112298	6.9364662
21.367031	0.65308839	-0.010760576	6.9035544
21.451231	0.65534353	-0.0065563596	6.9241242
21.527637	0.64986676	0.007737976	6.8747559
21.600924	0.65276623	-0.012442263	6.9076681
21.671091	0.66082031	-0.027577441	6.9035544
21.7397	0.65598786	0.0060562897	6.891212
21.797394	0.64825594	0.012783037	6.9076681
21.864443	0.65179974	0.072482914	6.87887
21.919018	0.65405488	-0.0023521434	6.8953261
21.979828	0.64020193	0.0060562897	6.8418441
22.029728	0.64632297	0.0068971328	6.9200101
22.076504	0.63214785	-0.0073972028	6.8541861
22.132639	0.63730246	0.014464723	6.8541861
22.185656	0.6334365	0.022032311	6.8541861
22.227757	0.64374572	-0.0057155164	6.8624139
22.277653	0.6395576	0.0010112298	6.8418441
22.315075	0.63859111	0.010260507	6.8377299
22.357176	0.64116842	-0.031781659	6.8418441
22.394598	0.62989271	0.032122433	6.8171597
22.428904	0.63053703	-0.015805636	6.8007035
22.458529	0.63762462	0.01614641	6.8418441
22.486595	0.64890027	-0.0099197328	6.8295016
22.520901	0.63794678	-0.012442263	6.8007035
22.547409	0.6395576	0.11284339	6.7965899
22.569239	0.63794678	-0.027577441	6.8212738
22.600426	0.63891327	-0.0048746732	6.8212738
22.628492	0.6247381	-0.0099197328	6.7760196
22.644083	0.6308592	-0.01916901	6.8336158
22.669033	0.63923544	0.015305566	6.8130455
22.692423	0.63794678	0.0001703865	6.8048177
22.718931	0.64664513	0.0060562897	6.8212738
22.742319	0.65051109	-0.025054913	6.8089318
22.768827	0.64310139	-0.012442263	6.7801337
22.792215	0.64116842	-0.013283106	6.7760196
22.814047	0.64696729	-0.025895756	6.7965899
22.835876	0.65341055	0.0052154465	6.8007035
22.867062	0.64374572	0.10275327	6.7554493
22.896687	0.64020193	-0.025895756	6.7595634
22.913839	0.64567864	-0.058688644	6.7677913
22.943466	0.64535648	-0.022532383	6.7513356
22.966856	0.64116842	-0.024214068	6.7266512
22.996483	0.6369803	-0.0031929866	6.7348795
23.018312	0.62344944	-0.05532527	6.7389932
23.041702	0.62667108	-0.01160142	6.7431073
23.061972	0.62667108	-0.025895756	6.7801337
23.076006	0.62151647	-0.044394307	6.722537
23.086922	0.618617	-0.025054913	6.7184234
23.102514	0.61539537	-0.044394307	6.6896253
23.11031	0.62344944	-0.041030932	6.7554493
23.118107	0.61668402	0.11536592	6.7143092
23.124344	0.62087214	-0.05532527	6.7143092
23.119667	0.63311434	-0.072982974	6.7348795
23.121225	0.63859111	-0.082232252	6.7431073
23.122784	0.63053703	-0.067097075	6.7019672
23.118107	0.62957054	-0.046916839	6.7060809
23.097836	0.63408083	-0.073823825	6.7307653
23.096275	0.63440299	-0.078028038	6.7019672
23.074446	0.63311434	-0.092322372	6.6978531
23.058853	0.6334365	-0.13100116	6.7060809
23.033905	0.63118136	-0.10241249	6.7060809
23.004278	0.63440299	-0.1200702	6.7060809
22.976213	0.63859111	-0.13352369	6.7389932
22.941908	0.63601381	-0.10745756	6.6978531
22.904486	0.62570459	-0.14697719	6.6772828
22.859264	0.62634891	-0.18733767	6.6525989
22.801573	0.62989271	-0.16715743	6.7101951
22.768827	0.63118136	-0.18565597	6.681397
22.697102	0.63214785	-0.11502513	6.656713
22.636288	0.63987976	-0.25124174	6.6855111
22.575476	0.64406788	-0.22097138	6.6772828
22.50219	0.63633597	-0.24199246	6.6443706
22.422667	0.63923544	-0.29832894	6.6484847
22.335346	0.6308592	-0.16967994	6.6361427
22.240231	0.63214785	-0.30421484	6.6443706
22.134199	0.62216079	-0.33784857	6.6279149
22.023489	0.6247381	-0.3227134	6.6443706
21.892509	0.62151647	-0.39838928	6.6238008
21.755291	0.61410671	-0.40175265	6.5991163
21.610279	0.61668402	-0.46481588	6.6196866
21.446556	0.62409377	-0.53376502	6.6196866
21.276594	0.62957054	-0.51862979	6.6032305
21.097275	0.63118136	-0.57328463	6.5991163
20.888332	0.63375866	-0.60607749	6.6238008
20.673151	0.62538242	-0.63718867	6.5744333
20.43614	0.61990565	-0.71875048	6.5579772
20.181976	0.61442888	-0.76331514	6.5332928
19.901306	0.61797267	-0.86085296	6.5415211
19.59413	0.61958349	-0.88944155	6.5086088
19.274475	0.61636186	-0.93148369	6.4962668
18.918959	0.60991865	-1.0567693	6.512723
18.535378	0.61410671	-1.1433761	6.4880385
18.125288	0.61958349	-1.2787517	6.4921527
17.688688	0.61636186	-1.3216348	6.4592404
17.208431	0.60895216	-1.415809	6.4510126
16.701666	0.61217374	-1.6100438	6.4345565
16.162155	0.60315323	-1.6991729	6.4098721
15.582105	0.59542131	-1.7353292	6.3975301
14.969309	0.58446777	-1.9716058	6.3399339
14.328446	0.58607858	-2.109504	6.3275919
13.645483	0.60186458	-2.338213	6.368732
12.940691	0.60283107	-2.4794745	6.3070216
12.187563	0.59477699	-2.5257208	6.2699957
11.41884	0.59477699	-2.9377334	6.1959429
10.612697	0.59896511	-3.1311271	6.2165132
9.7987576	0.59542131	-3.2715476	6.1548038
8.9505129	0.59348834	-3.6499262	6.1260056
8.1007109	0.59413266	-3.8979747	6.0972071
7.2259603	0.59091103	-4.315032	6.0601811
6.3668027	0.59348834	-4.5740108	5.9984708
5.5450678	0.57448077	-4.7707677	5.9079623
4.770112	0.57319212	-5.4081254	5.8832779
3.9343443	0.5603056	-5.6948519	5.8051119
3.1780999	0.54999638	-6.3355727	5.7351742
2.429652	0.54065371	-6.6971345	5.6652355
1.7435747	0.53614342	-7.0469236	5.5952973
1.1448166	0.5380764	-7.8448811	5.521245
0.7284928	0.53936505	-8.3115473	5.4595346
0.44002873	0.52712286	-8.6789942	5.3196583
0.33243942	0.52035743	-9.717432	5.2414923
0.28098366	0.52357906	-10.20596	5.1633258
0.2841022	0.51874661	-10.438032	5.1098433
0.32152456	0.51391417	-10.451485	5.0275631
0.39013225	0.51262558	-10.30602	4.9411688
0.47433254	0.50521582	-10.480914	4.9000287
0.54605877	0.49458444	-10.448963	4.8588886
0.54138094	0.49329579	-10.475869	4.8095202
0.59751451	0.48975202	-10.451485	4.776608
0.59595525	0.48137578	-10.477551	4.7601523
1.9135348	0.47267741	-10.46662	4.7313538
1.8574011	0.46526766	-10.425419	4.7190118
1.3490804	0.46204603	-10.369924	4.7025557
0.92184168	0.4649455	-10.443918	4.6943278
0.74720401	0.46462333	-10.434669	4.6573019
0.41040266	0.46881145	-10.450644	4.6778717
0.22952792	0.45592496	-10.45653	4.6573019
0.25135764	0.45882443	-10.414488	4.6243896
0.24512058	0.46236819	-10.4456	4.6449599
0.21393526	0.47815415	-10.473348	4.6778717
0.31372824	0.4675228	-10.438872	4.6243896
0.35894692	0.46107954	-10.454007	4.5750213
0.4088434	0.46269035	-10.444759	4.5791354
0.76747441	0.45946875	-10.448963	4.5791354
0.63337761	0.4675228	-10.470825	4.5955915
0.62558126	0.46462333	-10.436351	4.5503373
0.65988511	0.44980386	-10.448122	4.5379953
0.57568479	0.4494817	-10.434669	4.529767
0.57412553	0.44400495	-10.512867	4.5050831
0.58192182	0.44464928	-10.454848	4.4721713
0.58036256	0.4494817	-10.509502	4.4186888
0.65520734	0.44851521	-10.436351	4.3940048
0.70978159	0.45109251	-10.421215	4.3898907
0.74876326	0.45624712	-10.464098	4.3487506
0.78930414	0.45785794	-10.449803	4.3158383
0.83608204	0.46301252	-10.491845	4.3158383
0.85479331	0.45721361	-10.443918	4.2870407
0.91404539	0.44980386	-10.449803	4.2829266
0.94523072	0.44497144	-10.488482	4.2582426
0.98733085	0.44336063	-10.453167	4.2582426
1.0497015	0.43691736	-10.45569	4.2541285
1.0949202	0.43369573	-10.472507	4.2417865
1.1307833	0.43434006	-10.390103	4.2582426
1.1791205	0.4246752	-10.491005	4.2335582
1.2243392	0.44336063	-10.46662	4.2541285
1.2508467	0.43369573	-10.45569	4.2047601
1.299184	0.42370871	-10.461576	4.1553917
1.3256915	0.42370871	-10.448122	4.1677341
1.3631139	0.42370871	-10.474188	4.1348219
1.4083326	0.42242005	-10.469144	4.1348219
1.4379586	0.4246752	-10.255569	4.1307077
1.4629068	0.43272924	-10.448963	4.1430497
1.475381	0.43047413	-10.462417	4.1101379
1.4738218	0.43498439	-10.446441	4.0772257
1.581411	0.43144059	-10.490164	4.1224799
1.5767332	0.42982981	-10.437191	4.0772257
1.5954444	0.4211314	-10.453167	4.0360856
1.6391039	0.42306438	-10.437191	4.0360856
1.6718485	0.41597682	-10.442237	4.0114017
1.7123893	0.41243303	-10.446441	3.9867175
1.7544895	0.41629899	-10.349744	3.9538052
1.7887934	0.41629899	-10.478392	3.9414635
1.8230972	0.41726544	-10.461576	3.9332354
1.8574011	0.41114438	-10.46662	3.9003232
1.8917049	0.4056676	-10.439713	3.8838673
1.9182125	0.41017789	-10.703738	3.8756392
1.938483	0.40824491	-10.450644	3.8838673
1.9759053	0.41243303	-10.494368	3.8879812
1.9868202	0.41694331	-10.45569	3.8797531
2.0164464	0.4117887	-10.453167	3.8550689
2.0429537	0.39471409	-10.41701	3.7933586
2.0616651	0.39729139	-10.492686	3.8468409
2.0725799	0.39503625	-10.439713	3.7892447
2.0990872	0.39310327	-10.45653	3.7769027
2.1131208	0.39503625	-10.461576	3.7892447
2.1474247	0.402446	-10.408603	3.8098147
2.1598988	0.40147951	-10.461576	3.7563329
2.1848471	0.39922437	-10.452326	3.7357628
2.1942027	0.40083519	-10.398513	3.7357628
2.2097952	0.41114438	-10.475869	3.7563329
2.2222695	0.39761356	-10.440554	3.6905084
2.2207103	0.39600274	-10.464098	3.7151926
2.2300656	0.3998687	-10.469144	3.7357628
2.2269473	0.39664707	-10.451485	3.7110786
2.2253881	0.39729139	-10.464938	3.6987364
2.2300656	0.40888923	-10.479233	3.7357628
2.2347436	0.40276816	-10.482595	3.7069645
2.2331843	0.39664707	-10.442237	3.7028506
2.2331843	0.3998687	-10.370765	3.7604468
2.2487769	0.39439192	-10.481755	3.7069645
2.2503362	0.40180168	-10.462417	3.7275348
2.2643697	0.39535841	-10.468302	3.6905084
2.2799623	0.39471409	-10.443076	3.7193067
2.2955551	0.39052597	-10.339654	3.6781664
2.3095882	0.38762653	-10.443076	3.6575963
2.3267403	0.38730437	-10.441395	3.6575963
2.3470109	0.37989461	-10.490164	3.6452541
2.3626034	0.38311625	-10.459053	3.6370261
2.384433	0.38376057	-10.428782	3.616456
2.4015851	0.37731731	-10.475029	3.6287982
2.4171777	0.38730437	-10.464098	3.6411402
2.4312112	0.39052597	-10.45653	3.616456
2.4514816	0.38633788	-10.45653	3.6041141
2.4733114	0.39149246	-10.451485	3.608228
2.4748707	0.38408273	-10.469144	3.5917718
2.4873445	0.38988164	-10.481755	3.5917718
2.5091743	0.38730437	-10.474188	3.5917718
2.5247669	0.38569355	-10.464938	3.5999999
2.5247669	0.38214976	-10.401035	3.5917718
2.5434783	0.37699515	-10.459053	3.608228
2.5434783	0.37022975	-10.471665	3.5753162
2.5512745	0.36733028	-10.331245	3.5629742
2.5621896	0.36314216	-10.464098	3.5670881
2.5715451	0.38118327	-10.461576	3.595886
2.5777822	0.38504922	-10.469144	3.5465181
2.5809007	0.38955948	-10.470825	3.550632
2.5902565	0.38601571	-10.454848	3.550632
2.5980527	0.3869822	-10.444759	3.550632
2.6152046	0.37796164	-10.458212	3.5094919
2.6245604	0.38279408	-10.437191	3.530062
2.6276789	0.38762653	-10.458212	3.5136058
2.6370342	0.38891518	-10.699533	3.5341759
2.6510675	0.38504922	-10.436351	3.4930358
2.6619825	0.37248489	-10.442237	3.4889216
2.6635418	0.36990759	-10.472507	3.4930358
2.6728973	0.36958542	-10.463257	3.4930358
2.6884902	0.37184057	-10.555749	3.525948
2.6947272	0.37763947	-10.480914	3.5012639
2.7072012	0.36958542	-10.471665	3.4848077
2.711879	0.37989461	-10.475029	3.4889216
2.7259126	0.38472706	-10.454848	3.530062
2.7290311	0.38021678	-10.30602	3.4806936
2.7337089	0.38311625	-10.464938	3.4930358
2.7493014	0.38794869	-10.45653	3.4930358
2.7524202	0.37860596	-10.477551	3.4806936
2.7477422	0.39278111	-10.471665	3.4971497
2.7493014	0.38762653	-10.969443	3.4642377
2.7539794	0.38343841	-10.460734	3.4765797
2.7493014	0.38279408	-10.475029	3.4889216
2.7493014	0.38537139	-10.45653	3.4724658
2.7446237	0.3844049	-10.480914	3.4806936
2.7461829	0.37409571	-10.359834	3.4560096
2.7493014	0.37699515	-10.451485	3.4724658
2.7508609	0.37570649	-10.447281	3.4806936
2.7508609	0.36153138	-10.458212	3.4436674
2.7586572	0.36410865	-10.491845	3.4436674
2.7680128	0.36346433	-10.330404	3.4313254
2.775809	0.36185354	-10.46662	3.4765797
2.7836056	0.3715184	-10.469144	3.4601235
2.7882833	0.37119624	-10.374128	3.4560096
2.8007572	0.38150543	-10.47671	3.4889216
2.7991979	0.37796164	-10.422896	3.4601235
2.8085535	0.38376057	-10.451485	3.4724658
2.817909	0.38601571	-10.46662	3.4601235
2.8241463	0.38311625	-10.413648	3.4560096
2.8319426	0.38955948	-10.462417	3.4765797
2.8381796	0.39439192	-10.472507	3.4806936
2.8412981	0.38794869	-10.464098	3.4518955
2.8428574	0.3782838	-10.468302	3.4518955
2.8522131	0.37763947	-10.422056	3.4395535
2.8678057	0.37377355	-10.464938	3.4518955
2.8678057	0.36475298	-10.463257	3.4436674
2.8724835	0.36249784	-10.459053	3.4230974
2.8833985	0.36926326	-10.470825	3.4395535
2.8849578	0.36668596	-10.373287	3.4642377
2.8927541	0.36733028	-10.474188	3.4395535
2.9036689	0.37667298	-10.460734	3.4272113
2.9067874	0.37280706	-10.465779	3.3901856
2.9145839	0.37409571	-10.483438	3.4354393
2.9177024	0.37667298	-10.387582	3.4272113
2.9223802	0.38859302	-10.493526	3.4354393
2.9239395	0.38053894	-10.436351	3.4395535
2.9364135	0.37538436	-10.488482	3.4148698
2.9504471	0.37731731	-10.462417	3.4066417
2.9520063	0.37119624	-10.713827	3.3984137
2.9629209	0.37345138	-10.485119	3.4189835
2.9613616	0.36636379	-10.448122	3.3984137
2.9816322	0.36185354	-10.459894	3.4189835
2.9831915	0.36507514	-10.453167	3.4272113
2.9987841	0.37312922	-10.45653	3.4230974
3.0019026	0.35702109	-10.46662	3.3778436
3.0050211	0.36571947	-10.470825	3.4189835
3.0143769	0.37055191	-10.448963	3.3942995
3.0143769	0.36346433	-10.464098	3.3819575
3.0206139	0.38021678	-10.454848	3.4148698
3.0346472	0.3782838	-10.806319	3.3942995
3.0284102	0.36958542	-10.452326	3.4025276
3.0315287	0.37184057	-10.353948	3.3819575
3.0346472	0.37731731	-10.467461	3.4066417
3.0362065	0.38537139	-10.464938	3.4148698
3.0408843	0.37989461	-10.428782	3.3984137
3.0455623	0.38247192	-10.482595	3.4107556
3.0486808	0.37667298	-10.454848	3.3984137
3.0580363	0.37570649	-10.46662	3.4066417
3.0549178	0.36700812	-10.470825	3.4107556
3.0580363	0.37022975	-10.451485	3.3984137
3.0689511	0.36249784	-10.45569	3.3942995
3.0658326	0.35251081	-10.438872	3.3696156
3.0705104	0.36443081	-10.457372	3.4025276
3.0736289	0.36571947	-10.447281	3.3860714
3.0845439	0.36282	-10.30602	3.3819575
3.0892217	0.36024272	-10.471665	3.3860714
3.0938995	0.36024272	-10.454007	3.3942995
3.1001365	0.35573244	-10.443076	3.3984137
3.0985773	0.36410865	-10.446441	3.3984137
3.1063738	0.36282	-10.458212	3.3613875
3.1126108	0.35734326	-10.459894	3.3819575
3.103255	0.3560546	-10.463257	3.3901856
3.1094923	0.35154432	-10.299293	3.3613875
3.1141701	0.35025567	-10.461576	3.3655014
3.1110516	0.35637677	-10.453167	3.3737295
3.1204071	0.35766542	-10.479233	3.3860714
3.1126108	0.36282	-10.459053	3.3860714
3.1126108	0.37216273	-10.334609	3.4025276
3.1204071	0.37538436	-10.470825	3.3860714
3.1219664	0.38504922	-10.478392	3.4189835
3.1282032	0.38118327	-10.475029	3.3655014
3.1359994	0.37635082	-10.467461	3.3613875
3.143796	0.37087408	-10.380014	3.3572733
3.1469145	0.37699515	-10.469144	3.3613875
3.143796	0.38923734	-10.470825	3.4272113
3.150033	0.37989461	-10.475029	3.3655014
3.1640663	0.3715184	-10.465779	3.3449314
3.1671848	0.36829677	-10.40692	3.3490453
3.1734219	0.36700812	-10.450644	3.3778436
3.1749811	0.36700812	-10.461576	3.3696156
3.1749811	0.37925029	-10.452326	3.3984137
3.1812184	0.37538436	-10.427941	3.3778436
3.1890147	0.36765245	-10.448122	3.3696156
3.1890147	0.37087408	-10.458212	3.3572733
3.2046072	0.36604163	-10.439713	3.3572733
3.1999295	0.36153138	-10.444759	3.3572733
3.2202001	0.36024272	-10.457372	3.3531594
3.2233186	0.36185354	-10.454007	3.3531594
3.2233186	0.36990759	-10.483438	3.3737295
3.2311149	0.36217567	-10.441395	3.3408172
3.2326741	0.36733028	-10.413648	3.3449314
3.2357926	0.37087408	-10.448122	3.3942995
3.2373519	0.36507514	-10.449803	3.3449314
3.2389114	0.36088705	-10.489323	3.3449314
3.2357926	0.36571947	-10.467461	3.3778436
3.2482669	0.37087408	-10.367401	3.4025276
3.2482669	0.36765245	-10.477551	3.3572733
3.2498262	0.36829677	-10.460734	3.3449314
3.254504	0.3750622	-10.448122	3.4025276
3.2529447	0.37345138	-10.471665	3.3737295
3.2560632	0.37409571	-10.46662	3.3490453
3.2638595	0.37280706	-10.494368	3.3737295
3.2623003	0.37570649	-10.467461	3.3778436
3.2700968	0.37474003	-10.369082	3.3737295
3.2623003	0.36249784	-10.454848	3.3367033
3.266978	0.37055191	-10.467461	3.3655014
3.2700968	0.3750622	-10.471665	3.3572733
3.271656	0.36249784	-10.45569	3.3202472
3.2623003	0.37441787	-10.437191	3.4025276
3.266978	0.36990759	-10.462417	3.3449314
3.2763338	0.36217567	-10.451485	3.3284752
3.2685375	0.36120921	-10.452326	3.3367033
3.2700968	0.36314216	-10.475029	3.3737295
3.2700968	0.35895407	-10.417851	3.3449314
3.2763338	0.35895407	-10.469984	3.3490453
3.2825708	0.34928918	-10.474188	3.3490453
3.2841301	0.36958542	-10.443918	3.3901856
3.2903671	0.36700812	-10.443076	3.3449314
3.2856894	0.36733028	-10.342176	3.3572733
3.2872486	0.36958542	-10.480914	3.3613875
3.2872486	0.36668596	-10.438872	3.3613875
3.2950449	0.36024272	-10.386741	3.3325891
3.2981634	0.35444379	-10.444759	3.3120191
3.2997224	0.35992056	-10.452326	3.3284752
3.3044002	0.3534773	-10.473348	3.3120191
3.3044002	0.36990759	-10.439713	3.3819575
3.3121967	0.36314216	-10.337972	3.3367033
3.3184338	0.36088705	-10.470825	3.3408172
3.319993	0.36217567	-10.454848	3.3202472
3.3293486	0.35895407	-10.464098	3.3613875
3.3277893	0.36056489	-10.458212	3.3490453
3.3371449	0.35895407	-10.333768	3.3408172
3.3449414	0.35830975	-10.461576	3.3408172
3.3511784	0.36636379	-10.45569	3.3531594
3.3449414	0.35379946	-10.467461	3.3284752
3.3496192	0.35283297	-10.471665	3.3079052
3.3527377	0.35476595	-10.342176	3.3202472
3.3589747	0.35637677	-10.460734	3.3325891
3.3589747	0.35251081	-10.490164	3.3202472
3.3527377	0.35637677	-10.395989	3.3367033
3.3636525	0.3560546	-10.475029	3.3284752
3.3620932	0.35508811	-10.45653	3.3325891
3.3589747	0.35637677	-10.45569	3.3325891
3.3636525	0.36249784	-10.477551	3.3408172
3.371449	0.35798758	-10.451485	3.3325891
3.3698897	0.3534773	-10.451485	3.3079052
3.3698897	0.35379946	-10.437191	3.3490453
3.3730083	0.35541028	-10.479233	3.3202472
3.377686	0.35412163	-10.437191	3.3325891
3.3730083	0.3534773	-10.287521	3.3120191
3.3792453	0.34187946	-10.461576	3.3243611
3.377686	0.35637677	-10.452326	3.3408172
3.3761268	0.35863191	-10.465779	3.3367033
3.3808045	0.3560546	-10.480074	3.3284752
3.3823638	0.36733028	-10.447281	3.3572733
3.3808045	0.36990759	-10.478392	3.3572733
3.3792453	0.36700812	-10.485119	3.3243611
3.3745675	0.3715184	-10.358151	3.3572733
3.371449	0.36249784	-10.469984	3.3120191
3.3808045	0.35766542	-10.370765	3.3408172
3.377686	0.36571947	-10.464098	3.3531594
3.3823638	0.36861894	-10.469144	3.3325891
3.377686	0.35251081	-10.469984	3.303791
3.3730083	0.36056489	-10.458212	3.3778436
3.3698897	0.36443081	-10.469144	3.3325891
3.377686	0.35992056	-10.496049	3.3079052
3.3683302	0.36153138	-10.45653	3.3202472
3.3698897	0.35379946	-10.429624	3.3243611
3.3683302	0.35186648	-10.467461	3.3202472
3.3683302	0.35283297	-10.444759	3.3079052
3.366771	0.34767839	-10.42626	3.3120191
3.3620932	0.35379946	-10.468302	3.3325891
3.3620932	0.35927624	-10.413648	3.3243611
3.3542969	0.3560546	-10.458212	3.3120191
3.3589747	0.36024272	-10.448122	3.3325891
3.3527377	0.36217567	-10.479233	3.3325891
3.3542969	0.36088705	-10.475869	3.3449314
3.3480599	0.35830975	-10.376651	3.3325891
3.3527377	0.34993351	-10.475029	3.3120191
3.3480599	0.35541028	-10.481755	3.3325891
3.3465006	0.35927624	-10.479233	3.3367033
3.3402636	0.36153138	-10.475029	3.3408172
3.3449414	0.36410865	-10.425419	3.3284752
3.3387043	0.35476595	-10.424579	3.3243611
3.3324671	0.35702109	-10.458212	3.3367033
3.3293486	0.37184057	-10.461576	3.3449314
3.313756	0.36668596	-10.446441	3.3367033
3.3168745	0.35927624	-10.353107	3.2996771
3.307519	0.36668596	-10.467461	3.3325891
3.2981634	0.37280706	-10.470825	3.3819575
3.2950449	0.36829677	-10.493526	3.3202472
3.2888079	0.37345138	-10.443918	3.3449314
3.2763338	0.37860596	-10.460734	3.3531594
3.2732153	0.36636379	-10.477551	3.3408172
3.2591817	0.36571947	-10.461576	3.3325891
3.2435892	0.37055191	-10.341335	3.3531594
3.2389114	0.36314216	-10.487641	3.3243611
3.2295556	0.35444379	-10.468302	3.3243611
3.213963	0.36120921	-10.464938	3.3449314
3.207726	0.35251081	-10.47671	3.3284752
3.1952517	0.35669893	-10.443076	3.3325891
3.1843369	0.35895407	-10.459053	3.3325891
3.1765406	0.36056489	-10.475029	3.3325891
3.1671848	0.36571947	-10.467461	3.3325891
3.1578293	0.36282	-10.453167	3.3079052
3.143796	0.36829677	-10.332087	3.3325891
3.1313217	0.37602866	-10.480074	3.3696156
3.1282032	0.37409571	-10.461576	3.3243611
3.1094923	0.36990759	-10.432987	3.3325891
3.103255	0.36249784	-10.471665	3.3202472
3.0923402	0.37119624	-10.393467	3.3572733
3.0798662	0.36153138	-10.472507	3.3120191
3.0658326	0.3560546	-10.464938	3.3161333
3.0595956	0.36056489	-10.423738	3.3325891
3.044003	0.35766542	-10.462417	3.3202472
3.0424435	0.35863191	-10.45653	3.3161333
3.0299695	0.35412163	-10.464938	3.3079052
3.0065804	0.35927624	-10.447281	3.3408172
3.0034618	0.37216273	-10.454007	3.3408172
2.9878693	0.36346433	-10.434669	3.3202472
2.9816322	0.36153138	-10.464098	3.3202472
2.9613616	0.36443081	-10.459894	3.3325891
2.9520063	0.36733028	-10.459053	3.3449314
2.9473286	0.36829677	-10.687761	3.3572733
2.9317358	0.35702109	-10.46662	3.3120191
2.9177024	0.36153138	-10.47671	3.3161333
2.9036689	0.35444379	-10.45653	3.3161333
2.8880763	0.35379946	-10.454007	3.3572733
2.8802798	0.34800056	-10.264819	3.2996771
2.8600094	0.3467119	-10.477551	3.3284752
2.8568909	0.35057783	-10.460734	3.3367033
2.8381796	0.3534773	-10.475869	3.3531594
2.8241463	0.35089999	-10.464098	3.3243611
2.7976387	0.35251081	-10.344698	3.3449314
2.7804868	0.34993351	-10.441395	3.3531594
2.7726905	0.35637677	-10.446441	3.3572733
2.7539794	0.38118327	-10.479233	3.4148698
2.7383866	0.38021678	-10.465779	3.3737295
2.718116	0.37312922	-10.401035	3.3696156
2.6900494	0.37087408	-10.475029	3.3696156
2.6760159	0.36990759	-10.469984	3.3901856
2.6557453	0.36475298	-10.469144	3.3613875
2.6292381	0.36571947	-10.469984	3.3655014
2.6074083	0.37087408	-10.461576	3.3901856
2.593375	0.3689411	-10.451485	3.4148698
2.5684266	0.36861894	-10.45653	3.3819575
2.5465968	0.36153138	-10.453167	3.3613875
2.5200891	0.34961134	-10.464938	3.3901856
2.5076151	0.36378649	-10.454848	3.4148698
2.4748707	0.36797461	-10.479233	3.3901856
2.4608374	0.36700812	-10.483438	3.4066417
2.4234147	0.37474003	-10.478392	3.3984137
2.4124999	0.3653973	-10.467461	3.3984137
2.3906701	0.36571947	-10.404398	3.3942995
2.3626034	0.36926326	-10.479233	3.4148698
2.3438923	0.37248489	-10.460734	3.4025276
2.3236217	0.36475298	-10.40608	3.3819575
2.3002326	0.36507514	-10.444759	3.4272113
2.2799623	0.36926326	-10.411124	3.4189835
2.2565732	0.38343841	-10.464098	3.4313254
2.2347436	0.37731731	-10.460734	3.4189835
2.2113545	0.36829677	-10.418693	3.4642377
2.1942027	0.36926326	-10.45653	3.4272113
2.1723728	0.36217567	-10.451485	3.3984137
2.1396284	0.36926326	-10.462417	3.4313254
2.1177986	0.36443081	-10.467461	3.4477816
2.1068838	0.3595984	-10.319473	3.4189835
2.0834949	0.36604163	-10.45653	3.4395535
2.0616651	0.37474003	-10.454007	3.4477816
2.0429537	0.36797461	-10.45569	3.4436674
2.0133278	0.37216273	-10.450644	3.4395535
1.9946166	0.3689411	-10.328723	3.4477816
1.974346	0.36958542	-10.448963	3.4560096
1.9525163	0.37925029	-10.464938	3.4724658
1.9275682	0.37731731	-10.480074	3.4971497
1.9057384	0.37667298	-10.499413	3.4930358
1.8917049	0.36668596	-10.319473	3.4724658
1.8667568	0.36571947	-10.447281	3.4683516
1.8480456	0.37184057	-10.475869	3.5094919
1.8230972	0.37087408	-10.468302	3.4930358
1.7997084	0.37377355	-10.468302	3.4971497
1.7825564	0.37538436	-10.412807	3.5136058
1.7607266	0.37022975	-10.443076	3.5053778
1.7404562	0.36088705	-10.45653	3.5053778
1.7201858	0.35863191	-10.481755	3.4601235
1.6905596	0.36410865	-10.502776	3.5136058
1.6702893	0.36700812	-10.364038	3.5218339
1.6531373	0.37731731	-10.483438	3.525948
1.6266297	0.38891518	-10.454007	3.53829
1.6079186	0.37699515	-10.446441	3.530062
1.5860889	0.37925029	-10.4456	3.51772
1.5704962	0.37699515	-10.348062	3.525948
1.5424294	0.37860596	-10.493526	3.5794303
1.5299553	0.36571947	-10.469144	3.5341759
1.5034478	0.37892812	-10.457372	3.5629742
1.4769403	0.38376057	-10.475029	3.595886
1.4613476	0.37312922	-10.45653	3.550632
1.4410771	0.37022975	-10.470825	3.5629742
1.4161289	0.35895407	-10.451485	3.550632
1.4005362	0.36185354	-10.474188	3.550632
1.3771472	0.3653973	-10.47671	3.6041141
1.3599954	0.36410865	-10.431305	3.5547462
1.3366064	0.36249784	-10.480914	3.5835443
1.3132174	0.3750622	-10.448122	3.595886
1.3023026	0.38666004	-10.400194	3.6205702
1.2804728	0.38472706	-10.446441	3.5876582
1.2570838	0.40115735	-10.354789	3.6205702
1.229017	0.40019086	-10.460734	3.6205702
1.2134243	0.39439192	-10.460734	3.6205702
1.199391	0.39406976	-10.435509	3.6329122
1.1775613	0.38150543	-10.468302	3.6123421
1.1666464	0.38569355	-10.474188	3.6411402
1.1416981	0.38955948	-10.474188	3.6617103
1.1276647	0.38504922	-10.432987	3.6287982
1.1105129	0.3869822	-10.411966	3.6411402
1.0886831	0.38955948	-10.453167	3.6452541
1.0730904	0.37989461	-10.704577	3.6246841
1.0543793	0.39052597	-10.460734	3.6987364
1.0403459	0.38182759	-10.4456	3.6329122
1.0263125	0.37731731	-10.402717	3.6493683
1.0138384	0.38311625	-10.471665	3.6575963
0.99044937	0.38988164	-10.481755	3.6946225
0.97641593	0.39213678	-10.431305	3.6658244
0.96238261	0.38633788	-10.451485	3.6617103
0.94523072	0.3869822	-10.776891	3.6987364
0.92963803	0.39600274	-10.464098	3.7110786
0.92340094	0.39890221	-10.471665	3.6905084
0.91404539	0.39149246	-10.448963	3.6905084
0.89065641	0.39535841	-10.498572	3.7234206
0.88286006	0.39729139	-10.372446	3.7234206
0.86726737	0.39600274	-10.446441	3.7069645
0.85791183	0.38988164	-10.492686	3.7069645
0.84075987	0.39568058	-10.471665	3.7275348
0.82672656	0.39729139	-10.469984	3.7439907
0.81425238	0.40051302	-10.391786	3.7604468
0.80801529	0.40276816	-10.45569	3.7357628
0.79242265	0.4153325	-10.49521	3.7604468
0.77994853	0.40824491	-10.472507	3.7481048
0.7737115	0.40695626	-10.470825	3.7892447
0.76747441	0.3963249	-10.438032	3.7439907
0.74408549	0.40985572	-10.468302	3.7974727
0.73940766	0.39825788	-10.469984	3.7604468
0.73005205	0.39890221	-10.691966	3.7769027
0.71757793	0.39310327	-10.479233	3.7686746
0.70822233	0.39793572	-10.290044	3.8015866
0.69886672	0.40437895	-10.469984	3.7933586
0.68951118	0.3998687	-10.47671	3.7933586
0.68327409	0.40341246	-10.395149	3.8221569
0.67079997	0.39793572	-10.480914	3.8221569
0.6661222	0.39761356	-10.382536	3.8098147
0.65832585	0.39149246	-10.498572	3.8015866
0.64273316	0.41307735	-10.472507	3.8879812
0.64585173	0.40792274	-10.40608	3.8344989
0.63337761	0.40695626	-10.453167	3.8344989
0.62558126	0.40212384	-10.427101	3.8468409
0.62246275	0.40824491	-10.467461	3.8797531
0.60842937	0.40824491	-10.446441	3.871525
0.61154795	0.40631193	-10.461576	3.863297
0.60531086	0.40695626	-10.436351	3.863297
0.59439594	0.42660818	-10.453167	3.9373496
0.58036256	0.42209789	-10.472507	3.8838673
0.58659965	0.40663409	-10.467461	3.8838673
0.57724404	0.40212384	-10.384218	3.9085512
0.56788844	0.39149246	-10.452326	3.8838673
0.55853289	0.39729139	-10.433827	3.9044373
0.55697358	0.38601571	-10.463257	3.9003232
0.55073655	0.38923734	-10.452326	3.8962092
0.54761803	0.39503625	-10.414488	3.9126654
0.5429402	0.39568058	-10.474188	3.9250073
0.53202534	0.40437895	-10.448122	3.9291215
0.52266979	0.40953356	-10.437191	3.9414635
0.52111053	0.42403087	-10.457372	3.9743752
0.52422905	0.41597682	-10.47671	3.9620333
0.51331419	0.41114438	-10.447281	3.9496911
0.51487345	0.40760058	-10.480074	3.9332354
0.50551784	0.40180168	-10.403557	3.9702613
0.49772155	0.39858004	-10.432146	3.9784894
0.49148446	0.40792274	-10.472507	3.9867175
0.48836592	0.40985572	-10.45653	4.0072875
0.48680666	0.41146654	-10.461576	4.0114017
0.48524743	0.40953356	-10.468302	4.0196295
0.47901034	0.41404384	-10.469984	3.9949453
0.47901034	0.41790977	-10.459894	4.0196295
0.4758918	0.39664707	-10.443076	3.9867175
0.47277325	0.40341246	-10.462417	4.0196295
0.46497697	0.40695626	-10.372446	4.0319715
0.46029913	0.4092114	-10.480074	4.0443139
0.46029913	0.42242005	-10.472507	4.0566559
0.45873991	0.42306438	-10.377492	4.0566559
0.45562136	0.4272525	-10.454007	4.1060238
0.4540621	0.42209789	-10.422896	4.0607696
0.45250285	0.42145357	-10.459053	4.0648837
0.44002873	0.42757466	-10.491845	4.1101379
0.43535089	0.43530655	-10.403557	4.1348219
0.44158798	0.43337357	-10.429624	4.1142521
0.43067312	0.42080924	-10.464938	4.0936818
0.43535089	0.4153325	-10.460734	4.1060238
0.43067312	0.41565466	-10.45569	4.1224799
0.42755461	0.41984275	-10.33629	4.1307077
0.43223241	0.40985572	-10.469984	4.1101379
0.43067312	0.41339952	-10.46662	4.1307077
0.42599532	0.41823193	-10.454007	4.138936
0.42599532	0.42048708	-10.45569	4.1348219
0.41975826	0.42854115	-10.41701	4.1718478
0.42599532	0.43111846	-10.483438	4.1718478
0.41975826	0.42982981	-10.471665	4.16362
0.42131752	0.43530655	-10.461576	4.2129884
0.40572491	0.44239414	-10.463257	4.2212162
0.4135212	0.43627304	-10.434669	4.175962
0.40728414	0.45012602	-10.45653	4.2129884
0.4135212	0.44142765	-10.454848	4.2047601
0.40416563	0.43176275	-10.314428	4.2212162
0.41508049	0.43047413	-10.423738	4.2294445
0.40728414	0.43917251	-10.483438	4.2664704
0.40260637	0.44336063	-10.458212	4.2459006
0.40728414	0.43208492	-10.438032	4.2541285
0.39481002	0.43305141	-10.358993	4.2705846
0.39948782	0.43208492	-10.465779	4.2417865
0.40572491	0.4307963	-10.469144	4.2541285
0.39948782	0.42660818	-10.473348	4.2459006
0.39792857	0.43272924	-10.45653	4.2705846
0.39325073	0.4459379	-10.793707	4.2993827
0.39325073	0.44819304	-10.446441	4.2952685
0.39013225	0.44819304	-10.440554	4.3034964
0.39481002	0.44368279	-10.454007	4.2829266
0.38545445	0.44142765	-10.451485	4.3034964
0.39481002	0.44336063	-10.56584	4.2911549
0.39169151	0.4494817	-10.463257	4.3405228
0.38857296	0.44561577	-10.482595	4.3322945
0.38857296	0.43498439	-10.42626	4.3117242
0.39325073	0.42145357	-10.454007	4.3158383
0.38545445	0.43788385	-10.45569	4.3569784
0.38857296	0.44400495	-10.458212	4.3940048
0.38389516	0.43369573	-10.469984	4.3446364
0.3870137	0.42306438	-10.457372	4.3446364
0.37921739	0.43498439	-10.458212	4.385777
0.38389516	0.44368279	-10.444759	4.4063468
0.38077661	0.45270333	-10.448963	4.4145751
0.3823359	0.44754872	-10.485119	4.385777
0.38389516	0.45044819	-10.422896	4.3940048
0.37765813	0.45560279	-10.471665	4.398119
0.37921739	0.45463631	-10.467461	4.4063468
0.3823359	0.45173684	-10.474188	4.4104609
0.37765813	0.45495847	-10.460734	4.4186888
0.38077661	0.45560279	-10.448122	4.451601
0.37921739	0.45302549	-10.459894	4.4392591
0.37921739	0.45044819	-10.438032	4.4310312
0.37921739	0.45753577	-10.415329	4.451601
0.37298033	0.44915953	-10.452326	4.4474874
0.37921739	0.43981683	-10.34638	4.4721713
0.3870137	0.44142765	-10.470825	4.4474874
0.37298033	0.44336063	-10.475869	4.4639435
0.37921739	0.44110548	-10.654128	4.4639435
0.37765813	0.43820602	-10.47671	4.4927411
0.37142104	0.44819304	-10.431305	4.4598293
0.37453958	0.4614017	-10.475869	4.4968553
0.37298033	0.45624712	-10.449803	4.5009689
0.37453958	0.46365684	-10.457372	4.5174251
0.3823359	0.4675228	-10.464098	4.5133109
0.37609884	0.46977794	-10.473348	4.5256534
0.37453958	0.46848929	-10.463257	4.5133109
0.37298033	0.46043521	-10.444759	4.5338812
0.37921739	0.45463631	-10.459053	4.5256534
0.37142104	0.45656928	-10.457372	4.5338812
0.37921739	0.452059	-10.479233	4.5133109
0.37609884	0.43723953	-10.444759	4.5133109
0.37453958	0.45882443	-10.504458	4.6038198
0.37142104	0.46591198	-10.327041	4.5503373
0.37765813	0.46333468	-10.475029	4.5462232
0.37142104	0.47171092	-10.481755	4.5832496
0.37142104	0.45979092	-10.475029	4.5709076
0.36830249	0.47042227	-10.448963	4.5955915
0.37609884	0.46784496	-10.471665	4.5914774
0.38077661	0.48459741	-10.473348	4.5997057
0.37609884	0.47589901	-10.483438	4.5667934
0.37765813	0.4736439	-10.444759	4.5914774
0.37921739	0.46301252	-10.469144	4.5667934
0.37298033	0.4649455	-10.479233	4.5955915
0.37609884	0.45624712	-10.461576	4.5873637
0.36986178	0.45753577	-10.443918	4.6120477
0.37142104	0.44722655	-10.317792	4.5873637
0.36674324	0.452059	-10.459894	4.5955915
0.37921739	0.44915953	-10.487641	4.5997057
0.36830249	0.45238116	-10.384218	4.6490741
0.37298033	0.45238116	-10.458212	4.5997057
0.37298033	0.46269035	-10.422056	4.6285038
0.36830249	0.47396606	-10.475029	4.6655302
0.36518401	0.48169795	-10.464098	4.6902137
0.36986178	0.47654334	-10.332927	4.6367316
0.37298033	0.4829866	-10.472507	4.6614161
0.37298033	0.49071848	-10.450644	4.6614161
0.36986178	0.48008713	-10.462417	4.6408458
0.37609884	0.47622117	-10.478392	4.620276
0.36830249	0.47847632	-10.448963	4.6696439
0.37453958	0.4736439	-10.464098	4.6531878
0.37921739	0.47106659	-10.477551	4.6696439
0.37765813	0.46945578	-10.478392	4.6696439
0.37453958	0.46365684	-10.480914	4.6737576
0.37609884	0.45399198	-10.424579	4.6573019
0.38077661	0.45721361	-10.450644	4.6573019
0.36986178	0.46075737	-10.45569	4.6902137
0.37298033	0.46687847	-10.471665	4.6860995
0.37921739	0.46430117	-10.449803	4.6778717
0.37142104	0.47783199	-10.432987	4.7025557
0.36830249	0.47654334	-10.440554	4.7190118
0.37609884	0.47750983	-10.425419	4.6943278
0.37765813	0.46881145	-10.371606	4.6696439
0.37609884	0.47299957	-10.488482	4.7148981
0.37142104	0.48137578	-10.364038	4.7313538
0.37609884	0.48137578	-10.478392	4.7066698
0.37142104	0.4923293	-10.480074	4.7478099
0.36674324	0.49683958	-10.311906	4.7436962
0.38389516	0.48008713	-10.464938	4.698442
0.37453958	0.46881145	-10.443076	4.6819859
0.36986178	0.47557685	-10.474188	4.7231259
0.37609884	0.46977794	-10.460734	4.7190118
0.38077661	0.46591198	-10.424579	4.6943278
0.37921739	0.45592496	-10.464938	4.7354679
0.37609884	0.46591198	-10.464938	4.7313538
0.37765813	0.45946875	-10.461576	4.7231259
0.38077661	0.46269035	-10.462417	4.7231259
0.37609884	0.47847632	-10.432987	4.7683802
0.37609884	0.48202011	-10.483438	4.7560382
0.37298033	0.48073146	-10.454007	4.7313538
0.37921739	0.46526766	-10.478392	4.7231259
0.37609884	0.47622117	-10.481755	4.764266
0.37453958	0.47944281	-10.432146	4.776608
0.37609884	0.48491958	-10.504458	4.7724943
0.37453958	0.48234227	-10.479233	4.7807221
0.37609884	0.47976497	-10.489323	4.7683802
0.37765813	0.46784496	-10.468302	4.7560382
0.37921739	0.48266444	-10.427941	4.7930641
0.37609884	0.48717472	-10.475029	4.7807221
0.37298033	0.48169795	-10.47671	4.776608
0.38077661	0.47944281	-10.454007	4.8012924
0.38077661	0.47718766	-10.45653	4.776608
0.37765813	0.48137578	-10.41617	4.7889504
0.37921739	0.49555093	-10.475029	4.8136344
0.37765813	0.48878554	-10.440554	4.8012924
0.38077661	0.47815415	-10.436351	4.7807221
0.38545445	0.48878554	-10.472507	4.7889504
0.37921739	0.4891077	-10.390103	4.8177485
0.38389516	0.49136281	-10.464938	4.7848363
0.37765813	0.48427525	-10.459053	4.7889504
0.37921739	0.49104065	-10.454848	4.8095202
0.3823359	0.47847632	-10.459894	4.7807221
0.38545445	0.47525468	-10.471665	4.7889504
0.38077661	0.47332174	-10.464098	4.8300905
0.37142104	0.46720064	-10.425419	4.7971783
0.37298033	0.47235525	-10.513707	4.8136344
0.38389516	0.46526766	-10.484279	4.776608
0.38545445	0.47299957	-10.47671	4.8177485
0.37921739	0.47171092	-10.436351	4.8054066
0.3823359	0.47557685	-10.459053	4.8259764
0.38077661	0.47976497	-10.469144	4.8136344
0.37765813	0.48363093	-10.423738	4.8218627
0.37142104	0.49361795	-10.447281	4.8424325
0.38077661	0.49007416	-10.451485	4.8218627
0.37921739	0.4855639	-10.451485	4.8012924
0.37921739	0.48588607	-10.308542	4.8136344
0.3823359	0.48781905	-10.465779	4.8300905
0.37609884	0.48169795	-10.435509	4.8218627
0.3823359	0.47557685	-10.479233	4.8300905
0.38077661	0.48137578	-10.469144	4.8506608
0.37921739	0.48685256	-10.329563	4.8671165
0.37609884	0.48524174	-10.450644	4.8300905
0.38389516	0.47493255	-10.45653	4.8177485
0.37921739	0.47042227	-10.36572	4.8300905
0.37921739	0.48524174	-10.4456	4.8753443
0.38545445	0.48105362	-10.437191	4.8300905
0.38389516	0.48491958	-10.472507	4.8300905
0.38077661	0.48008713	-10.477551	4.8218627
0.3870137	0.48781905	-10.29593	4.8383183
0.37609884	0.49329579	-10.45653	4.8383183
0.38077661	0.48040929	-10.45569	4.8012924
0.3870137	0.4891077	-10.480914	4.8054066
0.37921739	0.48040929	-10.507821	4.8177485
0.37453958	0.49265146	-10.45569	4.8424325
0.3823359	0.48749688	-10.462417	4.8177485
0.37921739	0.49329579	-10.448122	4.8465466
0.3823359	0.48105362	-10.468302	4.8012924
0.38389516	0.4701001	-10.458212	4.8177485
0.38077661	0.47138876	-10.438032	4.8054066
0.38077661	0.47042227	-10.488482	4.7971783
0.37921739	0.47138876	-10.427941	4.7971783
0.37921739	0.47299957	-10.482595	4.8218627
0.38077661	0.47461039	-10.463257	4.7971783
0.37765813	0.48942986	-10.348903	4.8177485
0.38077661	0.50006121	-10.457372	4.8259764
0.38077661	0.49329579	-10.45653	4.7807221
0.38389516	0.49265146	-10.488482	4.7971783
0.37921739	0.49587309	-10.498572	4.8012924
0.38077661	0.47912064	-10.358993	4.7601523
0.37453958	0.48781905	-10.432987	4.8259764
0.3870137	0.48395309	-10.485119	4.8095202
0.38389516	0.48524174	-10.344698	4.8095202
0.38389516	0.47461039	-10.47671	4.7848363
0.37609884	0.48653039	-10.387582	4.8547745
0.3823359	0.48330876	-10.475029	4.8630023
0.38389516	0.47718766	-10.447281	4.8259764
0.38077661	0.48169795	-10.619654	4.8465466
0.38389516	0.48008713	-10.458212	4.8259764
0.37453958	0.4891077	-10.444759	4.8712306
0.3823359	0.48717472	-10.481755	4.8300905
0.38389516	0.47493255	-10.437191	4.8054066
0.37609884	0.47912064	-10.332927	4.8054066
0.37921739	0.4923293	-10.45653	4.8547745
0.37765813	0.50424933	-10.237912	4.8506608
0.38077661	0.49587309	-10.460734	4.8259764
0.37609884	0.50328285	-10.467461	4.8465466
0.37609884	0.48942986	-10.472507	4.8136344
0.37765813	0.48975202	-10.458212	4.8259764
0.37609884	0.49071848	-10.505299	4.8218627
0.3870137	0.47557685	-10.431305	4.7930641
0.38389516	0.46881145	-10.46662	4.8095202
0.38077661	0.47976497	-10.437191	4.8588886
0.38077661	0.48620823	-10.467461	4.8259764
0.38077661	0.48685256	-10.469144	4.8012924
0.37453958	0.48878554	-10.449803	4.8506608
0.37921739	0.48846337	-10.475029	4.8588886
0.38545445	0.48749688	-10.450644	4.8259764
0.38077661	0.49007416	-10.493526	4.8588886
0.37921739	0.49007416	-10.454848	4.8383183
0.38389516	0.48588607	-10.481755	4.8136344
0.37765813	0.48878554	-10.467461	4.8342047
0.3823359	0.48395309	-10.352266	4.8177485
0.37921739	0.47718766	-10.454007	4.8218627
0.37921739	0.48653039	-10.491005	4.8383183
0.3823359	0.47622117	-10.414488	4.8095202
0.38389516	0.48202011	-10.447281	4.8383183
0.37298033	0.47428823	-10.464938	4.8300905
0.37609884	0.47622117	-10.42626	4.8342047
0.37298033	0.47267741	-10.463257	4.8424325
0.37765813	0.48395309	-10.477551	4.8342047
0.38077661	0.4855639	-10.408603	4.8342047
0.3870137	0.4829866	-10.47671	4.8300905
0.38389516	0.48073146	-10.459894	4.8342047
0.39636928	0.48234227	-10.484279	4.8218627
0.38545445	0.48427525	-10.479233	4.8342047
0.39013225	0.48653039	-10.46662	4.8588886
0.38857296	0.48749688	-10.415329	4.8259764
0.39481002	0.48942986	-10.480074	4.8671165
0.39169151	0.49426228	-10.604518	4.8671165
0.39792857	0.48975202	-10.478392	4.8506608
0.39169151	0.4829866	-10.436351	4.8342047
0.39169151	0.49297363	-10.472507	4.8753443
0.39636928	0.48266444	-10.447281	4.8342047
0.39481002	0.47171092	-10.409443	4.8177485
0.39636928	0.48137578	-10.501095	4.8300905
0.39169151	0.47976497	-10.448963	4.8383183
0.39481002	0.48427525	-10.471665	4.8259764
0.39792857	0.49522877	-10.486801	4.8630023
0.39481002	0.49361795	-10.443918	4.8506608
0.39792857	0.48878554	-10.453167	4.8547745
0.39169151	0.50070554	-10.484279	4.8753443
0.39481002	0.49780607	-10.421215	4.8342047
0.39636928	0.49587309	-10.484279	4.8506608
0.39013225	0.49619526	-10.471665	4.8465466
0.39013225	0.48846337	-10.491005	4.8465466
0.39013225	0.48717472	-10.390103	4.8424325
0.39481002	0.49039632	-10.439713	4.8506608
0.39481002	0.48653039	-10.453167	4.8547745
0.38077661	0.49168497	-10.461576	4.8753443
0.39325073	0.48878554	-10.482595	4.8588886
0.39481002	0.48717472	-10.432146	4.8424325
0.39169151	0.49394011	-10.459894	4.8712306
0.39325073	0.4855639	-10.467461	4.8424325
0.39636928	0.49458444	-10.464098	4.8671165
0.39792857	0.48653039	-10.469984	4.8383183
0.39325073	0.48040929	-10.432987	4.8136344
0.3870137	0.48395309	-10.441395	4.8630023
0.39169151	0.48620823	-10.457372	4.8465466
0.39792857	0.48653039	-10.41701	4.8300905
0.39481002	0.48105362	-10.480914	4.8424325
0.38857296	0.48330876	-10.451485	4.8383183
0.39169151	0.49104065	-10.461576	4.8794584
0.39325073	0.49458444	-10.454848	4.8465466
0.39013225	0.49877256	-10.463257	4.8630023
0.38389516	0.49297363	-10.470825	4.8630023
0.39013225	0.47750983	-10.464098	4.8547745
0.39481002	0.48008713	-10.335449	4.8630023
0.3870137	0.48975202	-10.491845	4.8547745
0.38857296	0.49426228	-10.461576	4.8630023
0.39948782	0.4855639	-10.478392	4.8342047
0.39013225	0.48524174	-10.489323	4.8588886
0.39325073	0.48137578	-10.473348	4.8342047
0.38857296	0.48137578	-10.454007	4.8424325
0.39169151	0.47847632	-10.475869	4.8588886
0.39169151	0.47912064	-10.465779	4.8588886
0.38857296	0.49394011	-10.470825	4.8835726
0.38857296	0.50392717	-10.454007	4.8918004
0.39013225	0.49587309	-10.451485	4.8712306
0.39169151	0.49587309	-10.489323	4.9123707
0.38545445	0.50006121	-10.460734	4.8835726
0.39169151	0.49329579	-10.46662	4.8835726
0.39169151	0.49104065	-10.361515	4.8753443
0.39481002	0.48685256	-10.471665	4.8918004
0.39169151	0.47912064	-10.46662	4.8753443
0.39792857	0.47138876	-10.439713	4.8753443
0.39169151	0.48040929	-10.451485	4.8876863
0.39325073	0.47912064	-10.306861	4.8794584
0.39169151	0.47493255	-10.47671	4.8835726
0.39325073	0.47299957	-10.450644	4.8753443
0.38857296	0.47396606	-10.411966	4.8753443
0.39013225	0.48588607	-10.435509	4.9082565
0.39325073	0.47654334	-10.425419	4.8712306
0.39636928	0.48008713	-10.501095	4.8918004
0.38857296	0.48975202	-10.491005	4.9082565
0.39636928	0.47783199	-10.421215	4.8918004
0.38857296	0.48685256	-10.469144	4.9493966
0.38389516	0.49587309	-10.452326	4.9205985
0.38857296	0.49587309	-10.464098	4.9205985
0.39169151	0.48459741	-10.458212	4.8959146
0.38857296	0.48814121	-10.368242	4.9411688
0.39013225	0.48073146	-10.464938	4.8876863
0.39169151	0.48620823	-10.451485	4.9205985
0.38857296	0.49200714	-10.475029	4.9164848
0.39481002	0.49007416	-10.497732	4.9082565
0.39481002	0.49587309	-10.363197	4.9288268
0.39013225	0.47847632	-10.452326	4.8918004
0.39169151	0.48685256	-10.463257	4.9247127
0.38857296	0.48781905	-10.371606	4.9288268
0.39481002	0.48717472	-10.459053	4.9082565
0.39636928	0.49200714	-10.491845	4.9288268
0.39636928	0.47912064	-10.484279	4.8918004
0.38857296	0.48427525	-10.458212	4.9205985
0.39013225	0.47589901	-10.360675	4.9247127
0.38545445	0.48878554	-10.494368	4.9247127
0.38857296	0.4923293	-10.485119	4.9411688
0.39481002	0.48427525	-10.469984	4.9288268
0.39481002	0.47396606	-10.45569	4.9205985
0.38077661	0.48524174	-10.478392	4.9411688
0.39013225	0.48266444	-10.46662	4.9288268
0.39013225	0.48330876	-10.477551	4.9205985
0.38545445	0.48942986	-10.481755	4.9411688
0.38857296	0.49458444	-10.447281	4.9617391
0.38857296	0.48942986	-10.396831	4.9288268
0.39481002	0.49104065	-10.46662	4.9288268
0.39013225	0.49909472	-10.478392	4.9329405
0.38077661	0.50392717	-10.389263	4.9781952
0.39169151	0.49973905	-10.433827	4.9370546
0.38857296	0.49039632	-10.370765	4.9205985
0.39481002	0.48620823	-10.504458	4.9411688
0.39325073	0.49361795	-10.475869	4.9658527
0.39481002	0.48942986	-10.392627	4.9329405
0.39481002	0.48749688	-10.464098	4.9370546
0.39792857	0.48137578	-10.366561	4.9411688
0.38545445	0.48491958	-10.448122	4.986423
0.39792857	0.47203308	-10.448963	4.9329405
0.39169151	0.48105362	-10.399353	4.9535108
0.39013225	0.47750983	-10.47671	4.9576249
0.39013225	0.48395309	-10.457372	4.9493966
0.39792857	0.47622117	-10.443918	4.9247127
0.39169151	0.4949066	-10.468302	4.974081
0.39169151	0.48588607	-10.454007	4.9411688
0.39325073	0.48491958	-10.433827	4.9411688
0.39013225	0.48491958	-10.483438	4.986423
0.39325073	0.49394011	-10.464938	4.9658527
0.3870137	0.49200714	-10.462417	4.9576249
0.39013225	0.49039632	-10.439713	4.9493966
0.37921739	0.49909472	-10.492686	4.998765
0.3870137	0.50489366	-10.470825	4.9823089
0.38545445	0.49265146	-10.454007	4.9617391
0.39948782	0.47847632	-10.457372	4.9493966
0.38857296	0.48749688	-10.389263	4.9905372
0.38857296	0.49168497	-10.475869	4.9781952
0.39013225	0.49812824	-10.4456	4.9658527
0.3870137	0.49812824	-10.487641	4.986423
0.3870137	0.49200714	-10.473348	4.974081
0.39169151	0.48975202	-10.472507	4.9699669
0.3870137	0.50070554	-10.483438	5.011107
0.38857296	0.48749688	-10.454848	4.9781952
0.39325073	0.49522877	-10.436351	4.974081
0.39792857	0.49812824	-10.473348	5.011107
0.39325073	0.49587309	-10.450644	4.9823089
0.39169151	0.49297363	-10.489323	4.9658527
0.38545445	0.50489366	-10.481755	5.0028791
0.39013225	0.51423633	-10.462417	5.0604749
0.39792857	0.50521582	-10.470825	4.9905372
0.39481002	0.50553799	-10.465779	4.998765
0.39325073	0.49168497	-10.477551	4.9535108
0.38545445	0.50296068	-10.47671	5.0152211
0.39013225	0.50167203	-10.458212	5.0069933
0.39169151	0.49200714	-10.482595	4.9781952
0.39481002	0.48105362	-10.289204	4.986423
0.39481002	0.48975202	-10.488482	5.011107
0.39325073	0.49587309	-10.443076	5.011107
0.39169151	0.48942986	-10.438032	4.986423
0.39169151	0.5045715	-10.458212	5.0152211
0.38857296	0.51294768	-10.404398	5.0275631
0.39013225	0.50811529	-10.471665	5.0275631
0.3870137	0.51101476	-10.467461	5.0152211
0.40260637	0.4923293	-10.464938	4.9946508
0.39169151	0.49458444	-10.47671	5.0316772
0.39169151	0.5010277	-10.314428	5.0563612
0.39169151	0.48363093	-10.443918	4.9905372
0.39325073	0.49007416	-10.444759	5.0193353
0.39481002	0.48234227	-10.408603	4.998765
0.38545445	0.49007416	-10.444759	5.0399051
0.39169151	0.49329579	-10.459894	5.011107
0.39013225	0.49555093	-10.474188	5.011107
0.39013225	0.48653039	-10.457372	5.011107
0.39325073	0.48975202	-10.412807	5.0275631
0.39325073	0.49200714	-10.472507	5.0152211
0.3870137	0.48040929	-10.463257	4.9946508
0.39169151	0.49941689	-10.477551	5.0399051
0.39325073	0.49780607	-10.438032	5.0275631
0.39636928	0.50167203	-10.386741	5.052247
0.39169151	0.49619526	-10.460734	5.0357914
0.3870137	0.50586015	-10.46662	5.0357914
0.39481002	0.50972611	-10.491845	5.0357914
0.38389516	0.51198125	-10.462417	5.0728173
0.39169151	0.51101476	-10.617971	5.0481334
0.39325073	0.49973905	-10.46662	5.0316772
0.38389516	0.5045715	-10.449803	5.0440192
0.39948782	0.5010277	-10.477551	5.0481334
0.3870137	0.49877256	-10.429624	5.0316772
0.38545445	0.4949066	-10.443076	5.0193353
0.39325073	0.50006121	-10.480914	5.0193353
0.38857296	0.50328285	-10.479233	5.064589
0.39013225	0.51198125	-10.461576	5.052247
0.38857296	0.50682664	-10.459894	5.0234494
0.3870137	0.50521582	-10.4456	5.0316772
0.38857296	0.50038338	-10.452326	5.0234494
0.38857296	0.5106926	-10.444759	5.0728173
0.38857296	0.50489366	-10.459053	5.0234494
0.39636928	0.49071848	-10.491005	5.0316772
0.39169151	0.49426228	-10.436351	5.052247
0.39325073	0.49426228	-10.471665	5.0728173
0.38545445	0.49877256	-10.439713	5.076931
0.39636928	0.48846337	-10.473348	5.0316772
0.39636928	0.49555093	-10.471665	5.0275631
0.39481002	0.49007416	-10.370765	5.0357914
0.39636928	0.5010277	-10.461576	5.0563612
0.39325073	0.49458444	-10.458212	5.0481334
0.38545445	0.49200714	-10.454848	5.0357914
0.40104708	0.49007416	-10.454848	5.0481334
0.38545445	0.48266444	-10.438032	5.0234494
0.3870137	0.49941689	-10.457372	5.076931
0.39169151	0.50618231	-10.478392	5.064589
0.38389516	0.49973905	-10.439713	5.0357914
0.3823359	0.49104065	-10.465779	5.052247
0.39481002	0.49458444	-10.438872	5.0234494
0.39013225	0.50038338	-10.463257	5.0728173
0.39013225	0.49200714	-10.467461	5.0234494
0.39636928	0.48266444	-10.316951	5.0563612
0.39636928	0.48395309	-10.490164	5.0316772
0.39013225	0.49458444	-10.327041	5.0728173
0.39013225	0.48942986	-10.449803	5.0399051
0.38389516	0.50134987	-10.435509	5.0728173
0.39013225	0.50231636	-10.33629	5.0728173
0.3870137	0.49780607	-10.458212	5.0399051
0.39169151	0.49522877	-10.395149	5.0234494
0.39169151	0.49394011	-10.45569	5.0357914
0.39169151	0.48620823	-10.465779	5.0399051
0.39013225	0.50006121	-10.776891	5.064589
0.39013225	0.49458444	-10.464098	5.0357914
0.39481002	0.49426228	-10.252206	5.0275631
0.3823359	0.50199419	-10.438872	5.0728173
0.38857296	0.50134987	-10.459053	5.052247
0.39481002	0.48846337	-10.439713	5.0193353
0.39325073	0.48395309	-10.469984	5.0275631
0.39013225	0.48942986	-10.473348	5.0604749
0.39169151	0.49297363	-10.464098	5.0481334
0.38857296	0.48846337	-10.452326	5.0563612
0.39481002	0.47976497	-10.410284	5.0481334
0.3870137	0.47879848	-10.469144	5.0234494
0.39169151	0.47718766	-10.469984	5.064589
0.3870137	0.49039632	-10.446441	5.0604749
0.39169151	0.48330876	-10.431305	5.0234494
0.39013225	0.48524174	-10.348903	5.0275631
0.39169151	0.50972611	-10.461576	5.1016154
0.38857296	0.50843745	-10.452326	5.0563612
0.38389516	0.51616931	-10.460734	5.0687032
0.39169151	0.51262558	-10.46662	5.0687032
0.38545445	0.50231636	-10.638992	5.0440192
0.39792857	0.50360501	-10.468302	5.052247
0.38857296	0.4949066	-10.450644	5.0275631
0.38545445	0.48073146	-10.467461	5.0357914
0.39013225	0.48781905	-10.461576	5.0604749
0.39325073	0.48620823	-10.461576	5.0399051
0.38857296	0.48749688	-10.447281	5.052247
0.39169151	0.48524174	-10.461576	5.052247
0.38389516	0.50392717	-10.497732	5.0810452
0.38857296	0.49458444	-10.475029	5.0604749
0.38857296	0.4984504	-10.374969	5.0728173
0.39636928	0.49071848	-10.46662	5.0399051
0.38389516	0.49007416	-10.46662	5.0563612
0.3823359	0.48942986	-10.454848	5.0851593
0.38545445	0.49651742	-10.510345	5.064589
0.38857296	0.50618231	-10.441395	5.0604749
0.3870137	0.51810229	-10.47671	5.0851593
0.39169151	0.50843745	-10.465779	5.064589
0.3870137	0.50747097	-10.465779	5.0810452
0.38857296	0.5071488	-10.464098	5.0563612
0.38545445	0.4949066	-10.410284	5.0687032
0.39948782	0.49522877	-10.45653	5.064589
0.38857296	0.49361795	-10.459894	5.0687032
0.3870137	0.5010277	-10.457372	5.0933871
0.38857296	0.50553799	-10.427941	5.0810452
0.38545445	0.50263852	-10.330404	5.0728173
0.39325073	0.50424933	-10.474188	5.0481334
0.39169151	0.49329579	-10.452326	5.0440192
0.39013225	0.48942986	-10.420374	5.0604749
0.39013225	0.4923293	-10.446441	5.064589
0.38545445	0.50650448	-10.399353	5.1180716
0.38389516	0.50618231	-10.437191	5.076931
0.37921739	0.5045715	-10.458212	5.0687032
0.3823359	0.50199419	-10.390103	5.0687032
0.38857296	0.5010277	-10.483438	5.0604749
0.38545445	0.50811529	-10.368242	5.089273
0.39169151	0.50360501	-10.471665	5.0687032
0.38545445	0.49265146	-10.480914	5.052247
0.39169151	0.48942986	-10.330404	5.0604749
0.3870137	0.49071848	-10.485119	5.064589
0.39169151	0.48653039	-10.469984	5.0481334
0.39169151	0.49941689	-10.480074	5.064589
0.3870137	0.49683958	-10.499413	5.064589
0.38389516	0.49748391	-10.45653	5.0728173
0.38545445	0.48942986	-10.438872	5.0563612
0.39325073	0.48749688	-10.472507	5.052247
0.38545445	0.50199419	-10.464938	5.076931
0.39013225	0.50199419	-10.446441	5.0728173
0.38857296	0.49522877	-10.860975	5.0399051
0.37921739	0.49973905	-10.45569	5.0728173
0.38545445	0.50650448	-10.451485	5.0810452
0.38545445	0.50134987	-10.424579	5.076931
0.39325073	0.49909472	-10.463257	5.0563612
0.38077661	0.4984504	-10.448122	5.076931
0.3823359	0.49651742	-10.462417	5.052247
0.39169151	0.49394011	-10.46662	5.064589
0.3870137	0.49651742	-10.469984	5.0810452
0.3823359	0.49587309	-10.449803	5.0728173
0.38857296	0.5010277	-10.348903	5.0810452
0.38077661	0.49458444	-10.477551	5.0728173
0.38545445	0.49716175	-10.460734	5.0687032
0.3870137	0.50360501	-10.450644	5.052247
0.39013225	0.49973905	-10.464098	5.0604749
0.38545445	0.51294768	-10.367401	5.0810452
0.38545445	0.51165909	-10.482595	5.0851593
0.38857296	0.50553799	-10.437191	5.0563612
0.39013225	0.49716175	-10.460734	5.0440192
0.38389516	0.49265146	-10.46662	5.0399051
0.39325073	0.49200714	-10.401875	5.076931
0.39169151	0.48814121	-10.458212	5.0481334
0.3870137	0.49039632	-10.48596	5.0810452
0.38857296	0.48942986	-10.42626	5.052247
0.3823359	0.49071848	-10.421215	5.0851593
0.38545445	0.4949066	-10.337972	5.0728173
0.37921739	0.51004827	-10.480914	5.1057291
0.38857296	0.50231636	-10.490164	5.0728173
0.39013225	0.51004827	-10.459894	5.0851593
0.39013225	0.51101476	-10.478392	5.0728173
0.39169151	0.51391417	-10.422056	5.0687032
0.39325073	0.51778013	-10.464098	5.076931
0.38857296	0.51745796	-10.485119	5.0810452
0.39325073	0.50521582	-10.451485	5.0563612
0.39325073	0.49651742	-10.45569	5.052247
0.38389516	0.4984504	-10.442237	5.0481334
0.38857296	0.49683958	-10.441395	5.0440192
0.38545445	0.51101476	-10.473348	5.1057291
0.39325073	0.48975202	-10.22614	5.0440192
0.39169151	0.48717472	-10.473348	5.052247
0.3870137	0.48846337	-10.432146	5.0604749
0.39792857	0.47557685	-10.477551	5.0440192
0.39013225	0.48975202	-10.464938	5.0851593
0.3823359	0.49104065	-10.327041	5.0481334
0.39169151	0.48749688	-10.446441	5.0399051
0.3870137	0.49265146	-10.454848	5.064589
0.39013225	0.49683958	-10.501936	5.064589
0.38857296	0.49426228	-10.471665	5.0604749
0.39169151	0.50489366	-10.358151	5.0810452
0.38545445	0.51455849	-10.464938	5.0810452
0.38857296	0.50811529	-10.482595	5.0851593
0.3870137	0.50263852	-10.437191	5.0399051
0.39013225	0.49619526	-10.425419	5.052247
0.38545445	0.4984504	-10.45653	5.0728173
0.38857296	0.50360501	-10.448122	5.0851593
0.39169151	0.51101476	-10.477551	5.0851593
0.3870137	0.51488066	-10.488482	5.0933871
0.39636928	0.49716175	-10.50614	5.0604749
0.39013225	0.49973905	-10.448963	5.0687032
0.38857296	0.49522877	-10.451485	5.0933871
0.38857296	0.49555093	-10.481755	5.0604749
0.3870137	0.49426228	-10.46662	5.0728173
0.39169151	0.50843745	-10.469984	5.0851593
0.38389516	0.50038338	-10.447281	5.0687032
0.38389516	0.50940394	-10.461576	5.089273
0.3870137	0.50811529	-10.461576	5.0481334
0.39169151	0.51874661	-10.483438	5.0975013
0.38389516	0.51230341	-10.470825	5.0810452
0.39169151	0.50843745	-10.401875	5.0563612
0.39013225	0.49909472	-10.484279	5.0604749
0.39169151	0.51004827	-10.470825	5.0851593
0.39792857	0.50296068	-10.461576	5.0728173
0.3870137	0.50006121	-10.471665	5.064589
0.3870137	0.49329579	-10.434669	5.0563612
0.39013225	0.48491958	-10.463257	5.052247
0.38857296	0.49651742	-10.467461	5.0810452
0.38545445	0.50489366	-10.444759	5.1221852
0.3870137	0.49877256	-10.45569	5.0604749
0.38857296	0.50167203	-10.395149	5.0687032
0.3870137	0.50392717	-10.472507	5.0728173
0.39481002	0.49716175	-10.444759	5.089273
0.39325073	0.49941689	-10.477551	5.0563612
0.38545445	0.49812824	-10.454007	5.0481334
0.39169151	0.49877256	-10.358151	5.0604749
0.39325073	0.49716175	-10.449803	5.064589
0.39013225	0.50747097	-10.451485	5.076931
0.39013225	0.49619526	-10.471665	5.0481334
0.39013225	0.50747097	-10.460734	5.0933871
0.38857296	0.50360501	-10.394308	5.0851593
0.38389516	0.49522877	-10.438872	5.0604749
0.38545445	0.5010277	-10.484279	5.1057291
0.3870137	0.49522877	-10.410284	5.0851593
0.3823359	0.49812824	-10.457372	5.0687032
0.3870137	0.49104065	-10.448122	5.089273
0.37765813	0.50360501	-10.454007	5.1098433
0.3870137	0.4923293	-10.451485	5.0481334
0.39013225	0.49426228	-10.376651	5.0604749
0.3870137	0.50006121	-10.45569	5.1098433
0.3870137	0.49716175	-10.439713	5.0604749
0.39013225	0.51649147	-10.487641	5.1057291
0.39169151	0.52003527	-10.436351	5.1098433
0.39013225	0.51520282	-10.374969	5.0851593
0.3870137	0.49329579	-10.447281	5.0563612
0.38077661	0.50296068	-10.412807	5.0687032
0.38389516	0.5010277	-10.457372	5.076931
0.38857296	0.50618231	-10.45653	5.1057291
0.39636928	0.48588607	-10.812206	5.0481334
0.38389516	0.48814121	-10.464098	5.076931
0.38389516	0.49973905	-10.486801	5.0975013
0.39013225	0.50843745	-10.409443	5.1057291
0.38077661	0.50231636	-10.448122	5.0933871
0.38857296	0.50038338	-10.45653	5.076931
0.3870137	0.50038338	-10.462417	5.076931
0.38389516	0.48975202	-10.457372	5.0481334
0.3870137	0.50360501	-10.4456	5.1345277
0.39169151	0.49941689	-10.459053	5.0687032
0.3823359	0.50231636	-10.487641	5.076931
0.38389516	0.51198125	-10.461576	5.0687032
0.38545445	0.50875962	-10.454848	5.0851593
0.38857296	0.50328285	-10.434669	5.089273
0.39169151	0.49748391	-10.487641	5.0604749
0.38857296	0.50553799	-10.482595	5.089273
0.38077661	0.49200714	-10.438032	5.076931
0.38857296	0.49200714	-10.430465	5.076931
0.39169151	0.48459741	-10.449803	5.064589
0.39169151	0.48620823	-10.465779	5.064589
0.38545445	0.50006121	-10.45653	5.0975013
0.38389516	0.49909472	-10.467461	5.0933871
0.39013225	0.49522877	-10.434669	5.0563612
0.38545445	0.49587309	-10.458212	5.0810452
0.3870137	0.50070554	-10.458212	5.089273
0.38545445	0.49458444	-10.436351	5.076931
0.38389516	0.51004827	-10.31611	5.1098433
0.39013225	0.50199419	-10.488482	5.0687032
0.38857296	0.49458444	-10.447281	5.0275631
0.39013225	0.4923293	-10.484279	5.064589
0.39013225	0.49683958	-10.437191	5.076931
0.39325073	0.48942986	-10.353107	5.0563612
0.38857296	0.49683958	-10.447281	5.0975013
0.38389516	0.50489366	-10.464938	5.1139574
0.39325073	0.50231636	-10.46662	5.076931
0.3870137	0.5045715	-10.45653	5.0975013
0.39013225	0.49973905	-10.344698	5.1016154
0.3870137	0.49587309	-10.459053	5.0851593
0.38389516	0.48749688	-10.447281	5.0933871
0.38389516	0.49555093	-10.447281	5.0975013
0.38545445	0.49458444	-10.444759	5.0810452
0.38857296	0.50650448	-10.332927	5.1098433
0.38545445	0.50779313	-10.448122	5.1180716
0.38857296	0.50199419	-10.440554	5.0728173
0.3870137	0.50424933	-10.434669	5.0975013
0.38389516	0.51455849	-10.487641	5.1098433
0.38545445	0.5071488	-10.464098	5.0975013
0.38389516	0.50843745	-10.473348	5.0975013
0.39013225	0.50167203	-10.469144	5.076931
0.3870137	0.49716175	-10.223618	5.0728173
0.3870137	0.49909472	-10.459894	5.1016154
0.39169151	0.49909472	-10.438032	5.0933871
0.39013225	0.49039632	-10.449803	5.0687032
0.39325073	0.48105362	-10.471665	5.076931
0.3823359	0.48846337	-10.452326	5.1098433
0.38389516	0.49426228	-10.452326	5.1098433
0.39013225	0.5045715	-10.454848	5.0933871
0.38857296	0.49748391	-10.474188	5.0728173
0.39013225	0.50843745	-10.477551	5.1180716
0.39325073	0.5045715	-10.415329	5.1016154
0.39325073	0.50521582	-10.499413	5.0975013
0.39169151	0.51165909	-10.494368	5.1098433
0.39325073	0.50843745	-10.442237	5.1098433
0.39636928	0.50134987	-10.470825	5.0687032
0.39013225	0.50811529	-10.335449	5.0975013
0.3870137	0.49877256	-10.469144	5.0933871
0.38389516	0.50521582	-10.479233	5.1180716
0.3870137	0.49973905	-10.425419	5.1016154
0.38545445	0.48975202	-10.45569	5.0933871
0.39169151	0.49877256	-10.471665	5.0933871
0.39013225	0.5106926	-10.469984	5.1262994
0.38389516	0.50908178	-10.463257	5.0975013
0.39013225	0.49619526	-10.322837	5.0933871
0.39169151	0.50360501	-10.487641	5.0933871
0.39325073	0.50167203	-10.496049	5.0933871
0.38389516	0.49909472	-10.417851	5.0851593
0.39325073	0.49555093	-10.454848	5.089273
0.3870137	0.49780607	-10.425419	5.076931
0.38857296	0.50328285	-10.448122	5.089273
0.3870137	0.4984504	-10.458212	5.0728173
0.38545445	0.50296068	-10.399353	5.076931
0.39169151	0.50263852	-10.433827	5.0975013
0.38545445	0.50006121	-10.389263	5.1057291
0.38857296	0.50586015	-10.465779	5.1180716
0.39169151	0.4923293	-10.458212	5.076931
0.39169151	0.4891077	-10.417851	5.1221852
0.39013225	0.47622117	-10.454848	5.0810452
0.39481002	0.47944281	-10.432987	5.064589
0.38077661	0.47879848	-10.45653	5.1016154
0.39013225	0.50489366	-10.46662	5.1550975
0.38857296	0.50972611	-10.440554	5.1139574
0.3870137	0.5045715	-10.494368	5.1180716
0.39169151	0.50618231	-10.453167	5.1098433
0.38389516	0.50908178	-10.477551	5.1221852
0.39013225	0.51423633	-10.478392	5.1098433
0.3823359	0.52164608	-10.380014	5.1262994
0.39325073	0.52293473	-10.469144	5.1098433
0.38389516	0.5071488	-10.480914	5.1016154
0.38545445	0.50908178	-10.474188	5.1262994
0.38857296	0.50424933	-10.473348	5.1016154
0.39013225	0.50908178	-10.421215	5.1180716
0.38857296	0.50779313	-10.442237	5.1180716
0.38545445	0.49329579	-10.427941	5.1221852
0.3870137	0.48814121	-10.35563	5.0933871
0.39325073	0.48073146	-10.468302	5.089273
0.3870137	0.48073146	-10.420374	5.1098433
0.39169151	0.47944281	-10.454007	5.1098433
0.39169151	0.49361795	-10.491005	5.1098433
0.39169151	0.49877256	-10.240435	5.1016154
0.3870137	0.5071488	-10.424579	5.1262994
0.3870137	0.50586015	-10.467461	5.1221852
0.39325073	0.51004827	-10.48596	5.0933871
0.3870137	0.50843745	-10.459894	5.1098433
0.3870137	0.50875962	-10.407762	5.1057291
0.39169151	0.50263852	-10.442237	5.0933871
0.38545445	0.51455849	-10.458212	5.1057291
0.39013225	0.51262558	-10.490164	5.1221852
0.38545445	0.50392717	-10.471665	5.1057291
0.38389516	0.50424933	-10.454848	5.1098433
0.38857296	0.50489366	-10.45653	5.1345277
0.38857296	0.50392717	-10.465779	5.1098433
0.39792857	0.49716175	-10.454007	5.0975013
0.39013225	0.48781905	-10.45653	5.0810452
0.3870137	0.4855639	-10.444759	5.1304135
0.39325073	0.47815415	-10.465779	5.0933871
0.3870137	0.49973905	-10.457372	5.1304135
0.37921739	0.51552498	-10.242957	5.1550975
0.38545445	0.51681364	-10.441395	5.1262994
0.38545445	0.52518988	-10.461576	5.1345277
0.39169151	0.51681364	-10.480914	5.1098433
0.39325073	0.52003527	-10.461576	5.1221852
0.3870137	0.52035743	-10.454848	5.1221852
0.38545445	0.52229041	-10.464938	5.1180716
0.38857296	0.51939094	-10.493526	5.1180716
0.39013225	0.51133692	-10.491005	5.1304135
0.38545445	0.50521582	-10.460734	5.1180716
0.39013225	0.48749688	-10.399353	5.1180716
0.38857296	0.49973905	-10.478392	5.1262994
0.39169151	0.48781905	-10.438032	5.0810452
0.38857296	0.49458444	-10.448963	5.0933871
0.38857296	0.48846337	-10.448122	5.1304135
0.39013225	0.48878554	-10.312746	5.089273
0.37921739	0.4984504	-10.421215	5.1345277
0.3870137	0.50972611	-10.451485	5.1262994
0.38077661	0.49909472	-10.31611	5.1098433
0.38389516	0.51778013	-10.502776	5.1304135
0.38857296	0.51101476	-10.489323	5.1180716
0.39169151	0.50682664	-10.463257	5.1221852
0.38389516	0.5106926	-10.460734	5.1304135
0.37921739	0.50070554	-10.440554	5.1057291
0.38545445	0.51133692	-10.472507	5.1592116
0.39013225	0.50263852	-10.459053	5.1139574
0.39013225	0.5010277	-10.469984	5.1057291
0.38389516	0.50328285	-10.490164	5.1386414
0.38077661	0.50070554	-10.331245	5.1345277
0.38857296	0.51326984	-10.479233	5.1427555
0.39792857	0.51326984	-10.470825	5.1221852
0.39013225	0.51616931	-10.479233	5.1592116
0.3823359	0.5071488	-10.47671	5.1304135
0.39169151	0.51133692	-10.427101	5.1304135
0.39169151	0.51391417	-10.485119	5.1057291
0.38389516	0.52422339	-10.461576	5.1592116
0.38857296	0.51326984	-10.308542	5.1098433
0.39481002	0.51326984	-10.459894	5.1098433
0.39169151	0.50875962	-10.490164	5.1386414
0.38545445	0.5045715	-10.451485	5.1139574
0.38545445	0.49973905	-10.450644	5.1098433
0.38545445	0.5010277	-10.472507	5.1221852
0.3870137	0.48169795	-10.471665	5.0933871
0.38857296	0.4984504	-10.454007	5.1509833
0.38545445	0.49168497	-10.479233	5.1057291
0.39013225	0.4855639	-10.449803	5.1098433
0.3870137	0.49458444	-10.374128	5.1304135
0.3870137	0.49104065	-10.443076	5.1139574
0.3870137	0.48781905	-10.434669	5.1345277
0.39013225	0.49555093	-10.50698	5.1221852
0.37921739	0.51262558	-10.46662	5.1468697
0.3823359	0.50521582	-10.383377	5.1139574
0.39481002	0.49941689	-10.432987	5.1057291
0.38857296	0.4949066	-10.449803	5.1304135
0.38857296	0.49812824	-10.474188	5.1139574
0.38545445	0.50167203	-10.448122	5.1262994
0.38389516	0.4949066	-10.418693	5.1057291
0.38545445	0.49587309	-10.460734	5.1427555
0.39169151	0.48942986	-10.464938	5.0975013
0.38077661	0.49587309	-10.601155	5.1427555
0.38389516	0.48524174	-10.451485	5.1139574
0.39169151	0.48330876	-10.461576	5.1139574
0.38389516	0.48781905	-10.449803	5.1304135
0.38545445	0.50424933	-10.491845	5.1427555
0.38545445	0.51165909	-10.321996	5.1468697
0.38545445	0.51101476	-10.463257	5.1386414
0.38389516	0.5106926	-10.478392	5.1386414
0.38389516	0.52261257	-10.499413	5.1427555
0.39169151	0.51004827	-10.472507	5.1057291
0.37921739	0.52357906	-10.423738	5.1592116
0.39013225	0.50296068	-10.464938	5.1386414
0.3870137	0.49877256	-10.452326	5.1180716
0.39013225	0.50779313	-10.46662	5.1386414
0.38857296	0.51294768	-10.457372	5.1386414
0.3823359	0.52035743	-10.418693	5.1715536
0.38077661	0.51326984	-10.479233	5.1386414
0.38545445	0.51165909	-10.481755	5.1468697
0.38545445	0.49877256	-10.440554	5.1304135
0.3823359	0.51004827	-10.462417	5.1592116
0.3870137	0.50231636	-10.454848	5.0851593
0.3870137	0.50843745	-10.480074	5.1304135
0.3823359	0.51198125	-10.46662	5.1509833
0.39325073	0.50328285	-10.332927	5.1139574
0.39169151	0.50038338	-10.458212	5.1180716
0.38389516	0.50424933	-10.503617	5.1304135
0.38857296	0.51520282	-10.444759	5.1345277
0.3870137	0.51423633	-10.458212	5.1180716
0.38857296	0.52808934	-10.407762	5.1921239
0.39636928	0.51584715	-10.478392	5.1098433
0.38857296	0.51101476	-10.48596	5.1262994
0.39169151	0.5071488	-10.469984	5.1304135
0.38857296	0.49587309	-10.45653	5.1345277
0.38389516	0.48395309	-10.411966	5.0975013
0.3870137	0.50586015	-10.472507	5.1509833
0.38545445	0.49716175	-10.451485	5.1098433
0.3870137	0.5045715	-10.33629	5.1386414
0.39169151	0.51037043	-10.48596	5.1262994
0.38857296	0.50779313	-10.453167	5.1304135
0.38389516	0.51294768	-10.452326	5.1262994
0.3870137	0.50908178	-10.449803	5.1427555
0.39169151	0.51906878	-10.33629	5.1262994
0.39013225	0.51133692	-10.490164	5.1098433
0.38857296	0.51198125	-10.481755	5.1304135
0.38077661	0.51391417	-10.429624	5.1304135
0.39169151	0.51939094	-10.443918	5.1674395
0.38545445	0.51874661	-10.42626	5.1468697
0.39013225	0.50006121	-10.483438	5.0933871
0.38857296	0.49716175	-10.463257	5.1180716
0.3823359	0.50586015	-10.472507	5.1838956
0.38389516	0.51037043	-10.454007	5.1468697
0.39013225	0.49812824	-10.460734	5.1098433
0.38389516	0.49104065	-10.473348	5.1345277
0.38389516	0.49587309	-10.448963	5.1262994
0.38545445	0.49587309	-10.409443	5.1180716
0.3870137	0.50360501	-10.451485	5.1386414
0.39013225	0.50263852	-10.427941	5.1139574
0.38545445	0.50940394	-10.471665	5.1427555
0.39169151	0.50682664	-10.469984	5.1098433
0.39169151	0.50618231	-10.454007	5.1262994
0.38545445	0.50875962	-10.447281	5.1304135
0.3870137	0.52003527	-10.479233	5.1550975
0.38857296	0.50586015	-10.47671	5.1427555
0.38857296	0.51616931	-10.458212	5.1509833
0.38389516	0.50875962	-10.451485	5.1386414
0.38545445	0.50908178	-10.478392	5.1386414
0.38077661	0.51294768	-10.433827	5.2003517
0.39169151	0.51004827	-10.444759	5.1427555
0.38389516	0.50489366	-10.433827	5.1509833
0.3870137	0.51037043	-10.985418	5.1468697
0.39013225	0.50811529	-10.486801	5.1592116
0.3870137	0.51649147	-10.478392	5.1427555
0.38545445	0.51037043	-10.446441	5.1386414
0.38545445	0.51616931	-10.457372	5.1509833
0.38389516	0.51391417	-10.300135	5.1427555
0.3870137	0.51584715	-10.464938	5.1427555
0.39013225	0.50038338	-10.446441	5.1304135
0.38857296	0.49748391	-10.454007	5.1262994
0.38545445	0.51101476	-10.458212	5.1468697
0.3870137	0.5010277	-10.422896	5.1139574
0.38545445	0.50296068	-10.462417	5.1550975
0.39169151	0.49651742	-10.450644	5.1304135
0.38545445	0.4923293	-10.404398	5.1262994
0.3823359	0.49683958	-10.438032	5.1715536
0.3870137	0.50231636	-10.443918	5.1633258
0.38857296	0.49780607	-10.464098	5.1468697
0.38857296	0.50199419	-10.478392	5.1345277
0.39013225	0.51004827	-10.390945	5.1674395
0.39013225	0.50940394	-10.449803	5.1592116
0.39169151	0.50521582	-10.459053	5.1427555
0.39013225	0.51262558	-10.462417	5.1756678
0.39013225	0.49812824	-10.431305	5.1304135
0.39481002	0.4984504	-10.45653	5.1468697
0.39481002	0.50908178	-10.485119	5.1468697
0.3823359	0.50811529	-10.459894	5.1592116
0.38545445	0.52003527	-10.369924	5.1633258
0.3870137	0.50875962	-10.459894	5.1427555
0.3870137	0.50006121	-10.449803	5.1592116
0.39169151	0.48781905	-10.45653	5.1386414
0.38389516	0.50553799	-10.469144	5.1715536
0.38545445	0.50489366	-10.429624	5.1880097
0.38389516	0.51423633	-10.454848	5.1756678
0.39325073	0.50908178	-10.459053	5.1509833
0.3823359	0.51649147	-10.461576	5.1880097
0.39169151	0.50553799	-10.470825	5.1550975
0.39636928	0.50650448	-10.467461	5.1468697
0.39013225	0.50521582	-10.477551	5.1427555
0.38545445	0.5071488	-10.4456	5.1715536
0.38545445	0.51165909	-10.463257	5.1592116
0.3870137	0.51616931	-10.469984	5.1756678
0.39169151	0.51745796	-10.333768	5.1592116
0.38857296	0.51552498	-10.464098	5.1838956
0.39325073	0.50747097	-10.461576	5.1674395
0.38545445	0.51745796	-10.419534	5.1921239
0.38389516	0.51906878	-10.463257	5.1921239
0.39636928	0.50489366	-10.419534	5.1550975
0.38077661	0.49941689	-10.448963	5.1756678
0.3870137	0.50006121	-10.470825	5.1756678
0.39169151	0.49168497	-10.415329	5.1550975
0.38545445	0.50006121	-10.47671	5.1838956
0.39013225	0.48202011	-10.448122	5.1262994
0.39013225	0.48653039	-10.441395	5.1838956
0.3870137	0.4984504	-10.460734	5.1838956
0.39325073	0.50747097	-10.441395	5.1880097
0.39013225	0.52035743	-10.453167	5.1756678
0.39169151	0.51391417	-10.467461	5.1674395
0.38389516	0.52003527	-10.360675	5.2291498
0.3870137	0.51488066	-10.479233	5.1674395
0.38545445	0.52841151	-10.332927	5.2044659
0.38389516	0.52712286	-10.487641	5.1962376
0.38857296	0.52841151	-10.460734	5.2044659
0.38857296	0.51649147	-10.342176	5.1756678
0.39013225	0.52067959	-10.477551	5.1921239
0.38857296	0.51488066	-10.380855	5.1797819
0.38389516	0.50553799	-10.471665	5.1633258
0.39325073	0.50650448	-10.491005	5.1550975
0.39013225	0.50392717	-10.45569	5.1592116
0.37921739	0.50618231	-10.448122	5.1880097
0.3870137	0.5010277	-10.438872	5.1592116
0.38545445	0.50553799	-10.443918	5.1674395
0.39325073	0.51326984	-10.449803	5.1838956
0.3823359	0.51230341	-10.422896	5.1797819
0.38389516	0.51133692	-10.447281	5.1633258
0.39325073	0.51230341	-10.467461	5.1962376
0.38389516	0.52390122	-10.49521	5.2003517
0.3870137	0.52293473	-10.451485	5.1838956
0.38857296	0.51004827	-10.435509	5.1468697
0.39325073	0.50328285	-10.473348	5.1921239
0.38545445	0.5010277	-10.462417	5.1592116
0.39169151	0.49716175	-10.438872	5.1592116
0.39481002	0.49683958	-10.479233	5.1592116
0.39325073	0.50940394	-10.454848	5.1962376
0.38857296	0.49651742	-10.427941	5.1550975
0.39325073	0.48459741	-10.449803	5.1550975
0.3870137	0.49458444	-10.614609	5.1592116
0.39013225	0.4949066	-10.464098	5.1592116
0.38545445	0.49716175	-10.448963	5.1633258
0.39013225	0.49265146	-10.488482	5.1550975
0.38545445	0.50038338	-10.436351	5.1633258
0.39013225	0.49780607	-10.320314	5.1715536
0.38545445	0.49780607	-10.435509	5.1962376
0.38857296	0.50972611	-10.473348	5.1715536
0.38857296	0.50231636	-10.470825	5.1592116
0.3870137	0.513592	-10.451485	5.2003517
0.38545445	0.50875962	-10.471665	5.1962376
0.39013225	0.51391417	-10.474188	5.1838956
0.37921739	0.51939094	-10.449803	5.2044659
0.39169151	0.50328285	-10.464098	5.1633258
0.38857296	0.50296068	-10.475029	5.1921239
0.3870137	0.5071488	-10.472507	5.1633258
0.38545445	0.51423633	-10.460734	5.1921239
0.38857296	0.51391417	-10.458212	5.1838956
0.3870137	0.52164608	-10.425419	5.2044659
0.3870137	0.51939094	-10.499413	5.1880097
0.39169151	0.51584715	-10.399353	5.1756678
0.38857296	0.51198125	-10.422896	5.1633258
0.38389516	0.50940394	-10.425419	5.1468697
0.38857296	0.5010277	-10.337131	5.1715536
0.38857296	0.50747097	-10.442237	5.1756678
0.39169151	0.48846337	-10.460734	5.1345277
0.38389516	0.49651742	-10.421215	5.1633258
0.3823359	0.50650448	-10.464098	5.2126937
0.39169151	0.50296068	-10.305179	5.1550975
0.39013225	0.49297363	-10.45653	5.1386414
0.38857296	0.49522877	-10.472507	5.1756678
0.3870137	0.49136281	-10.440554	5.1674395
0.38545445	0.49909472	-10.457372	5.1674395
0.39013225	0.49200714	-10.449803	5.1633258
0.37921739	0.51552498	-10.464098	5.2044659
0.39169151	0.51939094	-10.46662	5.2003517
0.38545445	0.50908178	-10.432146	5.1304135
0.39325073	0.51230341	-10.49521	5.1715536
0.38389516	0.51391417	-10.474188	5.1880097
0.3823359	0.51778013	-10.434669	5.1756678
0.3870137	0.50908178	-10.452326	5.1921239
0.38545445	0.51326984	-10.45569	5.1962376
0.38545445	0.52551204	-10.488482	5.1797819
0.38857296	0.52357906	-10.472507	5.1838956
0.39013225	0.52100176	-10.479233	5.2168078
0.38857296	0.51230341	-10.491005	5.1756678
0.39013225	0.4984504	-10.418693	5.1427555
0.39636928	0.50908178	-10.478392	5.1962376
0.38857296	0.51133692	-10.474188	5.1880097
0.39169151	0.51037043	-10.480914	5.1674395
0.37921739	0.51262558	-10.459894	5.1797819
0.39636928	0.5197131	-10.327041	5.1880097
0.38857296	0.52035743	-10.473348	5.1797819
0.39169151	0.50843745	-10.47671	5.1386414
0.39169151	0.51326984	-10.509502	5.1921239
0.38545445	0.50843745	-10.434669	5.1838956
0.39013225	0.51198125	-10.337972	5.1674395
0.38857296	0.50328285	-10.459053	5.1880097
0.38857296	0.50296068	-10.481755	5.1674395
0.38857296	0.5045715	-10.4456	5.1550975
0.3870137	0.50553799	-10.444759	5.1633258
0.39013225	0.51455849	-10.422896	5.2168078
0.38545445	0.49909472	-10.458212	5.1633258
0.38545445	0.50296068	-10.472507	5.1756678
0.39013225	0.48846337	-10.452326	5.1633258
0.39013225	0.49426228	-10.464098	5.1509833
0.39013225	0.4891077	-10.442237	5.1756678
0.38857296	0.5010277	-10.480074	5.1756678
0.38389516	0.49587309	-10.458212	5.1550975
0.3870137	0.50231636	-10.439713	5.1715536
0.38857296	0.50328285	-10.453167	5.1550975
0.38389516	0.51101476	-10.414488	5.1797819
0.39325073	0.50843745	-10.461576	5.1633258
0.3870137	0.50618231	-10.480074	5.1633258
0.38389516	0.5106926	-10.465779	5.1756678
0.39013225	0.5106926	-10.489323	5.1838956
0.3870137	0.51810229	-10.28584	5.2003517
0.38857296	0.49877256	-10.48596	5.1592116
0.39013225	0.50586015	-10.45653	5.20858
0.39169151	0.49329579	-10.475869	5.1715536
0.3823359	0.50360501	-10.491005	5.1797819
0.39792857	0.49941689	-10.463257	5.1550975
0.39169151	0.50489366	-10.484279	5.1797819
0.38389516	0.50553799	-10.468302	5.1509833
0.38857296	0.48942986	-10.358151	5.1345277
0.3870137	0.50360501	-10.460734	5.2003517
0.3823359	0.50650448	-10.479233	5.2044659
0.3870137	0.51294768	-10.449803	5.2003517
0.38857296	0.51037043	-10.472507	5.1633258
0.39013225	0.51165909	-10.475029	5.1674395
0.38389516	0.52164608	-10.459894	5.1921239
0.38545445	0.51391417	-10.250525	5.1838956
0.38857296	0.50392717	-10.468302	5.1797819
0.40260637	0.49651742	-10.475029	5.1633258
0.3870137	0.49555093	-10.342176	5.1756678
0.3823359	0.49104065	-10.475869	5.220922
0.3870137	0.50489366	-10.454007	5.2168078
0.39169151	0.50908178	-10.489323	5.1921239
0.39013225	0.51262558	-10.465779	5.1962376
0.38857296	0.51165909	-10.353948	5.2003517
0.38389516	0.50747097	-10.448963	5.1797819
0.38545445	0.50940394	-10.482595	5.1921239
0.39325073	0.50231636	-10.475869	5.1756678
0.38857296	0.50747097	-10.461576	5.1921239
0.3823359	0.50553799	-10.27659	5.220922
0.38857296	0.50908178	-10.45569	5.1797819
0.3870137	0.51391417	-10.462417	5.1962376
0.38389516	0.51004827	-10.472507	5.1838956
0.38389516	0.52293473	-10.47671	5.20858
0.39013225	0.52390122	-10.344698	5.2044659
0.38545445	0.51262558	-10.461576	5.1797819
0.39169151	0.50811529	-10.454007	5.1962376
0.39169151	0.50360501	-10.470825	5.1756678
0.38545445	0.50263852	-10.491845	5.2003517
0.3823359	0.51037043	-10.432146	5.2003517
0.39169151	0.50199419	-10.482595	5.1592116
0.38077661	0.50199419	-10.454848	5.1921239
0.38545445	0.50360501	-10.482595	5.1797819
0.3870137	0.49555093	-10.458212	5.1756678
0.38857296	0.49716175	-10.383377	5.1674395
0.38857296	0.49812824	-10.454007	5.1880097
0.38389516	0.51101476	-10.467461	5.2126937
0.38077661	0.51488066	-10.491845	5.2003517
0.38389516	0.52261257	-10.467461	5.2168078
0.3870137	0.51810229	-10.369924	5.1756678
0.38389516	0.51939094	-10.483438	5.2250361
0.38545445	0.50586015	-10.446441	5.1674395
0.38389516	0.51262558	-10.439713	5.2044659
0.38077661	0.51165909	-10.477551	5.2126937
0.38389516	0.51649147	-10.327882	5.1962376
0.38389516	0.51230341	-10.465779	5.1962376
0.38389516	0.513592	-10.489323	5.220922
0.38545445	0.51004827	-10.453167	5.1838956
0.38857296	0.51520282	-10.464938	5.1880097
0.38389516	0.52486771	-10.386741	5.220922
0.39169151	0.52551204	-10.447281	5.2044659
0.38857296	0.51198125	-10.459053	5.1633258
0.38389516	0.51584715	-10.424579	5.2044659
0.39169151	0.51745796	-10.48596	5.220922
0.38545445	0.52357906	-10.430465	5.2168078
0.39325073	0.51649147	-10.470825	5.1880097
0.38857296	0.50553799	-10.461576	5.1838956
0.3870137	0.51842445	-10.471665	5.2126937
0.39013225	0.52196825	-10.458212	5.2044659
0.37921739	0.52261257	-10.317792	5.2044659
0.39169151	0.50328285	-10.469984	5.1592116
0.39325073	0.4949066	-10.45569	5.1674395
0.38389516	0.5045715	-10.454007	5.1880097
0.38545445	0.50489366	-10.443076	5.1838956
0.38857296	0.5045715	-10.753346	5.1838956
0.38389516	0.50843745	-10.442237	5.1838956
0.3870137	0.50875962	-10.454848	5.1838956
0.39013225	0.49973905	-10.339654	5.1592116
0.3870137	0.49748391	-10.480914	5.1715536
0.39169151	0.5010277	-10.464938	5.1715536
0.39481002	0.49716175	-10.468302	5.1921239
0.3870137	0.51004827	-10.459053	5.20858
0.38857296	0.50586015	-10.431305	5.1633258
0.38857296	0.50908178	-10.447281	5.1838956
0.3870137	0.50843745	-10.453167	5.2126937
0.38857296	0.51101476	-10.480074	5.1962376
0.3870137	0.50875962	-10.437191	5.2003517
0.39481002	0.51004827	-10.447281	5.2003517
0.38389516	0.50392717	-10.468302	5.20858
0.37765813	0.5071488	-10.446441	5.1674395
0.39013225	0.50360501	-10.457372	5.1797819
0.39325073	0.49877256	-10.353948	5.1715536
0.37921739	0.50650448	-10.477551	5.2003517
0.3870137	0.5010277	-10.435509	5.1921239
0.3823359	0.50747097	-10.413648	5.1962376
0.40416563	0.5106926	-10.42626	5.1838956
0.42911386	0.51326984	-10.376651	5.1633258
0.44470653	0.50779313	-10.347221	5.2003517
0.46497697	0.51455849	-10.256411	5.1962376
0.46185842	0.51326984	-10.311906	5.1756678
0.44626576	0.50875962	-10.241276	5.1921239
0.43535089	0.51488066	-10.270704	5.2373781
0.418199	0.5106926	-10.227822	5.2003517
0.41196194	0.50908178	-10.23539	5.1962376
0.40572491	0.50682664	-10.221095	5.2044659
0.39792857	0.49877256	-10.171486	5.20858
0.40728414	0.49136281	-10.127762	5.2003517
0.40572491	0.49780607	-10.122717	5.2168078
0.41196194	0.48814121	-10.10506	5.1962376
0.418199	0.48459741	-10.072267	5.1921239
0.42131752	0.4829866	-10.038633	5.1880097
0.418199	0.49555093	-10.052087	5.2538342
0.4135212	0.50296068	-9.9907045	5.2291498
0.418199	0.49909472	-9.9696836	5.220922
0.42287678	0.50908178	-9.8822365	5.2497201
0.4135212	0.52164608	-9.9839783	5.2702904
0.41040266	0.51874661	-9.9318457	5.2373781
0.41508049	0.51455849	-9.8696241	5.2250361
0.41663975	0.51326984	-9.8586931	5.2620621
0.41975826	0.52615637	-9.8679428	5.2661762
0.41663975	0.52680069	-9.8343086	5.2414923
0.418199	0.5106926	-9.8124466	5.2291498
0.42443606	0.51391417	-9.7737684	5.2291498
0.41508049	0.51552498	-9.7485428	5.2661762
0.41663975	0.50811529	-9.7838583	5.1962376
0.41508049	0.51294768	-9.7577925	5.20858
0.40104708	0.51423633	-9.7157497	5.2250361
0.40260637	0.50811529	-9.6745491	5.20858
0.40728414	0.50199419	-9.6922073	5.20858
0.4088434	0.51745796	-9.679594	5.2538342
0.42131752	0.52261257	-9.63587	5.2250361
0.42599532	0.52357906	-9.5341291	5.2373781
0.42131752	0.52486771	-9.6215763	5.233264
0.42755461	0.52518988	-9.6056004	5.2291498
0.42911386	0.52454555	-9.5349703	5.220922
0.42755461	0.51874661	-9.5702848	5.2414923
0.42911386	0.513592	-9.5391741	5.220922
0.42599532	0.51198125	-9.5358105	5.2250361
0.42599532	0.4923293	-9.4433184	5.2044659
0.41663975	0.49651742	-9.4626579	5.2003517
0.41508049	0.50392717	-9.4391136	5.2497201
0.41196194	0.51133692	-9.4290237	5.2373781
0.41196194	0.50360501	-9.4096851	5.2044659
0.41508049	0.50231636	-9.3684835	5.2168078
0.4135212	0.49748391	-9.3642797	5.2168078
0.42287678	0.49812824	-9.3012161	5.2044659
0.42599532	0.50779313	-9.2860813	5.220922
0.43223241	0.51294768	-9.2423573	5.2250361
0.42911386	0.50811529	-9.2743092	5.220922
0.42911386	0.50328285	-9.2204962	5.2168078
0.42287678	0.50586015	-9.2558107	5.233264
0.41975826	0.51616931	-9.0456009	5.2497201
0.42131752	0.52261257	-9.1666813	5.2702904
0.41663975	0.529378	-9.1582737	5.2785182
0.42287678	0.52196825	-9.1406164	5.2414923
0.418199	0.5232569	-9.0397148	5.2414923
0.42131752	0.51552498	-9.1145496	5.2497201
0.41975826	0.52615637	-9.095211	5.2908602
0.42599532	0.51198125	-9.046442	5.2168078
0.42287678	0.52615637	-8.9295645	5.274404
0.42287678	0.52067959	-8.991787	5.2497201
0.42599532	0.513592	-8.9573126	5.2620621
0.42443606	0.5232569	-8.8126888	5.2620621
0.42287678	0.52454555	-8.9060211	5.2456059
0.42599532	0.51939094	-8.8740692	5.2456059
0.42911386	0.5232569	-8.8934088	5.2538342
0.42911386	0.52422339	-8.8446398	5.2497201
0.42755461	0.52744502	-8.8311863	5.2702904
0.42287678	0.5197131	-8.818574	5.2373781
0.42755461	0.51455849	-8.7832584	5.2579479
0.42911386	0.52067959	-9.3853006	5.2497201
0.41975826	0.51778013	-8.7622375	5.2661762
0.42443606	0.51037043	-8.7092648	5.20858
0.42755461	0.49329579	-8.6890841	5.220922
0.42599532	0.49909472	-8.6428385	5.274404
0.42287678	0.50618231	-8.6277037	5.2579479
0.42287678	0.50167203	-8.6285439	5.2414923
0.42755461	0.50779313	-8.6462021	5.2579479
0.42287678	0.50553799	-8.5579138	5.2661762
0.418199	0.5045715	-8.5722084	5.2414923
0.42287678	0.51584715	-8.5217571	5.2785182
0.42287678	0.52196825	-8.5217571	5.274404
0.42599532	0.51842445	-8.478034	5.2414923
0.43379164	0.51616931	-8.4872828	5.2661762
0.42443606	0.51649147	-8.4544907	5.274404
0.43379164	0.50586015	-8.4317875	5.2414923
0.42911386	0.49909472	-8.2896862	5.2620621
0.42599532	0.5071488	-8.4326286	5.2826324
0.42287678	0.51778013	-8.3586349	5.2867465
0.42443606	0.50586015	-8.3552713	5.233264
0.41663975	0.5197131	-8.3191147	5.3196583
0.42287678	0.5197131	-8.3308868	5.3155446
0.42755461	0.5106926	-8.3065023	5.2538342
0.42131752	0.52422339	-8.2173729	5.2826324
0.42755461	0.52293473	-8.2283039	5.2538342
0.42287678	0.51939094	-8.1938295	5.2949743
0.42599532	0.53678775	-8.1980343	5.2908602
0.42911386	0.52229041	-8.1711273	5.2702904
0.42911386	0.52486771	-8.1778536	5.2661762
0.43223241	0.53098881	-8.1299257	5.3032022
0.42599532	0.53582126	-8.1139498	5.2949743
0.42443606	0.53453261	-7.9718485	5.3073163
0.43067312	0.5258342	-8.0601358	5.2990885
0.42599532	0.51616931	-8.0492058	5.3032022
0.42599532	0.50553799	-8.0180941	5.2702904
0.43379164	0.50811529	-7.9886646	5.2785182
0.42755461	0.5010277	-7.9819384	5.274404
0.43067312	0.50875962	-7.9592352	5.2826324
0.42599532	0.52293473	-7.936533	5.3196583
0.42599532	0.51488066	-8.2484846	5.274404
0.42755461	0.51294768	-7.8835597	5.2826324
0.43223241	0.51874661	-7.8558121	5.2949743
0.42287678	0.52744502	-8.1820583	5.3278866
0.43535089	0.51842445	-7.7338901	5.2702904
0.42755461	0.52680069	-7.7994757	5.2661762
0.43223241	0.52196825	-7.7927489	5.2990885
0.42911386	0.53066665	-7.7313681	5.3114305
0.43379164	0.51616931	-7.698575	5.2538342
0.42911386	0.51262558	-7.6960526	5.2949743
0.43067312	0.51681364	-7.6750312	5.2949743
0.43067312	0.513592	-7.5404968	5.2949743
0.43067312	0.51004827	-7.5018187	5.2908602
0.43535089	0.50843745	-7.6338305	5.2908602
0.43379164	0.5106926	-7.5959926	5.2867465
0.43535089	0.51810229	-7.5581546	5.2990885
0.42599532	0.52357906	-7.5480647	5.3525701
0.44158798	0.52551204	-7.5169535	5.2990885
0.43846944	0.51939094	-7.5035	5.2826324
0.43379164	0.51745796	-7.4908876	5.2785182
0.44314724	0.51810229	-7.4681845	5.3073163
0.42755461	0.52776718	-7.4286652	5.3196583
0.43223241	0.52905583	-7.3992357	5.2908602
0.43846944	0.52776718	-7.3698063	5.3073163
0.42755461	0.52615637	-7.3597164	5.3073163
0.42755461	0.52744502	-7.3328094	5.3032022
0.43223241	0.53098881	-7.1436205	5.3155446
0.43379164	0.51423633	-7.2840405	5.2990885
0.43846944	0.51004827	-7.3025393	5.2990885
0.43691018	0.49973905	-7.2907672	5.3237724
0.43223241	0.50940394	-7.2974939	5.3155446
0.41663975	0.51165909	-7.2621789	5.3237724
0.40572491	0.51133692	-7.2537708	5.2908602
0.39169151	0.50779313	-7.2100468	5.3320007
0.37921739	0.52680069	-7.2419987	5.3361144
0.39792857	0.52712286	-7.1385751	5.3237724
0.41508049	0.52229041	-7.1856623	5.3073163
0.44782501	0.5232569	-7.1671638	5.3278866
0.4758918	0.52390122	-7.1680045	5.3114305
0.48212889	0.53421044	-7.5177941	5.3278866
0.48212889	0.53421044	-7.1133499	5.3361144
0.47745109	0.52261257	-7.054491	5.2949743
0.45873991	0.51584715	-7.0427194	5.3114305
0.44002873	0.52357906	-6.9771338	5.3278866
0.43379164	0.52357906	-7.0141311	5.3278866
0.42755461	0.52132392	-7.0200167	5.3237724
0.42755461	0.51745796	-6.9964733	5.3484559
0.42911386	0.51455849	-6.8896866	5.3361144
0.43067312	0.51874661	-6.9468632	5.3443418
0.44158798	0.50650448	-6.930047	5.3320007
0.44002873	0.52261257	-6.7795362	5.3813682
0.44158798	0.51262558	-6.8829598	5.3443418
0.43846944	0.53292179	-6.8333502	5.3978243
0.44002873	0.5354991	-6.8425994	5.364912
0.43691018	0.54741907	-6.8047619	5.4060521
0.43846944	0.54097587	-6.786263	5.364912
0.44314724	0.52712286	-6.7702875	5.3525701
0.43846944	0.52970016	-6.7316089	5.3566837
0.44158798	0.53324395	-6.7122693	5.3813682
0.44626576	0.52680069	-6.6769538	5.3566837
0.44158798	0.51745796	-6.6878848	5.3566837
0.44470653	0.5197131	-6.6508875	5.3854823
0.44314724	0.51810229	-6.4785156	5.3731399
0.44470653	0.51939094	-6.5928702	5.4266224
0.43846944	0.52035743	-6.5810981	5.3978243
0.44002873	0.51778013	-6.5483055	5.3813682
0.44158798	0.51488066	-6.5314884	5.3978243
0.44002873	0.51552498	-6.4953327	5.401938
0.44470653	0.513592	-6.4583354	5.3937101
0.44002873	0.51874661	-6.3523898	5.4060521
0.4493843	0.51391417	-6.2935309	5.3607979
0.44314724	0.52003527	-6.4204974	5.3978243
0.44158798	0.52680069	-6.3902268	5.4101663
0.44626576	0.51520282	-6.2363534	5.3978243
0.44470653	0.52357906	-6.331368	5.4225082
0.44626576	0.51939094	-6.3431401	5.4142804
0.44158798	0.52067959	-6.3069839	5.4225082
0.44314724	0.513592	-6.2876449	5.401938
0.43691018	0.51520282	-6.3053021	5.4430785
0.43535089	0.51778013	-6.2615786	5.4430785
0.43535089	0.51584715	-6.1320891	5.4554205
0.44158798	0.51810229	-6.2321491	5.4307365
0.44782501	0.5232569	-6.226263	5.4430785
0.45718065	0.51810229	-6.1859031	5.4389644
0.45562136	0.53614342	-6.0942512	5.5089025
0.45562136	0.52486771	-6.1102276	5.4389644
0.45094356	0.52003527	-6.0892062	5.4389644
0.4493843	0.52873367	-6.069026	5.4554205
0.44782501	0.54097587	-6.0547318	5.4677625
0.45094356	0.54129803	-6.0673447	5.4924469
0.44782501	0.54516393	-6.031188	5.4883327
0.43846944	0.54194236	-6.0269842	5.5130167
0.44470653	0.54741907	-5.9740114	5.521245
0.44782501	0.54580826	-5.9647617	5.5047889
0.44782501	0.54065371	-5.9513083	5.5047889
0.4493843	0.54323101	-5.92272	5.5171309
0.45094356	0.53872073	-5.8874044	5.521245
0.45250285	0.52229041	-5.857975	5.5130167
0.4493843	0.52808934	-5.855453	5.533587
0.45562136	0.52808934	-5.673831	5.5253587
0.45250285	0.52035743	-5.7806177	5.5130167
0.4540621	0.53292179	-5.7722096	5.5829554
0.45718065	0.53163314	-5.7234406	5.5253587
0.4493843	0.53259963	-5.6763535	5.5541573
0.4540621	0.54902989	-5.736053	5.5664992
0.45250285	0.54677474	-5.6612186	5.5706129
0.44782501	0.54774123	-5.6284256	5.5706129
0.46497697	0.5480634	-5.6444016	5.5664992
0.46185842	0.55160719	-5.6452422	5.5994115
0.46029913	0.5480634	-5.6183352	5.5829554
0.45873991	0.53678775	-5.5662031	5.587069
0.45718065	0.53614342	-5.5451822	5.6117535
0.45873991	0.52905583	-5.5569544	5.5994115
0.46029913	0.52776718	-5.5107079	5.6199813
0.45562136	0.52712286	-5.4972539	5.6528935
0.45562136	0.52132392	-5.4568939	5.6158671
0.46029913	0.53002232	-5.4341912	5.6282096
0.45873991	0.5441975	-5.429987	5.6858058
0.45873991	0.55354017	-5.3837409	5.7146039
0.46185842	0.55643964	-5.3946719	5.6775775
0.46497697	0.55450666	-5.3694468	5.6940336
0.46653622	0.55772829	-5.327404	5.6981478
0.46809548	0.56578237	-5.2794766	5.7228317
0.46341768	0.57415861	-5.3013387	5.7557435
0.46965477	0.57254779	-5.2786355	5.7392879
0.46497697	0.57093698	-5.1499872	5.743402
0.45873991	0.56610453	-5.1457829	5.7475152
0.46965477	0.56352723	-5.2147317	5.7680855
0.46809548	0.55805045	-5.208005	5.7639713
0.46341768	0.55547315	-4.9935904	5.7927694
0.47433254	0.54967421	-5.5182753	5.7927694
0.46809548	0.54613042	-5.0986958	5.8133397
0.46809548	0.54774123	-5.0986958	5.8051119
0.47121403	0.54774123	-5.0490861	5.8051119
0.46965477	0.55225152	-5.056654	5.83391
0.47433254	0.56835967	-5.0045218	5.8832779
0.46497697	0.56417155	-4.9759331	5.8668218
0.46809548	0.56191641	-5.0154524	5.8668218
0.47901034	0.55805045	-4.9692063	5.8956203
0.47901034	0.57254779	-4.9498668	5.9120765
0.47433254	0.56835967	-4.907825	5.9285321
0.48212889	0.56739318	-4.8851223	5.9161901
0.48368815	0.57319212	-4.8548517	5.9408746
0.4758918	0.58221263	-4.8607378	5.9491024
0.48212889	0.57093698	-4.7219992	5.9449883
0.47901034	0.56803751	-4.8287859	5.9532166
0.46965477	0.57770234	-4.7976747	6.0066986
0.48368815	0.57834667	-4.7354522	5.9779005
0.48992521	0.56739318	-4.7287259	5.9943566
0.48212889	0.57222563	-4.7144313	6.0108128
0.48836592	0.57383645	-4.721158	6.0190411
0.48212889	0.569004	-4.6538906	6.0231547
0.49460301	0.55643964	-4.6446414	6.0231547
0.4805696	0.57931316	-4.6463232	6.0807514
0.48524743	0.5815683	-4.6017585	6.056067
0.49304372	0.58511209	-4.5698066	6.1013212
0.48836592	0.58607858	-4.4680648	6.0848651
0.48368815	0.58511209	-4.515152	6.1136632
0.48524743	0.57931316	-4.4689059	6.1095495
0.49460301	0.58801156	-4.4958124	6.1465755
0.49148446	0.58221263	-4.4319086	6.158917
0.48836592	0.59348834	-4.4689059	6.2165132
0.48992521	0.57770234	-4.4176145	6.1630311
0.49304372	0.58833373	-4.3965936	6.212399
0.49616227	0.58736724	-4.3368936	6.2041712
0.50084007	0.59413266	-4.3696866	6.2535396
0.49304372	0.59284401	-4.3486652	6.2453113
0.50239933	0.58478993	-4.3183951	6.2288551
0.50239933	0.58221263	-4.277194	6.2370834
0.50395858	0.59413266	-4.3108277	6.3111358
0.50239933	0.58865589	-4.2233801	6.2658815
0.49928078	0.59091103	-4.2099266	6.2946796
0.50239933	0.60959649	-4.0526891	6.35639
0.49928078	0.59413266	-4.1628394	6.3234777
0.50239933	0.59703213	-4.1653619	6.3728461
0.50863642	0.60122025	-4.144341	6.368732
0.50084007	0.60379755	-4.1039805	6.381074
0.5070771	0.60186458	-4.1308875	6.3728461
0.51175493	0.60122025	-4.0863233	6.4181004
0.51019567	0.59155536	-4.0459623	6.4016442
0.51019567	0.60379755	-3.942539	6.4468985
0.5164327	0.60508621	-3.9770136	6.4468985
0.51487345	0.5999316	-3.9736502	6.4427843
0.51955122	0.60669702	-3.960197	6.4880385
0.52266979	0.60895216	-3.9501069	6.4839249
0.52111053	0.61346239	-3.8912477	6.5044947
0.52266979	0.62312728	-3.8584549	6.5579772
0.52266979	0.61120725	-3.8466833	6.5086088
0.51331419	0.62409377	-3.8248212	6.5703192
0.51799196	0.62506026	-3.8122087	6.5620909
0.52422905	0.6124959	-3.8021185	6.5497489
0.53202534	0.60830784	-3.77353	6.5867743
0.51955122	0.61571753	-3.5919085	6.6155725
0.52890682	0.61314023	-3.751668	6.6114588
0.53046608	0.61636186	-3.7213979	6.6320286
0.53046608	0.62087214	-3.6869235	6.6608267
0.52734756	0.61217374	-3.6272235	6.6484847
0.52734756	0.60798568	-3.6524489	6.6772828
0.53514391	0.60863	-3.6389954	6.6525989
0.52890682	0.61314023	-3.6835601	6.669055
0.53670317	0.61990565	-3.5397758	6.7019672
0.53358465	0.63601381	-3.5422986	6.7513356
0.53358465	0.62699324	-3.5195959	6.7143092
0.53982168	0.62506026	-3.5019383	6.7307653
0.54138094	0.6247381	-3.4287848	6.7307653
0.53982168	0.62441593	-3.4775536	6.7513356
0.5429402	0.61636186	-3.4405568	6.7554493
0.54138094	0.62763757	-3.4271033	6.7965899
0.54449946	0.62860405	-3.3850613	6.8089318
0.53982168	0.63891327	-3.3808568	6.8583002
0.5522958	0.63923544	-3.3472233	6.8706422
0.5522958	0.64020193	-3.3657219	6.866528
0.55073655	0.64825594	-3.3060222	6.9035544
0.55853289	0.63665813	-3.3001363	6.866528
0.54605877	0.63118136	-3.2656617	6.8994403
0.56476992	0.62506026	-3.4708271	6.8829842
0.55697358	0.63408083	-3.2303462	6.9117823
0.55853289	0.63987976	-3.2194154	6.9529223
0.56321067	0.64181274	-3.1403763	6.9405804
0.56009215	0.6521219	-3.0108867	6.9488087
0.55697358	0.65631002	-3.1454213	6.9693785
0.56632918	0.66790789	-3.1395354	6.9734926
0.57412553	0.6556657	-3.0890849	6.9570365
0.57256627	0.65437704	-3.0739498	6.9899487
0.57100701	0.65341055	-3.0462022	7.0064049
0.57100701	0.65759867	-3.0016375	7.0393162
0.57880336	0.64793378	-3.0277035	7.0310888
0.58192182	0.64825594	-3.0024781	7.0475445
0.58504039	0.64696729	-2.9696853	7.0557723
0.58659965	0.65534353	-2.9553912	7.1133685
0.58504039	0.65115541	-2.8906462	7.0598865
0.58815891	0.65051109	-2.8486042	7.0969124
0.58815891	0.65018892	-2.8822377	7.1174827
0.58192182	0.65856516	-2.8645802	7.1380529
0.59595525	0.67112952	-2.8200154	7.1586227
0.58971816	0.66146463	-2.6829584	7.1503949
0.59907377	0.66275328	-2.7981536	7.166851
0.60219228	0.65405488	-2.7544298	7.1462808
0.60063303	0.64793378	-2.721637	7.1750789
0.60063303	0.67145169	-2.7056611	7.2203331
0.61154795	0.6643641	-2.7048204	7.1956491
0.60531086	0.67112952	-2.6644597	7.2409034
0.6131072	0.67241818	-2.6341896	7.2409034
0.6146664	0.6669414	-2.503859	7.2614737
0.61934417	0.66275328	-2.6266217	7.2450175
0.61778492	0.66082031	-2.6013966	7.2614737
0.61934417	0.65985382	-2.5459011	7.2861576
0.62402201	0.65341055	-2.3995945	7.2655873
0.62402201	0.66533059	-2.4811561	7.3272977
0.63493687	0.65695435	-2.5173123	7.3108416
0.63649619	0.65469921	-2.4391141	7.3190699
0.62869984	0.66790789	-2.4080031	7.335526
0.63805544	0.67789495	-2.4332283	7.3643241
0.64273316	0.67853928	-2.3718469	7.3684382
0.65208876	0.68079442	-2.3953903	7.3766661
0.64429241	0.69658035	-2.7569525	7.4630604
0.65988511	0.68594897	-2.3348498	7.3807802
0.6505295	0.68852627	-2.2953303	7.4219203
0.65832585	0.68627113	-2.2877626	7.4054642
0.6661222	0.68176085	-2.231426	7.4383764
0.66144443	0.6856268	-2.2347894	7.4712887
0.66924065	0.68627113	-2.2263811	7.4671745
0.677037	0.68208301	-2.0960505	7.4795165
0.67859632	0.67145169	-2.067462	7.4877448
0.68795192	0.67982793	-2.1380928	7.4959726
0.68795192	0.68498248	-2.1313658	7.5083141
0.68327409	0.70076847	-2.0943689	7.5535684
0.68327409	0.69915766	-1.9396539	7.5576825
0.69262969	0.69658035	-2.0775521	7.5576825
0.70354456	0.70205712	-2.0237381	7.5988226
0.69574821	0.70012414	-1.8976117	7.6029367
0.70042598	0.7101112	-1.9791734	7.6111646
0.70822233	0.70527875	-1.9783326	7.6193929
0.71445942	0.70850039	-1.9665607	7.635849
0.72693348	0.70946687	-1.8765907	7.635849
0.72225577	0.70914471	-1.6899238	7.6564188
0.72537422	0.72138685	-1.8740681	7.7428136
0.72693348	0.72299767	-1.8648189	7.7304711
0.73628914	0.7162323	-1.8059601	7.7057872
0.74408549	0.7226755	-1.8572513	7.7386994
0.74564475	0.71719879	-1.7967107	7.7469273
0.75811881	0.71462148	-1.7597136	7.7510414
0.75188172	0.71913177	-1.7613953	7.7757254
0.76591516	0.70946687	-1.752146	7.7716117
0.76591516	0.71075553	-1.7025363	7.8086376
0.77059299	0.7101112	-1.694128	7.8004098
0.78150779	0.71655446	-1.5612749	7.8209796
0.78618562	0.71719879	-1.6680617	7.8374357
0.78774488	0.70946687	-1.5932268	7.8374357
0.80177832	0.72042036	-1.5915451	7.8909183
0.800219	0.72847444	-1.495689	7.9156022
0.80801529	0.72138685	-1.5595932	7.9238305
0.81269312	0.71558797	-1.5520256	7.9114885
0.80801529	0.72525281	-1.4940073	7.9896541
0.81893015	0.73201823	-1.469623	7.9773126
0.82984507	0.73556203	-1.4713047	7.9896541
0.83920062	0.73169607	-1.4544878	7.9608564
0.83920062	0.72525281	-1.3989922	8.001996
0.85011548	0.73556203	-1.1938266	8.02668
0.85323405	0.74007231	-1.3586318	8.0349083
0.85947108	0.73040742	-1.3468599	8.0225658
0.8719452	0.72170901	-1.3376106	8.0513639
0.87818229	0.73201823	-1.2283012	8.0719347
0.88441932	0.72783011	-1.2728659	8.0513639
0.88909715	0.74812639	-1.2678207	8.1171885
0.89689344	0.73105174	-1.2526857	8.1007328
0.91092688	0.73620635	-1.0542468	8.1418724
0.91560465	0.74039447	-1.1870999	8.1459866
0.91872323	0.7471599	-1.1711239	8.1624432
0.92807877	0.73556203	-1.1274	8.1624432
0.94055289	0.7349177	-1.0525651	8.2118111
0.94367146	0.73298472	-1.0887213	8.2035828
0.95302701	0.73910582	-1.0929255	8.2323809
0.96238261	0.74329394	-1.0441566	8.236495
0.96550113	0.74329394	-1.0584509	8.2652931
0.96706039	0.75521398	-1.004637	8.289978
0.9857716	0.74683774	-0.99370611	8.2652931
0.99356794	0.73846149	-0.97857088	8.2735214
1.0044829	0.74490476	-0.98866099	8.3187761
1.0153977	0.74329394	-0.94661885	8.3228903
1.0216347	0.75134802	-0.89280492	8.3640299
1.0263125	0.75843561	-0.79526711	8.3599157
1.0341088	0.76004636	-0.85917121	8.3763723
1.05282	0.77067775	-0.84571773	8.4257402
1.0574979	0.76487881	-0.82721919	8.3969421
1.0715312	0.75811344	-0.77004188	8.4051704
1.0824461	0.76326799	-0.80956149	8.4298544
1.0855646	0.76713395	-0.72715884	8.4792223
1.0995979	0.76262367	-0.7086603	8.4627666
1.1073943	0.75746912	-0.67754912	8.4627666
1.1245462	0.75875777	-0.65989143	8.4709949
1.1385796	0.76069069	-0.6397112	8.4997921
1.1432574	0.76101285	-0.6338253	8.4997921
1.1572908	0.75360316	-0.55142272	8.4997921
1.1650871	0.75875777	-0.59262401	8.5285902
1.1853576	0.77486587	-0.58169305	8.5779581
1.1947131	0.77712101	-0.55646777	8.5573883
1.2009503	0.77744317	-0.7389307	8.5697308
1.2149836	0.77776533	-0.51442564	8.602643
1.229017	0.78034264	-0.50265384	8.5944147
1.246169	0.78195345	-0.45052156	8.627327
1.2524061	0.78098696	-0.44463563	8.5861864
1.2695578	0.77357721	-0.41352445	8.6190987
1.275795	0.77873182	-0.38409492	8.6520109
1.2929469	0.76906693	-0.30253318	8.6437826
1.3085396	0.76487881	-0.36139217	8.6478968
1.3132174	0.77583236	-0.32187256	8.6725807
1.3397249	0.77422154	-0.33364436	8.6766949
1.3412842	0.77905399	-0.2562868	8.6766949
1.3584361	0.78291994	-0.18313344	8.6890373
1.3724695	0.78904104	-0.25460511	8.7137213
1.3958584	0.78968537	-0.217608	8.7096071
1.3958584	0.79741728	-0.62625772	8.7384052
1.4176883	0.80257189	-0.17892922	8.7466335
1.4348402	0.80096108	-0.14697719	8.7219496
1.4535513	0.79741728	-0.11166176	8.7384052
1.4675847	0.79967242	-0.039349247	8.758975
1.4769403	0.78743023	-0.076346353	8.7548618
1.5018885	0.77937615	-0.079709724	8.7425194
1.5081255	0.79000753	-0.039349247	8.7960014
1.5299553	0.7954843	0.015305566	8.7960014
1.5486666	0.79516214	-0.015805636	8.8042297
1.5642591	0.7867859	-0.043553464	8.7795458
1.5767332	0.79129618	-0.01160142	8.8165722
1.5658183	0.7806648	0.007737976	8.8001156
1.5704962	0.77744317	0.022873154	8.7918873
1.5673777	0.78743023	-0.020850696	8.8206854
1.5689369	0.79483998	-0.048598524	8.837142
1.5658183	0.79773945	-0.010760576	8.8453703
1.575174	0.80257189	0.0010112298	8.812458
1.5767332	0.79419565	0.017828096	8.8535976
1.575174	0.79741728	-0.013283106	8.8247995
1.5704962	0.79838377	0.0052154465	8.812458
1.5642591	0.79773945	-0.0090788892	8.8330278
1.5658183	0.80740428	-0.0082380464	8.8618259
1.5611405	0.80386049	-0.013283106	8.8289137
1.5595814	0.80675995	-0.030099971	8.8206854
1.5611405	0.79935026	0.0094196629	8.8289137
1.5502259	0.79355133	-0.010760576	8.8453703
1.5595814	0.79516214	-0.0082380464	8.812458
1.545548	0.78936321	-0.012442263	8.8289137
1.5361924	0.79065186	-0.015805636	8.8330278
1.5361924	0.78549725	0.0010112298	8.8042297
1.5377517	0.79161835	-0.030099971	8.8247995
1.5330739	0.79161835	0.0052154465	8.8289137
1.5315145	0.79838377	0.011942193	8.8206854
1.5237182	0.80418265	0.010260507	8.8330278
1.522159	0.8054713	-0.01664648	8.8741684
1.5205997	0.80643779	0.018668938	8.8289137
1.5159218	0.81094807	-0.0065563596	8.8247995
1.5159218	0.8016054	-0.014123949	8.8206854
1.5128033	0.80772644	-0.012442263	8.8741684
1.5096848	0.79967242	0.013623879	8.8247995
1.5112441	0.792907	0.011942193	8.8330278
1.5065663	0.79580647	0.0001703865	8.8535976
1.5065663	0.79645079	-0.014964793	8.8577118
1.5018885	0.79097402	-0.014964793	8.837142
1.5018885	0.78324211	0.022873154	8.8247995
1.5003291	0.78646374	0.022873154	8.837142
1.4987699	0.79677296	0.0035337596	8.8618259
1.4956515	0.802894	-0.030099971	8.8412561
1.4972107	0.80675995	-0.01664648	8.8577118
1.4909737	0.80514914	0.0060562897	8.8618259
1.4909737	0.80965942	-0.023373226	8.8577118
1.4987699	0.79999459	-0.0082380464	8.8741684
1.4862959	0.79483998	0.017828096	8.8247995
1.4956515	0.80192757	-0.030940816	8.8577118
1.481618	0.8090151	0.0026929164	8.8618259
1.4940922	0.79451782	-0.021691538	8.8741684
1.4831774	0.79516214	-0.034304187	8.8618259
1.4862959	0.78904104	-0.013283106	8.8453703
1.4847367	0.79870594	-0.030099971	8.8659401
1.4800588	0.78549725	-0.0073972028	8.8535976
1.4769403	0.78807455	-0.0031929866	8.8494844
1.4738218	0.79645079	0.007737976	8.8741684
1.4675847	0.792907	0.015305566	8.8535976
1.469144	0.80643779	0.011942193	8.8741684
1.4738218	0.80192757	-0.030099971	8.8453703
1.4660254	0.80675995	0.0052154465	8.8947382
1.4722625	0.81803566	-0.014123949	8.8741684
1.4707032	0.81030375	0.0010112298	8.8535976
1.469144	0.81578052	-0.014964793	8.8823957
1.4738218	0.81191456	-0.010760576	8.8577118
1.4582291	0.8202908	-0.026736598	8.8865099
1.4566698	0.81803566	0.011942193	8.8659401
1.4613476	0.80128324	-0.010760576	8.8782825
1.4629068	0.80063891	-0.0048746732	8.8577118
1.4629068	0.78324211	-0.013283106	8.8330278
1.4566698	0.77873182	0.0052154465	8.837142
1.4613476	0.7806648	0.0085788192	8.8412561
1.4582291	0.78710806	-0.0073972028	8.8453703
1.4582291	0.79419565	-0.0099197328	8.8494844
1.4582291	0.78388643	0.010260507	8.8247995
1.4535513	0.79097402	0.0060562897	8.8618259
1.4535513	0.79032969	0.0060562897	8.8289137
1.4551105	0.79065186	0.021191468	8.8247995
1.4488734	0.80192757	0.0010112298	8.8535976
1.4551105	0.80353832	0.0010112298	8.8494844
1.4535513	0.80096108	0.020350626	8.8577118
1.4457549	0.79419565	0.0094196629	8.8412561
1.4473141	0.80031675	-0.0040338296	8.8494844
1.4566698	0.8054713	-0.030099971	8.8453703
1.4457549	0.80804861	-0.0057155164	8.8782825
1.4395179	0.81255889	0.0085788192	8.8577118
1.4410771	0.80514914	-0.01916901	8.8577118
1.4457549	0.79806161	0.022032311	8.8412561
1.4410771	0.78324211	-0.0057155164	8.8330278
1.4410771	0.78227562	0.010260507	8.8165722
1.4379586	0.78710806	-0.0065563596	8.837142
1.4441956	0.7780875	-0.017487323	8.8247995
1.4395179	0.79129618	-0.026736598	8.8618259
1.4395179	0.79161835	0.010260507	8.837142
1.4379586	0.77776533	-0.014123949	8.812458
1.4348402	0.78807455	-0.04523515	8.8453703
1.4379586	0.80063891	-0.0015113001	8.837142
1.4379586	0.79580647	-0.010760576	8.8247995
1.4332809	0.80579346	-0.033463344	8.8618259
1.4395179	0.79935026	-0.0048746732	8.8165722
1.4317216	0.80579346	-0.014964793	8.8412561
1.4332809	0.81127024	-0.017487323	8.8618259
1.4317216	0.8090151	-0.010760576	8.8412561
1.4317216	0.80192757	-0.0073972028	8.837142
1.4348402	0.7954843	-0.021691538	8.8330278
1.4395179	0.78839672	-0.01160142	8.8412561
1.4395179	0.7806648	-0.0099197328	8.8330278
1.4379586	0.77905399	-0.025054913	8.8206854
1.4317216	0.79065186	-0.014123949	8.8289137
1.4332809	0.80482697	-0.0048746732	8.8741684
1.4348402	0.79838377	0.0035337596	8.8412561
1.4363995	0.79741728	0.007737976	8.837142
1.4348402	0.79741728	0.0010112298	8.8453703
1.4301623	0.80740428	-0.01664648	8.8618259
1.4410771	0.80740428	-0.0040338296	8.8618259
1.4317216	0.80837077	0.0094196629	8.8289137
1.4317216	0.802894	0.023713998	8.8330278
1.4286031	0.79773945	0.015305566	8.8494844
1.4286031	0.81320322	-0.013283106	8.8988523
1.4317216	0.80675995	-0.014964793	8.8618259
1.4301623	0.79677296	-0.025054913	8.837142
1.4332809	0.79129618	-0.020009853	8.8618259
1.4286031	0.79161835	0.0060562897	8.8289137
1.4363995	0.79065186	-0.0082380464	8.8782825
1.4363995	0.79322916	-0.015805636	8.837142
1.4410771	0.7954843	-0.0057155164	8.837142
1.4332809	0.79645079	-0.026736598	8.8618259
1.4363995	0.79645079	-0.015805636	8.8700542
1.4317216	0.79419565	0.0018520731	8.837142
1.4270438	0.79935026	0.0035337596	8.8453703
1.4317216	0.80772644	-0.025054913	8.8659401
1.4379586	0.8090151	-0.0065563596	8.8659401
1.4363995	0.81191456	-0.0073972028	8.8412561
1.4270438	0.81191456	-0.0090788892	8.8823957
1.4239253	0.80772644	-0.0031929866	8.8577118
1.4270438	0.79741728	0.007737976	8.8700542
1.4208068	0.78839672	-0.012442263	8.8494844
1.4301623	0.78485292	-0.01916901	8.8453703
1.4239253	0.79000753	-0.025054913	8.8659401
1.4254845	0.78614157	0.0026929164	8.837142
1.4286031	0.78517509	-0.024214068	8.8865099
1.4208068	0.79580647	0.010260507	8.8700542
1.4301623	0.79709512	-0.017487323	8.8494844
1.4208068	0.80321616	-0.0065563596	8.8659401
1.4254845	0.80611563	-0.00067045673	8.8947382
1.4208068	0.8177135	-0.020850696	8.8741684
1.4270438	0.81803566	-0.018328166	8.8247995
1.4208068	0.8141697	0.012783037	8.8535976
1.4161289	0.81384754	-0.024214068	8.8618259
1.4254845	0.80869293	-0.014964793	8.8453703
1.4208068	0.81352538	-0.0099197328	8.8659401
1.4176883	0.81449187	-0.0099197328	8.8618259
1.4192475	0.80386049	-0.030099971	8.8412561
1.4239253	0.79258484	-0.0065563596	8.8083439
1.4161289	0.80482697	0.007737976	8.8659401
1.4192475	0.80740428	-0.0031929866	8.8618259
1.4208068	0.80353832	-0.012442263	8.8412561
1.4176883	0.80772644	-0.040190089	8.890624
1.4176883	0.79580647	0.0010112298	8.8206854
1.4161289	0.79129618	0.016987253	8.8165722
1.4208068	0.79226267	-0.0082380464	8.8206854
1.4145696	0.79516214	-0.020850696	8.8577118
1.4161289	0.80643779	0.0010112298	8.8535976
1.4161289	0.79806161	0.0010112298	8.8206854
1.4130104	0.80643779	-0.0015113001	8.8618259
1.4145696	0.80063891	-0.0023521434	8.8247995
1.4176883	0.79773945	-0.022532383	8.8206854
1.4130104	0.80192757	-0.00067045673	8.8412561
1.4114511	0.79387349	0.011942193	8.837142
1.4145696	0.78388643	0.01614641	8.8330278
1.4098918	0.78098696	-0.025054913	8.8289137
1.4114511	0.78968537	-0.025054913	8.8618259
1.4145696	0.79483998	-0.027577441	8.8289137
1.4161289	0.79226267	-0.0040338296	8.837142
1.4130104	0.79387349	-0.0057155164	8.8618259
1.4114511	0.80031675	0.010260507	8.8618259
1.4130104	0.79967242	0.015305566	8.8535976
1.4130104	0.8090151	-0.020850696	8.8659401
1.4067733	0.81062591	0.0026929164	8.8947382
1.4098918	0.80611563	-0.013283106	8.8412561
1.4130104	0.80740428	-0.026736598	8.8453703
1.4098918	0.80740428	0.011942193	8.8247995
1.4145696	0.80965942	-0.0023521434	8.8700542
1.4130104	0.81384754	-0.018328166	8.8577118
1.4114511	0.80192757	0.011942193	8.8330278
1.4036548	0.80192757	0.016987253	8.8577118
1.4145696	0.79870594	0.029599901	8.8494844
1.4067733	0.79387349	-0.0073972028	8.8453703
1.4114511	0.78485292	-0.01916901	8.8289137
1.4130104	0.77099991	0.021191468	8.8165722
1.4052141	0.78549725	0.0060562897	8.8618259
1.4114511	0.7867859	-0.0082380464	8.8494844
1.4176883	0.7954843	-0.039349247	8.8659401
1.4114511	0.79709512	-0.01916901	8.8535976
1.4083326	0.79161835	0.013623879	8.8330278
1.3989769	0.79838377	-0.0057155164	8.8782825
1.4083326	0.79838377	-0.0073972028	8.8453703
1.4098918	0.79773945	-0.025895756	8.8453703
1.4067733	0.80031675	-0.00067045673	8.837142
1.4067733	0.80353832	-0.0065563596	8.8741684
1.4114511	0.80643779	-0.032622501	8.8618259
1.4114511	0.8016054	0.03128159	8.8412561
1.4114511	0.80063891	-0.022532383	8.8535976
1.4098918	0.8054713	0.01110135	8.8741684
1.4036548	0.78904104	0.010260507	8.8165722
1.4145696	0.79097402	0.0001703865	8.8289137
1.4052141	0.78581941	-0.01664648	8.8535976
1.4083326	0.8016054	-0.018328166	8.8741684
1.4130104	0.79741728	-0.0015113001	8.8577118
1.4114511	0.79741728	-0.0048746732	8.8453703
1.4130104	0.79870594	0.0060562897	8.8453703
1.4036548	0.79580647	-0.01664648	8.8412561
1.4067733	0.8016054	0.01110135	8.8700542
1.4114511	0.79645079	-0.01160142	8.8289137
1.4036548	0.80224973	-0.0073972028	8.8453703
1.4098918	0.80192757	-0.028418286	8.8453703
1.4036548	0.81481403	-0.0031929866	8.8823957
1.4052141	0.80224973	-0.01160142	8.8247995
1.4083326	0.79161835	0.025395684	8.837142
1.4036548	0.78098696	-0.0073972028	8.8083439
1.4067733	0.78356427	-0.01664648	8.8412561
1.3958584	0.78581941	-0.012442263	8.8535976
1.4005362	0.79612863	-0.041030932	8.8618259
1.4098918	0.79612863	0.0060562897	8.8535976
1.3974177	0.80450481	-0.015805636	8.8618259
1.4005362	0.79967242	0.0094196629	8.8741684
1.3942991	0.79773945	0.0060562897	8.8247995
1.4020956	0.79967242	-0.014123949	8.8618259
1.3974177	0.79580647	-0.018328166	8.8289137
1.3974177	0.80128324	-0.0065563596	8.8535976
1.4005362	0.81030375	-0.026736598	8.8535976
1.3927399	0.7990281	-0.00067045673	8.8330278
1.4036548	0.79741728	0.0001703865	8.8289137
1.3989769	0.79838377	-0.00067045673	8.8453703
1.4036548	0.79709512	-0.0040338296	8.8247995
1.3958584	0.78710806	-0.0065563596	8.8206854
1.3911806	0.79000753	0.0018520731	8.8453703
1.3942991	0.79065186	-0.01160142	8.837142
1.3974177	0.792907	-0.0031929866	8.8659401
1.3989769	0.79032969	0.0085788192	8.8165722
1.3958584	0.78743023	0.0043746028	8.8247995
1.3989769	0.79677296	-0.0099197328	8.8453703
1.3989769	0.8054713	0.0026929164	8.8782825
1.3989769	0.80192757	-0.012442263	8.8289137
1.3958584	0.80192757	-0.0015113001	8.8453703
1.3989769	0.80998158	-0.051961899	8.8823957
1.3958584	0.80998158	0.021191468	8.8618259
1.3958584	0.81449187	-0.01916901	8.8618259
1.3896214	0.81191456	0.014464723	8.8453703
1.3989769	0.8141697	-0.018328166	8.8494844
1.4005362	0.81578052	-0.0048746732	8.8577118
1.3927399	0.80386049	-0.0099197328	8.8412561
1.3974177	0.80128324	0.010260507	8.8535976
1.4005362	0.79580647	0.012783037	8.837142
1.3927399	0.78936321	-0.0040338296	8.837142
1.3942991	0.78324211	-0.014123949	8.8741684
1.4005362	0.7745437	-0.01664648	8.8206854
1.3911806	0.7780875	0.0018520731	8.8330278
1.3989769	0.77840966	0.0094196629	8.8412561
1.3974177	0.78968537	-0.0082380464	8.8865099
1.3958584	0.80482697	-0.01160142	8.8741684
1.3958584	0.80804861	-0.010760576	8.8659401
1.4020956	0.80611563	0.0085788192	8.8330278
1.3989769	0.80257189	0.0026929164	8.8494844
1.4020956	0.80675995	-0.01160142	8.8289137
1.3942991	0.80965942	-0.014964793	8.8659401
1.3958584	0.80740428	0.0001703865	8.8412561
1.3958584	0.81191456	-0.0023521434	8.8453703
1.3989769	0.78646374	-0.023373226	8.8289137
1.3989769	0.78968537	-0.024214068	8.8412561
1.3958584	0.79516214	0.0035337596	8.8577118
1.3958584	0.78968537	0.0010112298	8.837142
1.4005362	0.79612863	0.0068971328	8.8823957
1.3896214	0.78743023	-0.00067045673	8.8289137
1.3896214	0.78936321	0.0026929164	8.8412561
1.4052141	0.79032969	-0.020009853	8.8412561
1.3942991	0.79258484	-0.022532383	8.8865099
1.3974177	0.80128324	-0.015805636	8.8577118
1.3942991	0.80482697	0.01614641	8.8412561
1.3942991	0.80128324	0.0001703865	8.8494844
1.3942991	0.80804861	-0.021691538	8.8618259
1.3911806	0.81835783	0.0094196629	8.8618259
1.3911806	0.80998158	-0.00067045673	8.8577118
1.3896214	0.81223673	-0.020009853	8.8659401
1.3880621	0.81062591	0.0052154465	8.8577118
1.3865029	0.80708212	0.0060562897	8.837142
1.3896214	0.80257189	-0.013283106	8.8659401
1.3880621	0.80708212	-0.0082380464	8.8618259
1.3942991	0.79999459	-0.025054913	8.837142
1.3942991	0.78904104	-0.0040338296	8.8535976
1.3942991	0.78517509	0.012783037	8.8330278
1.3849435	0.78453076	-0.00067045673	8.8289137
1.3942991	0.7867859	0.011942193	8.8330278
1.3880621	0.79516214	-0.023373226	8.8741684
1.3833842	0.79870594	-0.024214068	8.8494844
1.3927399	0.81642485	-0.014964793	8.8741684
1.3927399	0.80837077	0.014464723	8.837142
1.3911806	0.80224973	0.014464723	8.8618259
1.3896214	0.80837077	-0.043553464	8.8453703
1.3865029	0.81449187	-0.020850696	8.8659401
1.3989769	0.80386049	-0.0057155164	8.8494844
1.3849435	0.79967242	-0.0073972028	8.8453703
1.3911806	0.7954843	-0.0057155164	8.837142
1.3911806	0.78807455	0.018668938	8.8494844
1.3880621	0.79258484	0.0001703865	8.8494844
1.3880621	0.79451782	0.0035337596	8.837142
1.3896214	0.7990281	-0.025054913	8.8741684
1.3927399	0.79967242	-0.018328166	8.8577118
1.3911806	0.79387349	-0.018328166	8.8206854
1.3833842	0.79967242	0.0035337596	8.8494844
1.3896214	0.80450481	-0.01160142	8.890624
1.3911806	0.80643779	0.014464723	8.8577118
1.3896214	0.79516214	-0.014123949	8.8206854
1.3911806	0.78968537	-0.023373226	8.8453703
1.381825	0.80386049	0.0043746028	8.8535976
1.3833842	0.80675995	-0.020009853	8.8782825
1.3802657	0.802894	0.0060562897	8.8330278
1.3833842	0.802894	-0.0031929866	8.8453703
1.3880621	0.79645079	-0.0015113001	8.8247995
1.3833842	0.80514914	-0.026736598	8.8700542
1.3927399	0.79451782	-0.014123949	8.8453703
1.381825	0.79065186	0.019509783	8.8494844
1.381825	0.78453076	0.017828096	8.8247995
1.3880621	0.77776533	0.0035337596	8.837142
1.3880621	0.7867859	-0.01160142	8.8618259
1.3927399	0.78968537	-0.024214068	8.8247995
1.3833842	0.79322916	0.0018520731	8.8412561
1.3911806	0.80128324	-0.020009853	8.8741684
1.3833842	0.80321616	0.0094196629	8.8618259
1.3880621	0.80611563	-0.010760576	8.837142
1.3911806	0.8016054	-0.036826719	8.8412561
1.3958584	0.80128324	0.018668938	8.8330278
1.3833842	0.80257189	-0.0023521434	8.8741684
1.3849435	0.80869293	-0.021691538	8.8618259
1.3958584	0.79999459	-0.010760576	8.8412561
1.3927399	0.79935026	0.0035337596	8.8453703
1.381825	0.80450481	-0.027577441	8.8782825
1.3927399	0.79032969	-0.030940816	8.8247995
1.3927399	0.79097402	0.0085788192	8.8577118
1.3802657	0.79161835	-0.025054913	8.8494844
1.3896214	0.79097402	-0.018328166	8.837142
1.3927399	0.79838377	0.0035337596	8.8494844
1.3865029	0.78968537	0.01614641	8.8289137
1.3865029	0.80482697	-0.0015113001	8.8618259
1.3865029	0.79967242	-0.01160142	8.8659401
1.3896214	0.79967242	-0.015805636	8.8330278
1.3833842	0.80224973	-0.00067045673	8.8494844
1.3865029	0.80224973	-0.024214068	8.8412561
1.3849435	0.81739134	-0.013283106	8.8782825
1.3865029	0.81706917	-0.047757678	8.8823957
1.3833842	0.79967242	-0.0082380464	8.812458
1.3833842	0.80063891	-0.022532383	8.8700542
1.3849435	0.79161835	0.013623879	8.837142
1.3896214	0.79355133	-0.0048746732	8.8659401
1.3771472	0.80031675	0.0001703865	8.8535976
1.3787065	0.80643779	0.012783037	8.8535976
1.3771472	0.80482697	-0.0099197328	8.8618259
1.3755879	0.80804861	-0.0040338296	8.8700542
1.3880621	0.79580647	-0.0048746732	8.8412561
1.3896214	0.79387349	-0.012442263	8.8289137
1.3865029	0.79935026	-0.035145033	8.8700542
1.3787065	0.79516214	-0.0048746732	8.837142
1.3880621	0.79580647	-0.010760576	8.837142
1.3896214	0.79935026	-0.027577441	8.837142
1.3849435	0.80740428	0.025395684	8.8494844
1.3833842	0.80772644	-0.0048746732	8.8412561
1.3849435	0.79516214	-0.018328166	8.8453703
1.3787065	0.79000753	0.014464723	8.8330278
1.3865029	0.79580647	-0.010760576	8.8453703
1.3724695	0.79355133	-0.0023521434	8.8577118
1.381825	0.79194051	-0.01916901	8.8618259
1.3942991	0.78485292	-0.01916901	8.8206854
1.3849435	0.78324211	-0.014123949	8.8412561
1.3849435	0.78291994	-0.013283106	8.8453703
1.381825	0.78807455	0.0001703865	8.8659401
1.3755879	0.79773945	0.007737976	8.8494844
1.3802657	0.79580647	0.0094196629	8.8453703
1.3771472	0.80965942	-0.017487323	8.8659401
1.3802657	0.79838377	-0.0048746732	8.8494844
1.3787065	0.8054713	-0.01160142	8.8453703
1.381825	0.80998158	-0.0065563596	8.8618259
1.3833842	0.81062591	-0.031781659	8.837142
1.3849435	0.79870594	0.0035337596	8.8247995
1.3849435	0.80514914	-0.042712618	8.890624
1.3833842	0.80998158	-0.018328166	8.8700542
1.3802657	0.80579346	-0.0031929866	8.8494844
1.381825	0.80740428	-0.022532383	8.8782825
1.3755879	0.80965942	0.0010112298	8.8988523
1.3802657	0.79645079	0.0052154465	8.8330278
1.3755879	0.78485292	-0.0031929866	8.8165722
1.3787065	0.79870594	0.0010112298	8.8659401
1.3880621	0.79451782	-0.0090788892	8.8453703
1.381825	0.78968537	-0.010760576	8.812458
1.3787065	0.79709512	0.010260507	8.8494844
1.3880621	0.78839672	0.018668938	8.8289137
1.3849435	0.79387349	0.024554841	8.8494844
1.3771472	0.79065186	0.0018520731	8.8247995
1.3833842	0.79097402	-0.010760576	8.837142
1.3849435	0.79709512	-0.035145033	8.8494844
1.3880621	0.80128324	-0.0048746732	8.8412561
1.3787065	0.79355133	0.0026929164	8.8412561
1.3771472	0.80096108	-0.0040338296	8.8659401
1.3787065	0.79451782	0.014464723	8.8453703
1.3865029	0.78195345	0.0094196629	8.8412561
1.3802657	0.77905399	0.015305566	8.8618259
1.3802657	0.7842086	-0.020009853	8.837142
1.3802657	0.77873182	-0.024214068	8.8042297
1.3833842	0.78710806	0.0085788192	8.837142
1.3771472	0.79097402	0.030440746	8.8618259
1.3787065	0.80063891	-0.0057155164	8.8494844
1.3771472	0.80128324	0.033804119	8.8577118
1.3709103	0.80224973	-0.0031929866	8.8494844
1.3802657	0.79709512	0.026236527	8.837142
1.3802657	0.79838377	-0.036826719	8.8494844
1.3755879	0.81094807	0.0018520731	8.8700542
1.3833842	0.79999459	-0.029259128	8.8289137
1.3865029	0.80772644	-0.021691538	8.8535976
1.3787065	0.80772644	-0.0031929866	8.8494844
1.3787065	0.8054713	0.027918214	8.8577118
1.3865029	0.78646374	-0.0048746732	8.8247995
1.381825	0.78710806	-0.034304187	8.8330278
1.3833842	0.78936321	-0.014123949	8.8659401
1.3787065	0.79516214	-0.0082380464	8.8659401
1.3787065	0.79709512	0.0052154465	8.8330278
1.3865029	0.78646374	-0.0031929866	8.8330278
1.3755879	0.79129618	0.012783037	8.8700542
1.3755879	0.79322916	0.0085788192	8.8453703
1.3802657	0.78871888	0.038008336	8.8289137
1.3787065	0.79870594	-0.01664648	8.8577118
1.3755879	0.80386049	-0.013283106	8.8823957
1.3755879	0.80708212	-0.0073972028	8.8700542
1.3771472	0.80740428	0.014464723	8.8535976
1.3787065	0.80708212	-0.014123949	8.8412561
1.3755879	0.81674701	-0.0040338296	8.8782825
1.381825	0.8016054	-0.0057155164	8.812458
1.3802657	0.80386049	0.0094196629	8.8618259
1.3709103	0.79870594	0.0018520731	8.8494844
1.3740288	0.79677296	-0.018328166	8.8289137
1.3787065	0.78807455	-0.024214068	8.8618259
1.3755879	0.79097402	-0.022532383	8.8494844
1.3740288	0.79322916	0.0052154465	8.8330278
1.3771472	0.79645079	-0.0031929866	8.8412561
1.3755879	0.79129618	0.01614641	8.837142
1.381825	0.79065186	-0.041030932	8.8330278
1.3740288	0.79677296	-0.0015113001	8.8453703
1.381825	0.80031675	-0.020009853	8.8453703
1.3771472	0.79322916	-0.0099197328	8.8330278
1.3709103	0.802894	-0.030940816	8.8823957
1.3724695	0.80482697	-0.046075992	8.8577118
1.369351	0.81062591	0.0001703865	8.8618259
1.3724695	0.81545836	0.0068971328	8.8700542
1.3802657	0.79773945	0.011942193	8.8289137
1.3771472	0.79451782	0.012783037	8.8412561
1.3755879	0.79677296	0.0094196629	8.8618259
1.3755879	0.78839672	0.007737976	8.8206854
1.3787065	0.78517509	-0.010760576	8.8577118
1.3709103	0.79741728	-0.0023521434	8.8659401
1.3787065	0.78807455	0.044735081	8.8289137
1.3740288	0.79194051	-0.017487323	8.8412561
1.3787065	0.79838377	0.0052154465	8.8741684
1.3755879	0.78936321	0.01110135	8.8247995
1.3787065	0.78163129	-0.0023521434	8.8330278
1.381825	0.79032969	-0.020850696	8.8535976
1.3787065	0.79741728	0.01614641	8.8289137
1.3787065	0.80514914	-0.030940816	8.8823957
1.3849435	0.80514914	-0.014123949	8.837142
1.3942991	0.80450481	-0.010760576	8.8618259
1.3974177	0.80482697	0.013623879	8.8535976
1.3974177	0.80096108	0.0010112298	8.8330278
1.3989769	0.80708212	-0.035985876	8.8741684
1.4005362	0.80031675	-0.0057155164	8.8494844
1.3927399	0.8090151	0.01614641	8.8865099
1.4020956	0.7867859	0.0010112298	8.8165722
1.4005362	0.78807455	0.0026929164	8.837142
1.4052141	0.79516214	-0.021691538	8.8494844
1.3989769	0.80579346	-0.015805636	8.8618259
1.4005362	0.81127024	0.0043746028	8.8741684
1.4036548	0.79967242	-0.0031929866	8.8289137
1.4020956	0.79387349	0.022032311	8.8330278
1.3989769	0.8016054	-0.00067045673	8.8453703
1.3974177	0.79129618	0.019509783	8.8330278
1.4020956	0.80450481	-0.0099197328	8.8865099
1.4020956	0.79322916	-0.030940816	8.8165722
1.4005362	0.79580647	-0.0031929866	8.8412561
1.3974177	0.81127024	0.0094196629	8.8700542
1.3974177	0.80772644	0.0085788192	8.8823957
1.3927399	0.79709512	-0.0040338296	8.8206854
1.3942991	0.79935026	0.010260507	8.8494844
1.4067733	0.78743023	-0.01916901	8.8165722
1.3911806	0.78195345	0.022873154	8.8289137
1.4020956	0.78356427	0.0026929164	8.8412561
1.3974177	0.78968537	-0.0099197328	8.8289137
1.4020956	0.78163129	0.033804119	8.812458
1.3989769	0.77937615	0.01110135	8.8412561
1.3942991	0.78646374	0.0052154465	8.8494844
1.4005362	0.792907	-0.0082380464	8.837142
1.3896214	0.80514914	-0.017487323	8.8494844
1.4020956	0.8016054	0.007737976	8.8494844
1.3911806	0.81578052	-0.021691538	8.9070807
1.3880621	0.81320322	0.032963276	8.8577118
1.3958584	0.7990281	0.0001703865	8.8289137
1.3958584	0.79967242	0.007737976	8.8453703
1.3958584	0.79483998	-0.027577441	8.8741684
1.3911806	0.78646374	-0.024214068	8.8165722
1.3896214	0.78163129	0.016987253	8.837142
1.3927399	0.78324211	-0.0057155164	8.8453703
1.3974177	0.77712101	-0.030099971	8.837142
1.3958584	0.77325505	-0.0048746732	8.8206854
1.3942991	0.77389938	0.0094196629	8.8330278
1.3911806	0.78356427	-0.024214068	8.8453703
1.3927399	0.78646374	0.013623879	8.8412561
1.3927399	0.802894	0.0018520731	8.8659401
1.3911806	0.8090151	0.0026929164	8.8618259
1.3833842	0.8016054	0.032963276	8.8165722
1.3942991	0.80450481	0.021191468	8.8494844
1.3927399	0.79612863	0.011942193	8.8577118
1.3896214	0.79483998	0.0060562897	8.837142
1.3880621	0.80514914	0.007737976	8.8453703
1.3927399	0.80708212	-0.0065563596	8.8618259
1.3911806	0.80257189	-0.038508404	8.8823957
1.3927399	0.79580647	-0.00067045673	8.8453703
1.3896214	0.79032969	0.043053396	8.8494844
1.3989769	0.79000753	-0.025895756	8.8289137
1.3942991	0.78291994	-0.017487323	8.8453703
1.3896214	0.79773945	-0.0082380464	8.8412561
1.381825	0.80257189	0.023713998	8.8618259
1.3880621	0.79194051	-0.025895756	8.8494844
1.3974177	0.79355133	-0.035145033	8.8453703
1.3896214	0.78871888	-0.035985876	8.8412561
1.3896214	0.79935026	-0.021691538	8.8700542
1.3974177	0.79097402	-0.00067045673	8.8330278
1.3911806	0.80224973	-0.0082380464	8.8453703
1.3927399	0.79967242	0.0052154465	8.8659401
1.3896214	0.79161835	0.01110135	8.8330278
1.3880621	0.79258484	-0.0040338296	8.8330278
1.3927399	0.79355133	-0.010760576	8.8412561
1.3865029	0.79000753	0.0026929164	8.8577118
1.3880621	0.78710806	-0.017487323	8.8330278
1.3911806	0.79612863	0.018668938	8.8453703
1.3865029	0.78291994	0.0001703865	8.8206854
1.3880621	0.77647668	-0.024214068	8.8206854
1.3911806	0.78549725	-0.0090788892	8.8535976
1.381825	0.7780875	0.020350626	8.812458
1.3896214	0.78485292	-0.0048746732	8.8330278
1.3911806	0.78581941	-0.017487323	8.8494844
1.3958584	0.79612863	0.023713998	8.8330278
1.3896214	0.80096108	-0.0099197328	8.8453703
1.3880621	0.80096108	0.0052154465	8.8577118
1.3896214	0.81449187	-0.01916901	8.8741684
1.3927399	0.79870594	0.010260507	8.8577118
1.3911806	0.79999459	0.0068971328	8.8700542
1.3849435	0.79709512	0.0026929164	8.8453703
1.3911806	0.79097402	-0.014123949	8.8412561
1.3865029	0.79322916	0.014464723	8.8782825
1.3849435	0.78517509	0.030440746	8.8577118
1.3927399	0.78936321	0.024554841	8.8535976
1.3896214	0.78968537	-0.014123949	8.8618259
1.3942991	0.78195345	0.007737976	8.837142
1.3896214	0.77937615	-0.0015113001	8.8206854
1.3942991	0.78517509	0.0026929164	8.8535976
1.3911806	0.78807455	-0.0048746732	8.8494844
1.3896214	0.79806161	0.0026929164	8.8659401
1.3865029	0.79999459	0.021191468	8.8618259
1.3927399	0.80063891	0.027077371	8.8453703
1.3942991	0.80643779	-0.010760576	8.8453703
1.3942991	0.78904104	-0.0040338296	8.812458
1.3880621	0.79097402	0.012783037	8.8453703
1.3880621	0.78581941	-0.015805636	8.8412561
1.3865029	0.79677296	-0.0065563596	8.8577118
1.381825	0.8016054	0.0085788192	8.8494844
1.3865029	0.79032969	0.0018520731	8.8618259
1.3880621	0.78936321	0.016987253	8.8412561
1.3865029	0.79355133	-0.030099971	8.8453703
1.3802657	0.7867859	-0.01916901	8.8330278
1.3880621	0.78743023	0.011942193	8.8412561
1.3896214	0.78388643	-0.0082380464	8.8206854
1.3833842	0.79516214	-0.010760576	8.8412561
1.3896214	0.8016054	-0.017487323	8.8741684
1.3849435	0.80804861	-0.0015113001	8.8618259
1.3896214	0.81191456	-0.01664648	8.890624
1.3896214	0.81320322	-0.0073972028	8.8453703
1.3911806	0.80998158	-0.017487323	8.8330278
1.3880621	0.79967242	-0.020009853	8.8330278
1.3865029	0.79097402	0.028759057	8.8247995
1.4020956	0.79258484	-0.0048746732	8.8453703
1.3989769	0.79677296	-0.0048746732	8.8618259
1.3989769	0.77969831	-0.0023521434	8.8165722
1.3896214	0.79677296	-0.0099197328	8.8782825
1.3958584	0.79226267	0.0052154465	8.8494844
1.4005362	0.7842086	0.015305566	8.8247995
1.3911806	0.79999459	0.013623879	8.8741684
1.3974177	0.79483998	-0.0082380464	8.8494844
1.4005362	0.79161835	0.0094196629	8.8330278
1.3989769	0.79870594	0.0043746028	8.8535976
1.4020956	0.80869293	0.0085788192	8.8741684
1.4083326	0.80353832	-0.0065563596	8.8453703
1.4020956	0.8141697	-0.0015113001	8.8947382
1.4114511	0.80063891	-0.0023521434	8.8453703
1.4052141	0.80579346	-0.034304187	8.8700542
1.4083326	0.80224973	0.0060562897	8.8453703
1.4067733	0.78904104	-0.029259128	8.8535976
1.4036548	0.79451782	-0.010760576	8.8618259
1.4067733	0.79161835	-0.029259128	8.8453703
1.4083326	0.79000753	-0.010760576	8.8494844
1.4130104	0.7780875	0.020350626	8.8453703
1.4052141	0.77518803	0.0018520731	8.8412561
1.4036548	0.77905399	-0.010760576	8.8535976
1.4130104	0.78904104	0.012783037	8.8494844
1.4052141	0.79194051	-0.0082380464	8.8741684
1.4098918	0.78388643	-0.010760576	8.8577118
1.4114511	0.79000753	-0.0099197328	8.837142
1.4067733	0.79226267	-0.026736598	8.8618259
1.4083326	0.79741728	-0.013283106	8.8618259
1.4145696	0.79741728	-0.0023521434	8.8700542
1.4005362	0.80257189	0.021191468	8.8618259
1.4067733	0.80418265	0.0001703865	8.8700542
1.4020956	0.80192757	0.039690021	8.8330278
1.4067733	0.79612863	-0.023373226	8.8659401
1.4052141	0.792907	-0.0031929866	8.8700542
1.3989769	0.78485292	0.022873154	8.8412561
1.4005362	0.78968537	-0.020009853	8.8453703
1.4114511	0.79226267	-0.014964793	8.8330278
1.3989769	0.80257189	-0.014964793	8.8741684
1.4098918	0.79741728	-0.0040338296	8.8577118
1.4020956	0.79032969	0.014464723	8.8330278
1.4052141	0.78871888	0.011942193	8.8412561
1.4005362	0.79773945	-0.0073972028	8.8700542
1.4036548	0.80096108	-0.041871779	8.8659401
1.4005362	0.80450481	-0.0073972028	8.8577118
1.3974177	0.80772644	-0.0031929866	8.8782825
1.4052141	0.7990281	-0.0040338296	8.8618259
1.4005362	0.80321616	0.015305566	8.8453703
1.4020956	0.80031675	-0.01916901	8.8618259
1.4052141	0.79677296	0.01614641	8.8535976
1.4020956	0.79226267	-0.00067045673	8.8782825
1.4036548	0.79000753	0.0010112298	8.8412561
1.3958584	0.78743023	-0.010760576	8.8577118
1.4036548	0.79483998	-0.0065563596	8.8782825
1.3974177	0.79032969	-0.0065563596	8.8577118
1.3989769	0.78581941	-0.0040338296	8.8535976
1.4020956	0.78163129	0.017828096	8.8494844
1.3974177	0.77228856	-0.01160142	8.8289137
1.3974177	0.77422154	-0.012442263	8.8412561
1.4020956	0.78098696	-0.035145033	8.8453703
1.4036548	0.79000753	0.0035337596	8.8618259
1.3989769	0.79032969	0.011942193	8.837142
1.4005362	0.79999459	0.0094196629	8.8618259
1.3958584	0.79967242	0.007737976	8.8782825
1.4114511	0.79451782	0.015305566	8.8289137
1.3974177	0.78904104	0.0018520731	8.8289137
1.4020956	0.79870594	-0.015805636	8.8494844
1.4005362	0.80031675	-0.018328166	8.890624
1.3974177	0.80643779	-0.010760576	8.8700542
1.4036548	0.80386049	0.01110135	8.8535976
1.3974177	0.80257189	-0.014964793	8.8659401
1.3974177	0.79226267	0.0010112298	8.8494844
1.3989769	0.78549725	-0.017487323	8.8330278
1.3958584	0.78195345	0.024554841	8.8453703
1.4067733	0.78227562	-0.021691538	8.8453703
1.3974177	0.77776533	-0.018328166	8.8289137
1.4020956	0.78324211	0.012783037	8.8494844
1.3974177	0.79999459	0.011942193	8.8823957
1.4036548	0.80257189	0.0094196629	8.8577118
1.3974177	0.79999459	0.032963276	8.8494844
1.3989769	0.79612863	0.0035337596	8.8535976
1.3896214	0.80031675	0.0018520731	8.8700542
1.4036548	0.8016054	-0.0048746732	8.8453703
1.3958584	0.8054713	-0.012442263	8.8782825
1.3958584	0.79387349	-0.01160142	8.8659401
1.3958584	0.79516214	-0.0015113001	8.8577118
1.4005362	0.79741728	-0.0040338296	8.8782825
1.4036548	0.8016054	-0.010760576	8.8823957
1.3989769	0.80257189	-0.022532383	8.8659401
1.3989769	0.79451782	-0.025895756	8.8577118
1.3989769	0.78968537	0.022032311	8.8412561
1.4052141	0.79065186	-0.031781659	8.8330278
1.4005362	0.78871888	-0.0099197328	8.837142
1.4036548	0.79870594	-0.033463344	8.8782825
1.3911806	0.79483998	0.010260507	8.8659401
1.3911806	0.80450481	0.0010112298	8.8782825
1.4067733	0.80386049	0.0085788192	8.8412561
1.3911806	0.80386049	-0.0073972028	8.8618259
1.3880621	0.79999459	0.0001703865	8.8494844
1.3802657	0.79000753	0.014464723	8.8289137
1.3709103	0.79677296	0.022873154	8.8700542
1.369351	0.79419565	-0.00067045673	8.8741684
1.3646731	0.79194051	-0.0090788892	8.8577118
1.3599954	0.78517509	0.0026929164	8.8412561
1.3568769	0.78549725	-0.0065563596	8.8618259
1.3521991	0.80031675	-0.010760576	8.8741684
1.3584361	0.79419565	-0.013283106	8.8741684
1.3459619	0.79387349	-0.012442263	8.8659401
1.3428434	0.79322916	0.0010112298	8.8577118
1.3459619	0.79677296	-0.01916901	8.8453703
1.3397249	0.79999459	-0.0082380464	8.8823957
1.3366064	0.79580647	-0.010760576	8.8659401
1.335047	0.80514914	-0.0048746732	8.8494844
1.3319285	0.80321616	0.0026929164	8.8453703
1.3319285	0.80192757	0.022032311	8.8577118
1.3272507	0.79838377	-0.0057155164	8.8330278
1.3272507	0.79129618	-0.0048746732	8.8330278
1.3319285	0.79194051	0.012783037	8.8247995
1.3178951	0.79612863	-0.014964793	8.8700542
1.3163358	0.79741728	-0.010760576	8.8618259
1.3194543	0.79355133	-0.039349247	8.8494844
1.3147765	0.79419565	0.011942193	8.8618259
1.3132174	0.80128324	0.0001703865	8.8618259
1.3163358	0.80031675	0.013623879	8.8741684
1.3147765	0.79967242	-0.015805636	8.8577118
1.3054211	0.80224973	0.0035337596	8.8453703
1.3116581	0.79258484	0.014464723	8.8247995
1.3038619	0.78839672	-0.0031929866	8.8577118
1.3007432	0.80063891	-0.0048746732	8.8741684
1.3085396	0.7990281	0.023713998	8.8289137
1.2960654	0.79741728	-0.0099197328	8.8412561
1.2976247	0.80482697	0.0001703865	8.8453703
1.2960654	0.79226267	0.023713998	8.8330278
1.2945062	0.7867859	0.0001703865	8.8412561
1.2913877	0.78968537	-0.013283106	8.8247995
1.2898284	0.79161835	0.0085788192	8.8618259
1.275795	0.79773945	-0.029259128	8.8494844
1.2711172	0.79870594	-0.017487323	8.8494844
1.2789135	0.80257189	-0.020009853	8.8659401
1.275795	0.79645079	0.0060562897	8.8412561
1.2789135	0.78968537	0.0035337596	8.8577118
1.2695578	0.79355133	-0.047757678	8.8289137
1.2742357	0.78871888	-0.0031929866	8.837142
1.2617615	0.8054713	-0.0040338296	8.8823957
1.2664393	0.79322916	0.0085788192	8.8535976
1.2633208	0.7954843	0.0068971328	8.8412561
1.2633208	0.79709512	-0.030099971	8.8289137
1.2570838	0.80321616	0.0094196629	8.8289137
1.2492875	0.802894	-0.00067045673	8.8165722
1.2539654	0.79580647	-0.0082380464	8.8083439
1.2508467	0.7842086	0.01110135	8.8001156
1.2446097	0.7954843	0.0060562897	8.837142
1.2399319	0.78743023	0.03128159	8.837142
1.246169	0.78517509	-0.025054913	8.8247995
1.2399319	0.77776533	-0.035985876	8.8042297
1.2321355	0.78710806	-0.015805636	8.8206854
1.2321355	0.79451782	0.0043746028	8.837142
1.2274578	0.79129618	0.012783037	8.8535976
1.2274578	0.78581941	0.007737976	8.812458
1.2212207	0.80257189	0.012783037	8.8618259
1.2243392	0.79838377	-0.014123949	8.8289137
1.2181021	0.78581941	-0.0057155164	8.8330278
1.2087466	0.79419565	-0.018328166	8.8206854
1.2040688	0.80192757	-0.00067045673	8.8412561
1.2040688	0.79806161	0.032122433	8.8083439
1.2040688	0.79419565	-0.0031929866	8.837142
1.2009503	0.79065186	0.0043746028	8.8083439
1.2040688	0.79967242	-0.025054913	8.8330278
1.1915946	0.80031675	-0.0031929866	8.8165722
1.1962725	0.79194051	-0.0099197328	8.812458
1.1900353	0.8016054	-0.018328166	8.8412561
1.1853576	0.80128324	0.01110135	8.837142
1.1884761	0.79226267	-0.013283106	8.8001156
1.1822391	0.78291994	-0.0040338296	8.7836599
1.1837983	0.78839672	-0.017487323	8.837142
1.1853576	0.77969831	-0.0065563596	8.7877741
1.176002	0.78163129	0.036326651	8.8001156
1.1713243	0.7867859	-0.0023521434	8.8083439
1.1806798	0.78871888	-0.036826719	8.812458
1.1682056	0.79065186	0.014464723	8.7836599
1.1635278	0.792907	0.020350626	8.7960014
1.1682056	0.79741728	-0.014123949	8.8042297
1.1619686	0.79322916	0.028759057	8.7877741
1.1604093	0.79355133	0.0035337596	8.812458
1.1557316	0.80837077	-0.0023521434	8.8247995
1.1604093	0.79194051	0.007737976	8.7795458
1.1494945	0.78485292	-0.0015113001	8.7713175
1.1526129	0.77647668	0.01110135	8.7877741
1.1448166	0.77873182	0.01614641	8.7836599
1.146376	0.7806648	0.0052154465	8.7960014
1.1401389	0.79709512	-0.012442263	8.8247995
1.1323426	0.80224973	-0.020850696	8.8412561
1.1323426	0.79612863	0.01614641	8.7918873
1.1401389	0.7867859	0.026236527	8.7672033
1.1354611	0.79580647	-0.030099971	8.8083439
1.1370203	0.79097402	-0.015805636	8.8083439
1.1339018	0.80128324	-0.0023521434	8.8165722
1.1276647	0.79580647	0.0060562897	8.7877741
1.1307833	0.79161835	-0.014964793	8.7795458
1.1276647	0.792907	-0.021691538	8.7754316
1.1229869	0.79451782	-0.025054913	8.758975
1.1183091	0.792907	-0.0057155164	8.7836599
1.1214277	0.78259778	-0.0040338296	8.7672033
1.1105129	0.77518803	0.010260507	8.7713175
1.1183091	0.77873182	-0.0015113001	8.8042297
1.1120721	0.76777828	-0.0031929866	8.7425194
1.1073943	0.77164423	-0.014123949	8.7630892
1.1042757	0.77969831	-0.0073972028	8.7713175
1.1058351	0.77905399	0.018668938	8.7960014
1.0964794	0.78775239	-0.0023521434	8.7795458
1.1011572	0.78968537	-0.0048746732	8.7713175
1.0933609	0.78839672	0.0001703865	8.7754316
1.0886831	0.80063891	-0.018328166	8.812458
1.0918016	0.80386049	-0.0040338296	8.7795458
1.0964794	0.79065186	0.0035337596	8.7425194
1.0840054	0.7954843	-0.0073972028	8.7795458
1.0918016	0.79194051	-0.026736598	8.7754316
1.0855646	0.7990281	-0.00067045673	8.7836599
1.0840054	0.79516214	-0.031781659	8.7795458
1.0793276	0.7842086	-0.0031929866	8.7713175
1.0777682	0.78839672	-0.030099971	8.7754316
1.0730904	0.78743023	0.0060562897	8.7795458
1.0793276	0.78743023	-0.0031929866	8.7630892
1.0730904	0.78775239	0.011942193	8.7425194
1.0715312	0.7780875	-0.018328166	8.7425194
1.0777682	0.7842086	0.0060562897	8.7960014
1.0699719	0.78839672	0.0010112298	8.7507477
1.0606164	0.79870594	0.017828096	8.7672033
1.0590571	0.79065186	0.026236527	8.7425194
1.0606164	0.79677296	-0.01160142	8.7713175
1.0559386	0.80257189	0.0010112298	8.758975
1.0559386	0.78743023	-0.010760576	8.7096071
1.0481422	0.8016054	-0.0082380464	8.7713175
1.0497015	0.80257189	-0.034304187	8.758975
1.0543793	0.79516214	-0.010760576	8.7342911
1.05282	0.79580647	-0.022532383	8.7507477
1.0403459	0.78034264	0.020350626	8.7425194
1.035668	0.78517509	0.018668938	8.7548618
1.0419052	0.78388643	-0.0031929866	8.758975
1.0372273	0.78356427	-0.0031929866	8.7507477
1.0372273	0.77422154	0.022873154	8.7219496
1.0325496	0.77389938	-0.014123949	8.7178354
1.0325496	0.7867859	0.016987253	8.7877741
1.0200754	0.79935026	0.0085788192	8.7795458
1.0169569	0.79709512	-0.010760576	8.758975
1.0216347	0.79612863	0.0018520731	8.7301769
1.0169569	0.79355133	0.026236527	8.7301769
1.0216347	0.79677296	-0.01916901	8.7425194
1.0107198	0.79967242	0.010260507	8.7301769
1.0091605	0.81288105	-0.0048746732	8.7754316
1.0153977	0.79709512	-0.0082380464	8.7219496
1.0091605	0.79226267	0.0068971328	8.7301769
1.0044829	0.79612863	-0.013283106	8.7507477
0.99980497	0.79032969	-0.0031929866	8.7342911
1.0013642	0.78581941	-0.0057155164	8.7178354
1.006042	0.792907	-0.049439363	8.7507477
1.0029235	0.78324211	0.0026929164	8.7178354
1.0013642	0.77937615	-0.017487323	8.6931515
0.99980497	0.78743023	0.0010112298	8.7178354
0.99044937	0.78517509	-0.020009853	8.7219496
0.9951272	0.78227562	-0.014964793	8.7096071
0.98733085	0.79161835	-0.047757678	8.7219496
0.98889011	0.78743023	-0.025054913	8.7178354
0.97953451	0.792907	0.019509783	8.7301769
0.99044937	0.79709512	-0.036826719	8.7137213
0.97953451	0.79419565	-0.0090788892	8.705493
0.97485673	0.77712101	-0.015805636	8.6931515
0.97485673	0.7806648	-0.0023521434	8.7260637
0.97797525	0.78130913	-0.0023521434	8.705493
0.97329748	0.78259778	-0.0031929866	8.7096071
0.97017896	0.77518803	0.01110135	8.6972656
0.97017896	0.77132207	-0.0082380464	8.7013788
0.95926404	0.77518803	-0.00067045673	8.7301769
0.96706039	0.77679884	0.025395684	8.6849232
0.96394187	0.77132207	-0.017487323	8.680809
0.95458627	0.78904104	-0.00067045673	8.7384052
0.94990844	0.79419565	-0.032622501	8.7425194
0.95302701	0.7954843	0.0018520731	8.7096071
0.95302701	0.79838377	0.0001703865	8.7137213
0.94523072	0.79935026	-0.00067045673	8.6931515
0.95146769	0.78710806	0.010260507	8.6890373
0.94523072	0.78839672	0.0018520731	8.6684666
0.93587512	0.78195345	-0.0090788892	8.6766949
0.94523072	0.78130913	-0.024214068	8.6684666
0.94523072	0.77840966	-0.027577441	8.680809
0.94055289	0.77712101	-0.0040338296	8.6725807
0.93899363	0.78227562	0.0043746028	8.6849232
0.94211215	0.78291994	-0.026736598	8.680809
0.93743438	0.77389938	0.0001703865	8.6766949
0.92963803	0.7719664	-0.022532383	8.6931515
0.92807877	0.77551019	-0.0040338296	8.6725807
0.91716391	0.78581941	-0.0065563596	8.6931515
0.91716391	0.77969831	0.017828096	8.6849232
0.93119729	0.78324211	-0.0031929866	8.6766949
0.91872323	0.78968537	0.011942193	8.6972656
0.91404539	0.77840966	0.0043746028	8.6643534
0.91248614	0.77518803	0.036326651	8.6643534
0.92028242	0.78549725	-0.014123949	8.6643534
0.91560465	0.79097402	-0.01916901	8.7013788
0.91716391	0.79355133	-0.028418286	8.6643534
0.9078083	0.79741728	0.023713998	8.6766949
0.9078083	0.792907	-0.0048746732	8.6766949
0.9078083	0.78098696	0.022873154	8.6437826
0.91248614	0.76455665	-0.028418286	8.6437826
0.90157121	0.7623015	-0.014123949	8.6396685
0.8984527	0.7558583	0.043053396	8.6314411
0.90001196	0.76391232	0.013623879	8.6684666
0.90001196	0.77357721	-0.0057155164	8.6561251
0.89377487	0.76745611	0.026236527	8.6314411
0.89689344	0.75907993	0.014464723	8.6355553
0.8984527	0.75746912	-0.0023521434	8.6561251
0.88286006	0.7719664	0.015305566	8.6437826
0.89377487	0.78002048	-0.017487323	8.6561251
0.88597864	0.78743023	-0.0090788892	8.6725807
0.88597864	0.7842086	0.0085788192	8.627327
0.88441932	0.78807455	-0.018328166	8.6890373
0.88130081	0.78227562	0.0043746028	8.6437826
0.87974155	0.78195345	0.023713998	8.6396685
0.88286006	0.78227562	-0.015805636	8.627327
0.88597864	0.77551019	-0.027577441	8.6520109
0.87974155	0.78034264	0.0010112298	8.6643534
0.87818229	0.76971126	0.0010112298	8.6149845
0.87038594	0.77776533	0.017828096	8.6478968
0.87038594	0.77389938	-0.026736598	8.6520109
0.86726737	0.77583236	-0.015805636	8.627327
0.87350446	0.77099991	0.0018520731	8.6190987
0.86414886	0.77518803	0.0085788192	8.6355553
0.86882663	0.77647668	0.01614641	8.6520109
0.86570811	0.78807455	-0.022532383	8.6520109
0.86258966	0.79419565	0.0060562897	8.6561251
0.86414886	0.79451782	-0.018328166	8.6561251
0.86414886	0.79161835	0.016987253	8.6355553
0.85947108	0.79806161	-0.041871779	8.6643534
0.86570811	0.7806648	-0.0073972028	8.5985289
0.86414886	0.77132207	0.0010112298	8.6149845
0.85635257	0.79097402	-0.034304187	8.6602392
0.85323405	0.78291994	-0.0099197328	8.6478968
0.85167474	0.78807455	0.0052154465	8.6396685
0.84699696	0.79161835	-0.041871779	8.6437826
0.85011548	0.78904104	-0.0048746732	8.627327
0.84699696	0.7806648	0.017828096	8.627327
0.84699696	0.79000753	-0.051961899	8.6396685
0.85167474	0.79065186	-0.031781659	8.6108704
0.85167474	0.77840966	-0.028418286	8.602643
0.84699696	0.78549725	-0.023373226	8.6314411
0.84387839	0.77647668	0.010260507	8.5944147
0.83608204	0.78710806	-0.0040338296	8.6437826
0.84231913	0.78549725	0.010260507	8.6108704
0.84387839	0.78485292	0.0068971328	8.6190987
0.84231913	0.78549725	-0.041030932	8.6190987
0.83452284	0.7954843	-0.022532383	8.6520109
0.83452284	0.78130913	0.0043746028	8.6067562
0.84387839	0.76197934	0.021191468	8.5779581
0.83920062	0.77067775	-0.0090788892	8.6478968
0.84075987	0.77067775	-0.0099197328	8.5944147
0.82984507	0.77389938	0.014464723	8.5985289
0.83452284	0.7842086	-0.01160142	8.6190987
0.83296359	0.78195345	-0.0099197328	8.6190987
0.82516724	0.77776533	-0.0057155164	8.6067562
0.83764136	0.77615452	-0.030940816	8.5944147
0.82048947	0.78453076	0.011942193	8.6149845
0.82048947	0.78034264	-0.0082380464	8.6190987
0.82204872	0.78743023	-0.015805636	8.5985289
0.83140433	0.77905399	-0.014123949	8.5615025
0.82048947	0.79032969	-0.0065563596	8.6108704
0.81893015	0.79097402	-0.0031929866	8.6067562
0.82516724	0.78485292	-0.012442263	8.5985289
0.81737089	0.7745437	-0.0090788892	8.5779581
0.81893015	0.77873182	-0.014964793	8.5985289
0.81893015	0.7780875	0.014464723	8.5861864
0.81737089	0.77067775	0.0043746028	8.5861864
0.80957454	0.77486587	0.0085788192	8.5985289
0.81425238	0.76423448	-0.014123949	8.5656166
0.80957454	0.77615452	-0.014123949	8.6108704
0.81425238	0.78034264	0.022873154	8.602643
0.81581163	0.77067775	-0.027577441	8.5738449
0.80177832	0.77712101	-0.0048746732	8.5903006
0.80957454	0.77325505	0.0018520731	8.5532742
0.80801529	0.77003342	0.014464723	8.5903006
0.81269312	0.75875777	0.021191468	8.5573883
0.80177832	0.75843561	-0.0031929866	8.5532742
0.80801529	0.77164423	-0.021691538	8.5738449
0.80801529	0.7806648	0.0001703865	8.5861864
0.79865974	0.78324211	0.007737976	8.5656166
0.80177832	0.77422154	-0.01916901	8.5615025
0.79710048	0.78195345	-0.034304187	8.602643
0.80177832	0.77067775	0.012783037	8.5615025
0.800219	0.78646374	0.0035337596	8.6190987
0.80177832	0.78485292	-0.034304187	8.5861864
0.79398197	0.77293289	0.0068971328	8.5573883
0.79086339	0.7684226	0.016987253	8.5615025
0.79242265	0.77615452	-0.01664648	8.5944147
0.79710048	0.77422154	0.0094196629	8.5573883
0.79865974	0.76036853	-0.014123949	8.5368185
0.79865974	0.7745437	0.0026929164	8.54916
0.78930414	0.77615452	0.0094196629	8.5615025
0.78930414	0.78904104	0.015305566	8.6067562
0.79398197	0.7780875	-0.0015113001	8.5244761
0.79086339	0.77518803	0.012783037	8.5532742
0.79242265	0.77712101	-0.024214068	8.5409327
0.78930414	0.77422154	-0.024214068	8.5573883
0.78462631	0.77003342	0.014464723	8.5409327
0.79086339	0.76938909	-0.010760576	8.5573883
0.78618562	0.7684226	-0.021691538	8.5532742
0.78618562	0.75456965	0.022032311	8.5532742
0.78462631	0.76487881	0.032122433	8.5697308
0.77527076	0.76938909	0.012783037	8.5656166
0.78150779	0.76262367	0.0068971328	8.5327044
0.78306705	0.76262367	-0.018328166	8.5532742
0.79086339	0.76101285	-0.026736598	8.5327044
0.78150779	0.7719664	0.01110135	8.5532742
0.77683008	0.77969831	-0.012442263	8.5697308
0.77838933	0.78163129	-0.026736598	8.5615025
0.77527076	0.77132207	0.015305566	8.5368185
0.78306705	0.79032969	-0.012442263	8.5820723
0.77527076	0.78904104	0.022873154	8.5450459
0.77215225	0.7745437	0.0018520731	8.5327044
0.77838933	0.77615452	-0.046075992	8.5409327
0.77215225	0.78388643	0.022873154	8.5532742
0.77059299	0.78324211	0.021191468	8.5573883
0.76123738	0.77132207	0.027077371	8.5368185
0.76903373	0.76874477	-0.0073972028	8.5615025
0.77059299	0.76745611	0.0094196629	8.5203619
0.77683008	0.75489181	-0.0023521434	8.5121346
0.77838933	0.76326799	-0.0099197328	8.5409327
0.7737115	0.76648962	-0.010760576	8.5450459
0.77215225	0.7780875	-0.0082380464	8.5656166
0.76747441	0.77132207	0.0026929164	8.5409327
0.7643559	0.77776533	-0.020850696	8.5409327
0.77059299	0.77164423	-0.020850696	8.5285902
0.76903373	0.78034264	-0.014964793	8.5738449
0.76591516	0.77518803	-0.026736598	8.5285902
0.76279664	0.77712101	0.0094196629	8.5285902
0.76747441	0.77615452	-0.01664648	8.5368185
0.7643559	0.7806648	-0.022532383	8.5450459
0.76747441	0.76648962	0.021191468	8.5285902
0.7643559	0.76938909	-0.024214068	8.5409327
0.75811881	0.77712101	-0.020850696	8.5573883
0.76123738	0.75843561	0.0035337596	8.5244761
0.7643559	0.75134802	-0.00067045673	8.4956789
0.75500029	0.76745611	-0.025054913	8.5573883
0.76123738	0.77422154	0.016987253	8.5327044
0.76279664	0.77776533	0.0052154465	8.5656166
0.76279664	0.77873182	-0.022532383	8.5244761
0.75811881	0.76487881	0.012783037	8.5039062
0.75188172	0.77164423	0.0026929164	8.5409327
0.75188172	0.78517509	-0.00067045673	8.5327044
0.75344104	0.78743023	-0.0090788892	8.5820723
0.75811881	0.78324211	-0.036826719	8.5285902
0.75967807	0.78259778	-0.034304187	8.5080204
0.75188172	0.77679884	-0.0090788892	8.5285902
0.75500029	0.77228856	0.0018520731	8.5285902
0.75344104	0.75972426	0.015305566	8.5039062
0.75032252	0.76036853	0.0060562897	8.5121346
0.75188172	0.76069069	-0.013283106	8.5203619
0.74720401	0.76616746	-0.0031929866	8.5409327
0.74720401	0.77132207	-0.0031929866	8.5244761
0.75188172	0.76616746	0.016987253	8.5162477
0.74408549	0.76133502	-0.0023521434	8.5080204
0.74876326	0.75650263	-0.0031929866	8.5203619
0.74096692	0.75843561	-0.0073972028	8.5039062
0.74720401	0.76165718	-0.0057155164	8.5285902
0.74564475	0.76326799	0.0001703865	8.5162477
0.74252617	0.78549725	-0.0057155164	8.5532742
0.74564475	0.792907	-0.01664648	8.5615025
0.74252617	0.79000753	-0.014123949	8.5327044
0.73940766	0.77647668	0.0026929164	8.5080204
0.74720401	0.77293289	-0.014123949	8.5244761
0.74720401	0.76616746	-0.0090788892	8.5327044
0.74720401	0.76133502	-0.014964793	8.5080204
0.74408549	0.77422154	-0.034304187	8.5409327
0.74720401	0.76294583	-0.014964793	8.5203619
0.74408549	0.76326799	0.032963276	8.5121346
0.74096692	0.75875777	-0.013283106	8.5039062
0.74252617	0.75456965	-0.014964793	8.4792223
0.73317057	0.76745611	0.015305566	8.5203619
0.74252617	0.76036853	0.017828096	8.4956789
0.73628914	0.76874477	-0.014123949	8.5039062
0.72693348	0.7780875	0.03128159	8.5368185
0.73472983	0.78163129	0.0060562897	8.5203619
0.73472983	0.77679884	0.0060562897	8.5080204
0.73628914	0.79065186	-0.028418286	8.5450459
0.73317057	0.78324211	0.0026929164	8.5039062
0.73005205	0.79612863	-0.020009853	8.5162477
0.73005205	0.79709512	0.0026929164	8.5121346
0.7284928	0.78807455	0.026236527	8.5409327
0.73628914	0.77389938	0.01110135	8.4833364
0.73628914	0.76326799	-0.0065563596	8.4874506
0.73317057	0.75843561	0.0035337596	8.4668808
0.73472983	0.75714695	-0.018328166	8.5039062
0.73317057	0.7497372	0.0026929164	8.4751091
0.7378484	0.74683774	0.0010112298	8.4627666
0.73005205	0.75521398	-0.010760576	8.4997921
0.7284928	0.75779128	-0.010760576	8.4997921
0.73161131	0.74619341	0.032963276	8.4627666
0.72537422	0.76391232	0.015305566	8.4997921
0.7284928	0.76359016	0.016987253	8.4874506
0.72225577	0.76423448	0.030440746	8.4874506
0.72693348	0.7594021	-0.010760576	8.4874506
0.72381496	0.76648962	-0.018328166	8.4956789
0.71913725	0.77969831	0.0018520731	8.5327044
0.72537422	0.77583236	-0.026736598	8.4833364
0.71913725	0.76520097	0.0043746028	8.5162477
0.72225577	0.76906693	-0.032622501	8.5080204
0.72225577	0.76552314	0.0060562897	8.4874506
0.71757793	0.77679884	-0.0031929866	8.5039062
0.72381496	0.75972426	-0.00067045673	8.4751091
0.71601868	0.76681179	-0.0073972028	8.4833364
0.71913725	0.77905399	-0.032622501	8.4997921
0.72381496	0.77937615	-0.025054913	8.4874506
0.71290016	0.77293289	-0.015805636	8.4874506
0.71757793	0.78227562	-0.035985876	8.4833364
0.71445942	0.7806648	0.032122433	8.4792223
0.71757793	0.77293289	0.0001703865	8.4751091
0.72225577	0.77132207	-0.0048746732	8.4668808
0.71601868	0.77389938	-0.026736598	8.4956789
0.71913725	0.77615452	0.0001703865	8.4833364
0.71913725	0.77357721	-0.0099197328	8.4709949
0.7113409	0.78034264	-0.0099197328	8.4997921
0.71290016	0.77293289	0.0026929164	8.4915648
0.71757793	0.77035558	-0.0048746732	8.4874506
0.7113409	0.7658453	-0.020850696	8.4751091
0.70822233	0.76777828	-0.0031929866	8.4833364
0.7113409	0.76069069	0.011942193	8.4874506
0.7113409	0.76616746	0.017828096	8.4792223
0.71290016	0.76359016	-0.01664648	8.4833364
0.70978159	0.75843561	0.013623879	8.4421968
0.70354456	0.76938909	0.0018520731	8.5080204
0.70978159	0.76681179	-0.025054913	8.4792223
0.70666307	0.78098696	-0.0040338296	8.4915648
0.70822233	0.7780875	0.0001703865	8.4874506
0.70666307	0.77712101	-0.0048746732	8.4751091
0.70510381	0.77164423	-0.031781659	8.5039062
0.7113409	0.76423448	-0.023373226	8.4545383
0.70822233	0.75618047	-0.0040338296	8.4668808
0.69574821	0.75811344	-0.0048746732	8.4627666
0.70822233	0.75682479	0.01110135	8.4833364
0.70978159	0.75295883	0.0026929164	8.4504242
0.69730747	0.75424749	0.019509783	8.4504242
0.70666307	0.753281	0.01614641	8.4668808
0.70042598	0.75875777	-0.025054913	8.4504242
0.70198524	0.75231451	-0.010760576	8.4380827
0.70198524	0.76745611	-0.018328166	8.4833364
0.69886672	0.77164423	-0.00067045673	8.4792223
0.70042598	0.77164423	0.016987253	8.4709949
0.70666307	0.76874477	-0.0031929866	8.4709949
0.70198524	0.77261072	0.021191468	8.4627666
0.69730747	0.76681179	0.0026929164	8.4668808
0.69886672	0.76777828	0.0010112298	8.4627666
0.69262969	0.77712101	-0.0048746732	8.4915648
0.69107044	0.7780875	-0.037667561	8.4792223
0.69262969	0.76777828	-0.010760576	8.4668808
0.70198524	0.76165718	0.020350626	8.4504242
0.69730747	0.77325505	-0.020850696	8.5080204
0.69418901	0.77293289	-0.0015113001	8.4833364
0.69574821	0.7719664	-0.0099197328	8.4751091
0.69418901	0.76197934	0.0018520731	8.4545383
0.69730747	0.76294583	-0.0065563596	8.4421968
0.69730747	0.76810044	-0.030940816	8.4874506
0.69107044	0.77937615	-0.018328166	8.4997921
0.69107044	0.77905399	0.0052154465	8.4709949
0.69574821	0.78163129	-0.012442263	8.4709949
0.69107044	0.77422154	-0.0057155164	8.4874506
0.68639266	0.77261072	0.0018520731	8.4668808
0.68951118	0.77228856	-0.014964793	8.4298544
0.68795192	0.77647668	-0.027577441	8.4668808
0.68795192	0.77389938	-0.0031929866	8.4751091
0.69574821	0.77389938	-0.0015113001	8.44631
0.68951118	0.77969831	-0.029259128	8.4833364
0.69107044	0.76359016	-0.027577441	8.4298544
0.68795192	0.7658453	-0.022532383	8.4627666
0.68951118	0.77261072	0.01110135	8.4504242
0.68795192	0.76810044	0.018668938	8.4545383
0.69107044	0.76487881	-0.01664648	8.4586525
0.68327409	0.76520097	-0.010760576	8.4421968
0.68327409	0.77551019	-0.0099197328	8.4668808
0.67859632	0.76487881	-0.012442263	8.4380827
0.68639266	0.76906693	-0.022532383	8.4709949
0.68327409	0.76713395	0.0026929164	8.4257402
0.68327409	0.76906693	0.018668938	8.4668808
0.68483335	0.78324211	-0.0057155164	8.4833364
0.68639266	0.78743023	-0.01160142	8.4545383
0.68327409	0.77969831	-0.028418286	8.4627666
0.68015558	0.78098696	0.0010112298	8.4792223
0.68327409	0.77937615	-0.0048746732	8.4298544
0.67235923	0.77712101	0.014464723	8.4421968
0.68015558	0.7719664	-0.038508404	8.44631
0.68171483	0.76745611	-0.010760576	8.4339685
0.67391849	0.7558583	0.030440746	8.4010563
0.68015558	0.75392532	-0.00067045673	8.4504242
0.66924065	0.76391232	0.0035337596	8.4545383
0.67859632	0.75875777	0.011942193	8.4133987
0.67235923	0.77003342	-0.0031929866	8.4421968
0.677037	0.76520097	0.030440746	8.4257402
0.67859632	0.76133502	0.007737976	8.4257402
0.677037	0.7623015	-0.054484423	8.4257402
0.68327409	0.76906693	-0.030940816	8.4627666
0.67859632	0.76487881	0.021191468	8.4092846
0.67859632	0.77003342	0.013623879	8.4339685
0.67391849	0.77389938	0.01614641	8.4257402
0.6661222	0.76487881	0.010260507	8.4380827
0.66144443	0.76520097	-0.028418286	8.4298544
0.677037	0.75875777	-0.030940816	8.4051704
0.67079997	0.77679884	-0.00067045673	8.4709949
0.67547774	0.76810044	-0.038508404	8.4133987
0.67235923	0.75199234	0.020350626	8.3887138
0.67235923	0.75456965	-0.023373226	8.3969421
0.66768146	0.75843561	-0.026736598	8.4092846
0.67079997	0.76487881	0.0035337596	8.4298544
0.67391849	0.75972426	-0.01160142	8.3804865
0.67079997	0.77261072	-0.0048746732	8.4380827
0.67079997	0.78098696	-0.014123949	8.4257402
0.67235923	0.77840966	-0.0057155164	8.4175119
0.66456294	0.77969831	-0.030099971	8.4545383
0.67235923	0.78324211	-0.0082380464	8.4257402
0.66768146	0.78839672	0.0052154465	8.4380827
0.66456294	0.77647668	0.007737976	8.392828
0.66456294	0.77776533	-0.030940816	8.44631
0.67079997	0.76487881	-0.0099197328	8.3887138
0.66456294	0.77132207	-0.024214068	8.4216261
0.67391849	0.76681179	-0.0065563596	8.4216261
0.67079997	0.75746912	-0.017487323	8.3763723
0.6661222	0.75875777	-0.01916901	8.4092846
0.65832585	0.76391232	-0.032622501	8.4175119
0.66300368	0.75231451	0.011942193	8.3969421
0.6661222	0.76036853	-0.023373226	8.4175119
0.65988511	0.76101285	0.0052154465	8.4010563
0.65988511	0.77551019	-0.0057155164	8.44631
0.66456294	0.76906693	-0.0040338296	8.4133987
0.66924065	0.76745611	0.0018520731	8.4051704
0.66144443	0.76552314	0.0010112298	8.4175119
0.65832585	0.76681179	-0.044394307	8.4298544
0.66144443	0.77776533	-0.028418286	8.4298544
0.66300368	0.76487881	-0.014123949	8.3763723
0.66300368	0.77293289	-0.00067045673	8.4627666
0.66144443	0.74780422	0.011942193	8.3887138
0.66768146	0.74007231	-0.0048746732	8.4010563
0.66300368	0.74200529	-0.0090788892	8.3887138
0.65832585	0.74941504	0.0026929164	8.4216261
0.65988511	0.76004636	0.019509783	8.4298544
0.66456294	0.75843561	-0.033463344	8.3969421
0.6661222	0.76326799	-0.028418286	8.4133987
0.65988511	0.76326799	-0.0082380464	8.4175119
0.65832585	0.77712101	-0.027577441	8.4298544
0.65676659	0.7780875	-0.0090788892	8.4175119
0.6661222	0.77873182	-0.030940816	8.4175119
0.65988511	0.77615452	-0.0048746732	8.4175119
0.65832585	0.77679884	-0.036826719	8.4133987
0.66144443	0.76552314	0.010260507	8.392828
0.67235923	0.76681179	-0.021691538	8.3887138
0.66300368	0.75456965	-0.025895756	8.3846006
0.65208876	0.76262367	0.021191468	8.4257402
0.65988511	0.76036853	0.013623879	8.4010563
0.65832585	0.74683774	0.0026929164	8.3846006
0.65208876	0.75005937	0.0035337596	8.4133987
0.65832585	0.75102586	-0.010760576	8.3846006
0.65364808	0.75553614	-0.0023521434	8.4175119
0.65832585	0.76069069	-0.034304187	8.392828
0.65520734	0.7471599	0.007737976	8.368144
0.65208876	0.76262367	0.0026929164	8.4216261
0.65208876	0.75424749	-0.0073972028	8.3804865
0.65208876	0.74264961	0.018668938	8.3804865
0.65988511	0.74522692	0.01110135	8.3969421
0.65832585	0.75746912	-0.0073972028	8.4051704
0.6396147	0.76326799	-0.0023521434	8.4216261
0.6505295	0.76391232	-0.012442263	8.3887138
0.65520734	0.75199234	0.0094196629	8.3846006
0.64273316	0.76165718	-0.012442263	8.4133987
0.64897025	0.75618047	-0.00067045673	8.4010563
0.64741099	0.76197934	-0.012442263	8.4010563
0.64741099	0.7558583	-0.0082380464	8.4051704
0.6411739	0.75553614	0.0035337596	8.4051704
0.6505295	0.76101285	-0.018328166	8.4010563
0.64429241	0.76197934	0.0026929164	8.4339685
0.65364808	0.74877071	-0.029259128	8.3640299
0.6505295	0.74587125	-0.014123949	8.3763723
0.65520734	0.74748206	-0.00067045673	8.3887138
0.65520734	0.75424749	-0.0031929866	8.4216261
0.65676659	0.76133502	0.015305566	8.3887138
0.6505295	0.7780875	-0.010760576	8.4010563
0.64897025	0.76262367	-0.021691538	8.368144
0.64897025	0.76648962	0.022032311	8.4051704
0.64741099	0.75521398	0.0060562897	8.3434601
0.64741099	0.7623015	0.0035337596	8.3846006
0.64429241	0.76069069	0.025395684	8.3887138
0.65208876	0.753281	0.019509783	8.3640299
0.64741099	0.74329394	0.012783037	8.3846006
0.6396147	0.75811344	0.012783037	8.4092846
0.64429241	0.76101285	0.013623879	8.4092846
0.64741099	0.76616746	-0.028418286	8.3763723
0.64897025	0.77679884	-0.020009853	8.4421968
0.64429241	0.77937615	-0.0082380464	8.4092846
0.64897025	0.76359016	-0.0048746732	8.3558016
0.64273316	0.76520097	0.0018520731	8.4010563
0.63337761	0.77969831	-0.018328166	8.4545383
0.63805544	0.77969831	-0.0090788892	8.4010563
0.64741099	0.77486587	-0.025054913	8.3516884
0.6396147	0.77389938	-0.018328166	8.3969421
0.6505295	0.76777828	-0.020850696	8.368144
0.64429241	0.76197934	0.023713998	8.3640299
0.6411739	0.77261072	-0.026736598	8.4010563
0.64897025	0.76971126	0.013623879	8.3846006
0.64741099	0.74587125	-0.0048746732	8.3558016
0.64273316	0.74844855	-0.035985876	8.3640299
0.6411739	0.75070369	0.019509783	8.3846006
0.6396147	0.7497372	0.014464723	8.3640299
0.64741099	0.73942798	-0.014123949	8.3475742
0.64273316	0.75650263	-0.020850696	8.4339685
0.6411739	0.76262367	-0.0015113001	8.3969421
0.6396147	0.7594021	0.014464723	8.3763723
0.64429241	0.75553614	-0.0031929866	8.3434601
0.64741099	0.7594021	-0.012442263	8.3887138
0.64585173	0.76101285	-0.030940816	8.3640299
0.64429241	0.75972426	-0.014964793	8.3640299
0.64429241	0.76455665	-0.0048746732	8.3558016
0.63649619	0.77067775	0.016987253	8.3763723
0.63181835	0.77389938	0.0026929164	8.3722582
0.6396147	0.76681179	0.007737976	8.3640299
0.6411739	0.75650263	-0.023373226	8.3516884
0.64585173	0.74264961	0.0085788192	8.368144
0.6411739	0.7471599	0.0043746028	8.3599157
0.64273316	0.74780422	-0.014964793	8.3640299
0.63337761	0.75714695	-0.0090788892	8.3804865
0.64273316	0.7558583	-0.0031929866	8.3516884
0.63337761	0.7558583	0.033804119	8.3887138
0.63493687	0.75489181	-0.017487323	8.3640299
0.63805544	0.76391232	-0.014964793	8.3846006
0.6302591	0.77776533	0.022032311	8.3969421
0.63493687	0.77389938	-0.012442263	8.392828
0.63649619	0.76616746	-0.020850696	8.3599157
0.63649619	0.77099991	-0.0040338296	8.3804865
0.63649619	0.76455665	-0.028418286	8.3475742
0.63493687	0.75005937	0.041371711	8.3475742
0.63649619	0.75779128	-0.012442263	8.368144
0.63805544	0.75714695	-0.010760576	8.3516884
0.63649619	0.75811344	-0.014123949	8.3722582
0.6396147	0.74619341	0.0026929164	8.3516884
0.63805544	0.74232745	-0.012442263	8.3558016
0.6302591	0.74877071	0.022873154	8.3640299
0.62869984	0.74426043	-0.0048746732	8.3599157
0.62869984	0.74264961	-0.029259128	8.3434601
0.63181835	0.73685068	0.035485804	8.3558016
0.63337761	0.75134802	0.0026929164	8.392828
0.6302591	0.75907993	0.0026929164	8.3804865
0.6302591	0.75553614	0.026236527	8.3393459
0.63493687	0.75875777	-0.01664648	8.3763723
0.62869984	0.75392532	-0.00067045673	8.3393459
0.62869984	0.75521398	0.012783037	8.3270035
0.62402201	0.75424749	-0.0040338296	8.3311176
0.63649619	0.75779128	-0.030099971	8.3558016
0.62714052	0.7471599	0.021191468	8.3311176
0.62402201	0.75263667	0.0052154465	8.3516884
0.62869984	0.74812639	-0.0048746732	8.3558016
0.62869984	0.75167018	0.027918214	8.3516884
0.62714052	0.75360316	0.012783037	8.3516884
0.6302591	0.75553614	-0.020009853	8.3352318
0.62714052	0.7658453	-0.0057155164	8.3887138
0.63337761	0.7594021	-0.025054913	8.3352318
0.63337761	0.74683774	0.015305566	8.3475742
0.62869984	0.75811344	-0.051961899	8.3640299
0.62869984	0.7497372	-0.01160142	8.3352318
0.61778492	0.75907993	-0.0015113001	8.3558016
0.62090349	0.76681179	0.0001703865	8.3846006
0.62246275	0.76971126	0.0018520731	8.3640299
0.60998863	0.78743023	-0.01664648	8.4010563
0.63337761	0.77840966	-0.025895756	8.3434601
0.62714052	0.77164423	-0.0048746732	8.3475742
0.6302591	0.76101285	-0.023373226	8.3434601
0.62090349	0.77583236	-0.0073972028	8.3846006
0.6302591	0.75650263	-0.0090788892	8.3434601
0.62090349	0.76133502	-0.030099971	8.3640299
0.62714052	0.75972426	0.0018520731	8.3763723
0.62402201	0.76487881	0.017828096	8.368144
0.62402201	0.76971126	-0.013283106	8.368144
0.62090349	0.76069069	-0.013283106	8.3311176
0.61934417	0.76165718	0.0094196629	8.3599157
0.62246275	0.76197934	-0.035145033	8.3475742
0.62714052	0.76648962	-0.038508404	8.3558016
0.6302591	0.75424749	-0.034304187	8.3228903
0.62090349	0.76197934	0.024554841	8.3393459
0.62869984	0.77067775	-0.020850696	8.3393459
0.62402201	0.76036853	0.018668938	8.3311176
0.62246275	0.75843561	0.0001703865	8.3311176
0.62246275	0.75650263	-0.013283106	8.3352318
0.60998863	0.76069069	-0.0015113001	8.3475742
0.6302591	0.76133502	-0.025054913	8.3434601
0.62090349	0.75843561	-0.024214068	8.3187761
0.61154795	0.75456965	0.023713998	8.3393459
0.61622566	0.74490476	0.022873154	8.3640299
0.62246275	0.74877071	-0.0031929866	8.3311176
0.62558126	0.74748206	-0.0031929866	8.3228903
0.62558126	0.74844855	-0.0031929866	8.3105478
0.62090349	0.76391232	-0.015805636	8.3804865
0.6146664	0.75875777	0.0010112298	8.3105478
0.60998863	0.75231451	-0.0040338296	8.3187761
0.61778492	0.7558583	-0.028418286	8.3311176
0.61778492	0.7658453	-0.029259128	8.3270035
0.61778492	0.77518803	-0.010760576	8.3475742
0.6131072	0.78130913	-0.01160142	8.3516884
0.61154795	0.77422154	0.0001703865	8.3352318
0.62090349	0.76713395	-0.014123949	8.3228903
0.61622566	0.76101285	-0.027577441	8.3311176
0.60998863	0.75875777	0.0094196629	8.3311176
0.61778492	0.74329394	0.0035337596	8.3023195
0.61622566	0.75424749	0.0026929164	8.3558016
0.61154795	0.76197934	0.0060562897	8.3763723
0.60842937	0.75134802	0.023713998	8.3352318
0.60998863	0.76004636	0.007737976	8.3352318
0.61622566	0.75779128	-0.022532383	8.314662
0.6131072	0.76133502	-0.0040338296	8.368144
0.60842937	0.76294583	-0.035985876	8.3352318
0.60842937	0.76036853	-0.00067045673	8.3187761
0.60687011	0.75553614	-0.013283106	8.2940912
0.61154795	0.76133502	-0.038508404	8.3187761
0.6037516	0.75005937	0.0018520731	8.3105478
0.60998863	0.7594021	0.048098456	8.3434601
0.61154795	0.76938909	0.0018520731	8.3558016
0.60687011	0.76552314	-0.01664648	8.3516884
0.61154795	0.75553614	-0.027577441	8.3187761
0.60219228	0.75199234	-0.012442263	8.3393459
0.60219228	0.75875777	-0.01664648	8.3352318
0.60531086	0.74619341	-0.0031929866	8.3187761
0.60842937	0.75682479	-0.024214068	8.3640299
0.60842937	0.753281	-0.036826719	8.3311176
0.60687011	0.75005937	0.0085788192	8.3187761
0.60531086	0.75779128	-0.014964793	8.3270035
0.6037516	0.76133502	0.011942193	8.3516884
0.61154795	0.75811344	-0.017487323	8.3064337
0.60531086	0.76262367	-0.0057155164	8.3352318
0.61154795	0.75134802	0.0068971328	8.289978
0.6037516	0.75070369	-0.020009853	8.2940912
0.6037516	0.7684226	-0.013283106	8.3352318
0.60219228	0.77551019	-0.015805636	8.3434601
0.60842937	0.75618047	0.0001703865	8.3105478
0.60998863	0.7719664	-0.0073972028	8.3516884
0.60063303	0.76197934	-0.027577441	8.314662
0.6037516	0.77164423	-0.0015113001	8.3516884
0.60687011	0.77035558	-0.014964793	8.3311176
0.6037516	0.75553614	0.0085788192	8.2940912
0.60687011	0.75553614	-0.0031929866	8.3475742
0.60219228	0.76165718	-0.01160142	8.314662
0.59439594	0.75811344	0.014464723	8.2982054
0.60219228	0.75553614	-0.038508404	8.3105478
0.59751451	0.77486587	-0.0099197328	8.3846006
0.60687011	0.7658453	-0.01916901	8.3105478
0.60063303	0.75263667	0.0026929164	8.289978
0.59751451	0.76101285	-0.014123949	8.314662
0.60219228	0.76777828	-0.027577441	8.3270035
0.59595525	0.77389938	-0.0015113001	8.2982054
0.60063303	0.76455665	0.0043746028	8.2940912
0.59907377	0.76101285	-0.0082380464	8.2982054
0.60531086	0.75714695	-0.021691538	8.3187761
0.60842937	0.76165718	-0.01160142	8.2982054
0.59751451	0.75392532	-0.018328166	8.289978
0.60063303	0.74812639	-0.012442263	8.289978
0.6037516	0.73781717	-0.0073972028	8.2858639
0.59907377	0.74329394	0.016987253	8.314662
0.59751451	0.73846149	0.023713998	8.2858639
0.58971816	0.74812639	0.0010112298	8.3023195
0.59907377	0.74426043	0.0094196629	8.2858639
0.59595525	0.7558583	0.012783037	8.3434601
0.59751451	0.74426043	0.018668938	8.2694073
0.59283674	0.7623015	-0.029259128	8.3187761
0.58971816	0.7623015	0.01110135	8.3228903
0.59127748	0.75650263	0.023713998	8.289978
0.59127748	0.74651557	0.0035337596	8.2858639
0.59595525	0.753281	-0.026736598	8.2858639
0.58815891	0.75456965	0.016987253	8.3023195
0.59751451	0.76069069	-0.012442263	8.2982054
0.59283674	0.753281	-0.0040338296	8.2694073
0.58504039	0.75038153	-0.030099971	8.3187761
0.59283674	0.75231451	-0.0057155164	8.3105478
0.59127748	0.73813933	-0.0057155164	8.2652931
0.58192182	0.75070369	-0.037667561	8.3270035
0.59439594	0.74587125	-0.0057155164	8.2858639
0.58971816	0.75199234	0.007737976	8.3105478
0.57880336	0.7658453	-0.0073972028	8.3187761
0.59127748	0.76069069	-0.0040338296	8.2982054
0.59127748	0.7594021	-0.0099197328	8.289978
0.58815891	0.76359016	-0.039349247	8.3023195
0.59283674	0.76552314	-0.01916901	8.3064337
0.59127748	0.76777828	-0.01664648	8.2858639
0.59283674	0.76326799	0.014464723	8.2982054
0.58504039	0.75972426	-0.00067045673	8.2735214
0.59751451	0.75070369	-0.0057155164	8.2940912
0.60063303	0.74877071	-0.0057155164	8.2940912
0.59907377	0.73813933	-0.021691538	8.2735214
0.59283674	0.73717284	-0.0040338296	8.2735214
0.59595525	0.74393827	-0.014964793	8.2858639
0.58971816	0.74748206	-0.010760576	8.2735214
0.58348113	0.74136096	0.036326651	8.2776356
0.58815891	0.72654146	0.029599901	8.2488375
0.59127748	0.73395121	0.016987253	8.2858639
0.58504039	0.74909288	0.0026929164	8.2940912
0.58815891	0.75038153	0.013623879	8.2982054
0.58815891	0.7558583	-0.023373226	8.2817497
0.58504039	0.7594021	-0.0040338296	8.2940912
0.58971816	0.75811344	0.0018520731	8.2817497
0.59127748	0.753281	-0.017487323	8.2735214
0.59283674	0.76391232	-0.038508404	8.314662
0.58659965	0.76906693	-0.025054913	8.289978
0.58971816	0.76487881	0.014464723	8.3105478
0.58504039	0.76648962	-0.0015113001	8.2982054
0.59439594	0.77003342	-0.0090788892	8.3187761
0.58971816	0.75618047	-0.029259128	8.2570658
0.58504039	0.74812639	-0.044394307	8.2611799
0.58504039	0.74200529	-0.033463344	8.2694073
0.58504039	0.74200529	0.013623879	8.2817497
0.58192182	0.75263667	0.011942193	8.2940912
0.59127748	0.74071664	-0.0040338296	8.2570658
0.58659965	0.74232745	0.022873154	8.2694073
0.58659965	0.73942798	-0.00067045673	8.2735214
0.58504039	0.74297178	-0.0090788892	8.2735214
0.58504039	0.7558583	-0.013283106	8.2817497
0.58036256	0.75199234	0.010260507	8.236495
0.58815891	0.74329394	0.0043746028	8.2529516
0.58192182	0.74264961	-0.014123949	8.2817497
0.57724404	0.74651557	-0.0031929866	8.2858639
0.57568479	0.75134802	0.026236527	8.2982054
0.57880336	0.75489181	0.014464723	8.2817497
0.58036256	0.75907993	-0.025895756	8.3228903
0.58348113	0.74587125	-0.027577441	8.2611799
0.58348113	0.74200529	-0.015805636	8.2735214
0.57880336	0.7558583	-0.030940816	8.314662
0.58192182	0.76069069	-0.01916901	8.2776356
0.57724404	0.75199234	0.0068971328	8.2694073
0.58348113	0.75746912	-0.034304187	8.289978
0.58036256	0.75875777	-0.023373226	8.2735214
0.58659965	0.75875777	-0.012442263	8.2570658
0.58036256	0.76165718	-0.023373226	8.2776356
0.58659965	0.76165718	0.01614641	8.2694073
0.58192182	0.77389938	-0.0065563596	8.289978
0.58192182	0.75618047	0.0060562897	8.2570658
0.57412553	0.75102586	0.038849179	8.2570658
0.57880336	0.75167018	-0.0031929866	8.2776356
0.58348113	0.74844855	0.0035337596	8.2447233
0.57724404	0.75875777	0.0094196629	8.2982054
0.58815891	0.75134802	0.0060562897	8.2940912
0.57880336	0.74909288	-0.014123949	8.2694073
0.57880336	0.75360316	-0.0040338296	8.2817497
0.58504039	0.74844855	-0.021691538	8.2570658
0.57880336	0.73975015	0.045575924	8.2447233
0.58192182	0.73942798	-0.018328166	8.2447233
0.58192182	0.74297178	-0.0082380464	8.2694073
0.58192182	0.74393827	0.017828096	8.2529516
0.58036256	0.73556203	-0.014123949	8.2488375
0.57880336	0.74071664	0.0010112298	8.2570658
0.58036256	0.74941504	0.007737976	8.2735214
0.58659965	0.76165718	0.024554841	8.2735214
0.57880336	0.75875777	-0.014123949	8.2652931
0.57880336	0.76423448	-0.029259128	8.2858639
0.57880336	0.75553614	-0.010760576	8.2611799
0.58192182	0.74651557	0.011942193	8.2529516
0.58192182	0.75134802	-0.0082380464	8.2735214
0.57880336	0.75650263	-0.023373226	8.289978
0.58659965	0.74651557	-0.027577441	8.2323809
0.58192182	0.74426043	-0.0073972028	8.2323809
0.58036256	0.73652852	-0.018328166	8.2323809
0.58348113	0.74393827	0.024554841	8.2776356
0.57880336	0.75199234	-0.0082380464	8.2652931
0.58036256	0.7558583	0.0026929164	8.2611799
0.57880336	0.74651557	-0.0099197328	8.2406092
0.57412553	0.76487881	-0.0057155164	8.3105478
0.57256627	0.76777828	0.012783037	8.2611799
0.57880336	0.75424749	0.0010112298	8.2323809
0.58192182	0.75360316	-0.033463344	8.2447233
0.57568479	0.75295883	-0.0082380464	8.2488375
0.57256627	0.75714695	0.011942193	8.2776356
0.57880336	0.75972426	-0.0048746732	8.2652931
0.58192182	0.74329394	-0.015805636	8.236495
0.57880336	0.75392532	-0.022532383	8.2694073
0.57724404	0.75714695	-0.028418286	8.2858639
0.57412553	0.75392532	-0.0048746732	8.2611799
0.58192182	0.75779128	-0.0057155164	8.2570658
0.57412553	0.75811344	-0.0057155164	8.2817497
0.5694477	0.753281	-0.014123949	8.2776356
0.56632918	0.75167018	-0.01916901	8.2529516
0.57724404	0.75714695	0.007737976	8.2529516
0.57880336	0.75489181	-0.01916901	8.2406092
0.57100701	0.76262367	-0.037667561	8.2858639
0.57880336	0.75456965	0.0035337596	8.2323809
0.57880336	0.74909288	0.0035337596	8.236495
0.57100701	0.7497372	-0.015805636	8.2694073
0.57724404	0.7471599	-0.030099971	8.236495
0.57100701	0.75456965	0.0068971328	8.2652931
0.57568479	0.75005937	0.015305566	8.2447233
0.57724404	0.74780422	-0.021691538	8.2529516
0.56632918	0.75199234	-0.010760576	8.2570658
0.58192182	0.74168313	0.0010112298	8.2570658
0.57724404	0.73813933	-0.010760576	8.2735214
0.57724404	0.74554908	-0.0090788892	8.2406092
0.5694477	0.76133502	-0.012442263	8.2776356
0.57724404	0.76262367	-0.01916901	8.2817497
0.5694477	0.75746912	0.007737976	8.2447233
0.57412553	0.74297178	-0.0082380464	8.2200394
0.57100701	0.75263667	-0.0057155164	8.2570658
0.56476992	0.76552314	0.01110135	8.2694073
0.57880336	0.75360316	0.018668938	8.236495
0.57880336	0.75843561	-0.018328166	8.2529516
0.57568479	0.7594021	-0.010760576	8.2282677
0.57724404	0.75746912	-0.013283106	8.2241535
0.57412553	0.76101285	0.0018520731	8.2488375
0.57724404	0.74619341	-0.00067045673	8.236495
0.57724404	0.74071664	-0.012442263	8.2282677
0.57256627	0.7410388	-0.025054913	8.2447233
0.56788844	0.753281	-0.0065563596	8.2776356
0.5694477	0.7471599	-0.0023521434	8.2323809
0.56788844	0.75972426	-0.01664648	8.2611799
0.57568479	0.7471599	0.01614641	8.2241535
0.57412553	0.74683774	0.023713998	8.2529516
0.57256627	0.74844855	-0.022532383	8.2488375
0.57568479	0.75263667	-0.035985876	8.2323809
0.56788844	0.75102586	-0.020850696	8.2570658
0.57256627	0.7558583	-0.024214068	8.2488375
0.57724404	0.75263667	0.01614641	8.2529516
0.57412553	0.74264961	-0.021691538	8.2118111
0.5694477	0.7471599	0.017828096	8.2447233
0.5694477	0.74587125	0.0001703865	8.2323809
0.56476992	0.74297178	0.0052154465	8.236495
0.56476992	0.75167018	0.007737976	8.2694073
0.56632918	0.74554908	-0.027577441	8.2447233
0.5694477	0.7497372	-0.00067045673	8.2406092
0.5694477	0.74619341	-0.041030932	8.2323809
0.57100701	0.75907993	-0.023373226	8.2694073
0.57256627	0.74748206	-0.014123949	8.2241535
0.57100701	0.75199234	-0.01160142	8.2282677
0.57880336	0.75650263	-0.020850696	8.2652931
0.57412553	0.75038153	0.0068971328	8.2282677
0.57256627	0.74587125	-0.0090788892	8.236495
0.5694477	0.75199234	-0.0090788892	8.2611799
