Fout	Lin	Lout	sono
1.2118651	0.43272924	-0.035145033	8.602643
1.2134243	0.57480294	0.017828096	8.5697308
1.2149836	0.65405488	0.03128159	8.5944147
1.2212207	0.7014128	-0.0031929866	8.5820723
1.2165428	0.7323404	0.007737976	8.5820723
1.2149836	0.75907993	-0.010760576	8.6232128
1.2149836	0.76681179	0.0018520731	8.602643
1.2149836	0.7658453	-0.012442263	8.5903006
1.2181021	0.77422154	-0.032622501	8.6108704
1.2165428	0.76777828	-0.014123949	8.5820723
1.2134243	0.76648962	-0.014964793	8.5903006
1.2212207	0.76294583	0.0001703865	8.5656166
1.2118651	0.76938909	-0.030940816	8.6067562
1.2118651	0.77551019	-0.025054913	8.5903006
1.2212207	0.77003342	-0.0073972028	8.5615025
1.2181021	0.77067775	-0.013283106	8.5820723
1.2134243	0.77712101	0.033804119	8.6108704
1.2134243	0.78324211	0.020350626	8.5903006
1.22278	0.77873182	-0.01664648	8.5615025
1.2118651	0.78002048	0.0052154465	8.5779581
1.2181021	0.78614157	-0.030099971	8.5944147
1.2165428	0.77003342	-0.0090788892	8.5615025
1.2165428	0.76520097	-0.029259128	8.5779581
1.2181021	0.77873182	-0.0048746732	8.6108704
1.2134243	0.7745437	-0.0015113001	8.5697308
1.2149836	0.77325505	0.0035337596	8.5944147
1.2118651	0.76487881	-0.035145033	8.5779581
1.2212207	0.76359016	0.043053396	8.5697308
1.2165428	0.77228856	0.0094196629	8.5820723
1.2212207	0.77132207	0.075005442	8.602643
1.2165428	0.77228856	0.011942193	8.5820723
1.2149836	0.77840966	-0.0031929866	8.5903006
1.2134243	0.78485292	-0.048598524	8.6190987
1.2196614	0.78356427	-0.012442263	8.5903006
1.2149836	0.79612863	-0.0023521434	8.6067562
1.2134243	0.79194051	-0.015805636	8.5944147
1.2134243	0.78710806	0.0060562897	8.5820723
1.2087466	0.78936321	0.023713998	8.6108704
1.2149836	0.77840966	-0.00067045673	8.5738449
1.2134243	0.77293289	-0.021691538	8.5861864
1.2149836	0.76616746	-0.0031929866	8.5779581
1.2149836	0.77035558	-0.00067045673	8.5944147
1.2181021	0.77518803	0.0035337596	8.5944147
1.2165428	0.77325505	-0.041030932	8.5697308
1.2040688	0.77937615	0.014464723	8.5985289
1.2181021	0.77164423	0.0043746028	8.5615025
1.2165428	0.78388643	0.0043746028	8.6232128
1.2134243	0.7990281	-0.0023521434	8.6232128
1.2181021	0.78710806	0.015305566	8.5820723
1.2165428	0.77905399	0.011942193	8.5779581
1.2165428	0.77969831	0.0035337596	8.5738449
1.2149836	0.77712101	0.0068971328	8.6108704
1.2087466	0.77518803	0.021191468	8.5738449
1.2181021	0.77422154	0.037167493	8.5738449
1.2118651	0.78034264	-0.0065563596	8.5903006
1.2196614	0.77422154	-0.018328166	8.5820723
1.2118651	0.77712101	-0.0031929866	8.6067562
1.2196614	0.77905399	-0.031781659	8.5944147
1.2165428	0.76874477	0.12629688	8.5656166
1.2165428	0.76326799	-0.0015113001	8.5697308
1.2196614	0.76552314	-0.013283106	8.5738449
1.2149836	0.76487881	0.01614641	8.5738449
1.2134243	0.77132207	-0.0065563596	8.5820723
1.2087466	0.77261072	0.0068971328	8.602643
1.2134243	0.77132207	0.010260507	8.5861864
1.2165428	0.77325505	0.01614641	8.5820723
1.2165428	0.78098696	0.016987253	8.5944147
1.2134243	0.78163129	-0.020850696	8.5861864
1.2149836	0.7806648	-0.0057155164	8.5903006
1.2118651	0.78227562	-0.33784857	8.5903006
1.2087466	0.77937615	-0.0090788892	8.5779581
1.2149836	0.78614157	-0.0082380464	8.5903006
1.2118651	0.78034264	-0.01664648	8.5861864
1.2134243	0.76938909	0.038849179	8.5697308
1.2165428	0.75618047	-0.014964793	8.5738449
1.2165428	0.75746912	-0.0040338296	8.5656166
1.2165428	0.75167018	-0.0040338296	8.5532742
1.2181021	0.75521398	-0.017487323	8.5615025
1.2087466	0.76938909	0.014464723	8.5985289
1.2181021	0.7780875	-0.21592632	8.5985289
1.2149836	0.77583236	-0.01664648	8.5985289
1.2149836	0.78614157	0.023713998	8.5985289
1.2087466	0.77261072	0.024554841	8.5615025
1.2196614	0.76777828	0.014464723	8.5738449
1.2103058	0.78710806	-0.020009853	8.6067562
1.2103058	0.77228856	0.024554841	8.5820723
1.2196614	0.77969831	-0.0023521434	8.5656166
1.2134243	0.78453076	0.020350626	8.5985289
1.2212207	0.77422154	-0.010760576	8.5697308
1.2134243	0.76971126	-0.0040338296	8.5985289
1.2149836	0.76616746	-0.0082380464	8.5861864
1.2196614	0.76487881	-0.0048746732	8.5697308
1.2181021	0.76648962	-0.00067045673	8.5985289
1.2165428	0.76391232	-0.012442263	8.5532742
1.2134243	0.7684226	-0.0048746732	8.5985289
1.22278	0.76101285	0.0068971328	8.5697308
1.2149836	0.77099991	-0.0099197328	8.5820723
1.22278	0.76713395	-0.018328166	8.5820723
1.2212207	0.78130913	-0.0048746732	8.627327
1.2118651	0.78356427	0.0060562897	8.5985289
1.2165428	0.77905399	0.14395459	8.5532742
1.2071873	0.77776533	-0.0099197328	8.5779581
1.2212207	0.7842086	-0.027577441	8.602643
1.2181021	0.7842086	0.0085788192	8.5738449
1.22278	0.77873182	-0.013283106	8.5861864
1.2149836	0.77551019	-0.017487323	8.5697308
1.2165428	0.77744317	-0.032622501	8.5985289
1.2165428	0.77422154	0.011942193	8.5861864
1.2134243	0.76777828	0.049780142	8.5944147
1.2165428	0.77132207	0.01110135	8.5861864
1.2103058	0.75811344	0.0094196629	8.5573883
1.2165428	0.76906693	-0.0057155164	8.6232128
1.2149836	0.77357721	-0.013283106	8.5861864
1.2196614	0.78291994	-0.01916901	8.5985289
1.2103058	0.79129618	-0.0082380464	8.6149845
1.2134243	0.78775239	-0.01664648	8.627327
1.2149836	0.78356427	0.0010112298	8.5779581
1.2196614	0.78871888	-0.01916901	8.5779581
1.2196614	0.78388643	0.022032311	8.5738449
1.2149836	0.78002048	-0.012442263	8.5985289
1.2149836	0.79065186	-0.0082380464	8.5903006
1.2165428	0.78485292	-0.0082380464	8.5820723
1.2071873	0.78839672	-0.0082380464	8.602643
1.2118651	0.78775239	-0.025895756	8.6108704
1.2165428	0.77840966	-0.038508404	8.5615025
1.2165428	0.76455665	0.007737976	8.5779581
1.2118651	0.76681179	-0.013283106	8.602643
1.2149836	0.76391232	-0.018328166	8.5656166
1.2118651	0.76906693	-0.025054913	8.6149845
1.2165428	0.76487881	0.022873154	8.5779581
1.2181021	0.76487881	0.0052154465	8.5615025
1.2071873	0.77486587	0.034644961	8.6067562
1.2196614	0.77518803	-0.014123949	8.5985289
1.2149836	0.77293289	-0.01160142	8.5779581
1.2103058	0.78775239	-0.0015113001	8.5985289
1.2149836	0.79097402	-0.014123949	8.6190987
1.2087466	0.79000753	0.028759057	8.5861864
1.2118651	0.80063891	0.016987253	8.6190987
1.2149836	0.77615452	-0.0073972028	8.5861864
1.2149836	0.77422154	0.01110135	8.5903006
1.2149836	0.76133502	0.0052154465	8.5779581
1.2149836	0.76036853	0.028759057	8.6067562
1.2165428	0.75618047	-0.020850696	8.5738449
1.2196614	0.7594021	-0.010760576	8.5779581
1.2165428	0.75618047	0.03128159	8.54916
1.2134243	0.76520097	0.018668938	8.627327
1.2165428	0.77551019	-0.0082380464	8.5985289
1.2181021	0.77067775	0.014464723	8.5820723
1.2149836	0.7658453	-0.01664648	8.5861864
1.2134243	0.77615452	0.1422729	8.602643
1.2134243	0.78549725	0.018668938	8.6067562
1.2134243	0.79129618	-0.0015113001	8.602643
1.2134243	0.79161835	0.0043746028	8.5985289
1.2118651	0.80257189	-0.018328166	8.6232128
1.2118651	0.79419565	0.0085788192	8.5861864
1.2134243	0.77035558	0.019509783	8.5779581
1.2196614	0.77293289	-0.040190089	8.5861864
1.2149836	0.77035558	-0.0082380464	8.5985289
1.2134243	0.77712101	-0.015805636	8.6232128
1.2149836	0.77293289	0.0052154465	8.5944147
1.2165428	0.77486587	0.14059122	8.5903006
1.2134243	0.77422154	-0.020850696	8.54916
1.2196614	0.78002048	-0.023373226	8.6355553
1.2134243	0.77325505	-0.0082380464	8.6067562
1.2134243	0.77357721	0.0085788192	8.5861864
1.2134243	0.7867859	0.032963276	8.6149845
1.2149836	0.78710806	-0.014123949	8.6149845
1.2165428	0.7806648	0.0085788192	8.5779581
1.2212207	0.77712101	-0.0040338296	8.5615025
1.2134243	0.77969831	-0.018328166	8.5903006
1.2196614	0.76520097	0.043053396	8.5615025
1.2243392	0.76487881	-0.017487323	8.5615025
1.2165428	0.7684226	-0.0031929866	8.5944147
1.2181021	0.7658453	0.030440746	8.5697308
1.22278	0.77325505	0.0043746028	8.5944147
1.2149836	0.77228856	-0.01916901	8.5820723
1.2181021	0.77422154	-0.030940816	8.5861864
1.2134243	0.77840966	-0.0015113001	8.5903006
1.2134243	0.7684226	0.019509783	8.5615025
1.2134243	0.7842086	-0.020850696	8.6396685
1.2149836	0.78130913	0.0052154465	8.5861864
1.2134243	0.77357721	-0.021691538	8.5738449
1.2149836	0.77583236	0.015305566	8.5738449
1.2149836	0.77840966	0.0010112298	8.5820723
1.2087466	0.78130913	0.017828096	8.6108704
1.2212207	0.7719664	0.01614641	8.5656166
1.2118651	0.76777828	-0.0031929866	8.5820723
1.2134243	0.77003342	-0.0082380464	8.5861864
1.2181021	0.78098696	-0.026736598	8.6314411
1.2118651	0.77905399	0.0068971328	8.5985289
1.2134243	0.78517509	0.0052154465	8.6067562
1.2134243	0.77744317	-0.0057155164	8.5820723
1.2134243	0.78291994	-0.00067045673	8.5820723
1.2134243	0.77261072	-0.0048746732	8.5738449
1.2149836	0.77325505	-0.0073972028	8.5903006
1.2134243	0.77164423	-0.0057155164	8.5656166
1.2149836	0.78710806	-0.021691538	8.6314411
1.2134243	0.78839672	0.0094196629	8.6149845
1.2134243	0.78936321	0.0060562897	8.5985289
1.2118651	0.78614157	0.03128159	8.5738449
1.2118651	0.79161835	-0.0073972028	8.602643
1.2134243	0.78936321	0.0026929164	8.6067562
1.2181021	0.77583236	0.027918214	8.5327044
1.2149836	0.78549725	-0.044394307	8.5820723
1.2165428	0.77937615	-0.01916901	8.5697308
1.2165428	0.77228856	0.0001703865	8.5820723
1.2165428	0.76487881	0.016987253	8.54916
1.2196614	0.76616746	0.0010112298	8.5738449
1.2149836	0.77293289	-0.017487323	8.5861864
1.2134243	0.76971126	-0.0057155164	8.5532742
1.2134243	0.77325505	-0.0090788892	8.5985289
1.2149836	0.77518803	0.0018520731	8.5615025
1.2149836	0.77551019	-0.0099197328	8.5779581
1.2118651	0.78614157	-0.0015113001	8.602643
1.2134243	0.77551019	-0.00067045673	8.5615025
1.2149836	0.78517509	0.061551947	8.5861864
1.2134243	0.77744317	-0.0099197328	8.5573883
1.2149836	0.7745437	0.027077371	8.54916
1.22278	0.77132207	-0.0090788892	8.5656166
1.2118651	0.77325505	-0.023373226	8.5615025
1.2087466	0.76777828	0.043894235	8.5450459
1.2165428	0.77099991	-0.027577441	8.5738449
1.2149836	0.77712101	-0.01664648	8.5861864
1.2165428	0.76971126	0.0001703865	8.5368185
1.2134243	0.77518803	0.0068971328	8.5985289
1.2165428	0.77261072	0.014464723	8.5820723
1.2134243	0.7684226	0.033804119	8.5615025
1.2134243	0.77293289	0.0085788192	8.627327
1.2134243	0.77261072	-0.018328166	8.5779581
1.2212207	0.78581941	-0.025895756	8.6108704
1.2149836	0.78581941	0.012783037	8.5861864
1.2134243	0.78517509	-0.0031929866	8.6108704
1.2087466	0.78034264	-0.0073972028	8.5779581
1.2165428	0.78839672	0.0085788192	8.5985289
1.2181021	0.79000753	-0.00067045673	8.5903006
1.2181021	0.7780875	0.0001703865	8.5738449
1.2103058	0.78517509	0.018668938	8.5820723
1.2212207	0.77712101	-0.0099197328	8.5697308
1.2196614	0.78388643	-0.0031929866	8.6149845
1.2165428	0.77422154	-0.0073972028	8.5779581
1.2181021	0.75875777	-0.020009853	8.5573883
1.2087466	0.76359016	-0.048598524	8.5944147
1.2165428	0.7594021	-0.00067045673	8.5697308
1.2149836	0.77099991	-0.31010073	8.5738449
1.2071873	0.77518803	-0.0082380464	8.6149845
1.2149836	0.77969831	-0.0031929866	8.5985289
1.2103058	0.78936321	-0.0023521434	8.6108704
1.2118651	0.78871888	-0.0082380464	8.5738449
1.2087466	0.78646374	-0.015805636	8.6190987
1.2212207	0.77647668	-0.025895756	8.5615025
1.2149836	0.78324211	-0.01916901	8.5985289
1.2071873	0.78130913	0.010260507	8.5861864
1.2165428	0.7954843	-0.021691538	8.6067562
1.2196614	0.7990281	0.01110135	8.6232128
1.2181021	0.79194051	-0.0099197328	8.5861864
1.2134243	0.78259778	0.0060562897	8.5656166
1.2134243	0.78227562	-0.010760576	8.5861864
1.2149836	0.77389938	-0.0015113001	8.5985289
1.2134243	0.78034264	-0.01916901	8.6190987
1.2196614	0.77293289	0.020350626	8.5738449
1.2149836	0.7719664	0.0026929164	8.5738449
1.2149836	0.7719664	-0.0031929866	8.5985289
1.2149836	0.77615452	-0.010760576	8.5944147
1.2149836	0.79032969	0.011942193	8.6149845
1.2243392	0.7658453	0.01110135	8.5450459
1.2196614	0.76359016	0.0052154465	8.5820723
1.2071873	0.77486587	-0.0015113001	8.5820723
1.2196614	0.77003342	0.037167493	8.54916
1.2165428	0.78710806	-0.01160142	8.6067562
1.2165428	0.77099991	-0.018328166	8.5656166
1.2149836	0.77099991	0.010260507	8.5861864
1.2165428	0.77325505	0.010260507	8.5944147
1.2165428	0.77164423	0.0094196629	8.5861864
1.2087466	0.75875777	0.010260507	8.5697308
1.2212207	0.76197934	0.01614641	8.5903006
1.2165428	0.76681179	-0.0057155164	8.5779581
1.2165428	0.75843561	0.013623879	8.5697308
1.2134243	0.7594021	-0.017487323	8.54916
1.2134243	0.76616746	0.010260507	8.5985289
1.2196614	0.77099991	0.01110135	8.5820723
1.2181021	0.7780875	-0.018328166	8.5985289
1.2196614	0.7806648	-0.010760576	8.5738449
1.2149836	0.79322916	-0.00067045673	8.6314411
1.2165428	0.78130913	-0.018328166	8.5738449
1.2071873	0.78517509	0.0094196629	8.5861864
1.2149836	0.76874477	-0.0057155164	8.5697308
1.2196614	0.77325505	-0.01664648	8.5697308
1.2149836	0.77840966	-0.0048746732	8.5820723
1.2243392	0.7745437	0.0094196629	8.5820723
1.2165428	0.77325505	0.023713998	8.5985289
1.2134243	0.7806648	0.013623879	8.602643
1.2165428	0.77937615	-0.01916901	8.602643
1.2134243	0.77776533	0.03128159	8.6108704
1.2118651	0.78743023	0.0094196629	8.6149845
1.2118651	0.78904104	-0.01160142	8.6067562
1.2165428	0.77969831	0.007737976	8.5697308
1.2165428	0.78388643	0.012783037	8.5985289
1.2149836	0.7867859	0.023713998	8.6067562
1.2134243	0.79161835	-0.014123949	8.5820723
1.2149836	0.79129618	-0.0031929866	8.5861864
1.2149836	0.79645079	-0.021691538	8.6314411
1.2165428	0.79355133	-0.0073972028	8.5779581
1.2165428	0.79451782	-0.0048746732	8.5985289
1.2134243	0.802894	-0.031781659	8.6067562
1.2134243	0.78743023	-0.0031929866	8.5861864
1.2134243	0.76713395	0.007737976	8.5573883
1.2149836	0.76294583	-0.0082380464	8.5738449
1.2181021	0.76455665	0.012783037	8.5903006
1.2149836	0.77099991	-0.017487323	8.5985289
1.2149836	0.77486587	-0.00067045673	8.5861864
1.2165428	0.77261072	0.085936405	8.5903006
1.2212207	0.77261072	0.0068971328	8.5615025
1.2165428	0.78839672	0.017828096	8.6190987
1.2118651	0.78614157	-0.0073972028	8.5861864
1.2134243	0.77776533	0.027918214	8.5779581
1.2087466	0.77357721	0.050620981	8.5738449
1.2134243	0.76777828	-0.018328166	8.5697308
1.2134243	0.78517509	0.014464723	8.6355553
1.2181021	0.79258484	-0.035985876	8.5944147
1.2149836	0.80063891	-0.014964793	8.6108704
1.2149836	0.79773945	-0.033463344	8.6149845
1.2181021	0.79773945	0.0010112298	8.6232128
1.2165428	0.78163129	-0.0048746732	8.5697308
1.2087466	0.7867859	-0.035985876	8.6190987
1.2134243	0.78195345	0.03128159	8.5779581
1.2134243	0.76745611	0.0026929164	8.5532742
1.2134243	0.77744317	-0.0082380464	8.602643
1.2149836	0.77422154	-0.01664648	8.5779581
1.2134243	0.77905399	0.01614641	8.5697308
1.2118651	0.77132207	-0.028418286	8.5656166
1.2134243	0.77261072	0.0035337596	8.5820723
1.2134243	0.76938909	0.0068971328	8.5861864
1.2165428	0.77003342	0.030440746	8.5532742
1.2181021	0.77486587	-0.27226281	8.5820723
1.2149836	0.78324211	-0.0057155164	8.6108704
1.2165428	0.7806648	0.007737976	8.5779581
1.2181021	0.77615452	-0.017487323	8.5861864
1.2087466	0.78549725	0.012783037	8.602643
1.2165428	0.78710806	-0.0015113001	8.6108704
1.2134243	0.78710806	0.0018520731	8.5944147
1.205628	0.78549725	-0.010760576	8.5985289
1.2087466	0.76423448	0.029599901	8.5697308
1.2134243	0.77325505	0.010260507	8.5820723
1.2134243	0.7780875	0.027077371	8.6314411
1.2118651	0.77486587	0.010260507	8.5779581
1.2149836	0.77873182	-0.021691538	8.5861864
1.2165428	0.77969831	-0.010760576	8.5820723
1.2212207	0.78453076	-0.0023521434	8.6190987
1.2134243	0.79097402	0.014464723	8.6067562
1.2196614	0.78324211	-0.012442263	8.54916
1.2149836	0.77937615	-0.01664648	8.5738449
1.2165428	0.77937615	0.027077371	8.5944147
1.2103058	0.78871888	-0.010760576	8.5985289
1.2087466	0.78743023	0.0035337596	8.5779581
1.2149836	0.79194051	-0.030099971	8.6067562
1.2165428	0.78291994	0.015305566	8.5903006
1.2165428	0.77744317	0.021191468	8.5615025
1.2149836	0.77647668	-0.0048746732	8.5903006
1.2165428	0.77776533	-0.0082380464	8.5820723
1.2103058	0.77164423	-0.018328166	8.5861864
1.2165428	0.76874477	-0.010760576	8.602643
1.2149836	0.76777828	0.045575924	8.5697308
1.2196614	0.77099991	-0.017487323	8.5779581
1.2149836	0.77647668	-0.013283106	8.5820723
1.2087466	0.77905399	-0.0015113001	8.6108704
1.2149836	0.77293289	0.012783037	8.5615025
1.2103058	0.7867859	0.023713998	8.602643
1.2165428	0.79677296	-0.031781659	8.6149845
1.2134243	0.79032969	-0.030099971	8.5861864
1.2103058	0.78324211	0.083413877	8.5944147
1.2165428	0.78904104	-0.01916901	8.5779581
1.2165428	0.78549725	0.0052154465	8.5985289
1.2118651	0.78743023	-0.01160142	8.6108704
1.2165428	0.77132207	0.0026929164	8.5697308
1.2149836	0.7684226	0.0001703865	8.5779581
1.2165428	0.77325505	-0.014964793	8.5944147
1.2181021	0.77551019	-0.033463344	8.5738449
1.22278	0.76713395	-0.034304187	8.5779581
1.2134243	0.76487881	-0.0082380464	8.5820723
1.2149836	0.7719664	-0.0031929866	8.5903006
1.2196614	0.77937615	-0.0048746732	8.5738449
1.2212207	0.77840966	-0.01664648	8.5944147
1.2134243	0.78936321	-0.029259128	8.6108704
1.2165428	0.78743023	-0.0099197328	8.5820723
1.2165428	0.77969831	-0.14277297	8.5861864
1.2103058	0.77486587	0.024554841	8.5697308
1.2165428	0.78163129	-0.0040338296	8.6190987
1.2149836	0.77712101	0.019509783	8.5738449
1.2165428	0.7719664	0.012783037	8.5779581
1.2165428	0.76294583	-0.28067124	8.5779581
1.2165428	0.76423448	0.0018520731	8.6067562
1.2134243	0.76971126	-0.042712618	8.6067562
1.2212207	0.77228856	0.0010112298	8.5820723
1.2118651	0.76197934	0.0052154465	8.5656166
1.2149836	0.7658453	0.0085788192	8.5944147
1.2103058	0.76520097	-0.01160142	8.5779581
1.2149836	0.76391232	-0.0015113001	8.5820723
1.2149836	0.76713395	0.056506887	8.5656166
1.2181021	0.77067775	-0.010760576	8.5985289
1.2196614	0.76810044	-0.0099197328	8.5656166
1.2165428	0.76616746	0.028759057	8.5697308
1.2165428	0.77712101	0.012783037	8.6067562
1.2087466	0.78195345	-0.014123949	8.5944147
1.2118651	0.78743023	0.0052154465	8.6149845
1.2118651	0.77873182	-0.010760576	8.5615025
1.2149836	0.77873182	0.01614641	8.5985289
1.2134243	0.77389938	0.0094196629	8.5820723
1.2134243	0.77937615	0.0052154465	8.6067562
1.2165428	0.77905399	-0.015805636	8.6149845
1.2118651	0.77647668	-0.030940816	8.5944147
1.2149836	0.78130913	-0.0090788892	8.602643
1.2134243	0.77969831	-0.010760576	8.5779581
1.2149836	0.77099991	-0.021691538	8.5779581
1.2134243	0.77099991	-0.031781659	8.5861864
1.2103058	0.77937615	-0.029259128	8.5944147
1.2165428	0.77647668	-0.21256295	8.5779581
1.2181021	0.77679884	-0.020009853	8.5985289
1.2165428	0.78002048	-0.041030932	8.5697308
1.2165428	0.78646374	-0.018328166	8.5861864
1.2103058	0.79097402	0.0052154465	8.602643
1.2165428	0.77937615	0.0085788192	8.5779581
1.2118651	0.77647668	0.022873154	8.5779581
1.2196614	0.77357721	-0.0090788892	8.5861864
1.2118651	0.76423448	0.041371711	8.5656166
1.2165428	0.76101285	-0.0090788892	8.5903006
1.2149836	0.76520097	0.0018520731	8.5903006
1.2181021	0.76681179	0.0001703865	8.5779581
1.2118651	0.76552314	-0.0090788892	8.5573883
1.2087466	0.77840966	0.016987253	8.5985289
1.2165428	0.76938909	0.043894235	8.5697308
1.205628	0.77905399	-0.0090788892	8.602643
1.2071873	0.78130913	0.0094196629	8.5738449
1.2212207	0.78936321	-0.013283106	8.602643
1.2165428	0.79355133	0.088458933	8.627327
1.2103058	0.7806648	0.0060562897	8.5615025
1.2103058	0.78710806	-0.024214068	8.6067562
1.2087466	0.7954843	0.0035337596	8.5903006
1.2165428	0.78130913	-0.00067045673	8.5903006
1.2118651	0.77228856	0.0010112298	8.5573883
1.2181021	0.77293289	-0.0057155164	8.5861864
1.2149836	0.76777828	0.022873154	8.5779581
1.2181021	0.76455665	0.0094196629	8.5738449
1.2134243	0.76294583	-0.014123949	8.5903006
1.2149836	0.75972426	-0.0090788892	8.5697308
1.2181021	0.76391232	-0.020850696	8.5985289
1.2134243	0.77486587	0.0001703865	8.5903006
1.2165428	0.77132207	-0.0048746732	8.5820723
1.2087466	0.78549725	-0.0099197328	8.6232128
1.2118651	0.78743023	0.030440746	8.5861864
1.2165428	0.7780875	-0.022532383	8.5820723
1.2134243	0.78324211	-0.0048746732	8.6232128
1.2134243	0.77293289	0.081732184	8.5738449
1.2118651	0.78485292	-0.0031929866	8.6067562
1.2134243	0.79065186	-0.024214068	8.5903006
1.2149836	0.79129618	-0.024214068	8.6190987
1.2212207	0.77873182	-0.0040338296	8.5779581
1.2118651	0.77712101	0.12377436	8.602643
1.2165428	0.77261072	0.012783037	8.5944147
1.2165428	0.76874477	-0.031781659	8.5820723
1.2149836	0.78034264	-0.01664648	8.627327
1.2134243	0.77486587	-0.014964793	8.5697308
1.2165428	0.77293289	0.17338412	8.5779581
1.2149836	0.77776533	-0.0057155164	8.5738449
1.2103058	0.77551019	0.0018520731	8.6067562
1.2165428	0.78130913	-0.083073094	8.602643
1.2118651	0.78904104	0.0010112298	8.5985289
1.2149836	0.79516214	-0.028418286	8.6149845
1.2181021	0.78839672	-0.0015113001	8.5861864
1.2103058	0.78904104	-0.014123949	8.5820723
1.2149836	0.77712101	0.012783037	8.5697308
1.2134243	0.7719664	0.007737976	8.5450459
1.2212207	0.76487881	-0.020009853	8.5779581
1.2165428	0.77389938	0.088458933	8.5820723
1.2149836	0.76745611	0.0001703865	8.5779581
1.2149836	0.7745437	-0.012442263	8.5903006
1.2134243	0.76197934	-0.0031929866	8.5779581
1.2118651	0.76681179	0.029599901	8.6108704
1.2087466	0.7780875	0.011942193	8.6149845
1.2196614	0.77937615	-0.020850696	8.5820723
1.2118651	0.77228856	0.020350626	8.5615025
1.2165428	0.77647668	-0.010760576	8.6232128
1.2149836	0.77293289	0.0035337596	8.5861864
1.2149836	0.77003342	0.084254712	8.5697308
1.2165428	0.7745437	0.0035337596	8.5697308
1.2181021	0.77969831	0.0001703865	8.6067562
1.2196614	0.78453076	0.010260507	8.5738449
1.2149836	0.77840966	-0.0023521434	8.5656166
1.2149836	0.7806648	-0.0023521434	8.5944147
1.2149836	0.77486587	-0.0048746732	8.5985289
1.2087466	0.77712101	0.032963276	8.5861864
1.2149836	0.77132207	-0.013283106	8.5861864
1.2103058	0.76036853	0.039690021	8.5615025
1.2134243	0.7745437	0.0094196629	8.5861864
1.2212207	0.77293289	-0.01664648	8.5944147
1.2134243	0.77518803	-0.017487323	8.5861864
1.2134243	0.76520097	0.012783037	8.5779581
1.2134243	0.77035558	0.011942193	8.5861864
1.2087466	0.78839672	-0.0057155164	8.6478968
1.2149836	0.7842086	-0.0057155164	8.5861864
1.2118651	0.80257189	-0.010760576	8.6108704
1.2134243	0.79000753	-0.020009853	8.6108704
1.2118651	0.79387349	0.0026929164	8.5903006
1.2087466	0.79483998	0.018668938	8.6314411
1.2071873	0.78871888	0.020350626	8.5779581
1.2181021	0.77937615	-0.01160142	8.5820723
1.22278	0.77164423	-0.014964793	8.5738449
1.2134243	0.78034264	0.012783037	8.6314411
1.2103058	0.77937615	-0.025895756	8.5944147
1.2149836	0.77937615	0.0068971328	8.5944147
1.2118651	0.77647668	-0.030940816	8.5820723
1.2165428	0.77712101	0.016987253	8.5985289
1.2181021	0.77003342	0.16581652	8.5697308
1.2165428	0.77003342	-0.029259128	8.5738449
1.2196614	0.77099991	-0.022532383	8.5697308
1.2103058	0.78646374	0.0026929164	8.6396685
1.2103058	0.77261072	-0.012442263	8.5738449
1.2165428	0.77003342	0.044735081	8.5656166
1.2196614	0.78163129	-0.030099971	8.5944147
1.2103058	0.78775239	-0.01664648	8.6108704
1.2087466	0.79000753	0.012783037	8.6149845
1.2181021	0.78130913	-0.0048746732	8.5532742
1.2149836	0.77132207	0.032122433	8.5697308
1.2196614	0.77389938	-0.010760576	8.5861864
1.2196614	0.76004636	0.0010112298	8.5985289
1.2134243	0.76455665	-0.024214068	8.5944147
1.2118651	0.75875777	-0.030940816	8.5738449
1.2103058	0.76487881	0.0052154465	8.5861864
1.2149836	0.76906693	-0.0040338296	8.5944147
1.2149836	0.78163129	0.027918214	8.5944147
1.2134243	0.77003342	0.028759057	8.5697308
1.2134243	0.77583236	0.0052154465	8.5820723
1.2149836	0.7745437	-0.014964793	8.5903006
1.2087466	0.77003342	0.11788845	8.5738449
1.2149836	0.7658453	0.0043746028	8.5697308
1.2149836	0.7658453	-0.023373226	8.5779581
1.2149836	0.77261072	0.034644961	8.5779581
1.2165428	0.77389938	-0.010760576	8.5861864
1.2134243	0.7842086	0.027918214	8.5985289
1.2134243	0.78936321	-0.041030932	8.6149845
1.2134243	0.77164423	-0.0082380464	8.5738449
1.2118651	0.77647668	-0.0040338296	8.5944147
1.2071873	0.78098696	-0.0090788892	8.5985289
1.2134243	0.76455665	-0.0057155164	8.5697308
1.2165428	0.77293289	-0.014123949	8.5861864
1.2165428	0.76552314	0.0052154465	8.5532742
1.2165428	0.77518803	-0.00067045673	8.5985289
1.2149836	0.79065186	0.0052154465	8.6108704
1.2149836	0.7867859	-0.012442263	8.5779581
1.2165428	0.77293289	0.020350626	8.5779581
1.2165428	0.78002048	0.018668938	8.6314411
1.2149836	0.77776533	0.0026929164	8.5861864
1.2134243	0.77357721	-0.027577441	8.5820723
1.2134243	0.77712101	0.0018520731	8.5944147
1.2118651	0.78968537	-0.022532383	8.6067562
1.2087466	0.78710806	0.0060562897	8.5861864
1.2149836	0.77937615	-0.00067045673	8.5820723
1.2149836	0.78130913	0.0035337596	8.6067562
1.2103058	0.77389938	0.0018520731	8.5985289
1.2134243	0.77422154	0.0085788192	8.5985289
1.2118651	0.76777828	-0.026736598	8.5738449
1.2103058	0.76391232	-0.023373226	8.5697308
1.2165428	0.77003342	-0.0082380464	8.5697308
1.2165428	0.76938909	0.016987253	8.5697308
1.2134243	0.77840966	0.007737976	8.5985289
1.2134243	0.78517509	-0.0031929866	8.6067562
1.2071873	0.7806648	0.03128159	8.6067562
1.2196614	0.78195345	0.045575924	8.6190987
1.2165428	0.77293289	-0.027577441	8.5615025
1.2181021	0.78614157	-0.020850696	8.5903006
1.2181021	0.78163129	-0.0099197328	8.5903006
1.2149836	0.7780875	0.027918214	8.5738449
1.2149836	0.77099991	0.029599901	8.5615025
1.2118651	0.77422154	0.0018520731	8.5985289
1.2103058	0.77003342	0.01614641	8.5861864
1.2181021	0.77132207	-0.012442263	8.5861864
1.2071873	0.77647668	-0.015805636	8.6314411
1.2087466	0.79451782	-0.30001062	8.6396685
1.2149836	0.78775239	0.014464723	8.5820723
1.2165428	0.78130913	-0.027577441	8.5738449
1.2118651	0.78227562	0.0010112298	8.627327
1.2103058	0.76616746	-0.0048746732	8.5779581
1.2165428	0.7780875	0.0060562897	8.5903006
1.2118651	0.78034264	-0.023373226	8.6067562
1.2212207	0.77679884	-0.027577441	8.5779581
1.2165428	0.7806648	0.093503997	8.5861864
1.2087466	0.77744317	0.010260507	8.5615025
1.2118651	0.78549725	-0.014123949	8.5820723
1.2149836	0.7806648	-0.0031929866	8.5903006
1.2149836	0.76906693	0.029599901	8.5615025
1.2118651	0.76745611	0.040530864	8.5820723
1.2134243	0.77325505	-0.0015113001	8.5985289
1.2196614	0.77937615	-0.014123949	8.602643
1.2165428	0.77712101	0.075005442	8.6149845
1.2149836	0.77422154	-0.0082380464	8.5861864
1.2134243	0.77583236	-0.0048746732	8.5985289
1.2134243	0.7719664	-0.00067045673	8.5615025
1.2118651	0.77518803	0.0043746028	8.6232128
1.2134243	0.76616746	-0.0090788892	8.5697308
1.2118651	0.77325505	0.018668938	8.5861864
1.2134243	0.78034264	0.01614641	8.5985289
1.2212207	0.77228856	0.064074479	8.5738449
1.2134243	0.76938909	0.0001703865	8.5697308
1.22278	0.77003342	-0.0023521434	8.54916
1.2149836	0.78034264	-0.01664648	8.5861864
1.22278	0.78324211	-0.0057155164	8.5779581
1.2165428	0.77099991	0.081732184	8.5615025
1.2212207	0.76971126	-0.01664648	8.5820723
1.2134243	0.7658453	0.016987253	8.5779581
1.2087466	0.76777828	0.016987253	8.5861864
1.2165428	0.76197934	0.0026929164	8.5820723
1.2118651	0.7623015	0.0052154465	8.5861864
1.2196614	0.76552314	0.01614641	8.5738449
1.2165428	0.7658453	0.007737976	8.5532742
1.2134243	0.76745611	0.01614641	8.6108704
1.2103058	0.77679884	0.0060562897	8.6149845
1.2181021	0.77261072	0.011942193	8.5738449
1.2181021	0.77099991	-0.013283106	8.5820723
1.2149836	0.7719664	-0.01916901	8.5697308
1.2165428	0.78710806	-0.010760576	8.627327
1.2134243	0.78291994	-0.00067045673	8.5738449
1.2196614	0.78807455	0.015305566	8.5985289
1.2149836	0.77422154	-0.01160142	8.5615025
1.2196614	0.77712101	0.026236527	8.5985289
1.2196614	0.77969831	-0.013283106	8.6108704
1.2165428	0.78710806	-0.024214068	8.6108704
1.2165428	0.77357721	0.016987253	8.5697308
1.2165428	0.77937615	-0.034304187	8.5861864
1.2149836	0.77422154	0.01614641	8.5738449
1.2103058	0.7780875	0.022873154	8.5903006
1.2212207	0.7719664	-0.014964793	8.5738449
1.2196614	0.76648962	-0.014123949	8.5820723
1.2181021	0.77003342	0.0094196629	8.5779581
1.2181021	0.78485292	-0.013283106	8.6067562
1.2181021	0.78775239	-0.031781659	8.5903006
1.2103058	0.77873182	0.027918214	8.5779581
1.2134243	0.79000753	-0.025054913	8.6355553
1.2149836	0.79000753	0.027077371	8.5820723
1.2165428	0.79000753	-0.0065563596	8.5820723
1.2071873	0.78968537	-0.021691538	8.602643
1.2103058	0.78775239	-0.010760576	8.627327
1.2181021	0.7745437	0.011942193	8.5779581
1.2134243	0.76165718	0.007737976	8.5697308
1.2134243	0.77518803	0.010260507	8.5903006
1.2087466	0.76455665	0.01614641	8.5573883
1.22278	0.77035558	-0.14445464	8.5697308
1.2149836	0.78163129	-0.013283106	8.5985289
1.2165428	0.7745437	0.011942193	8.5738449
1.2149836	0.78034264	-0.051961899	8.6108704
1.2149836	0.7719664	-0.0015113001	8.5738449
1.2165428	0.77422154	0.016987253	8.5820723
1.2181021	0.76487881	0.029599901	8.5738449
1.2134243	0.77712101	-0.0082380464	8.5861864
1.2196614	0.77035558	0.012783037	8.5820723
1.2134243	0.77164423	0.013623879	8.5738449
1.2149836	0.76713395	0.011942193	8.5903006
1.2274578	0.76648962	-0.020009853	8.5820723
1.2134243	0.76552314	0.048098456	8.5861864
1.2134243	0.77712101	0.1422729	8.6149845
1.2134243	0.7842086	-0.0023521434	8.602643
1.2181021	0.77164423	0.0052154465	8.5697308
1.2196614	0.76874477	-0.023373226	8.5532742
1.2212207	0.76810044	0.0018520731	8.6149845
1.2196614	0.76487881	0.14899966	8.5738449
1.2149836	0.77228856	0.0068971328	8.5944147
1.2149836	0.78324211	-0.020850696	8.6190987
1.2134243	0.78485292	-0.036826719	8.6314411
1.2181021	0.78775239	0.011942193	8.5985289
1.2165428	0.78098696	0.0026929164	8.5615025
1.2118651	0.78195345	-0.01916901	8.5944147
1.2087466	0.7842086	-0.0015113001	8.602643
1.2149836	0.79516214	0.011942193	8.6190987
1.2196614	0.78002048	-0.0099197328	8.5820723
1.2212207	0.77325505	-0.023373226	8.5697308
1.2149836	0.77776533	0.029599901	8.5985289
1.2103058	0.77937615	-0.0082380464	8.602643
1.2118651	0.77035558	-0.01664648	8.5861864
1.2181021	0.76971126	-0.037667561	8.5697308
1.2118651	0.76197934	0.0094196629	8.5450459
1.2134243	0.7719664	0.015305566	8.6190987
1.2196614	0.76616746	-0.01916901	8.54916
1.2181021	0.76648962	-0.028418286	8.5820723
1.2149836	0.77357721	-0.0057155164	8.602643
1.2243392	0.77422154	0.0043746028	8.5985289
1.2149836	0.78517509	0.010260507	8.602643
1.2196614	0.77647668	-0.030099971	8.54916
1.22278	0.78098696	-0.010760576	8.5779581
1.2134243	0.78904104	0.030440746	8.6190987
1.2118651	0.78743023	0.021191468	8.5820723
1.2149836	0.78743023	-0.025054913	8.6067562
1.2134243	0.78034264	-0.0073972028	8.5944147
1.2149836	0.7867859	-0.0057155164	8.6067562
1.2149836	0.78259778	-0.037667561	8.5903006
1.2181021	0.78002048	-0.030940816	8.5944147
1.2134243	0.76487881	-0.0031929866	8.5697308
1.2134243	0.77003342	0.026236527	8.5615025
1.2103058	0.78002048	0.011942193	8.627327
1.22278	0.77422154	-0.015805636	8.5738449
1.2087466	0.78291994	-0.027577441	8.6108704
1.2134243	0.78485292	-0.0099197328	8.5985289
1.2149836	0.77518803	-0.0065563596	8.5861864
1.2118651	0.78324211	-0.032622501	8.5861864
1.2181021	0.77776533	0.072482914	8.5532742
1.2165428	0.77357721	-0.0048746732	8.5779581
1.2118651	0.77035558	0.0026929164	8.5656166
1.2149836	0.77937615	0.087618083	8.5903006
1.2149836	0.7842086	-0.0031929866	8.6067562
1.2212207	0.7780875	0.033804119	8.5820723
1.2149836	0.76810044	0.0026929164	8.5861864
1.2103058	0.77035558	0.0060562897	8.6149845
1.2149836	0.75553614	0.030440746	8.5615025
1.2149836	0.77744317	-0.0023521434	8.6108704
1.2196614	0.77325505	-0.012442263	8.5656166
1.2181021	0.77003342	0.013623879	8.6149845
1.2149836	0.77422154	-0.01160142	8.5779581
1.2181021	0.78002048	0.01110135	8.5861864
1.2181021	0.78517509	0.0035337596	8.602643
1.2134243	0.78324211	-0.00067045673	8.5820723
1.2134243	0.78163129	0.0018520731	8.5738449
1.2103058	0.78936321	-0.012442263	8.5861864
1.2149836	0.78517509	-0.0082380464	8.5903006
1.2118651	0.792907	0.017828096	8.6108704
1.2181021	0.77969831	0.0060562897	8.5738449
1.2134243	0.7780875	0.011942193	8.5944147
1.2149836	0.7806648	-0.036826719	8.5820723
1.2118651	0.78034264	-0.014123949	8.5985289
1.2165428	0.77099991	-0.0073972028	8.5779581
1.2165428	0.77035558	0.0035337596	8.5738449
1.2181021	0.76745611	0.017828096	8.5738449
1.2118651	0.77325505	-0.013283106	8.5409327
1.2212207	0.76487881	0.0085788192	8.5820723
1.2149836	0.77518803	0.0026929164	8.5903006
1.2149836	0.78227562	0.015305566	8.5985289
1.2103058	0.77003342	0.017828096	8.5615025
1.2149836	0.76906693	0.010260507	8.602643
1.2134243	0.7719664	0.0035337596	8.5861864
1.2149836	0.76423448	0.037167493	8.5532742
1.2165428	0.77293289	0.007737976	8.5861864
1.22278	0.77099991	-0.026736598	8.5697308
1.2196614	0.77422154	0.0094196629	8.5738449
1.2134243	0.77003342	0.0001703865	8.5903006
1.2118651	0.77035558	0.036326651	8.6108704
1.2165428	0.77615452	-0.014123949	8.5985289
1.2212207	0.76648962	0.016987253	8.5738449
1.2103058	0.77937615	-0.00067045673	8.5861864
1.2087466	0.77422154	-0.012442263	8.5779581
1.2181021	0.77099991	0.013623879	8.54916
1.2165428	0.76616746	-0.00067045673	8.5861864
1.2149836	0.76423448	0.0052154465	8.5656166
1.2196614	0.77164423	-0.0048746732	8.5944147
1.2165428	0.78098696	-0.0099197328	8.6067562
1.2196614	0.78388643	-0.086436465	8.5985289
1.2071873	0.78936321	0.021191468	8.6190987
1.2071873	0.78839672	0.0001703865	8.5903006
1.2071873	0.79194051	0.0052154465	8.5985289
1.2165428	0.77969831	-0.024214068	8.5738449
1.2149836	0.77389938	-0.01160142	8.6067562
1.2087466	0.7719664	0.028759057	8.5903006
1.2165428	0.77486587	-0.0057155164	8.5861864
1.2118651	0.77099991	0.012783037	8.5903006
1.2118651	0.77099991	0.014464723	8.5738449
1.2134243	0.76423448	-0.00067045673	8.5779581
1.2196614	0.75907993	0.045575924	8.5615025
1.2118651	0.76552314	0.022873154	8.5615025
1.2103058	0.77003342	-0.015805636	8.5820723
1.2118651	0.77905399	0.0043746028	8.5985289
1.2087466	0.79709512	-0.020850696	8.6232128
1.2212207	0.79677296	-0.010760576	8.5903006
1.2149836	0.78710806	0.0052154465	8.5779581
1.2181021	0.79322916	-0.021691538	8.6149845
1.2212207	0.78839672	0.0052154465	8.5779581
1.2149836	0.78710806	0.01110135	8.5985289
1.2212207	0.77389938	-0.010760576	8.5615025
1.2134243	0.76874477	-0.018328166	8.5985289
1.2118651	0.77003342	-0.00067045673	8.602643
1.2087466	0.77873182	0.017828096	8.6149845
1.2149836	0.7745437	-0.0082380464	8.5820723
1.2181021	0.7745437	0.0026929164	8.5697308
1.2165428	0.76906693	-0.00067045673	8.5985289
1.2149836	0.77099991	0.0010112298	8.5779581
1.2134243	0.75972426	0.0001703865	8.5532742
1.2103058	0.77003342	-0.035145033	8.6067562
1.2212207	0.77164423	-0.036826719	8.5903006
1.2134243	0.76391232	0.17927001	8.5615025
1.2196614	0.77003342	-0.0099197328	8.5532742
1.2212207	0.77293289	-0.0073972028	8.5820723
1.2149836	0.77679884	0.023713998	8.5820723
1.2134243	0.7658453	-0.0099197328	8.54916
1.2087466	0.77357721	0.048939295	8.5944147
1.2196614	0.75843561	0.01110135	8.5656166
1.2181021	0.75392532	-0.013283106	8.5820723
1.2196614	0.7497372	-0.032622501	8.5697308
1.2165428	0.76971126	-0.030940816	8.6149845
1.2149836	0.76713395	-0.0040338296	8.5738449
1.2134243	0.76101285	-0.0048746732	8.5615025
1.2134243	0.76326799	-0.037667561	8.6108704
1.2103058	0.76294583	0.012783037	8.5820723
1.2212207	0.76681179	0.0018520731	8.5779581
1.2165428	0.76745611	0.016987253	8.5738449
1.2149836	0.77035558	-0.0099197328	8.6108704
1.2165428	0.77840966	-0.0023521434	8.5985289
1.2149836	0.78324211	-0.01664648	8.5861864
1.2103058	0.78517509	-0.0031929866	8.5820723
1.2149836	0.77615452	0.0052154465	8.5861864
1.2087466	0.7780875	0.0068971328	8.5903006
1.2134243	0.77905399	0.01614641	8.6067562
1.2181021	0.76487881	0.012783037	8.5738449
1.2087466	0.76262367	0.0068971328	8.5820723
1.2149836	0.77164423	0.0010112298	8.5820723
1.2118651	0.76648962	0.0085788192	8.5738449
1.2165428	0.75456965	0.014464723	8.5615025
1.2118651	0.76165718	-0.0099197328	8.5779581
1.2149836	0.77261072	0.012783037	8.627327
1.2134243	0.77099991	0.010260507	8.5738449
1.2149836	0.76681179	0.013623879	8.5820723
1.2087466	0.77228856	-0.0090788892	8.5903006
1.2087466	0.77776533	0.010260507	8.6149845
1.2212207	0.78646374	0.0060562897	8.6108704
1.2181021	0.79483998	-0.025054913	8.5903006
1.2149836	0.78453076	-0.0023521434	8.6067562
1.22278	0.79258484	-0.027577441	8.5985289
1.2149836	0.78743023	-0.0048746732	8.5738449
1.2212207	0.78710806	0.01614641	8.5861864
1.2134243	0.78549725	-0.015805636	8.5985289
1.2165428	0.79032969	-0.035145033	8.6067562
1.2134243	0.77389938	0.022873154	8.5779581
1.2071873	0.77357721	-0.0031929866	8.5820723
1.2165428	0.77357721	-0.013283106	8.5697308
1.2196614	0.77389938	-0.01160142	8.5779581
1.2165428	0.77776533	-0.0082380464	8.6108704
1.2196614	0.77325505	0.022032311	8.5697308
1.2134243	0.77615452	0.028759057	8.5985289
1.2181021	0.77615452	-0.014123949	8.5903006
1.22278	0.77518803	0.022032311	8.5820723
1.2149836	0.77293289	-0.0073972028	8.5738449
1.2103058	0.78195345	-0.0040338296	8.5861864
1.2165428	0.77325505	0.021191468	8.5615025
1.2165428	0.77937615	-0.01160142	8.602643
1.2181021	0.77776533	-0.0023521434	8.5985289
1.2181021	0.78130913	0.011942193	8.5944147
1.2149836	0.77905399	0.024554841	8.6190987
1.2134243	0.78034264	-0.035985876	8.5861864
1.2118651	0.7842086	-0.0031929866	8.6108704
1.2196614	0.78614157	-0.0015113001	8.5985289
1.2149836	0.7867859	0.014464723	8.6067562
1.2118651	0.78936321	-0.031781659	8.6149845
1.2196614	0.78549725	0.0035337596	8.6067562
1.2165428	0.7842086	-0.014964793	8.5944147
1.2134243	0.78291994	0.092663154	8.5820723
1.2212207	0.79387349	-0.01160142	8.6108704
1.2134243	0.77744317	-0.0023521434	8.5820723
1.2196614	0.78646374	0.0068971328	8.5820723
1.2118651	0.79258484	0.0035337596	8.5779581
1.2196614	0.78839672	-0.0099197328	8.5861864
1.2165428	0.78710806	-0.046075992	8.5903006
1.2181021	0.77551019	-0.01160142	8.5656166
1.2118651	0.7745437	-0.0082380464	8.5820723
1.2118651	0.76359016	0.012783037	8.5697308
1.2134243	0.76359016	-0.010760576	8.5861864
1.2118651	0.7684226	-0.01160142	8.5985289
1.2134243	0.7658453	0.0068971328	8.5697308
1.2118651	0.77486587	0.0094196629	8.5944147
1.2103058	0.77293289	0.022032311	8.5861864
1.2071873	0.76906693	0.025395684	8.5820723
1.2181021	0.76810044	-0.0048746732	8.5779581
1.2149836	0.76069069	-0.0015113001	8.5615025
1.2118651	0.76938909	0.018668938	8.5861864
1.2103058	0.77132207	0.0010112298	8.5861864
1.2165428	0.77486587	-0.0057155164	8.6149845
1.2134243	0.79258484	0.0018520731	8.6108704
1.2103058	0.79483998	-0.013283106	8.5944147
1.2212207	0.78130913	-0.0090788892	8.5656166
1.2165428	0.78388643	-0.017487323	8.627327
1.2165428	0.77840966	-0.00067045673	8.5985289
1.2103058	0.77325505	0.030440746	8.5738449
1.2243392	0.76487881	-0.020850696	8.5697308
1.2118651	0.77099991	-0.015805636	8.5820723
1.2103058	0.77937615	0.036326651	8.6149845
1.2149836	0.77486587	0.016987253	8.5861864
1.2165428	0.77712101	0.007737976	8.5820723
1.2181021	0.77840966	-0.031781659	8.5861864
1.2134243	0.78291994	-0.022532383	8.5903006
1.2134243	0.78259778	0.013623879	8.5861864
1.22278	0.78485292	-0.014123949	8.5738449
1.2103058	0.78743023	0.0043746028	8.6108704
1.2149836	0.7806648	0.0052154465	8.5985289
1.2165428	0.78710806	-0.0099197328	8.5738449
1.2118651	0.77840966	-0.024214068	8.5697308
1.2181021	0.78581941	0.0060562897	8.5944147
1.2149836	0.78581941	-0.030099971	8.6149845
1.2149836	0.77325505	0.0026929164	8.5738449
1.2087466	0.77679884	0.016987253	8.5944147
1.2196614	0.78291994	-0.046916839	8.6149845
1.2165428	0.76874477	-0.0082380464	8.5615025
1.2165428	0.76713395	-0.025895756	8.5903006
1.2103058	0.77873182	0.071642064	8.6067562
1.2103058	0.78195345	-0.0040338296	8.5861864
1.2149836	0.76713395	-0.0015113001	8.5738449
1.2149836	0.76938909	0.13134195	8.5820723
1.2149836	0.77840966	-0.021691538	8.5779581
1.2103058	0.78581941	-0.0073972028	8.5903006
1.2181021	0.78904104	0.0010112298	8.5903006
1.2118651	0.77776533	-0.0099197328	8.5820723
1.2149836	0.78839672	0.014464723	8.5985289
1.2134243	0.78710806	-0.020850696	8.602643
1.2165428	0.78195345	-0.025895756	8.5697308
1.2196614	0.78034264	0.007737976	8.5861864
1.2165428	0.77293289	0.016987253	8.5656166
1.2103058	0.77293289	0.028759057	8.5944147
1.2118651	0.76069069	0.026236527	8.5697308
1.2149836	0.753281	0.027918214	8.54916
1.2196614	0.76520097	0.079209656	8.6232128
1.2149836	0.77164423	-0.025054913	8.5985289
1.2165428	0.7719664	0.024554841	8.5615025
1.2134243	0.77067775	-0.0031929866	8.5903006
1.2118651	0.7806648	0.010260507	8.6314411
1.2165428	0.77164423	-0.086436465	8.5615025
1.2149836	0.76810044	-0.013283106	8.5738449
1.2134243	0.77293289	-0.014123949	8.5779581
1.2134243	0.77132207	0.024554841	8.5820723
1.2134243	0.77905399	0.012783037	8.5944147
1.2165428	0.77937615	-0.22601645	8.5985289
1.2118651	0.78002048	-0.0082380464	8.602643
1.2149836	0.78743023	-0.028418286	8.6108704
1.2134243	0.7745437	-0.0040338296	8.5532742
1.2087466	0.77389938	-0.041871779	8.5944147
1.2134243	0.77261072	-0.0057155164	8.5820723
1.2087466	0.77325505	0.021191468	8.5861864
1.2165428	0.76326799	-0.0040338296	8.5903006
1.2149836	0.77325505	-0.014964793	8.5903006
1.2165428	0.78034264	-0.026736598	8.5985289
1.2212207	0.78614157	0.0060562897	8.5779581
1.2134243	0.78388643	0.020350626	8.6108704
1.2165428	0.79129618	-0.025054913	8.5985289
1.2118651	0.78130913	0.13722785	8.5615025
1.2134243	0.77712101	-0.027577441	8.5944147
1.2212207	0.78259778	-0.024214068	8.5615025
1.2134243	0.78034264	0.0068971328	8.6108704
1.2149836	0.77873182	-0.01916901	8.5944147
1.2118651	0.77873182	-0.014964793	8.5861864
1.2134243	0.78549725	0.0068971328	8.5985289
1.2149836	0.77615452	-0.015805636	8.5861864
1.2165428	0.78291994	0.011942193	8.602643
1.2181021	0.78807455	0.018668938	8.6067562
1.2118651	0.77647668	-0.0082380464	8.5656166
1.2071873	0.78710806	-0.030940816	8.6314411
1.2118651	0.78453076	-0.0082380464	8.6067562
1.2165428	0.78710806	0.10527579	8.5985289
1.2149836	0.77712101	0.007737976	8.5656166
1.2196614	0.78291994	-0.014964793	8.6149845
1.2103058	0.78034264	0.0085788192	8.5861864
1.2165428	0.78324211	-0.0073972028	8.5738449
1.2103058	0.79194051	0.0085788192	8.6067562
1.2196614	0.78034264	0.015305566	8.5738449
1.2165428	0.792907	-0.0082380464	8.6314411
1.2103058	0.79483998	0.012783037	8.6067562
1.2181021	0.77873182	0.030440746	8.5779581
1.2087466	0.77003342	-0.030940816	8.5861864
1.2134243	0.7658453	-0.022532383	8.5985289
1.2149836	0.76359016	-0.020850696	8.5861864
1.2134243	0.75360316	0.022032311	8.5615025
1.2071873	0.76101285	0.13050111	8.5779581
1.205628	0.77164423	-0.012442263	8.602643
1.2134243	0.75650263	0.011942193	8.5615025
1.2103058	0.76938909	0.027918214	8.5861864
1.2118651	0.76777828	0.025395684	8.5656166
1.2118651	0.77164423	0.015305566	8.5861864
1.2149836	0.77840966	0.0035337596	8.5779581
1.2149836	0.77518803	-0.022532383	8.5697308
1.2134243	0.77228856	-0.10913923	8.5944147
1.2134243	0.76874477	0.016987253	8.5697308
1.2071873	0.77969831	0.029599901	8.6190987
1.2087466	0.78807455	0.0035337596	8.6108704
1.2134243	0.7842086	-0.00067045673	8.5985289
1.2196614	0.77518803	0.089299776	8.5779581
1.2103058	0.78034264	-0.023373226	8.6108704
1.2196614	0.77776533	-0.0082380464	8.5861864
1.2103058	0.76874477	0.027077371	8.5820723
1.2181021	0.7594021	-0.037667561	8.5615025
1.2134243	0.77422154	0.0001703865	8.5985289
1.2103058	0.78581941	-0.0040338296	8.6190987
1.2165428	0.7867859	0.0018520731	8.5903006
1.2134243	0.78549725	0.010260507	8.5738449
1.2196614	0.79032969	-0.026736598	8.5903006
1.2181021	0.77840966	-0.0015113001	8.5944147
1.2118651	0.77873182	0.0052154465	8.5738449
1.2149836	0.78549725	-0.020009853	8.5861864
1.2087466	0.78871888	-0.014123949	8.5944147
1.2165428	0.78485292	-0.0099197328	8.5985289
1.2212207	0.78163129	-0.0090788892	8.5779581
1.2134243	0.77422154	0.034644961	8.5820723
1.2134243	0.77518803	0.0085788192	8.5985289
1.2196614	0.76971126	0.0010112298	8.5861864
1.2165428	0.76681179	-0.010760576	8.5738449
1.2134243	0.76455665	0.015305566	8.5738449
1.2134243	0.78195345	-0.017487323	8.6067562
1.2134243	0.77840966	-0.012442263	8.5903006
1.2149836	0.77325505	-0.020009853	8.5656166
1.2118651	0.78098696	-0.01916901	8.5944147
1.2103058	0.77615452	0.0035337596	8.5697308
1.2118651	0.78163129	0.030440746	8.602643
1.2087466	0.78098696	0.010260507	8.5985289
1.2134243	0.78549725	-0.020850696	8.5779581
1.2134243	0.79097402	0.0085788192	8.6067562
1.2149836	0.79516214	0.0043746028	8.5697308
1.2165428	0.79032969	0.0085788192	8.6149845
1.2165428	0.79709512	0.01614641	8.5944147
1.2149836	0.78614157	-0.01160142	8.6149845
1.2118651	0.78388643	-0.0048746732	8.5944147
1.2181021	0.77647668	0.010260507	8.602643
1.2134243	0.77518803	-0.0099197328	8.5820723
1.2196614	0.77937615	-0.0065563596	8.5903006
1.2165428	0.77518803	0.0094196629	8.5903006
1.2134243	0.76520097	0.013623879	8.5615025
1.2165428	0.76874477	-0.0082380464	8.5738449
1.235254	0.77422154	-0.0048746732	8.5861864
1.2524061	0.77132207	0.018668938	8.5532742
1.275795	0.7806648	-0.0099197328	8.5820723
1.3038619	0.78581941	-0.0073972028	8.5903006
1.3381656	0.77905399	0.0094196629	8.54916
1.3833842	0.77712101	-0.025054913	8.5615025
1.4379586	0.78904104	-0.010760576	8.5656166
1.4972107	0.77325505	0.014464723	8.5615025
1.5736147	0.76391232	0.012783037	8.5162477
1.6671708	0.77035558	-0.0082380464	8.5203619
1.7763193	0.77164423	-0.017487323	8.5121346
1.8963828	0.76938909	-0.0040338296	8.4545383
2.0226834	0.76133502	0.0026929164	8.4627666
2.1598988	0.7594021	0.012783037	8.4010563
2.3002326	0.76391232	-0.01664648	8.3887138
2.4483631	0.77293289	-0.014123949	8.3846006
2.6105268	0.7658453	0.045575924	8.3640299
2.7773683	0.77261072	-0.021691538	8.3434601
2.9473286	0.77035558	0.0001703865	8.2982054
3.1219664	0.7558583	-0.014123949	8.2570658
3.2872486	0.77035558	-0.0048746732	8.289978
3.4540901	0.76101285	0.088458933	8.2200394
3.6256096	0.76165718	0.0026929164	8.2200394
3.7940104	0.7623015	-0.0040338296	8.1747847
3.9717667	0.753281	-0.0040338296	8.1624432
4.1464047	0.74200529	0.022032311	8.1089611
4.3335171	0.73523986	0.0085788192	8.0925045
4.5097141	0.74748206	0.0035337596	8.0925045
4.6874704	0.73523986	0.0052154465	8.0349083
4.8745828	0.72847444	-0.00067045673	8.0307941
5.0523396	0.73040742	-0.031781659	8.001996
5.2285366	0.73137391	0.088458933	7.9526286
5.4109712	0.72525281	0.0001703865	7.9279442
5.5824904	0.72428632	-0.00067045673	7.9444003
5.7618065	0.72718579	0.018668938	7.9073744
5.9364448	0.73137391	-0.0031929866	7.8785763
6.1048455	0.72525281	-0.0040338296	7.8209796
6.2716875	0.72815228	0.010260507	7.8497782
6.4478846	0.73137391	-0.014123949	7.8045239
6.6287599	0.72460848	0.043894235	7.7757254
6.7971611	0.72493064	-0.0048746732	7.7592692
6.9764771	0.70850039	0.0094196629	7.7263575
7.1448784	0.7188096	-0.013283106	7.7386994
7.3132796	0.71107769	-0.0082380464	7.7099013
7.4894767	0.69851333	-0.031781659	7.6852169
7.6625557	0.70173496	0.0052154465	7.6687608
7.8013306	0.70076847	-0.0040338296	7.6769891
7.9977989	0.7075339	0.041371711	7.6440768
8.1490479	0.71526581	-0.030940816	7.6399627
8.3283644	0.70978904	0.007737976	7.5864806
8.4983244	0.69883549	0.0026929164	7.5864806
8.6838779	0.70431226	-0.013283106	7.5823665
8.860075	0.70109063	0.012783037	7.5453401
9.0315952	0.69464737	0.01110135	7.5329981
9.2046738	0.70850039	0.0010112298	7.5247703
9.3980236	0.70431226	-0.013283106	7.516542
9.558629	0.71462148	-0.012442263	7.5206561
9.7488594	0.70463443	0.095185675	7.4589467
9.9250574	0.69432521	-0.0073972028	7.4383764
10.099696	0.69432521	-0.0048746732	7.4548326
10.275894	0.68498248	0.015305566	7.4219203
10.452091	0.68594897	-0.0065563596	7.3972363
10.565919	0.67080736	0.007737976	7.3437538
10.751472	0.67789495	-0.0015113001	7.3725519
10.891806	0.67821711	0.0052154465	7.347868
11.050852	0.6704852	-0.0082380464	7.3272977
11.214576	0.67241818	0.01110135	7.3149557
11.375181	0.68079442	0.011942193	7.335526
11.535787	0.68691546	-0.038508404	7.323184
11.666765	0.69142574	-0.023373226	7.2861576
11.805541	0.69400305	0.023713998	7.2820435
11.959908	0.67982793	0.016987253	7.2655873
12.101803	0.67563981	0.0043746028	7.2697015
12.248374	0.67338467	-0.023373226	7.2450175
12.394946	0.67209601	0.015305566	7.2532454
12.521247	0.67596197	-0.00067045673	7.2450175
12.661582	0.6730625	0.029599901	7.2532454
12.792561	0.67080736	-0.0040338296	7.2203331
12.931336	0.66146463	-0.01916901	7.203877
13.062315	0.66597492	-0.00067045673	7.1874208
13.185497	0.66533059	-0.010760576	7.1997633
13.313358	0.66243112	0.019509783	7.1750789
13.436541	0.6669414	0.017828096	7.1709652
13.558165	0.67338467	-0.01916901	7.1833072
13.698499	0.66790789	0.014464723	7.1380529
13.812326	0.66629708	0.0010112298	7.1380529
13.930831	0.67467332	-0.024214068	7.1298246
14.054013	0.67145169	-0.0023521434	7.1257105
14.1694	0.66887438	0.0052154465	7.1092548
14.276991	0.65695435	0.018668938	7.0886846
14.376783	0.65534353	-0.01160142	7.0845704
14.475019	0.65083325	-0.012442263	7.0763426
14.573253	0.64922243	0.01614641	7.0722284
14.663691	0.65147758	0.0060562897	7.0804563
14.758807	0.65534353	-0.088118158	7.0722284
14.850804	0.65147758	-0.020009853	7.0516582
14.935005	0.64857811	-0.024214068	7.0393162
15.027002	0.64471221	-0.0065563596	7.035202
15.109643	0.65663218	-0.032622501	7.0722284
15.190726	0.65792084	0.1750658	7.0393162
15.268689	0.65792084	-0.0065563596	7.0310888
15.348212	0.6669414	-0.026736598	7.0681143
15.416821	0.66823006	0.020350626	7.0640001
15.504141	0.65792084	-0.01160142	6.9981766
15.586782	0.66887438	-0.043553464	7.035202
15.661628	0.65727651	-0.0090788892	6.9899487
15.736472	0.66371977	0.020350626	7.035202
15.817555	0.6556657	0.012783037	6.9940629
15.884604	0.65598786	-0.00067045673	7.0064049
15.965687	0.6460008	-0.0040338296	6.9776068
16.035852	0.64116842	0.036326651	6.9776068
16.101343	0.6421349	-0.0099197328	6.9693785
16.173071	0.64439005	-0.0048746732	6.9817204
16.232323	0.64986676	-0.0057155164	6.9529223
16.290016	0.64761162	0.0060562897	6.9899487
16.346151	0.65051109	0.027918214	6.9776068
16.400724	0.64181274	0.01110135	6.9488087
16.447502	0.6495446	-0.0073972028	6.9652648
16.491163	0.6521219	0.010260507	6.9570365
16.533262	0.65985382	-0.010760576	6.9940629
16.575363	0.66146463	0.035485804	6.9570365
16.609669	0.65792084	-0.00067045673	6.9529223
16.647091	0.65759867	-0.014964793	6.9570365
16.682955	0.65147758	-0.041030932	6.9570365
16.720377	0.64761162	0.010260507	6.9611506
16.750002	0.65115541	-0.01160142	6.9652648
16.785866	0.64825594	-0.0015113001	6.9446945
16.820171	0.66017598	0.0094196629	6.9652648
16.862272	0.65953165	0.014464723	6.9652648
16.890337	0.65405488	0.0010112298	6.9446945
16.919964	0.64632297	-0.024214068	6.9405804
16.957386	0.65341055	0.0010112298	6.9570365
16.985455	0.64922243	0.0052154465	6.9282384
17.013521	0.64632297	-0.027577441	6.9364662
17.044706	0.6460008	0.010260507	6.8994403
17.071215	0.6495446	-0.021691538	6.9323525
17.097723	0.65985382	-0.0099197328	6.9488087
17.133585	0.65179974	0.033804119	6.8953261
17.16633	0.6460008	-0.0057155164	6.8994403
17.200634	0.64245707	-0.014964793	6.9076681
17.231821	0.64084625	-0.012442263	6.9076681
17.263006	0.64793378	0.011942193	6.9200101
17.289513	0.64471221	0.051461827	6.9076681
17.311344	0.64471221	-0.0015113001	6.9200101
17.344088	0.64245707	-0.0023521434	6.891212
17.364359	0.63633597	-0.012442263	6.9158964
17.38151	0.63891327	-0.01160142	6.9035544
17.401781	0.64116842	0.0094196629	6.87887
17.429848	0.64793378	0.0010112298	6.9117823
17.447001	0.65018892	-0.017487323	6.9035544
17.464151	0.64728945	0.023713998	6.8953261
17.482864	0.65308839	-0.025054913	6.8829842
17.501575	0.65308839	0.011942193	6.8994403
17.51561	0.66114247	0.011942193	6.9158964
17.545235	0.65051109	-0.0082380464	6.8624139
17.567064	0.64310139	0.0026929164	6.8747559
17.571743	0.63601381	0.0018520731	6.8829842
17.593573	0.64052409	0.032963276	6.8994403
17.609165	0.6395576	0.021191468	6.87887
17.620081	0.63569164	-0.0031929866	6.891212
17.637232	0.63279217	0.007737976	6.8706422
17.652824	0.63633597	-0.0073972028	6.8870983
17.668419	0.63665813	-0.012442263	6.9035544
17.674656	0.63762462	-0.0040338296	6.8870983
17.688688	0.64342356	-0.0065563596	6.8829842
17.698044	0.64149058	0.0026929164	6.8747559
17.713636	0.64793378	0.027077371	6.9076681
17.722992	0.65147758	-0.025054913	6.8747559
17.730789	0.65083325	-0.028418286	6.8500719
17.735466	0.6556657	-0.023373226	6.8829842
17.75106	0.65051109	-0.0023521434	6.8500719
17.752619	0.64406788	0.026236527	6.8418441
17.757298	0.6369803	-0.0040338296	6.8459578
17.758856	0.62989271	-0.00067045673	6.8377299
17.761974	0.63826895	-0.0048746732	6.8870983
17.77289	0.63794678	-0.014964793	6.8624139
17.77289	0.62667108	0.024554841	6.866528
17.780685	0.64149058	-0.014123949	6.8706422
17.785364	0.6369803	-0.025895756	6.8500719
17.782246	0.64052409	0.0018520731	6.891212
17.793161	0.64052409	-0.020009853	6.8541861
17.800957	0.63536948	-0.020850696	6.8583002
17.805635	0.64342356	-0.027577441	6.8829842
17.799398	0.63923544	-0.022532383	6.8706422
17.813431	0.65051109	-0.01160142	6.8706422
17.811872	0.64632297	-0.013283106	6.8212738
17.816549	0.64761162	-0.012442263	6.8583002
17.827463	0.6460008	0.027918214	6.8500719
17.827463	0.63859111	0.0010112298	6.8377299
17.8337	0.65244406	-0.020009853	6.87887
17.839939	0.64567864	-0.014964793	6.8500719
17.841497	0.63923544	-0.0023521434	6.8377299
17.838379	0.6460008	-0.018328166	6.866528
17.843058	0.64149058	-0.014123949	6.8541861
17.832142	0.64728945	-0.023373226	6.8747559
17.838379	0.63472515	-0.014123949	6.825388
17.838379	0.64149058	-0.041871779	6.8583002
17.836821	0.6460008	-0.025895756	6.8541861
17.830584	0.62989271	-0.012442263	6.8171597
17.827463	0.63021487	-0.010760576	6.8336158
17.829023	0.64052409	-0.020850696	6.8583002
17.821226	0.63601381	-0.0057155164	6.8336158
17.816549	0.64406788	-0.020009853	6.8418441
17.805635	0.64406788	0.0052154465	6.8377299
17.797838	0.65083325	-0.018328166	6.8336158
17.788483	0.65083325	-0.015805636	6.8500719
17.776009	0.65051109	-0.030099971	6.8500719
17.765093	0.63569164	-0.030099971	6.8171597
17.760416	0.63182569	-0.028418286	6.8212738
17.75106	0.63633597	-0.036826719	6.8624139
17.735466	0.63569164	-0.038508404	6.8418441
17.707399	0.6395576	-0.01664648	6.825388
17.712078	0.63601381	-0.079709724	6.8007035
17.690247	0.63923544	-0.0031929866	6.8212738
17.673096	0.63794678	-0.04523515	6.8171597
17.655943	0.63408083	-0.038508404	6.8007035
17.641909	0.63601381	-0.027577441	6.8212738
17.627876	0.64342356	-0.071301289	6.825388
17.604486	0.63891327	-0.066256233	6.7842474
17.57798	0.64825594	-0.069619603	6.825388
17.565506	0.64310139	-0.070460446	6.7883615
17.537437	0.64567864	-0.07550551	6.8171597
17.518726	0.64052409	-0.086436465	6.8212738
17.487541	0.64020193	-0.078028038	6.8007035
17.467272	0.64728945	-0.12511526	6.8212738
17.434526	0.64374572	-0.11166176	6.8089318
17.393984	0.64890027	-0.092322372	6.8624139
17.367477	0.63633597	-0.10409418	6.7924757
17.331614	0.63440299	-0.12931947	6.8171597
17.292631	0.63214785	-0.11922935	6.8007035
17.247412	0.6247381	-0.1200702	6.8007035
17.202194	0.64116842	-0.13268284	6.8212738
17.158535	0.63311434	-0.14697719	6.7760196
17.10396	0.64471221	-0.14613634	6.8130455
17.047825	0.65179974	-0.11754768	6.8171597
16.991692	0.64793378	-0.16547573	6.7801337
16.932438	0.63408083	-0.18481512	6.7554493
16.865389	0.63472515	-0.1688391	6.7842474
16.80146	0.64406788	-0.22097138	6.8007035
16.731291	0.63440299	-0.19322357	6.7595634
16.651768	0.63987976	-0.24115162	6.7924757
16.569126	0.63472515	-0.26385438	6.7677913
16.480247	0.63859111	-0.25880933	6.7760196
16.38669	0.63794678	-0.28992054	6.7883615
16.288456	0.63440299	-0.28992054	6.7677913
16.187103	0.64342356	-0.3437345	6.7883615
16.074837	0.63375866	-0.3580288	6.7307653
15.95633	0.63504732	-0.33868942	6.7719054
15.842504	0.6273154	-0.42529625	6.7307653
15.708406	0.62989271	-0.41352445	6.7348795
15.574308	0.64406788	-0.34877953	6.7842474
15.429296	0.63826895	-0.2739445	6.7389932
15.279605	0.63375866	-0.51947069	6.7554493
15.128354	0.63504732	-0.52703828	6.7431073
14.961513	0.64406788	-0.57244378	6.7348795
14.79467	0.64277923	-0.59598738	6.7184234
14.610675	0.63440299	-0.58926064	6.6896253
14.418884	0.63118136	-0.71454626	6.6896253
14.219296	0.63504732	-0.71875048	6.6937389
13.99788	0.62441593	-0.72715884	6.6608267
13.763988	0.62892622	-0.8255375	6.7019672
13.528538	0.62828189	-0.86505711	6.656713
13.272818	0.62377161	-0.95418644	6.6361427
13.004622	0.62216079	-1.0164088	6.6114588
12.717715	0.61152941	-0.9483006	6.6196866
12.423013	0.61893916	-1.1627154	6.6196866
12.111157	0.61668402	-1.1887816	6.5867743
11.791507	0.61475104	-1.2123252	6.6073446
11.443789	0.61024076	-1.3636769	6.566205
11.085156	0.61990565	-1.4334668	6.5991163
10.71249	0.61217374	-1.587341	6.5497489
10.322672	0.61700618	-1.6495633	6.5374069
9.9234991	0.6150732	-1.6798337	6.4880385
9.5087318	0.60927433	-1.8942484	6.4839249
9.0799322	0.6150732	-2.002717	6.4798107
8.6246252	0.59735429	-2.0556901	6.4304423
8.1677589	0.60573053	-2.280195	6.4304423
7.7062154	0.59960943	-2.37521	6.3975301
7.2166047	0.59960943	-2.6098051	6.381074
6.7301126	0.60508621	-2.7628381	6.3605042
6.2280278	0.59509915	-2.8368323	6.3111358
5.7321801	0.59413266	-3.1428988	6.2823377
5.2347736	0.59348834	-3.2934096	6.2329693
4.7810268	0.59509915	-3.5347309	6.200057
4.3381948	0.59123319	-3.7558722	6.1712589
3.8517034	0.58801156	-3.8206172	6.1218915
3.3449414	0.58092397	-4.3024192	6.068409
2.8787205	0.57576942	-4.5008578	6.0396109
2.4031444	0.58350128	-4.7270441	5.9902425
1.9556348	0.57254779	-5.1264434	5.9408746
1.5159218	0.57738018	-5.3820591	5.9244184
1.1307833	0.56384939	-5.8781552	5.8380237
0.80801529	0.56256074	-6.1463833	5.7927694
0.5429402	0.56578237	-6.3826594	5.743402
0.37609884	0.55643964	-7.0200167	5.6734638
0.30125412	0.54999638	-7.2949715	5.6405516
0.28254294	0.54258668	-7.9441004	5.5541573
0.27630588	0.5445196	-8.2795954	5.5171309
0.2794244	0.54097587	-8.5965919	5.4471922
0.2747466	0.53324395	-9.3827782	5.3690262
0.26850954	0.52808934	-9.8015165	5.2990885
0.26850954	0.53098881	-10.335449	5.274404
0.24979837	0.52905583	-10.444759	5.2168078
0.27006882	0.52454555	-10.447281	5.1838956
0.35582837	0.51230341	-10.441395	5.1221852
0.41975826	0.5106926	-10.480074	5.1098433
0.48212889	0.50296068	-10.389263	5.0728173
0.44782501	0.50038338	-10.438872	5.0275631
0.3823359	0.50328285	-10.449803	5.0234494
0.69262969	0.4984504	-10.47671	4.9823089
2.2706068	0.49200714	-10.438872	4.9288268
1.4629068	0.48105362	-10.333768	4.9205985
1.1385796	0.49361795	-10.479233	4.9411688
0.74096692	0.4855639	-10.473348	4.8630023
0.51019567	0.48491958	-10.468302	4.8506608
0.3511506	0.47299957	-10.462417	4.7848363
0.25447616	0.48040929	-10.454848	4.8300905
0.23888353	0.47718766	-10.469144	4.7313538
0.27318734	0.48008713	-10.432146	4.7354679
0.26695028	0.48266444	-10.464098	4.710784
0.26071322	0.47783199	-10.469984	4.7025557
0.30125412	0.48491958	-10.454007	4.7025557
0.3059319	0.47203308	-10.461576	4.6737576
0.32620236	0.46397901	-10.443076	4.6943278
0.34491354	0.47203308	-10.459053	4.6943278
0.34023574	0.46913362	-10.483438	4.6860995
0.35894692	0.46430117	-10.390945	4.6696439
0.48836592	0.4736439	-10.487641	4.6860995
0.56009215	0.46075737	-10.469984	4.6285038
0.51019567	0.4581801	-10.380855	4.6367316
0.50863642	0.45914659	-10.479233	4.5791354
0.48368815	0.46333468	-10.464938	4.5709076
0.46497697	0.4614017	-10.433827	4.5503373
0.46497697	0.46816713	-10.475029	4.5421095
0.44470653	0.45785794	-10.411124	4.4557152
0.45873991	0.46043521	-10.459894	4.4557152
0.45873991	0.45753577	-10.467461	4.4228029
0.46653622	0.4494817	-10.459053	4.3569784
0.44314724	0.43723953	-10.483438	4.3652067
0.4493843	0.44464928	-10.427101	4.3364086
0.52578831	0.43047413	-10.464098	4.2870407
0.49148446	0.43111846	-10.463257	4.2829266
0.50239933	0.42596385	-10.45653	4.2705846
0.52578831	0.42757466	-10.468302	4.2376723
0.51019567	0.43240708	-10.391786	4.2500143
0.4805696	0.42564169	-10.468302	4.2006464
0.52266979	0.42306438	-10.480914	4.2088742
0.52266979	0.42757466	-10.454007	4.2006464
0.53826243	0.4246752	-10.438872	4.1924181
0.53982168	0.42499736	-10.438032	4.175962
0.56321067	0.43176275	-10.479233	4.1841903
0.55853289	0.44110548	-10.494368	4.1677341
0.52578831	0.44561577	-10.427101	4.1841903
0.51487345	0.43756169	-10.443076	4.151278
0.60687011	0.43144059	-10.454848	4.1142521
0.52734756	0.440139	-10.459894	4.1718478
0.58192182	0.43949467	-10.477551	4.1183662
0.56009215	0.42886332	-10.450644	4.0648837
0.5694477	0.42274222	-10.498572	4.0689979
0.59439594	0.41565466	-10.430465	4.0936818
0.57568479	0.40985572	-10.417851	4.0360856
0.56632918	0.41726544	-10.460734	4.0401998
0.58192182	0.40341246	-10.334609	4.0196295
0.6505295	0.40631193	-10.454007	4.0114017
0.6037516	0.40341246	-10.461576	4.0072875
0.6302591	0.40695626	-10.457372	4.0072875
0.61778492	0.40631193	-10.449803	3.9784894
0.62869984	0.40502328	-10.417851	3.9784894
0.63337761	0.41114438	-10.484279	3.9743752
0.63337761	0.41662115	-10.48596	3.9784894
0.63805544	0.42564169	-10.475869	3.9620333
0.65364808	0.41887626	-10.428782	3.9373496
0.67235923	0.41790977	-10.424579	3.9784894
0.67547774	0.4185541	-10.451485	3.9332354
0.64741099	0.41629899	-10.443918	3.9126654
0.65364808	0.40437895	-10.469144	3.9085512
0.67859632	0.39890221	-10.444759	3.9250073
0.68951118	0.39825788	-10.461576	3.9044373
0.69262969	0.40212384	-10.45653	3.9085512
0.69418901	0.39825788	-10.461576	3.8879812
0.69574821	0.39696923	-10.446441	3.9003232
0.70510381	0.39310327	-10.469144	3.838613
0.7113409	0.39922437	-10.428782	3.863297
0.71601868	0.40598977	-10.45653	3.871525
0.71913725	0.40437895	-10.459894	3.8797531
0.71913725	0.39439192	-10.443918	3.830385
0.72537422	0.39664707	-10.448122	3.8427269
0.71913725	0.41017789	-10.420374	3.8756392
0.73472983	0.41082221	-10.454848	3.8262708
0.74720401	0.41243303	-10.453167	3.8344989
0.74876326	0.42306438	-10.432987	3.850955
0.75188172	0.41629899	-10.424579	3.8139288
0.75967807	0.41629899	-10.432146	3.8098147
0.76279664	0.41017789	-10.443918	3.8221569
0.7737115	0.40115735	-10.449803	3.7769027
0.77838933	0.39213678	-10.463257	3.7563329
0.77527076	0.38827085	-10.467461	3.7810166
0.77838933	0.38214976	-10.342176	3.7439907
0.78150779	0.38376057	-10.4456	3.7481048
0.77994853	0.38633788	-10.462417	3.7439907
0.78306705	0.39535841	-10.37581	3.7481048
0.78306705	0.402446	-10.494368	3.7645609
0.79086339	0.40276816	-10.457372	3.7686746
0.79086339	0.40276816	-10.454007	3.7522187
0.79554123	0.39825788	-10.451485	3.7234206
0.79554123	0.39471409	-10.400194	3.7151926
0.800219	0.39954653	-10.451485	3.7398767
0.81113386	0.39181462	-10.437191	3.7028506
0.78774488	0.39181462	-10.45569	3.7357628
0.80489683	0.38762653	-10.437191	3.6781664
0.81269312	0.38955948	-10.415329	3.7110786
0.80645609	0.38279408	-10.447281	3.7028506
0.80333757	0.3782838	-10.448122	3.6781664
0.80645609	0.36926326	-10.42626	3.6863945
0.80801529	0.38601571	-10.480074	3.7234206
0.80489683	0.38118327	-10.392627	3.6740525
0.80333757	0.38666004	-10.467461	3.6863945
0.81269312	0.39664707	-10.480914	3.6863945
0.81581163	0.40534544	-10.45569	3.6905084
0.80957454	0.39696923	-10.469984	3.6946225
0.81581163	0.39729139	-10.396831	3.6658244
0.82048947	0.38988164	-10.465779	3.6452541
0.81425238	0.39471409	-10.480074	3.6740525
0.82204872	0.39310327	-10.457372	3.6575963
0.81893015	0.38730437	-10.454007	3.6411402
0.81737089	0.38247192	-10.359834	3.6452541
0.81737089	0.37925029	-10.45569	3.6452541
0.81425238	0.3782838	-10.451485	3.6822805
0.81269312	0.37216273	-10.451485	3.6658244
0.81113386	0.37474003	-10.454848	3.6452541
0.80489683	0.37635082	-10.438872	3.6822805
0.81269312	0.3808611	-10.461576	3.6452541
0.81893015	0.38633788	-10.437191	3.6617103
0.81425238	0.39278111	-10.449803	3.6781664
0.81581163	0.39310327	-10.442237	3.6617103
0.81581163	0.39761356	-10.443918	3.6658244
0.82048947	0.39890221	-10.469144	3.6781664
0.82204872	0.40212384	-10.461576	3.6781664
0.82204872	0.3998687	-10.485119	3.6699383
0.81425238	0.39600274	-10.438032	3.6534822
0.81893015	0.39825788	-10.464098	3.6781664
0.81893015	0.40147951	-10.454007	3.6822805
0.82204872	0.39535841	-10.4456	3.6617103
0.82048947	0.37667298	-10.367401	3.6370261
0.81581163	0.38859302	-10.473348	3.6822805
0.82048947	0.39825788	-10.45653	3.7110786
0.82360798	0.38891518	-10.422056	3.6452541
0.82672656	0.39535841	-10.46662	3.6740525
0.82516724	0.3902038	-10.438032	3.6617103
0.83140433	0.38537139	-10.467461	3.6740525
0.82984507	0.39278111	-10.453167	3.6781664
0.83920062	0.402446	-10.321156	3.6781664
0.83296359	0.40470111	-10.443076	3.6617103
0.83920062	0.40631193	-10.513707	3.6617103
0.83920062	0.40760058	-10.491005	3.6863945
0.83452284	0.40856707	-10.459053	3.6658244
0.83920062	0.40856707	-10.427941	3.6699383
0.84231913	0.4092114	-10.475029	3.6863945
0.83608204	0.3869822	-10.458212	3.6534822
0.85011548	0.37763947	-10.444759	3.6370261
0.84699696	0.37957245	-10.462417	3.6411402
0.85011548	0.38794869	-10.35647	3.6822805
0.85167474	0.37925029	-10.469984	3.6699383
0.85947108	0.37763947	-10.45653	3.6493683
0.86414886	0.38311625	-10.470825	3.6493683
0.86258966	0.38182759	-10.448122	3.6617103
0.86570811	0.39245895	-10.332927	3.7028506
0.8610304	0.3937476	-10.444759	3.6658244
0.86726737	0.39439192	-10.474188	3.6617103
0.86726737	0.39535841	-10.486801	3.6781664
0.86726737	0.39406976	-10.469144	3.6740525
0.87038594	0.38794869	-10.436351	3.6781664
0.8719452	0.38794869	-10.486801	3.6617103
0.87350446	0.38601571	-10.462417	3.6575963
0.87818229	0.39471409	-10.443076	3.6863945
0.87662297	0.37763947	-10.439713	3.6452541
0.87662297	0.38118327	-10.449803	3.6575963
0.88441932	0.3750622	-10.477551	3.6452541
0.88441932	0.37925029	-10.470825	3.6863945
0.89065641	0.3808611	-10.377492	3.6658244
0.88909715	0.37763947	-10.484279	3.6452541
0.88597864	0.38021678	-10.288363	3.6658244
0.88597864	0.38247192	-10.471665	3.6575963
0.88597864	0.37667298	-10.450644	3.6534822
0.88130081	0.3844049	-10.366561	3.6493683
0.88286006	0.39793572	-10.451485	3.6822805
0.8875379	0.38827085	-10.415329	3.6411402
0.88286006	0.40309033	-10.480914	3.6575963
0.88441932	0.38955948	-10.479233	3.6617103
0.87974155	0.38343841	-10.430465	3.6329122
0.87974155	0.39825788	-10.449803	3.6617103
0.87818229	0.39535841	-10.469144	3.6617103
0.87506372	0.40212384	-10.45653	3.6987364
0.87662297	0.38923734	-10.463257	3.6246841
0.87038594	0.39503625	-10.436351	3.6370261
0.86570811	0.37860596	-10.479233	3.6205702
0.86882663	0.37892812	-10.448122	3.6370261
0.86414886	0.37892812	-10.478392	3.616456
0.86570811	0.37699515	-10.442237	3.616456
0.85635257	0.37731731	-10.312746	3.6246841
0.85323405	0.38118327	-10.452326	3.6329122
0.85479331	0.38762653	-10.459053	3.6205702
0.84699696	0.39954653	-10.432146	3.6534822
0.84855622	0.40373462	-10.480074	3.6205702
0.84543771	0.39342543	-10.263978	3.595886
0.84231913	0.39696923	-10.462417	3.6452541
0.84231913	0.39664707	-10.45653	3.6246841
0.84231913	0.37731731	-10.425419	3.5794303
0.83764136	0.37763947	-10.496049	3.6246841
0.84075987	0.37538436	-10.423738	3.6617103
0.83920062	0.37763947	-10.4456	3.5917718
0.83452284	0.37538436	-10.464098	3.595886
0.83296359	0.36958542	-10.454848	3.6123421
0.84231913	0.37087408	-10.458212	3.6123421
0.84075987	0.36861894	-10.482595	3.616456
0.83296359	0.37474003	-10.469144	3.6205702
0.83296359	0.36797461	-10.464098	3.595886
0.82516724	0.37248489	-10.395989	3.6123421
0.82984507	0.38021678	-10.448122	3.6041141
0.82984507	0.38666004	-10.432987	3.616456
0.82984507	0.38955948	-10.474188	3.6411402
0.82672656	0.39342543	-10.452326	3.616456
0.82828581	0.40019086	-10.422056	3.6452541
0.82828581	0.39729139	-10.474188	3.616456
0.82984507	0.38150543	-10.480914	3.5876582
0.82828581	0.38794869	-10.487641	3.6246841
0.82828581	0.38214976	-10.487641	3.6246841
0.82516724	0.37474003	-10.441395	3.616456
0.82984507	0.3782838	-10.467461	3.6041141
0.82672656	0.38633788	-10.461576	3.6329122
0.81893015	0.38891518	-10.461576	3.6370261
0.82048947	0.40534544	-10.490164	3.6740525
0.82672656	0.3902038	-10.387582	3.608228
0.81425238	0.39439192	-10.465779	3.6370261
0.81737089	0.38988164	-10.459053	3.6123421
0.81269312	0.40373462	-10.335449	3.6658244
0.81737089	0.40309033	-10.480914	3.6329122
0.81581163	0.39729139	-10.314428	3.616456
0.81581163	0.39245895	-10.475869	3.6041141
0.82048947	0.39471409	-10.45569	3.6493683
0.80957454	0.39600274	-10.421215	3.6246841
0.81425238	0.38827085	-10.464098	3.6205702
0.81113386	0.38408273	-10.46662	3.6246841
0.80489683	0.38472706	-10.4456	3.6246841
0.81581163	0.38633788	-10.453167	3.6329122
0.81425238	0.37667298	-10.430465	3.5999999
0.80957454	0.36733028	-10.442237	3.616456
0.81113386	0.3715184	-10.460734	3.6246841
0.80801529	0.37989461	-10.482595	3.6617103
0.80801529	0.38247192	-10.446441	3.6329122
0.80489683	0.38311625	-10.419534	3.6246841
0.80801529	0.3782838	-10.454848	3.608228
0.80957454	0.38923734	-10.436351	3.6452541
0.80801529	0.38923734	-10.489323	3.616456
0.80645609	0.39858004	-10.431305	3.6287982
0.80645609	0.40019086	-10.418693	3.6370261
0.80177832	0.402446	-10.449803	3.6493683
0.80489683	0.39890221	-10.487641	3.6370261
0.80801529	0.3844049	-10.337131	3.616456
0.80177832	0.39664707	-10.444759	3.6575963
0.80489683	0.39278111	-10.46662	3.6534822
0.81425238	0.39310327	-10.484279	3.6740525
0.81113386	0.37667298	-10.465779	3.6246841
0.80957454	0.38376057	-10.411966	3.6575963
0.80801529	0.38891518	-10.469984	3.6411402
0.81269312	0.3844049	-10.485119	3.6452541
0.80333757	0.38762653	-10.448122	3.6617103
0.80645609	0.38794869	-10.471665	3.6575963
0.81425238	0.38955948	-10.448122	3.6452541
0.81269312	0.3902038	-10.468302	3.6452541
0.80177832	0.38633788	-10.489323	3.6452541
0.80645609	0.3937476	-10.48596	3.6617103
0.80333757	0.40147951	-10.475029	3.6658244
0.80489683	0.40276816	-10.378332	3.6740525
0.80957454	0.38182759	-10.462417	3.6411402
0.80957454	0.38633788	-10.475029	3.6575963
0.80333757	0.38633788	-10.420374	3.6575963
0.80177832	0.38730437	-10.45653	3.6905084
0.80177832	0.38601571	-10.414488	3.6946225
0.80489683	0.37474003	-10.460734	3.6411402
0.79865974	0.3869822	-10.451485	3.6987364
0.79398197	0.39793572	-10.34638	3.6863945
0.79865974	0.39568058	-10.460734	3.7028506
0.79710048	0.39664707	-10.463257	3.6905084
0.79865974	0.39149246	-10.497732	3.6617103
0.79398197	0.38891518	-10.478392	3.6493683
0.79086339	0.38923734	-10.4456	3.6863945
0.78462631	0.39568058	-10.467461	3.6617103
0.78618562	0.40309033	-10.435509	3.6863945
0.78150779	0.40341246	-10.457372	3.6987364
0.77683008	0.41211087	-10.449803	3.7069645
0.77994853	0.40019086	-10.34638	3.6658244
0.77059299	0.39568058	-10.480074	3.6822805
0.77838933	0.38827085	-10.458212	3.6699383
0.7737115	0.3869822	-10.468302	3.6781664
0.77215225	0.37474003	-10.437191	3.6740525
0.7737115	0.38021678	-10.37581	3.6617103
0.7643559	0.39406976	-10.458212	3.7069645
0.75811881	0.4117887	-10.485119	3.7234206
0.75967807	0.39471409	-10.48596	3.6699383
0.75344104	0.39278111	-10.459053	3.6699383
0.75344104	0.39439192	-10.327041	3.6781664
0.75344104	0.38762653	-10.491005	3.6658244
0.75032252	0.40341246	-10.449803	3.6863945
0.74408549	0.39568058	-10.4456	3.6946225
0.74252617	0.38730437	-10.450644	3.6699383
0.74096692	0.39954653	-10.411966	3.6822805
0.73940766	0.40341246	-10.483438	3.7069645
0.73161131	0.40598977	-10.459894	3.7234206
0.73472983	0.39149246	-10.465779	3.6617103
0.72537422	0.38988164	-10.467461	3.6822805
0.72381496	0.39149246	-10.321156	3.6863945
0.72537422	0.38569355	-10.478392	3.6740525
0.72693348	0.38247192	-10.464938	3.6617103
0.72225577	0.37989461	-10.469984	3.6905084
0.71445942	0.3998687	-10.452326	3.7234206
0.7113409	0.38730437	-10.42626	3.6905084
0.71290016	0.39793572	-10.475029	3.6822805
0.71290016	0.38988164	-10.46662	3.6863945
0.70978159	0.39503625	-10.390103	3.6987364
0.70978159	0.38472706	-10.440554	3.6658244
0.70198524	0.40083519	-10.473348	3.7439907
0.70198524	0.39825788	-10.459053	3.6987364
0.70198524	0.39535841	-10.452326	3.6781664
0.70510381	0.39213678	-10.448122	3.6781664
0.69262969	0.40180168	-10.467461	3.7522187
0.68327409	0.40180168	-10.454007	3.7193067
0.69886672	0.38859302	-10.463257	3.6781664
0.69574821	0.38794869	-10.478392	3.6781664
0.68795192	0.38794869	-10.467461	3.7398767
0.68951118	0.39825788	-10.475029	3.7275348
0.68327409	0.3902038	-10.435509	3.7028506
0.68327409	0.39664707	-10.385059	3.7151926
0.68327409	0.40341246	-10.48596	3.7151926
0.67547774	0.39890221	-10.49521	3.6987364
0.67079997	0.40309033	-10.463257	3.7275348
0.67235923	0.39825788	-10.496049	3.7357628
0.6661222	0.39568058	-10.448122	3.7234206
0.67079997	0.40309033	-10.486801	3.7398767
0.66924065	0.40663409	-10.480914	3.7357628
0.66456294	0.40437895	-10.479233	3.7193067
0.66300368	0.39278111	-10.453167	3.7151926
0.65676659	0.38408273	-10.322837	3.7481048
0.65676659	0.3937476	-10.483438	3.7481048
0.65520734	0.39149246	-10.454848	3.7275348
0.65832585	0.37763947	-10.438872	3.7151926
0.6505295	0.39310327	-10.437191	3.7604468
0.64897025	0.38666004	-10.337131	3.7645609
0.65520734	0.3844049	-10.446441	3.7398767
0.64429241	0.3902038	-10.453167	3.7522187
0.64273316	0.38859302	-10.475869	3.7481048
0.63805544	0.3963249	-10.45653	3.8057008
0.6396147	0.40598977	-10.427101	3.7851305
0.63649619	0.40534544	-10.45569	3.7645609
0.63493687	0.39729139	-10.436351	3.7563329
0.63649619	0.39310327	-10.45653	3.7686746
0.63337761	0.39600274	-10.498572	3.7769027
0.62869984	0.40147951	-10.332927	3.7933586
0.6302591	0.40502328	-10.475869	3.7769027
0.62558126	0.40437895	-10.491845	3.8139288
0.62246275	0.40631193	-10.611244	3.8098147
0.62246275	0.39600274	-10.439713	3.7892447
0.61934417	0.40341246	-10.421215	3.8180428
0.61154795	0.40856707	-10.47671	3.838613
0.6131072	0.40792274	-10.468302	3.8468409
0.6131072	0.40115735	-10.453167	3.8262708
0.60219228	0.40180168	-10.480074	3.8344989
0.6037516	0.40212384	-10.464938	3.8057008
0.60842937	0.40051302	-10.448122	3.8221569
0.60219228	0.40663409	-10.469144	3.838613
0.59907377	0.40953356	-10.237071	3.838613
0.59751451	0.40663409	-10.427101	3.8344989
0.59283674	0.41146654	-10.462417	3.8674111
0.59751451	0.4092114	-10.480074	3.8427269
0.59595525	0.40276816	-10.473348	3.8344989
0.59127748	0.40470111	-10.464098	3.8468409
0.59127748	0.39696923	-10.471665	3.8550689
0.58815891	0.39278111	-10.425419	3.863297
0.58659965	0.39471409	-10.458212	3.8550689
0.58192182	0.39890221	-10.437191	3.8879812
0.58036256	0.3998687	-10.289204	3.8838673
0.57880336	0.39503625	-10.425419	3.8756392
0.57568479	0.39761356	-10.469984	3.9003232
0.57100701	0.41050005	-10.297611	3.9126654
0.5694477	0.42274222	-10.463257	3.9250073
0.57100701	0.42177573	-10.411966	3.9126654
0.56321067	0.42531952	-10.469144	3.9250073
0.57100701	0.4153325	-10.448963	3.9044373
0.56165141	0.4153325	-10.300975	3.9085512
0.55853289	0.42209789	-10.483438	3.9496911
0.56165141	0.4211314	-10.488482	3.9208934
0.55541432	0.40534544	-10.479233	3.9167793
0.55385506	0.41758761	-10.482595	3.9538052
0.5522958	0.41726544	-10.454007	3.9414635
0.5522958	0.4185541	-10.458212	3.9661472
0.54449946	0.41662115	-10.473348	3.9538052
0.54605877	0.40309033	-10.480914	3.9373496
0.5429402	0.40727842	-10.459053	3.9579191
0.54138094	0.40856707	-10.46662	3.9579191
0.54138094	0.40437895	-10.439713	3.9332354
0.53202534	0.4211314	-10.464938	3.9784894
0.53202534	0.4340179	-10.463257	3.9949453
0.53202534	0.42370871	-10.464098	3.9620333
0.53202534	0.41952059	-10.437191	3.9702613
0.52111053	0.4185541	-10.482595	3.9743752
0.52422905	0.42628601	-10.462417	3.9908314
0.51955122	0.42821899	-10.475029	3.9908314
0.52890682	0.42564169	-10.467461	3.9908314
0.51487345	0.42306438	-10.35563	3.9908314
0.51487345	0.42209789	-10.459053	3.9867175
0.51331419	0.42660818	-10.47671	4.0319715
0.51019567	0.42048708	-10.480074	4.0237436
0.51487345	0.42274222	-10.463257	4.0072875
0.50863642	0.42048708	-10.358151	4.0278578
0.50084007	0.41050005	-10.435509	4.0031734
0.50551784	0.41436601	-10.452326	4.0155153
0.49772155	0.41211087	-10.321996	4.0031734
0.49772155	0.42918548	-10.461576	4.0525417
0.49616227	0.42370871	-10.461576	4.0360856
0.49772155	0.42531952	-10.438872	4.0237436
0.49460301	0.41758761	-10.462417	4.0566559
0.49928078	0.41629899	-10.369924	4.0237436
0.48836592	0.41758761	-10.468302	4.0237436
0.48836592	0.42145357	-10.454007	4.0443139
0.48524743	0.42854115	-10.459053	4.0772257
0.48212889	0.42628601	-10.470825	4.0689979
0.48212889	0.41468817	-10.407762	4.0401998
0.48524743	0.41114438	-10.480914	4.0566559
0.48212889	0.42016491	-10.462417	4.0936818
0.47745109	0.42209789	-10.464938	4.0648837
0.47433254	0.42306438	-10.447281	4.073112
0.47901034	0.41952059	-10.432146	4.0689979
0.47121403	0.42596385	-10.470825	4.0813398
0.47121403	0.4211314	-10.461576	4.0689979
0.47277325	0.42757466	-10.423738	4.097796
0.47121403	0.42660818	-10.487641	4.085454
0.46497697	0.42757466	-10.475869	4.1019101
0.46653622	0.43144059	-10.474188	4.1142521
0.46653622	0.4211314	-10.444759	4.0813398
0.46029913	0.43015197	-10.3262	4.1224799
0.45718065	0.42693034	-10.46662	4.085454
0.45873991	0.43917251	-10.473348	4.151278
0.45873991	0.42660818	-10.411124	4.1060238
0.46029913	0.42403087	-10.470825	4.0936818
0.45873991	0.42628601	-10.432146	4.1307077
0.4540621	0.41662115	-10.440554	4.1183662
0.45250285	0.42370871	-10.461576	4.1183662
0.46029913	0.42016491	-10.477551	4.1224799
0.45562136	0.42789683	-10.467461	4.1348219
0.45250285	0.43530655	-10.478392	4.1471639
0.45250285	0.42950764	-10.443918	4.1142521
0.45250285	0.4365952	-10.479233	4.1471639
0.44314724	0.44819304	-10.384218	4.1718478
0.4493843	0.44497144	-10.47671	4.1348219
0.44626576	0.43015197	-10.452326	4.151278
0.43691018	0.44142765	-10.461576	4.1677341
0.44782501	0.43047413	-10.46662	4.1265936
0.44158798	0.43530655	-10.233708	4.1471639
0.43846944	0.43949467	-10.491005	4.2047601
0.44314724	0.4246752	-10.458212	4.1430497
0.43379164	0.42242005	-10.483438	4.1595058
0.43535089	0.41952059	-10.49521	4.1841903
0.43379164	0.42693034	-10.366561	4.1841903
0.44158798	0.41919842	-10.477551	4.1883039
0.43067312	0.42596385	-10.480074	4.2006464
0.42755461	0.43595088	-10.475029	4.2047601
0.43067312	0.42886332	-10.432146	4.175962
0.42911386	0.43530655	-10.424579	4.2212162
0.43846944	0.42403087	-10.501095	4.1883039
0.43379164	0.4365952	-10.481755	4.2047601
0.42911386	0.43111846	-10.472507	4.1965322
0.42287678	0.44561577	-10.457372	4.2335582
0.42755461	0.43047413	-10.467461	4.2047601
0.42131752	0.43788385	-10.460734	4.2294445
0.41975826	0.43562871	-10.465779	4.2006464
0.41975826	0.42628601	-10.301816	4.2294445
0.42131752	0.42531952	-10.45569	4.2294445
0.41508049	0.4272525	-10.48596	4.2253304
0.418199	0.42918548	-10.450644	4.2294445
0.418199	0.41339952	-10.448963	4.2212162
0.42287678	0.42854115	-10.449803	4.2746987
0.41975826	0.4365952	-10.471665	4.2459006
0.42287678	0.43144059	-10.454007	4.2212162
0.42287678	0.42242005	-10.458212	4.2171021
0.418199	0.4272525	-10.46662	4.2582426
0.42287678	0.440139	-10.338813	4.2623563
0.41663975	0.42950764	-10.444759	4.2335582
0.4135212	0.4494817	-10.452326	4.2582426
0.41663975	0.43498439	-10.532206	4.2376723
0.41196194	0.43691736	-10.432146	4.2664704
0.4135212	0.44336063	-10.397672	4.2705846
0.4135212	0.43305141	-10.447281	4.2500143
0.4135212	0.42306438	-10.45569	4.2623563
0.4088434	0.42950764	-10.575089	4.2746987
0.41196194	0.43272924	-10.464938	4.2746987
0.418199	0.4246752	-10.4456	4.2829266
0.4135212	0.41952059	-10.451485	4.2746987
0.4088434	0.41790977	-10.436351	4.2829266
0.40416563	0.43047413	-10.421215	4.2870407
0.40728414	0.42789683	-10.469144	4.2829266
0.4088434	0.42564169	-10.470825	4.2705846
0.40104708	0.440139	-10.480074	4.3281803
0.4088434	0.44078332	-10.475029	4.2993827
0.40260637	0.44432712	-10.388422	4.2952685
0.40572491	0.43369573	-10.444759	4.2993827
0.4088434	0.43981683	-10.491005	4.3034964
0.40572491	0.43723953	-10.440554	4.3487506
0.4088434	0.44658223	-10.465779	4.3364086
0.40416563	0.43788385	-10.351425	4.2993827
0.39948782	0.43852818	-10.444759	4.3281803
0.39948782	0.43369573	-10.459053	4.3528647
0.40104708	0.43756169	-10.454848	4.3446364
0.39948782	0.43337357	-10.442237	4.3240666
0.39948782	0.43144059	-10.463257	4.3364086
0.39948782	0.440139	-10.448122	4.3652067
0.39792857	0.43949467	-10.452326	4.3281803
0.39636928	0.44464928	-10.464098	4.3569784
0.40260637	0.44464928	-10.46662	4.3528647
0.39481002	0.44819304	-10.449803	4.3734345
0.40104708	0.45334765	-10.493526	4.3940048
0.39792857	0.43627304	-10.454007	4.3446364
0.39792857	0.43595088	-10.305179	4.3569784
0.39636928	0.44529361	-10.464098	4.3816628
0.39013225	0.45463631	-10.443918	4.4145751
0.39169151	0.45141467	-10.467461	4.398119
0.39792857	0.46075737	-10.482595	4.398119
0.39325073	0.45850226	-10.422896	4.4104609
0.39792857	0.44883737	-10.437191	4.4145751
0.39013225	0.45238116	-10.459894	4.4063468
0.39948782	0.44915953	-10.454007	4.3940048
0.38857296	0.44980386	-10.42626	4.4145751
0.39636928	0.4340179	-10.383377	4.3816628
0.39325073	0.43466222	-10.45569	4.385777
0.39481002	0.45560279	-10.490164	4.4721713
0.3870137	0.45656928	-10.329563	4.4310312
0.39169151	0.45044819	-10.462417	4.4145751
0.39169151	0.46462333	-10.482595	4.4598293
0.39325073	0.45979092	-10.470825	4.4269171
0.39013225	0.45753577	-10.448963	4.4269171
0.3870137	0.46043521	-10.46662	4.4269171
0.39169151	0.46945578	-10.451485	4.4845133
0.38545445	0.46848929	-10.462417	4.4639435
0.3870137	0.46720064	-10.493526	4.4392591
0.38389516	0.45399198	-10.470825	4.4433732
0.39013225	0.45946875	-10.431305	4.4803991
0.39013225	0.46269035	-10.486801	4.4474874
0.39013225	0.45979092	-10.479233	4.4680572
0.38857296	0.45141467	-10.50614	4.4557152
0.38857296	0.45431414	-10.499413	4.4680572
0.3870137	0.46397901	-10.348062	4.4721713
0.38857296	0.45721361	-10.449803	4.4639435
0.39013225	0.45463631	-10.448963	4.4598293
0.38857296	0.45012602	-10.411124	4.4639435
0.38545445	0.45624712	-10.457372	4.5215392
0.39481002	0.44368279	-10.429624	4.4557152
0.38545445	0.44110548	-10.443918	4.4721713
0.38857296	0.4494817	-10.442237	4.488627
0.38545445	0.44787088	-10.944218	4.5215392
0.38389516	0.44722655	-10.481755	4.488627
0.38077661	0.44851521	-10.461576	4.5050831
0.38545445	0.44174981	-10.432146	4.4845133
0.38077661	0.44787088	-10.437191	4.5174251
0.3823359	0.45431414	-10.436351	4.5256534
0.3870137	0.44980386	-10.472507	4.5050831
0.38389516	0.45624712	-10.46662	4.5174251
0.38077661	0.46623415	-10.474188	4.5462232
0.37453958	0.47589901	-10.464098	4.5462232
0.37921739	0.46720064	-10.427101	4.5256534
0.38857296	0.46075737	-10.475029	4.5174251
0.37765813	0.46526766	-10.490164	4.5462232
0.38389516	0.46430117	-10.438872	4.5585656
0.38545445	0.46848929	-10.447281	4.5256534
0.3823359	0.47106659	-10.370765	4.5338812
0.37609884	0.47557685	-10.474188	4.529767
0.38857296	0.45495847	-10.425419	4.5379953
0.3823359	0.45753577	-10.420374	4.529767
0.3823359	0.45399198	-10.458212	4.5338812
0.37609884	0.45850226	-10.452326	4.5544515
0.38077661	0.45528063	-10.482595	4.5421095
0.37765813	0.452059	-10.45569	4.5544515
0.38077661	0.45141467	-10.778572	4.5379953
0.37921739	0.45689145	-10.454848	4.5667934
0.37921739	0.45592496	-10.490164	4.5503373
0.37765813	0.46011308	-10.450644	4.5503373
0.38077661	0.45302549	-10.465779	4.5379953
0.37921739	0.4675228	-10.431305	4.5873637
0.37609884	0.4768655	-10.47671	4.5955915
0.37453958	0.48427525	-10.4456	4.6038198
0.37921739	0.47042227	-10.434669	4.5462232
0.37921739	0.47912064	-10.48596	4.5914774
0.37765813	0.48202011	-10.471665	4.5544515
0.38077661	0.48653039	-10.465779	4.6120477
0.37921739	0.49361795	-10.486801	4.6120477
0.37609884	0.48620823	-10.437191	4.5832496
0.38389516	0.46977794	-10.45653	4.5750213
0.37921739	0.47267741	-10.497732	4.5997057
0.38389516	0.4494817	-10.45653	4.5709076
0.37765813	0.45109251	-10.451485	4.5667934
0.37921739	0.45850226	-10.378332	4.5832496
0.37609884	0.45044819	-10.477551	4.5626793
0.37921739	0.46043521	-10.477551	4.6038198
0.37609884	0.46333468	-10.470825	4.5832496
0.37765813	0.46720064	-10.46662	4.5997057
0.37921739	0.45689145	-10.323677	4.5626793
0.37609884	0.45624712	-10.443076	4.5750213
0.37921739	0.4701001	-10.465779	4.6243896
0.37921739	0.47654334	-10.651605	4.5914774
0.3823359	0.46687847	-10.483438	4.5832496
0.38077661	0.47042227	-10.417851	4.6285038
0.37921739	0.45431414	-10.463257	4.5873637
0.37453958	0.44883737	-10.434669	4.5832496
0.38389516	0.45077035	-10.434669	4.6038198
0.38077661	0.44529361	-10.4456	4.6120477
0.37765813	0.44626006	-10.348903	4.6285038
0.38389516	0.44174981	-10.45569	4.5955915
0.3823359	0.45366982	-10.475029	4.6120477
0.37453958	0.46043521	-10.438872	4.6161618
0.37765813	0.46591198	-10.448122	4.6367316
0.37921739	0.46591198	-10.477551	4.620276
0.36986178	0.46107954	-10.448122	4.6079335
0.37453958	0.47493255	-10.448122	4.6490741
0.36674324	0.4891077	-10.331245	4.6614161
0.37453958	0.47074443	-10.429624	4.6408458
0.37298033	0.46881145	-10.475869	4.6243896
0.37609884	0.46204603	-10.478392	4.6079335
0.37453958	0.45882443	-10.443918	4.6161618
0.38077661	0.46333468	-10.427941	4.6490741
0.37609884	0.46204603	-10.446441	4.6490741
0.37298033	0.46011308	-10.443076	4.6408458
0.38077661	0.45012602	-10.341335	4.6285038
0.37609884	0.45979092	-10.482595	4.6408458
0.37142104	0.45850226	-10.452326	4.6367316
0.37609884	0.46301252	-10.457372	4.632618
0.37765813	0.45689145	-10.446441	4.6120477
0.37609884	0.46816713	-10.45569	4.6655302
0.37298033	0.47267741	-10.469984	4.6614161
0.37453958	0.47912064	-10.45569	4.6573019
0.37609884	0.47557685	-10.463257	4.6449599
0.37609884	0.46591198	-10.483438	4.632618
0.37453958	0.4701001	-10.338813	4.6819859
0.37765813	0.47622117	-10.474188	4.6696439
0.37765813	0.46269035	-10.458212	4.632618
0.37298033	0.47493255	-10.451485	4.7025557
0.37453958	0.47171092	-10.463257	4.6943278
0.36986178	0.47912064	-10.390945	4.6943278
0.37453958	0.47654334	-10.475029	4.6860995
0.37142104	0.47138876	-10.468302	4.6573019
0.37609884	0.46623415	-10.360675	4.6614161
0.37609884	0.46365684	-10.46662	4.6490741
0.37453958	0.46301252	-10.454848	4.6943278
0.37765813	0.45753577	-10.475869	4.6655302
0.37142104	0.46945578	-10.448122	4.6778717
0.37609884	0.47589901	-10.437191	4.6819859
0.37765813	0.48363093	-10.459894	4.7025557
0.37453958	0.47235525	-10.432146	4.6655302
0.37142104	0.47042227	-10.488482	4.6655302
0.37453958	0.47879848	-10.447281	4.7231259
0.37921739	0.47622117	-10.475869	4.6819859
0.37453958	0.46269035	-10.464938	4.6696439
0.37609884	0.46881145	-10.486801	4.6902137
0.37298033	0.4649455	-10.439713	4.698442
0.37298033	0.45721361	-10.468302	4.6943278
0.37765813	0.45882443	-10.250525	4.6737576
0.37453958	0.45366982	-10.46662	4.6778717
0.37142104	0.46011308	-10.447281	4.6902137
0.36830249	0.46816713	-10.407762	4.7025557
0.37453958	0.47589901	-10.478392	4.7025557
0.37142104	0.46913362	-10.378332	4.6860995
0.36830249	0.47267741	-10.439713	4.6943278
0.36986178	0.47332174	-10.439713	4.7354679
0.37921739	0.46204603	-10.459053	4.6778717
0.37609884	0.46172386	-10.484279	4.6696439
0.36986178	0.4675228	-10.458212	4.6819859
0.37765813	0.47267741	-10.428782	4.710784
0.37142104	0.47267741	-10.473348	4.7148981
0.37609884	0.45624712	-10.428782	4.6696439
0.37765813	0.45238116	-10.444759	4.6902137
0.37298033	0.45560279	-10.481755	4.7025557
0.37453958	0.45302549	-10.434669	4.6737576
0.37298033	0.45656928	-10.463257	4.6902137
0.37298033	0.46623415	-10.469144	4.7066698
0.36518401	0.4701001	-10.443918	4.7148981
0.37453958	0.47171092	-10.473348	4.7025557
0.37765813	0.46977794	-10.469984	4.7025557
0.37765813	0.48330876	-10.492686	4.7313538
0.37142104	0.47879848	-10.431305	4.6943278
0.36986178	0.47589901	-10.424579	4.7272401
0.37453958	0.47171092	-10.469984	4.6819859
0.36986178	0.46945578	-10.422056	4.698442
0.36830249	0.47138876	-10.443076	4.698442
0.36830249	0.47815415	-10.440554	4.7478099
0.37298033	0.48137578	-10.46662	4.7313538
0.37453958	0.47622117	-10.465779	4.7231259
0.37142104	0.47622117	-10.327882	4.7231259
0.37609884	0.47654334	-10.460734	4.7272401
0.37298033	0.47976497	-10.483438	4.7313538
0.37453958	0.47428823	-10.467461	4.698442
0.37609884	0.46881145	-10.464098	4.7272401
0.37142104	0.47171092	-10.33629	4.7066698
0.37765813	0.45979092	-10.462417	4.698442
0.37765813	0.47783199	-10.473348	4.7601523
0.37765813	0.47428823	-10.451485	4.7190118
0.37298033	0.4829866	-10.454848	4.7395821
0.36674324	0.48975202	-10.339654	4.7601523
0.37765813	0.49007416	-10.464938	4.7354679
0.36986178	0.48685256	-10.461576	4.7354679
0.37298033	0.48137578	-10.998872	4.7313538
0.37298033	0.47428823	-10.479233	4.7724943
0.37453958	0.47912064	-10.405239	4.7478099
0.37609884	0.47493255	-10.472507	4.7436962
0.37298033	0.47106659	-10.46662	4.751924
0.37298033	0.47074443	-10.425419	4.7436962
0.37921739	0.47654334	-10.487641	4.7848363
0.37453958	0.47267741	-10.471665	4.7436962
0.37142104	0.48040929	-10.452326	4.7601523
0.37609884	0.47944281	-10.480074	4.7560382
0.37142104	0.48073146	-10.454007	4.7848363
0.36986178	0.47750983	-10.469144	4.7807221
0.37453958	0.47654334	-10.482595	4.7601523
0.36830249	0.47299957	-10.438032	4.7436962
0.37142104	0.48363093	-10.459053	4.7724943
0.37453958	0.49200714	-10.322837	4.7848363
0.37453958	0.47815415	-10.438032	4.7354679
0.37609884	0.47042227	-10.45653	4.7436962
0.37609884	0.47461039	-10.422896	4.7724943
0.37765813	0.46623415	-10.471665	4.7436962
0.37609884	0.46881145	-10.357311	4.751924
0.37765813	0.47299957	-10.491845	4.7848363
0.36674324	0.46430117	-10.432146	4.7683802
0.37142104	0.46687847	-10.348903	4.8095202
0.37298033	0.47493255	-10.459894	4.7807221
0.36986178	0.47203308	-10.452326	4.7683802
0.37142104	0.48105362	-10.485119	4.7889504
0.37609884	0.48040929	-10.480914	4.8054066
0.37142104	0.48975202	-10.546501	4.8095202
0.37453958	0.48588607	-10.480914	4.7807221
0.37609884	0.48395309	-10.45569	4.7724943
0.37142104	0.4829866	-10.472507	4.7807221
0.36830249	0.47461039	-10.478392	4.7807221
0.36986178	0.47944281	-10.436351	4.7889504
0.37298033	0.4736439	-10.487641	4.7601523
0.37142104	0.47912064	-10.438872	4.8012924
0.37765813	0.47461039	-10.363197	4.7848363
0.37142104	0.47718766	-10.452326	4.8054066
0.36830249	0.47042227	-10.399353	4.8136344
0.37609884	0.46333468	-10.444759	4.7889504
0.37453958	0.45946875	-10.484279	4.7889504
0.36674324	0.47976497	-10.414488	4.8012924
0.36674324	0.4701001	-10.430465	4.7807221
0.36830249	0.4829866	-10.472507	4.8218627
0.37609884	0.47912064	-10.491005	4.8012924
0.37609884	0.46945578	-10.450644	4.776608
0.37142104	0.4701001	-10.362356	4.8095202
0.37453958	0.47267741	-10.458212	4.8136344
0.37609884	0.47138876	-10.41701	4.7889504
0.36518401	0.47944281	-10.469144	4.8506608
0.37765813	0.4768655	-10.453167	4.8136344
0.37298033	0.47944281	-10.431305	4.8054066
0.36830249	0.4701001	-10.457372	4.8054066
0.37298033	0.47912064	-10.449803	4.8465466
0.36206546	0.4768655	-10.451485	4.8054066
0.37142104	0.4701001	-10.477551	4.7971783
0.36674324	0.47750983	-10.354789	4.8342047
0.36986178	0.47783199	-10.469984	4.8300905
0.36674324	0.47944281	-10.458212	4.8177485
0.36518401	0.49168497	-10.33629	4.8424325
0.36830249	0.49522877	-10.48596	4.8506608
0.36830249	0.4891077	-10.452326	4.8300905
0.37298033	0.50070554	-10.469984	4.8547745
0.37453958	0.49522877	-10.451485	4.8259764
0.36830249	0.49683958	-10.427941	4.8259764
0.36830249	0.48459741	-10.459894	4.7848363
0.37765813	0.49007416	-10.474188	4.8383183
0.37453958	0.48717472	-10.474188	4.8095202
0.37609884	0.48234227	-10.45569	4.8095202
0.37765813	0.48491958	-10.443076	4.8300905
0.36830249	0.48524174	-10.427101	4.8630023
0.36986178	0.47396606	-10.422056	4.8136344
0.37765813	0.47654334	-10.465779	4.8095202
0.37921739	0.4701001	-10.472507	4.8300905
0.36986178	0.46945578	-10.430465	4.8177485
0.37609884	0.46784496	-10.475029	4.8300905
0.36830249	0.47879848	-10.464098	4.8383183
0.37142104	0.47654334	-10.405239	4.8177485
0.37453958	0.4736439	-10.440554	4.8012924
0.37609884	0.47267741	-10.300975	4.8342047
0.37298033	0.49297363	-10.491845	4.8506608
0.36986178	0.48169795	-10.41617	4.8095202
0.36986178	0.48330876	-10.450644	4.8218627
0.36830249	0.50038338	-10.480074	4.8630023
0.36362472	0.50231636	-10.428782	4.8424325
0.36986178	0.4949066	-10.458212	4.8177485
0.37921739	0.48427525	-10.482595	4.8342047
0.37142104	0.47944281	-10.447281	4.8342047
0.37142104	0.48073146	-10.481755	4.8342047
0.37453958	0.47589901	-10.46662	4.8095202
0.36674324	0.48653039	-10.475869	4.8671165
0.36518401	0.48330876	-10.464098	4.8342047
0.37921739	0.47783199	-10.402717	4.8424325
0.36986178	0.46816713	-10.447281	4.8012924
0.37298033	0.46848929	-10.467461	4.8342047
0.37765813	0.47235525	-10.461576	4.8177485
0.37921739	0.47138876	-10.49521	4.8383183
0.36518401	0.48137578	-10.309383	4.8465466
0.37453958	0.47750983	-10.450644	4.8259764
0.36830249	0.4855639	-10.438872	4.8342047
0.36674324	0.48427525	-10.454848	4.8506608
0.37298033	0.47396606	-10.473348	4.8383183
0.36986178	0.48105362	-10.454848	4.8465466
0.37142104	0.47912064	-10.452326	4.8465466
0.37609884	0.47493255	-10.439713	4.8424325
0.36830249	0.48427525	-10.310225	4.8794584
0.37453958	0.48202011	-10.490164	4.8300905
0.36830249	0.47203308	-10.478392	4.8630023
0.37142104	0.48105362	-10.460734	4.8506608
0.37142104	0.48105362	-10.443918	4.8630023
0.36830249	0.47203308	-10.413648	4.8342047
0.37453958	0.48427525	-10.470825	4.8506608
0.37298033	0.47622117	-10.461576	4.8342047
0.36986178	0.49265146	-10.475029	4.8876863
0.36986178	0.48234227	-10.449803	4.8300905
0.37298033	0.48975202	-10.424579	4.8547745
0.36986178	0.48878554	-10.497732	4.8547745
0.36986178	0.48814121	-10.473348	4.8465466
0.37298033	0.48073146	-10.394308	4.8300905
0.36206546	0.48330876	-10.481755	4.8547745
0.36986178	0.4891077	-10.443076	4.8753443
0.37609884	0.48717472	-10.491845	4.8465466
0.36674324	0.49071848	-10.464938	4.8876863
0.36986178	0.48105362	-10.439713	4.8465466
0.37453958	0.48846337	-10.453167	4.8547745
0.36674324	0.48363093	-10.477551	4.8753443
0.36830249	0.49039632	-10.473348	4.8630023
0.36986178	0.4829866	-10.460734	4.8465466
0.36674324	0.49265146	-10.380014	4.8835726
0.37298033	0.49136281	-10.48596	4.8300905
0.37453958	0.49007416	-10.464098	4.8342047
0.36518401	0.50779313	-10.491005	4.8876863
0.36674324	0.49555093	-10.440554	4.8259764
0.36518401	0.49265146	-10.343858	4.8342047
0.37765813	0.48653039	-10.45653	4.8547745
0.36830249	0.49104065	-10.469144	4.8547745
0.36830249	0.48749688	-10.446441	4.8547745
0.37298033	0.49780607	-10.463257	4.8876863
0.37142104	0.4829866	-10.421215	4.8383183
0.36986178	0.49619526	-10.479233	4.8959146
0.37142104	0.4923293	-10.47671	4.8300905
0.37298033	0.47976497	-10.461576	4.8383183
0.36830249	0.48105362	-10.482595	4.8588886
0.37142104	0.48749688	-10.451485	4.8876863
0.36518401	0.48427525	-10.427941	4.8547745
0.36830249	0.48942986	-10.481755	4.8630023
0.37298033	0.49136281	-10.41701	4.8506608
0.36362472	0.49973905	-10.474188	4.8712306
0.36674324	0.49877256	-10.462417	4.8630023
0.37298033	0.50038338	-10.459053	4.8547745
0.37298033	0.48620823	-10.459053	4.8383183
0.36830249	0.47783199	-10.370765	4.8342047
0.36674324	0.48363093	-10.461576	4.8712306
0.37609884	0.47622117	-10.491005	4.8424325
0.37298033	0.48459741	-10.45653	4.8794584
0.36830249	0.49071848	-10.477551	4.8753443
0.37298033	0.47783199	-10.436351	4.8794584
0.36830249	0.47332174	-10.439713	4.8506608
0.37609884	0.48781905	-10.463257	4.8918004
0.37453958	0.48878554	-10.415329	4.8465466
0.37142104	0.48717472	-10.484279	4.8794584
0.37142104	0.49136281	-10.450644	4.8753443
0.37298033	0.48427525	-10.482595	4.8465466
0.36518401	0.49039632	-10.46662	4.8876863
0.37142104	0.49168497	-10.427101	4.8506608
0.37142104	0.49555093	-10.472507	4.8959146
0.36518401	0.48459741	-10.471665	4.8465466
0.37298033	0.49007416	-10.480074	4.8712306
0.36674324	0.49104065	-10.422056	4.9041424
0.36830249	0.48137578	-10.425419	4.8876863
0.37142104	0.49039632	-10.472507	4.9000287
0.37142104	0.47815415	-10.478392	4.8342047
0.37142104	0.48266444	-10.465779	4.8794584
0.37453958	0.47976497	-10.478392	4.8794584
0.37142104	0.47235525	-10.293407	4.8588886
0.37609884	0.47461039	-10.471665	4.8712306
0.36674324	0.48653039	-10.457372	4.8918004
0.36518401	0.48202011	-10.414488	4.8671165
0.37298033	0.48008713	-10.469144	4.8712306
0.36674324	0.47750983	-10.483438	4.8753443
0.36518401	0.49394011	-10.454007	4.8918004
0.36830249	0.4855639	-10.45569	4.8588886
0.36986178	0.48459741	-10.822295	4.9000287
0.37453958	0.48814121	-10.486801	4.8753443
0.36986178	0.49361795	-10.449803	4.8959146
0.37142104	0.48942986	-10.444759	4.8918004
0.37142104	0.48202011	-10.454007	4.9123707
0.36986178	0.47912064	-10.462417	4.8671165
0.37142104	0.46687847	-10.454007	4.8465466
0.37142104	0.47461039	-10.461576	4.8671165
0.37142104	0.46591198	-10.431305	4.8753443
0.36518401	0.4701001	-10.464098	4.8753443
0.37298033	0.46365684	-10.283318	4.8712306
0.37142104	0.48105362	-10.473348	4.9041424
0.37142104	0.4736439	-10.484279	4.8630023
0.36986178	0.47396606	-10.397672	4.8630023
0.36050621	0.47557685	-10.464098	4.8794584
0.36674324	0.47815415	-10.404398	4.8835726
0.37298033	0.48814121	-10.469984	4.8918004
0.37453958	0.47783199	-10.494368	4.8794584
0.37453958	0.48266444	-10.327882	4.8753443
0.37298033	0.49683958	-10.464098	4.8959146
0.37142104	0.49104065	-10.453167	4.9000287
0.37609884	0.47299957	-10.45569	4.8876863
0.36518401	0.47912064	-10.489323	4.8959146
0.37142104	0.49104065	-10.422056	4.9082565
0.37142104	0.48330876	-10.461576	4.8876863
0.37142104	0.48975202	-10.4456	4.9123707
0.36674324	0.48878554	-10.463257	4.9205985
0.37609884	0.48202011	-10.470825	4.8753443
0.36986178	0.47944281	-10.459053	4.9082565
0.37298033	0.48717472	-10.473348	4.9000287
0.37298033	0.47879848	-10.462417	4.9041424
0.37453958	0.48073146	-10.348062	4.9000287
0.37453958	0.48395309	-10.42626	4.9041424
0.37453958	0.4829866	-10.463257	4.8918004
0.37142104	0.49426228	-10.458212	4.9288268
0.37142104	0.50038338	-10.491005	4.9164848
0.37298033	0.50038338	-10.390945	4.9082565
0.36986178	0.5010277	-10.491005	4.9329405
0.36830249	0.48942986	-10.440554	4.9288268
0.36830249	0.48942986	-10.450644	4.9205985
0.36674324	0.48975202	-10.441395	4.9329405
0.36674324	0.48266444	-10.373287	4.9082565
0.37298033	0.4768655	-10.452326	4.8876863
0.36986178	0.4768655	-10.462417	4.9370546
0.36830249	0.48588607	-10.438032	4.9411688
0.37142104	0.4855639	-10.4456	4.9164848
0.36830249	0.49812824	-10.362356	4.9452829
0.36986178	0.49812824	-10.465779	4.9370546
0.37142104	0.49200714	-10.475029	4.9000287
0.36986178	0.49683958	-10.464938	4.9329405
0.36830249	0.50199419	-10.471665	4.9205985
0.37298033	0.49168497	-10.369924	4.9000287
0.37298033	0.49265146	-10.475869	4.9123707
0.37142104	0.49168497	-10.486801	4.9123707
0.36674324	0.47718766	-10.310225	4.9123707
0.37298033	0.47557685	-10.437191	4.9205985
0.36674324	0.4736439	-10.24632	4.9164848
0.37298033	0.47718766	-10.46662	4.9041424
0.37298033	0.48137578	-10.472507	4.9370546
0.36830249	0.48137578	-10.304338	4.9288268
0.37142104	0.48846337	-10.442237	4.9452829
0.36674324	0.49168497	-10.469984	4.9288268
0.36674324	0.49877256	-10.454007	4.9411688
0.37298033	0.49522877	-10.490164	4.9288268
0.36362472	0.49941689	-10.377492	4.9288268
0.37142104	0.50360501	-10.482595	4.9329405
0.36206546	0.5010277	-10.461576	4.9329405
0.37298033	0.5010277	-10.450644	4.9370546
0.36518401	0.48459741	-10.453167	4.9000287
0.36362472	0.48653039	-10.451485	4.9205985
0.36986178	0.47783199	-10.448122	4.9123707
0.36518401	0.47203308	-10.469984	4.9123707
0.37298033	0.47847632	-10.352266	4.9329405
0.37921739	0.47493255	-10.482595	4.9576249
0.37765813	0.47525468	-10.436351	4.9329405
0.37298033	0.48427525	-10.467461	4.9658527
0.37765813	0.48975202	-10.48596	4.9288268
0.37298033	0.49136281	-10.438032	4.9699669
0.36674324	0.49071848	-10.469984	4.9535108
0.37921739	0.47718766	-10.458212	4.9247127
0.37298033	0.49458444	-10.479233	4.974081
0.37453958	0.50134987	-10.474188	4.9370546
0.37765813	0.49619526	-10.447281	4.9370546
0.37453958	0.49555093	-10.454007	4.9370546
0.38077661	0.50360501	-10.472507	4.9493966
0.37921739	0.49748391	-10.468302	4.9411688
0.3823359	0.48234227	-10.484279	4.9329405
0.38077661	0.47976497	-10.454007	4.9411688
0.37142104	0.48878554	-10.475029	4.9411688
0.37921739	0.48040929	-10.449803	4.9411688
0.38077661	0.47428823	-10.407762	4.9493966
0.37765813	0.46784496	-10.461576	4.9247127
0.37609884	0.4701001	-10.339654	4.9535108
0.38389516	0.46333468	-10.444759	4.9247127
0.38077661	0.48395309	-10.457372	4.9823089
0.3823359	0.48363093	-10.428782	4.9370546
0.3823359	0.47461039	-10.425419	4.9288268
0.38077661	0.47138876	-10.464098	4.9452829
0.38077661	0.48781905	-10.453167	4.9699669
0.37609884	0.48942986	-10.403557	4.9781952
0.3823359	0.49651742	-10.263978	4.9535108
0.37609884	0.50843745	-10.503617	4.9781952
0.37298033	0.50843745	-10.469144	4.9781952
0.3823359	0.50263852	-10.450644	4.9699669
0.38077661	0.49780607	-10.443076	4.9576249
0.37765813	0.50908178	-10.413648	4.9905372
0.37921739	0.49973905	-10.463257	4.9658527
0.38077661	0.49071848	-10.463257	4.9699669
0.38389516	0.48781905	-10.49521	4.9535108
0.37921739	0.48685256	-10.480914	4.9699669
0.38389516	0.48878554	-10.834908	4.9493966
0.38077661	0.49716175	-10.483438	4.9823089
0.37609884	0.49716175	-10.463257	4.9699669
0.37765813	0.4855639	-10.434669	4.9493966
0.38857296	0.47912064	-10.460734	4.9411688
0.37765813	0.47557685	-10.449803	4.9411688
0.38077661	0.48491958	-10.443918	4.9905372
0.3823359	0.48717472	-10.499413	4.9617391
0.38389516	0.49748391	-10.421215	4.9699669
0.37609884	0.48749688	-10.424579	4.9370546
0.37609884	0.4891077	-10.438032	5.0069933
0.37765813	0.48685256	-10.450644	4.974081
0.38077661	0.48137578	-10.450644	4.9617391
0.37609884	0.48846337	-10.443918	4.986423
0.37765813	0.49329579	-10.465779	5.0069933
0.3823359	0.49651742	-10.485119	4.9905372
0.38077661	0.49426228	-10.478392	4.9905372
0.3823359	0.50231636	-10.471665	4.9946508
0.37921739	0.49716175	-10.314428	4.986423
0.3823359	0.5010277	-10.482595	4.974081
0.37453958	0.50167203	-10.438872	4.9905372
0.38077661	0.50811529	-10.480914	5.0069933
0.3870137	0.50199419	-10.448122	4.974081
0.37765813	0.50231636	-10.458212	5.011107
0.37298033	0.50618231	-10.27659	4.998765
0.37921739	0.49973905	-10.448122	4.974081
0.38077661	0.50424933	-10.413648	4.9946508
0.38077661	0.50070554	-10.459894	5.0069933
0.38389516	0.50296068	-10.45653	5.0152211
0.37921739	0.49136281	-10.41701	4.986423
0.38389516	0.49104065	-10.469984	4.998765
0.38077661	0.48975202	-10.47671	4.986423
0.38077661	0.48395309	-10.484279	5.011107
0.38389516	0.48781905	-10.463257	4.998765
0.37609884	0.49361795	-10.439713	5.0152211
0.37609884	0.49941689	-10.435509	5.0069933
0.3870137	0.5010277	-10.459053	4.998765
0.37765813	0.48846337	-10.481755	4.974081
0.37765813	0.48942986	-10.469984	4.9823089
0.3870137	0.49555093	-10.411124	4.974081
0.38389516	0.49780607	-10.468302	4.998765
0.38077661	0.49168497	-10.467461	4.9946508
0.38389516	0.48330876	-10.444759	4.9617391
0.37765813	0.49265146	-10.45653	5.0234494
0.37765813	0.50231636	-10.390945	5.0316772
0.38545445	0.48427525	-10.437191	4.9699669
0.37453958	0.48524174	-10.475029	5.0028791
0.38545445	0.49297363	-10.485119	4.9946508
0.37921739	0.49104065	-10.446441	5.0028791
0.37453958	0.48459741	-10.412807	5.0028791
0.3823359	0.48588607	-10.448122	4.9823089
0.37921739	0.47267741	-10.448122	4.9699669
0.37921739	0.48975202	-10.33629	4.998765
0.37765813	0.48588607	-10.441395	4.9905372
0.37765813	0.48942986	-10.458212	4.9946508
0.37921739	0.48942986	-10.4456	4.9905372
0.38077661	0.49297363	-10.488482	4.9699669
0.38077661	0.48491958	-10.893767	4.9823089
0.38077661	0.49683958	-10.472507	5.011107
0.38077661	0.49555093	-10.440554	4.9946508
0.3823359	0.48459741	-10.461576	4.986423
0.37921739	0.49426228	-10.45653	5.0193353
0.38077661	0.49973905	-10.448963	5.0069933
0.38077661	0.49587309	-10.461576	4.9823089
0.3823359	0.47912064	-10.470825	4.9905372
0.37921739	0.47267741	-10.484279	4.986423
0.37765813	0.4855639	-10.448963	5.0234494
0.3823359	0.48524174	-10.380855	4.9946508
0.38077661	0.49458444	-10.45569	5.0028791
0.38077661	0.48846337	-10.446441	4.998765
0.38077661	0.49683958	-10.482595	5.0152211
0.38389516	0.49877256	-10.480074	5.0069933
0.37921739	0.50134987	-10.380855	4.9946508
0.38545445	0.48685256	-10.470825	4.9781952
0.3823359	0.48491958	-10.438872	4.9823089
0.37609884	0.49265146	-10.439713	5.0316772
0.38389516	0.49071848	-10.468302	4.9823089
0.37609884	0.49973905	-10.360675	4.998765
0.37609884	0.48491958	-10.458212	4.9905372
0.37609884	0.4949066	-10.447281	5.064589
0.37453958	0.49104065	-10.480074	5.0069933
0.37453958	0.48975202	-10.454848	4.9946508
0.38077661	0.49136281	-10.452326	4.9946508
0.37609884	0.49683958	-10.471665	5.0316772
0.37921739	0.50006121	-10.433827	5.0069933
0.38077661	0.49458444	-10.452326	5.0152211
0.37609884	0.49716175	-10.442237	5.0152211
0.37453958	0.48620823	-10.425419	4.9946508
0.37765813	0.49683958	-10.463257	5.0275631
0.38389516	0.49329579	-10.47671	5.0152211
0.38077661	0.49104065	-10.35647	4.9905372
0.38077661	0.5010277	-10.472507	5.0357914
0.37609884	0.49973905	-10.417851	5.0563612
0.37765813	0.50618231	-10.442237	5.0193353
0.38389516	0.49168497	-10.48596	4.9823089
0.37921739	0.50038338	-10.311906	5.0440192
0.3823359	0.49458444	-10.4456	5.0316772
0.37921739	0.48653039	-10.452326	4.998765
0.3823359	0.48073146	-10.450644	4.9946508
0.3823359	0.47815415	-10.451485	4.998765
0.38077661	0.4923293	-10.834908	5.0440192
0.37921739	0.50199419	-10.449803	5.0275631
0.38077661	0.50231636	-10.432987	5.0234494
0.37921739	0.50360501	-10.479233	5.0234494
0.37921739	0.50779313	-10.478392	5.0193353
0.38389516	0.5010277	-10.348903	5.011107
0.38389516	0.50328285	-10.480914	5.0275631
0.37765813	0.5010277	-10.449803	5.0152211
0.3823359	0.50199419	-10.441395	5.0193353
0.37609884	0.50940394	-10.464098	5.0687032
0.38389516	0.49683958	-10.427941	4.998765
0.37921739	0.50199419	-10.452326	5.0234494
0.38077661	0.49297363	-10.45653	5.0069933
0.3823359	0.48040929	-10.448963	5.0193353
0.3823359	0.48781905	-10.469984	5.0193353
0.3870137	0.48427525	-10.309383	4.998765
0.37298033	0.49007416	-10.470825	5.0152211
0.37765813	0.49007416	-10.462417	5.0193353
0.37453958	0.50134987	-10.459053	5.0234494
0.37609884	0.50199419	-10.485119	5.0069933
0.38389516	0.49941689	-10.370765	5.0193353
0.37609884	0.49265146	-10.459894	4.9946508
0.37298033	0.50521582	-10.46662	5.0604749
0.3823359	0.51037043	-10.454007	5.0275631
0.38389516	0.50006121	-10.452326	5.011107
0.37921739	0.49683958	-10.283318	5.0193353
0.38077661	0.49619526	-10.475029	5.052247
0.36830249	0.50328285	-10.462417	5.0440192
0.37921739	0.4984504	-10.497732	4.998765
0.37921739	0.49458444	-10.465779	5.0152211
0.38545445	0.48427525	-10.459053	4.9946508
0.38077661	0.47815415	-10.463257	5.0152211
0.37921739	0.49200714	-10.448963	5.0563612
0.37921739	0.48653039	-10.402717	5.0193353
0.37453958	0.48073146	-10.446441	5.0234494
0.37609884	0.48653039	-10.339654	5.0234494
0.37921739	0.48814121	-10.475029	5.0193353
0.37921739	0.50586015	-10.468302	5.0604749
0.37609884	0.50360501	-10.439713	5.0193353
0.3823359	0.48685256	-10.467461	5.0316772
0.3823359	0.49394011	-10.475029	5.0234494
0.3823359	0.49812824	-10.443918	5.0316772
0.38077661	0.49973905	-10.437191	5.0275631
0.37921739	0.49394011	-10.436351	5.0604749
0.38545445	0.49780607	-10.487641	5.0399051
0.37298033	0.49168497	-10.453167	5.0069933
0.38077661	0.48781905	-10.470825	5.0275631
0.38389516	0.47879848	-10.451485	5.0152211
0.37765813	0.4891077	-10.438872	5.052247
0.37609884	0.49200714	-10.457372	5.0316772
0.38545445	0.4891077	-10.430465	5.0069933
0.37921739	0.48942986	-10.491845	5.0152211
0.37921739	0.50843745	-10.478392	5.0481334
0.38077661	0.50070554	-10.367401	5.0275631
0.37921739	0.49651742	-10.460734	5.0316772
0.3823359	0.48975202	-10.462417	5.0069933
0.37765813	0.48878554	-10.436351	5.0440192
0.3823359	0.4984504	-10.480074	5.0399051
0.3823359	0.49909472	-10.429624	5.0234494
0.38389516	0.48717472	-10.41701	5.0152211
0.37921739	0.49361795	-10.464098	5.0440192
0.38389516	0.48878554	-10.440554	5.0275631
0.3870137	0.47815415	-10.446441	4.998765
0.3823359	0.4891077	-10.421215	5.0481334
0.37921739	0.49200714	-10.471665	5.0357914
0.3823359	0.49877256	-10.4456	5.064589
0.3823359	0.48975202	-10.411124	5.0234494
0.37921739	0.49973905	-10.468302	5.0563612
0.37609884	0.49007416	-10.449803	5.0316772
0.37765813	0.49007416	-10.460734	5.064589
0.37921739	0.50070554	-10.459894	5.052247
0.37453958	0.50199419	-10.383377	5.0275631
0.38077661	0.49877256	-10.480914	5.0193353
0.37609884	0.50134987	-10.433827	5.0563612
0.37765813	0.50875962	-10.474188	5.0810452
0.38389516	0.51101476	-10.474188	5.0481334
0.38077661	0.50521582	-10.414488	5.0193353
0.37765813	0.50618231	-10.487641	5.0687032
0.38077661	0.5010277	-10.4456	5.052247
0.38077661	0.50167203	-10.46662	5.0316772
0.37921739	0.50070554	-10.458212	5.0399051
0.37921739	0.49651742	-10.432987	5.0440192
0.37453958	0.49555093	-10.475869	5.0728173
0.37765813	0.50134987	-10.48596	5.064589
0.38077661	0.50392717	-10.464938	5.0440192
0.38077661	0.50843745	-10.483438	5.052247
0.37921739	0.51198125	-10.460734	5.076931
0.37765813	0.50392717	-10.45653	5.0481334
0.37765813	0.49587309	-10.450644	5.0316772
0.38077661	0.49877256	-10.472507	5.0481334
0.37609884	0.51004827	-10.481755	5.0604749
0.38389516	0.50618231	-10.442237	5.0728173
0.38077661	0.5045715	-10.480914	5.0357914
0.38077661	0.50328285	-10.448122	5.0440192
0.37765813	0.49361795	-10.425419	5.0440192
0.3823359	0.48749688	-10.45653	5.0440192
0.37453958	0.48524174	-10.306861	5.0316772
0.37298033	0.49973905	-10.450644	5.0933871
0.37921739	0.48040929	-10.457372	5.0316772
0.38077661	0.48427525	-10.471665	5.0399051
0.38077661	0.50328285	-10.491845	5.0563612
0.37609884	0.50521582	-10.883677	5.0604749
0.37142104	0.51198125	-10.45653	5.0687032
0.3823359	0.50843745	-10.489323	5.0563612
0.37453958	0.5106926	-10.478392	5.064589
0.37765813	0.49394011	-10.469984	5.0316772
0.38545445	0.50392717	-10.460734	5.0275631
0.37453958	0.50489366	-10.454007	5.0687032
0.37765813	0.51262558	-10.451485	5.089273
0.38077661	0.50328285	-10.42626	5.0316772
0.37921739	0.49297363	-10.475029	5.0193353
0.37453958	0.49200714	-10.432146	5.0399051
0.38077661	0.49104065	-10.480914	5.0728173
0.37765813	0.48975202	-10.47671	5.052247
0.37609884	0.48459741	-10.432987	5.0481334
0.37609884	0.48942986	-10.440554	5.0357914
0.37921739	0.48878554	-10.435509	5.0481334
0.37765813	0.50231636	-10.465779	5.052247
0.37453958	0.48878554	-10.442237	5.0275631
0.38077661	0.48202011	-10.383377	5.0234494
0.37765813	0.48459741	-10.454007	5.0440192
0.37921739	0.49973905	-10.45653	5.0604749
0.37765813	0.50811529	-10.443076	5.0604749
0.37609884	0.51198125	-10.475869	5.0604749
0.37142104	0.51262558	-10.451485	5.0604749
0.37921739	0.50650448	-10.454007	5.064589
0.37453958	0.51455849	-10.454848	5.0563612
0.37453958	0.50908178	-10.489323	5.0440192
0.37921739	0.51681364	-10.486801	5.0810452
0.37298033	0.51165909	-10.400194	5.0810452
0.37765813	0.52261257	-10.47671	5.0933871
0.37765813	0.50875962	-10.462417	5.0440192
0.37921739	0.49426228	-10.464938	5.0440192
0.37298033	0.49168497	-10.491005	5.0481334
0.38545445	0.48717472	-10.432987	5.0152211
0.37921739	0.49168497	-10.475029	5.0481334
0.37921739	0.49909472	-10.440554	5.052247
0.37765813	0.49104065	-10.443918	5.0152211
0.37298033	0.50263852	-10.477551	5.0933871
0.37921739	0.49812824	-10.422056	5.0316772
0.37453958	0.50006121	-10.439713	5.0399051
0.37765813	0.50134987	-10.477551	5.0234494
0.37765813	0.49007416	-10.452326	5.0316772
0.37453958	0.50328285	-10.468302	5.0728173
0.37453958	0.5045715	-10.335449	5.0604749
0.37609884	0.49780607	-10.438032	5.0440192
0.37921739	0.49426228	-10.474188	5.0440192
0.38077661	0.48524174	-10.478392	5.0193353
0.37765813	0.48846337	-10.444759	5.0563612
0.37921739	0.49265146	-10.408603	5.0440192
0.38077661	0.48975202	-10.436351	5.0440192
0.37453958	0.48781905	-10.463257	5.0275631
0.37453958	0.48975202	-10.436351	5.052247
0.37609884	0.49329579	-10.435509	5.052247
0.37921739	0.4923293	-10.352266	5.0440192
0.37765813	0.5010277	-10.467461	5.0975013
0.38077661	0.52067959	-10.459894	5.0975013
0.37453958	0.50650448	-10.364038	5.0399051
0.37609884	0.51133692	-10.452326	5.0604749
0.38389516	0.50747097	-10.421215	5.0851593
0.38077661	0.50618231	-10.450644	5.0728173
0.38389516	0.49361795	-10.475029	5.052247
0.37921739	0.49168497	-10.444759	5.064589
0.38077661	0.48105362	-10.45653	5.0563612
0.37765813	0.48491958	-10.380014	5.0481334
0.37453958	0.49200714	-10.441395	5.0563612
0.37765813	0.49136281	-10.464098	5.0728173
0.37609884	0.49394011	-10.443076	5.0604749
0.37921739	0.48620823	-10.443076	5.0234494
0.37142104	0.49522877	-10.458212	5.089273
0.37142104	0.50070554	-10.471665	5.0687032
0.37453958	0.51423633	-10.477551	5.0810452
0.36362472	0.51488066	-10.464098	5.0933871
0.36674324	0.51294768	-10.469984	5.0563612
0.36674324	0.50682664	-10.45569	5.0604749
0.36674324	0.50618231	-10.322837	5.0728173
0.37765813	0.49458444	-10.471665	5.052247
0.3823359	0.49265146	-10.482595	5.0563612
0.37921739	0.4949066	-10.469984	5.0604749
0.37921739	0.5010277	-10.47671	5.0728173
0.37921739	0.50521582	-10.322837	5.0728173
0.38077661	0.49973905	-10.488482	5.089273
0.37765813	0.50424933	-10.442237	5.0728173
0.3823359	0.49200714	-10.41701	5.0481334
0.38389516	0.48266444	-10.487641	5.052247
0.38545445	0.49555093	-10.459894	5.1098433
0.38389516	0.4984504	-10.453167	5.064589
0.3823359	0.50811529	-10.469984	5.089273
0.38857296	0.48814121	-10.337131	5.0234494
0.38389516	0.49973905	-10.444759	5.0810452
0.38545445	0.49587309	-10.46662	5.0563612
0.37921739	0.50586015	-10.449803	5.0933871
0.38389516	0.50424933	-10.463257	5.0604749
0.38545445	0.49780607	-10.324518	5.0851593
0.38389516	0.48685256	-10.464938	5.0604749
0.38545445	0.48363093	-10.461576	5.0604749
0.38857296	0.48588607	-10.479233	5.0810452
0.39169151	0.48717472	-10.475029	5.0810452
0.39013225	0.49039632	-10.432146	5.0933871
0.3870137	0.48975202	-10.463257	5.0563612
0.38389516	0.49587309	-10.452326	5.089273
0.39013225	0.49555093	-10.258092	5.064589
0.3870137	0.49265146	-10.469984	5.0933871
0.39013225	0.50618231	-10.462417	5.089273
0.39325073	0.50618231	-10.467461	5.089273
0.38389516	0.50006121	-10.45569	5.064589
0.39636928	0.49104065	-10.421215	5.0687032
0.39013225	0.49168497	-10.463257	5.0933871
0.3870137	0.49297363	-10.446441	5.0687032
0.39013225	0.48717472	-10.433827	5.0440192
0.3870137	0.48781905	-10.462417	5.076931
0.38857296	0.48620823	-10.438032	5.064589
0.39636928	0.49200714	-10.434669	5.0851593
0.39481002	0.48363093	-10.451485	5.0810452
0.3870137	0.48620823	-10.451485	5.0810452
0.38857296	0.48781905	-10.45653	5.0933871
0.38545445	0.49104065	-10.400194	5.0728173
0.39013225	0.49039632	-10.464938	5.0810452
0.39169151	0.50038338	-10.485119	5.0933871
0.39325073	0.5045715	-10.489323	5.0851593
0.39169151	0.49587309	-10.451485	5.0687032
0.3870137	0.49780607	-10.451485	5.1139574
0.39169151	0.49297363	-10.4456	5.076931
0.39325073	0.49104065	-10.46662	5.0728173
0.39169151	0.50167203	-10.337131	5.1098433
0.38857296	0.50779313	-10.462417	5.0933871
0.39169151	0.50489366	-10.442237	5.076931
0.39325073	0.49522877	-10.475029	5.0933871
0.38389516	0.49748391	-10.478392	5.1221852
0.39636928	0.48588607	-10.35647	5.0687032
0.38545445	0.49168497	-10.454848	5.1016154
0.3870137	0.48814121	-10.467461	5.0851593
0.39013225	0.48588607	-10.468302	5.0810452
0.38857296	0.48588607	-10.446441	5.064589
0.3870137	0.49168497	-10.413648	5.1016154
0.39325073	0.49426228	-10.469984	5.076931
0.3870137	0.50006121	-10.471665	5.1139574
0.3870137	0.51101476	-10.434669	5.1221852
0.38545445	0.5106926	-10.444759	5.1098433
0.38389516	0.51874661	-10.348903	5.1262994
0.38857296	0.50972611	-10.483438	5.089273
0.39013225	0.50038338	-10.457372	5.1139574
0.38545445	0.50328285	-10.485119	5.1139574
0.38857296	0.50811529	-10.468302	5.1016154
0.39013225	0.5106926	-10.438872	5.1221852
0.38857296	0.50843745	-10.49521	5.1386414
0.39013225	0.49683958	-10.444759	5.1016154
0.3870137	0.4855639	-10.446441	5.0851593
0.3870137	0.48491958	-10.468302	5.1057291
0.38545445	0.49104065	-10.418693	5.1345277
0.3870137	0.49071848	-10.448122	5.1221852
0.39325073	0.4891077	-10.464938	5.0933871
0.39013225	0.49780607	-10.380014	5.1262994
0.3870137	0.50586015	-10.460734	5.1386414
0.38389516	0.51165909	-10.403557	5.1550975
0.39325073	0.51552498	-10.464938	5.1304135
0.39169151	0.50650448	-10.467461	5.0975013
0.38857296	0.50328285	-10.411124	5.0933871
0.38545445	0.50263852	-10.458212	5.1221852
0.3870137	0.50006121	-10.449803	5.1016154
0.39169151	0.49555093	-10.46662	5.0975013
0.38857296	0.50489366	-10.442237	5.1550975
0.39792857	0.50006121	-10.384218	5.1139574
0.3870137	0.49780607	-10.451485	5.1098433
0.39169151	0.50070554	-10.487641	5.1098433
0.38545445	0.49329579	-10.459053	5.1180716
0.3870137	0.49619526	-10.469984	5.1304135
0.39013225	0.49329579	-10.402717	5.1304135
0.38857296	0.49973905	-10.461576	5.1427555
0.39169151	0.50682664	-10.433827	5.1345277
0.38857296	0.50392717	-10.454007	5.1057291
0.3870137	0.49522877	-10.454007	5.1427555
0.38857296	0.49587309	-10.438872	5.1262994
0.38545445	0.50682664	-10.437191	5.1468697
0.39013225	0.5010277	-10.442237	5.1221852
0.39325073	0.49683958	-10.467461	5.1386414
0.38545445	0.50940394	-10.461576	5.1592116
0.39013225	0.5106926	-10.400194	5.1468697
0.39325073	0.50006121	-10.453167	5.1386414
0.38077661	0.51101476	-10.487641	5.1674395
0.38545445	0.50070554	-10.458212	5.1180716
0.39169151	0.50070554	-10.477551	5.1345277
0.39325073	0.49071848	-10.319473	5.1304135
0.38857296	0.4949066	-10.458212	5.1427555
0.38077661	0.50650448	-10.446441	5.1838956
0.3870137	0.49748391	-10.448122	5.1262994
0.3870137	0.51037043	-10.480914	5.1715536
0.39481002	0.50328285	-10.442237	5.1386414
0.39169151	0.49909472	-10.458212	5.1592116
0.38389516	0.50553799	-10.465779	5.1674395
0.38857296	0.51198125	-10.45653	5.1468697
0.38545445	0.5197131	-10.481755	5.1509833
0.38545445	0.52164608	-10.348903	5.1797819
0.39013225	0.51037043	-10.454007	5.1221852
0.39013225	0.51391417	-10.45653	5.1468697
0.37921739	0.51004827	-10.417851	5.1674395
0.39169151	0.51165909	-10.475869	5.1633258
0.39013225	0.51165909	-10.367401	5.1838956
0.3870137	0.5071488	-10.480074	5.1304135
0.39169151	0.50328285	-10.475029	5.1386414
0.39325073	0.4984504	-10.411124	5.1262994
0.39013225	0.50875962	-10.471665	5.1715536
0.38545445	0.50779313	-10.448963	5.1468697
0.39013225	0.49168497	-10.432146	5.1262994
0.39013225	0.49716175	-10.453167	5.1262994
0.39169151	0.50392717	-10.433827	5.1756678
0.39013225	0.50811529	-10.452326	5.1592116
0.38857296	0.50038338	-10.45569	5.1221852
0.38857296	0.50940394	-10.483438	5.1550975
0.38077661	0.51262558	-10.4456	5.1838956
0.38389516	0.51101476	-10.437191	5.1633258
0.38389516	0.51165909	-10.427941	5.1592116
0.38077661	0.51423633	-10.491845	5.1921239
0.3870137	0.5071488	-10.467461	5.1550975
0.3870137	0.50682664	-10.459894	5.1797819
0.38389516	0.51198125	-10.428782	5.1715536
0.38857296	0.51520282	-10.468302	5.1715536
0.38857296	0.50875962	-10.480914	5.1509833
0.39013225	0.50328285	-10.463257	5.1715536
0.3823359	0.51874661	-10.451485	5.1921239
0.38389516	0.51326984	-10.42626	5.1592116
0.39169151	0.50811529	-10.471665	5.1386414
0.38857296	0.51294768	-10.464938	5.1756678
0.38389516	0.51745796	-10.464938	5.1427555
0.38857296	0.5106926	-10.480914	5.1509833
0.39481002	0.49812824	-10.525479	5.1180716
0.39013225	0.49716175	-10.465779	5.1550975
0.38545445	0.49361795	-10.448963	5.1304135
0.39013225	0.49265146	-10.475869	5.1427555
0.38857296	0.49329579	-10.461576	5.1509833
0.38545445	0.49587309	-10.394308	5.1550975
0.38077661	0.49265146	-10.434669	5.1633258
0.39013225	0.50328285	-10.485119	5.1550975
0.38857296	0.50779313	-10.478392	5.1715536
0.3870137	0.50618231	-10.453167	5.1550975
0.38857296	0.51778013	-10.438032	5.1797819
0.39013225	0.50940394	-10.472507	5.1509833
0.38389516	0.5045715	-10.464098	5.1633258
0.39013225	0.4984504	-10.438032	5.1592116
0.39325073	0.50908178	-10.470825	5.1304135
0.39169151	0.51681364	-10.484279	5.1962376
0.39013225	0.50875962	-10.467461	5.1427555
0.38857296	0.51198125	-10.492686	5.1386414
0.39169151	0.50908178	-10.413648	5.1550975
0.3870137	0.50972611	-10.462417	5.1880097
0.39169151	0.50811529	-10.447281	5.1427555
0.3870137	0.49748391	-10.45569	5.1509833
0.38545445	0.49909472	-10.437191	5.1427555
0.39325073	0.49329579	-10.437191	5.1427555
0.38857296	0.49683958	-10.465779	5.1427555
0.3870137	0.49909472	-10.459894	5.1592116
0.39013225	0.49039632	-10.418693	5.1345277
0.3823359	0.5071488	-10.453167	5.1756678
0.39013225	0.51745796	-10.370765	5.1756678
0.38077661	0.50199419	-10.429624	5.1386414
0.38389516	0.51455849	-10.480914	5.1592116
0.39169151	0.50553799	-10.40608	5.1221852
0.38545445	0.50779313	-10.458212	5.1715536
0.39481002	0.49716175	-10.340494	5.1262994
0.39169151	0.49555093	-10.48596	5.1468697
0.39636928	0.4923293	-10.432987	5.1468697
0.38857296	0.49683958	-10.469984	5.1838956
0.38545445	0.49039632	-10.423738	5.1427555
0.38857296	0.4923293	-10.396831	5.1592116
0.39169151	0.49651742	-10.467461	5.1427555
0.39169151	0.48524174	-10.450644	5.1304135
0.38077661	0.49877256	-10.452326	5.1633258
0.3823359	0.50424933	-10.461576	5.1797819
0.38389516	0.5045715	-10.321996	5.1509833
0.39169151	0.50618231	-10.475029	5.1592116
0.39013225	0.51101476	-10.479233	5.1468697
0.38857296	0.51198125	-10.440554	5.1592116
0.38545445	0.51681364	-10.480074	5.1756678
0.38077661	0.50199419	-10.46662	5.1262994
0.38389516	0.51616931	-10.493526	5.2003517
0.38857296	0.52970016	-10.462417	5.1797819
0.3870137	0.51906878	-10.439713	5.1509833
0.3870137	0.51101476	-10.429624	5.1550975
0.38389516	0.51326984	-10.461576	5.1880097
0.38857296	0.51198125	-10.481755	5.1550975
0.3870137	0.50618231	-10.472507	5.1592116
0.3823359	0.51004827	-10.313587	5.1715536
0.3870137	0.49941689	-10.460734	5.1304135
0.38389516	0.49780607	-10.449803	5.1592116
0.39169151	0.49909472	-10.464938	5.1550975
0.39636928	0.4923293	-10.502776	5.1427555
0.39013225	0.49555093	-10.302656	5.1386414
0.38857296	0.50328285	-10.469984	5.1838956
0.39169151	0.50908178	-10.468302	5.1592116
0.39481002	0.52293473	-10.481755	5.1756678
0.38857296	0.51842445	-10.458212	5.1427555
0.38389516	0.53098881	-10.431305	5.2126937
0.38077661	0.53034449	-10.448963	5.1756678
0.39325073	0.529378	-10.472507	5.1592116
0.38857296	0.5232569	-10.490164	5.1674395
0.38545445	0.51778013	-10.478392	5.1715536
0.38857296	0.51037043	-10.392627	5.1550975
0.3870137	0.5045715	-10.46662	5.1386414
0.38389516	0.5106926	-10.478392	5.1715536
0.38857296	0.50779313	-10.461576	5.1468697
0.39325073	0.50650448	-10.464098	5.1674395
0.38545445	0.5171358	-10.404398	5.1880097
0.38545445	0.52164608	-10.461576	5.1715536
0.39013225	0.51842445	-10.469144	5.1509833
0.39169151	0.51326984	-10.481755	5.1633258
0.39013225	0.5071488	-10.485119	5.1386414
0.38545445	0.50424933	-10.443918	5.1468697
0.38545445	0.50231636	-10.438032	5.1386414
0.39325073	0.50811529	-10.444759	5.1633258
0.39013225	0.50908178	-10.471665	5.1592116
0.38545445	0.51745796	-10.465779	5.1715536
0.3870137	0.5197131	-10.412807	5.1756678
0.38389516	0.52551204	-10.464938	5.2044659
0.39169151	0.5071488	-10.461576	5.1427555
0.39013225	0.50070554	-10.389263	5.1345277
0.38857296	0.50586015	-10.49521	5.1633258
0.38545445	0.5197131	-10.369082	5.2003517
0.38857296	0.52003527	-10.463257	5.1880097
0.39325073	0.51262558	-10.464098	5.1756678
0.39013225	0.50360501	-10.386741	5.1550975
0.38077661	0.5106926	-10.4456	5.1715536
0.3870137	0.52035743	-10.453167	5.20858
0.39169151	0.51552498	-10.469984	5.1633258
0.38545445	0.51423633	-10.468302	5.1633258
0.38857296	0.51004827	-10.382536	5.1468697
0.38545445	0.51101476	-10.454848	5.1838956
0.39325073	0.51165909	-10.474188	5.1715536
0.39169151	0.50908178	-10.480914	5.1715536
0.39013225	0.51198125	-10.469984	5.1756678
0.39013225	0.51391417	-10.528002	5.1838956
0.38077661	0.50424933	-10.45569	5.1962376
0.3870137	0.4923293	-10.471665	5.1427555
0.39325073	0.49716175	-10.488482	5.1797819
0.39325073	0.50263852	-10.464098	5.1715536
0.3870137	0.49973905	-10.389263	5.1756678
0.38857296	0.50811529	-10.477551	5.1921239
0.38857296	0.51810229	-10.491845	5.1797819
0.38545445	0.51520282	-10.480914	5.1633258
0.39169151	0.51584715	-10.465779	5.1715536
0.3823359	0.51198125	-10.398513	5.1674395
0.38545445	0.50843745	-10.443076	5.1674395
0.38857296	0.51198125	-10.471665	5.1756678
0.3870137	0.50521582	-10.457372	5.1509833
0.3870137	0.51488066	-10.454848	5.1880097
0.38389516	0.51584715	-10.418693	5.1797819
0.38389516	0.50231636	-10.452326	5.1509833
0.38389516	0.50199419	-10.47671	5.1756678
0.38857296	0.50682664	-10.489323	5.2003517
0.3823359	0.50360501	-10.429624	5.1592116
0.39013225	0.49522877	-10.97617	5.1509833
0.38389516	0.49458444	-10.478392	5.1756678
0.3870137	0.49683958	-10.448122	5.1715536
0.3870137	0.50199419	-10.452326	5.1797819
0.39013225	0.51455849	-10.485119	5.1921239
0.37921739	0.51842445	-10.313587	5.1921239
0.38389516	0.51810229	-10.469984	5.1756678
0.3870137	0.52067959	-10.452326	5.1921239
0.38389516	0.52293473	-10.510345	5.1838956
0.38389516	0.5171358	-10.47671	5.1427555
0.39013225	0.50618231	-10.432146	5.1674395
0.39481002	0.49812824	-10.48596	5.1592116
0.38545445	0.50586015	-10.449803	5.1756678
0.38545445	0.51004827	-10.348062	5.1756678
0.3823359	0.51165909	-10.454007	5.1962376
0.38389516	0.50038338	-10.424579	5.1715536
0.38389516	0.50328285	-10.452326	5.1674395
0.38389516	0.49941689	-10.483438	5.1550975
0.38077661	0.51004827	-10.430465	5.1921239
0.38545445	0.50489366	-10.457372	5.1880097
0.38545445	0.51488066	-10.369924	5.1962376
0.38545445	0.50682664	-10.483438	5.1592116
0.38857296	0.50586015	-10.457372	5.1550975
0.38389516	0.5106926	-10.712986	5.1633258
0.38545445	0.5071488	-10.457372	5.1921239
0.3870137	0.50779313	-10.413648	5.1592116
0.38545445	0.49941689	-10.448963	5.1550975
0.38545445	0.50843745	-10.447281	5.2044659
0.3823359	0.50328285	-10.463257	5.2126937
0.38389516	0.50038338	-10.469144	5.1838956
0.38389516	0.51101476	-10.438032	5.1838956
0.38545445	0.50231636	-10.424579	5.1715536
0.39169151	0.49877256	-10.483438	5.1715536
0.38545445	0.50328285	-10.443076	5.1715536
0.3870137	0.4949066	-10.468302	5.1715536
0.38857296	0.49426228	-10.457372	5.1797819
0.39013225	0.50134987	-10.472507	5.2003517
0.38857296	0.49522877	-10.452326	5.1633258
0.38545445	0.50521582	-10.395149	5.1962376
0.3870137	0.50650448	-10.437191	5.1880097
0.3870137	0.50489366	-10.415329	5.1592116
0.38545445	0.51037043	-10.459053	5.2126937
0.38857296	0.5171358	-10.451485	5.1962376
0.3870137	0.5106926	-10.314428	5.1838956
0.38857296	0.5071488	-10.461576	5.1880097
0.39013225	0.51262558	-10.474188	5.220922
0.37921739	0.51326984	-10.474188	5.2044659
0.38389516	0.51004827	-10.464938	5.1797819
0.39013225	0.50199419	-10.395149	5.1838956
0.3870137	0.51101476	-10.479233	5.2168078
0.3870137	0.50972611	-10.449803	5.20858
0.39169151	0.49683958	-10.469984	5.1633258
0.3870137	0.50328285	-10.489323	5.2003517
0.38545445	0.50521582	-10.461576	5.1797819
0.38077661	0.50263852	-10.434669	5.1880097
0.38545445	0.5106926	-10.464098	5.1756678
0.3823359	0.51842445	-10.459894	5.1921239
0.38077661	0.52486771	-10.457372	5.2044659
0.39013225	0.52164608	-10.339654	5.2003517
0.38389516	0.50489366	-10.438032	5.1592116
0.38857296	0.51004827	-10.478392	5.1756678
0.3823359	0.51616931	-10.469144	5.2003517
0.37921739	0.52454555	-10.464098	5.220922
0.39013225	0.51198125	-10.419534	5.1715536
0.39325073	0.50779313	-10.467461	5.1633258
0.3870137	0.50618231	-10.464938	5.1756678
0.39481002	0.49587309	-10.448963	5.1386414
0.3823359	0.49394011	-10.448122	5.1880097
0.38077661	0.4984504	-10.429624	5.1921239
0.3870137	0.50328285	-10.439713	5.1592116
0.38389516	0.49748391	-10.432987	5.1592116
0.38857296	0.49973905	-10.470825	5.1880097
0.38389516	0.50618231	-10.461576	5.1921239
0.38389516	0.50328285	-10.35563	5.1838956
0.38077661	0.51745796	-10.441395	5.2003517
0.38389516	0.52647853	-10.463257	5.2414923
0.3870137	0.53163314	-10.439713	5.1962376
0.38389516	0.52035743	-10.448122	5.1797819
0.38857296	0.50972611	-10.439713	5.2044659
0.3870137	0.51939094	-10.463257	5.220922
0.38545445	0.51616931	-10.465779	5.1962376
0.39325073	0.51294768	-10.45569	5.1715536
0.39013225	0.50618231	-10.480074	5.1962376
0.3870137	0.50682664	-10.475029	5.1756678
0.3823359	0.50070554	-10.478392	5.1921239
0.38077661	0.50586015	-10.440554	5.1962376
0.37921739	0.50940394	-10.45569	5.1880097
0.37453958	0.49877256	-10.448122	5.1509833
0.37142104	0.50521582	-10.475029	5.1921239
0.36362472	0.51198125	-10.469984	5.1962376
0.37142104	0.51778013	-10.443076	5.2003517
0.36986178	0.50811529	-10.434669	5.1756678
0.36362472	0.51778013	-10.443076	5.1921239
0.35426912	0.51198125	-10.467461	5.220922
0.37453958	0.50263852	-10.464098	5.1756678
0.37921739	0.49877256	-10.478392	5.1838956
0.37921739	0.5045715	-10.452326	5.20858
0.38077661	0.513592	-10.451485	5.2414923
0.3823359	0.52229041	-10.4456	5.2044659
0.37765813	0.51649147	-10.464098	5.1880097
0.38077661	0.50424933	-10.461576	5.1797819
0.38857296	0.50747097	-10.418693	5.1797819
0.38389516	0.50263852	-10.453167	5.1797819
0.38389516	0.51488066	-10.472507	5.1921239
0.39169151	0.52067959	-10.47671	5.2044659
0.3870137	0.513592	-10.41701	5.1797819
0.39481002	0.51326984	-10.448122	5.1756678
0.39325073	0.50875962	-10.477551	5.1715536
0.39325073	0.51745796	-10.460734	5.1838956
0.38857296	0.51294768	-10.418693	5.1797819
0.39481002	0.50392717	-10.446441	5.2044659
0.39481002	0.50972611	-10.454007	5.1797819
0.39169151	0.50940394	-10.435509	5.1921239
0.3870137	0.50392717	-10.462417	5.1880097
0.3870137	0.50489366	-10.411966	5.2126937
0.39325073	0.51004827	-10.492686	5.1921239
0.39013225	0.50972611	-10.489323	5.2003517
0.39325073	0.51391417	-10.473348	5.1880097
0.39325073	0.5106926	-10.401035	5.1921239
0.39013225	0.51649147	-10.434669	5.2126937
0.38857296	0.51810229	-10.444759	5.2003517
0.39636928	0.50553799	-10.46662	5.1674395
0.39013225	0.51004827	-10.482595	5.1838956
0.39169151	0.51391417	-10.480914	5.1880097
0.38857296	0.51423633	-10.400194	5.1921239
0.39325073	0.51552498	-10.463257	5.1921239
0.38545445	0.52390122	-10.458212	5.2126937
0.39325073	0.5171358	-10.45653	5.2250361
0.39481002	0.49877256	-10.263978	5.1633258
0.39169151	0.50875962	-10.467461	5.1962376
0.39169151	0.51391417	-10.47671	5.1962376
0.39636928	0.51520282	-10.493526	5.2250361
0.39325073	0.52196825	-10.475029	5.20858
0.39169151	0.50392717	-10.475029	5.1797819
0.38545445	0.50296068	-10.448963	5.2044659
0.39169151	0.513592	-10.465779	5.2250361
0.39792857	0.50682664	-10.472507	5.1880097
0.39169151	0.51133692	-10.453167	5.2126937
0.38857296	0.51520282	-10.464098	5.2168078
0.39013225	0.51778013	-10.335449	5.1921239
0.38077661	0.52067959	-10.454848	5.2497201
0.3870137	0.51939094	-10.460734	5.1962376
0.38857296	0.52841151	-10.446441	5.2168078
0.38857296	0.50134987	-10.467461	5.1921239
0.39013225	0.50360501	-10.461576	5.220922
0.3870137	0.5045715	-10.454848	5.2168078
0.39169151	0.50489366	-10.460734	5.1838956
0.38857296	0.50650448	-10.464098	5.2126937
0.39325073	0.49458444	-10.475029	5.1921239
0.39481002	0.49039632	-10.457372	5.1838956
0.39013225	0.49039632	-10.458212	5.1921239
0.38545445	0.49587309	-10.372446	5.2126937
0.3870137	0.49071848	-10.462417	5.1756678
0.39013225	0.49877256	-10.433827	5.1797819
0.38545445	0.50553799	-10.440554	5.20858
0.39169151	0.5106926	-10.4456	5.2003517
0.39325073	0.50134987	-10.473348	5.1838956
0.38545445	0.51294768	-10.454848	5.2456059
0.39325073	0.5010277	-10.45569	5.1756678
0.38857296	0.50424933	-10.475869	5.1838956
0.39481002	0.50134987	-10.475029	5.2003517
0.3870137	0.5071488	-10.427101	5.233264
0.39013225	0.50586015	-10.459053	5.1921239
0.39325073	0.50134987	-10.437191	5.1756678
0.39325073	0.5010277	-10.681035	5.2044659
0.39325073	0.4949066	-10.454848	5.2044659
0.39325073	0.49973905	-10.369082	5.2044659
0.40104708	0.49748391	-10.471665	5.1962376
0.39169151	0.49039632	-10.437191	5.1838956
0.39636928	0.48202011	-10.451485	5.1674395
0.39792857	0.49265146	-10.464098	5.1838956
0.39948782	0.49394011	-10.463257	5.1921239
0.39169151	0.4923293	-10.440554	5.1880097
0.39169151	0.50875962	-10.450644	5.2044659
0.39636928	0.5010277	-10.517911	5.2126937
0.39325073	0.5045715	-10.458212	5.1962376
0.39169151	0.50392717	-10.468302	5.1797819
0.39169151	0.50070554	-10.461576	5.2044659
0.39481002	0.51230341	-10.460734	5.2291498
0.39948782	0.50489366	-10.432987	5.2003517
0.39636928	0.49748391	-10.462417	5.1756678
0.40104708	0.49587309	-10.491845	5.20858
0.39948782	0.49973905	-10.532206	5.1756678
0.39948782	0.50908178	-10.46662	5.2291498
0.39169151	0.50360501	-10.402717	5.2003517
0.40260637	0.49039632	-10.485119	5.1756678
0.39792857	0.49877256	-10.435509	5.2044659
0.39013225	0.51230341	-10.47671	5.2414923
0.39481002	0.52003527	-10.468302	5.220922
0.39636928	0.51874661	-10.440554	5.2126937
0.39481002	0.50328285	-10.461576	5.1880097
0.40104708	0.50618231	-10.475869	5.220922
0.39636928	0.50199419	-10.380855	5.1838956
0.39792857	0.50779313	-10.458212	5.2003517
0.39481002	0.51198125	-10.471665	5.2168078
0.40260637	0.50972611	-10.467461	5.220922
0.39325073	0.51649147	-10.475869	5.2414923
0.39169151	0.50843745	-10.397672	5.2044659
0.39792857	0.52390122	-10.451485	5.2414923
0.38857296	0.51681364	-10.491845	5.220922
0.39013225	0.51616931	-10.432146	5.2373781
0.39325073	0.50843745	-10.452326	5.220922
0.39325073	0.51488066	-10.418693	5.233264
0.40104708	0.51133692	-10.48596	5.1921239
0.39481002	0.52132392	-10.478392	5.2373781
0.39169151	0.52776718	-10.450644	5.2456059
0.39169151	0.52551204	-10.438032	5.2291498
0.39325073	0.52390122	-10.430465	5.2126937
0.39948782	0.51230341	-10.496891	5.20858
0.39169151	0.51101476	-10.46662	5.2250361
0.39636928	0.52035743	-10.46662	5.2250361
0.39325073	0.50650448	-10.437191	5.2044659
0.39481002	0.49877256	-10.460734	5.2044659
0.39325073	0.513592	-10.496049	5.2250361
0.39169151	0.51165909	-10.467461	5.20858
0.39325073	0.50747097	-10.458212	5.2044659
0.39636928	0.51616931	-10.480914	5.220922
0.39792857	0.50747097	-10.460734	5.1962376
0.39792857	0.50586015	-10.464098	5.2044659
0.39948782	0.50650448	-10.475029	5.1921239
0.39169151	0.51423633	-10.422896	5.220922
0.3870137	0.52067959	-10.45653	5.20858
0.39948782	0.52518988	-10.469144	5.2126937
0.40572491	0.50972611	-10.438032	5.1921239
0.38857296	0.50682664	-10.472507	5.1838956
0.39792857	0.51745796	-10.469144	5.233264
0.39325073	0.52100176	-10.439713	5.2579479
0.39325073	0.513592	-10.459894	5.1962376
0.39013225	0.51842445	-10.448122	5.2250361
0.39636928	0.51584715	-10.440554	5.2126937
0.39481002	0.52518988	-10.443076	5.2661762
0.39325073	0.51326984	-10.443076	5.1838956
0.39948782	0.50167203	-10.465779	5.1962376
0.39325073	0.50908178	-10.434669	5.2291498
0.39481002	0.51778013	-10.473348	5.2291498
0.39169151	0.52196825	-10.454848	5.2250361
0.39481002	0.51165909	-10.48596	5.2126937
0.38857296	0.50811529	-10.477551	5.2250361
0.39013225	0.5045715	-10.331245	5.2044659
0.39481002	0.51326984	-10.464938	5.233264
0.39792857	0.50843745	-10.453167	5.1921239
0.39792857	0.51842445	-10.457372	5.233264
0.39325073	0.5232569	-10.438032	5.2456059
0.39481002	0.52551204	-10.433827	5.2579479
0.38857296	0.52486771	-10.45653	5.2250361
0.39792857	0.52100176	-10.461576	5.2126937
0.39169151	0.50811529	-10.444759	5.220922
0.39636928	0.50070554	-10.469984	5.2250361
0.39636928	0.49716175	-10.448963	5.1921239
0.39792857	0.49265146	-10.423738	5.2126937
0.39636928	0.50650448	-10.453167	5.2497201
0.39325073	0.50682664	-10.448122	5.220922
0.39636928	0.49104065	-10.432987	5.1838956
0.40104708	0.4949066	-10.40692	5.2126937
0.39325073	0.49909472	-10.438032	5.220922
0.39481002	0.50296068	-10.434669	5.20858
0.39325073	0.50940394	-10.418693	5.2620621
0.39325073	0.52808934	-10.498572	5.2579479
0.3870137	0.52647853	-10.448963	5.2373781
0.39481002	0.52067959	-10.482595	5.2250361
0.39169151	0.50618231	-10.473348	5.2168078
0.39013225	0.52035743	-10.468302	5.2538342
0.39792857	0.51584715	-10.432146	5.220922
0.39948782	0.49716175	-10.45653	5.1921239
0.39636928	0.50650448	-10.480914	5.2497201
0.39325073	0.50296068	-10.439713	5.2126937
0.39325073	0.5045715	-10.431305	5.2414923
0.39481002	0.50779313	-10.469144	5.233264
0.40104708	0.50586015	-10.488482	5.20858
0.39169151	0.51649147	-10.457372	5.2497201
0.39636928	0.52873367	-10.513707	5.2456059
0.39169151	0.52615637	-10.376651	5.220922
0.39169151	0.53098881	-10.481755	5.2414923
0.39325073	0.53743207	-10.468302	5.2702904
0.40104708	0.51842445	-10.338813	5.2044659
0.39169151	0.52067959	-10.468302	5.233264
0.40104708	0.51423633	-10.438032	5.2126937
0.39481002	0.52776718	-10.464098	5.2620621
0.40728414	0.51198125	-10.470825	5.1880097
0.39325073	0.51681364	-10.418693	5.2044659
0.39792857	0.50747097	-10.453167	5.2291498
0.39325073	0.50747097	-10.438032	5.2126937
0.38857296	0.5010277	-10.41701	5.2003517
0.39169151	0.51004827	-10.493526	5.2414923
0.39481002	0.5071488	-10.377492	5.2168078
0.39325073	0.50553799	-10.462417	5.20858
0.39636928	0.50521582	-10.469144	5.1921239
0.39169151	0.50972611	-10.434669	5.2168078
0.39013225	0.52390122	-10.431305	5.2414923
0.39792857	0.51906878	-10.348903	5.2044659
0.39792857	0.52712286	-10.491005	5.2620621
0.39325073	0.52486771	-10.464098	5.2250361
0.39792857	0.52164608	-10.475029	5.1921239
0.39325073	0.52229041	-10.462417	5.2126937
0.39325073	0.53163314	-10.452326	5.2538342
0.39481002	0.53259963	-10.458212	5.2291498
0.39792857	0.51294768	-10.448122	5.1797819
0.3870137	0.50618231	-10.347221	5.2044659
0.3870137	0.4984504	-10.447281	5.2168078
0.40104708	0.50231636	-10.461576	5.2126937
0.39325073	0.50972611	-10.480074	5.2373781
0.39792857	0.5106926	-10.457372	5.2250361
0.39792857	0.49812824	-10.451485	5.20858
0.39481002	0.49361795	-10.45569	5.1838956
0.39169151	0.50263852	-10.458212	5.2291498
0.39325073	0.51101476	-10.448122	5.2291498
0.39169151	0.51488066	-10.454848	5.2126937
0.39792857	0.50650448	-10.328723	5.2250361
0.39636928	0.51391417	-10.463257	5.2126937
0.39325073	0.51165909	-10.512867	5.2044659
0.39481002	0.5106926	-10.469984	5.220922
0.39325073	0.51198125	-10.484279	5.233264
0.39013225	0.51616931	-10.45569	5.2291498
0.39169151	0.51745796	-10.458212	5.2291498
0.39325073	0.51520282	-10.458212	5.2414923
0.39481002	0.52164608	-10.463257	5.2291498
0.39792857	0.50650448	-10.436351	5.233264
0.40104708	0.50843745	-10.422056	5.2250361
0.39792857	0.50263852	-10.475029	5.2126937
0.39169151	0.5045715	-10.471665	5.2003517
0.39792857	0.4984504	-10.427101	5.2168078
0.39013225	0.50038338	-10.407762	5.20858
0.39792857	0.4949066	-10.353107	5.1880097
0.42443606	0.49812824	-10.374969	5.1962376
0.44626576	0.50424933	-10.35647	5.20858
0.46029913	0.50843745	-10.319473	5.1921239
0.46497697	0.50392717	-10.304338	5.1921239
0.46185842	0.50972611	-10.288363	5.2250361
0.44782501	0.51133692	-10.291725	5.2250361
0.43067312	0.50134987	-10.255569	5.1880097
0.40572491	0.50296068	-10.24548	5.220922
0.39792857	0.50682664	-10.18578	5.2291498
0.39481002	0.49973905	-10.199233	5.2044659
0.40416563	0.50038338	-10.179053	5.2291498
0.40572491	0.50296068	-10.17485	5.2456059
0.418199	0.49683958	-10.143738	5.1962376
0.42755461	0.49780607	-10.117672	5.2168078
0.43223241	0.50134987	-10.075629	5.2291498
0.42755461	0.50779313	-10.052927	5.2373781
0.42599532	0.50199419	-9.9200745	5.2168078
0.42131752	0.51294768	-10.031906	5.2414923
0.41508049	0.51520282	-10.018453	5.233264
0.41975826	0.50940394	-9.9377317	5.2579479
0.41196194	0.50650448	-9.9696836	5.2044659
0.41040266	0.50811529	-9.9360504	5.2497201
0.418199	0.51101476	-9.9217558	5.2497201
0.42287678	0.51198125	-9.8839188	5.2538342
0.41975826	0.51616931	-9.8385134	5.2579479
0.42599532	0.5197131	-9.8788729	5.2579479
0.42443606	0.52229041	-9.8351498	5.2702904
0.42755461	0.52454555	-9.793108	5.2826324
0.41975826	0.52196825	-9.7788134	5.2579479
0.42287678	0.51842445	-9.7754498	5.2579479
0.41975826	0.52551204	-9.7577925	5.2661762
0.418199	0.51906878	-9.6417561	5.2497201
0.4135212	0.529378	-9.6938887	5.2867465
0.42287678	0.53421044	-9.7006149	5.2702904
0.4135212	0.54741907	-9.6367111	5.2949743
0.4135212	0.5380764	-9.6383934	5.274404
0.41975826	0.53259963	-9.6148491	5.2908602
0.41663975	0.52422339	-9.5887833	5.2497201
0.42287678	0.52261257	-9.5770121	5.2785182
0.41975826	0.51584715	-9.5316067	5.2702904
0.42443606	0.51004827	-9.5290842	5.2867465
0.418199	0.50940394	-9.4634981	5.2579479
0.418199	0.50940394	-9.5021772	5.2702904
0.418199	0.51552498	-9.4643393	5.2867465
0.418199	0.5106926	-9.4080029	5.2456059
0.42443606	0.52100176	-9.4164114	5.2990885
0.41975826	0.52035743	-9.4046392	5.2826324
0.41508049	0.52776718	-9.3541889	5.2826324
0.42287678	0.5232569	-9.3407354	5.2579479
0.42287678	0.53356612	-9.3298044	5.2908602
0.41975826	0.52390122	-9.3138285	5.2538342
0.42755461	0.51455849	-9.2591743	5.2579479
0.42287678	0.52422339	-9.2995348	5.2867465
0.42911386	0.52003527	-9.2398348	5.2826324
0.42755461	0.52422339	-9.2162914	5.2702904
0.42287678	0.52390122	-9.1557512	5.2661762
0.42443606	0.52841151	-9.1456604	5.2867465
0.42755461	0.51681364	-9.1406164	5.2826324
0.42131752	0.52196825	-9.0590544	5.3032022
0.418199	0.50940394	-9.1069822	5.2579479
0.42287678	0.50618231	-9.1036186	5.2702904
0.42443606	0.49394011	-9.3567123	5.2373781
0.418199	0.50199419	-8.9934692	5.2250361
0.42131752	0.50811529	-8.9909468	5.2702904
0.43067312	0.51004827	-9.0069218	5.2702904
0.42911386	0.51520282	-8.9455414	5.2702904
0.42287678	0.52518988	-8.9329281	5.3155446
0.42287678	0.53098881	-8.9287243	5.3114305
0.42287678	0.51584715	-8.9060211	5.2620621
0.42599532	0.51906878	-8.8673429	5.2949743
0.42287678	0.51939094	-8.8606157	5.274404
0.41663975	0.52164608	-9.4164114	5.2867465
0.42443606	0.52615637	-8.8160515	5.2949743
0.42131752	0.51939094	-8.802598	5.2867465
0.41663975	0.52067959	-8.7513065	5.3114305
0.41663975	0.52261257	-8.7176733	5.3032022
0.42287678	0.52647853	-8.7403755	5.3278866
0.42911386	0.52196825	-8.7479429	5.2826324
0.43067312	0.51262558	-8.7185144	5.2785182
0.41975826	0.51455849	-8.5326881	5.2702904
0.42599532	0.5106926	-8.6327486	5.2867465
0.42755461	0.52873367	-8.6335888	5.3237724
0.42443606	0.52229041	-8.5091448	5.2785182
0.42131752	0.52615637	-8.5730486	5.3237724
0.42287678	0.5354991	-8.5595951	5.3155446
0.42599532	0.52003527	-8.5368929	5.2867465
0.42755461	0.52615637	-8.4418774	5.2908602
0.42911386	0.53614342	-8.5368929	5.3278866
0.41975826	0.53839856	-8.467103	5.3237724
0.43067312	0.52132392	-8.4326286	5.274404
0.42755461	0.51423633	-8.3350906	5.2990885
0.42599532	0.51552498	-8.4174929	5.3114305
0.42443606	0.52100176	-8.3762922	5.3073163
0.42287678	0.52164608	-8.2535295	5.3237724
0.42911386	0.50908178	-8.3283644	5.2826324
0.418199	0.51649147	-8.309866	5.2949743
0.42131752	0.52067959	-8.3107071	5.3073163
0.42911386	0.53710991	-8.1484241	5.3361144
0.42911386	0.52357906	-8.272028	5.2867465
0.42287678	0.53324395	-8.272028	5.3196583
0.43379164	0.52261257	-8.2114868	5.3073163
0.42599532	0.52680069	-8.1459026	5.3114305
0.42755461	0.5354991	-8.1896257	5.3237724
0.42911386	0.52808934	-8.1442204	5.3155446
0.42911386	0.529378	-8.0904064	5.3032022
0.42911386	0.5319553	-8.1215181	5.3196583
0.42443606	0.52744502	-8.0567732	5.3032022
0.42911386	0.51874661	-8.055932	5.2990885
0.42287678	0.52712286	-8.050046	5.3278866
0.43067312	0.51262558	-8.0323887	5.3073163
0.42755461	0.51101476	-7.9861426	5.3032022
0.42287678	0.51165909	-7.8667426	5.2990885
0.42443606	0.51520282	-7.8692656	5.3073163
0.42443606	0.51778013	-7.9323282	5.3196583
0.42755461	0.52647853	-7.9020586	5.3155446
0.42911386	0.529378	-7.8793554	5.3032022
0.43067312	0.52293473	-7.8583345	5.2826324
0.42599532	0.53098881	-7.860857	5.3361144
0.42911386	0.53227746	-7.8213372	5.2949743
0.42599532	0.52003527	-7.6624188	5.2661762
0.43067312	0.5258342	-7.769206	5.2867465
0.43067312	0.52841151	-7.714551	5.3196583
0.42911386	0.52067959	-7.7448215	5.2867465
0.42911386	0.52873367	-8.2493248	5.3237724
0.43691018	0.52261257	-7.7128692	5.2949743
0.42443606	0.51939094	-7.6271038	5.3114305
0.42599532	0.51939094	-7.6632595	5.3566837
0.42911386	0.513592	-7.4967732	5.3073163
0.42599532	0.52003527	-7.5951519	5.3361144
0.42287678	0.52680069	-7.5631995	5.3361144
0.42755461	0.52873367	-7.4850016	5.3361144
0.42755461	0.51101476	-7.5102267	5.3073163
0.43223241	0.51262558	-7.5110674	5.3032022
0.43379164	0.51906878	-7.4967732	5.2867465
0.43379164	0.51326984	-7.4463229	5.3114305
0.43379164	0.51745796	-7.4320288	5.3361144
0.43223241	0.52261257	-7.4025989	5.3237724
0.42911386	0.53034449	-7.3714876	5.3361144
0.43223241	0.5319553	-7.5245209	5.3484559
0.43379164	0.52293473	-7.3681245	5.3196583
0.43223241	0.52776718	-7.3487854	5.3443418
0.43535089	0.52003527	-7.3000169	5.3484559
0.42911386	0.5171358	-7.2638602	5.3237724
0.43846944	0.50360501	-7.259656	5.3114305
0.43535089	0.5197131	-7.2722688	5.3361144
0.42911386	0.52229041	-7.2024794	5.3237724
0.43379164	0.50972611	-7.1671638	5.3114305
0.43691018	0.51004827	-7.1772542	5.3196583
0.43379164	0.51423633	-7.148665	5.3320007
0.42599532	0.52551204	-7.1041012	5.3566837
0.43691018	0.52100176	-7.0662632	5.3361144
0.43535089	0.52293473	-7.0662632	5.3237724
0.43223241	0.53324395	-7.0620584	5.389596
0.44314724	0.52067959	-7.0275846	5.2949743
0.43846944	0.52647853	-6.9292059	5.3196583
0.43535089	0.53163314	-7.0090857	5.3607979
0.43379164	0.52164608	-6.9392958	5.3443418
0.42755461	0.52422339	-6.783741	5.3320007
0.418199	0.52486771	-6.9611583	5.3402286
0.42287678	0.52035743	-6.8930497	5.3484559
0.43379164	0.51133692	-6.7551517	5.3443418
0.43691018	0.4984504	-6.8510079	5.3073163
0.44782501	0.50296068	-6.8232603	5.3361144
0.45094356	0.51810229	-6.8249416	5.3607979
0.4493843	0.51488066	-6.7702875	5.3402286
0.44314724	0.51230341	-6.775332	5.3525701
0.44314724	0.52293473	-6.7585154	5.3566837
0.43379164	0.5380764	-6.7408576	5.3854823
0.43691018	0.53356612	-6.7223592	5.3731399
0.43379164	0.53453261	-6.6853623	5.389596
0.43067312	0.53002232	-6.6635003	5.3566837
0.44158798	0.53259963	-6.6542511	5.364912
0.43691018	0.53163314	-6.5659628	5.3813682
0.43535089	0.53614342	-6.6063237	5.4101663
0.43846944	0.53710991	-6.6038008	5.3937101
0.43535089	0.53388828	-6.5247617	5.401938
0.44158798	0.52615637	-6.5382152	5.389596
0.44314724	0.51906878	-6.5029001	5.3731399
0.44002873	0.51810229	-6.4659028	5.3813682
0.44158798	0.51649147	-6.4339509	5.377254
0.44470653	0.51262558	-6.4667435	5.3731399
0.44626576	0.51230341	-6.4314284	5.389596
0.43379164	0.51778013	-6.3633204	5.4060521
0.44314724	0.52390122	-6.3322096	5.401938
0.44314724	0.52647853	-6.3448215	5.4225082
0.43846944	0.52196825	-6.3330503	5.4183941
0.44002873	0.51939094	-6.2952123	5.4060521
0.44626576	0.51294768	-6.2683053	5.389596
0.44158798	0.52486771	-6.2489662	5.4266224
0.44470653	0.53227746	-6.2195363	5.4430785
0.44002873	0.5380764	-6.2220592	5.4554205
0.44314724	0.53614342	-6.1867437	5.4513063
0.43846944	0.53485477	-6.1741309	5.4554205
0.44626576	0.52132392	-6.1758132	5.4225082
0.44626576	0.5354991	-6.1606774	5.4636483
0.44314724	0.53614342	-6.0345516	5.4677625
0.44470653	0.53002232	-6.0707073	5.4389644
0.45094356	0.52712286	-6.0908875	5.4389644
0.44158798	0.54097587	-5.9925098	5.4801044
0.44626576	0.5380764	-6.0210981	5.4924469
0.4540621	0.53131098	-5.9975543	5.4471922
0.4540621	0.53453261	-6.0118494	5.4595346
0.44782501	0.53646559	-5.8453627	5.4965606
0.45250285	0.53324395	-5.9454222	5.4759908
0.45250285	0.53292179	-5.9143109	5.4842186
0.44626576	0.53292179	-5.9134703	5.4759908
0.44470653	0.52293473	-5.8411579	5.4759908
0.45094356	0.51584715	-5.8504076	5.4842186
0.44782501	0.53002232	-5.8226595	5.5089025
0.45250285	0.52164608	-5.7974348	5.4718766
0.4493843	0.52712286	-5.7259631	5.4965606
0.44782501	0.51520282	-5.7680049	5.4924469
0.45094356	0.52229041	-5.7335305	5.5171309
0.45250285	0.5197131	-5.7116685	5.5047889
0.45250285	0.52422339	-5.6746716	5.4965606
0.44782501	0.53453261	-5.6771941	5.533587
0.4540621	0.54000938	-5.6654224	5.5582709
0.45094356	0.54323101	-5.6401978	5.5377011
0.4493843	0.54838556	-5.4947319	5.5500431
0.4540621	0.5445196	-5.595633	5.5377011
0.45718065	0.54226452	-5.5737705	5.5253587
0.45094356	0.54613042	-5.5460229	5.545929
0.45873991	0.53324395	-5.5300474	5.521245
0.45873991	0.54194236	-5.4610982	5.5623851
0.45250285	0.53614342	-5.4644618	5.5664992
0.46029913	0.52551204	-5.4711885	5.5500431
0.45250285	0.52422339	-5.4602575	5.5706129
0.4540621	0.53582126	-5.4198971	5.587069
0.45718065	0.53227746	-5.3290863	5.5664992
0.46341768	0.54000938	-5.3719687	5.6158671
0.46341768	0.54323101	-5.3416991	5.6158671
0.46497697	0.55805045	-5.3063831	5.6364374
0.46185842	0.54323101	-5.2828403	5.5829554
0.46341768	0.55192935	-5.3097467	5.6364374
0.45718065	0.55386233	-5.2441611	5.6282096
0.46341768	0.54162019	-5.229867	5.6035252
0.46497697	0.54999638	-5.1869841	5.6364374
0.46653622	0.54999638	-5.2063231	5.6323233
0.46341768	0.54774123	-5.1365337	5.6528935
0.46653622	0.53968722	-5.1373744	5.6487794
0.46029913	0.53163314	-5.1020594	5.6570077
0.46809548	0.52551204	-5.0886054	5.6652355
0.46809548	0.53968722	-5.0684257	5.7104897
0.46653622	0.54097587	-5.0516086	5.6899199
0.46341768	0.54677474	-4.9036207	5.7146039
0.47121403	0.54999638	-5.0036807	5.7063761
0.46965477	0.54838556	-4.9767737	5.7351742
0.46809548	0.54838556	-4.9582753	5.7146039
0.47277325	0.54000938	-4.8691463	5.7146039
0.47433254	0.55031854	-4.9280052	5.7351742
0.47277325	0.5480634	-4.8868041	5.7475152
0.47277325	0.55643964	-4.8422394	5.7598572
0.47277325	0.55160719	-4.8338308	5.7598572
0.46497697	0.56159425	-4.834672	5.7804275
0.4758918	0.5567618	-4.8094463	5.7763133
0.4758918	0.55708396	-4.7884254	5.8092256
0.4758918	0.53839856	-4.732089	5.7845416
0.48212889	0.54065371	-4.7447019	5.8174539
0.4758918	0.55289584	-4.7085457	5.8503661
0.47901034	0.55547315	-4.7119088	5.8627081
0.48368815	0.54323101	-4.5134702	5.8297958
0.47745109	0.54613042	-4.6757526	5.8585939
0.47745109	0.55225152	-4.6227794	5.8544798
0.47901034	0.5541845	-4.5832601	5.8832779
0.48212889	0.5480634	-4.4134102	5.8668218
0.4758918	0.55740613	-4.5681252	5.9038482
0.48212889	0.56094992	-4.5201969	5.899734
0.48836592	0.56546021	-4.5201969	5.9203043
0.48524743	0.57093698	-4.3957524	5.9655585
0.48836592	0.57351428	-4.4731102	5.9367604
0.47901034	0.57866883	-4.4478846	5.9696727
0.48212889	0.57254779	-4.4251819	5.9573307
0.48368815	0.57125914	-4.3831401	5.9779005
0.48680666	0.57673585	-4.3755727	5.9820147
0.49304372	0.57319212	-4.3814583	6.0108128
0.48992521	0.56803751	-4.2780347	6.0108128
0.48992521	0.56739318	-4.3368936	6.031383
0.48368815	0.57351428	-4.282239	6.0478392
0.48836592	0.578991	-4.2578549	6.0519528
0.49148446	0.58092397	-4.2654223	6.0642953
0.49304372	0.58607858	-4.2486053	6.0930934
0.48992521	0.59252185	-4.1830196	6.1136632
0.48836592	0.58736724	-4.1502266	6.1054354
0.49928078	0.57770234	-4.1619987	6.0972071
0.50395858	0.57802451	-4.1535902	6.1218915
0.49928078	0.58317912	-4.1241608	6.1506896
0.49928078	0.59767646	-4.1022992	6.1794868
0.49928078	0.60540837	-3.9719684	6.1836009
0.50084007	0.58414561	-4.0434403	6.1671448
0.49616227	0.58446777	-4.0266232	6.2453113
0.50395858	0.58833373	-3.8416381	6.2165132
0.50551784	0.57931316	-3.9921486	6.2206273
0.50551784	0.58060181	-3.9635603	6.2288551
0.50551784	0.59509915	-3.9618785	6.2987938
0.50395858	0.5876894	-3.8029594	6.2617674
0.51487345	0.58704507	-4.0325089	6.2905655
0.51175493	0.59445482	-3.9181547	6.2987938
0.50863642	0.59799862	-3.8685453	6.3234777
0.51019567	0.6025089	-3.7953918	6.3399339
0.5164327	0.60186458	-3.8080046	6.3275919
0.51955122	0.59767646	-3.7928693	6.3275919
0.51799196	0.60315323	-3.7684851	6.3646178
0.50863642	0.59509915	-3.7171936	6.4057584
0.50863642	0.6060527	-3.6961725	6.4139862
0.51955122	0.61410671	-3.6961725	6.4098721
0.51487345	0.60218674	-3.6886051	6.4386706
0.52266979	0.60508621	-3.647404	6.4715824
0.52266979	0.59832078	-3.6104066	6.4592404
0.51799196	0.60122025	-3.5969534	6.4798107
0.52890682	0.59252185	-3.5809772	6.4962668
0.52890682	0.61120725	-3.4144907	6.5332928
0.52422905	0.59670997	-3.5263226	6.5209508
0.52734756	0.60379755	-3.4960523	6.5374069
0.52890682	0.60637486	-3.5044608	6.5620909
0.53202534	0.60154241	-3.464941	6.5497489
0.53046608	0.61281806	-3.4556921	6.6196866
0.53202534	0.61410671	-3.4321482	6.6032305
0.53046608	0.62538242	-3.4153314	6.6320286
0.53826243	0.62924838	-3.5330493	6.6073446
0.53670317	0.6273154	-3.3640401	6.656713
0.53358465	0.6211943	-3.3245206	6.6279149
0.53670317	0.63118136	-3.3034997	6.6772828
0.53826243	0.62860405	-3.2740703	6.6937389
0.5429402	0.61990565	-3.2530489	6.6978531
0.54449946	0.62602675	-3.2673435	6.722537
0.54761803	0.61958349	-3.1227186	6.7184234
0.54449946	0.61700618	-3.2328689	6.7513356
0.54605877	0.61346239	-3.2000761	6.7554493
0.55073655	0.60959649	-3.1656015	6.7760196
0.5522958	0.61475104	-3.0630188	6.7801337
0.5522958	0.62409377	-3.1159918	6.8212738
0.5522958	0.63569164	-3.0941298	6.8336158
0.55853289	0.6273154	-3.0655415	6.8624139
0.55385506	0.63730246	-3.0512469	6.8541861
0.55853289	0.65018892	-3.0462022	6.8829842
0.56632918	0.64406788	-2.9991148	6.8541861
0.56476992	0.64084625	-2.9797754	6.9076681
0.56788844	0.63504732	-2.9637995	6.891212
0.56632918	0.64310139	-2.950346	6.9200101
0.56476992	0.65147758	-2.9175532	6.9652648
0.57100701	0.64439005	-2.9015772	6.9693785
0.56788844	0.63150352	-2.8376734	6.9446945
0.57412553	0.62795973	-2.8561716	6.9899487
0.57412553	0.62699324	-2.8200154	7.0064049
0.57880336	0.62216079	-2.7922676	6.9817204
0.57256627	0.63987976	-2.7847002	7.0475445
0.57724404	0.65631002	-2.7678833	7.0804563
0.58036256	0.64728945	-2.6980937	7.035202
0.58348113	0.65115541	-2.6964118	7.0681143
0.58036256	0.658243	-3.057133	7.1010265
0.58504039	0.65888733	-2.6678231	7.1257105
0.59283674	0.65502137	-2.6602557	7.0969124
0.59595525	0.64696729	-2.6240995	7.0763426
0.59595525	0.65856516	-2.6190543	7.1298246
0.59595525	0.66855222	-2.5711262	7.1503949
0.6037516	0.65373272	-2.5374928	7.1298246
0.59907377	0.65631002	-2.508904	7.179193
0.60687011	0.65469921	-2.5324476	7.1833072
0.60687011	0.6556657	-2.4937689	7.2203331
0.61154795	0.64890027	-2.4878829	7.1997633
0.6131072	0.65888733	-2.4475224	7.2285614
0.61154795	0.6495446	-2.418093	7.2162194
0.61622566	0.66758573	-2.4113662	7.2779298
0.61934417	0.65985382	-2.386982	7.2491312
0.62402201	0.66887438	-2.1834981	7.2532454
0.62402201	0.67338467	-2.3230779	7.2943854
0.63181835	0.68047225	-2.3121469	7.3108416
0.63649619	0.67692846	-2.3188736	7.2984996
0.63805544	0.67886144	-2.2793541	7.323184
0.63181835	0.69658035	-2.2415161	7.3314118
0.6396147	0.6917479	-2.2373121	7.3437538
0.6411739	0.697869	-2.222177	7.3807802
0.6505295	0.68530464	-2.0901647	7.3643241
0.64741099	0.67531765	-2.1322067	7.3684382
0.64897025	0.6766063	-2.1439786	7.4054642
0.65364808	0.69013709	-2.1137083	7.4424906
0.65988511	0.69239223	-2.0960505	7.4466043
0.66144443	0.69400305	-2.0800745	7.4630604
0.66300368	0.68884844	-2.0380325	7.4342623
0.66456294	0.69368088	-2.0363507	7.4754028
0.67235923	0.70012414	-2.0086029	7.4795165
0.67859632	0.69947982	-1.981696	7.491859
0.68327409	0.68981493	-1.9640384	7.4754028
0.68951118	0.68369383	-1.9522666	7.5083141
0.68951118	0.68788195	-1.8824767	7.5000858
0.69574821	0.69303656	-1.9085428	7.5206561
0.69730747	0.69303656	-1.8673414	7.5329981
0.70666307	0.69368088	-1.8740681	7.5659103
0.70354456	0.68981493	-1.7925065	7.5576825
0.70666307	0.68755978	-1.7941881	7.5741386
0.71601868	0.69561386	-1.7874614	7.6152787
0.72537422	0.69110358	-2.1809757	7.6029367
0.72537422	0.68884844	-1.7319659	7.6440768
0.73005205	0.69368088	-1.7361699	7.635849
0.73161131	0.68691546	-1.672266	7.635849
0.73628914	0.68272734	-1.5099834	7.660533
0.73161131	0.69593602	-1.655449	7.6934452
0.74096692	0.69915766	-1.6159295	7.7057872
0.74876326	0.6917479	-1.5764099	7.7057872
0.76123738	0.69335872	-1.5965902	7.714015
0.75811881	0.72460848	-1.5629566	7.7880678
0.76591516	0.72847444	-1.5368903	7.8045239
0.76747441	0.71462148	-1.5108242	7.7551556
0.7737115	0.71848744	-1.394788	7.7798395
0.77527076	0.72847444	-1.4645779	7.833322
0.78618562	0.71719879	-1.4519653	7.8292079
0.78930414	0.73040742	-1.4284217	7.8538918
0.79710048	0.72750795	-1.4031965	7.858006
0.800219	0.72654146	-1.3922654	7.8868041
0.80957454	0.71977609	-1.3737669	7.8744621
0.81737089	0.7262193	-1.3107038	7.9032602
0.82204872	0.7200982	-1.2695025	7.9114885
0.82672656	0.7262193	-1.3090221	7.9279442
0.83608204	0.72396415	-1.298932	7.9279442
0.84075987	0.72493064	-1.2375504	7.9608564
0.84231913	0.72911876	-1.202235	7.9690847
0.85947108	0.72783011	-1.2140068	7.9649706
0.8610304	0.72589713	-1.1778506	7.9690847
0.8719452	0.72364199	-1.1442169	8.0143385
0.87818229	0.72783011	-0.98697931	8.0102243
0.8875379	0.72235334	-1.1038564	8.0143385
0.89689344	0.72686362	-1.101334	8.0390224
0.90157121	0.72847444	-1.0677001	8.0966187
0.90313053	0.73813933	-1.0449975	8.0966187
0.91560465	0.73072958	-0.99959195	8.1007328
0.92340094	0.73395121	-0.99706942	8.104847
0.92807877	0.72428632	-0.96932161	8.1007328
0.93743438	0.7226755	-0.93989211	8.1377592
0.94367146	0.71945393	-0.94745976	8.1377592
0.95926404	0.72911876	-0.88775986	8.1665573
0.96394187	0.73878366	-0.87935144	8.1871271
0.97485673	0.74780422	-0.86842048	8.1994696
0.98421228	0.75682479	-0.87514722	8.2282677
0.98889011	0.74071664	-0.81040233	8.2035828
0.99668646	0.75392532	-0.78517705	8.2570658
1.0044829	0.75875777	-0.80283475	8.2817497
1.0185162	0.74941504	-0.77845031	8.2570658
1.0278717	0.75167018	-0.73640817	8.2776356
1.0372273	0.76391232	-0.72295469	8.3434601
1.0465829	0.76391232	-0.68679839	8.3393459
1.0699719	0.7558583	-0.69604772	8.3270035
1.0730904	0.75811344	-0.64055204	8.3599157
1.0762089	0.74877071	-0.6161676	8.3516884
1.0902424	0.75907993	-0.60439581	8.3722582
1.1027164	0.76487881	-0.60944086	8.4216261
1.1151906	0.74877071	-0.55226356	8.3969421
1.1292239	0.75521398	-0.45640743	8.4010563
1.1339018	0.76101285	-0.53124249	8.4257402
1.1510537	0.75907993	-0.47742853	8.4792223
1.1650871	0.76423448	-0.44127229	8.4627666
1.1775613	0.7658453	-0.38998085	8.4545383
1.1884761	0.76648962	-0.42109203	8.4709949
1.2040688	0.77776533	-0.4278188	8.4956789
1.2103058	0.78710806	-0.37989074	8.5162477
1.2305763	0.78259778	-0.36223301	8.5039062
1.2399319	0.76777828	-0.33028099	8.5080204
1.2570838	0.75618047	-0.29748809	8.5203619
1.2711172	0.76133502	-0.21928971	8.5368185
1.2835913	0.75811344	-0.25376427	8.5450459
1.2898284	0.7658453	-0.25712764	8.5820723
1.3116581	0.76648962	-0.22265306	8.5615025
1.3256915	0.75875777	-0.18986018	8.5820723
1.3334877	0.75875777	-0.15202224	8.5944147
1.3568769	0.76036853	-0.17136163	8.602643
1.3677918	0.7719664	-0.15370393	8.627327
1.3880621	0.7745437	-0.077187195	8.6478968
1.3958584	0.78034264	-0.1141843	8.6478968
1.4130104	0.77293289	-0.069619603	8.6149845
1.4348402	0.7806648	-0.05028021	8.6314411
1.451992	0.78453076	-0.013283106	8.6561251
1.4629068	0.77003342	0.01614641	8.6725807
1.4800588	0.77422154	-0.017487323	8.6643534
1.4956515	0.77776533	-0.0031929866	8.6890373
1.5065663	0.77840966	0.0026929164	8.6931515
1.4940922	0.77937615	0.0035337596	8.7013788
1.4894145	0.7842086	0.014464723	8.7301769
1.4894145	0.78871888	-0.017487323	8.7425194
1.5003291	0.78743023	-0.014123949	8.7096071
1.4987699	0.79322916	-0.0023521434	8.7342911
1.5018885	0.78163129	-0.0073972028	8.7013788
1.5081255	0.77647668	0.012783037	8.7178354
1.5034478	0.79129618	0.01110135	8.7260637
1.5034478	0.78388643	0.022032311	8.7178354
1.5034478	0.78968537	-0.020850696	8.7260637
1.4972107	0.79999459	0.023713998	8.7342911
1.4972107	0.79516214	-0.0023521434	8.6931515
1.4909737	0.78549725	-0.0040338296	8.705493
1.4894145	0.78388643	0.01614641	8.7384052
1.4909737	0.78904104	-0.01160142	8.7096071
1.4784995	0.79258484	0.01110135	8.7342911
1.4784995	0.78034264	-0.026736598	8.6972656
1.4800588	0.77840966	0.012783037	8.7137213
1.4722625	0.77357721	-0.025895756	8.6766949
1.4644661	0.77937615	-0.01916901	8.705493
1.4722625	0.7842086	-0.024214068	8.6931515
1.4660254	0.78614157	-0.0090788892	8.680809
1.4613476	0.79032969	0.0026929164	8.7137213
1.4597883	0.77712101	0.026236527	8.680809
1.4535513	0.78453076	-0.0099197328	8.6972656
1.4488734	0.79129618	-0.030099971	8.7096071
1.4488734	0.79838377	-0.020009853	8.7096071
1.4457549	0.79935026	-0.024214068	8.705493
1.4457549	0.77905399	-0.0082380464	8.6643534
1.4426364	0.78743023	-0.0057155164	8.6972656
1.4410771	0.78517509	-0.0015113001	8.7178354
1.4410771	0.78646374	-0.0073972028	8.7013788
1.4410771	0.77969831	0.014464723	8.705493
1.4379586	0.77583236	-0.012442263	8.705493
1.4379586	0.78324211	-0.014123949	8.7466335
1.4332809	0.76938909	-0.017487323	8.6725807
1.4301623	0.77067775	0.0035337596	8.6931515
1.4270438	0.78259778	-0.014123949	8.7178354
1.4270438	0.78259778	0.0085788192	8.7178354
1.4301623	0.78453076	-0.017487323	8.7137213
1.4332809	0.78936321	-0.014123949	8.7013788
1.422366	0.78936321	0.019509783	8.7178354
1.4192475	0.78807455	0.0018520731	8.7096071
1.4254845	0.78807455	-0.021691538	8.7342911
1.4270438	0.78259778	-0.014123949	8.6972656
1.4161289	0.7842086	-0.00067045673	8.6972656
1.4114511	0.79483998	-0.020850696	8.7260637
1.422366	0.79226267	-0.024214068	8.7384052
1.4145696	0.79516214	0.007737976	8.7219496
1.4145696	0.79709512	-0.01160142	8.7507477
1.4130104	0.78130913	-0.0048746732	8.7096071
1.4114511	0.78807455	0.022873154	8.7466335
1.4161289	0.78002048	0.0094196629	8.6931515
1.4098918	0.78839672	-0.020009853	8.7384052
1.4036548	0.79741728	-0.0040338296	8.7384052
1.4130104	0.78936321	-0.0057155164	8.7301769
1.4052141	0.78839672	0.016987253	8.7425194
1.4036548	0.79129618	-0.018328166	8.7301769
1.4020956	0.8016054	-0.021691538	8.7713175
1.4020956	0.802894	-0.035145033	8.7219496
1.4005362	0.79999459	-0.012442263	8.7466335
1.3989769	0.79999459	-0.029259128	8.7466335
1.4083326	0.78227562	0.0035337596	8.705493
1.4020956	0.79194051	0.0068971328	8.7425194
1.3989769	0.79097402	0.014464723	8.758975
1.3974177	0.79419565	-0.01916901	8.7384052
1.3927399	0.78807455	0.028759057	8.7384052
1.3958584	0.77679884	0.0052154465	8.7219496
1.3974177	0.77132207	-0.0073972028	8.7301769
1.4005362	0.77937615	-0.01916901	8.7219496
1.3927399	0.77905399	-0.012442263	8.7342911
1.3942991	0.77679884	0.0010112298	8.7260637
1.3896214	0.78807455	0.0026929164	8.7466335
1.3880621	0.79419565	-0.0099197328	8.7548618
1.3942991	0.79000753	-0.0057155164	8.7219496
1.3865029	0.78743023	-0.01664648	8.705493
1.3927399	0.78936321	-0.017487323	8.6931515
1.3974177	0.79483998	-0.01664648	8.7548618
1.3849435	0.79129618	-0.015805636	8.7301769
1.3880621	0.78324211	0.0052154465	8.6849232
1.3865029	0.78195345	0.0068971328	8.7219496
1.3880621	0.78807455	-0.027577441	8.7466335
1.3833842	0.79612863	-0.018328166	8.7384052
1.3865029	0.79000753	-0.030099971	8.6972656
1.381825	0.76745611	0.0060562897	8.6931515
1.381825	0.77422154	0.01614641	8.7178354
1.381825	0.77551019	0.011942193	8.7301769
1.3787065	0.76616746	0.014464723	8.7013788
1.3802657	0.77840966	-0.015805636	8.7137213
1.3771472	0.77873182	-0.020850696	8.7137213
1.3724695	0.78324211	-0.0048746732	8.7425194
1.3755879	0.79419565	0.0018520731	8.7466335
1.3755879	0.79032969	-0.0031929866	8.7137213
1.3646731	0.78002048	0.01110135	8.705493
1.3771472	0.78871888	0.0068971328	8.7301769
1.3787065	0.79194051	-0.026736598	8.7013788
1.3771472	0.78356427	0.0018520731	8.6849232
1.3802657	0.7842086	-0.0099197328	8.705493
1.3755879	0.78581941	0.012783037	8.7301769
1.3755879	0.78871888	-0.012442263	8.7219496
1.3755879	0.77937615	-0.01664648	8.6931515
1.3662324	0.79355133	-0.0065563596	8.7466335
1.3709103	0.7954843	-0.024214068	8.7466335
1.3755879	0.78581941	-0.014964793	8.7301769
1.3677918	0.78904104	0.015305566	8.7301769
1.3755879	0.78968537	-0.022532383	8.6972656
1.3662324	0.79483998	0.0026929164	8.7301769
1.3709103	0.79612863	-0.013283106	8.7672033
1.369351	0.78807455	0.022032311	8.6972656
1.3709103	0.7867859	0.01614641	8.7219496
1.3662324	0.80224973	0.0035337596	8.7137213
1.3724695	0.79355133	-0.028418286	8.7137213
1.369351	0.79032969	0.0010112298	8.6931515
1.3709103	0.79612863	0.0001703865	8.7178354
1.3677918	0.80321616	-0.029259128	8.7342911
1.369351	0.79645079	0.025395684	8.7301769
1.3724695	0.79226267	-0.0048746732	8.7219496
1.369351	0.7867859	-0.0082380464	8.705493
1.3677918	0.77261072	0.0085788192	8.705493
1.3709103	0.76874477	0.020350626	8.6931515
1.3755879	0.77486587	-0.032622501	8.7219496
1.3709103	0.77937615	-0.0040338296	8.7178354
1.369351	0.78775239	-0.044394307	8.7260637
1.3709103	0.79709512	-0.0015113001	8.7342911
1.3755879	0.79516214	-0.014123949	8.7425194
1.3709103	0.78098696	0.021191468	8.7342911
1.3662324	0.7806648	0.018668938	8.7137213
1.3709103	0.77164423	0.0052154465	8.705493
1.3662324	0.7867859	-0.0099197328	8.7548618
1.3615546	0.79516214	0.014464723	8.7630892
1.3709103	0.79322916	0.0018520731	8.7178354
1.3662324	0.78034264	0.019509783	8.7178354
1.3677918	0.79032969	-0.027577441	8.7466335
1.3677918	0.79355133	0.021191468	8.7672033
1.3631139	0.7842086	0.012783037	8.705493
1.3677918	0.77873182	0.023713998	8.7178354
1.3615546	0.77293289	-0.0040338296	8.705493
1.3615546	0.79838377	0.0085788192	8.7836599
1.3677918	0.79258484	-0.033463344	8.7178354
1.3662324	0.78968537	-0.0099197328	8.7260637
1.3631139	0.78743023	-0.021691538	8.7425194
1.3631139	0.79773945	0.027918214	8.7384052
1.3599954	0.80386049	-0.00067045673	8.7178354
1.3631139	0.80643779	-0.041030932	8.7466335
1.3615546	0.80096108	0.020350626	8.7178354
1.3646731	0.78195345	0.017828096	8.705493
1.3662324	0.79194051	0.014464723	8.7507477
1.3631139	0.78517509	0.015305566	8.6972656
1.3677918	0.78549725	-0.014964793	8.7178354
1.3599954	0.78324211	-0.035145033	8.7178354
1.3599954	0.77873182	0.0001703865	8.7342911
1.3584361	0.78388643	0.013623879	8.7096071
1.3646731	0.77937615	0.04221255	8.705493
1.3615546	0.77744317	0.015305566	8.7096071
1.3615546	0.77744317	-0.0023521434	8.7013788
1.3662324	0.7745437	0.0026929164	8.7096071
1.3568769	0.78710806	0.0085788192	8.7301769
1.3568769	0.79161835	0.0043746028	8.7096071
1.3568769	0.79516214	-0.036826719	8.7178354
1.3568769	0.80096108	0.019509783	8.7301769
1.3615546	0.80096108	-0.0023521434	8.7137213
1.3584361	0.78743023	0.020350626	8.705493
1.3537583	0.78775239	-0.00067045673	8.7096071
1.3584361	0.79097402	0.010260507	8.7301769
1.3553176	0.78710806	0.015305566	8.6972656
1.3553176	0.7842086	0.0026929164	8.7096071
1.3506397	0.79612863	0.018668938	8.7466335
1.3553176	0.78195345	0.014464723	8.7096071
1.3584361	0.78581941	0.0018520731	8.7096071
1.3568769	0.78227562	0.029599901	8.7260637
1.3521991	0.77583236	0.0018520731	8.6931515
1.3537583	0.77647668	0.017828096	8.7013788
1.3584361	0.78034264	-0.0073972028	8.7096071
1.3506397	0.77583236	0.035485804	8.6931515
1.3506397	0.77712101	-0.0023521434	8.705493
1.3506397	0.78743023	0.0068971328	8.7178354
1.3506397	0.78968537	-0.0031929866	8.7507477
1.3521991	0.79516214	0.022873154	8.7260637
1.3537583	0.78485292	-0.00067045673	8.7013788
1.3506397	0.79741728	-0.012442263	8.7466335
1.3506397	0.79516214	0.01614641	8.7260637
1.3537583	0.79516214	-0.0065563596	8.7260637
1.3537583	0.78227562	-0.014123949	8.6890373
1.3568769	0.78324211	-0.014964793	8.7260637
1.3521991	0.79741728	-0.013283106	8.7548618
1.3475212	0.79161835	-0.0082380464	8.7096071
1.3537583	0.78291994	-0.0031929866	8.7013788
1.3537583	0.77969831	-0.028418286	8.7096071
1.3537583	0.77551019	-0.021691538	8.6931515
1.3490804	0.77357721	0.0052154465	8.7096071
1.3521991	0.77357721	-0.030099971	8.705493
1.3521991	0.78871888	-0.01664648	8.7260637
1.3521991	0.78743023	0.0068971328	8.7178354
1.3537583	0.78549725	0.0085788192	8.7342911
1.3521991	0.79065186	0.010260507	8.7301769
1.3506397	0.79226267	-0.0090788892	8.7137213
1.3537583	0.78581941	0.010260507	8.7260637
1.3553176	0.78291994	-0.014964793	8.7425194
1.3568769	0.78710806	-0.0090788892	8.7384052
1.3521991	0.78130913	-0.0099197328	8.7013788
1.3475212	0.77518803	0.0094196629	8.7301769
1.3475212	0.78195345	-0.0065563596	8.7466335
1.3475212	0.7842086	-0.018328166	8.7507477
1.3475212	0.78291994	-0.025895756	8.7178354
1.3459619	0.78002048	-0.022532383	8.7219496
1.3412842	0.77840966	-0.0090788892	8.7178354
1.3506397	0.77969831	0.012783037	8.7301769
1.3553176	0.7842086	-0.017487323	8.7219496
1.3490804	0.78485292	0.038849179	8.7219496
1.3475212	0.79516214	-0.0023521434	8.7384052
1.3490804	0.78871888	0.0018520731	8.7384052
1.3506397	0.79806161	-0.038508404	8.7425194
1.3506397	0.78646374	0.0068971328	8.705493
1.3521991	0.78324211	-0.0099197328	8.705493
1.3506397	0.79870594	-0.022532383	8.758975
1.3506397	0.80224973	-0.014964793	8.7342911
1.3459619	0.79483998	-0.023373226	8.7013788
1.3459619	0.78839672	-0.035145033	8.7260637
1.3428434	0.77551019	0.012783037	8.7096071
1.3459619	0.79065186	-0.01160142	8.7713175
1.3428434	0.79000753	-0.010760576	8.7384052
1.3475212	0.78098696	-0.025895756	8.7137213
1.3521991	0.78388643	0.013623879	8.7096071
1.3444027	0.79645079	-0.0023521434	8.7507477
1.3428434	0.79161835	-0.0065563596	8.7260637
1.3412842	0.79387349	-0.010760576	8.7178354
1.3412842	0.80386049	-0.032622501	8.7178354
1.3444027	0.80418265	-0.021691538	8.7425194
1.3412842	0.80418265	0.011942193	8.7301769
1.3459619	0.79226267	0.0094196629	8.6890373
1.3397249	0.792907	0.013623879	8.7260637
1.3459619	0.80031675	-0.010760576	8.7342911
1.3381656	0.79709512	-0.0015113001	8.7301769
1.3459619	0.78968537	-0.0031929866	8.6890373
1.3490804	0.78002048	0.0094196629	8.705493
1.3459619	0.77551019	-0.0099197328	8.6931515
1.3412842	0.77293289	0.0043746028	8.7301769
1.3444027	0.77003342	0.0068971328	8.7178354
1.3397249	0.77261072	-0.0065563596	8.7137213
1.3381656	0.78839672	-0.0031929866	8.7342911
1.335047	0.7806648	0.010260507	8.7137213
1.3428434	0.77712101	-0.025054913	8.6972656
1.3412842	0.77615452	-0.021691538	8.7013788
1.3397249	0.78646374	0.0001703865	8.7384052
1.3366064	0.80224973	-0.0015113001	8.7301769
1.3397249	0.79709512	-0.0057155164	8.7466335
1.3366064	0.79226267	0.0001703865	8.7137213
1.3412842	0.80386049	0.010260507	8.7384052
1.3381656	0.78968537	0.0018520731	8.7096071
1.3334877	0.78002048	-0.0099197328	8.7342911
1.3381656	0.78034264	-0.0099197328	8.705493
1.3366064	0.78775239	0.0043746028	8.7301769
1.3397249	0.77518803	0.014464723	8.6931515
1.3397249	0.77679884	0.0060562897	8.7260637
1.3397249	0.77099991	0.0010112298	8.705493
1.3459619	0.78227562	-0.0048746732	8.7260637
1.3381656	0.79032969	0.012783037	8.7260637
1.3381656	0.7842086	-0.015805636	8.6931515
1.3397249	0.79419565	-0.014123949	8.7425194
1.335047	0.80418265	0.015305566	8.7466335
1.3444027	0.80063891	-0.021691538	8.705493
1.3366064	0.78517509	-0.014964793	8.6972656
1.335047	0.78936321	-0.0065563596	8.7301769
1.3397249	0.78388643	0.012783037	8.6931515
1.3397249	0.77712101	0.021191468	8.680809
1.335047	0.78227562	-0.026736598	8.7178354
1.3428434	0.78227562	-0.020850696	8.7548618
1.3412842	0.77551019	0.0026929164	8.6890373
1.3381656	0.76165718	0.01110135	8.705493
1.3381656	0.77679884	0.01110135	8.7137213
1.3397249	0.77615452	0.032122433	8.6972656
1.335047	0.78807455	-0.018328166	8.7384052
1.3397249	0.80063891	-0.018328166	8.7342911
1.3381656	0.78936321	0.0026929164	8.6931515
1.3366064	0.78743023	0.007737976	8.705493
1.3412842	0.7806648	0.029599901	8.6972656
1.3381656	0.78646374	-0.015805636	8.7178354
1.3334877	0.78485292	-0.0099197328	8.7096071
1.3397249	0.79741728	-0.027577441	8.7384052
1.335047	0.79612863	-0.010760576	8.7466335
1.3412842	0.79226267	-0.0082380464	8.7219496
1.3381656	0.78034264	0.026236527	8.6931515
1.335047	0.78743023	-0.015805636	8.7384052
1.3366064	0.79000753	-0.0023521434	8.7466335
1.3397249	0.79516214	-0.0040338296	8.7507477
1.3366064	0.77679884	0.026236527	8.7137213
1.3397249	0.77164423	0.014464723	8.7342911
1.335047	0.78130913	-0.027577441	8.7342911
1.3397249	0.78002048	-0.0065563596	8.7384052
1.3381656	0.77969831	-0.024214068	8.7219496
1.3366064	0.78195345	-0.014123949	8.7301769
1.3366064	0.78098696	0.022873154	8.7096071
1.3319285	0.78549725	0.013623879	8.758975
1.3381656	0.77905399	-0.0023521434	8.6849232
1.3397249	0.7780875	-0.0099197328	8.7013788
1.3334877	0.7806648	-0.0057155164	8.7219496
1.3444027	0.7780875	0.03128159	8.7013788
1.3412842	0.78485292	-0.022532383	8.7013788
1.3303692	0.78259778	-0.0099197328	8.705493
1.3366064	0.77937615	-0.01160142	8.705493
1.335047	0.78485292	0.0035337596	8.7466335
1.3412842	0.78775239	-0.0031929866	8.7178354
1.335047	0.79000753	0.0018520731	8.7466335
1.3272507	0.79258484	-0.0015113001	8.7219496
1.3366064	0.78453076	-0.0099197328	8.7096071
1.32881	0.78710806	-0.030099971	8.7384052
1.3272507	0.78710806	-0.025895756	8.7301769
1.3272507	0.78775239	-0.0073972028	8.7178354
1.3334877	0.78936321	0.029599901	8.7096071
1.32881	0.79387349	-0.018328166	8.7466335
1.3366064	0.79773945	-0.01160142	8.7219496
1.3366064	0.79483998	0.019509783	8.6972656
1.32881	0.79355133	-0.028418286	8.7137213
1.335047	0.78581941	0.010260507	8.7178354
1.3303692	0.80096108	-0.033463344	8.7342911
1.3225729	0.79741728	0.016987253	8.7178354
1.3319285	0.78710806	0.010260507	8.7178354
1.32881	0.79451782	-0.029259128	8.758975
1.3366064	0.78710806	-0.017487323	8.705493
1.3334877	0.77583236	-0.0057155164	8.6972656
1.3256915	0.77744317	-0.021691538	8.7260637
1.3241322	0.78839672	-0.012442263	8.7260637
1.3334877	0.79580647	-0.036826719	8.7301769
1.3256915	0.79967242	-0.012442263	8.7384052
1.3319285	0.78581941	0.0094196629	8.7096071
1.3210137	0.79483998	0.020350626	8.7384052
1.3303692	0.79645079	-0.01916901	8.7342911
1.335047	0.78904104	-0.0057155164	8.7096071
1.335047	0.78356427	-0.012442263	8.6972656
1.3397249	0.7780875	-0.012442263	8.6931515
1.335047	0.78646374	0.0010112298	8.7260637
1.3334877	0.78904104	-0.010760576	8.7260637
1.3272507	0.7780875	0.011942193	8.7013788
1.32881	0.78324211	-0.010760576	8.7301769
1.32881	0.78163129	-0.025054913	8.7260637
1.335047	0.7780875	-0.020850696	8.7507477
1.3334877	0.77551019	-0.010760576	8.7178354
1.3319285	0.77647668	0.020350626	8.7013788
1.335047	0.77067775	-0.0099197328	8.7096071
1.3303692	0.77840966	-0.0023521434	8.7301769
1.3319285	0.7867859	-0.028418286	8.7466335
1.3256915	0.78388643	-0.0065563596	8.7178354
1.3210137	0.78646374	0.0094196629	8.7096071
1.3272507	0.80579346	-0.023373226	8.7548618
1.3225729	0.79870594	-0.0082380464	8.7260637
1.3303692	0.7867859	0.0068971328	8.705493
1.3334877	0.78968537	-0.0065563596	8.7137213
1.32881	0.78839672	-0.0040338296	8.7137213
1.3319285	0.79580647	-0.0040338296	8.7342911
1.32881	0.79773945	-0.04523515	8.7301769
1.3256915	0.78485292	-0.022532383	8.7096071
1.32881	0.77679884	0.0094196629	8.705493
1.3241322	0.7806648	-0.029259128	8.7425194
1.3272507	0.76810044	-0.029259128	8.7096071
1.3272507	0.76552314	-0.01664648	8.7096071
1.32881	0.78034264	-0.01916901	8.7137213
1.32881	0.78485292	-0.012442263	8.7301769
1.3241322	0.79322916	0.019509783	8.7342911
1.3272507	0.79419565	0.048098456	8.7219496
1.3303692	0.7867859	-0.015805636	8.7096071
1.3272507	0.79612863	0.019509783	8.7466335
1.32881	0.79194051	-0.015805636	8.7384052
1.3241322	0.78936321	0.0026929164	8.7137213
1.3241322	0.79419565	0.0043746028	8.7137213
1.3272507	0.7954843	-0.031781659	8.7219496
1.3241322	0.80192757	0.0026929164	8.7301769
1.3256915	0.79967242	-0.010760576	8.7301769
1.32881	0.78324211	0.0085788192	8.7013788
1.3241322	0.78034264	-0.025054913	8.7096071
1.3256915	0.77937615	0.0094196629	8.7301769
1.32881	0.77293289	0.0043746028	8.6972656
1.3241322	0.77744317	-0.015805636	8.7260637
1.3256915	0.77969831	-0.025895756	8.7013788
1.3256915	0.78130913	0.029599901	8.7096071
1.3225729	0.78871888	0.0026929164	8.7384052
1.3272507	0.7954843	-0.031781659	8.7219496
1.3241322	0.7780875	0.014464723	8.6931515
1.32881	0.78839672	-0.0099197328	8.7301769
1.3241322	0.79709512	0.0043746028	8.7630892
1.3210137	0.79387349	-0.0090788892	8.7178354
1.3272507	0.79387349	-0.015805636	8.705493
1.3241322	0.79709512	-0.023373226	8.7301769
1.3178951	0.79838377	0.0094196629	8.7672033
1.3256915	0.7842086	0.0001703865	8.7096071
1.3272507	0.77357721	0.012783037	8.7096071
1.3272507	0.78388643	-0.018328166	8.7178354
1.3272507	0.77679884	0.0052154465	8.7137213
1.3225729	0.78259778	-0.01916901	8.7219496
1.3178951	0.78581941	0.030440746	8.7178354
1.3163358	0.78807455	-0.029259128	8.7301769
1.3272507	0.78871888	-0.030099971	8.7013788
1.3241322	0.78614157	-0.021691538	8.7178354
1.3241322	0.79677296	-0.022532383	8.7342911
1.32881	0.7842086	0.026236527	8.6890373
1.3163358	0.79322916	0.012783037	8.7301769
1.3225729	0.78968537	-0.0082380464	8.7425194
1.3272507	0.77969831	0.0085788192	8.6849232
1.3272507	0.7780875	0.0085788192	8.6972656
1.3225729	0.77937615	-0.0065563596	8.7301769
1.3241322	0.77551019	0.023713998	8.7178354
1.3241322	0.77164423	-0.030099971	8.7013788
1.3225729	0.78259778	-0.018328166	8.7342911
1.3256915	0.77357721	0.03128159	8.7013788
1.3225729	0.77679884	-0.0031929866	8.705493
1.3256915	0.76938909	0.0052154465	8.7096071
1.3256915	0.78259778	0.010260507	8.7096071
1.3225729	0.77647668	-0.01664648	8.7178354
1.3210137	0.77389938	-0.021691538	8.7096071
1.32881	0.78839672	0.0010112298	8.7630892
1.3256915	0.78517509	-0.00067045673	8.705493
1.3210137	0.79483998	0.0085788192	8.7219496
1.3178951	0.79387349	-0.014964793	8.705493
1.3241322	0.79483998	-0.014123949	8.7301769
1.3272507	0.79709512	0.01614641	8.7178354
1.3225729	0.79741728	0.012783037	8.7013788
1.32881	0.7842086	0.018668938	8.7178354
1.3194543	0.78581941	0.011942193	8.7342911
1.3256915	0.78549725	-0.023373226	8.7178354
1.3210137	0.78968537	0.0001703865	8.7342911
1.3241322	0.78936321	-0.0023521434	8.7301769
1.3194543	0.78775239	-0.034304187	8.7219496
1.3210137	0.78485292	0.0052154465	8.7219496
1.3210137	0.78324211	0.014464723	8.6972656
1.3256915	0.79000753	-0.021691538	8.7425194
1.3210137	0.79741728	0.0026929164	8.7219496
1.3272507	0.79580647	-0.021691538	8.7507477
1.32881	0.80192757	-0.029259128	8.7384052
1.3210137	0.78871888	-0.014964793	8.7013788
1.3210137	0.7990281	-0.0099197328	8.705493
1.3210137	0.79387349	-0.014123949	8.7301769
1.3210137	0.80128324	-0.013283106	8.7219496
1.3256915	0.79645079	-0.0015113001	8.7096071
1.3225729	0.78388643	-0.026736598	8.7096071
1.3225729	0.7867859	0.012783037	8.7260637
1.3210137	0.79838377	-0.028418286	8.7425194
1.3163358	0.78968537	0.0094196629	8.7260637
1.3241322	0.78259778	-0.014123949	8.7178354
1.3225729	0.77647668	-0.01664648	8.7013788
1.3272507	0.78356427	-0.025054913	8.7219496
1.3241322	0.77744317	0.0010112298	8.7096071
1.3178951	0.78034264	-0.0031929866	8.7178354
1.3210137	0.78259778	0.016987253	8.705493
1.3241322	0.78324211	-0.014964793	8.7466335
1.3163358	0.79097402	-0.0031929866	8.7466335
1.3210137	0.79161835	0.0010112298	8.7013788
1.3194543	0.78195345	0.0010112298	8.6931515
1.3163358	0.79935026	-0.0099197328	8.7384052
1.3178951	0.80386049	0.007737976	8.7425194
1.3256915	0.80353832	-0.025054913	8.7096071
1.3194543	0.79870594	-0.013283106	8.7507477
1.3147765	0.78743023	0.021191468	8.705493
1.3194543	0.77969831	-0.0048746732	8.7260637
1.3194543	0.77905399	-0.020009853	8.7342911
1.3256915	0.7806648	-0.039349247	8.705493
1.3241322	0.78388643	-0.0065563596	8.7013788
1.3132174	0.77905399	0.011942193	8.7219496
1.3225729	0.77357721	-0.0082380464	8.7013788
1.3178951	0.77518803	0.027077371	8.7137213
1.3178951	0.77261072	0.012783037	8.6890373
1.3194543	0.77261072	-0.025054913	8.7260637
1.3225729	0.78743023	-0.01664648	8.7260637
1.3147765	0.79258484	-0.024214068	8.7260637
1.3163358	0.79194051	-0.0082380464	8.6931515
1.3178951	0.7842086	0.023713998	8.7260637
1.3132174	0.78614157	-0.027577441	8.7260637
1.3194543	0.78710806	-0.01160142	8.7301769
1.3210137	0.79677296	-0.0073972028	8.7466335
1.3256915	0.78517509	0.012783037	8.7096071
1.3178951	0.78453076	-0.0073972028	8.7425194
1.3147765	0.79129618	0.022873154	8.7466335
1.3194543	0.78388643	0.037167493	8.7137213
1.3241322	0.77647668	-0.010760576	8.7013788
1.3210137	0.78098696	-0.0031929866	8.7260637
1.3225729	0.78324211	-0.020850696	8.7096071
1.3132174	0.79065186	-0.0040338296	8.7301769
1.3210137	0.7867859	0.0001703865	8.6890373
1.3210137	0.77744317	-0.013283106	8.7096071
1.3194543	0.78002048	-0.0065563596	8.705493
1.3194543	0.78549725	-0.024214068	8.705493
1.3194543	0.78839672	0.01110135	8.6972656
1.3147765	0.79612863	0.016987253	8.7260637
1.3163358	0.79032969	0.013623879	8.7178354
1.3163358	0.79226267	0.026236527	8.7301769
1.3225729	0.78581941	-0.015805636	8.7301769
1.3194543	0.78646374	-0.0031929866	8.7260637
1.3163358	0.7954843	-0.018328166	8.7672033
1.3210137	0.78324211	-0.020009853	8.6931515
1.3210137	0.78646374	0.020350626	8.7301769
1.3225729	0.7842086	-0.018328166	8.7137213
1.3225729	0.78227562	-0.020009853	8.7137213
1.3132174	0.78743023	-0.0082380464	8.7507477
1.3132174	0.79065186	0.01110135	8.7301769
1.3163358	0.79580647	0.010260507	8.7301769
1.3194543	0.79870594	-0.027577441	8.7301769
1.3225729	0.79999459	-0.01160142	8.7507477
1.3163358	0.7954843	-0.0082380464	8.7219496
1.3210137	0.78614157	-0.0015113001	8.6972656
1.3210137	0.79226267	0.018668938	8.7342911
1.3194543	0.7842086	-0.0023521434	8.7425194
1.3194543	0.7806648	-0.012442263	8.7178354
1.3225729	0.7780875	0.0060562897	8.7301769
1.3163358	0.7842086	0.01614641	8.7178354
1.3210137	0.77615452	0.0035337596	8.7013788
1.3132174	0.77099991	0.01614641	8.6931515
1.3132174	0.77776533	0.0052154465	8.7137213
1.3210137	0.78710806	-0.012442263	8.7137213
1.3241322	0.77937615	-0.027577441	8.705493
1.3178951	0.77905399	-0.0048746732	8.7096071
1.3132174	0.79322916	-0.013283106	8.7466335
1.3256915	0.79097402	-0.032622501	8.7137213
1.3147765	0.78871888	0.0018520731	8.705493
1.3132174	0.78871888	-0.0040338296	8.7301769
1.3132174	0.77712101	-0.031781659	8.705493
1.3132174	0.79226267	0.01110135	8.7260637
1.3210137	0.792907	0.014464723	8.705493
1.3116581	0.79677296	-0.01160142	8.7548618
1.3132174	0.79322916	0.0094196629	8.7137213
1.3163358	0.78936321	-0.023373226	8.7301769
1.3116581	0.78646374	-0.0073972028	8.7301769
1.3132174	0.79483998	-0.0031929866	8.7301769
1.3100989	0.78968537	-0.025054913	8.7301769
1.3147765	0.7806648	-0.021691538	8.7137213
1.3178951	0.79226267	0.014464723	8.7342911
1.3147765	0.78581941	0.01614641	8.6972656
1.3163358	0.78646374	0.0094196629	8.7219496
1.3163358	0.78227562	-0.020009853	8.705493
1.3132174	0.77357721	0.016987253	8.6972656
1.3147765	0.7842086	0.007737976	8.7137213
1.3147765	0.78839672	-0.0048746732	8.7342911
1.3147765	0.79322916	0.0018520731	8.7260637
1.3116581	0.78227562	-0.014123949	8.6931515
1.3085396	0.78485292	0.012783037	8.7260637
1.3116581	0.78517509	0.011942193	8.7342911
1.3116581	0.78710806	-0.0065563596	8.7219496
1.3163358	0.77840966	-0.01664648	8.6972656
1.3069804	0.79258484	-0.038508404	8.7466335
1.3069804	0.7867859	0.019509783	8.7178354
1.3163358	0.78163129	0.007737976	8.7178354
1.3147765	0.78517509	-0.01916901	8.7096071
1.3132174	0.78356427	-0.0090788892	8.7096071
1.3163358	0.79870594	-0.0023521434	8.7425194
1.3132174	0.78743023	0.011942193	8.7384052
1.3132174	0.78485292	-0.014964793	8.7096071
1.3194543	0.79161835	-0.031781659	8.7096071
1.3178951	0.80128324	-0.020009853	8.7178354
1.3194543	0.79709512	-0.0057155164	8.7096071
1.3241322	0.78710806	-0.014123949	8.6972656
1.3116581	0.78904104	0.0052154465	8.705493
1.3132174	0.7867859	0.0035337596	8.7178354
1.3132174	0.77776533	0.034644961	8.7137213
1.3225729	0.77132207	-0.018328166	8.6931515
1.3116581	0.76648962	-0.014123949	8.705493
1.3085396	0.76262367	0.018668938	8.6849232
1.3194543	0.76520097	-0.018328166	8.6890373
1.3132174	0.77744317	-0.0015113001	8.7384052
1.3210137	0.77228856	0.0026929164	8.6849232
1.3132174	0.7745437	-0.0031929866	8.7137213
1.3147765	0.77325505	-0.00067045673	8.705493
1.3163358	0.78743023	0.0094196629	8.7466335
1.3163358	0.79387349	0.0018520731	8.7301769
1.3194543	0.78871888	-0.01664648	8.705493
1.3163358	0.79161835	-0.013283106	8.7342911
1.3147765	0.79999459	0.013623879	8.7384052
1.3178951	0.78839672	0.007737976	8.7219496
1.3132174	0.78549725	-0.014964793	8.7137213
1.3116581	0.76971126	-0.01160142	8.7137213
1.3163358	0.76648962	-0.0073972028	8.6931515
1.3132174	0.77132207	-0.00067045673	8.7178354
1.3178951	0.77647668	-0.0073972028	8.6972656
1.3163358	0.77744317	0.0035337596	8.7096071
1.3194543	0.78195345	-0.0082380464	8.7178354
1.3069804	0.77969831	0.007737976	8.7178354
1.3116581	0.7780875	0.0035337596	8.705493
1.3147765	0.79258484	-0.037667561	8.7384052
1.3132174	0.78549725	-0.01916901	8.7137213
1.3178951	0.78098696	-0.015805636	8.705493
1.3069804	0.79322916	0.0060562897	8.7342911
1.3194543	0.78710806	-0.0082380464	8.7096071
1.3147765	0.79709512	-0.034304187	8.7096071
1.3100989	0.79999459	-0.029259128	8.7384052
1.3100989	0.80192757	-0.0015113001	8.7548618
1.3116581	0.79580647	0.012783037	8.7137213
1.3147765	0.79677296	-0.023373226	8.7425194
1.3069804	0.79226267	-0.014123949	8.7301769
1.3132174	0.7806648	-0.020850696	8.7260637
1.3147765	0.77937615	-0.017487323	8.6931515
1.3100989	0.77422154	-0.015805636	8.7096071
1.3132174	0.79032969	0.007737976	8.7384052
1.3116581	0.77132207	0.011942193	8.680809
1.3147765	0.77132207	0.011942193	8.7137213
1.3100989	0.77840966	-0.014964793	8.705493
1.3085396	0.78517509	0.0043746028	8.7301769
1.3054211	0.78291994	0.0018520731	8.7219496
1.3100989	0.77583236	-0.0040338296	8.6890373
1.3163358	0.78163129	-0.0082380464	8.6931515
1.3116581	0.78743023	0.0035337596	8.7137213
1.3132174	0.78968537	0.0094196629	8.7219496
1.3132174	0.79226267	0.012783037	8.7507477
1.3116581	0.78002048	-0.00067045673	8.705493
1.3054211	0.7842086	0.0001703865	8.7425194
1.3085396	0.77744317	-0.014964793	8.7096071
1.3100989	0.77551019	-0.00067045673	8.7342911
1.3116581	0.77744317	-0.024214068	8.7096071
1.3100989	0.77293289	-0.0090788892	8.6972656
1.3132174	0.76777828	-0.0082380464	8.7137213
1.3069804	0.78034264	-0.031781659	8.7301769
1.3069804	0.79065186	-0.028418286	8.7466335
1.3038619	0.78936321	0.0060562897	8.7219496
1.3054211	0.78904104	0.0035337596	8.7178354
1.3054211	0.79709512	0.020350626	8.7178354
1.3116581	0.78356427	-0.0065563596	8.7384052
1.3147765	0.78195345	-0.0040338296	8.6972656
1.3116581	0.78904104	0.010260507	8.7013788
1.3085396	0.78227562	-0.01664648	8.7013788
1.3178951	0.79387349	-0.0040338296	8.7548618
1.3100989	0.79580647	-0.015805636	8.7219496
1.3132174	0.78227562	0.015305566	8.7013788
1.3069804	0.77905399	-0.047757678	8.7219496
1.3147765	0.77325505	0.0068971328	8.7260637
1.3116581	0.76938909	-0.0065563596	8.6931515
1.3100989	0.76745611	0.018668938	8.6931515
1.3147765	0.78227562	-0.020009853	8.7096071
1.3069804	0.77583236	-0.010760576	8.7013788
1.3116581	0.77035558	0.01614641	8.6931515
1.3100989	0.77583236	-0.012442263	8.7219496
1.3163358	0.77099991	-0.0082380464	8.6972656
1.3178951	0.78098696	0.0052154465	8.7137213
1.3116581	0.79322916	-0.022532383	8.7507477
1.3100989	0.79451782	0.0001703865	8.7137213
1.3100989	0.79258484	-0.0015113001	8.7137213
1.3069804	0.79612863	0.021191468	8.7301769
1.3132174	0.78743023	-0.0090788892	8.7301769
1.3147765	0.7867859	-0.025895756	8.7137213
1.3085396	0.77712101	-0.0073972028	8.6890373
1.3085396	0.77357721	-0.012442263	8.705493
1.3100989	0.76810044	0.020350626	8.7096071
1.3100989	0.77679884	-0.00067045673	8.7219496
1.3069804	0.79097402	0.0060562897	8.7507477
1.3054211	0.7806648	0.007737976	8.7096071
1.3085396	0.78936321	-0.0099197328	8.7301769
1.3178951	0.77937615	-0.01664648	8.6849232
1.3085396	0.78968537	-0.01160142	8.7342911
1.3132174	0.78646374	-0.0040338296	8.7178354
1.3069804	0.79065186	-0.010760576	8.7137213
1.3132174	0.77776533	0.0052154465	8.7096071
1.3069804	0.78195345	-0.020009853	8.7178354
1.3100989	0.79709512	-0.015805636	8.7507477
1.3069804	0.80965942	0.0001703865	8.7548618
1.3054211	0.80418265	0.015305566	8.7384052
1.3132174	0.80611563	-0.018328166	8.7425194
1.3069804	0.78968537	0.021191468	8.7096071
1.3038619	0.79065186	0.007737976	8.7425194
1.3116581	0.78839672	-0.020850696	8.7137213
1.3054211	0.78034264	-0.026736598	8.7342911
1.3132174	0.77647668	-0.0057155164	8.7178354
1.3163358	0.78517509	-0.017487323	8.7137213
1.3038619	0.78485292	0.0085788192	8.7137213
1.3100989	0.78549725	-0.014964793	8.7466335
1.3100989	0.80128324	-0.0023521434	8.7425194
1.3085396	0.79935026	-0.01160142	8.7260637
1.3023026	0.79226267	-0.0015113001	8.705493
1.3085396	0.79451782	-0.037667561	8.7301769
1.3069804	0.79999459	0.0001703865	8.7342911
1.3069804	0.79419565	-0.0048746732	8.7096071
1.3007432	0.79677296	-0.0023521434	8.7342911
1.3054211	0.79387349	0.029599901	8.7384052
1.3100989	0.78646374	-0.01916901	8.7096071
1.3132174	0.7780875	-0.0040338296	8.6890373
1.3085396	0.7954843	-0.0073972028	8.7342911
1.3100989	0.78324211	-0.0040338296	8.6931515
1.3069804	0.79322916	-0.01916901	8.7507477
1.3100989	0.77422154	0.015305566	8.7137213
1.3100989	0.77712101	-0.00067045673	8.6931515
1.3085396	0.78130913	-0.023373226	8.7301769
1.3069804	0.79387349	-0.036826719	8.7548618
1.3100989	0.79387349	-0.013283106	8.7219496
1.3069804	0.78485292	-0.014123949	8.7096071
1.3007432	0.78227562	0.007737976	8.7013788
1.3116581	0.7806648	0.012783037	8.705493
1.3054211	0.76971126	-0.00067045673	8.7137213
1.3132174	0.77615452	-0.020009853	8.7096071
1.3054211	0.78871888	-0.025054913	8.7466335
1.3054211	0.7780875	0.015305566	8.7013788
1.3116581	0.77905399	-0.0040338296	8.7219496
1.3069804	0.76455665	0.01110135	8.6766949
1.3054211	0.77132207	0.019509783	8.7219496
1.3069804	0.77422154	0.0060562897	8.7178354
1.3100989	0.77776533	-0.036826719	8.7260637
1.3069804	0.79032969	-0.036826719	8.7425194
1.3100989	0.79032969	0.0018520731	8.7096071
1.3100989	0.77583236	0.015305566	8.7096071
1.3116581	0.78291994	-0.043553464	8.7219496
1.299184	0.78904104	-0.017487323	8.7178354
1.3023026	0.79870594	-0.024214068	8.7384052
1.3147765	0.80096108	0.017828096	8.7178354
1.3085396	0.80128324	-0.0099197328	8.7301769
1.3038619	0.80643779	-0.0031929866	8.7507477
1.3069804	0.80804861	-0.0057155164	8.7260637
1.3085396	0.80418265	0.0052154465	8.7342911
1.3100989	0.7867859	0.016987253	8.7013788
1.3069804	0.77712101	0.018668938	8.7342911
1.3085396	0.77551019	0.0010112298	8.6972656
1.3085396	0.7745437	0.012783037	8.6931515
1.3116581	0.78002048	-0.012442263	8.7137213
1.3069804	0.78195345	0.010260507	8.7178354
1.3038619	0.77551019	0.035485804	8.6972656
1.3038619	0.78324211	0.0026929164	8.7178354
1.3069804	0.77937615	-0.01916901	8.705493
1.3038619	0.7867859	0.021191468	8.7096071
1.2976247	0.79065186	0.0043746028	8.7260637
1.3038619	0.79258484	0.0001703865	8.7219496
1.3100989	0.78098696	0.025395684	8.6849232
1.3038619	0.79032969	-0.0082380464	8.7384052
1.3054211	0.78549725	-0.00067045673	8.7301769
1.3085396	0.79838377	-0.01664648	8.7342911
1.3023026	0.7954843	-0.0040338296	8.7219496
1.3085396	0.78517509	-0.01160142	8.6972656
1.3069804	0.78356427	-0.018328166	8.7384052
1.3038619	0.78517509	0.017828096	8.7342911
1.3100989	0.77969831	-0.0057155164	8.7096071
1.3038619	0.77099991	-0.020850696	8.6931515
1.3023026	0.78034264	0.01110135	8.7137213
1.3132174	0.7806648	0.012783037	8.7137213
1.3147765	0.77937615	-0.01664648	8.7096071
1.3210137	0.76971126	-0.01916901	8.7096071
1.3210137	0.77615452	-0.01916901	8.6972656
1.3256915	0.78549725	-0.01664648	8.7672033
1.3256915	0.7954843	-0.012442263	8.7301769
1.3303692	0.79419565	-0.035145033	8.6972656
1.3303692	0.79967242	-0.035985876	8.7425194
1.3225729	0.79355133	0.015305566	8.7096071
1.32881	0.79516214	-0.010760576	8.7301769
1.3225729	0.79419565	-0.014964793	8.7260637
1.3241322	0.78743023	0.0035337596	8.7219496
1.3194543	0.78324211	0.0094196629	8.7384052
1.32881	0.79419565	-0.033463344	8.7219496
1.3272507	0.78259778	-0.010760576	8.7013788
1.3256915	0.78130913	0.0001703865	8.6931515
1.3272507	0.77969831	-0.010760576	8.7013788
1.3241322	0.78388643	-0.017487323	8.7178354
1.3225729	0.79065186	0.014464723	8.7342911
1.3272507	0.78130913	-0.010760576	8.6972656
1.3225729	0.79226267	0.021191468	8.7342911
1.3225729	0.79967242	0.007737976	8.7548618
1.3256915	0.80708212	0.0052154465	8.7384052
1.3256915	0.79516214	-0.0065563596	8.7096071
1.3256915	0.78743023	0.0026929164	8.6849232
1.32881	0.78098696	-0.0073972028	8.7013788
1.3241322	0.78130913	0.0010112298	8.7096071
1.3256915	0.7806648	0.011942193	8.705493
1.3241322	0.77357721	-0.013283106	8.705493
1.3256915	0.78227562	0.0035337596	8.7301769
1.3256915	0.79065186	-0.01664648	8.7466335
1.3272507	0.78291994	-0.0065563596	8.705493
1.3163358	0.77744317	-0.021691538	8.7096071
1.3225729	0.7842086	-0.01664648	8.7178354
1.3272507	0.79129618	-0.0073972028	8.705493
1.3241322	0.79129618	-0.020850696	8.7260637
1.3194543	0.80031675	-0.036826719	8.7425194
1.3241322	0.80869293	0.013623879	8.7342911
1.3225729	0.80611563	0.0026929164	8.7548618
1.3210137	0.802894	-0.0073972028	8.7384052
1.3272507	0.79935026	0.0043746028	8.7219496
1.3194543	0.79226267	0.01110135	8.7384052
1.3241322	0.78034264	-0.0023521434	8.7219496
1.3225729	0.78807455	-0.0082380464	8.7301769
1.3225729	0.78324211	-0.026736598	8.6972656
1.3241322	0.78034264	-0.015805636	8.7219496
1.3225729	0.78904104	-0.0015113001	8.7219496
1.3210137	0.78807455	-0.01160142	8.7342911
1.3210137	0.79355133	-0.015805636	8.7425194
1.3225729	0.79258484	0.013623879	8.7301769
1.3147765	0.78517509	-0.0065563596	8.7137213
1.3116581	0.78324211	-0.025895756	8.7219496
1.3132174	0.78871888	-0.034304187	8.7301769
1.3069804	0.78517509	-0.025054913	8.7137213
1.3007432	0.78807455	0.03128159	8.6972656
1.299184	0.79065186	-0.014123949	8.7301769
1.299184	0.79516214	-0.015805636	8.7178354
1.2898284	0.78549725	-0.01664648	8.6890373
1.2898284	0.78839672	-0.0082380464	8.7137213
1.2851505	0.79483998	-0.022532383	8.7301769
1.2851505	0.78871888	0.0085788192	8.7013788
1.2804728	0.79129618	-0.024214068	8.7178354
1.2773542	0.79870594	-0.0090788892	8.7507477
1.282032	0.78968537	0.0068971328	8.6972656
1.2773542	0.7867859	0.0018520731	8.7342911
1.282032	0.78710806	0.0060562897	8.7096071
1.2835913	0.77873182	0.0001703865	8.6931515
1.2835913	0.78259778	-0.018328166	8.7219496
1.2742357	0.78743023	0.0085788192	8.7466335
1.2711172	0.78259778	0.014464723	8.7096071
1.282032	0.78646374	-0.01664648	8.7219496
1.2789135	0.79226267	-0.030099971	8.6849232
1.2804728	0.80096108	-0.012442263	8.7425194
1.2773542	0.79580647	-0.014123949	8.7096071
1.2789135	0.80450481	0.017828096	8.7219496
1.2835913	0.79387349	-0.00067045673	8.705493
1.275795	0.79032969	-0.030099971	8.7096071
1.2679986	0.79161835	-0.030940816	8.7342911
1.2711172	0.78839672	-0.0023521434	8.7219496
1.2711172	0.78291994	0.0001703865	8.7178354
1.2664393	0.79129618	-0.033463344	8.7342911
1.2726765	0.78195345	0.0001703865	8.705493
1.2664393	0.77969831	0.0068971328	8.7096071
1.2648801	0.78871888	-0.01916901	8.7219496
1.2648801	0.78775239	-0.0090788892	8.7178354
1.2648801	0.79194051	-0.0099197328	8.7260637
1.2711172	0.79322916	-0.037667561	8.7219496
1.2695578	0.80579346	-0.0065563596	8.7466335
1.2679986	0.79355133	-0.020850696	8.7013788
1.2664393	0.79741728	-0.020850696	8.7096071
1.2633208	0.80224973	0.020350626	8.758975
1.2633208	0.79709512	0.016987253	8.7096071
1.2679986	0.80353832	-0.025895756	8.7342911
1.2664393	0.79000753	-0.015805636	8.7096071
1.2602023	0.79161835	-0.014964793	8.7507477
1.2555245	0.78195345	-0.032622501	8.705493
1.2664393	0.78163129	0.011942193	8.7219496
1.2602023	0.77615452	0.0068971328	8.7013788
1.2617615	0.7745437	0.027918214	8.7137213
1.258643	0.77744317	0.0043746028	8.7260637
1.2664393	0.78130913	-0.0040338296	8.705493
1.2602023	0.78195345	-0.010760576	8.7301769
1.2524061	0.78904104	0.0094196629	8.7178354
1.2555245	0.78517509	-0.028418286	8.7137213
1.2446097	0.78291994	0.0060562897	8.7137213
1.2570838	0.792907	0.0043746028	8.7137213
1.2524061	0.79741728	-0.014123949	8.7342911
1.2492875	0.77840966	0.027077371	8.7260637
1.2492875	0.78485292	-0.017487323	8.7137213
1.2414912	0.79516214	0.0068971328	8.7219496
1.2492875	0.78710806	0.01110135	8.7013788
1.2508467	0.77776533	0.014464723	8.7466335
1.246169	0.77422154	-0.0048746732	8.7013788
1.2524061	0.77132207	0.0068971328	8.705493
1.2508467	0.77937615	-0.022532383	8.7219496
1.246169	0.78034264	-0.017487323	8.705493
1.2414912	0.76616746	0.0001703865	8.7096071
1.2430505	0.77647668	0.022873154	8.7137213
1.2414912	0.79226267	-0.0065563596	8.7466335
1.246169	0.79194051	-0.0065563596	8.705493
1.2430505	0.79580647	-0.01916901	8.7301769
1.2446097	0.79355133	-0.027577441	8.7096071
1.2446097	0.78936321	-0.0023521434	8.7096071
1.2399319	0.78807455	-0.0040338296	8.7178354
1.229017	0.78453076	-0.01160142	8.7178354
1.2383727	0.78453076	-0.041030932	8.6849232
1.2274578	0.78936321	-0.01664648	8.7137213
1.2274578	0.79516214	-0.0073972028	8.7466335
1.2305763	0.79935026	0.022873154	8.7507477
1.2336948	0.79258484	-0.01664648	8.7096071
1.2243392	0.7990281	-0.010760576	8.7466335
1.2258985	0.79355133	0.011942193	8.7137213
1.2258985	0.78807455	0.0018520731	8.7096071
1.2274578	0.78904104	-0.01664648	8.7301769
1.2243392	0.8016054	0.0035337596	8.7507477
1.2258985	0.78968537	0.007737976	8.7137213
1.22278	0.78291994	0.0060562897	8.6766949
1.2181021	0.78549725	0.010260507	8.7466335
1.2118651	0.79451782	-0.0099197328	8.7260637
1.2118651	0.79419565	0.038008336	8.6931515
1.2181021	0.78936321	-0.028418286	8.7096071
1.2118651	0.78646374	0.0010112298	8.6972656
1.2165428	0.79194051	-0.014123949	8.7137213
1.2181021	0.78098696	-0.0048746732	8.6725807
1.2118651	0.77969831	-0.024214068	8.6931515
1.2071873	0.7867859	-0.030099971	8.7342911
1.2103058	0.77840966	-0.030099971	8.6931515
1.2025095	0.77905399	0.016987253	8.705493
1.2009503	0.77261072	0.0035337596	8.6766949
1.2040688	0.77261072	0.0060562897	8.6849232
1.2009503	0.79129618	0.0068971328	8.7342911
1.1978317	0.80128324	-0.020009853	8.7301769
1.2025095	0.79322916	-0.027577441	8.7013788
1.1900353	0.79000753	-0.010760576	8.6972656
1.1900353	0.78904104	-0.046916839	8.7507477
1.1962725	0.78646374	0.0001703865	8.705493
1.1947131	0.78324211	0.014464723	8.6931515
1.1869168	0.77712101	0.0026929164	8.6931515
1.1869168	0.78485292	0.0043746028	8.6972656
1.1822391	0.7780875	-0.018328166	8.6725807
1.1853576	0.77422154	0.011942193	8.6766949
1.1884761	0.77003342	-0.0015113001	8.6972656
1.1884761	0.77293289	-0.012442263	8.6972656
1.1791205	0.76487881	0.039690021	8.6931515
1.1869168	0.77873182	0.007737976	8.7178354
1.176002	0.78839672	0.0018520731	8.7137213
1.176002	0.77422154	0.01614641	8.6725807
1.176002	0.78517509	0.007737976	8.7178354
1.1822391	0.78324211	0.016987253	8.6931515
1.1713243	0.77840966	0.0035337596	8.680809
1.1697649	0.77969831	-0.0057155164	8.6890373
1.1635278	0.79677296	0.0060562897	8.7301769
1.1728835	0.8016054	-0.022532383	8.7137213
1.1682056	0.79387349	-0.010760576	8.6849232
1.1713243	0.79226267	0.01614641	8.680809
1.1682056	0.79838377	-0.025895756	8.7013788
1.1619686	0.78549725	-0.0048746732	8.6849232
1.1604093	0.79258484	-0.0015113001	8.705493
1.1666464	0.77905399	-0.00067045673	8.6849232
1.1650871	0.7780875	-0.0099197328	8.6931515
1.1541722	0.78163129	-0.034304187	8.7219496
1.1557316	0.78485292	-0.025054913	8.7013788
1.1510537	0.78195345	-0.020009853	8.6849232
1.1572908	0.77647668	-0.021691538	8.6684666
1.1557316	0.77422154	0.023713998	8.6849232
1.1510537	0.78227562	-0.0082380464	8.6849232
1.1510537	0.77679884	0.0018520731	8.6643534
1.146376	0.78614157	-0.0090788892	8.680809
1.1448166	0.78195345	0.007737976	8.680809
1.146376	0.78581941	0.016987253	8.6931515
1.1432574	0.78324211	-0.0090788892	8.6643534
1.1385796	0.78549725	-0.020009853	8.680809
1.1479353	0.7867859	-0.028418286	8.6725807
1.1354611	0.78839672	0.007737976	8.680809
1.1276647	0.78453076	0.024554841	8.6725807
1.1339018	0.78743023	-0.01916901	8.7013788
1.1276647	0.78743023	0.0094196629	8.6931515
1.1323426	0.78356427	-0.025054913	8.6766949
1.1292239	0.77873182	-0.037667561	8.6849232
1.1261054	0.78581941	-0.010760576	8.6849232
1.1245462	0.77583236	-0.0073972028	8.6643534
1.1183091	0.77261072	0.032963276	8.6684666
1.1214277	0.78839672	0.0035337596	8.6972656
1.1214277	0.79194051	-0.018328166	8.6766949
1.1229869	0.79870594	-0.014964793	8.680809
1.1214277	0.802894	-0.021691538	8.6849232
1.1105129	0.78904104	-0.010760576	8.6890373
1.1073943	0.79065186	-0.01160142	8.6643534
1.1167499	0.79516214	-0.01916901	8.6520109
1.1151906	0.79065186	-0.010760576	8.6684666
1.1105129	0.77583236	-0.014964793	8.6684666
1.1042757	0.78227562	0.0018520731	8.6725807
1.1089536	0.78163129	0.0035337596	8.6766949
1.1011572	0.77035558	0.012783037	8.6520109
1.1011572	0.76101285	-0.022532383	8.6725807
1.0902424	0.77905399	0.0035337596	8.680809
1.0918016	0.76681179	-0.0040338296	8.6478968
1.0902424	0.78002048	-0.00067045673	8.680809
1.0933609	0.77486587	-0.024214068	8.6437826
1.0886831	0.78388643	0.011942193	8.6849232
1.0933609	0.78936321	-0.0065563596	8.680809
1.0933609	0.79935026	-0.023373226	8.6931515
1.0824461	0.79806161	-0.00067045673	8.7013788
1.0918016	0.79322916	-0.024214068	8.680809
1.0886831	0.78743023	0.0001703865	8.6437826
1.0886831	0.79773945	-0.030940816	8.6396685
1.0793276	0.79032969	0.0010112298	8.6561251
1.0777682	0.78453076	0.015305566	8.6931515
1.0793276	0.77164423	0.026236527	8.6355553
1.0762089	0.77035558	0.010260507	8.6643534
1.0762089	0.78356427	-0.027577441	8.6602392
1.0777682	0.77969831	-0.0057155164	8.6478968
1.0777682	0.76777828	-0.0099197328	8.6314411
1.0777682	0.77164423	0.010260507	8.6478968
1.0699719	0.77132207	0.017828096	8.6355553
1.0730904	0.77357721	-0.018328166	8.6396685
1.0746497	0.77035558	-0.020850696	8.6396685
1.0684127	0.78388643	0.0060562897	8.6643534
1.0699719	0.77422154	0.023713998	8.6437826
1.0715312	0.77551019	0.0060562897	8.6355553
1.0559386	0.79065186	0.021191468	8.6890373
1.0543793	0.77583236	-0.0065563596	8.6396685
1.0621756	0.7842086	0.014464723	8.6314411
1.0715312	0.77937615	0.0052154465	8.6602392
1.0652941	0.77615452	-0.014964793	8.6561251
1.0668534	0.7867859	-0.038508404	8.6766949
1.0574979	0.78646374	-0.027577441	8.6478968
1.0497015	0.7719664	0.023713998	8.6396685
1.0512607	0.77840966	-0.0065563596	8.6520109
1.0637349	0.77035558	-0.0082380464	8.6520109
1.05282	0.77422154	-0.0031929866	8.6478968
1.05282	0.76713395	-0.017487323	8.6232128
1.0512607	0.76487881	-0.0040338296	8.6190987
1.0465829	0.77228856	-0.0040338296	8.6725807
1.0497015	0.78388643	0.0001703865	8.6520109
1.0450237	0.78549725	0.0068971328	8.627327
1.0450237	0.78002048	0.026236527	8.6108704
1.0419052	0.78549725	-0.035145033	8.6520109
1.0465829	0.78098696	0.030440746	8.6396685
1.0403459	0.77873182	-0.021691538	8.6396685
1.0341088	0.77615452	0.0068971328	8.627327
1.0403459	0.77583236	-0.017487323	8.6396685
1.035668	0.78388643	0.0094196629	8.6478968
1.0341088	0.77422154	0.014464723	8.6232128
1.0387866	0.78227562	0.0052154465	8.6478968
1.0294311	0.77422154	0.015305566	8.627327
1.0341088	0.76520097	-0.0082380464	8.627327
1.0341088	0.76713395	-0.01664648	8.627327
1.0325496	0.75972426	-0.013283106	8.627327
1.0278717	0.76616746	0.032122433	8.6396685
1.0309904	0.77712101	-0.0015113001	8.6725807
1.0294311	0.79000753	-0.0023521434	8.6725807
1.0247532	0.79838377	0.0043746028	8.6561251
1.0263125	0.79870594	-0.01916901	8.6355553
1.0263125	0.79226267	-0.0031929866	8.627327
1.0263125	0.79355133	-0.035145033	8.6355553
1.0325496	0.79419565	-0.01664648	8.6355553
1.0185162	0.79355133	0.0052154465	8.6602392
1.0247532	0.78324211	0.0010112298	8.6396685
1.0200754	0.77518803	0.0035337596	8.6149845
1.0216347	0.79194051	-0.021691538	8.6643534
1.0153977	0.77969831	0.0010112298	8.6232128
1.0200754	0.77518803	-0.00067045673	8.6149845
1.0153977	0.77712101	-0.025054913	8.627327
1.0138384	0.77389938	-0.014123949	8.627327
1.0153977	0.77422154	0.0026929164	8.6232128
1.0216347	0.77422154	-0.030940816	8.6190987
1.0153977	0.77840966	-0.0040338296	8.6561251
1.0076013	0.77422154	-0.0040338296	8.602643
1.0107198	0.76810044	0.0043746028	8.5861864
1.0169569	0.77615452	-0.022532383	8.602643
1.0076013	0.77325505	0.0035337596	8.602643
1.0138384	0.77164423	-0.0048746732	8.5903006
1.0138384	0.77099991	-0.013283106	8.602643
1.0029235	0.77937615	0.022873154	8.6520109
1.006042	0.77744317	-0.0099197328	8.6190987
1.0076013	0.77261072	-0.018328166	8.6396685
1.0044829	0.76713395	0.010260507	8.6190987
1.0013642	0.77873182	0.0094196629	8.6355553
1.006042	0.78517509	0.0026929164	8.6314411
1.0013642	0.77905399	-0.015805636	8.6108704
1.0013642	0.77647668	0.0026929164	8.6108704
0.99824572	0.7780875	-0.01664648	8.6190987
0.99668646	0.77647668	0.0001703865	8.6149845
0.99824572	0.78324211	0.028759057	8.6396685
0.99980497	0.79355133	-0.014123949	8.6314411
1.0013642	0.79322916	-0.01664648	8.627327
0.99668646	0.79806161	-0.036826719	8.627327
0.98889011	0.78291994	-0.0031929866	8.5944147
0.99356794	0.78130913	0.0018520731	8.6108704
0.99668646	0.77776533	0.013623879	8.5903006
0.99044937	0.7719664	-0.01916901	8.602643
0.98889011	0.76971126	0.0043746028	8.602643
0.99356794	0.75714695	0.0052154465	8.5985289
0.99044937	0.77003342	0.0094196629	8.627327
0.98733085	0.77099991	-0.020850696	8.6149845
0.99200863	0.76326799	0.0085788192	8.5903006
0.98265302	0.7594021	-0.0048746732	8.5985289
0.98733085	0.77776533	0.01110135	8.6355553
0.99200863	0.76487881	0.0085788192	8.5779581
0.98109376	0.77132207	-0.0048746732	8.6149845
0.99044937	0.77228856	-0.0090788892	8.5985289
0.9857716	0.76359016	0.014464723	8.602643
0.98733085	0.77905399	0.0010112298	8.6108704
0.98265302	0.79032969	-0.025895756	8.6149845
0.98733085	0.78839672	0.014464723	8.6108704
0.99356794	0.78614157	-0.023373226	8.6149845
0.97953451	0.78098696	-0.013283106	8.5903006
0.97485673	0.78291994	-0.017487323	8.6314411
0.97641593	0.77357721	0.0052154465	8.5985289
0.97173822	0.76938909	0.018668938	8.6190987
0.97797525	0.77293289	-0.0073972028	8.5820723
0.97329748	0.7745437	-0.0065563596	8.6067562
0.96550113	0.77905399	-0.012442263	8.6232128
0.97173822	0.78485292	0.0094196629	8.6190987
0.97953451	0.77937615	-0.0015113001	8.6067562
0.96550113	0.78646374	-0.025054913	8.6190987
0.97485673	0.78485292	-0.034304187	8.5738449
0.97173822	0.77905399	-0.017487323	8.5779581
0.97173822	0.79612863	-0.0090788892	8.6437826
0.96706039	0.79483998	0.011942193	8.5944147
0.9686197	0.79322916	0.0010112298	8.5820723
0.96394187	0.78581941	-0.013283106	8.5820723
0.96238261	0.78581941	0.017828096	8.6232128
0.96550113	0.77389938	0.0085788192	8.5738449
0.97173822	0.77840966	-0.026736598	8.5985289
0.9686197	0.76777828	-0.0057155164	8.5820723
0.9686197	0.76552314	-0.035985876	8.5861864
0.95770478	0.76455665	0.0052154465	8.5820723
0.96394187	0.77035558	-0.037667561	8.5820723
0.95770478	0.77486587	0.0085788192	8.5861864
0.96238261	0.76391232	0.026236527	8.5573883
0.96550113	0.76004636	-0.014964793	8.5738449
0.9686197	0.7780875	-0.01916901	8.5985289
0.97017896	0.77583236	-0.014123949	8.5820723
0.96082336	0.77132207	-0.0082380464	8.5573883
0.95770478	0.77647668	0.007737976	8.6108704
0.95614552	0.78453076	0.0026929164	8.5944147
0.95770478	0.78195345	0.018668938	8.5861864
0.95302701	0.79097402	0.0001703865	8.6108704
0.95458627	0.77325505	0.024554841	8.5861864
0.95770478	0.78195345	0.018668938	8.6067562
0.95458627	0.77937615	-0.0099197328	8.5985289
0.95614552	0.76101285	0.026236527	8.5656166
0.95458627	0.76069069	-0.013283106	8.5697308
0.95614552	0.76423448	0.007737976	8.6108704
0.95458627	0.76326799	0.016987253	8.5656166
0.95302701	0.77164423	-0.0057155164	8.5861864
0.96082336	0.76971126	-0.018328166	8.5738449
0.95614552	0.77035558	0.029599901	8.5820723
0.95458627	0.76906693	0.012783037	8.5820723
0.95146769	0.77840966	-0.010760576	8.5697308
0.94523072	0.77357721	0.0052154465	8.5615025
0.94211215	0.78130913	0.0060562897	8.5985289
0.94990844	0.77712101	0.0010112298	8.5697308
0.94990844	0.77679884	0.0068971328	8.5615025
0.95302701	0.78614157	-0.0040338296	8.5985289
0.95770478	0.78549725	-0.0040338296	8.5903006
0.94678998	0.78839672	-0.020009853	8.602643
0.95146769	0.77969831	-0.020850696	8.5532742
0.94211215	0.77873182	0.026236527	8.5656166
0.94678998	0.77099991	-0.040190089	8.5738449
0.94211215	0.76391232	-0.0082380464	8.5738449
0.94367146	0.77615452	-0.0040338296	8.5903006
0.94211215	0.7658453	0.0026929164	8.5656166
0.94211215	0.77228856	-0.0065563596	8.5779581
0.94055289	0.77905399	-0.046075992	8.6190987
0.94367146	0.78163129	-0.017487323	8.5779581
0.93899363	0.78034264	-0.012442263	8.5697308
0.93899363	0.78517509	-0.028418286	8.5573883
0.94055289	0.77551019	0.022032311	8.5615025
0.94211215	0.77615452	-0.021691538	8.5409327
0.93899363	0.78646374	-0.018328166	8.5656166
0.94523072	0.77357721	-0.018328166	8.5615025
0.93587512	0.77003342	0.0018520731	8.5779581
0.93119729	0.77357721	-0.026736598	8.5738449
0.93743438	0.76810044	-0.020009853	8.5368185
0.92807877	0.7719664	0.0094196629	8.5861864
0.93119729	0.77422154	-0.028418286	8.5738449
0.93899363	0.7745437	0.0026929164	8.5697308
0.93743438	0.76938909	-0.0015113001	8.5532742
0.93119729	0.77164423	0.020350626	8.5615025
0.9343158	0.78195345	0.0094196629	8.5779581
0.93587512	0.77389938	-0.040190089	8.5779581
0.92963803	0.78227562	0.01110135	8.5738449
0.92963803	0.78485292	-0.035985876	8.5615025
0.93743438	0.77293289	0.0068971328	8.5615025
0.93743438	0.78485292	-0.028418286	8.5820723
0.93119729	0.79000753	0.0026929164	8.6067562
0.9249602	0.78904104	-0.018328166	8.5697308
0.92340094	0.77615452	-0.030099971	8.5697308
0.92807877	0.77518803	-0.030940816	8.5738449
0.92651945	0.76487881	-0.0057155164	8.5779581
0.92651945	0.75134802	0.0010112298	8.5327044
0.92807877	0.76455665	-0.0023521434	8.5779581
0.92340094	0.76777828	-0.018328166	8.5615025
0.92184168	0.76487881	0.0010112298	8.5532742
0.92184168	0.77615452	-0.01916901	8.5738449
0.92028242	0.77937615	0.0085788192	8.5615025
0.92184168	0.78324211	-0.0040338296	8.5615025
0.91560465	0.78324211	-0.0048746732	8.5738449
0.92340094	0.78291994	0.0001703865	8.5615025
0.92651945	0.78002048	-0.034304187	8.5450459
0.92028242	0.77776533	0.0068971328	8.5450459
0.92184168	0.7684226	-0.020009853	8.5368185
0.91560465	0.76165718	0.0001703865	8.5573883
0.91404539	0.77132207	-0.024214068	8.5615025
0.91248614	0.77937615	0.0026929164	8.5944147
0.91092688	0.76777828	0.035485804	8.5573883
0.91092688	0.7745437	-0.00067045673	8.5861864
0.91716391	0.7684226	-0.025054913	8.5327044
0.91248614	0.7806648	-0.0031929866	8.5861864
0.91404539	0.78227562	0.0043746028	8.54916
0.91404539	0.76294583	0.0043746028	8.5327044
0.91560465	0.76874477	-0.0082380464	8.5532742
0.90624905	0.76938909	-0.0099197328	8.5532742
0.9078083	0.77905399	-0.0023521434	8.5820723
0.9078083	0.7867859	-0.0048746732	8.5573883
0.90936756	0.78775239	0.0068971328	8.5615025
0.9078083	0.78388643	-0.01916901	8.5697308
0.90624905	0.77132207	-0.025895756	8.5244761
0.9078083	0.77293289	0.007737976	8.54916
0.90624905	0.79000753	-0.044394307	8.6149845
0.90468979	0.78807455	-0.01160142	8.5615025
0.8984527	0.77937615	-0.00067045673	8.5615025
0.90157121	0.77937615	-0.021691538	8.5656166
0.89221561	0.77228856	0.039690021	8.5697308
0.90157121	0.76648962	-0.0040338296	8.5203619
0.90157121	0.77647668	-0.032622501	8.5738449
0.89377487	0.76906693	-0.014964793	8.5532742
0.89065641	0.77132207	-0.0048746732	8.54916
0.89065641	0.76938909	0.015305566	8.5532742
0.89689344	0.77293289	-0.023373226	8.5615025
0.89221561	0.77679884	0.022032311	8.5573883
0.89689344	0.76552314	0.010260507	8.5080204
0.90001196	0.77099991	-0.012442263	8.5738449
0.89065641	0.78130913	-0.00067045673	8.5450459
0.89533418	0.77937615	-0.033463344	8.5368185
0.89377487	0.77679884	0.007737976	8.5409327
0.89221561	0.77679884	0.0035337596	8.5532742
0.8875379	0.78163129	-0.0073972028	8.5573883
0.89065641	0.77647668	0.0085788192	8.5368185
0.88909715	0.77551019	-0.017487323	8.54916
0.88597864	0.76616746	0.0052154465	8.5244761
0.88909715	0.76069069	0.007737976	8.5244761
0.88909715	0.77422154	-0.0090788892	8.5573883
0.89065641	0.77261072	0.029599901	8.5285902
0.88597864	0.76810044	0.0001703865	8.5327044
0.88597864	0.77712101	0.0094196629	8.5615025
0.89065641	0.77293289	-0.0015113001	8.5285902
0.88597864	0.78453076	-0.0023521434	8.5573883
0.88597864	0.78163129	-0.024214068	8.5285902
0.89221561	0.77712101	-0.0040338296	8.5532742
0.88286006	0.78130913	0.0010112298	8.5532742
0.8875379	0.78839672	-0.0073972028	8.5450459
0.88286006	0.78388643	0.01614641	8.5285902
0.88441932	0.77293289	-0.0057155164	8.54916
0.88597864	0.7684226	-0.00067045673	8.5409327
0.89065641	0.76455665	-0.0057155164	8.5080204
0.87974155	0.7719664	-0.034304187	8.5450459
0.88441932	0.77969831	-0.026736598	8.5615025
0.88286006	0.77712101	0.016987253	8.54916
0.88130081	0.77164423	-0.0031929866	8.5409327
0.88441932	0.77003342	0.014464723	8.5285902
0.88130081	0.76616746	-0.020009853	8.5327044
0.87350446	0.76552314	-0.0082380464	8.5244761
0.87662297	0.77164423	-0.0048746732	8.5532742
0.87506372	0.76326799	-0.0090788892	8.5244761
0.87506372	0.7684226	0.012783037	8.5203619
0.87506372	0.77873182	-0.031781659	8.54916
0.87350446	0.77937615	-0.0090788892	8.5244761
0.87974155	0.77164423	-0.0023521434	8.5327044
0.87662297	0.77422154	-0.0048746732	8.5409327
0.8719452	0.76777828	-0.0031929866	8.5327044
0.86726737	0.77325505	-0.014964793	8.5327044
0.8719452	0.77905399	-0.021691538	8.5368185
0.87350446	0.76874477	-0.010760576	8.5203619
0.87662297	0.76552314	0.0085788192	8.5203619
0.8719452	0.76133502	0.010260507	8.5327044
0.8719452	0.76487881	-0.01664648	8.5285902
0.86726737	0.7780875	-0.014964793	8.5409327
0.86258966	0.77003342	0.010260507	8.5203619
0.87038594	0.7806648	0.0060562897	8.5738449
0.86726737	0.78195345	-0.0040338296	8.5327044
0.86726737	0.77647668	0.013623879	8.5162477
0.86726737	0.77422154	0.0085788192	8.5162477
0.8719452	0.77647668	-0.025895756	8.5244761
0.86258966	0.78710806	-0.0048746732	8.5450459
0.85791183	0.78775239	-0.013283106	8.5409327
0.86414886	0.77937615	-0.034304187	8.5162477
0.86258966	0.77389938	-0.036826719	8.54916
0.86726737	0.77679884	-0.0031929866	8.5244761
0.86258966	0.77615452	-0.020850696	8.5039062
0.86726737	0.77325505	0.0035337596	8.5121346
0.86726737	0.76197934	-0.01664648	8.5080204
0.86726737	0.75811344	-0.026736598	8.5203619
0.86414886	0.76520097	-0.025895756	8.5203619
0.85947108	0.7745437	-0.0099197328	8.5285902
0.86414886	0.7780875	-0.0099197328	8.5285902
0.85947108	0.78839672	-0.014123949	8.5573883
0.86414886	0.78646374	0.0035337596	8.5162477
0.85791183	0.78517509	0.0094196629	8.5285902
0.86258966	0.77969831	-0.022532383	8.5285902
0.85479331	0.7780875	-0.0073972028	8.5203619
0.85791183	0.76391232	0.0001703865	8.5203619
0.85947108	0.77325505	-0.021691538	8.5162477
0.85635257	0.77035558	0.0001703865	8.5162477
0.85947108	0.77228856	0.0010112298	8.5203619
0.85635257	0.77357721	-0.0031929866	8.5203619
0.86258966	0.77132207	-0.012442263	8.4997921
0.85791183	0.75907993	0.044735081	8.4874506
0.86258966	0.76423448	-0.0099197328	8.5039062
0.85791183	0.76777828	-0.010760576	8.5162477
0.85479331	0.77067775	-0.0048746732	8.5080204
0.85323405	0.76938909	0.010260507	8.4956789
0.85011548	0.76681179	0.0010112298	8.4833364
0.85947108	0.76069069	0.0043746028	8.4833364
0.85323405	0.77164423	-0.030099971	8.5162477
0.85167474	0.77583236	0.0052154465	8.5039062
0.85323405	0.76648962	0.039690021	8.4792223
0.85323405	0.75843561	-0.0065563596	8.4833364
0.84699696	0.77067775	-0.012442263	8.5409327
0.84543771	0.76326799	0.019509783	8.4792223
0.84699696	0.76326799	-0.031781659	8.5162477
0.84543771	0.75521398	-0.0031929866	8.4997921
0.85167474	0.75102586	0.036326651	8.5162477
0.84231913	0.75779128	0.0052154465	8.5121346
0.84231913	0.76359016	0.0052154465	8.5162477
0.84075987	0.75714695	0.028759057	8.4997921
0.83920062	0.75811344	-0.00067045673	8.4915648
0.83920062	0.76197934	0.0094196629	8.4956789
0.84075987	0.75263667	0.011942193	8.4586525
0.84231913	0.75134802	-0.025895756	8.4751091
0.84699696	0.75618047	-0.028418286	8.4874506
0.85011548	0.76165718	0.027918214	8.4792223
0.84075987	0.75714695	-0.0057155164	8.4792223
0.84231913	0.7594021	-0.010760576	8.4833364
0.84699696	0.76648962	-0.0065563596	8.4997921
0.83920062	0.76648962	-0.018328166	8.4997921
0.83920062	0.76487881	0.0018520731	8.4956789
0.83608204	0.75746912	0.014464723	8.4668808
0.83140433	0.75907993	0.0085788192	8.4833364
0.82984507	0.77293289	-0.0090788892	8.5368185
0.83296359	0.77003342	0.024554841	8.4833364
0.83764136	0.7684226	-0.035145033	8.5039062
0.83296359	0.7623015	0.012783037	8.4997921
0.83608204	0.76810044	0.0085788192	8.4956789
0.83296359	0.76423448	0.0052154465	8.4915648
0.84075987	0.76165718	-0.00067045673	8.4833364
0.83296359	0.75875777	-0.0090788892	8.4874506
0.83296359	0.76197934	-0.027577441	8.4833364
0.83452284	0.76262367	-0.017487323	8.5121346
0.82828581	0.76777828	0.015305566	8.4874506
0.83296359	0.77422154	-0.0065563596	8.4956789
0.83452284	0.78130913	0.010260507	8.5039062
0.82828581	0.7719664	0.017828096	8.4915648
0.83608204	0.76745611	-0.0040338296	8.4956789
0.83296359	0.76520097	-0.012442263	8.4709949
0.82828581	0.76069069	0.0035337596	8.4915648
0.82828581	0.7658453	-0.010760576	8.5121346
0.82828581	0.76777828	-0.010760576	8.4956789
0.82516724	0.77228856	-0.00067045673	8.5080204
0.83296359	0.77389938	-0.026736598	8.4915648
0.82984507	0.76713395	0.0068971328	8.4792223
0.83296359	0.76616746	0.012783037	8.4668808
0.82672656	0.76810044	0.0068971328	8.4874506
0.82360798	0.77261072	-0.0090788892	8.4997921
0.82672656	0.7684226	0.015305566	8.4751091
0.81893015	0.77905399	0.0001703865	8.5203619
0.82984507	0.78388643	-0.022532383	8.4874506
0.82672656	0.78807455	-0.0057155164	8.4956789
0.82516724	0.77937615	0.0094196629	8.4874506
0.81581163	0.78195345	0.0094196629	8.4997921
0.82516724	0.77325505	0.010260507	8.4709949
0.82048947	0.76423448	-0.027577441	8.4545383
0.82516724	0.76326799	-0.01664648	8.4668808
0.82360798	0.76938909	-0.010760576	8.4997921
0.81737089	0.77486587	0.0010112298	8.5039062
0.82672656	0.75811344	-0.0048746732	8.4627666
0.82204872	0.76036853	0.0018520731	8.4915648
0.82204872	0.76101285	-0.01160142	8.4545383
0.82360798	0.76971126	0.0035337596	8.4709949
0.81737089	0.77712101	-0.0015113001	8.4997921
0.82360798	0.76810044	-0.014123949	8.4545383
0.82672656	0.77518803	-0.023373226	8.4874506
0.81893015	0.77937615	-0.020850696	8.5203619
0.81425238	0.78614157	0.014464723	8.5080204
0.81425238	0.78130913	-0.025895756	8.4751091
0.81581163	0.76777828	-0.020009853	8.4833364
0.81425238	0.77518803	0.010260507	8.4874506
0.81893015	0.76520097	0.024554841	8.4751091
0.81425238	0.7684226	0.0018520731	8.4874506
0.81581163	0.75714695	-0.0082380464	8.4668808
0.81581163	0.78130913	-0.0031929866	8.5162477
0.81269312	0.77067775	-0.0040338296	8.5121346
0.81113386	0.76326799	0.0026929164	8.4751091
0.81737089	0.7594021	-0.023373226	8.4668808
0.81113386	0.75456965	-0.0065563596	8.4668808
0.80801529	0.76745611	-0.012442263	8.4997921
0.81581163	0.76165718	0.017828096	8.4586525
