Fout	Lin	Lout	sono
1.3802657	0.31385133	-0.00067045673	8.7877741
1.3771472	0.50392717	-0.018328166	8.8247995
1.3709103	0.61475104	0.0035337596	8.7960014
1.3771472	0.67209601	0.010260507	8.7795458
1.3662324	0.72331983	-0.00067045673	8.8247995
1.3787065	0.75746912	0.091822304	8.8412561
1.3740288	0.76938909	0.0026929164	8.8083439
1.3740288	0.78775239	-0.013283106	8.812458
1.3755879	0.78710806	-0.00067045673	8.7877741
1.3755879	0.79999459	-0.0090788892	8.8247995
1.3755879	0.79032969	0.18347423	8.8083439
1.3740288	0.78098696	0.012783037	8.8083439
1.3755879	0.78324211	0.0060562897	8.8083439
1.3787065	0.78388643	-0.018328166	8.8001156
1.3755879	0.79226267	-0.012442263	8.8659401
1.381825	0.79967242	-0.020009853	8.8247995
1.3709103	0.79999459	0.0094196629	8.837142
1.3709103	0.80192757	0.0001703865	8.837142
1.369351	0.80514914	0.022032311	8.8412561
1.3755879	0.79419565	-0.030099971	8.8330278
1.3802657	0.79773945	-0.035145033	8.8206854
1.3677918	0.79838377	0.0068971328	8.8247995
1.3787065	0.79806161	0.0094196629	8.8165722
1.381825	0.80772644	-0.028418286	8.8453703
1.3755879	0.8054713	-0.013283106	8.8206854
1.3724695	0.81127024	-0.023373226	8.8247995
1.3646731	0.81642485	-0.014123949	8.8453703
1.3740288	0.8090151	-0.0057155164	8.7960014
1.3755879	0.79999459	0.0043746028	8.812458
1.3740288	0.79709512	-0.026736598	8.812458
1.3755879	0.78871888	0.026236527	8.8001156
1.3724695	0.78936321	0.0026929164	8.8330278
1.3740288	0.78453076	0.012783037	8.7836599
1.3755879	0.77905399	-0.012442263	8.7877741
1.3771472	0.78549725	-0.0057155164	8.812458
1.3787065	0.78904104	-0.01916901	8.8165722
1.369351	0.79097402	0.035485804	8.8330278
1.3740288	0.792907	-0.015805636	8.8001156
1.3740288	0.7990281	-0.030099971	8.8247995
1.3724695	0.8054713	0.023713998	8.8247995
1.3724695	0.8115924	-0.0065563596	8.8453703
1.3724695	0.79580647	0.012783037	8.8001156
1.3709103	0.78871888	0.007737976	8.7836599
1.369351	0.79677296	0.020350626	8.8247995
1.381825	0.79516214	-0.00067045673	8.7836599
1.3771472	0.79355133	0.0035337596	8.8083439
1.3755879	0.79097402	-0.018328166	8.8042297
1.3724695	0.78710806	0.019509783	8.7960014
1.3755879	0.79226267	0.0026929164	8.812458
1.3771472	0.78034264	0.027918214	8.8206854
1.3724695	0.7780875	0.018668938	8.8165722
1.3755879	0.77776533	0.011942193	8.8001156
1.3724695	0.78904104	-0.014123949	8.8247995
1.3755879	0.79194051	-0.01160142	8.8247995
1.381825	0.78968537	-0.00067045673	8.7877741
1.3771472	0.78195345	-0.010760576	8.7918873
1.3771472	0.79419565	0.0001703865	8.8206854
1.381825	0.80096108	0.022873154	8.8247995
1.3724695	0.80804861	-0.0073972028	8.837142
1.3709103	0.79516214	0.021191468	8.7918873
1.3771472	0.78710806	0.0018520731	8.7918873
1.3771472	0.79677296	0.0010112298	8.8247995
1.3724695	0.80257189	0.1498405	8.837142
1.3724695	0.79419565	-0.025054913	8.8042297
1.3755879	0.78356427	0.0043746028	8.8001156
1.3740288	0.78324211	0.033804119	8.812458
1.3771472	0.79000753	0.0018520731	8.8494844
1.3787065	0.78324211	0.01110135	8.7918873
1.3724695	0.79161835	-0.00067045673	8.8330278
1.3802657	0.77712101	0.018668938	8.7918873
1.3771472	0.78517509	0.1246152	8.812458
1.3755879	0.78936321	0.0085788192	8.7960014
1.3755879	0.79645079	-0.010760576	8.8165722
1.3771472	0.79226267	-0.0073972028	8.8083439
1.3709103	0.8016054	0.015305566	8.8206854
1.3771472	0.80096108	-0.11586598	8.8453703
1.3740288	0.79838377	0.041371711	8.8042297
1.3771472	0.79935026	-0.01160142	8.8083439
1.3740288	0.79258484	0.03128159	8.8042297
1.3771472	0.78130913	0.013623879	8.812458
1.3771472	0.78098696	0.010260507	8.8001156
1.3755879	0.79258484	-0.0031929866	8.8083439
1.3787065	0.79161835	-0.029259128	8.8083439
1.3724695	0.79000753	0.039690021	8.8083439
1.3709103	0.78871888	0.020350626	8.7960014
1.3709103	0.78775239	-0.01160142	8.837142
1.3755879	0.79129618	0.018668938	8.812458
1.369351	0.79032969	0.0052154465	8.7960014
1.3771472	0.79065186	0.030440746	8.8001156
1.3740288	0.80096108	0.025395684	8.837142
1.3771472	0.80643779	-0.01664648	8.8330278
1.381825	0.8054713	0.019509783	8.7960014
1.3787065	0.79935026	-0.01160142	8.8247995
1.3677918	0.80708212	0.016987253	8.8289137
1.3755879	0.81255889	-0.018328166	8.812458
1.3755879	0.80998158	-0.00067045673	8.8289137
1.3724695	0.81094807	-0.093163215	8.8494844
1.3755879	0.80643779	-0.020009853	8.8247995
1.3740288	0.79129618	0.0035337596	8.7960014
1.3755879	0.77937615	-0.01664648	8.812458
1.3755879	0.78839672	-0.013283106	8.8165722
1.3755879	0.7954843	0.01614641	8.8412561
1.3740288	0.79032969	-0.01664648	8.8083439
1.3771472	0.78259778	-0.020850696	8.7918873
1.3724695	0.78646374	0.069119543	8.8042297
1.3771472	0.79258484	-0.0065563596	8.8577118
1.3740288	0.78453076	0.03128159	8.7918873
1.3724695	0.7867859	-0.0048746732	8.8001156
1.3787065	0.79935026	-0.022532383	8.7918873
1.3755879	0.80708212	0.05734773	8.8330278
1.3740288	0.8090151	0.007737976	8.8042297
1.3802657	0.79194051	-0.022532383	8.7795458
1.3755879	0.79645079	-0.01664648	8.8206854
1.3740288	0.79000753	0.013623879	8.8165722
1.3724695	0.78453076	0.10443496	8.8083439
1.3740288	0.78581941	-0.014964793	8.812458
1.3755879	0.77776533	-0.023373226	8.8042297
1.3724695	0.78195345	0.0001703865	8.8165722
1.3740288	0.78324211	0.0026929164	8.8165722
1.3771472	0.79065186	-0.01160142	8.8083439
1.3740288	0.80708212	-0.025054913	8.8494844
1.3709103	0.80869293	0.01614641	8.8247995
1.3740288	0.80257189	0.15908977	8.8330278
1.3709103	0.80740428	-0.0040338296	8.8412561
1.3709103	0.80031675	0.007737976	8.7960014
1.3740288	0.80611563	-0.00067045673	8.8247995
1.3709103	0.80772644	-0.025895756	8.8330278
1.3787065	0.79999459	0.13722785	8.8247995
1.3755879	0.79419565	-0.028418286	8.7795458
1.3724695	0.79000753	-0.0031929866	8.8165722
1.3771472	0.79161835	0.0035337596	8.8083439
1.3709103	0.79645079	-0.00067045673	8.8494844
1.3755879	0.78968537	0.0043746028	8.812458
1.3724695	0.78646374	-0.0048746732	8.812458
1.3755879	0.79483998	-0.0048746732	8.8042297
1.381825	0.78968537	-0.0099197328	8.7918873
1.3787065	0.78710806	0.0018520731	8.8206854
1.3755879	0.78163129	-0.19238272	8.8083439
1.3755879	0.79677296	-0.013283106	8.8289137
1.3771472	0.79838377	-0.0065563596	8.8330278
1.3740288	0.802894	0.0052154465	8.8165722
1.3771472	0.80257189	-0.023373226	8.8042297
1.3787065	0.80353832	0.0052154465	8.8247995
1.3755879	0.80675995	-0.018328166	8.812458
1.3755879	0.79806161	0.043053396	8.812458
1.3755879	0.79194051	-0.0057155164	8.7877741
1.369351	0.79935026	0.022873154	8.8330278
1.3740288	0.7954843	-0.0057155164	8.7960014
1.3724695	0.79612863	-0.010760576	8.8247995
1.3709103	0.78581941	0.0094196629	8.8042297
1.3709103	0.78002048	0.038849179	8.7918873
1.3755879	0.78388643	0.011942193	8.8042297
1.3755879	0.77647668	-0.023373226	8.8001156
1.3755879	0.77325505	0.01110135	8.8165722
1.3724695	0.77583236	-0.27898955	8.8083439
1.369351	0.79355133	-0.0031929866	8.8247995
1.3740288	0.80321616	-0.0015113001	8.8453703
1.3755879	0.80998158	-0.0099197328	8.8453703
1.3740288	0.8115924	0.0001703865	8.812458
1.3755879	0.80579346	0.007737976	8.8206854
1.3771472	0.80740428	-0.018328166	8.8083439
1.369351	0.80128324	0.007737976	8.8042297
1.381825	0.79483998	0.0026929164	8.7960014
1.3740288	0.79387349	-0.01916901	8.8165722
1.3771472	0.79516214	-0.0082380464	8.8083439
1.3740288	0.79741728	0.01110135	8.8083439
1.369351	0.79032969	0.0035337596	8.812458
1.3740288	0.78904104	0.03128159	8.7960014
1.3709103	0.78807455	-0.0057155164	8.7877741
1.3771472	0.78549725	-0.012442263	8.8165722
1.3771472	0.78259778	0.022873154	8.8247995
1.3755879	0.79000753	-0.0031929866	8.8206854
1.3709103	0.78710806	0.0052154465	8.7918873
1.3709103	0.7806648	0.01110135	8.8083439
1.3662324	0.79999459	-0.0082380464	8.8412561
1.3724695	0.80804861	-0.018328166	8.812458
1.3755879	0.79645079	-0.010760576	8.7918873
1.3709103	0.79741728	0.038008336	8.8083439
1.3709103	0.79129618	0.01110135	8.7960014
1.3724695	0.79194051	0.0060562897	8.8042297
1.3709103	0.78743023	-0.029259128	8.812458
1.3646731	0.79226267	-0.0073972028	8.8247995
1.3787065	0.78646374	0.0043746028	8.7960014
1.3755879	0.78195345	-0.0015113001	8.8289137
1.3709103	0.78871888	0.027918214	8.8206854
1.3709103	0.78614157	-0.044394307	8.8042297
1.3771472	0.78968537	-0.012442263	8.8001156
1.3833842	0.80224973	-0.018328166	8.8494844
1.3740288	0.79161835	0.0043746028	8.7918873
1.3755879	0.79322916	0.022873154	8.8247995
1.3787065	0.79161835	0.015305566	8.8083439
1.3771472	0.79709512	0.0035337596	8.7960014
1.3709103	0.80708212	-0.00067045673	8.837142
1.3755879	0.80128324	-0.024214068	8.812458
1.3724695	0.81127024	-0.0082380464	8.8330278
1.3724695	0.79645079	0.062392794	8.7877741
1.3662324	0.79838377	-0.026736598	8.8412561
1.3724695	0.80224973	-0.029259128	8.8453703
1.3740288	0.79580647	0.028759057	8.8001156
1.3740288	0.79451782	0.0052154465	8.8083439
1.3740288	0.80128324	-0.021691538	8.8577118
1.3709103	0.79516214	-0.013283106	8.8001156
1.3787065	0.78775239	-0.0090788892	8.7960014
1.3740288	0.79483998	-0.01160142	8.8330278
1.3724695	0.80579346	-0.0040338296	8.837142
1.3677918	0.80772644	0.0001703865	8.8289137
1.3709103	0.81062591	-0.01916901	8.8247995
1.3771472	0.80224973	-0.0048746732	8.8001156
1.3771472	0.80096108	0.0085788192	8.8042297
1.3740288	0.79129618	0.007737976	8.7877741
1.3787065	0.78839672	-0.014123949	8.7960014
1.3771472	0.79870594	0.0026929164	8.8206854
1.3771472	0.78904104	0.018668938	8.7795458
1.3709103	0.78549725	0.007737976	8.8453703
1.3755879	0.77905399	-0.015805636	8.7877741
1.3755879	0.79000753	-0.0090788892	8.8247995
1.3724695	0.78453076	-0.00067045673	8.8083439
1.3740288	0.78936321	0.03128159	8.812458
1.3677918	0.78034264	0.023713998	8.8206854
1.3709103	0.78130913	-0.020850696	8.8001156
1.369351	0.78968537	-0.0040338296	8.8453703
1.3802657	0.7867859	-0.00067045673	8.7960014
1.3771472	0.80128324	-0.01664648	8.8453703
1.3662324	0.8090151	-0.0057155164	8.8412561
1.3740288	0.81674701	-0.0048746732	8.837142
1.3724695	0.80418265	0.019509783	8.7918873
1.3755879	0.81288105	-0.014123949	8.8494844
1.369351	0.80869293	0.0001703865	8.8165722
1.3740288	0.79483998	-0.01916901	8.7960014
1.3724695	0.7990281	-0.05028021	8.8206854
1.369351	0.79226267	-0.0048746732	8.8165722
1.3740288	0.7867859	0.0085788192	8.8206854
1.3755879	0.78291994	0.012783037	8.812458
1.369351	0.7806648	-0.026736598	8.8165722
1.3709103	0.78904104	0.0010112298	8.8165722
1.3771472	0.7780875	0.0001703865	8.7918873
1.3771472	0.78904104	-0.013283106	8.8165722
1.3787065	0.78743023	0.012783037	8.8083439
1.3787065	0.79612863	-0.0073972028	8.812458
1.3771472	0.8016054	-0.010760576	8.8494844
1.3740288	0.8016054	-0.014964793	8.812458
1.369351	0.79226267	-0.021691538	8.8165722
1.3740288	0.79483998	0.019509783	8.8042297
1.3787065	0.79387349	-0.020850696	8.8083439
1.3740288	0.79258484	-0.0015113001	8.837142
1.3755879	0.79741728	-0.0031929866	8.8165722
1.3787065	0.78291994	0.0035337596	8.8042297
1.3755879	0.77551019	0.023713998	8.8001156
1.3740288	0.78324211	-0.020850696	8.8494844
1.3662324	0.79194051	-0.017487323	8.8289137
1.3755879	0.77228856	0.15068135	8.7960014
1.3787065	0.77905399	-0.0057155164	8.812458
1.3755879	0.7780875	0.0026929164	8.7960014
1.3755879	0.78291994	0.020350626	8.8001156
1.369351	0.79161835	-0.0040338296	8.8289137
1.3709103	0.79097402	-0.00067045673	8.7960014
1.3709103	0.78646374	0.014464723	8.7877741
1.3802657	0.79194051	-0.025054913	8.8206854
1.3709103	0.80998158	0.0026929164	8.837142
1.369351	0.802894	-0.0099197328	8.8083439
1.3755879	0.80192757	0.0052154465	8.8083439
1.3771472	0.78485292	0.013623879	8.8001156
1.3740288	0.79355133	-0.017487323	8.8206854
1.369351	0.80224973	0.011942193	8.8247995
1.3740288	0.7990281	-0.0048746732	8.8247995
1.3709103	0.78936321	0.035485804	8.8247995
1.3709103	0.79483998	-0.0031929866	8.812458
1.3755879	0.80031675	-0.018328166	8.8247995
1.3755879	0.8016054	-0.014123949	8.8330278
1.3755879	0.79258484	-0.023373226	8.7960014
1.3802657	0.79258484	-0.023373226	8.8042297
1.3740288	0.78646374	0.0010112298	8.8083439
1.3740288	0.78936321	0.0035337596	8.8247995
1.3755879	0.78775239	0.10443496	8.7836599
1.3771472	0.79580647	-0.022532383	8.8453703
1.3724695	0.80482697	-0.0090788892	8.8247995
1.3709103	0.79580647	0.016987253	8.7877741
1.3724695	0.80321616	-0.028418286	8.8247995
1.3740288	0.79870594	-0.095685743	8.8165722
1.3771472	0.78775239	0.0043746028	8.7754316
1.369351	0.79000753	0.018668938	8.8206854
1.3709103	0.79226267	0.017828096	8.8247995
1.3755879	0.78614157	0.033804119	8.812458
1.3709103	0.78581941	0.0010112298	8.7836599
1.3755879	0.7954843	-0.0082380464	8.8330278
1.3802657	0.79870594	-0.01916901	8.812458
1.3755879	0.80096108	0.0001703865	8.8083439
1.3662324	0.80031675	-0.012442263	8.8206854
1.3724695	0.79935026	-0.012442263	8.8165722
1.3740288	0.8054713	-0.0015113001	8.8247995
1.3724695	0.80611563	-0.010760576	8.8083439
1.3709103	0.80353832	-0.0015113001	8.8289137
1.3709103	0.80514914	-0.0073972028	8.8165722
1.381825	0.80257189	-0.024214068	8.7960014
1.381825	0.80643779	-0.049439363	8.8165722
1.3724695	0.80482697	-0.01916901	8.812458
1.3724695	0.79129618	-0.013283106	8.8001156
1.3755879	0.79516214	-0.034304187	8.8412561
1.3709103	0.78581941	0.0043746028	8.8042297
1.3709103	0.78485292	0.012783037	8.8042297
1.3662324	0.79838377	-0.027577441	8.8453703
1.3740288	0.80257189	-0.0082380464	8.8289137
1.369351	0.79741728	-0.023373226	8.812458
1.3709103	0.80386049	-0.012442263	8.8247995
1.3724695	0.79838377	-0.01916901	8.837142
1.3771472	0.79387349	-0.012442263	8.8042297
1.3677918	0.80643779	-0.024214068	8.8289137
1.3740288	0.81062591	0.0018520731	8.8083439
1.369351	0.80386049	-0.020009853	8.8165722
1.3709103	0.80418265	0.0094196629	8.8165722
1.3755879	0.80063891	-0.015805636	8.8001156
1.3771472	0.79483998	0.0018520731	8.8042297
1.3755879	0.77873182	0.15068135	8.7877741
1.3646731	0.7780875	-0.022532383	8.8001156
1.3755879	0.79129618	-0.00067045673	8.8330278
1.3740288	0.79097402	0.0060562897	8.8247995
1.3724695	0.78839672	-0.018328166	8.8083439
1.3771472	0.78710806	0.015305566	8.8247995
1.3740288	0.79419565	-0.0073972028	8.812458
1.3724695	0.79322916	-0.0023521434	8.812458
1.369351	0.79451782	0.010260507	8.8042297
1.3724695	0.792907	0.022032311	8.812458
1.3755879	0.79677296	0.0026929164	8.8206854
1.3709103	0.80353832	0.0094196629	8.8247995
1.3771472	0.79967242	-0.015805636	8.8001156
1.3755879	0.79870594	-0.015805636	8.812458
1.3802657	0.81513619	-0.030099971	8.8659401
1.3709103	0.81674701	0.17422496	8.8206854
1.3709103	0.8054713	0.0052154465	8.7960014
1.3755879	0.81352538	-0.022532383	8.8330278
1.3709103	0.80128324	0.16329399	8.837142
1.369351	0.79355133	-0.027577441	8.8165722
1.3755879	0.79483998	-0.031781659	8.8247995
1.3740288	0.7954843	-0.014123949	8.8247995
1.3724695	0.79419565	-0.0057155164	8.8247995
1.369351	0.7867859	-0.01160142	8.8165722
1.3724695	0.79194051	0.032122433	8.8247995
1.3740288	0.79355133	-0.0048746732	8.8042297
1.3724695	0.77583236	0.026236527	8.8001156
1.369351	0.79161835	-0.021691538	8.8289137
1.3755879	0.78968537	-0.15622646	8.7918873
1.3740288	0.80128324	-0.0057155164	8.8247995
1.3740288	0.79806161	-0.00067045673	8.8165722
1.3802657	0.79355133	0.018668938	8.7918873
1.3677918	0.79838377	-0.0073972028	8.8289137
1.3755879	0.8016054	-0.0048746732	8.8083439
1.3787065	0.80128324	-0.0090788892	8.8165722
1.3740288	0.79483998	0.0001703865	8.812458
1.3709103	0.78839672	0.06743785	8.8083439
1.3787065	0.78453076	-0.015805636	8.812458
1.3724695	0.78775239	0.028759057	8.8042297
1.3709103	0.79065186	-0.0082380464	8.8247995
1.3709103	0.78871888	-0.0065563596	8.8412561
1.3802657	0.7867859	0.0026929164	8.7877741
1.369351	0.78098696	0.013623879	8.8083439
1.3755879	0.78034264	0.0026929164	8.8165722
1.3771472	0.78291994	0.016987253	8.8206854
1.3787065	0.792907	-0.014964793	8.8247995
1.3755879	0.79000753	-0.0090788892	8.812458
1.3787065	0.78034264	0.038849179	8.8042297
1.3771472	0.78839672	-0.0065563596	8.8083439
1.3755879	0.80031675	0.13975038	8.8494844
1.3709103	0.80096108	0.027077371	8.8165722
1.3755879	0.79806161	-0.013283106	8.812458
1.3755879	0.78839672	-0.0015113001	8.7877741
1.3724695	0.79838377	-0.0048746732	8.8618259
1.3709103	0.79097402	0.0060562897	8.8042297
1.369351	0.78839672	-0.0040338296	8.8042297
1.3771472	0.78453076	-0.010760576	8.7960014
1.3755879	0.79741728	-0.0031929866	8.8289137
1.3709103	0.79967242	-0.020850696	8.8247995
1.3709103	0.80418265	0.01110135	8.8289137
1.3740288	0.79935026	0.01110135	8.812458
1.3802657	0.80450481	-0.0099197328	8.837142
1.369351	0.79580647	-0.0065563596	8.7960014
1.3755879	0.80450481	-0.014123949	8.8247995
1.3771472	0.79516214	-0.010760576	8.7960014
1.369351	0.79419565	-0.0048746732	8.7960014
1.3709103	0.79258484	0.007737976	8.8453703
1.3802657	0.78227562	0.0052154465	8.7960014
1.3709103	0.79097402	0.0026929164	8.8289137
1.3755879	0.78324211	-0.014123949	8.8001156
1.3740288	0.7867859	-0.01160142	8.8289137
1.3724695	0.78098696	0.0060562897	8.8083439
1.3709103	0.78775239	0.11116171	8.812458
1.3724695	0.79065186	-0.01664648	8.8247995
1.3755879	0.78646374	-0.023373226	8.8001156
1.3724695	0.79451782	-0.0099197328	8.812458
1.3724695	0.80708212	-0.020009853	8.8494844
1.3755879	0.80192757	0.0035337596	8.8247995
1.369351	0.80353832	-0.0065563596	8.8206854
1.3755879	0.79322916	-0.0040338296	8.8165722
1.3740288	0.80031675	0.017828096	8.8247995
1.3740288	0.80321616	-0.0048746732	8.8083439
1.3787065	0.80675995	0.018668938	8.7960014
1.3724695	0.80740428	0.01614641	8.8577118
1.3771472	0.80224973	-0.020850696	8.8042297
1.3724695	0.80482697	-0.028418286	8.8289137
1.3724695	0.79580647	-0.025054913	8.8042297
1.3740288	0.79838377	-0.015805636	8.8247995
1.3724695	0.79806161	0.011942193	8.8247995
1.3740288	0.78839672	-0.0057155164	8.7960014
1.3709103	0.79677296	0.0068971328	8.8165722
1.3646731	0.79097402	0.0052154465	8.8083439
1.3709103	0.79451782	-0.01664648	8.812458
1.3724695	0.79226267	0.021191468	8.8247995
1.3709103	0.78807455	0.007737976	8.8083439
1.3740288	0.78904104	-0.00067045673	8.7960014
1.3802657	0.78904104	0.0026929164	8.812458
1.3724695	0.79612863	-0.0065563596	8.837142
1.3709103	0.80192757	0.010260507	8.812458
1.3724695	0.79032969	0.015305566	8.8001156
1.3709103	0.80353832	-0.014123949	8.8494844
1.3709103	0.80353832	0.0026929164	8.8247995
1.3740288	0.7867859	-0.00067045673	8.7960014
1.3740288	0.79000753	-0.037667561	8.8206854
1.369351	0.79355133	-0.014123949	8.812458
1.3631139	0.79322916	0.011942193	8.8494844
1.3740288	0.78549725	0.028759057	8.7918873
1.3755879	0.77551019	0.0052154465	8.7960014
1.3709103	0.78581941	-0.01664648	8.8165722
1.3709103	0.80192757	-0.027577441	8.8700542
1.3771472	0.80257189	-0.0040338296	8.812458
1.369351	0.79838377	0.10107159	8.8042297
1.3740288	0.792907	-0.012442263	8.8001156
1.3662324	0.79580647	0.0085788192	8.8412561
1.3755879	0.79129618	-0.0048746732	8.7795458
1.3740288	0.79677296	-0.01664648	8.8206854
1.3787065	0.7990281	0.068278693	8.7877741
1.3787065	0.79709512	-0.0073972028	8.8042297
1.3771472	0.8016054	0.0052154465	8.8247995
1.3709103	0.79838377	-0.0082380464	8.8001156
1.3755879	0.78002048	0.01614641	8.7960014
1.3771472	0.77647668	0.010260507	8.8001156
1.3740288	0.77969831	-0.014964793	8.8247995
1.3755879	0.7745437	0.013623879	8.7713175
1.3709103	0.77164423	0.022032311	8.7918873
1.3662324	0.7842086	0.0052154465	8.812458
1.3771472	0.78936321	0.029599901	8.8165722
1.3755879	0.78485292	-0.026736598	8.8001156
1.3724695	0.79097402	-0.029259128	8.812458
1.3724695	0.79967242	0.007737976	8.8206854
1.3755879	0.79580647	-0.0048746732	8.8001156
1.3709103	0.80224973	-0.00067045673	8.8412561
1.3677918	0.79870594	0.038849179	8.8083439
1.3771472	0.80128324	-0.0073972028	8.8001156
1.3709103	0.80482697	0.13050111	8.8289137
1.3724695	0.8016054	0.016987253	8.837142
1.3724695	0.79419565	0.0018520731	8.7960014
1.3787065	0.78839672	0.0060562897	8.8083439
1.3755879	0.78968537	0.012783037	8.7960014
1.3771472	0.78807455	-0.0048746732	8.7960014
1.3709103	0.79709512	-0.0090788892	8.8330278
1.3740288	0.80450481	-0.012442263	8.8206854
1.3755879	0.80643779	0.017828096	8.8247995
1.369351	0.81320322	0.024554841	8.8289137
1.3787065	0.80933726	-0.01916901	8.8206854
1.3740288	0.80514914	-0.014964793	8.8042297
1.3802657	0.79355133	0.0060562897	8.7960014
1.3771472	0.79999459	-0.0073972028	8.8042297
1.3755879	0.80740428	-0.0048746732	8.8412561
1.3724695	0.802894	-0.021691538	8.8001156
1.3787065	0.80321616	0.01614641	8.8042297
1.3740288	0.80063891	0.0060562897	8.8206854
1.3724695	0.79419565	0.13134195	8.8247995
1.3787065	0.78195345	0.0035337596	8.7795458
1.369351	0.78324211	-0.0040338296	8.8042297
1.3755879	0.78775239	-0.014964793	8.8042297
1.3709103	0.79838377	-0.0057155164	8.8247995
1.3724695	0.8054713	-0.015805636	8.8494844
1.3709103	0.79483998	0.013623879	8.8001156
1.3771472	0.79129618	-0.0073972028	8.8042297
1.369351	0.80482697	0.015305566	8.8412561
1.3709103	0.81094807	-0.0073972028	8.8618259
1.3709103	0.80804861	-0.020009853	8.8247995
1.3740288	0.80740428	-0.0040338296	8.8083439
1.3709103	0.80965942	-0.0031929866	8.8247995
1.3787065	0.79999459	-0.024214068	8.7960014
1.3740288	0.79741728	-0.026736598	8.7960014
1.3787065	0.79387349	-0.013283106	8.8165722
1.3787065	0.80257189	-0.0040338296	8.812458
1.3740288	0.80643779	0.035485804	8.8412561
1.3755879	0.80450481	0.020350626	8.8083439
1.3755879	0.802894	-0.0065563596	8.8289137
1.3755879	0.79838377	-0.021691538	8.8083439
1.3802657	0.79645079	-0.00067045673	8.8042297
1.3755879	0.79870594	-0.0090788892	8.837142
1.3787065	0.80063891	-0.034304187	8.8206854
1.3755879	0.81449187	-0.038508404	8.8412561
1.3740288	0.80869293	0.0018520731	8.8247995
1.3709103	0.8090151	0.007737976	8.8330278
1.3709103	0.8016054	0.013623879	8.7960014
1.3755879	0.79870594	-0.0073972028	8.7960014
1.3740288	0.79935026	-0.010760576	8.7960014
1.3740288	0.78775239	-0.0048746732	8.7754316
1.3740288	0.79935026	0.029599901	8.8289137
1.3771472	0.79741728	-0.013283106	8.812458
1.3771472	0.79967242	-0.021691538	8.837142
1.3755879	0.79999459	0.010260507	8.8206854
1.3677918	0.79677296	-0.0048746732	8.837142
1.3740288	0.79612863	0.015305566	8.8289137
1.3771472	0.78517509	-0.025895756	8.8001156
1.3802657	0.77905399	-0.038508404	8.7918873
1.3724695	0.79451782	0.011942193	8.8206854
1.3755879	0.80386049	-0.014123949	8.8330278
1.3740288	0.80965942	0.0018520731	8.8247995
1.3677918	0.80031675	0.0035337596	8.8247995
1.3709103	0.80386049	0.0010112298	8.8083439
1.3771472	0.80643779	0.026236527	8.8535976
1.3709103	0.79838377	0.007737976	8.8042297
1.3740288	0.79870594	-0.020009853	8.812458
1.3787065	0.78549725	-0.0040338296	8.7918873
1.3709103	0.79645079	0.0035337596	8.8535976
1.3755879	0.79677296	0.0060562897	8.8247995
1.3709103	0.79806161	-0.01160142	8.8247995
1.3724695	0.80096108	-0.022532383	8.8206854
1.3709103	0.802894	-0.024214068	8.8412561
1.3755879	0.78485292	0.021191468	8.8042297
1.3740288	0.78034264	-0.0073972028	8.7877741
1.369351	0.78291994	-0.022532383	8.7960014
1.3740288	0.79194051	-0.01664648	8.8289137
1.3709103	0.79194051	0.041371711	8.8165722
1.3740288	0.80096108	-0.012442263	8.8289137
1.3755879	0.79935026	0.0052154465	8.8165722
1.3740288	0.80514914	-0.028418286	8.8165722
1.3709103	0.80353832	0.015305566	8.8289137
1.3677918	0.79194051	0.012783037	8.7960014
1.3709103	0.78324211	0.021191468	8.7960014
1.3755879	0.78807455	-0.0040338296	8.8083439
1.3677918	0.78936321	0.019509783	8.8206854
1.3787065	0.78291994	-0.039349247	8.8042297
1.3740288	0.79161835	0.01110135	8.8206854
1.3709103	0.78549725	-0.0073972028	8.8206854
1.3755879	0.79645079	-0.0031929866	8.8289137
1.3724695	0.79258484	0.0026929164	8.8453703
1.3709103	0.79483998	-0.020850696	8.8083439
1.3787065	0.80708212	0.012783037	8.8247995
1.3740288	0.802894	0.01614641	8.8247995
1.3740288	0.79000753	0.0068971328	8.8247995
1.3724695	0.79097402	0.0026929164	8.8083439
1.369351	0.79741728	0.0052154465	8.8083439
1.3755879	0.79161835	0.010260507	8.8001156
1.369351	0.80611563	-0.0090788892	8.8412561
1.3662324	0.79355133	0.0018520731	8.7960014
1.3787065	0.7990281	0.0010112298	8.8165722
1.3709103	0.80128324	0.0035337596	8.7960014
1.3771472	0.79999459	0.007737976	8.7960014
1.3755879	0.80708212	0.0026929164	8.8412561
1.3740288	0.79677296	-0.018328166	8.8042297
1.3771472	0.78388643	0.027077371	8.7836599
1.3724695	0.78549725	0.01110135	8.8042297
1.3787065	0.77647668	-0.023373226	8.812458
1.3771472	0.78195345	-0.056166112	8.8042297
1.3755879	0.77937615	0.044735081	8.7960014
1.3740288	0.792907	-0.0040338296	8.8165722
1.381825	0.78710806	-0.032622501	8.812458
1.3787065	0.79097402	-0.014123949	8.7960014
1.3709103	0.78710806	0.022873154	8.7918873
1.3740288	0.79483998	-0.025054913	8.8083439
1.3724695	0.79806161	0.027918214	8.7877741
1.3771472	0.80998158	-0.19995031	8.8659401
1.369351	0.81062591	0.0035337596	8.8412561
1.3755879	0.79258484	0.0001703865	8.7918873
1.3724695	0.79258484	0.0068971328	8.8165722
1.3787065	0.78098696	-0.0031929866	8.8330278
1.3755879	0.77776533	0.007737976	8.7877741
1.3662324	0.78936321	0.0052154465	8.8206854
1.3724695	0.79709512	-0.0065563596	8.8330278
1.3755879	0.79226267	-0.018328166	8.837142
1.3755879	0.79258484	0.007737976	8.812458
1.3740288	0.78517509	0.019509783	8.7918873
1.3724695	0.79322916	-0.025054913	8.8247995
1.3724695	0.79032969	-0.010760576	8.8206854
1.369351	0.80611563	-0.010760576	8.8330278
1.3662324	0.79322916	0.007737976	8.8165722
1.3740288	0.78485292	0.15068135	8.8001156
1.3771472	0.79065186	-0.038508404	8.8001156
1.3709103	0.792907	-0.014123949	8.8165722
1.3724695	0.79580647	-0.021691538	8.8083439
1.381825	0.79322916	-0.010760576	8.8042297
1.3677918	0.78839672	0.007737976	8.812458
1.3755879	0.78807455	0.014464723	8.8412561
1.3740288	0.77840966	0.007737976	8.7795458
1.3740288	0.77551019	0.064074479	8.7630892
1.3724695	0.77873182	-0.012442263	8.8042297
1.3755879	0.77969831	0.029599901	8.7960014
1.3709103	0.78646374	-0.0099197328	8.8247995
1.369351	0.78743023	-0.0015113001	8.812458
1.3833842	0.78356427	0.094344832	8.8001156
1.3724695	0.79419565	-0.0031929866	8.8165722
1.3709103	0.80128324	-0.01160142	8.8577118
1.3740288	0.7990281	-0.0090788892	8.8001156
1.3646731	0.80128324	0.0085788192	8.812458
1.3724695	0.79870594	-0.081391409	8.7918873
1.3755879	0.79838377	-0.030940816	8.837142
1.3677918	0.79967242	-0.028418286	8.8042297
1.3709103	0.79709512	-0.017487323	8.812458
1.3709103	0.79451782	-0.0040338296	8.8289137
1.3709103	0.78775239	0.020350626	8.812458
1.3724695	0.78904104	0.0001703865	8.7960014
1.3677918	0.78227562	0.0026929164	8.8042297
1.3787065	0.7780875	-0.020009853	8.8083439
1.3771472	0.77905399	-0.018328166	8.8001156
1.3740288	0.78743023	-0.035985876	8.837142
1.3709103	0.79355133	0.0010112298	8.8165722
1.3755879	0.7867859	0.0010112298	8.8042297
1.3724695	0.79741728	-0.022532383	8.8412561
1.3740288	0.80192757	-0.0031929866	8.8206854
1.3740288	0.792907	-0.01916901	8.7960014
1.3740288	0.79967242	-0.01916901	8.8206854
1.3740288	0.80096108	-0.018328166	8.8083439
1.3755879	0.80708212	-0.0057155164	8.8247995
1.369351	0.80675995	-0.01664648	8.8247995
1.3677918	0.79967242	0.019509783	8.8083439
1.3709103	0.80321616	0.01614641	8.8453703
1.3724695	0.80128324	-0.030940816	8.8289137
1.3709103	0.80579346	0.0026929164	8.8453703
1.3755879	0.8016054	-0.037667561	8.812458
1.3771472	0.79677296	-0.013283106	8.8083439
1.3755879	0.79483998	-0.29412472	8.8083439
1.3709103	0.78936321	0.0094196629	8.8083439
1.3755879	0.79645079	0.015305566	8.812458
1.3724695	0.79355133	0.0001703865	8.812458
1.3771472	0.79999459	-0.017487323	8.7918873
1.3677918	0.80128324	0.01110135	8.8330278
1.3740288	0.80128324	-0.0082380464	8.8206854
1.3724695	0.79677296	0.020350626	8.7836599
1.3755879	0.79194051	-0.026736598	8.8083439
1.3709103	0.78968537	-0.0073972028	8.812458
1.3724695	0.79226267	0.023713998	8.8083439
1.3662324	0.80031675	0.0035337596	8.8247995
1.3771472	0.79226267	-0.0082380464	8.8165722
1.3662324	0.80031675	0.0085788192	8.8412561
1.3709103	0.78743023	0.030440746	8.8042297
1.3662324	0.79161835	0.10359412	8.8165722
1.3724695	0.79935026	0.0001703865	8.8247995
1.3755879	0.79258484	-0.032622501	8.8001156
1.3709103	0.79483998	0.098549053	8.8165722
1.3755879	0.80031675	-0.047757678	8.8247995
1.3740288	0.80386049	-0.01160142	8.8165722
1.3724695	0.80063891	0.012783037	8.8165722
1.3709103	0.79806161	-0.015805636	8.8247995
1.3740288	0.79967242	0.075005442	8.8289137
1.3740288	0.79838377	-0.029259128	8.8001156
1.3709103	0.79258484	-0.0090788892	8.7960014
1.3662324	0.79000753	0.0001703865	8.8042297
1.369351	0.78871888	-0.0040338296	8.8289137
1.3787065	0.78485292	0.03128159	8.7877741
1.3724695	0.78646374	-0.017487323	8.8042297
1.3724695	0.78904104	-0.0048746732	8.8206854
1.3724695	0.79129618	-0.024214068	8.837142
1.3709103	0.78517509	0.0026929164	8.8289137
1.3709103	0.79387349	0.025395684	8.8206854
1.3771472	0.79806161	-0.0073972028	8.8083439
1.3755879	0.79097402	-0.0082380464	8.812458
1.3755879	0.8016054	0.0018520731	8.8577118
1.3740288	0.792907	0.032122433	8.7918873
1.3771472	0.80096108	0.027918214	8.8165722
1.3724695	0.79387349	0.01614641	8.7918873
1.3755879	0.78388643	-0.00067045673	8.7836599
1.3677918	0.78743023	-0.013283106	8.7960014
1.3755879	0.78324211	-0.030940816	8.7877741
1.3787065	0.78807455	0.018668938	8.8001156
1.3709103	0.79741728	-0.00067045673	8.8289137
1.3724695	0.80224973	0.0035337596	8.8289137
1.3724695	0.78871888	0.022032311	8.8083439
1.3740288	0.79451782	-0.014123949	8.8165722
1.3724695	0.79580647	-0.00067045673	8.8206854
1.3646731	0.79645079	-0.010760576	8.8577118
1.3724695	0.7867859	-0.00067045673	8.8083439
1.3787065	0.78453076	-0.021691538	8.8001156
1.369351	0.79226267	-0.022532383	8.8289137
1.3677918	0.79194051	-0.0073972028	8.8289137
1.3740288	0.79355133	0.030440746	8.8165722
1.3755879	0.79419565	0.0068971328	8.7836599
1.3724695	0.79097402	0.0026929164	8.8083439
1.3724695	0.80192757	-0.053643584	8.812458
1.3709103	0.80257189	0.0001703865	8.8412561
1.369351	0.80353832	-0.0073972028	8.8165722
1.3787065	0.79194051	-0.014964793	8.8042297
1.3771472	0.77647668	-0.010760576	8.7836599
1.3740288	0.79065186	-0.0099197328	8.8577118
1.3755879	0.78646374	0.025395684	8.8083439
1.3709103	0.79097402	-0.022532383	8.8165722
1.3724695	0.78743023	-0.00067045673	8.7877741
1.3677918	0.78485292	0.021191468	8.8042297
1.3740288	0.78388643	0.0060562897	8.8042297
1.3709103	0.78710806	-0.010760576	8.8083439
1.369351	0.78839672	0.019509783	8.8165722
1.3755879	0.78388643	-0.017487323	8.8165722
1.3724695	0.79741728	-0.01664648	8.8206854
1.3724695	0.78743023	-0.0073972028	8.7918873
1.3724695	0.7867859	-0.029259128	8.8042297
1.3771472	0.79645079	0.0094196629	8.812458
1.3771472	0.78839672	0.021191468	8.7960014
1.3787065	0.78710806	-0.010760576	8.8042297
1.3771472	0.78904104	-0.01160142	8.812458
1.3724695	0.79194051	-0.0040338296	8.8247995
1.369351	0.78775239	-0.0048746732	8.8247995
1.369351	0.78807455	0.0043746028	8.8165722
1.369351	0.79065186	-0.027577441	8.8042297
1.3771472	0.78034264	0.010260507	8.7960014
1.3755879	0.792907	-0.0040338296	8.8165722
1.3709103	0.78453076	0.015305566	8.7795458
1.3740288	0.7867859	0.0018520731	8.8042297
1.3709103	0.79967242	0.011942193	8.8412561
1.3787065	0.79773945	-0.095685743	8.8083439
1.3740288	0.80031675	0.007737976	8.8453703
1.369351	0.79999459	0.0068971328	8.8165722
1.3787065	0.80031675	-0.012442263	8.812458
1.3787065	0.792907	-0.021691538	8.7960014
1.3755879	0.79097402	-0.00067045673	8.7836599
1.3740288	0.79967242	-0.010760576	8.8206854
1.3724695	0.80386049	0.020350626	8.8165722
1.3771472	0.79355133	-0.11586598	8.7918873
1.3740288	0.792907	-0.014964793	8.8165722
1.3755879	0.78453076	-0.0082380464	8.7918873
1.3771472	0.7867859	-0.0065563596	8.7960014
1.3771472	0.77776533	-0.0057155164	8.7960014
1.3755879	0.78453076	0.096867368	8.8083439
1.3724695	0.78871888	0.0018520731	8.8247995
1.3740288	0.7842086	0.015305566	8.7918873
1.3755879	0.79580647	-0.0015113001	8.8247995
1.3740288	0.80063891	-0.01160142	8.8206854
1.3740288	0.79645079	-0.0015113001	8.8412561
1.369351	0.8016054	-0.0048746732	8.8042297
1.381825	0.80031675	0.011942193	8.8042297
1.3724695	0.80192757	-0.014964793	8.8165722
1.3724695	0.79258484	-0.013283106	8.812458
1.369351	0.80837077	0.0085788192	8.8494844
1.369351	0.80031675	0.010260507	8.8083439
1.3709103	0.79516214	0.0018520731	8.8083439
1.3709103	0.79258484	0.027077371	8.8165722
1.3771472	0.78485292	-0.014123949	8.8247995
1.3755879	0.78034264	0.025395684	8.7960014
1.3755879	0.78485292	-0.0090788892	8.8165722
1.3662324	0.79258484	0.015305566	8.8247995
1.3771472	0.79387349	0.034644961	8.8494844
1.3771472	0.78807455	0.012783037	8.7836599
1.3787065	0.79129618	0.007737976	8.8247995
1.3755879	0.79612863	0.0026929164	8.8083439
1.3787065	0.78646374	-0.0073972028	8.7877741
1.3755879	0.78904104	-0.014964793	8.7960014
1.3755879	0.79097402	0.0060562897	8.812458
1.3787065	0.79419565	-0.0082380464	8.8083439
1.3724695	0.79194051	0.0026929164	8.8165722
1.3755879	0.7954843	-0.0082380464	8.812458
1.3771472	0.7954843	-0.020009853	8.8289137
1.3724695	0.78710806	-0.020850696	8.7960014
1.3709103	0.79161835	-0.0073972028	8.8206854
1.3802657	0.79161835	-0.014123949	8.8289137
1.3662324	0.79161835	-0.018328166	8.8042297
1.3709103	0.79677296	-0.0040338296	8.8247995
1.3771472	0.79226267	0.0018520731	8.7836599
1.3677918	0.79709512	-0.0057155164	8.8247995
1.3709103	0.79709512	0.012783037	8.8247995
1.369351	0.81223673	-0.021691538	8.8412561
1.3631139	0.81094807	-0.0073972028	8.8165722
1.3740288	0.7990281	-0.0099197328	8.7960014
1.3755879	0.802894	-0.032622501	8.8535976
1.3771472	0.80096108	0.015305566	8.8001156
1.3724695	0.79967242	0.0060562897	8.8042297
1.3662324	0.79355133	-0.013283106	8.8001156
1.3709103	0.792907	-0.0031929866	8.8577118
1.369351	0.78839672	0.011942193	8.8083439
1.3724695	0.79709512	0.0026929164	8.8330278
1.3755879	0.79387349	-0.030099971	8.7836599
1.3787065	0.78034264	-0.021691538	8.8001156
1.369351	0.78743023	-0.0057155164	8.8247995
1.3677918	0.79451782	0.0085788192	8.8330278
1.3755879	0.78968537	-0.052802738	8.8083439
1.3740288	0.80514914	-0.025054913	8.8330278
1.3724695	0.80740428	-0.01664648	8.8289137
1.3740288	0.80708212	0.0060562897	8.8083439
1.369351	0.79387349	0.0052154465	8.7918873
1.369351	0.78968537	0.022873154	8.7836599
1.3740288	0.80675995	-0.021691538	8.8494844
1.3755879	0.80096108	-0.0040338296	8.8042297
1.3740288	0.80257189	-0.0015113001	8.8001156
1.3771472	0.79322916	-0.01916901	8.8001156
1.3709103	0.78775239	-0.0090788892	8.837142
1.3709103	0.79226267	0.017828096	8.8206854
1.3755879	0.77776533	0.0060562897	8.7960014
1.3724695	0.78549725	0.012783037	8.8001156
1.3724695	0.79032969	-0.017487323	8.812458
1.3662324	0.78517509	0.0060562897	8.8247995
1.3740288	0.78291994	-0.0031929866	8.8001156
1.3740288	0.77261072	0.0001703865	8.812458
1.3709103	0.78904104	0.015305566	8.8165722
1.3709103	0.80031675	-0.0040338296	8.8659401
1.3724695	0.8016054	-0.014964793	8.8206854
1.3709103	0.79838377	0.026236527	8.812458
1.3740288	0.79677296	0.0035337596	8.8042297
1.3740288	0.79580647	0.018668938	8.812458
1.369351	0.79387349	-0.010760576	8.8289137
1.3755879	0.78581941	-0.020850696	8.7795458
1.3755879	0.78904104	-0.0082380464	8.8247995
1.3724695	0.77937615	0.01110135	8.8042297
1.3709103	0.78130913	-0.0090788892	8.8083439
1.369351	0.78581941	0.0026929164	8.8206854
1.3755879	0.79773945	-0.0048746732	8.8247995
1.3724695	0.7954843	0.021191468	8.8083439
1.369351	0.79967242	-0.0065563596	8.812458
1.3677918	0.79806161	-0.031781659	8.8165722
1.3677918	0.80386049	-0.010760576	8.8289137
1.3709103	0.80643779	0.0068971328	8.8165722
1.3709103	0.79258484	0.027918214	8.812458
1.3709103	0.79741728	-0.00067045673	8.8165722
1.3724695	0.80579346	-0.0090788892	8.8206854
1.3771472	0.79838377	-0.0073972028	8.7918873
1.3709103	0.79355133	-0.0082380464	8.812458
1.3740288	0.8054713	0.015305566	8.8494844
1.3771472	0.80192757	0.0043746028	8.8001156
1.3771472	0.79612863	0.007737976	8.8206854
1.3740288	0.79483998	0.037167493	8.8206854
1.381825	0.79999459	-0.0031929866	8.8289137
1.3755879	0.79935026	-0.0057155164	8.8206854
1.369351	0.78324211	0.0085788192	8.7877741
1.3724695	0.77679884	-0.020850696	8.7960014
1.3755879	0.78388643	-0.0099197328	8.8165722
1.3771472	0.7806648	-0.021691538	8.8083439
1.3755879	0.78549725	-0.0073972028	8.8042297
1.3755879	0.78324211	0.0001703865	8.7960014
1.369351	0.79516214	0.01110135	8.8247995
1.3646731	0.79580647	0.048939295	8.8289137
1.3709103	0.80192757	0.027918214	8.8165722
1.3724695	0.80063891	-0.0099197328	8.8042297
1.3787065	0.80869293	0.032963276	8.837142
1.3709103	0.80450481	0.018668938	8.8247995
1.3755879	0.79580647	0.0052154465	8.8083439
1.369351	0.78807455	-0.0040338296	8.7918873
1.3740288	0.78485292	-0.010760576	8.8083439
1.3740288	0.78904104	0.0035337596	8.8330278
1.3755879	0.78581941	0.011942193	8.8042297
1.3677918	0.78163129	-0.0023521434	8.8042297
1.3724695	0.792907	-0.027577441	8.8165722
1.3740288	0.79194051	-0.0023521434	8.8083439
1.3755879	0.79677296	-0.0082380464	8.8247995
1.3787065	0.80031675	-0.01916901	8.812458
1.3709103	0.802894	0.0085788192	8.812458
1.3677918	0.79967242	-0.021691538	8.812458
1.3631139	0.79451782	-0.0031929866	8.812458
1.3631139	0.79419565	0.0018520731	8.8083439
1.3615546	0.79194051	0.007737976	8.7877741
1.3709103	0.79258484	-0.0099197328	8.812458
1.3709103	0.78936321	0.0052154465	8.8042297
1.369351	0.79483998	0.0010112298	8.8206854
1.3599954	0.80257189	-0.0099197328	8.8412561
1.369351	0.792907	-0.030940816	8.8165722
1.3662324	0.79838377	-0.01160142	8.8206854
1.3631139	0.79967242	-0.018328166	8.8618259
1.3662324	0.79032969	-0.0090788892	8.8083439
1.3662324	0.7842086	-0.0090788892	8.8083439
1.3709103	0.78871888	0.014464723	8.8001156
1.3677918	0.78517509	0.080891348	8.8412561
1.3631139	0.79806161	-0.0082380464	8.8247995
1.3677918	0.80418265	0.014464723	8.8247995
1.3677918	0.81062591	-0.0015113001	8.837142
1.3662324	0.81062591	0.0052154465	8.8330278
1.3740288	0.8177135	-0.012442263	8.8165722
1.3662324	0.80611563	0.0094196629	8.8165722
1.3740288	0.81127024	-0.020850696	8.8206854
1.3724695	0.80192757	-0.0065563596	8.8165722
1.3709103	0.79387349	-0.022532383	8.8165722
1.3755879	0.79870594	0.022873154	8.837142
1.3740288	0.78614157	0.0018520731	8.7960014
1.3755879	0.79612863	-0.0023521434	8.812458
1.3802657	0.79677296	0.0010112298	8.8330278
1.3677918	0.77937615	0.0001703865	8.7960014
1.369351	0.77840966	0.010260507	8.7877741
1.3740288	0.78517509	0.0052154465	8.8165722
1.3631139	0.78291994	0.0035337596	8.8247995
1.3709103	0.78904104	-0.0082380464	8.8165722
1.3662324	0.79516214	-0.014123949	8.8289137
1.3709103	0.79580647	0.0094196629	8.8289137
1.369351	0.80096108	-0.01664648	8.8042297
1.369351	0.79322916	-0.0073972028	8.8206854
1.3740288	0.79773945	-0.018328166	8.8083439
1.3709103	0.7842086	0.0035337596	8.7877741
1.3631139	0.78807455	0.012783037	8.8165722
1.369351	0.77905399	-0.00067045673	8.8330278
1.3709103	0.77873182	-0.0073972028	8.8289137
1.3709103	0.79516214	-0.010760576	8.8330278
1.3724695	0.8016054	-0.0015113001	8.8412561
1.3724695	0.79645079	0.021191468	8.8206854
1.3709103	0.79419565	-0.0015113001	8.7960014
1.3755879	0.78324211	-0.0040338296	8.7754316
1.369351	0.78517509	0.0052154465	8.8042297
1.3755879	0.78195345	-0.0023521434	8.7960014
1.3724695	0.79387349	-0.012442263	8.8206854
1.3724695	0.78839672	-0.0015113001	8.8206854
1.369351	0.78195345	0.027918214	8.8001156
1.3755879	0.79967242	0.010260507	8.8247995
1.3740288	0.80579346	0.0035337596	8.8247995
1.3709103	0.79967242	0.020350626	8.8083439
1.3662324	0.80096108	0.054825202	8.8247995
1.3724695	0.78904104	0.0052154465	8.7836599
1.3709103	0.78098696	0.013623879	8.8001156
1.369351	0.77647668	0.020350626	8.8042297
1.3755879	0.77937615	-0.0031929866	8.8042297
1.3724695	0.78163129	-0.20583621	8.8083439
1.3709103	0.78034264	-0.01664648	8.8001156
1.3724695	0.79000753	-0.0082380464	8.8412561
1.3740288	0.80353832	-0.14277297	8.8206854
1.3755879	0.79612863	-0.0065563596	8.812458
1.3709103	0.79870594	-0.0090788892	8.8206854
1.3662324	0.79677296	-0.01160142	8.8412561
1.3709103	0.80128324	-0.01916901	8.8165722
1.3709103	0.79483998	-0.086436465	8.8042297
1.3740288	0.7954843	-0.010760576	8.7795458
1.3677918	0.79870594	0.0018520731	8.8165722
1.3740288	0.80611563	0.13975038	8.8412561
1.381825	0.78968537	-0.0023521434	8.7754316
1.3709103	0.79129618	-0.0031929866	8.8083439
1.3677918	0.79741728	0.010260507	8.8412561
1.3802657	0.79483998	-0.023373226	8.812458
1.3771472	0.79226267	0.0026929164	8.8083439
1.3709103	0.79355133	0.0026929164	8.837142
1.3787065	0.79806161	-0.0040338296	8.8165722
1.3755879	0.79773945	0.0001703865	8.8247995
1.3740288	0.79419565	0.0094196629	8.8083439
1.3755879	0.79032969	-0.012442263	8.8001156
1.3662324	0.7990281	0.0068971328	8.8289137
1.3724695	0.80031675	-0.0073972028	8.8165722
1.3709103	0.79612863	-0.23274319	8.7960014
1.3724695	0.79258484	-0.0065563596	8.7960014
1.3677918	0.80514914	-0.0040338296	8.812458
1.3646731	0.79483998	0.017828096	8.812458
1.3662324	0.79838377	-0.0031929866	8.8289137
1.3662324	0.79258484	0.043053396	8.8042297
1.3677918	0.80321616	-0.021691538	8.8165722
1.3709103	0.79935026	0.0085788192	8.8289137
1.3740288	0.79387349	0.010260507	8.837142
1.3771472	0.78453076	-0.012442263	8.7754316
1.3709103	0.78549725	0.0060562897	8.8247995
1.3662324	0.80031675	-0.025054913	8.8289137
1.3709103	0.8054713	-0.020009853	8.837142
1.3740288	0.80450481	0.010260507	8.8206854
1.3771472	0.8016054	-0.01664648	8.8042297
1.3709103	0.79516214	-0.0015113001	8.7960014
1.3709103	0.78936321	-0.0090788892	8.7877741
1.3771472	0.78227562	-0.010760576	8.7960014
1.3740288	0.78743023	-0.026736598	8.8042297
1.3662324	0.79322916	-0.0040338296	8.8165722
1.3677918	0.79097402	0.029599901	8.7960014
1.369351	0.80257189	0.010260507	8.8577118
1.3709103	0.79773945	-0.0048746732	8.812458
1.3724695	0.78130913	0.043894235	8.7795458
1.3709103	0.78549725	0.010260507	8.8247995
1.3740288	0.79129618	0.0085788192	8.8330278
1.3787065	0.79000753	0.081732184	8.7918873
1.369351	0.78936321	-0.0082380464	8.8206854
1.369351	0.78549725	-0.0048746732	8.7918873
1.369351	0.80192757	0.0035337596	8.8247995
1.3709103	0.80418265	0.007737976	8.8330278
1.3662324	0.7954843	-0.014123949	8.7918873
1.369351	0.79516214	-0.01916901	8.8165722
1.3631139	0.80031675	0.0026929164	8.8165722
1.3709103	0.79516214	-0.015805636	8.8247995
1.3709103	0.79935026	0.026236527	8.8083439
1.3740288	0.78904104	0.0018520731	8.7918873
1.3709103	0.79258484	0.0010112298	8.8042297
1.3755879	0.79677296	-0.018328166	8.8494844
1.3740288	0.78936321	-0.024214068	8.8042297
1.3709103	0.78098696	-0.031781659	8.8083439
1.3755879	0.7990281	-0.01664648	8.8535976
1.3646731	0.79451782	0.0060562897	8.812458
1.3740288	0.78936321	-0.025895756	8.8206854
1.3724695	0.78485292	-0.0065563596	8.812458
1.3709103	0.79258484	-0.0090788892	8.8042297
1.3662324	0.79838377	0.010260507	8.8289137
1.3724695	0.80031675	-0.035145033	8.8618259
1.3615546	0.79258484	-0.013283106	8.812458
1.3677918	0.79870594	0.025395684	8.837142
1.3709103	0.79870594	-0.010760576	8.812458
1.3740288	0.80965942	0.0001703865	8.8289137
1.3755879	0.79935026	-0.0065563596	8.7918873
1.3771472	0.79226267	-0.00067045673	8.7877741
1.3631139	0.78453076	0.0052154465	8.8165722
1.3709103	0.78710806	0.015305566	8.8289137
1.369351	0.78549725	0.010260507	8.8001156
1.3709103	0.79451782	-0.030940816	8.8330278
1.381825	0.78743023	-0.0023521434	8.7960014
1.3662324	0.79387349	0.0010112298	8.8247995
1.369351	0.78614157	0.0043746028	8.812458
1.3662324	0.77905399	0.0094196629	8.7960014
1.3755879	0.78195345	0.048098456	8.7960014
1.369351	0.78549725	-0.0040338296	8.8083439
1.3631139	0.79483998	-0.0057155164	8.8659401
1.3740288	0.802894	-0.017487323	8.8330278
1.3724695	0.80031675	0.012783037	8.812458
1.3740288	0.80611563	-0.013283106	8.8412561
1.3677918	0.8016054	-0.00067045673	8.7960014
1.3724695	0.80643779	-0.0082380464	8.8453703
1.3724695	0.80772644	-0.030099971	8.8165722
1.3662324	0.80514914	-0.017487323	8.8289137
1.3724695	0.79129618	-0.018328166	8.8042297
1.369351	0.80063891	-0.018328166	8.8494844
1.3677918	0.79999459	-0.0073972028	8.8289137
1.3677918	0.7990281	0.0060562897	8.8165722
1.3755879	0.79387349	-0.041871779	8.8289137
1.3677918	0.79773945	0.01110135	8.8247995
1.3709103	0.79483998	0.0060562897	8.7960014
1.3709103	0.79773945	-0.01916901	8.8165722
1.3755879	0.79258484	0.055666041	8.7960014
1.3740288	0.79451782	-0.0099197328	8.8247995
1.369351	0.79161835	-0.00067045673	8.7918873
1.3740288	0.79032969	-0.0057155164	8.8001156
1.3677918	0.79612863	0.0085788192	8.8206854
1.3787065	0.80031675	0.013623879	8.8042297
1.3771472	0.78839672	-0.020009853	8.812458
1.3755879	0.78936321	-0.0015113001	8.8042297
1.3802657	0.79451782	-0.01664648	8.8206854
1.3787065	0.79451782	0.0010112298	8.8083439
1.4052141	0.79129618	0.0043746028	8.8289137
1.4301623	0.7954843	-0.020850696	8.8247995
1.4629068	0.79709512	-0.0065563596	8.8042297
1.492533	0.78646374	0.017828096	8.7918873
1.5408702	0.79806161	0.0026929164	8.8083439
1.6001223	0.79387349	-0.0082380464	8.8083439
1.6531373	0.78646374	0.0026929164	8.7507477
1.7248635	0.79097402	-0.012442263	8.7548618
1.8106232	0.79065186	0.0094196629	8.7384052
1.9119755	0.78163129	-0.017487323	8.7342911
2.0258019	0.78646374	-0.0057155164	8.6849232
2.1458654	0.79129618	0.024554841	8.6602392
2.2815216	0.80096108	-0.01160142	8.6437826
2.4062629	0.79226267	-0.027577441	8.6067562
2.5512745	0.79516214	-0.01160142	8.5944147
2.6947272	0.78614157	0.0026929164	8.5450459
2.8428574	0.77035558	0.0001703865	8.5244761
3.0050211	0.77615452	-0.010760576	8.5162477
3.1687441	0.77293289	-0.030940816	8.4874506
3.3231115	0.76262367	-0.0057155164	8.4504242
3.4837162	0.7594021	0.007737976	8.4257402
3.64588	0.75811344	-0.0015113001	8.4010563
3.8080437	0.75134802	-0.01160142	8.3763723
3.979563	0.75070369	0.0068971328	8.3352318
4.1573195	0.75650263	0.0010112298	8.3187761
4.3226023	0.76262367	0.012783037	8.3064337
4.5034771	0.75521398	-0.012442263	8.2694073
4.6859112	0.75360316	0.014464723	8.2159252
4.8496342	0.76036853	0.010260507	8.2282677
5.0383062	0.75392532	0.018668938	8.1747847
5.2285366	0.74136096	0.0068971328	8.1295309
5.3984971	0.73942798	0.010260507	8.1336451
5.585609	0.73878366	0.025395684	8.1130743
5.7524509	0.73330688	0.0085788192	8.0883904
5.9333262	0.72750795	-0.0082380464	8.0349083
6.1048455	0.73201823	-0.01916901	8.0760489
6.2872801	0.7262193	-0.0065563596	8.0143385
6.4712739	0.73008525	0.0085788192	8.001996
6.6490307	0.73330688	0.0001703865	7.9814267
6.8205504	0.73201823	0.020350626	7.9690847
7.0045443	0.71913177	0.0085788192	7.9197164
7.1791821	0.72750795	-0.0073972028	7.9361725
7.3507018	0.71848744	0.026236527	7.8744621
7.5346956	0.72718579	-0.010760576	7.9032602
7.7186894	0.72203118	-0.027577441	7.8250937
7.8855314	0.72783011	0.032122433	7.845664
8.0632887	0.72911876	0.007737976	7.8292079
8.2457228	0.7200982	0.0001703865	7.7798395
8.4297171	0.7188096	-0.0031929866	7.7839537
8.6074734	0.7101112	0.0085788192	7.7469273
8.7805529	0.70495659	0.040530864	7.7345853
8.9551907	0.71591014	-0.0073972028	7.7428136
9.1345072	0.70334578	0.015305566	7.6934452
9.3247385	0.70850039	0.01614641	7.6934452
9.5024948	0.70592308	-0.021691538	7.660533
9.6724558	0.70656741	0.13975038	7.6523046
9.8533306	0.70366794	0.0085788192	7.635849
10.032647	0.70205712	-0.0099197328	7.6111646
10.202608	0.71107769	-0.010760576	7.6317348
10.321113	0.70334578	-0.012442263	7.5782523
10.501988	0.70334578	-0.0031929866	7.5617962
10.634527	0.70237929	-0.018328166	7.5576825
10.821639	0.70109063	-0.017487323	7.5329981
10.966652	0.68949276	0.027077371	7.4877448
11.158442	0.6830495	-0.023373226	7.4795165
11.309691	0.69239223	0.0001703865	7.5206561
11.44223	0.69432521	-0.012442263	7.491859
11.61219	0.69078141	-0.022532383	7.4671745
11.755644	0.6917479	0.099389896	7.4466043
11.899096	0.67628413	-0.017487323	7.4301486
12.056582	0.68240517	-0.018328166	7.4342623
12.195358	0.69239223	-0.01664648	7.4301486
12.3201	0.68143874	0.0068971328	7.4136925
12.440165	0.67628413	-0.0099197328	7.389008
12.555552	0.67209601	0.0035337596	7.3684382
12.681851	0.67499548	-0.0057155164	7.389008
12.761374	0.67886144	0.024554841	7.3766661
12.895473	0.68788195	0.0035337596	7.3684382
13.020214	0.69819117	-0.025054913	7.3684382
13.140279	0.70334578	0.022032311	7.3602099
13.271257	0.68852627	-0.024214068	7.3149557
13.363255	0.68079442	-0.0090788892	7.2655873
13.48176	0.67596197	-0.030099971	7.3190699
13.608061	0.67499548	0.010260507	7.2820435
13.710973	0.67692846	0.089299776	7.2984996
13.837275	0.67499548	-0.018328166	7.2779298
13.946424	0.67145169	-0.0065563596	7.2532454
14.036861	0.6766063	0.13806869	7.2820435
14.136656	0.6730625	-0.026736598	7.2409034
14.230212	0.66661924	-0.043553464	7.203877
14.306617	0.66275328	-0.04523515	7.2162194
14.397054	0.66661924	-0.067937918	7.2367892
14.476577	0.66823006	-0.026736598	7.2079911
14.554541	0.67112952	-0.048598524	7.2162194
14.626268	0.67789495	-0.078868881	7.179193
14.682402	0.67886144	-0.067097075	7.1956491
14.747891	0.68079442	-0.078028038	7.191535
14.807144	0.6704852	-0.33028099	7.1421666
14.864837	0.67338467	-0.10829839	7.1833072
14.908497	0.66823006	-0.11502513	7.1627369
14.952156	0.66533059	-0.10157164	7.1503949
14.984901	0.66533059	-0.13100116	7.1421666
15.014528	0.66146463	-0.14445464	7.1257105
15.037916	0.66887438	-0.17808838	7.1503949
15.058187	0.65759867	-0.1688391	7.1092548
15.070662	0.66114247	-0.17052078	7.1257105
15.07378	0.65985382	-0.22013055	7.1010265
15.059747	0.65598786	-0.2529234	7.0927987
15.047273	0.65469921	-0.29916978	7.0886846
15.002054	0.66468626	-0.28739798	7.0927987
14.956834	0.66404194	-0.31598663	7.0804563
14.900701	0.6704852	-0.39586672	7.0475445
14.796229	0.67338467	-0.40847939	7.0681143
14.710469	0.67145169	-0.41268361	7.0598865
14.58105	0.66855222	-0.49172288	7.0187469
14.436037	0.66049814	-0.59262401	7.0187469
14.25516	0.65792084	-0.64391541	7.0022907
14.044659	0.65663218	-0.71034199	7.035202
13.806089	0.65083325	-1.0769495	6.9734926
13.534775	0.6460008	-0.91130346	6.9652648
13.222919	0.64761162	-0.96175402	6.9364662
12.864287	0.64535648	-0.98697931	6.9200101
12.480705	0.64503437	-1.2190518	6.9076681
12.055024	0.63665813	-1.2980911	6.8706422
11.581005	0.64310139	-1.5368903	6.8829842
11.052411	0.64922243	-1.6327465	6.8994403
10.481718	0.64471221	-1.752146	6.8459578
9.8767204	0.63730246	-2.0237381	6.8007035
9.2140293	0.63762462	-2.2280626	6.7842474
8.5123577	0.64020193	-2.3945496	6.7677913
7.7701449	0.64020193	-2.7939494	6.7431073
6.9905105	0.62860405	-3.0150907	6.6772828
6.1937242	0.62570459	-3.524641	6.6649408
5.3704305	0.63021487	-3.8475239	6.6361427
4.5767627	0.63150352	-4.0367136	6.5744333
3.7768583	0.61571753	-4.8170142	6.5044947
2.8600094	0.61281806	-5.1962333	6.4551263
2.1224763	0.61475104	-5.4535308	6.3851881
1.3802657	0.60927433	-6.4928098	6.2946796
0.78930414	0.60089809	-7.0006776	6.2535396
0.418199	0.59960943	-8.1400166	6.1753731
0.27318734	0.58640075	-8.7403755	6.0601811
0.22485013	0.57351428	-9.3449402	5.9861288
0.23888353	0.57480294	-10.458212	5.9449883
0.25603542	0.56578237	-10.430465	5.8133397
0.34335425	0.56094992	-10.359834	5.7351742
0.46029913	0.55772829	-10.458212	5.6240954
0.57412553	0.54967421	-10.459053	5.5253587
0.59907377	0.54129803	-10.471665	5.4471922
0.54449946	0.53743207	-10.443076	5.389596
0.44782501	0.52905583	-10.317792	5.3155446
0.341795	0.51133692	-10.463257	5.2044659
0.33867648	0.50875962	-10.464098	5.2003517
0.3059319	0.51552498	-10.451485	5.1427555
0.58036256	0.50779313	-10.436351	5.0728173
2.0258019	0.50747097	-10.448963	5.0604749
1.7934712	0.50618231	-10.489323	5.076931
1.3631139	0.51391417	-10.473348	5.0440192
0.82048947	0.51810229	-10.410284	5.0399051
0.63649619	0.50908178	-10.486801	5.0316772
0.4088434	0.513592	-10.464098	5.0440192
0.23264647	0.49973905	-10.469144	4.986423
0.23888353	0.50940394	-10.469984	5.0152211
0.26383176	0.51584715	-10.458212	4.998765
0.23264647	0.50650448	-10.45653	4.9658527
0.26539102	0.50940394	-10.470825	4.9452829
0.29189852	0.50199419	-10.501936	4.9123707
0.28566146	0.48781905	-10.454007	4.8671165
0.36830249	0.48137578	-10.475029	4.8342047
0.39325073	0.47138876	-10.470825	4.8300905
0.35738766	0.47461039	-10.474188	4.7807221
0.40104708	0.47750983	-10.464938	4.7601523
0.46185842	0.47718766	-10.443076	4.7148981
0.51331419	0.48427525	-10.351425	4.698442
0.5164327	0.48620823	-10.503617	4.632618
0.47901034	0.47912064	-10.434669	4.5626793
0.48212889	0.4675228	-10.441395	4.5174251
0.50551784	0.46365684	-10.480074	4.5133109
0.49304372	0.46977794	-10.475869	4.4927411
0.48992521	0.46333468	-10.46662	4.4721713
0.46497697	0.46881145	-10.443918	4.4598293
0.57880336	0.45302549	-10.397672	4.398119
0.56788844	0.44915953	-10.451485	4.4145751
0.57568479	0.44626006	-10.459053	4.3734345
0.58815891	0.45656928	-10.470825	4.3734345
0.60219228	0.45044819	-10.470825	4.2993827
0.59283674	0.43691736	-10.448122	4.2664704
0.56788844	0.44078332	-10.428782	4.2294445
0.62246275	0.42596385	-10.440554	4.151278
0.63493687	0.43144059	-10.469144	4.151278
0.53826243	0.42564169	-10.46662	4.1060238
0.56788844	0.43176275	-10.442237	4.0648837
0.72069651	0.43272924	-10.471665	4.0443139
0.59127748	0.42403087	-10.47671	3.9908314
0.57724404	0.4246752	-10.388422	4.0031734
0.75344104	0.41597682	-10.452326	3.9784894
0.69886672	0.41565466	-10.422056	3.9661472
0.70354456	0.41275519	-10.469984	3.9620333
0.73940766	0.40598977	-10.448122	3.9291215
0.7378484	0.40631193	-10.363197	3.9990594
0.78462631	0.4092114	-10.462417	3.9579191
0.78774488	0.4211314	-10.448963	3.9784894
0.75655955	0.41790977	-10.480914	3.9414635
0.74876326	0.4185541	-10.45569	3.9538052
0.79398197	0.40760058	-10.309383	3.9044373
0.77838933	0.402446	-10.434669	3.8550689
0.80177832	0.39954653	-10.465779	3.8674111
0.81893015	0.40051302	-10.457372	3.8262708
0.82672656	0.41050005	-10.475869	3.838613
0.84543771	0.40856707	-10.34638	3.8139288
0.85479331	0.40631193	-10.464098	3.7974727
0.87038594	0.40598977	-10.45653	3.7933586
0.8984527	0.40470111	-10.454848	3.7769027
0.90001196	0.41275519	-10.469984	3.7851305
0.91716391	0.40083519	-10.401875	3.7481048
0.93587512	0.41339952	-10.447281	3.7727885
0.95302701	0.40405679	-10.469984	3.7522187
0.95614552	0.40115735	-10.394308	3.7604468
0.98265302	0.38730437	-10.451485	3.7193067
0.98889011	0.38150543	-10.46662	3.7110786
1.006042	0.38633788	-10.464098	3.7357628
1.0247532	0.39245895	-10.472507	3.7316487
1.0341088	0.3869822	-10.428782	3.6658244
1.0481422	0.38376057	-10.468302	3.6740525
1.0730904	0.3782838	-10.465779	3.6699383
1.0730904	0.3869822	-10.45653	3.7069645
1.0933609	0.38988164	-10.478392	3.6740525
1.0980387	0.3937476	-10.388422	3.6658244
1.0855646	0.38279408	-10.450644	3.6287982
1.1245462	0.3902038	-10.444759	3.6370261
1.1105129	0.39278111	-10.487641	3.6575963
1.0980387	0.39406976	-10.470825	3.6041141
1.1307833	0.39245895	-10.364038	3.5794303
1.1619686	0.39761356	-10.492686	3.6041141
1.1073943	0.38730437	-10.441395	3.5753162
1.176002	0.38311625	-10.395149	3.5670881
1.1728835	0.39213678	-10.479233	3.595886
1.1775613	0.38955948	-10.478392	3.5465181
1.1853576	0.37570649	-10.454848	3.5218339
1.1915946	0.38214976	-10.496049	3.530062
1.2103058	0.38730437	-10.823977	3.530062
1.2025095	0.39278111	-10.45653	3.530062
1.2165428	0.39342543	-10.459053	3.530062
1.22278	0.39729139	-10.464938	3.525948
1.2181021	0.38794869	-10.468302	3.4971497
1.2321355	0.39149246	-10.438032	3.4806936
1.2258985	0.3937476	-10.454848	3.5136058
1.2336948	0.38376057	-10.479233	3.4930358
1.2383727	0.38762653	-10.421215	3.4889216
1.2321355	0.38859302	-10.463257	3.4889216
1.2399319	0.37538436	-10.293407	3.4724658
1.2383727	0.38053894	-10.472507	3.51772
1.2368134	0.37441787	-10.459053	3.4601235
1.235254	0.3808611	-10.337131	3.4889216
1.2258985	0.37667298	-10.47671	3.4848077
1.2305763	0.36604163	-10.371606	3.4518955
1.2243392	0.3595984	-10.440554	3.4642377
1.2149836	0.35444379	-10.458212	3.4560096
1.2196614	0.36861894	-10.377492	3.4806936
1.2243392	0.36797461	-10.458212	3.4518955
1.2134243	0.35863191	-10.460734	3.4765797
1.2181021	0.36829677	-10.454007	3.4806936
1.2134243	0.37280706	-10.484279	3.4560096
1.2212207	0.36410865	-10.410284	3.4518955
1.22278	0.36990759	-10.45569	3.4848077
1.2243392	0.38021678	-10.472507	3.4930358
1.2321355	0.36282	-10.450644	3.4683516
1.2321355	0.35798758	-10.447281	3.4683516
1.2446097	0.36926326	-10.412807	3.4848077
1.2492875	0.36765245	-10.448963	3.4724658
1.2492875	0.35798758	-10.452326	3.4560096
1.2633208	0.37022975	-10.471665	3.4724658
1.2695578	0.37280706	-10.457372	3.4930358
1.2851505	0.37538436	-10.444759	3.4765797
1.2945062	0.36797461	-10.457372	3.4601235
1.2976247	0.3715184	-10.467461	3.4724658
1.3085396	0.3844049	-10.461576	3.4848077
1.3163358	0.38891518	-10.464938	3.5053778
1.3241322	0.38279408	-10.434669	3.4477816
1.3381656	0.38182759	-10.454007	3.4477816
1.3537583	0.37667298	-10.475869	3.4518955
1.3568769	0.36958542	-10.425419	3.4642377
1.3662324	0.36765245	-10.477551	3.4436674
1.3709103	0.36249784	-10.448963	3.4395535
1.3677918	0.37087408	-10.463257	3.4724658
1.3724695	0.37280706	-10.461576	3.4477816
1.3787065	0.37345138	-10.390945	3.4683516
1.3880621	0.36153138	-10.449803	3.4354393
1.3896214	0.35766542	-10.468302	3.4230974
1.3911806	0.36024272	-10.424579	3.4148698
1.3974177	0.36571947	-10.486801	3.4724658
1.3958584	0.37280706	-10.34554	3.4436674
1.3942991	0.36314216	-10.462417	3.4025276
1.4020956	0.36926326	-10.481755	3.3984137
1.3958584	0.37892812	-10.400194	3.4189835
1.4036548	0.37345138	-10.436351	3.3901856
1.3927399	0.36346433	-10.353107	3.3737295
1.3958584	0.36700812	-10.480074	3.3901856
1.3989769	0.36443081	-10.452326	3.3984137
1.3942991	0.36185354	-10.559113	3.3860714
1.3865029	0.36604163	-10.454007	3.4272113
1.3865029	0.37474003	-10.47671	3.4272113
1.3942991	0.36668596	-10.462417	3.3901856
1.3833842	0.37377355	-10.460734	3.4354393
1.3849435	0.35895407	-10.443918	3.3860714
1.3911806	0.35508811	-10.4456	3.3778436
1.3880621	0.36765245	-10.457372	3.3942995
1.3927399	0.36410865	-10.450644	3.3984137
1.3865029	0.36636379	-10.464098	3.3860714
1.3896214	0.37248489	-10.321156	3.3942995
1.3942991	0.37022975	-10.459894	3.3984137
1.3958584	0.37280706	-10.480914	3.3696156
1.3865029	0.37087408	-10.457372	3.4025276
1.3911806	0.37312922	-10.477551	3.3819575
1.3833842	0.3653973	-10.41701	3.3819575
1.3896214	0.35798758	-10.475029	3.3613875
1.3865029	0.36733028	-10.471665	3.3984137
1.3849435	0.35766542	-10.450644	3.3613875
1.3787065	0.36797461	-10.480914	3.3778436
1.381825	0.36314216	-10.45653	3.3572733
1.3880621	0.36990759	-10.451485	3.3778436
1.3802657	0.37055191	-10.447281	3.3572733
1.381825	0.3560546	-10.429624	3.3367033
1.381825	0.36249784	-10.45653	3.3613875
1.381825	0.36733028	-10.477551	3.3778436
1.381825	0.36604163	-10.454848	3.3860714
1.381825	0.36733028	-10.485119	3.3449314
1.3849435	0.35637677	-10.447281	3.3367033
1.3771472	0.36958542	-10.472507	3.3696156
1.3787065	0.3689411	-10.464098	3.3655014
1.3724695	0.37602866	-10.396831	3.3737295
1.3677918	0.36507514	-10.433827	3.3531594
1.3740288	0.35379946	-10.446441	3.3531594
1.369351	0.35927624	-10.475029	3.3819575
1.3771472	0.35702109	-10.480914	3.3531594
1.3787065	0.35830975	-10.446441	3.3613875
1.3787065	0.3595984	-10.484279	3.3613875
1.3787065	0.3689411	-10.429624	3.3860714
1.3833842	0.36700812	-10.484279	3.3984137
1.3896214	0.36990759	-10.460734	3.3490453
1.381825	0.3595984	-10.310225	3.3696156
1.3802657	0.36443081	-10.460734	3.3778436
1.3880621	0.36475298	-10.454848	3.3901856
1.3927399	0.3595984	-10.488482	3.3367033
1.3911806	0.36475298	-10.480914	3.3737295
1.3989769	0.38021678	-10.413648	3.3901856
1.4005362	0.37248489	-10.459053	3.3696156
1.4036548	0.36507514	-10.449803	3.3778436
1.4083326	0.37022975	-10.465779	3.3984137
1.4098918	0.36507514	-10.480074	3.3613875
1.4161289	0.37699515	-10.452326	3.4148698
1.4208068	0.37022975	-10.472507	3.3778436
1.4332809	0.36217567	-10.463257	3.3778436
1.4395179	0.36024272	-10.464098	3.3737295
1.4457549	0.36346433	-10.450644	3.3819575
1.4410771	0.37087408	-10.45569	3.4148698
1.4441956	0.36958542	-10.493526	3.3696156
1.4426364	0.37731731	-10.464098	3.3984137
1.4488734	0.37441787	-10.463257	3.3737295
1.4504327	0.37248489	-10.45653	3.3860714
1.4535513	0.37957245	-10.799593	3.3984137
1.4629068	0.37087408	-10.454848	3.3613875
1.4613476	0.37055191	-10.458212	3.3819575
1.4644661	0.37184057	-10.468302	3.3531594
1.4707032	0.37602866	-10.454007	3.3696156
1.4769403	0.36958542	-10.422056	3.3572733
1.4784995	0.37248489	-10.468302	3.3737295
1.475381	0.36410865	-10.485119	3.3449314
1.4800588	0.3534773	-10.464938	3.3531594
1.4707032	0.35702109	-10.488482	3.3572733
1.4738218	0.35702109	-10.440554	3.3325891
1.4784995	0.36861894	-10.483438	3.3572733
1.4722625	0.36571947	-10.505299	3.3531594
1.4707032	0.36700812	-10.385059	3.3367033
1.4769403	0.37731731	-10.451485	3.3696156
1.469144	0.36378649	-10.454848	3.3284752
1.4738218	0.36926326	-10.568362	3.3531594
1.4722625	0.37377355	-10.477551	3.3613875
1.4675847	0.37699515	-10.448963	3.3737295
1.4660254	0.37184057	-10.458212	3.3408172
1.4722625	0.36604163	-10.461576	3.3161333
1.4644661	0.36378649	-10.45569	3.3490453
1.4629068	0.36088705	-10.454007	3.3202472
1.4629068	0.36088705	-10.449803	3.3284752
1.4582291	0.35412163	-10.458212	3.3202472
1.4566698	0.35251081	-10.474188	3.3449314
1.4504327	0.36088705	-10.453167	3.3490453
1.4582291	0.3467119	-10.468302	3.303791
1.4535513	0.34767839	-10.463257	3.3202472
1.4441956	0.35508811	-10.389263	3.3449314
1.4473141	0.36185354	-10.467461	3.3202472
1.451992	0.36282	-10.34638	3.3408172
1.4535513	0.37377355	-10.484279	3.3531594
1.4426364	0.37602866	-10.457372	3.3367033
1.4582291	0.37957245	-10.458212	3.3613875
1.451992	0.38182759	-10.463257	3.3449314
1.4504327	0.38311625	-10.45653	3.3449314
1.451992	0.37957245	-10.459053	3.3449314
1.4473141	0.37731731	-10.451485	3.3696156
1.4488734	0.36797461	-10.384218	3.3367033
1.4473141	0.36797461	-10.469144	3.3284752
1.4504327	0.3534773	-10.442237	3.3120191
1.451992	0.35089999	-10.481755	3.3284752
1.451992	0.36088705	-10.457372	3.3161333
1.4597883	0.35798758	-10.469144	3.3408172
1.4535513	0.35508811	-10.443918	3.3449314
1.4566698	0.35412163	-10.473348	3.3079052
1.4504327	0.36217567	-10.492686	3.3325891
1.4629068	0.36571947	-10.47671	3.3284752
1.4675847	0.36024272	-10.392627	3.3161333
1.4613476	0.36185354	-10.458212	3.3120191
1.4644661	0.36346433	-10.448122	3.3531594
1.4629068	0.35025567	-10.348062	3.3202472
1.4675847	0.35927624	-10.435509	3.3202472
1.4660254	0.37312922	-10.407762	3.3449314
1.475381	0.36958542	-10.471665	3.3490453
1.4722625	0.35992056	-10.438032	3.3202472
1.481618	0.35283297	-10.430465	3.3161333
1.4769403	0.35895407	-10.464098	3.3572733
1.4831774	0.3534773	-10.452326	3.3202472
1.492533	0.36185354	-10.475029	3.3696156
1.4987699	0.35863191	-10.469144	3.3408172
1.4940922	0.36185354	-10.464938	3.3449314
1.5018885	0.36829677	-10.461576	3.3572733
1.505007	0.36765245	-10.470825	3.3901856
1.5065663	0.37892812	-10.469144	3.3613875
1.5065663	0.37763947	-10.464938	3.3490453
1.5096848	0.37892812	-10.379173	3.3243611
1.5112441	0.36120921	-10.464938	3.3284752
1.5081255	0.35830975	-10.454848	3.3325891
1.5096848	0.37216273	-10.471665	3.3531594
1.5159218	0.36249784	-10.457372	3.3490453
1.5174812	0.36088705	-10.421215	3.3284752
1.5128033	0.35895407	-10.454007	3.3325891
1.5159218	0.35927624	-10.459053	3.3449314
1.5205997	0.3560546	-10.440554	3.3490453
1.5252775	0.35122216	-10.440554	3.3325891
1.5190405	0.35573244	-10.398513	3.3531594
1.5174812	0.35573244	-10.471665	3.3367033
1.5174812	0.34961134	-10.443918	3.3243611
1.5174812	0.34445676	-10.467461	3.3202472
1.5143626	0.35444379	-10.458212	3.3572733
1.5065663	0.35766542	-10.451485	3.3325891
1.5096848	0.35218865	-10.491005	3.3079052
1.5081255	0.36636379	-10.458212	3.3367033
1.5096848	0.35637677	-10.464098	3.3325891
1.5065663	0.37022975	-10.475029	3.3613875
1.5034478	0.36249784	-10.429624	3.3161333
1.5143626	0.35830975	-10.453167	3.3120191
1.5018885	0.36185354	-10.453167	3.3408172
1.5065663	0.36475298	-10.47671	3.3531594
1.5128033	0.35895407	-10.457372	3.3284752
1.5018885	0.35412163	-10.402717	3.3284752
1.5018885	0.35508811	-10.454848	3.3079052
1.5003291	0.36056489	-10.480074	3.3449314
1.4987699	0.35798758	-10.478392	3.3161333
1.4878552	0.36185354	-10.475029	3.3243611
1.4878552	0.36024272	-10.424579	3.3079052
1.4878552	0.36153138	-10.475869	3.3202472
1.4878552	0.36797461	-10.454007	3.3325891
1.4878552	0.36765245	-10.421215	3.295563
1.4894145	0.37892812	-10.451485	3.3490453
1.4847367	0.37377355	-10.438032	3.3243611
1.4940922	0.36507514	-10.468302	3.3120191
1.4878552	0.36475298	-10.464938	3.295563
1.4894145	0.35927624	-10.428782	3.3120191
1.4940922	0.36249784	-10.434669	3.3161333
1.4894145	0.36314216	-10.337972	3.3325891
1.4909737	0.36088705	-10.473348	3.2996771
1.4847367	0.35766542	-10.458212	3.3079052
1.4831774	0.36056489	-10.405239	3.303791
1.481618	0.36153138	-10.458212	3.3367033
1.4894145	0.35734326	-10.327882	3.3367033
1.4847367	0.36475298	-10.460734	3.3284752
1.4878552	0.36700812	-10.45653	3.3079052
1.4878552	0.36024272	-10.429624	3.3161333
1.4940922	0.36700812	-10.4456	3.3572733
1.5034478	0.36571947	-10.461576	3.3079052
1.4956515	0.36668596	-10.460734	3.3325891
1.4987699	0.3653973	-10.446441	3.3202472
1.4987699	0.36571947	-10.438872	3.3325891
1.4987699	0.35766542	-10.474188	3.303791
1.4956515	0.35669893	-10.435509	3.3202472
1.492533	0.36153138	-10.480074	3.3408172
1.4940922	0.35766542	-10.454007	3.3325891
1.5003291	0.35863191	-10.35647	3.3449314
1.4987699	0.36378649	-10.496049	3.3408172
1.5034478	0.35992056	-10.471665	3.303791
1.505007	0.36346433	-10.460734	3.3408172
1.5096848	0.3595984	-10.447281	3.3367033
1.5065663	0.36926326	-10.429624	3.3449314
1.5065663	0.36314216	-10.469984	3.3079052
1.5065663	0.36410865	-10.437191	3.3284752
1.5112441	0.37312922	-10.432146	3.3531594
1.5065663	0.37248489	-10.443918	3.3161333
1.5065663	0.36153138	-10.395149	3.3161333
1.5003291	0.3653973	-10.463257	3.3202472
1.5096848	0.35798758	-10.471665	3.3120191
1.5065663	0.34961134	-10.448963	3.3161333
1.5003291	0.35863191	-10.453167	3.3367033
1.5003291	0.36700812	-10.327041	3.3284752
1.4987699	0.36378649	-10.461576	3.3161333
1.492533	0.35573244	-10.435509	3.3531594
1.4972107	0.35154432	-10.459053	3.3202472
1.4956515	0.35830975	-10.478392	3.3325891
1.492533	0.35830975	-10.421215	3.3325891
1.4894145	0.35379946	-10.470825	3.3325891
1.4847367	0.36604163	-10.462417	3.3325891
1.4800588	0.37280706	-10.432146	3.3531594
1.4878552	0.37087408	-10.465779	3.3243611
1.481618	0.36410865	-10.389263	3.3079052
1.4847367	0.36056489	-10.45569	3.3325891
1.4769403	0.35830975	-10.460734	3.3079052
1.481618	0.36120921	-10.468302	3.295563
1.4722625	0.35766542	-10.474188	3.2996771
1.469144	0.35573244	-10.564158	3.3243611
1.4738218	0.35541028	-10.464098	3.3120191
1.469144	0.35412163	-10.440554	3.3079052
1.4660254	0.36443081	-10.436351	3.3325891
1.469144	0.36443081	-10.447281	3.3243611
1.4613476	0.36282	-10.312746	3.3161333
1.4582291	0.3653973	-10.448963	3.3284752
1.4597883	0.36861894	-10.461576	3.2996771
1.4551105	0.35927624	-10.425419	3.295563
1.4535513	0.35476595	-10.459053	3.2873349
1.4535513	0.35089999	-10.437191	3.2996771
1.4473141	0.3595984	-10.447281	3.3079052
1.4457549	0.37312922	-10.463257	3.3325891
1.4473141	0.36571947	-10.463257	3.3325891
1.4473141	0.36443081	-10.448122	3.3120191
1.4504327	0.35669893	-10.369082	3.2914491
1.4426364	0.36314216	-10.484279	3.3367033
1.4410771	0.36120921	-10.467461	3.3490453
1.4395179	0.36668596	-10.441395	3.3408172
1.4395179	0.35025567	-10.459053	3.3161333
1.4379586	0.34993351	-10.460734	3.3449314
1.4332809	0.36282	-10.470825	3.3408172
1.4317216	0.35927624	-10.480914	3.3490453
1.4208068	0.35412163	-10.803797	3.2996771
1.4286031	0.35025567	-10.4456	3.3079052
1.4286031	0.35379946	-10.451485	3.3367033
1.4176883	0.35927624	-10.468302	3.3490453
1.4239253	0.34993351	-10.452326	3.2996771
1.4254845	0.36604163	-10.432987	3.3408172
1.422366	0.36185354	-10.459053	3.3120191
1.4176883	0.36443081	-10.419534	3.3325891
1.422366	0.35766542	-10.471665	3.3161333
1.4161289	0.36410865	-10.468302	3.3325891
1.4176883	0.35766542	-10.237912	3.295563
1.4083326	0.35992056	-10.480074	3.3449314
1.4114511	0.36410865	-10.468302	3.3449314
1.4145696	0.36733028	-10.428782	3.3243611
1.4020956	0.36571947	-10.443918	3.3408172
1.4020956	0.35766542	-10.397672	3.3120191
1.4005362	0.36185354	-10.486801	3.3655014
1.3989769	0.36088705	-10.482595	3.3408172
1.3989769	0.35863191	-10.274909	3.3449314
1.3911806	0.36410865	-10.462417	3.3490453
1.3911806	0.36249784	-10.460734	3.3408172
1.3865029	0.37280706	-10.474188	3.3613875
1.3880621	0.37635082	-10.440554	3.3449314
1.3865029	0.3750622	-10.447281	3.3490453
1.3787065	0.37087408	-10.47671	3.3531594
1.3755879	0.3782838	-10.481755	3.3942995
1.3755879	0.37216273	-10.428782	3.3408172
1.3709103	0.36314216	-10.446441	3.3449314
1.3631139	0.37087408	-10.4456	3.3737295
1.3677918	0.36378649	-10.479233	3.3737295
1.3599954	0.35089999	-10.472507	3.3079052
1.3568769	0.34993351	-10.367401	3.3572733
1.3506397	0.35412163	-10.470825	3.3613875
1.3475212	0.35573244	-10.461576	3.3449314
1.3397249	0.35766542	-10.468302	3.3531594
1.3366064	0.35025567	-10.450644	3.3449314
1.3366064	0.36571947	-10.343017	3.3613875
1.32881	0.37248489	-10.475869	3.3655014
1.32881	0.37087408	-10.464098	3.3449314
1.3256915	0.37022975	-10.472507	3.3284752
1.3210137	0.36346433	-10.486801	3.3325891
1.3225729	0.37441787	-10.359834	3.3572733
1.3100989	0.37312922	-10.438872	3.3778436
1.3069804	0.3715184	-10.432987	3.3367033
1.3085396	0.37699515	-10.454007	3.3613875
1.3038619	0.3782838	-10.485119	3.3655014
1.2929469	0.37312922	-10.422056	3.3901856
1.2867099	0.36314216	-10.450644	3.3408172
1.2945062	0.35637677	-10.465779	3.3367033
1.2835913	0.34542325	-10.485119	3.3408172
1.2789135	0.35122216	-10.475029	3.3449314
1.2726765	0.35766542	-10.295089	3.3901856
1.2726765	0.35766542	-10.448963	3.3572733
1.2648801	0.35895407	-10.444759	3.3613875
1.2524061	0.36700812	-10.434669	3.3737295
1.2648801	0.36185354	-10.45569	3.3737295
1.2477282	0.36958542	-10.485119	3.3819575
1.246169	0.37248489	-10.478392	3.3655014
1.2508467	0.37377355	-10.474188	3.3655014
1.246169	0.36926326	-10.442237	3.3655014
1.2321355	0.36185354	-10.474188	3.3449314
1.2336948	0.37216273	-10.464098	3.3778436
1.2305763	0.3715184	-10.460734	3.3778436
1.2274578	0.36410865	-10.427101	3.3613875
1.2181021	0.37248489	-10.410284	3.3737295
1.2181021	0.36733028	-10.464098	3.3737295
1.2149836	0.3534773	-10.443918	3.3490453
1.2040688	0.35830975	-10.471665	3.3655014
1.2071873	0.36056489	-10.47671	3.3942995
1.1931539	0.37345138	-10.437191	3.4066417
1.1822391	0.37022975	-10.480914	3.3778436
1.1884761	0.36958542	-10.452326	3.3778436
1.176002	0.36668596	-10.464098	3.4066417
1.1822391	0.36733028	-10.459894	3.3655014
1.176002	0.37087408	-10.459894	3.3655014
1.1728835	0.37280706	-10.443918	3.3819575
1.1588501	0.36958542	-10.475029	3.3819575
1.1604093	0.36217567	-10.28584	3.3819575
1.1604093	0.36378649	-10.469984	3.3984137
1.1479353	0.36507514	-10.449803	3.4025276
1.1432574	0.35702109	-10.459894	3.3737295
1.1385796	0.36700812	-10.494368	3.4560096
1.1354611	0.36153138	-10.376651	3.4025276
1.1323426	0.36314216	-10.480914	3.4107556
1.1276647	0.36668596	-10.482595	3.4066417
1.1120721	0.37248489	-10.452326	3.4477816
1.1105129	0.37474003	-10.464098	3.4230974
1.1105129	0.36958542	-10.440554	3.4025276
1.0995979	0.37602866	-10.472507	3.4395535
1.0980387	0.36926326	-10.463257	3.4148698
1.0902424	0.3595984	-10.441395	3.3778436
1.0824461	0.35895407	-10.462417	3.4107556
1.0777682	0.37248489	-10.277431	3.4518955
1.0762089	0.37087408	-10.45653	3.4272113
1.0668534	0.36153138	-10.465779	3.4066417
1.0590571	0.36475298	-10.296771	3.4395535
1.05282	0.37731731	-10.471665	3.4560096
1.0419052	0.37763947	-10.475869	3.4601235
1.035668	0.36507514	-10.457372	3.4477816
1.035668	0.37055191	-10.454848	3.4436674
1.0247532	0.37635082	-10.378332	3.4518955
1.0200754	0.3782838	-10.478392	3.4272113
1.012279	0.38859302	-10.472507	3.4848077
1.006042	0.37957245	-10.464098	3.4313254
0.99824572	0.38343841	-10.464098	3.4683516
0.99200863	0.3808611	-10.612927	3.4642377
0.9857716	0.3808611	-10.458212	3.4642377
0.97797525	0.39568058	-10.484279	3.5053778
0.97173822	0.39568058	-10.475869	3.4806936
0.96550113	0.39245895	-10.470825	3.4642377
0.95926404	0.39406976	-10.46662	3.4971497
0.94834918	0.3937476	-10.464938	3.5094919
0.94678998	0.37409571	-10.443076	3.4601235
0.93587512	0.38118327	-10.40608	3.4889216
0.93119729	0.38021678	-10.454848	3.4642377
0.92651945	0.37763947	-10.469984	3.4806936
0.91872323	0.36282	-10.470825	3.4642377
0.91716391	0.37022975	-10.444759	3.4724658
0.90468979	0.37022975	-10.412807	3.4971497
0.90468979	0.37312922	-10.447281	3.4806936
0.88441932	0.37892812	-10.432987	3.4971497
0.89689344	0.38214976	-10.486801	3.4765797
0.87974155	0.38827085	-10.448122	3.525948
0.87818229	0.38891518	-10.418693	3.5053778
0.8719452	0.37602866	-10.4456	3.4971497
0.86258966	0.38247192	-10.480074	3.51772
0.85791183	0.38279408	-10.454848	3.5094919
0.85167474	0.38247192	-10.464098	3.4971497
0.85011548	0.38150543	-10.428782	3.51772
0.83920062	0.37345138	-10.467461	3.4971497
0.83920062	0.37570649	-10.483438	3.51772
0.82828581	0.37216273	-10.329563	3.4930358
0.82048947	0.36056489	-10.438032	3.5218339
0.81425238	0.37409571	-10.424579	3.5794303
0.80957454	0.37087408	-10.485119	3.5136058
0.80333757	0.37602866	-10.442237	3.5341759
0.79554123	0.37635082	-10.42626	3.525948
0.79710048	0.37989461	-10.46662	3.5712023
0.77838933	0.38762653	-10.451485	3.530062
0.77994853	0.38182759	-10.474188	3.530062
0.77838933	0.38762653	-10.463257	3.5588601
0.77215225	0.37474003	-10.309383	3.5218339
0.76123738	0.38214976	-10.446441	3.6041141
0.75655955	0.3808611	-10.462417	3.5465181
0.74876326	0.37087408	-10.443076	3.5424039
0.75032252	0.37957245	-10.461576	3.5794303
0.73628914	0.3782838	-10.820614	3.5712023
0.73161131	0.38150543	-10.447281	3.5712023
0.73472983	0.37602866	-10.449803	3.550632
0.72225577	0.37248489	-10.394308	3.5670881
0.72069651	0.37731731	-10.469984	3.5835443
0.71445942	0.38376057	-10.37581	3.5712023
0.7113409	0.37087408	-10.460734	3.5588601
0.69574821	0.37731731	-10.4456	3.5794303
0.69886672	0.37957245	-10.390103	3.595886
0.68951118	0.38537139	-10.457372	3.5753162
0.68795192	0.38891518	-10.457372	3.595886
0.677037	0.40083519	-10.475029	3.608228
0.68171483	0.39471409	-10.433827	3.595886
0.67547774	0.39406976	-10.958512	3.6411402
0.67079997	0.39729139	-10.475029	3.616456
0.66300368	0.39439192	-10.465779	3.6205702
0.65832585	0.40502328	-10.458212	3.6658244
0.65364808	0.39406976	-10.469144	3.6534822
0.65208876	0.39439192	-10.449803	3.616456
0.64741099	0.38988164	-10.469144	3.608228
0.64429241	0.38021678	-10.451485	3.608228
0.6396147	0.38472706	-10.422056	3.616456
0.63805544	0.3869822	-10.498572	3.6287982
0.63649619	0.38666004	-10.42626	3.6287982
0.62558126	0.38794869	-10.475029	3.6329122
0.62402201	0.39213678	-10.475029	3.6370261
0.6146664	0.39245895	-10.438872	3.6822805
0.61622566	0.39052597	-10.498572	3.6370261
0.6146664	0.38891518	-10.484279	3.6411402
0.61154795	0.37731731	-10.474188	3.6123421
0.60063303	0.37570649	-10.444759	3.6699383
0.60219228	0.37892812	-10.458212	3.6575963
0.58971816	0.38247192	-10.454007	3.6452541
0.58971816	0.36797461	-10.471665	3.6534822
0.59283674	0.36217567	-10.467461	3.6370261
0.58504039	0.37570649	-10.497732	3.6740525
0.5694477	0.38021678	-10.380014	3.6863945
0.57568479	0.38214976	-10.459894	3.6617103
0.57568479	0.39149246	-10.464098	3.6987364
0.57100701	0.39149246	-10.478392	3.6781664
0.55853289	0.39213678	-10.422056	3.6822805
0.55541432	0.38827085	-10.443076	3.6781664
0.55541432	0.39858004	-10.483438	3.6946225
0.5522958	0.38859302	-10.45569	3.7151926
0.5429402	0.39825788	-10.419534	3.7028506
0.54449946	0.39406976	-10.459053	3.6905084
0.53982168	0.40180168	-10.448963	3.7316487
0.54138094	0.41017789	-10.460734	3.7398767
0.53826243	0.40824491	-10.471665	3.7151926
0.53358465	0.39729139	-10.411966	3.6987364
0.53046608	0.40083519	-10.46662	3.7316487
0.53202534	0.40760058	-10.484279	3.7398767
0.52266979	0.40309033	-10.459053	3.7604468
0.52734756	0.38182759	-10.485119	3.7028506
0.52266979	0.3869822	-10.34554	3.7110786
0.52111053	0.39729139	-10.472507	3.7398767
0.50551784	0.40083519	-10.449803	3.7686746
0.51487345	0.39245895	-10.457372	3.7234206
0.51331419	0.39954653	-10.491005	3.7398767
0.50863642	0.38859302	-10.45569	3.7028506
0.5070771	0.39406976	-10.443918	3.7604468
0.50239933	0.3937476	-10.459894	3.7481048
0.50084007	0.4056676	-10.433827	3.7810166
0.49616227	0.40341246	-10.458212	3.7481048
0.49304372	0.40502328	-10.436351	3.7810166
0.49772155	0.39406976	-10.469144	3.7481048
0.48992521	0.38923734	-10.448122	3.7563329
0.48680666	0.40598977	-10.45653	3.8098147
0.48368815	0.40083519	-10.48596	3.7769027
0.47745109	0.402446	-10.429624	3.8098147
0.48212889	0.40276816	-10.50698	3.8098147
0.47277325	0.40888923	-10.460734	3.7933586
0.46809548	0.4056676	-10.321156	3.8015866
0.47433254	0.39729139	-10.477551	3.7933586
0.47121403	0.39793572	-10.457372	3.7933586
0.47277325	0.40405679	-10.464938	3.8015866
0.46809548	0.39503625	-10.431305	3.7974727
0.46653622	0.41694331	-10.447281	3.8344989
0.45873991	0.40727842	-10.468302	3.8468409
0.46185842	0.40888923	-10.454848	3.8221569
0.45873991	0.40437895	-10.454848	3.8221569
0.45718065	0.402446	-10.49521	3.8180428
0.45094356	0.39793572	-10.3262	3.8427269
0.45562136	0.39954653	-10.457372	3.8427269
0.45562136	0.40856707	-10.488482	3.8468409
0.4540621	0.40470111	-10.45653	3.838613
0.44158798	0.40019086	-10.47671	3.838613
0.44158798	0.41017789	-10.473348	3.863297
0.44626576	0.41017789	-10.469984	3.8591831
0.44626576	0.40663409	-10.450644	3.8550689
0.43691018	0.41468817	-10.335449	3.9003232
0.43846944	0.41887626	-10.496049	3.8920953
0.43535089	0.41275519	-10.449803	3.871525
0.43067312	0.40470111	-10.472507	3.8591831
0.42755461	0.41726544	-10.4456	3.8962092
0.43223241	0.41694331	-10.438032	3.9044373
0.42443606	0.42338654	-10.47671	3.9126654
0.43223241	0.43272924	-10.490164	3.9291215
0.43067312	0.42209789	-10.453167	3.8962092
0.42443606	0.41243303	-10.489323	3.9003232
0.42755461	0.40502328	-10.443076	3.8962092
0.42287678	0.40598977	-10.459894	3.9044373
0.41663975	0.4117887	-10.443918	3.9414635
0.42599532	0.39954653	-10.435509	3.8756392
0.42287678	0.39858004	-10.443918	3.9579191
0.41508049	0.41629899	-10.48596	3.9579191
0.41663975	0.41404384	-10.447281	3.9373496
0.41975826	0.42080924	-10.454007	3.9496911
0.41663975	0.42338654	-10.493526	3.9661472
0.4135212	0.41823193	-10.480914	3.9291215
0.4135212	0.41468817	-10.474188	3.9208934
0.4135212	0.42242005	-10.480914	3.9538052
0.41040266	0.4092114	-10.460734	3.9332354
0.4088434	0.41017789	-10.332927	3.9455771
0.40728414	0.40856707	-10.461576	3.9455771
0.4135212	0.40502328	-10.484279	3.9414635
0.40260637	0.40824491	-10.458212	3.9784894
0.4135212	0.4117887	-10.48596	3.9784894
0.40104708	0.4185541	-10.40608	3.9867175
0.40572491	0.40019086	-10.480914	3.9496911
0.4088434	0.41050005	-10.481755	3.9867175
0.39792857	0.42531952	-10.443918	4.0237436
0.40104708	0.42499736	-10.444759	3.9908314
0.39169151	0.43272924	-10.337131	4.0237436
0.40572491	0.4153325	-10.454007	3.9949453
0.39636928	0.42821899	-10.448122	4.0278578
0.39169151	0.42016491	-10.362356	3.9990594
0.39948782	0.42177573	-10.448122	4.0072875
0.39481002	0.41984275	-10.452326	4.0072875
0.39169151	0.42370871	-10.461576	4.0155153
0.38857296	0.41952059	-10.475029	3.9867175
0.38857296	0.41468817	-10.427101	4.0278578
0.38545445	0.42016491	-10.480074	4.0525417
0.38857296	0.4185541	-10.448122	4.0319715
0.38857296	0.42789683	-10.478392	4.085454
0.38545445	0.41017789	-10.467461	4.0196295
0.39481002	0.40695626	-10.447281	4.0401998
0.38857296	0.41565466	-10.469144	4.0360856
0.38545445	0.4117887	-10.452326	4.0401998
0.38857296	0.41565466	-10.317792	4.0607696
0.38545445	0.41790977	-10.438872	4.0525417
0.38545445	0.42564169	-10.447281	4.0772257
0.3823359	0.43337357	-10.460734	4.085454
0.38077661	0.42596385	-10.462417	4.0443139
0.38077661	0.42306438	-10.390103	4.0648837
0.39169151	0.41726544	-10.45653	4.0607696
0.3823359	0.42306438	-10.450644	4.0936818
0.38389516	0.42080924	-10.468302	4.0895681
0.38545445	0.42660818	-10.449803	4.1101379
0.3870137	0.41211087	-10.448122	4.0772257
0.39481002	0.41211087	-10.439713	4.0772257
0.38545445	0.41501033	-10.454848	4.138936
0.37298033	0.42080924	-10.446441	4.1348219
0.38389516	0.41339952	-10.431305	4.0895681
0.3870137	0.41243303	-10.321996	4.1019101
0.37921739	0.41758761	-10.468302	4.1183662
0.37921739	0.42435303	-10.458212	4.1307077
0.37298033	0.4307963	-10.363197	4.1307077
0.37921739	0.42660818	-10.45569	4.1224799
0.38077661	0.42660818	-10.325359	4.1307077
0.37298033	0.43949467	-10.468302	4.175962
0.37765813	0.4307963	-10.470825	4.1265936
0.37453958	0.43788385	-10.439713	4.1718478
0.37921739	0.4272525	-10.459053	4.1348219
0.36830249	0.42145357	-10.442237	4.1883039
0.37765813	0.42209789	-10.505299	4.1595058
0.36674324	0.43208492	-10.462417	4.1883039
0.37765813	0.43015197	-10.45569	4.16362
0.37921739	0.43144059	-10.484279	4.1965322
0.37921739	0.42209789	-10.475869	4.1718478
0.37765813	0.40953356	-10.45569	4.151278
0.38077661	0.43466222	-10.452326	4.2376723
0.37298033	0.43466222	-10.329563	4.1924181
0.37298033	0.42596385	-10.460734	4.1718478
0.37298033	0.43144059	-10.454007	4.2088742
0.37298033	0.44432712	-10.480914	4.2253304
0.37453958	0.44690439	-10.45653	4.2294445
0.37453958	0.44207197	-10.367401	4.2088742
0.37609884	0.43272924	-10.464938	4.2006464
0.36518401	0.44110548	-10.470825	4.2253304
0.37298033	0.44432712	-10.405239	4.2129884
0.36986178	0.44432712	-10.460734	4.2541285
0.37453958	0.43144059	-10.358151	4.2047601
0.36986178	0.43434006	-10.446441	4.2376723
0.36830249	0.43788385	-10.478392	4.2253304
0.36986178	0.43530655	-10.457372	4.2459006
0.36830249	0.44174981	-10.471665	4.2664704
0.36830249	0.44239414	-10.473348	4.2417865
0.36518401	0.43176275	-10.446441	4.2623563
0.36986178	0.42628601	-10.451485	4.2541285
0.36674324	0.44207197	-10.440554	4.3034964
0.36518401	0.44432712	-10.459894	4.2911549
0.37453958	0.452059	-10.465779	4.2911549
0.37609884	0.43305141	-10.463257	4.2623563
0.36674324	0.43047413	-10.451485	4.2582426
0.36830249	0.43595088	-10.410284	4.2911549
0.36830249	0.44497144	-10.470825	4.2952685
0.37298033	0.42242005	-10.471665	4.2541285
0.37142104	0.4272525	-10.274909	4.3034964
0.36518401	0.42499736	-10.442237	4.2870407
0.36830249	0.4185541	-10.427101	4.2746987
0.36830249	0.42209789	-10.469984	4.2911549
0.36830249	0.42628601	-10.468302	4.3240666
0.36518401	0.43144059	-10.267342	4.3405228
0.36830249	0.43691736	-10.463257	4.2993827
0.36830249	0.42660818	-10.477551	4.2993827
0.36206546	0.44980386	-10.47671	4.3569784
0.36830249	0.44464928	-10.42626	4.3240666
0.36986178	0.44174981	-10.401035	4.3405228
0.37142104	0.44368279	-10.482595	4.3199525
0.36674324	0.4427163	-10.448963	4.3117242
0.35894692	0.45334765	-10.459894	4.3487506
0.36674324	0.45592496	-10.47671	4.3693209
0.36518401	0.45431414	-10.374969	4.3487506
0.36518401	0.45270333	-10.491845	4.3610926
0.37142104	0.43595088	-10.472507	4.3364086
0.36830249	0.42854115	-10.458212	4.3652067
0.36050621	0.440139	-10.457372	4.3940048
0.36674324	0.44464928	-10.420374	4.385777
0.36518401	0.44658223	-10.432146	4.385777
0.36518401	0.4427163	-10.469144	4.3693209
0.36050621	0.44883737	-10.428782	4.4063468
0.35894692	0.45012602	-10.469984	4.3898907
0.35894692	0.44303846	-10.460734	4.3734345
0.36518401	0.44883737	-10.494368	4.3775487
0.36362472	0.45302549	-10.490164	4.4228029
0.37142104	0.44754872	-10.393467	4.385777
0.36674324	0.45238116	-10.465779	4.385777
0.36518401	0.46784496	-10.474188	4.4351449
0.36050621	0.47267741	-10.478392	4.4310312
0.36830249	0.45238116	-10.496891	4.3775487
0.36362472	0.45302549	-10.395149	4.4104609
0.36518401	0.44078332	-10.469984	4.3898907
0.36830249	0.43498439	-10.458212	4.4145751
0.36674324	0.44464928	-10.47671	4.4310312
0.36518401	0.44722655	-10.448122	4.451601
0.36362472	0.43434006	-10.335449	4.4269171
0.36986178	0.43337357	-10.443076	4.4145751
0.36518401	0.44239414	-10.494368	4.4598293
0.36518401	0.452059	-10.885359	4.451601
0.36518401	0.4459379	-10.450644	4.4310312
0.36206546	0.45399198	-10.420374	4.4680572
0.35582837	0.45592496	-10.459894	4.4803991
0.36050621	0.43756169	-10.448963	4.4351449
0.36206546	0.43627304	-10.4456	4.4351449
0.36206546	0.44658223	-10.474188	4.488627
0.36362472	0.45785794	-10.462417	4.4927411
0.36206546	0.45173684	-10.453167	4.451601
0.36674324	0.45785794	-10.490164	4.4639435
0.36518401	0.45946875	-10.431305	4.488627
0.36518401	0.45399198	-10.443918	4.4762855
0.36362472	0.452059	-10.364038	4.488627
0.36830249	0.45302549	-10.48596	4.4845133
0.36362472	0.45882443	-10.443918	4.4968553
0.37142104	0.44626006	-10.446441	4.451601
0.37765813	0.43788385	-10.464098	4.4803991
0.36830249	0.4459379	-10.499413	4.5009689
0.36518401	0.44303846	-10.432987	4.4721713
0.36362472	0.44174981	-10.437191	4.4680572
0.37298033	0.45077035	-10.461576	4.4927411
0.37298033	0.45624712	-10.435509	4.5091972
0.36830249	0.46655631	-10.451485	4.5174251
0.36830249	0.46204603	-10.470825	4.5091972
0.36830249	0.46172386	-10.468302	4.5133109
0.36830249	0.47074443	-10.472507	4.5462232
0.37298033	0.46333468	-10.27575	4.5174251
0.36674324	0.45528063	-10.475029	4.5174251
0.37298033	0.46011308	-10.496891	4.529767
0.36674324	0.45753577	-10.953467	4.5338812
0.36674324	0.46107954	-10.464098	4.5462232
0.37142104	0.4649455	-10.443918	4.5338812
0.36674324	0.45753577	-10.447281	4.5256534
0.36518401	0.46848929	-10.464098	4.5626793
0.37609884	0.46365684	-10.481755	4.5379953
0.37609884	0.4581801	-10.47671	4.529767
0.37142104	0.45753577	-10.269023	4.5585656
0.36830249	0.45946875	-10.449803	4.5379953
0.37298033	0.46043521	-10.4456	4.5791354
0.37298033	0.47396606	-10.369924	4.5750213
0.36986178	0.46107954	-10.442237	4.5462232
0.37298033	0.46011308	-10.459053	4.5503373
0.37142104	0.4649455	-10.472507	4.5997057
0.37142104	0.48040929	-10.470825	4.6161618
0.37609884	0.46397901	-10.483438	4.5462232
0.37609884	0.46591198	-10.469144	4.5832496
0.37142104	0.46011308	-10.479233	4.5544515
0.37142104	0.44915953	-10.459894	4.5626793
0.37453958	0.46043521	-10.467461	4.5873637
0.38077661	0.46236819	-10.81725	4.5379953
0.37609884	0.46172386	-10.48596	4.5832496
0.37609884	0.46269035	-10.489323	4.5791354
0.37298033	0.46172386	-10.411966	4.5832496
0.37609884	0.46687847	-10.438032	4.5955915
0.37921739	0.46526766	-10.475869	4.5832496
0.36830249	0.4768655	-10.467461	4.6285038
0.37142104	0.47138876	-10.473348	4.5626793
0.37298033	0.48008713	-10.460734	4.6161618
0.37142104	0.47622117	-10.464098	4.6161618
0.37609884	0.46881145	-10.465779	4.5914774
0.37609884	0.45979092	-10.45569	4.5832496
0.37142104	0.46236819	-10.471665	4.6161618
0.37609884	0.45334765	-10.420374	4.5997057
0.37298033	0.46397901	-10.472507	4.6243896
0.37453958	0.45946875	-10.474188	4.632618
0.37142104	0.46526766	-10.485119	4.6120477
0.37453958	0.452059	-10.45653	4.5914774
0.37765813	0.46075737	-10.974487	4.6079335
0.37453958	0.45850226	-10.46662	4.6367316
0.37142104	0.46591198	-10.482595	4.6285038
0.37609884	0.46430117	-10.415329	4.6285038
0.37453958	0.47042227	-10.454848	4.6243896
0.37453958	0.48137578	-10.479233	4.6573019
0.37142104	0.48491958	-10.322837	4.6120477
0.38077661	0.4701001	-10.457372	4.6120477
0.38077661	0.48008713	-10.45569	4.6531878
0.37609884	0.46269035	-10.48596	4.6161618
0.36986178	0.46236819	-10.449803	4.6449599
0.37765813	0.46043521	-10.410284	4.632618
0.37142104	0.4614017	-10.454848	4.6573019
0.37298033	0.46720064	-10.486801	4.6531878
0.37921739	0.46784496	-10.469144	4.6696439
0.37298033	0.46977794	-10.444759	4.6531878
0.37298033	0.46526766	-10.454007	4.632618
0.37453958	0.48040929	-10.46662	4.6696439
0.37298033	0.48073146	-10.487641	4.6655302
0.37142104	0.48588607	-10.460734	4.6655302
0.36830249	0.48685256	-10.499413	4.6860995
0.37298033	0.47879848	-10.419534	4.6531878
0.36986178	0.47461039	-10.448963	4.6531878
0.37142104	0.48008713	-10.49521	4.7025557
0.36986178	0.4855639	-10.45569	4.6902137
0.37453958	0.46784496	-10.485119	4.6367316
0.37298033	0.46881145	-10.460734	4.6490741
0.37298033	0.47557685	-10.459053	4.710784
0.37298033	0.46558982	-10.454848	4.6531878
0.36674324	0.46655631	-10.539774	4.6860995
0.37453958	0.46655631	-10.461576	4.6614161
0.36986178	0.46430117	-10.427941	4.6696439
0.36830249	0.46526766	-10.479233	4.6655302
0.37609884	0.46269035	-10.449803	4.6573019
0.37298033	0.45946875	-10.388422	4.6778717
0.37298033	0.45721361	-10.449803	4.6655302
0.37453958	0.46977794	-10.443076	4.6902137
0.37609884	0.46816713	-10.461576	4.6778717
0.37298033	0.47396606	-10.443918	4.698442
0.37142104	0.47557685	-10.449803	4.6778717
0.36518401	0.47944281	-10.469144	4.7190118
0.37453958	0.47750983	-10.47671	4.6819859
0.37765813	0.46365684	-10.457372	4.6696439
0.37609884	0.45366982	-10.444759	4.6614161
0.37298033	0.45528063	-10.682716	4.698442
0.36674324	0.47042227	-10.452326	4.7148981
0.37765813	0.46397901	-10.489323	4.6819859
0.37298033	0.46655631	-10.813888	4.6943278
0.37298033	0.45721361	-10.475029	4.6778717
0.36986178	0.46043521	-10.413648	4.710784
0.37298033	0.45560279	-10.42626	4.6778717
0.37609884	0.46655631	-10.46662	4.7066698
0.37298033	0.47589901	-10.454848	4.7231259
0.37453958	0.47589901	-10.435509	4.7148981
0.36986178	0.47879848	-10.432987	4.7231259
0.37298033	0.46816713	-10.446441	4.6902137
0.37142104	0.47718766	-10.475869	4.710784
0.37298033	0.4701001	-10.394308	4.7025557
0.36674324	0.47654334	-10.434669	4.7272401
0.37921739	0.46462333	-10.458212	4.6943278
0.37142104	0.4675228	-10.465779	4.7190118
0.37298033	0.46365684	-10.457372	4.7148981
0.37142104	0.46172386	-10.429624	4.7354679
0.36518401	0.46977794	-10.458212	4.7231259
0.36674324	0.45592496	-10.449803	4.7066698
0.37609884	0.45463631	-10.448122	4.710784
0.37298033	0.45914659	-10.480914	4.7601523
0.37298033	0.45946875	-10.404398	4.7272401
0.37142104	0.46526766	-10.448963	4.7313538
0.37609884	0.48137578	-10.464098	4.7683802
0.37298033	0.48427525	-10.419534	4.7354679
0.37142104	0.4855639	-10.45569	4.7478099
0.36518401	0.47783199	-10.473348	4.7354679
0.37298033	0.48459741	-10.465779	4.7436962
0.36518401	0.48395309	-10.419534	4.7560382
0.37298033	0.47944281	-10.465779	4.7601523
0.37298033	0.4736439	-10.494368	4.751924
0.37298033	0.47493255	-10.433827	4.7724943
0.37609884	0.46558982	-10.454007	4.764266
0.37298033	0.46075737	-10.430465	4.7683802
0.36986178	0.46430117	-10.378332	4.7436962
0.37298033	0.46397901	-10.497732	4.751924
0.37298033	0.48073146	-10.469984	4.7807221
0.36830249	0.47750983	-10.439713	4.7683802
0.37298033	0.47912064	-10.464098	4.7807221
0.36674324	0.48653039	-10.441395	4.7971783
0.37298033	0.47525468	-10.441395	4.7560382
0.37765813	0.47428823	-10.468302	4.7601523
0.36830249	0.47525468	-10.367401	4.8054066
0.36986178	0.47203308	-10.436351	4.7848363
0.36362472	0.48234227	-10.464098	4.7971783
0.37765813	0.46977794	-10.438032	4.776608
0.37298033	0.47428823	-10.444759	4.8095202
0.36830249	0.47203308	-10.401035	4.7971783
0.36986178	0.46301252	-10.453167	4.776608
0.37298033	0.45560279	-10.449803	4.776608
0.37765813	0.46720064	-10.504458	4.8054066
0.37142104	0.46301252	-10.431305	4.7848363
0.37298033	0.4581801	-10.30602	4.7889504
0.36986178	0.46043521	-10.428782	4.8136344
0.36674324	0.47396606	-10.4456	4.8259764
0.37298033	0.47718766	-10.422056	4.8136344
0.37298033	0.47461039	-10.480914	4.8095202
0.37142104	0.49200714	-10.360675	4.8300905
0.36830249	0.48459741	-10.463257	4.8136344
0.36986178	0.48266444	-10.441395	4.8259764
0.37298033	0.4829866	-10.484279	4.8095202
0.36518401	0.48137578	-10.474188	4.8095202
0.37142104	0.47396606	-10.394308	4.8136344
0.37298033	0.47106659	-10.449803	4.8342047
0.36518401	0.4768655	-10.459053	4.8300905
0.36986178	0.48942986	-10.4456	4.8671165
0.36830249	0.48620823	-10.459894	4.8588886
0.36830249	0.48491958	-10.494368	4.8300905
0.37453958	0.47976497	-10.49521	4.8547745
0.36674324	0.4855639	-10.460734	4.8424325
0.36674324	0.49329579	-10.432987	4.8506608
0.36830249	0.48942986	-10.436351	4.8259764
0.36830249	0.49039632	-10.496891	4.8671165
0.37298033	0.49039632	-10.491845	4.8300905
0.37298033	0.49522877	-10.472507	4.8218627
0.37142104	0.49555093	-10.404398	4.8383183
0.37453958	0.49812824	-10.463257	4.8342047
0.36830249	0.49104065	-10.421215	4.8136344
0.36830249	0.47525468	-10.334609	4.8012924
0.37609884	0.47718766	-10.464098	4.8342047
0.37765813	0.47267741	-10.404398	4.8506608
0.37298033	0.47171092	-10.448122	4.8342047
0.36674324	0.46977794	-10.452326	4.8465466
0.36518401	0.47589901	-10.372446	4.8547745
0.37142104	0.48588607	-10.459053	4.8671165
0.37453958	0.47622117	-10.439713	4.8547745
0.37765813	0.47267741	-10.459894	4.8218627
0.36830249	0.48008713	-10.462417	4.8753443
0.37142104	0.48330876	-10.408603	4.8383183
0.36830249	0.4984504	-10.46662	4.9082565
0.36986178	0.5071488	-10.475869	4.8712306
0.36518401	0.51262558	-10.458212	4.8671165
0.37298033	0.49458444	-10.472507	4.8465466
0.37609884	0.49361795	-10.453167	4.8383183
0.36986178	0.49748391	-10.461576	4.9082565
0.36674324	0.49651742	-10.437191	4.8506608
0.37453958	0.4855639	-10.478392	4.8465466
0.36986178	0.48105362	-10.470825	4.8424325
0.37142104	0.46913362	-10.300975	4.8342047
0.37298033	0.46591198	-10.433827	4.8383183
0.36986178	0.4736439	-10.460734	4.8630023
0.36830249	0.46977794	-10.397672	4.8424325
0.36830249	0.46977794	-10.448122	4.8588886
0.37298033	0.46301252	-10.322837	4.8547745
0.37453958	0.4649455	-10.451485	4.8465466
0.37609884	0.4736439	-10.446441	4.8547745
0.36986178	0.48363093	-10.438872	4.8835726
0.36830249	0.48975202	-10.443076	4.8588886
0.36518401	0.49426228	-10.459053	4.8547745
0.36986178	0.48620823	-10.458212	4.8588886
0.37142104	0.49394011	-10.505299	4.8630023
0.36206546	0.5010277	-10.450644	4.9123707
0.37298033	0.50167203	-10.437191	4.8918004
0.36986178	0.49361795	-10.470825	4.8753443
0.36830249	0.48620823	-10.471665	4.8671165
0.37609884	0.49297363	-10.482595	4.9123707
0.37142104	0.48330876	-10.442237	4.8835726
0.36830249	0.48653039	-10.464098	4.8712306
0.36830249	0.47847632	-10.485119	4.8630023
0.37142104	0.48234227	-10.35563	4.8753443
0.36986178	0.49522877	-10.475869	4.8835726
0.36830249	0.48653039	-10.437191	4.8753443
0.36986178	0.4923293	-10.473348	4.8959146
0.37142104	0.49200714	-10.483438	4.8794584
0.36518401	0.50360501	-10.362356	4.9329405
0.36518401	0.49683958	-10.448963	4.8712306
0.37453958	0.49007416	-10.478392	4.8753443
0.36050621	0.48878554	-10.449803	4.9041424
0.37298033	0.48266444	-10.475029	4.9000287
0.37453958	0.47525468	-10.413648	4.8794584
0.37453958	0.48169795	-10.462417	4.8794584
0.37453958	0.4675228	-10.463257	4.8753443
0.37142104	0.46945578	-10.473348	4.8918004
0.37142104	0.47235525	-10.473348	4.8918004
0.37609884	0.47622117	-10.357311	4.8835726
0.36674324	0.47171092	-10.428782	4.8753443
0.37142104	0.4701001	-10.451485	4.8671165
0.37609884	0.47332174	-10.468302	4.8918004
0.37142104	0.47332174	-10.452326	4.8876863
0.37298033	0.48942986	-10.311906	4.9247127
0.37142104	0.48846337	-10.435509	4.8959146
0.37298033	0.49071848	-10.453167	4.9123707
0.36674324	0.50070554	-10.485119	4.9082565
0.37298033	0.49458444	-10.488482	4.9082565
0.36986178	0.48524174	-10.438032	4.8918004
0.37453958	0.47783199	-10.448122	4.8918004
0.36830249	0.48427525	-10.442237	4.9247127
0.36986178	0.47718766	-10.337131	4.9082565
0.36830249	0.47074443	-10.460734	4.8753443
0.37298033	0.47267741	-10.464938	4.9082565
0.36830249	0.47718766	-10.453167	4.9411688
0.36830249	0.47396606	-10.42626	4.9041424
0.37298033	0.48653039	-10.34554	4.9000287
0.36830249	0.47299957	-10.464098	4.8959146
0.37298033	0.48008713	-10.460734	4.9288268
0.36674324	0.48363093	-10.435509	4.9123707
0.36518401	0.48330876	-10.475869	4.9329405
0.36674324	0.48749688	-10.432146	4.8959146
0.37453958	0.47493255	-10.464098	4.8918004
0.36674324	0.48008713	-10.471665	4.8918004
0.36830249	0.49329579	-10.461576	4.9288268
0.36518401	0.48781905	-10.459894	4.9123707
0.36830249	0.48169795	-10.436351	4.8959146
0.36050621	0.48395309	-10.463257	4.9205985
0.36830249	0.49136281	-10.47671	4.9329405
0.36050621	0.48266444	-10.353948	4.9164848
0.36986178	0.47815415	-10.46662	4.9247127
0.37298033	0.47847632	-10.473348	4.9205985
0.36362472	0.4829866	-10.488482	4.9205985
0.36986178	0.47042227	-10.478392	4.8918004
0.36518401	0.47396606	-10.410284	4.9288268
0.36674324	0.48137578	-10.474188	4.9411688
0.36986178	0.48202011	-10.430465	4.9041424
0.37142104	0.48427525	-10.482595	4.9164848
0.36830249	0.49329579	-10.471665	4.9370546
0.36830249	0.48878554	-10.449803	4.9164848
0.36830249	0.49168497	-10.45653	4.9535108
0.36986178	0.48685256	-10.469144	4.9123707
0.36830249	0.4923293	-10.477551	4.9247127
0.36830249	0.49716175	-10.4456	4.9411688
0.36518401	0.48814121	-10.424579	4.9452829
0.36362472	0.48588607	-10.434669	4.9411688
0.36986178	0.47525468	-10.480914	4.9123707
0.36830249	0.47299957	-10.400194	4.9288268
0.36830249	0.48363093	-10.450644	4.9535108
0.36674324	0.48105362	-10.451485	4.9370546
0.36986178	0.4855639	-10.451485	4.9411688
0.36986178	0.4891077	-10.497732	4.9452829
0.36362472	0.4891077	-10.451485	4.9535108
0.37142104	0.48073146	-10.432146	4.9041424
0.37142104	0.48846337	-10.443918	4.9411688
0.37142104	0.48491958	-10.467461	4.9205985
0.36986178	0.48814121	-10.469144	4.9205985
0.36986178	0.49458444	-10.404398	4.9576249
0.36986178	0.48717472	-10.485119	4.9082565
0.36362472	0.49071848	-10.474188	4.9288268
0.36674324	0.48942986	-10.446441	4.9329405
0.36830249	0.49104065	-10.459053	4.9493966
0.36830249	0.48878554	-10.311906	4.9329405
0.36830249	0.49007416	-10.472507	4.9329405
0.36518401	0.49651742	-10.454007	4.9329405
0.36986178	0.48137578	-10.352266	4.9082565
0.36674324	0.48266444	-10.435509	4.9576249
0.37453958	0.46848929	-10.454848	4.9082565
0.36050621	0.48040929	-10.454007	4.9411688
0.36830249	0.47750983	-10.46662	4.9247127
0.36830249	0.49329579	-10.421215	4.9781952
0.36674324	0.50489366	-10.459053	4.9658527
0.36986178	0.50199419	-10.468302	4.9576249
0.36986178	0.49812824	-10.459053	4.9493966
0.36674324	0.50972611	-10.481755	4.986423
0.37142104	0.5106926	-10.443918	4.9617391
0.36518401	0.49555093	-10.451485	4.9370546
0.36362472	0.49168497	-10.48596	4.9617391
0.36986178	0.48588607	-10.46662	4.9535108
0.36362472	0.48685256	-10.461576	4.998765
0.37142104	0.48073146	-10.449803	4.9535108
0.36830249	0.48653039	-10.448963	4.974081
0.36518401	0.4949066	-10.471665	4.998765
0.36674324	0.50747097	-10.380014	4.9905372
0.36986178	0.50199419	-10.483438	4.986423
0.36206546	0.50263852	-10.475869	4.986423
0.36674324	0.49522877	-10.452326	4.9658527
0.36518401	0.49555093	-10.467461	4.986423
0.36986178	0.50360501	-10.350584	4.9946508
0.37609884	0.50296068	-10.494368	4.974081
0.36830249	0.49748391	-10.458212	4.9617391
0.36830249	0.4984504	-10.475869	4.9946508
0.36518401	0.51230341	-10.469984	5.0357914
0.36830249	0.50360501	-10.457372	4.9699669
0.36206546	0.50424933	-10.422896	5.0069933
0.36518401	0.50618231	-10.467461	5.0069933
0.36518401	0.49877256	-10.448122	5.0028791
0.36518401	0.48717472	-10.475029	4.9452829
0.37453958	0.48878554	-10.42626	4.9946508
0.36518401	0.49555093	-10.46662	4.9946508
0.36830249	0.49619526	-10.475869	4.9946508
0.37298033	0.49587309	-10.435509	4.998765
0.36050621	0.48137578	-10.449803	4.9658527
0.36674324	0.47267741	-10.415329	4.9658527
0.36830249	0.49007416	-10.482595	5.0152211
0.36518401	0.49458444	-10.468302	5.0234494
0.37298033	0.50038338	-10.348062	5.0028791
0.36830249	0.5071488	-10.449803	4.9905372
0.36830249	0.50489366	-10.468302	5.0069933
0.36206546	0.51133692	-10.482595	5.0604749
0.37142104	0.50586015	-10.463257	4.986423
0.37142104	0.50263852	-10.461576	5.0152211
0.36830249	0.49683958	-10.471665	4.986423
0.36830249	0.48942986	-10.390945	4.998765
0.36518401	0.49200714	-10.460734	5.011107
0.36674324	0.47783199	-10.449803	4.974081
0.36986178	0.48588607	-10.378332	5.0069933
0.36674324	0.4891077	-10.463257	5.0028791
0.36830249	0.49136281	-10.421215	5.011107
0.36830249	0.48459741	-10.465779	4.998765
0.36830249	0.4923293	-10.453167	5.0193353
0.36362472	0.50263852	-10.418693	5.0357914
0.36206546	0.49458444	-10.447281	5.0357914
0.36362472	0.50006121	-10.471665	5.0316772
0.36362472	0.50972611	-10.508663	5.0193353
0.36674324	0.49651742	-10.434669	5.0234494
0.37298033	0.49716175	-10.42626	5.0275631
0.37142104	0.49265146	-10.482595	4.9946508
0.36674324	0.47783199	-10.461576	5.0069933
0.36518401	0.48524174	-10.469144	5.0152211
0.37142104	0.47493255	-10.475029	4.9823089
0.36362472	0.48234227	-10.452326	5.0563612
0.36206546	0.49136281	-10.48596	5.0316772
0.36206546	0.48942986	-10.441395	5.0316772
0.36362472	0.49329579	-10.457372	5.0234494
0.36518401	0.50328285	-10.465779	5.064589
0.36674324	0.5010277	-10.788662	5.0193353
0.36362472	0.50328285	-10.479233	5.0193353
0.36206546	0.52067959	-10.478392	5.0604749
0.36050621	0.52261257	-10.469984	5.052247
0.36830249	0.52970016	-10.475029	5.0563612
0.36518401	0.52100176	-10.35647	5.0357914
0.36830249	0.50489366	-10.467461	5.011107
0.37142104	0.50199419	-10.468302	5.0234494
0.36674324	0.49812824	-10.472507	5.0152211
0.37298033	0.49039632	-10.467461	4.9905372
0.37765813	0.48202011	-10.85677	4.9946508
0.36674324	0.48491958	-10.454007	4.9946508
0.37142104	0.47944281	-10.451485	5.0234494
0.36986178	0.47847632	-10.438872	4.998765
0.36518401	0.48524174	-10.431305	5.0069933
0.36674324	0.48620823	-10.448122	4.998765
0.36518401	0.49329579	-10.440554	5.0440192
0.35426912	0.49361795	-10.475029	5.0399051
0.35582837	0.4949066	-10.458212	5.0193353
0.36362472	0.4984504	-10.430465	5.0440192
0.36830249	0.49555093	-10.464938	5.011107
0.36518401	0.50779313	-10.459894	5.0728173
0.36986178	0.50586015	-10.442237	5.0399051
0.38077661	0.513592	-10.488482	5.0440192
0.37921739	0.51681364	-10.340494	5.0481334
0.37609884	0.51520282	-10.464938	5.0687032
0.38077661	0.51198125	-10.480074	5.0481334
0.38077661	0.50070554	-10.464938	5.0275631
0.38389516	0.50424933	-10.497732	5.0357914
0.37921739	0.49555093	-10.344698	5.0440192
0.38389516	0.49007416	-10.452326	5.0193353
0.37765813	0.50489366	-10.469144	5.0563612
0.3870137	0.50006121	-10.438032	5.052247
0.38389516	0.49136281	-10.4456	5.0481334
0.39169151	0.47976497	-10.401035	5.0069933
0.38545445	0.49683958	-10.449803	5.0440192
0.38389516	0.4891077	-10.461576	5.0399051
0.38857296	0.49683958	-10.454848	5.052247
0.39013225	0.51004827	-10.489323	5.0810452
0.38545445	0.50296068	-10.394308	5.0563612
0.39169151	0.49877256	-10.4456	5.0275631
0.39325073	0.50134987	-10.448122	5.064589
0.3870137	0.50682664	-10.470825	5.0810452
0.3870137	0.5071488	-10.449803	5.0604749
0.39325073	0.49104065	-10.383377	5.0193353
0.3870137	0.49973905	-10.461576	5.0563612
0.39013225	0.50424933	-10.486801	5.076931
0.38545445	0.50521582	-10.449803	5.0728173
0.38857296	0.49683958	-10.464938	5.0481334
0.39636928	0.50360501	-10.469984	5.0563612
0.39169151	0.49748391	-10.470825	5.0357914
0.39169151	0.51326984	-10.483438	5.1016154
0.39636928	0.51745796	-10.472507	5.0604749
0.38389516	0.51649147	-10.449803	5.0604749
0.40260637	0.51230341	-10.434669	5.0316772
0.39792857	0.5045715	-10.45653	5.0440192
0.40260637	0.49329579	-10.47671	5.0357914
0.39481002	0.49458444	-10.443918	5.0440192
0.40104708	0.50843745	-10.464098	5.0728173
0.38545445	0.5045715	-10.430465	5.0604749
0.40104708	0.50134987	-10.454007	5.052247
0.39013225	0.5010277	-10.460734	5.052247
0.39169151	0.50199419	-10.486801	5.0357914
0.39325073	0.48363093	-10.446441	5.0275631
0.39481002	0.48395309	-10.450644	5.0440192
0.39169151	0.49716175	-10.4456	5.0563612
0.39792857	0.48846337	-10.453167	5.0440192
0.39792857	0.4855639	-10.429624	5.052247
0.39169151	0.49136281	-10.428782	5.0604749
0.39792857	0.49168497	-10.449803	5.0316772
0.39481002	0.49265146	-10.436351	5.0357914
0.39481002	0.5045715	-10.487641	5.0440192
0.39169151	0.49039632	-10.433827	5.0069933
0.39948782	0.49619526	-10.460734	5.052247
0.39169151	0.48814121	-10.45653	5.0357914
0.39325073	0.48330876	-10.390103	5.0357914
0.39636928	0.49973905	-10.481755	5.076931
0.39169151	0.49877256	-10.452326	5.0810452
0.39013225	0.50360501	-10.458212	5.0687032
0.39481002	0.4923293	-10.473348	5.0357914
0.3870137	0.5010277	-10.353948	5.064589
0.39013225	0.50263852	-10.461576	5.0851593
0.3870137	0.50553799	-10.459894	5.064589
0.40104708	0.49039632	-10.467461	5.0399051
0.39013225	0.49683958	-10.459053	5.0604749
0.39013225	0.51101476	-10.430465	5.0975013
0.39792857	0.51294768	-10.481755	5.1057291
0.39325073	0.51939094	-10.469984	5.0810452
0.38389516	0.51842445	-10.507821	5.0563612
0.39169151	0.51133692	-10.454007	5.0316772
0.39481002	0.50328285	-10.454848	5.064589
0.39013225	0.49071848	-10.491845	5.052247
0.39792857	0.48781905	-10.469144	5.0399051
0.39013225	0.49780607	-10.448122	5.0851593
0.39325073	0.48878554	-10.461576	5.0563612
0.39013225	0.49200714	-10.437191	5.0687032
0.38857296	0.50038338	-10.482595	5.089273
0.39013225	0.50167203	-10.448963	5.0728173
0.39325073	0.49555093	-10.469144	5.0481334
0.39481002	0.4984504	-10.50698	5.0563612
0.39792857	0.50682664	-10.458212	5.064589
0.39948782	0.49877256	-10.488482	5.0481334
0.39481002	0.5010277	-10.454848	5.052247
0.39481002	0.49748391	-10.425419	5.0851593
0.39169151	0.5045715	-10.443076	5.0728173
0.3870137	0.50199419	-10.401875	5.0604749
0.39636928	0.49780607	-10.474188	5.0604749
0.39636928	0.49780607	-10.485119	5.0810452
0.39325073	0.49071848	-10.483438	5.052247
0.39169151	0.49265146	-10.459053	5.0563612
0.39636928	0.48975202	-10.440554	5.0810452
0.39013225	0.50328285	-10.465779	5.089273
0.39636928	0.49941689	-10.465779	5.0933871
0.39325073	0.50134987	-10.449803	5.0687032
0.39013225	0.50038338	-10.467461	5.0563612
0.39169151	0.50424933	-10.440554	5.0810452
0.39792857	0.49716175	-10.490164	5.0687032
0.38857296	0.49200714	-10.42626	5.0399051
0.39013225	0.50296068	-10.430465	5.0810452
0.39481002	0.4984504	-10.448963	5.0357914
0.39325073	0.50360501	-10.452326	5.064589
0.39169151	0.50296068	-10.468302	5.0563612
0.39948782	0.50231636	-10.45569	5.0440192
0.39169151	0.5045715	-10.386741	5.0563612
0.39169151	0.50231636	-10.4456	5.0810452
0.39792857	0.49104065	-10.34638	5.0399051
0.39792857	0.48040929	-10.427941	5.0193353
0.39792857	0.48975202	-10.483438	5.0440192
0.38857296	0.50521582	-10.350584	5.0810452
0.40260637	0.4984504	-10.46662	5.0604749
0.39169151	0.48588607	-10.428782	5.0563612
0.39636928	0.50328285	-10.454848	5.076931
0.40104708	0.50489366	-10.45653	5.052247
0.39325073	0.51326984	-10.467461	5.1139574
0.39169151	0.49812824	-10.469984	5.0399051
0.38857296	0.51037043	-10.436351	5.0728173
0.40104708	0.49973905	-10.459894	5.0357914
0.3870137	0.51488066	-10.458212	5.1057291
0.38857296	0.51326984	-10.449803	5.0933871
0.38857296	0.50682664	-10.450644	5.0563612
0.39325073	0.50618231	-10.414488	5.0687032
0.40104708	0.49748391	-10.459894	5.0440192
0.39169151	0.50811529	-10.459894	5.1016154
0.39169151	0.50392717	-10.435509	5.0604749
0.39169151	0.4891077	-10.434669	5.0234494
0.39169151	0.4829866	-10.480074	5.052247
0.39013225	0.49458444	-10.472507	5.076931
0.39013225	0.49104065	-10.453167	5.0604749
0.39169151	0.4829866	-10.453167	5.052247
0.39169151	0.49458444	-10.483438	5.0687032
0.39169151	0.50199419	-10.459053	5.0687032
0.3870137	0.50392717	-10.442237	5.076931
0.39325073	0.49071848	-10.458212	5.0357914
0.39169151	0.4855639	-10.368242	5.0440192
0.39481002	0.49039632	-10.483438	5.0563612
0.38545445	0.48814121	-10.474188	5.0563612
0.39481002	0.48717472	-10.465779	5.0316772
0.3870137	0.50489366	-10.454848	5.089273
0.39325073	0.49619526	-10.450644	5.0687032
0.38857296	0.49973905	-10.441395	5.0810452
0.39169151	0.48008713	-10.447281	5.0604749
0.39636928	0.50006121	-10.471665	5.0851593
0.39792857	0.49104065	-10.419534	5.064589
0.39792857	0.50038338	-10.348903	5.076931
0.39636928	0.49909472	-10.499413	5.0975013
0.39636928	0.49200714	-10.478392	5.0481334
0.39013225	0.49748391	-10.452326	5.0687032
0.39325073	0.4984504	-10.463257	5.064589
0.39792857	0.49812824	-10.436351	5.076931
0.39169151	0.50328285	-10.47671	5.0728173
0.39169151	0.50070554	-10.427101	5.0604749
0.39948782	0.49168497	-10.432987	5.0357914
0.39325073	0.50586015	-10.447281	5.0933871
0.39013225	0.51584715	-10.458212	5.076931
0.39636928	0.50811529	-10.45569	5.0563612
0.39169151	0.49265146	-10.434669	5.0604749
0.39481002	0.48266444	-10.461576	5.0399051
0.39325073	0.48942986	-10.430465	5.0728173
0.39013225	0.49587309	-10.41701	5.0851593
0.39792857	0.48008713	-10.469144	5.0481334
0.39481002	0.47783199	-10.451485	5.0440192
0.39169151	0.48846337	-10.454848	5.089273
0.39325073	0.4923293	-10.469144	5.0728173
0.39169151	0.49071848	-10.348062	5.0440192
0.39013225	0.49587309	-10.474188	5.0563612
0.38857296	0.50553799	-10.464098	5.1098433
0.39169151	0.50747097	-10.422896	5.0687032
0.38545445	0.51842445	-10.457372	5.1057291
0.38857296	0.52164608	-10.42626	5.089273
0.38545445	0.51616931	-10.481755	5.0810452
0.39169151	0.50328285	-10.454007	5.052247
0.39169151	0.49265146	-10.474188	5.064589
0.38857296	0.49297363	-10.459894	5.0933871
0.39169151	0.50199419	-10.4456	5.1098433
0.39325073	0.48395309	-10.444759	5.0975013
0.38545445	0.49265146	-10.443076	5.1098433
0.39013225	0.49458444	-10.454007	5.0851593
0.38389516	0.49522877	-10.443918	5.1098433
0.39013225	0.50618231	-10.477551	5.1509833
0.39636928	0.50263852	-10.459894	5.0810452
0.39169151	0.51939094	-10.459894	5.1221852
0.38857296	0.52261257	-10.35647	5.1180716
0.39013225	0.5010277	-10.464938	5.076931
0.39169151	0.50875962	-10.439713	5.1098433
0.39169151	0.52035743	-10.479233	5.1386414
0.39169151	0.51004827	-10.431305	5.1057291
0.39013225	0.51520282	-10.440554	5.0975013
0.39325073	0.50972611	-10.477551	5.1057291
0.39325073	0.49522877	-10.448963	5.089273
0.39013225	0.4923293	-10.448963	5.0933871
0.39013225	0.49941689	-10.465779	5.1016154
0.39481002	0.4984504	-10.436351	5.1180716
0.39013225	0.48459741	-10.457372	5.0687032
0.39325073	0.4855639	-10.481755	5.0851593
0.39013225	0.48717472	-10.465779	5.1139574
0.39481002	0.48427525	-10.462417	5.1057291
0.39636928	0.4855639	-10.427101	5.0975013
0.3870137	0.50167203	-10.479233	5.1221852
0.39169151	0.49877256	-10.479233	5.1098433
0.39169151	0.49168497	-10.448963	5.0851593
0.38857296	0.49683958	-10.468302	5.1180716
0.39013225	0.49683958	-10.438872	5.1098433
0.39013225	0.4923293	-10.453167	5.0933871
0.39169151	0.50006121	-10.429624	5.1098433
0.39013225	0.50134987	-10.477551	5.1427555
0.38857296	0.50360501	-10.435509	5.1262994
0.39013225	0.49168497	-10.471665	5.1098433
0.39481002	0.50006121	-10.472507	5.1057291
0.38545445	0.49812824	-10.482595	5.1262994
0.39636928	0.49651742	-10.423738	5.0851593
0.39325073	0.50489366	-10.464098	5.1057291
0.39636928	0.50521582	-10.475029	5.1304135
0.38857296	0.4949066	-10.464938	5.0851593
0.38545445	0.49555093	-10.458212	5.0851593
0.39636928	0.5010277	-10.429624	5.1098433
0.39325073	0.49812824	-10.434669	5.1098433
0.39481002	0.50134987	-10.447281	5.0933871
0.39325073	0.50489366	-10.435509	5.0975013
0.39481002	0.50199419	-10.475029	5.0975013
0.39481002	0.49780607	-10.388422	5.0933871
0.39636928	0.48749688	-10.464938	5.076931
0.39325073	0.49200714	-10.45653	5.1221852
0.38389516	0.49716175	-10.311065	5.1139574
0.38389516	0.5106926	-10.440554	5.1304135
0.39013225	0.48846337	-10.442237	5.0975013
0.39325073	0.49104065	-10.451485	5.1098433
0.38857296	0.50360501	-10.472507	5.1468697
0.39169151	0.5106926	-10.468302	5.1221852
0.38545445	0.51520282	-10.492686	5.1304135
0.39325073	0.51101476	-10.491845	5.1057291
0.39792857	0.51133692	-10.468302	5.1304135
0.38857296	0.5258342	-10.457372	5.1468697
0.39013225	0.50875962	-10.397672	5.0975013
0.39013225	0.50843745	-10.428782	5.0975013
0.38857296	0.51294768	-10.475029	5.1345277
0.39013225	0.50521582	-10.461576	5.1098433
0.39636928	0.50682664	-10.469984	5.0975013
0.39325073	0.50070554	-10.45653	5.0933871
0.38857296	0.49587309	-10.440554	5.1098433
0.39169151	0.50006121	-10.447281	5.1262994
0.39325073	0.5106926	-10.353107	5.1221852
0.3823359	0.50263852	-10.477551	5.1386414
0.39792857	0.49200714	-10.447281	5.0975013
0.3870137	0.49039632	-10.480074	5.1139574
0.38545445	0.49812824	-10.467461	5.1221852
0.39792857	0.48749688	-10.450644	5.0933871
0.39169151	0.49361795	-10.472507	5.0975013
0.39325073	0.48846337	-10.472507	5.089273
0.3870137	0.49812824	-10.471665	5.1221852
0.39325073	0.49200714	-10.45653	5.0851593
0.39169151	0.50747097	-10.430465	5.1098433
0.39636928	0.49555093	-10.483438	5.1057291
0.38857296	0.49973905	-10.46662	5.1427555
0.3870137	0.4949066	-10.461576	5.1180716
0.39792857	0.49619526	-10.458212	5.1098433
0.39169151	0.49426228	-10.279114	5.1139574
0.39013225	0.50489366	-10.442237	5.1592116
0.39169151	0.49007416	-10.46662	5.1016154
0.39325073	0.48008713	-10.448963	5.1139574
0.39636928	0.48975202	-10.485119	5.1262994
0.39792857	0.49168497	-10.458212	5.1262994
0.39636928	0.48942986	-10.452326	5.1057291
0.38545445	0.49426228	-10.467461	5.1262994
0.3870137	0.50392717	-10.45569	5.1221852
0.39636928	0.49780607	-10.467461	5.0975013
0.39325073	0.49877256	-10.444759	5.1509833
0.40104708	0.5010277	-10.479233	5.1098433
0.3870137	0.50489366	-10.463257	5.1180716
0.38077661	0.51423633	-10.453167	5.1550975
0.39169151	0.51681364	-10.422896	5.1550975
0.39169151	0.50747097	-10.279954	5.1057291
0.39013225	0.50747097	-10.467461	5.1345277
0.39013225	0.49812824	-10.461576	5.1180716
0.38857296	0.49651742	-10.3859	5.1180716
0.39013225	0.50231636	-10.480914	5.1139574
0.39325073	0.49812824	-10.489323	5.1139574
0.39169151	0.48685256	-10.4456	5.0975013
0.39013225	0.4891077	-10.459053	5.1098433
0.39169151	0.49651742	-10.427941	5.1427555
0.38545445	0.50134987	-10.462417	5.1262994
0.39169151	0.5010277	-10.42626	5.1262994
0.39013225	0.50682664	-10.47671	5.1139574
0.38545445	0.513592	-10.475869	5.1550975
0.39481002	0.51262558	-10.415329	5.1262994
0.38857296	0.50940394	-10.453167	5.1180716
0.38545445	0.5045715	-10.486801	5.1386414
0.39325073	0.4949066	-10.451485	5.1180716
0.38857296	0.49458444	-10.4456	5.1016154
0.38857296	0.49812824	-10.327882	5.1262994
0.38545445	0.50908178	-10.45653	5.1509833
0.39481002	0.4984504	-10.496891	5.1180716
0.3870137	0.4984504	-10.404398	5.1262994
0.39013225	0.49039632	-10.439713	5.1057291
0.3870137	0.4984504	-10.438872	5.1304135
0.38389516	0.49587309	-10.487641	5.1262994
0.39325073	0.50070554	-10.499413	5.1427555
0.38857296	0.5071488	-10.436351	5.1304135
0.38857296	0.50618231	-10.470825	5.1139574
0.38389516	0.51326984	-10.461576	5.1345277
0.39169151	0.50618231	-10.444759	5.1221852
0.39013225	0.49716175	-10.4456	5.089273
0.38857296	0.49716175	-10.359834	5.0975013
0.39325073	0.50908178	-10.472507	5.1221852
0.39013225	0.50650448	-10.469144	5.1262994
0.39169151	0.50263852	-10.467461	5.1098433
0.39636928	0.49683958	-10.474188	5.1221852
0.39013225	0.49458444	-10.395989	5.1139574
0.39169151	0.49941689	-10.46662	5.1386414
0.39013225	0.49007416	-10.442237	5.1509833
0.38857296	0.48363093	-10.371606	5.1098433
0.38857296	0.48234227	-10.464938	5.1139574
0.39013225	0.4923293	-10.348903	5.1262994
0.39481002	0.49877256	-10.446441	5.1550975
0.3870137	0.50360501	-10.475029	5.1386414
0.39169151	0.50586015	-10.380855	5.1345277
0.39325073	0.50940394	-10.483438	5.1509833
0.38857296	0.51294768	-10.36572	5.1592116
0.39169151	0.51616931	-10.454848	5.1756678
0.3870137	0.51649147	-10.449803	5.1304135
0.39325073	0.49619526	-10.918992	5.1304135
0.38857296	0.50070554	-10.430465	5.1386414
0.39013225	0.5106926	-10.45653	5.1468697
0.38545445	0.51133692	-10.482595	5.1509833
0.39013225	0.52003527	-10.475869	5.1633258
0.39636928	0.51488066	-10.478392	5.1427555
0.3870137	0.51004827	-10.462417	5.1550975
0.39013225	0.49039632	-10.459053	5.1139574
0.38857296	0.49587309	-10.474188	5.1304135
0.38857296	0.48846337	-10.464938	5.1139574
0.3870137	0.49555093	-10.392627	5.1468697
0.39481002	0.50006121	-10.454007	5.1262994
0.3870137	0.50038338	-10.440554	5.1262994
0.3870137	0.52035743	-10.480914	5.1797819
0.3870137	0.51745796	-10.442237	5.1386414
0.39169151	0.51616931	-10.405239	5.1550975
0.39481002	0.51391417	-10.491845	5.1386414
0.39169151	0.51778013	-10.462417	5.1304135
0.39169151	0.5106926	-10.484279	5.1304135
0.39169151	0.50296068	-10.448963	5.1386414
0.38857296	0.5071488	-10.421215	5.1592116
0.39169151	0.50553799	-10.460734	5.1550975
0.39169151	0.5106926	-10.452326	5.1427555
0.39636928	0.50006121	-10.391786	5.1345277
0.39013225	0.49812824	-10.488482	5.1468697
0.39013225	0.50360501	-10.374969	5.1550975
0.39325073	0.50811529	-10.464098	5.1468697
0.3870137	0.51198125	-10.432146	5.1715536
0.39013225	0.52100176	-10.442237	5.1880097
0.39013225	0.52422339	-10.45569	5.1592116
0.3870137	0.52680069	-10.413648	5.1592116
0.38389516	0.50489366	-10.475869	5.1427555
0.38857296	0.51745796	-10.459053	5.1756678
0.38545445	0.5106926	-10.464098	5.1468697
0.3870137	0.50940394	-10.441395	5.1468697
0.3870137	0.5071488	-10.396831	5.1509833
0.39013225	0.50650448	-10.462417	5.1715536
0.38857296	0.51198125	-10.481755	5.1838956
0.39325073	0.51004827	-10.405239	5.1592116
0.39481002	0.49587309	-10.475869	5.1262994
0.39636928	0.49748391	-10.472507	5.1468697
0.39169151	0.50231636	-10.465779	5.1715536
0.38857296	0.50650448	-10.454007	5.1550975
0.39948782	0.4984504	-10.408603	5.1386414
0.39792857	0.49200714	-10.464098	5.1345277
0.3870137	0.50263852	-10.472507	5.1715536
0.39481002	0.5071488	-10.475869	5.1427555
0.39013225	0.50006121	-10.442237	5.1386414
0.39169151	0.50424933	-10.463257	5.1592116
0.38389516	0.51165909	-10.450644	5.1592116
0.3870137	0.50618231	-10.463257	5.1509833
0.39013225	0.5045715	-10.464098	5.1550975
0.38389516	0.51842445	-10.492686	5.2003517
0.38545445	0.50296068	-10.329563	5.1550975
0.39013225	0.51520282	-10.465779	5.2126937
0.38857296	0.51455849	-10.487641	5.1797819
0.38389516	0.49780607	-10.4456	5.1468697
0.39013225	0.49877256	-10.459053	5.1715536
0.39792857	0.49748391	-10.480074	5.1674395
0.38857296	0.50199419	-10.458212	5.1838956
0.38857296	0.49297363	-10.447281	5.1715536
0.39169151	0.48942986	-10.436351	5.1427555
0.3870137	0.50586015	-10.479233	5.1921239
0.39013225	0.52003527	-10.435509	5.1962376
0.38389516	0.51294768	-10.427101	5.1838956
0.38857296	0.51552498	-10.478392	5.1715536
0.39013225	0.51004827	-10.467461	5.1468697
0.38389516	0.51391417	-10.45569	5.2126937
0.3870137	0.51939094	-10.380855	5.2044659
0.39169151	0.51101476	-10.438872	5.1838956
0.3823359	0.50618231	-10.451485	5.2003517
0.39636928	0.50360501	-10.473348	5.220922
0.39169151	0.49683958	-10.462417	5.1756678
0.38857296	0.50006121	-10.366561	5.1715536
0.38857296	0.50811529	-10.461576	5.2044659
0.39481002	0.50424933	-10.463257	5.1880097
0.38545445	0.50199419	-10.428782	5.1715536
0.39169151	0.49973905	-10.453167	5.1797819
0.39013225	0.50908178	-10.395149	5.2044659
0.3870137	0.50650448	-10.45569	5.1838956
0.39013225	0.49909472	-10.477551	5.2003517
0.39169151	0.51455849	-10.499413	5.2250361
0.39481002	0.51520282	-10.451485	5.1756678
0.3870137	0.50811529	-10.867702	5.1550975
0.38389516	0.51294768	-10.437191	5.2250361
0.38857296	0.50682664	-10.465779	5.1921239
0.39013225	0.50489366	-10.391786	5.1921239
0.39636928	0.49973905	-10.47671	5.1962376
0.3870137	0.50811529	-10.448963	5.2250361
0.3870137	0.51681364	-10.443076	5.2250361
0.3823359	0.51616931	-10.465779	5.220922
0.38857296	0.51165909	-10.483438	5.20858
0.38389516	0.52100176	-10.448963	5.2291498
0.39325073	0.50811529	-10.363197	5.1633258
0.39013225	0.51488066	-10.446441	5.2168078
0.39169151	0.52390122	-10.483438	5.2291498
0.38857296	0.51455849	-10.340494	5.1962376
0.39013225	0.50811529	-10.464098	5.220922
0.39481002	0.50682664	-10.464098	5.1962376
0.3870137	0.51198125	-10.504458	5.2250361
0.39169151	0.50231636	-10.459053	5.1838956
0.39325073	0.50682664	-10.370765	5.2168078
0.37921739	0.51262558	-10.474188	5.2291498
0.38545445	0.50843745	-10.436351	5.1962376
0.39169151	0.50618231	-10.430465	5.2126937
0.39013225	0.513592	-10.494368	5.220922
0.38857296	0.51037043	-10.410284	5.2291498
0.38857296	0.51004827	-10.470825	5.2168078
0.38857296	0.50908178	-10.48596	5.2044659
0.38857296	0.5071488	-10.454848	5.2003517
0.39169151	0.51165909	-10.450644	5.220922
0.39325073	0.51230341	-10.369924	5.2003517
0.38389516	0.51810229	-10.461576	5.220922
0.3870137	0.52486771	-10.486801	5.20858
0.38389516	0.52841151	-10.425419	5.2168078
0.39013225	0.5258342	-10.491845	5.2250361
0.39792857	0.52164608	-10.448122	5.1921239
0.39013225	0.52615637	-10.475029	5.2414923
0.38077661	0.52551204	-10.481755	5.2291498
0.39013225	0.50940394	-10.446441	5.1838956
0.39636928	0.50392717	-10.438872	5.1921239
0.39169151	0.51165909	-10.394308	5.2250361
0.39792857	0.50392717	-10.442237	5.1756678
0.39169151	0.50650448	-10.470825	5.220922
0.39636928	0.50424933	-10.459053	5.1921239
0.38857296	0.50167203	-10.437191	5.1880097
0.39013225	0.50908178	-10.427941	5.2044659
0.39325073	0.51616931	-10.464938	5.2250361
0.39169151	0.52293473	-10.469144	5.20858
0.39325073	0.50553799	-10.472507	5.1674395
0.39169151	0.50263852	-10.454848	5.1797819
0.39169151	0.51294768	-10.472507	5.2168078
0.39169151	0.52100176	-10.474188	5.2456059
0.39481002	0.51198125	-10.458212	5.1756678
0.38857296	0.50972611	-10.484279	5.2044659
0.39169151	0.51133692	-10.482595	5.1962376
0.39481002	0.49909472	-10.41701	5.2126937
0.39481002	0.48975202	-10.434669	5.1756678
0.39013225	0.49877256	-10.45569	5.2003517
0.39481002	0.49587309	-10.469144	5.1838956
0.38545445	0.51198125	-10.47671	5.2414923
0.39325073	0.51004827	-10.389263	5.1797819
0.3870137	0.50392717	-10.435509	5.1715536
0.38857296	0.50424933	-10.464098	5.1797819
0.39636928	0.50231636	-10.47671	5.1880097
0.38857296	0.4949066	-10.435509	5.1550975
0.39792857	0.49780607	-10.423738	5.1592116
0.39013225	0.50134987	-10.463257	5.1838956
0.39325073	0.50070554	-10.469144	5.1756678
0.39013225	0.50779313	-10.349744	5.2126937
0.38857296	0.50779313	-10.469144	5.1797819
0.3870137	0.513592	-10.451485	5.20858
0.39013225	0.52647853	-10.488482	5.2168078
0.39325073	0.51778013	-10.453167	5.1962376
0.38857296	0.50586015	-10.384218	5.1633258
0.39481002	0.51037043	-10.488482	5.1962376
0.39169151	0.50038338	-10.457372	5.1838956
0.39169151	0.50360501	-10.482595	5.1633258
0.39169151	0.50263852	-10.489323	5.2126937
0.39481002	0.50038338	-10.351425	5.1838956
0.3870137	0.50296068	-10.444759	5.1880097
0.3870137	0.50167203	-10.434669	5.1921239
0.38857296	0.50940394	-10.458212	5.2291498
0.3870137	0.51230341	-10.483438	5.2044659
0.39325073	0.51681364	-10.413648	5.2044659
0.39481002	0.51649147	-10.483438	5.1880097
0.39013225	0.50843745	-10.468302	5.1962376
0.3870137	0.51488066	-10.45653	5.2003517
0.39169151	0.51488066	-10.436351	5.2126937
0.39013225	0.50875962	-10.418693	5.1880097
0.39481002	0.50553799	-10.467461	5.1880097
0.39169151	0.5071488	-10.464938	5.2044659
0.3823359	0.49909472	-10.433827	5.1797819
0.3823359	0.50747097	-10.431305	5.220922
0.38077661	0.50553799	-10.363197	5.1962376
0.38545445	0.49909472	-10.448122	5.2044659
0.39481002	0.49877256	-10.481755	5.1838956
0.38857296	0.50843745	-10.464098	5.2044659
0.38389516	0.50038338	-10.427101	5.1880097
0.39169151	0.49329579	-10.311906	5.2044659
0.38077661	0.50360501	-10.444759	5.2003517
0.39325073	0.50489366	-10.429624	5.1838956
0.39013225	0.51423633	-10.395989	5.2250361
0.3870137	0.51616931	-10.46662	5.2044659
0.38389516	0.51423633	-10.477551	5.1880097
0.39013225	0.51520282	-10.45653	5.20858
0.38389516	0.50779313	-10.458212	5.20858
0.38857296	0.50038338	-10.361515	5.1715536
0.3870137	0.50521582	-10.454007	5.2497201
0.38545445	0.50328285	-10.46662	5.1880097
0.39325073	0.49651742	-10.424579	5.1715536
0.38545445	0.50908178	-10.431305	5.220922
0.39325073	0.50199419	-10.478392	5.2003517
0.38545445	0.50134987	-10.47671	5.1921239
0.3870137	0.51423633	-10.454007	5.2003517
0.3870137	0.51842445	-10.438032	5.20858
0.39325073	0.51552498	-10.419534	5.1880097
0.39325073	0.50521582	-10.441395	5.1880097
0.38857296	0.52100176	-10.464098	5.220922
0.39169151	0.51230341	-10.427101	5.1921239
0.38545445	0.51488066	-10.458212	5.1962376
0.39325073	0.50328285	-10.459053	5.1921239
0.39013225	0.50908178	-10.499413	5.2003517
0.39169151	0.51101476	-10.469984	5.20858
0.39013225	0.5045715	-10.469984	5.1797819
0.39013225	0.51294768	-10.475869	5.2414923
0.39013225	0.50006121	-10.471665	5.1756678
0.39169151	0.51101476	-10.45569	5.2044659
0.39169151	0.513592	-10.458212	5.2003517
0.38857296	0.52454555	-10.449803	5.220922
0.39325073	0.50811529	-10.491845	5.1838956
0.39792857	0.50908178	-10.449803	5.1962376
0.39169151	0.50231636	-10.367401	5.1880097
0.38857296	0.5071488	-10.443918	5.1880097
0.39636928	0.513592	-10.434669	5.2044659
0.3870137	0.50747097	-10.434669	5.1921239
0.38389516	0.52035743	-10.464938	5.220922
0.3870137	0.52808934	-10.436351	5.20858
0.38389516	0.52680069	-10.467461	5.2250361
0.39169151	0.51391417	-10.458212	5.1756678
0.38857296	0.51939094	-10.485119	5.1962376
0.38857296	0.51198125	-10.483438	5.1921239
0.39325073	0.49780607	-10.444759	5.1674395
0.39325073	0.49587309	-10.465779	5.1756678
0.39013225	0.50392717	-10.467461	5.1838956
0.38857296	0.49683958	-10.449803	5.1674395
0.38857296	0.51133692	-10.475869	5.1962376
0.3870137	0.50940394	-10.28584	5.1756678
0.3870137	0.51391417	-10.428782	5.2003517
0.39013225	0.52164608	-10.461576	5.2126937
0.38857296	0.52035743	-10.443076	5.1921239
0.39325073	0.51520282	-10.468302	5.1674395
0.3870137	0.513592	-10.407762	5.1880097
0.38857296	0.51004827	-10.458212	5.1756678
0.3870137	0.51262558	-10.475029	5.1880097
0.39325073	0.5106926	-10.321996	5.2044659
0.38857296	0.50521582	-10.467461	5.1797819
0.3870137	0.49909472	-10.490164	5.1756678
0.39481002	0.49716175	-10.487641	5.1880097
0.3870137	0.50296068	-10.464098	5.2044659
0.39013225	0.50972611	-10.400194	5.2291498
0.39481002	0.51230341	-10.484279	5.1715536
0.38545445	0.50263852	-10.358993	5.1838956
0.38857296	0.51262558	-10.485119	5.2168078
0.39013225	0.50811529	-10.454848	5.220922
0.38389516	0.50843745	-10.363197	5.1962376
0.38857296	0.50328285	-10.45653	5.1756678
0.39013225	0.51649147	-10.474188	5.1962376
0.38545445	0.51101476	-10.448963	5.1880097
0.38857296	0.50167203	-10.461576	5.1674395
0.39013225	0.50199419	-10.40608	5.1838956
0.38857296	0.49104065	-10.467461	5.1550975
0.38545445	0.50779313	-10.46662	5.2414923
0.38545445	0.50038338	-10.45653	5.1797819
0.38077661	0.50682664	-10.45653	5.2126937
0.38389516	0.51004827	-10.451485	5.2373781
0.3870137	0.50199419	-10.443918	5.1838956
0.39325073	0.49329579	-10.454848	5.1962376
0.38545445	0.51004827	-10.48596	5.2168078
0.38389516	0.51455849	-10.432146	5.2003517
0.38545445	0.51616931	-10.438032	5.2168078
0.38389516	0.52100176	-10.473348	5.220922
0.3870137	0.51455849	-10.45569	5.1921239
0.38857296	0.50489366	-10.478392	5.1797819
0.39481002	0.51262558	-10.492686	5.1838956
0.39169151	0.50489366	-10.458212	5.1797819
0.38389516	0.51649147	-10.441395	5.2414923
0.39169151	0.50908178	-10.435509	5.1715536
0.3870137	0.50875962	-10.428782	5.1921239
0.39013225	0.50682664	-10.464938	5.2003517
0.39013225	0.49973905	-10.357311	5.2168078
0.38545445	0.50618231	-10.45569	5.20858
0.39169151	0.5106926	-10.501095	5.2044659
0.38545445	0.52067959	-10.477551	5.20858
0.37921739	0.52003527	-10.480914	5.1921239
0.38545445	0.51552498	-10.451485	5.1797819
0.38857296	0.51165909	-10.469984	5.2003517
0.38545445	0.5232569	-10.471665	5.2126937
0.38857296	0.5258342	-10.457372	5.1962376
0.39169151	0.52261257	-10.485119	5.1880097
0.39013225	0.52003527	-10.374128	5.2044659
0.38857296	0.52486771	-10.50614	5.2044659
0.39013225	0.52067959	-10.478392	5.1921239
0.3870137	0.52905583	-10.485119	5.233264
0.39325073	0.52518988	-10.471665	5.2168078
0.39169151	0.51423633	-10.349744	5.2044659
0.39013225	0.50972611	-10.480074	5.2003517
0.38857296	0.49877256	-10.448122	5.2044659
0.3870137	0.49265146	-10.395989	5.1674395
0.39169151	0.49877256	-10.463257	5.1921239
0.39325073	0.51423633	-10.577612	5.2250361
0.39013225	0.51037043	-10.459894	5.20858
0.38545445	0.50586015	-10.45569	5.2044659
0.39013225	0.50618231	-10.691966	5.20858
0.38389516	0.52615637	-10.462417	5.2414923
0.38545445	0.5197131	-10.459053	5.1962376
0.39169151	0.51906878	-10.422896	5.2250361
0.3870137	0.52293473	-10.471665	5.2126937
0.38857296	0.52647853	-10.432987	5.2168078
0.38545445	0.52905583	-10.475869	5.2250361
0.39325073	0.52551204	-10.49521	5.1921239
0.37921739	0.53421044	-10.471665	5.2291498
0.3823359	0.52712286	-10.464098	5.220922
0.39792857	0.51616931	-10.475029	5.2003517
0.39013225	0.513592	-10.454848	5.2250361
0.38077661	0.50875962	-10.484279	5.2003517
0.38857296	0.51037043	-10.461576	5.1962376
0.39325073	0.50167203	-10.477551	5.1797819
0.39325073	0.50618231	-10.354789	5.2044659
0.39169151	0.50553799	-10.459053	5.220922
0.38857296	0.50908178	-10.427941	5.20858
0.38389516	0.51906878	-10.394308	5.220922
0.39013225	0.50779313	-10.427101	5.1921239
0.39013225	0.4984504	-10.787822	5.1880097
0.39169151	0.51230341	-10.491845	5.2044659
0.38545445	0.51326984	-10.446441	5.1838956
0.38545445	0.52518988	-10.332087	5.2414923
0.3870137	0.51681364	-10.484279	5.1880097
0.38389516	0.51165909	-10.46662	5.2044659
0.38389516	0.52164608	-10.471665	5.233264
0.3870137	0.50167203	-10.453167	5.1962376
0.38545445	0.50070554	-10.462417	5.20858
0.39169151	0.51004827	-10.490164	5.233264
0.38545445	0.513592	-10.47671	5.2168078
0.38077661	0.5232569	-10.467461	5.2291498
0.39013225	0.50489366	-10.46662	5.1550975
0.3870137	0.49780607	-10.263978	5.2168078
0.39013225	0.50231636	-10.469144	5.2126937
0.39013225	0.5071488	-10.464098	5.1962376
0.3823359	0.51520282	-10.45569	5.220922
0.38545445	0.52454555	-10.475029	5.220922
0.39169151	0.52422339	-10.425419	5.220922
0.38545445	0.5197131	-10.45569	5.2044659
0.3870137	0.52776718	-10.481755	5.2168078
0.38857296	0.53388828	-10.464098	5.2291498
0.38389516	0.51745796	-10.475029	5.1838956
0.39481002	0.51165909	-10.479233	5.2168078
0.39169151	0.51262558	-10.475029	5.20858
0.39013225	0.50779313	-10.459053	5.1962376
0.39481002	0.50875962	-10.454007	5.2291498
0.3870137	0.49426228	-10.457372	5.1633258
0.39169151	0.49200714	-10.487641	5.1880097
0.3870137	0.51198125	-10.464098	5.20858
0.38389516	0.51552498	-10.453167	5.2373781
0.38389516	0.51488066	-10.438032	5.2044659
0.39013225	0.51939094	-10.459053	5.2126937
0.38389516	0.52551204	-10.451485	5.2250361
0.39013225	0.51101476	-10.428782	5.2044659
0.39013225	0.51810229	-10.45653	5.2456059
0.39169151	0.51101476	-10.459053	5.1962376
0.3870137	0.51326984	-10.446441	5.2168078
0.38857296	0.51423633	-10.428782	5.1962376
0.38545445	0.51455849	-10.480914	5.2373781
0.37921739	0.51616931	-10.459894	5.220922
0.38857296	0.50489366	-10.407762	5.1921239
0.38389516	0.50360501	-10.464098	5.2250361
0.39481002	0.50360501	-10.811365	5.2126937
0.38389516	0.50843745	-10.444759	5.2414923
0.3823359	0.51101476	-10.471665	5.2168078
0.37921739	0.50875962	-10.353948	5.220922
0.39013225	0.51165909	-10.432987	5.2168078
0.38545445	0.51939094	-10.465779	5.2414923
0.39325073	0.51230341	-10.484279	5.1880097
0.38389516	0.52486771	-10.463257	5.2250361
0.39013225	0.51552498	-10.413648	5.2044659
0.38389516	0.52615637	-10.463257	5.233264
0.39169151	0.5197131	-10.468302	5.2044659
0.3870137	0.52003527	-10.453167	5.2250361
0.3870137	0.52196825	-10.464098	5.2168078
0.3870137	0.51552498	-10.784458	5.220922
0.3870137	0.51874661	-10.488482	5.2291498
0.39013225	0.50328285	-10.464938	5.2044659
0.3870137	0.5071488	-10.478392	5.2126937
0.38857296	0.49587309	-10.434669	5.1962376
0.38545445	0.50038338	-10.414488	5.2414923
0.3870137	0.51230341	-10.468302	5.2373781
0.3870137	0.51391417	-10.474188	5.2291498
0.38389516	0.52680069	-10.443918	5.2414923
0.38077661	0.53421044	-10.451485	5.2702904
0.3823359	0.52518988	-10.34554	5.2250361
0.3870137	0.51326984	-10.459894	5.2168078
0.3870137	0.51939094	-10.501936	5.2497201
0.3870137	0.52841151	-10.467461	5.20858
0.3870137	0.52003527	-10.465779	5.2456059
0.39169151	0.52196825	-10.470825	5.2456059
0.38389516	0.513592	-10.449803	5.2168078
0.38389516	0.50972611	-10.446441	5.220922
0.38545445	0.51391417	-10.427101	5.2456059
0.38857296	0.51874661	-10.454007	5.2414923
0.38545445	0.51906878	-10.464938	5.2044659
0.38389516	0.51939094	-10.475029	5.2373781
0.3870137	0.52035743	-10.468302	5.2456059
0.38857296	0.5197131	-10.420374	5.2250361
0.38857296	0.51810229	-10.52632	5.2414923
0.39325073	0.50908178	-10.461576	5.2126937
0.38077661	0.51778013	-10.447281	5.2291498
0.38545445	0.51778013	-10.438872	5.2126937
0.38857296	0.51488066	-10.410284	5.2168078
0.38545445	0.51488066	-10.480074	5.2168078
0.38545445	0.52132392	-10.47671	5.2250361
0.38389516	0.52970016	-10.413648	5.2661762
0.3870137	0.52390122	-10.438032	5.233264
0.3823359	0.51874661	-10.484279	5.2250361
0.39013225	0.51037043	-10.465779	5.2126937
0.38545445	0.51101476	-10.442237	5.2538342
0.38389516	0.49426228	-10.321996	5.1921239
0.3870137	0.49716175	-10.443918	5.2126937
0.39013225	0.49136281	-10.475869	5.2044659
0.3870137	0.49522877	-10.427101	5.1962376
0.38545445	0.51230341	-10.480914	5.2291498
0.38857296	0.51745796	-10.300975	5.220922
0.39792857	0.50650448	-10.449803	5.1921239
0.39169151	0.49361795	-10.458212	5.1962376
0.39169151	0.50070554	-10.438872	5.2414923
0.39325073	0.49007416	-10.458212	5.1797819
0.38857296	0.5071488	-10.441395	5.220922
0.38389516	0.52035743	-10.485119	5.2250361
0.39013225	0.50972611	-10.420374	5.2291498
0.38389516	0.51778013	-10.442237	5.2291498
0.38857296	0.50199419	-10.481755	5.1921239
0.3823359	0.50199419	-10.434669	5.2291498
0.38545445	0.50650448	-10.461576	5.2168078
0.38857296	0.49458444	-10.470825	5.1880097
0.38389516	0.49780607	-10.654128	5.2044659
0.37921739	0.50392717	-10.46662	5.2168078
0.38077661	0.49973905	-10.434669	5.2168078
0.39013225	0.49973905	-10.441395	5.1838956
0.3870137	0.49458444	-10.450644	5.2168078
0.38857296	0.50424933	-10.427101	5.2126937
0.38857296	0.50843745	-10.464098	5.220922
0.39013225	0.51616931	-10.491845	5.2497201
0.39013225	0.50134987	-10.446441	5.1921239
0.38545445	0.50360501	-10.451485	5.1962376
0.38545445	0.49877256	-10.428782	5.2168078
0.38545445	0.50296068	-10.443076	5.220922
0.3870137	0.50038338	-10.442237	5.2168078
0.38857296	0.50489366	-10.446441	5.220922
0.38857296	0.50328285	-10.450644	5.220922
0.38389516	0.50199419	-10.437191	5.2168078
0.38857296	0.5071488	-10.460734	5.2456059
0.38545445	0.52003527	-10.490164	5.2538342
0.38077661	0.51649147	-10.418693	5.2250361
0.39325073	0.50038338	-10.474188	5.2003517
0.3870137	0.4923293	-10.538092	5.2168078
0.37765813	0.50811529	-10.446441	5.2497201
0.38077661	0.50521582	-10.472507	5.20858
0.39013225	0.50328285	-10.433827	5.1880097
0.37921739	0.51616931	-10.469984	5.2373781
0.38545445	0.51101476	-10.376651	5.1962376
0.37921739	0.51326984	-10.454848	5.2291498
0.38545445	0.52486771	-10.451485	5.2291498
0.39169151	0.51745796	-10.479233	5.2168078
0.38545445	0.513592	-10.467461	5.20858
0.38545445	0.51262558	-10.484279	5.2168078
0.38857296	0.51520282	-10.478392	5.2250361
0.39325073	0.51165909	-10.462417	5.1962376
0.39169151	0.50650448	-10.478392	5.2291498
0.39169151	0.50199419	-10.440554	5.2250361
0.38857296	0.50779313	-10.498572	5.2168078
0.38077661	0.52551204	-10.471665	5.2456059
0.38857296	0.51649147	-10.464098	5.2456059
0.38389516	0.52164608	-10.430465	5.2414923
0.3870137	0.5232569	-10.480914	5.2168078
0.38545445	0.51745796	-10.454848	5.2168078
0.3823359	0.53646559	-10.464938	5.2620621
0.39013225	0.53582126	-10.465779	5.2620621
0.38389516	0.52873367	-10.411966	5.1962376
0.38545445	0.53872073	-10.480914	5.2414923
0.3870137	0.52357906	-10.47671	5.2168078
0.38857296	0.50875962	-10.451485	5.220922
0.39013225	0.50424933	-10.510345	5.220922
0.38545445	0.49973905	-10.479233	5.2044659
0.38077661	0.51262558	-10.45653	5.2456059
0.39636928	0.49394011	-10.458212	5.1756678
0.39013225	0.49973905	-10.443918	5.2044659
0.38857296	0.50586015	-10.490164	5.2291498
0.38545445	0.50006121	-10.41701	5.2126937
0.38389516	0.49361795	-10.438872	5.2168078
0.38545445	0.51294768	-10.479233	5.2456059
0.38389516	0.51488066	-10.459894	5.2250361
0.37921739	0.51391417	-10.451485	5.233264
0.39169151	0.52196825	-10.428782	5.2250361
0.38077661	0.52035743	-10.448122	5.2579479
0.39013225	0.51681364	-10.480914	5.2250361
0.38545445	0.51778013	-10.475029	5.2414923
0.38857296	0.51391417	-10.479233	5.220922
0.37453958	0.51584715	-10.394308	5.2579479
0.38545445	0.51101476	-10.471665	5.220922
0.39013225	0.50811529	-10.48596	5.2044659
0.3870137	0.51101476	-10.484279	5.2291498
0.3870137	0.51198125	-10.436351	5.2126937
0.38545445	0.51165909	-10.463257	5.2414923
0.39013225	0.49877256	-10.474188	5.2003517
0.39481002	0.4984504	-10.442237	5.220922
0.39013225	0.5106926	-10.401875	5.2291498
0.39169151	0.51423633	-10.478392	5.2291498
0.38389516	0.51874661	-10.359834	5.2497201
0.3870137	0.51681364	-10.433827	5.2250361
0.39325073	0.50553799	-10.450644	5.1921239
0.39013225	0.50553799	-10.309383	5.2044659
0.3823359	0.51681364	-10.472507	5.20858
0.3870137	0.50392717	-10.429624	5.1838956
0.3823359	0.51101476	-10.463257	5.2291498
0.39013225	0.50392717	-10.465779	5.220922
0.38857296	0.50296068	-10.367401	5.2250361
0.38077661	0.50134987	-10.465779	5.2168078
0.38545445	0.51101476	-10.499413	5.2373781
0.3870137	0.52035743	-10.490164	5.2456059
0.38545445	0.51294768	-10.460734	5.2373781
0.39169151	0.52067959	-10.347221	5.220922
0.38857296	0.52680069	-10.452326	5.2250361
0.38545445	0.51616931	-10.384218	5.2126937
0.38857296	0.50908178	-10.492686	5.2291498
0.39169151	0.51294768	-10.503617	5.20858
0.39013225	0.51842445	-10.388422	5.2250361
0.38545445	0.51906878	-10.461576	5.2168078
0.38545445	0.50618231	-10.458212	5.1962376
0.38545445	0.5010277	-10.434669	5.2003517
0.39013225	0.49104065	-10.454007	5.1962376
0.39013225	0.49458444	-10.341335	5.2250361
0.38389516	0.50070554	-10.4456	5.2291498
0.39169151	0.49522877	-10.444759	5.2291498
0.3870137	0.49522877	-10.45653	5.2044659
0.38389516	0.50875962	-10.467461	5.2291498
0.3823359	0.50811529	-10.369924	5.2291498
0.3823359	0.51230341	-10.453167	5.2414923
0.39013225	0.50489366	-10.440554	5.2044659
0.38545445	0.50360501	-10.469144	5.2044659
0.3823359	0.51649147	-10.465779	5.2414923
0.37921739	0.51874661	-10.554909	5.2291498
0.38077661	0.5171358	-10.462417	5.2291498
0.38857296	0.52100176	-10.442237	5.220922
0.3870137	0.51391417	-10.484279	5.20858
0.38389516	0.51584715	-10.45653	5.2250361
0.3870137	0.50843745	-10.340494	5.2126937
0.3823359	0.51584715	-10.451485	5.2456059
0.38389516	0.513592	-10.478392	5.2250361
0.38077661	0.50811529	-10.41617	5.2168078
0.39169151	0.50360501	-10.462417	5.2373781
0.3823359	0.5045715	-10.439713	5.2250361
0.3823359	0.50489366	-10.463257	5.20858
0.39013225	0.50392717	-10.459894	5.220922
0.39013225	0.51230341	-10.489323	5.2373781
0.39169151	0.513592	-10.474188	5.2250361
0.39481002	0.50167203	-10.424579	5.2044659
0.39013225	0.50747097	-10.473348	5.2373781
0.3870137	0.49973905	-10.479233	5.2003517
0.39013225	0.51133692	-10.490164	5.2414923
0.38545445	0.52454555	-10.443918	5.2414923
0.3823359	0.5197131	-10.418693	5.2250361
0.3870137	0.5010277	-10.454848	5.2044659
0.3870137	0.51101476	-10.468302	5.274404
0.38545445	0.51810229	-10.467461	5.2414923
0.39325073	0.51294768	-10.475029	5.2126937
0.39325073	0.513592	-10.493526	5.233264
0.3870137	0.50489366	-10.459894	5.2126937
0.39013225	0.50908178	-10.458212	5.2291498
0.39792857	0.50038338	-10.385059	5.1880097
0.39013225	0.4949066	-10.444759	5.2044659
0.38857296	0.49329579	-10.431305	5.2126937
0.38857296	0.50199419	-10.472507	5.220922
0.3870137	0.51133692	-10.447281	5.2291498
0.38389516	0.51004827	-10.338813	5.2126937
0.39325073	0.51101476	-10.443076	5.2044659
0.38389516	0.51842445	-10.478392	5.2414923
0.38389516	0.52164608	-10.451485	5.233264
0.38857296	0.52100176	-10.480914	5.2250361
0.3870137	0.51294768	-10.373287	5.1880097
0.39325073	0.51101476	-10.488482	5.2373781
0.39013225	0.50747097	-10.459894	5.2414923
0.39013225	0.49877256	-10.471665	5.2003517
0.39013225	0.49587309	-10.436351	5.2250361
0.38389516	0.50650448	-10.417851	5.2414923
0.3823359	0.50618231	-10.434669	5.2414923
0.38077661	0.51037043	-10.440554	5.220922
0.38545445	0.51520282	-10.459053	5.233264
0.38545445	0.52486771	-10.492686	5.2538342
0.39013225	0.51874661	-10.458212	5.2373781
0.38389516	0.51745796	-10.459894	5.220922
0.38545445	0.50940394	-10.480914	5.2044659
0.38545445	0.51520282	-10.454848	5.2250361
0.38857296	0.50875962	-10.464938	5.2126937
0.39013225	0.51616931	-10.468302	5.2168078
0.38857296	0.52422339	-10.47671	5.220922
0.3823359	0.51745796	-10.428782	5.2044659
0.38389516	0.51326984	-10.453167	5.20858
0.39169151	0.49522877	-10.447281	5.1921239
0.38545445	0.50134987	-10.421215	5.20858
0.38857296	0.50360501	-10.489323	5.2250361
0.38389516	0.51423633	-10.459894	5.2538342
0.39325073	0.51101476	-10.464098	5.2414923
0.38545445	0.50940394	-10.461576	5.2373781
0.3870137	0.51004827	-10.412807	5.233264
0.39013225	0.52712286	-10.467461	5.2702904
0.37921739	0.52841151	-10.440554	5.2579479
0.38389516	0.52422339	-10.488482	5.233264
0.38857296	0.51778013	-10.475029	5.220922
0.38389516	0.5197131	-10.601155	5.2373781
0.38389516	0.5258342	-10.459894	5.2538342
0.38389516	0.53066665	-10.500254	5.2867465
0.38545445	0.52776718	-10.475029	5.233264
0.38545445	0.52422339	-10.464098	5.2414923
0.3823359	0.52873367	-10.45653	5.2661762
0.38857296	0.52293473	-10.442237	5.2785182
0.3870137	0.52164608	-10.475029	5.2168078
0.38389516	0.5071488	-10.256411	5.220922
0.38389516	0.51391417	-10.472507	5.220922
0.38545445	0.51906878	-10.397672	5.2579479
0.39169151	0.51681364	-10.489323	5.2497201
0.38857296	0.50424933	-10.484279	5.2168078
0.39013225	0.51037043	-10.453167	5.233264
0.3870137	0.52132392	-10.478392	5.2538342
0.38857296	0.52551204	-10.412807	5.2579479
0.38545445	0.5106926	-10.469144	5.20858
0.38077661	0.51391417	-10.467461	5.2373781
0.38389516	0.51649147	-10.448963	5.2291498
0.38857296	0.51552498	-10.465779	5.2456059
0.38389516	0.51488066	-10.438872	5.2373781
0.38545445	0.50747097	-10.444759	5.2414923
0.38389516	0.50231636	-10.45569	5.2250361
0.39013225	0.50360501	-10.962716	5.233264
0.38389516	0.50843745	-10.467461	5.2291498
0.38077661	0.51101476	-10.436351	5.2456059
0.38545445	0.50263852	-10.464098	5.2044659
0.3870137	0.50070554	-10.459894	5.220922
0.38389516	0.50940394	-10.386741	5.274404
0.38077661	0.49651742	-10.440554	5.2044659
0.3870137	0.50553799	-10.443076	5.2373781
0.38545445	0.52518988	-10.490164	5.2620621
0.38389516	0.52196825	-10.464098	5.274404
0.38389516	0.52293473	-10.422056	5.233264
0.39013225	0.51874661	-10.46662	5.220922
0.38077661	0.50682664	-10.459894	5.2044659
0.37921739	0.49941689	-10.461576	5.20858
0.38389516	0.50747097	-10.471665	5.2250361
0.38077661	0.50070554	-10.433827	5.2414923
0.38545445	0.51326984	-10.470825	5.2497201
0.39325073	0.5045715	-10.457372	5.233264
0.38545445	0.49716175	-10.440554	5.2168078
0.3823359	0.50199419	-10.4456	5.2414923
0.38389516	0.50940394	-10.463257	5.2620621
0.38545445	0.50296068	-10.480074	5.220922
0.38077661	0.50779313	-10.488482	5.2579479
0.37921739	0.51423633	-10.461576	5.2497201
0.38077661	0.51391417	-10.468302	5.2414923
0.3823359	0.51616931	-10.312746	5.2414923
0.39013225	0.51455849	-10.465779	5.2250361
0.38389516	0.52390122	-10.440554	5.2414923
0.38389516	0.51326984	-10.481755	5.1962376
0.38389516	0.5171358	-10.472507	5.2414923
0.3823359	0.51810229	-10.444759	5.2456059
0.39169151	0.52196825	-10.483438	5.2373781
0.3870137	0.51198125	-10.447281	5.20858
0.38545445	0.51165909	-10.47671	5.2579479
0.37765813	0.50199419	-10.464098	5.2126937
0.38077661	0.5071488	-10.339654	5.2826324
0.38389516	0.51230341	-10.465779	5.2456059
0.38389516	0.50779313	-10.470825	5.2250361
0.38389516	0.52003527	-10.494368	5.2579479
0.38857296	0.51391417	-10.493526	5.2702904
0.37921739	0.52551204	-10.279114	5.2620621
0.38077661	0.5106926	-10.46662	5.2168078
0.3870137	0.5197131	-10.470825	5.2497201
0.38857296	0.51230341	-10.459053	5.233264
0.38545445	0.50392717	-10.459053	5.20858
0.39325073	0.51842445	-10.45653	5.2291498
0.38857296	0.52229041	-10.483438	5.220922
0.38389516	0.50747097	-10.42626	5.2044659
0.3823359	0.51584715	-10.45569	5.2291498
0.38077661	0.51262558	-10.462417	5.2250361
0.38857296	0.51004827	-10.383377	5.233264
0.39013225	0.50392717	-10.468302	5.2126937
0.38077661	0.51037043	-10.47671	5.2497201
0.37921739	0.51745796	-10.4456	5.2497201
0.38545445	0.50972611	-10.459894	5.2044659
0.39013225	0.5010277	-10.387582	5.2168078
0.38545445	0.50972611	-10.485119	5.2291498
0.3870137	0.513592	-10.454007	5.2168078
0.3823359	0.51326984	-10.344698	5.220922
0.39169151	0.50618231	-10.45569	5.20858
0.38857296	0.50875962	-10.442237	5.2126937
0.3870137	0.50875962	-10.468302	5.2456059
0.38077661	0.51778013	-10.438032	5.2373781
0.3823359	0.51165909	-10.422896	5.20858
0.37921739	0.52003527	-10.481755	5.2414923
0.38077661	0.52454555	-10.46662	5.2620621
0.3870137	0.51681364	-10.45653	5.2168078
0.38077661	0.5106926	-10.479233	5.2126937
0.37765813	0.51681364	-10.444759	5.2250361
0.38389516	0.51778013	-10.461576	5.2497201
0.37921739	0.50972611	-10.427101	5.2250361
0.3870137	0.51262558	-10.471665	5.2168078
0.38077661	0.51874661	-10.480074	5.2373781
0.39481002	0.50553799	-10.328723	5.2168078
0.38545445	0.49877256	-10.470825	5.1880097
0.3870137	0.51101476	-10.480914	5.2373781
0.38389516	0.52518988	-10.45653	5.2414923
0.3870137	0.51778013	-10.468302	5.1962376
0.3870137	0.51745796	-10.354789	5.2126937
0.3823359	0.51230341	-10.480914	5.20858
0.39013225	0.51230341	-10.464938	5.20858
0.3870137	0.50618231	-10.477551	5.2003517
0.39169151	0.51423633	-10.460734	5.2414923
0.38545445	0.50424933	-10.402717	5.2168078
0.38857296	0.49329579	-10.474188	5.1880097
0.3823359	0.50392717	-10.475029	5.220922
0.38857296	0.50134987	-10.464098	5.220922
0.39169151	0.49716175	-10.464938	5.2250361
0.39013225	0.49716175	-10.380855	5.2003517
0.3870137	0.50392717	-10.475869	5.233264
0.37921739	0.50843745	-10.452326	5.220922
0.38545445	0.50940394	-10.447281	5.233264
0.38389516	0.5197131	-10.492686	5.2497201
0.3823359	0.52712286	-10.525479	5.2414923
0.39325073	0.53163314	-10.457372	5.233264
0.3870137	0.52357906	-10.454007	5.2044659
0.3823359	0.51262558	-10.457372	5.2250361
0.39013225	0.50360501	-10.482595	5.2126937
0.39169151	0.51262558	-10.429624	5.2168078
0.3823359	0.51198125	-10.477551	5.233264
0.38545445	0.52164608	-10.472507	5.2497201
0.39013225	0.51230341	-10.440554	5.1921239
0.39169151	0.50553799	-10.464098	5.2044659
0.3870137	0.5045715	-10.402717	5.2126937
0.38857296	0.4984504	-10.422056	5.2168078
0.38545445	0.49780607	-10.42626	5.2044659
0.38857296	0.4984504	-10.46662	5.2168078
0.38857296	0.4949066	-10.472507	5.2044659
0.3870137	0.52132392	-10.46662	5.2702904
0.3823359	0.52035743	-10.478392	5.2291498
0.38389516	0.51488066	-10.454007	5.2168078
0.3823359	0.52970016	-10.45569	5.2373781
0.38857296	0.52486771	-10.465779	5.2414923
0.3823359	0.52003527	-10.433827	5.2579479
0.38857296	0.51906878	-10.47671	5.233264
0.38545445	0.50682664	-10.436351	5.2168078
0.38389516	0.5045715	-10.454007	5.220922
0.38545445	0.49329579	-10.475869	5.2373781
0.3823359	0.50231636	-10.480074	5.2291498
0.37921739	0.51165909	-10.404398	5.2620621
0.3823359	0.51294768	-10.480914	5.2414923
0.37609884	0.51584715	-10.446441	5.2497201
0.3823359	0.51391417	-10.49521	5.220922
0.38545445	0.5171358	-10.461576	5.2538342
0.39013225	0.51133692	-10.334609	5.2250361
0.39013225	0.52196825	-10.473348	5.2414923
0.38389516	0.52615637	-10.473348	5.2702904
0.38857296	0.52422339	-10.464938	5.2373781
0.38857296	0.52518988	-10.482595	5.2414923
0.38545445	0.52390122	-10.383377	5.2414923
0.38389516	0.51745796	-10.468302	5.233264
0.38077661	0.52518988	-10.492686	5.2579479
0.38545445	0.51649147	-10.429624	5.2250361
0.38857296	0.51616931	-10.483438	5.2373781
0.38545445	0.52100176	-10.431305	5.2702904
0.3870137	0.51262558	-10.422896	5.2126937
0.38545445	0.50875962	-10.452326	5.233264
0.3870137	0.51294768	-10.386741	5.2414923
0.3870137	0.51455849	-10.478392	5.2414923
0.39013225	0.49973905	-10.468302	5.220922
0.38545445	0.50747097	-10.494368	5.2414923
0.38857296	0.51616931	-10.475029	5.2538342
0.38545445	0.52841151	-10.446441	5.2538342
0.39013225	0.53517693	-10.492686	5.274404
0.38389516	0.52132392	-10.484279	5.2291498
0.38857296	0.51616931	-10.464938	5.2044659
0.38077661	0.52776718	-10.478392	5.2826324
0.3823359	0.51745796	-10.318632	5.2497201
0.3870137	0.52067959	-10.472507	5.2414923
0.39013225	0.5197131	-10.488482	5.2291498
0.38077661	0.51939094	-10.451485	5.2538342
0.38389516	0.51423633	-10.467461	5.2414923
0.38389516	0.52164608	-10.429624	5.2785182
0.38389516	0.51165909	-10.451485	5.233264
0.38389516	0.51326984	-10.454848	5.2373781
0.38857296	0.51906878	-10.470825	5.2373781
0.38077661	0.51584715	-10.475029	5.2620621
0.3823359	0.51230341	-10.452326	5.233264
0.39169151	0.51649147	-10.481755	5.2414923
0.38389516	0.52261257	-10.443076	5.2414923
0.3823359	0.52873367	-10.425419	5.2579479
0.38077661	0.529378	-10.450644	5.2456059
0.3870137	0.52615637	-10.468302	5.2250361
0.38857296	0.52808934	-10.478392	5.2456059
0.37921739	0.52712286	-10.45569	5.2579479
0.3823359	0.51906878	-10.330404	5.2373781
0.3823359	0.51488066	-10.454007	5.2579479
0.38389516	0.5171358	-10.47671	5.2620621
0.3870137	0.50392717	-10.489323	5.2291498
0.37921739	0.51326984	-10.45653	5.274404
0.37765813	0.51584715	-10.403557	5.2579479
0.38389516	0.52261257	-10.436351	5.2620621
0.3870137	0.50747097	-10.480914	5.2168078
0.3823359	0.513592	-10.443076	5.274404
0.38389516	0.51649147	-10.457372	5.2456059
0.39013225	0.51584715	-10.471665	5.2373781
0.3870137	0.51391417	-10.480074	5.2456059
0.38545445	0.50747097	-10.447281	5.20858
0.38545445	0.51681364	-10.443076	5.2620621
0.38077661	0.52712286	-10.42626	5.2414923
0.39792857	0.51906878	-10.291725	5.2414923
0.41040266	0.51616931	-10.378332	5.2373781
0.4493843	0.50618231	-10.373287	5.2291498
0.46029913	0.50521582	-10.342176	5.2456059
0.47121403	0.51616931	-10.190825	5.274404
0.46029913	0.50811529	-10.314428	5.2373781
0.45873991	0.49941689	-10.286681	5.2456059
0.42911386	0.51133692	-10.221095	5.2661762
0.41508049	0.50908178	-10.179053	5.2579479
0.40572491	0.51616931	-10.213528	5.274404
0.40728414	0.51455849	-10.183257	5.2867465
0.4088434	0.51004827	-10.016771	5.2579479
0.40728414	0.52003527	-10.148783	5.2867465
0.418199	0.51423633	-10.102536	5.2908602
0.42287678	0.50843745	-10.061336	5.2702904
0.42443606	0.50908178	-9.9604349	5.3073163
0.41663975	0.52196825	-10.063858	5.3114305
0.42443606	0.51939094	-10.024339	5.2702904
0.42131752	0.51939094	-9.9865007	5.3073163
0.42131752	0.51745796	-9.9234381	5.3155446
0.42599532	0.51423633	-9.9579124	5.2867465
0.41975826	0.51616931	-9.9545488	5.2990885
0.42911386	0.50489366	-9.950345	5.2785182
0.42287678	0.49780607	-9.8074026	5.2785182
0.42443606	0.49941689	-9.8864403	5.3237724
0.42287678	0.50811529	-9.8267412	5.3032022
0.42755461	0.50231636	-9.771246	5.2620621
0.42287678	0.50553799	-9.8107653	5.2949743
0.418199	0.52422339	-9.830945	5.3443418
0.42287678	0.52357906	-9.7359304	5.2826324
0.42443606	0.52422339	-9.7300444	5.3073163
0.42443606	0.51294768	-9.7258406	5.2908602
0.42287678	0.52390122	-9.6972523	5.3196583
0.42131752	0.52132392	-9.668663	5.3114305
0.42443606	0.51649147	-9.6156902	5.2949743
0.42599532	0.50811529	-9.6510057	5.2867465
0.42911386	0.51520282	-9.5938282	5.3032022
0.42599532	0.50940394	-9.566081	5.2867465
0.42599532	0.51649147	-9.4071617	5.3114305
0.42599532	0.50972611	-9.5374918	5.2867465
0.42131752	0.50747097	-9.5013361	5.2949743
0.43691018	0.50843745	-9.4752703	5.3073163
0.43379164	0.50618231	-9.4744291	5.2826324
0.42599532	0.5071488	-9.441637	5.2867465
0.42599532	0.50553799	-9.4382734	5.274404
0.42287678	0.52132392	-9.4138889	5.3237724
0.42599532	0.51230341	-9.3895044	5.2620621
0.42755461	0.52132392	-9.3457804	5.2908602
0.42599532	0.51874661	-9.3533487	5.2949743
0.418199	0.53163314	-9.5795336	5.3073163
0.41975826	0.52680069	-9.2574921	5.2908602
0.42599532	0.52293473	-9.2684231	5.3032022
0.42443606	0.51778013	-9.2743092	5.3155446
0.42755461	0.5171358	-9.1103458	5.2990885
0.42755461	0.50424933	-9.2129278	5.3073163
0.42911386	0.51101476	-9.1851797	5.3032022
0.42755461	0.51745796	-9.1271629	5.2908602
0.43067312	0.50811529	-9.1406164	5.2702904
0.42443606	0.51552498	-9.1532278	5.3073163
0.42287678	0.51101476	-9.0683041	5.2826324
0.42443606	0.51778013	-9.0851202	5.3155446
0.42599532	0.50682664	-8.9606762	5.2908602
0.42755461	0.50811529	-9.040556	5.3032022
0.42443606	0.52100176	-9.0186939	5.3073163
0.42911386	0.52100176	-8.9699259	5.3237724
0.42755461	0.51488066	-8.8959312	5.2990885
0.42287678	0.52067959	-8.9060211	5.3237724
0.42287678	0.53292179	-8.9388142	5.3731399
0.42443606	0.52551204	-8.8723879	5.3114305
0.42443606	0.51004827	-8.705061	5.2908602
0.42287678	0.51939094	-8.8698654	5.3525701
0.42911386	0.50682664	-8.835391	5.3320007
0.42287678	0.513592	-8.8059616	5.3402286
0.43223241	0.52261257	-8.7706461	5.3237724
0.42599532	0.52067959	-8.7277632	5.3402286
0.42755461	0.50618231	-8.7479429	5.3114305
0.43067312	0.50618231	-8.7286043	5.3155446
0.42443606	0.51165909	-8.6924477	5.3402286
0.42599532	0.51326984	-8.6689053	5.3402286
0.43379164	0.51133692	-8.651247	5.2990885
0.42287678	0.51939094	-8.9447002	5.3607979
0.42911386	0.53324395	-8.5722084	5.3566837
0.42287678	0.529378	-8.5436192	5.3320007
0.42443606	0.52808934	-8.5570726	5.3361144
0.43067312	0.52422339	-8.4385138	5.377254
0.42755461	0.53324395	-8.5511875	5.377254
0.42287678	0.53743207	-8.5326881	5.3731399
0.43379164	0.53066665	-8.4738302	5.3566837
0.42755461	0.52357906	-8.4435596	5.3607979
0.43067312	0.52035743	-8.3830194	5.3443418
0.42911386	0.51488066	-8.3989944	5.3196583
0.43223241	0.51552498	-8.4174929	5.3320007
0.43535089	0.52422339	-8.3577938	5.3607979
0.43067312	0.52873367	-8.2922087	5.3402286
0.42287678	0.52293473	-8.3090248	5.3443418
0.42911386	0.5232569	-8.2880039	5.3402286
0.43535089	0.52776718	-8.2770729	5.3484559
0.42599532	0.51198125	-8.2661419	5.3402286
0.43223241	0.50811529	-8.2409172	5.3237724
0.42443606	0.5258342	-8.2056017	5.3607979
0.43379164	0.52229041	-8.1517878	5.3032022
0.42911386	0.51294768	-8.1644001	5.3484559
0.43067312	0.50199419	-8.1341305	5.3237724
0.42755461	0.50489366	-8.1021786	5.3443418
0.43379164	0.50424933	-8.0332289	5.3566837
0.43223241	0.52551204	-8.0920877	5.389596
0.42755461	0.5232569	-8.0643406	5.3813682
0.42443606	0.51455849	-8.0054817	5.3566837
0.42755461	0.51584715	-7.8869228	5.3443418
0.43067312	0.52003527	-8.0063229	5.3607979
0.42443606	0.52293473	-7.9541907	5.389596
0.43379164	0.52132392	-7.9062624	5.3607979
0.43067312	0.52229041	-7.882719	5.364912
0.43379164	0.52518988	-7.9230795	5.3525701
0.42755461	0.53968722	-7.8944902	5.3978243
0.43223241	0.54162019	-7.8356323	5.377254
0.43535089	0.53968722	-7.8667426	5.3731399
0.43223241	0.53678775	-7.8129292	5.4225082
0.43379164	0.52776718	-7.760797	5.3854823
0.43379164	0.53259963	-7.7061424	5.401938
0.43067312	0.51906878	-7.7431393	5.3813682
0.43379164	0.51004827	-7.7288451	5.3731399
0.43691018	0.5071488	-7.70362	5.3566837
0.42755461	0.5197131	-7.6725092	5.4266224
0.43379164	0.5197131	-7.6313076	5.3937101
0.42755461	0.52518988	-7.6010375	5.401938
0.42599532	0.52615637	-7.6178541	5.3731399
0.42755461	0.52422339	-7.4992957	5.401938
0.43067312	0.52293473	-7.5547915	5.3731399
0.43067312	0.53388828	-7.5589952	5.4060521
0.43223241	0.52422339	-7.4967732	5.3731399
0.42287678	0.53968722	-7.3622389	5.4142804
0.43067312	0.54033154	-7.4950919	5.4225082
0.42755461	0.52808934	-7.4269834	5.389596
0.43379164	0.53743207	-7.4429598	5.4307365
0.43067312	0.529378	-7.387464	5.3978243
0.42755461	0.53421044	-7.4101663	5.4430785
0.43379164	0.53098881	-7.3983951	5.4060521
0.43535089	0.53163314	-7.2428393	5.4060521
0.43067312	0.53582126	-7.3260827	5.4348502
0.43379164	0.52357906	-7.3008575	5.3978243
0.43223241	0.52293473	-7.2588153	5.4060521
0.43067312	0.52808934	-7.2361126	5.4225082
0.44002873	0.53292179	-7.2462025	5.4101663
0.43535089	0.52970016	-7.1999564	5.4225082
0.43691018	0.53259963	-7.2150917	5.4183941
0.42911386	0.53775424	-7.1225996	5.4348502
0.43379164	0.529378	-7.1528697	5.3937101
0.43067312	0.54355317	-7.1041012	5.4430785
0.42599532	0.54548609	-7.1276441	5.4307365
0.43379164	0.5445196	-7.054491	5.4060521
0.43535089	0.5445196	-7.0637407	5.4389644
0.43379164	0.52551204	-7.0174947	5.3854823
0.43535089	0.52712286	-7.0006776	5.4389644
0.43846944	0.5319553	-6.8905272	5.4471922
0.43691018	0.53292179	-6.9796567	5.4307365
0.43691018	0.53066665	-6.9317284	5.4471922
0.43535089	0.53646559	-6.9308877	5.4142804
0.43067312	0.53710991	-6.8880043	5.4801044
0.43691018	0.53582126	-6.8610983	5.4430785
0.44158798	0.52712286	-6.8510079	5.4225082
0.43846944	0.53485477	-6.7526298	5.4513063
0.43067312	0.53839856	-6.8182149	5.4883327
0.44002873	0.54129803	-6.7719688	5.4513063
0.43846944	0.53646559	-6.7761726	5.4595346
0.43535089	0.54516393	-6.6450024	5.4677625
0.44002873	0.54323101	-6.7114286	5.4677625
0.43535089	0.52905583	-6.7147918	5.4471922
0.44002873	0.52357906	-6.6828399	5.4513063
0.44002873	0.51745796	-6.5583954	5.4471922
0.43535089	0.51584715	-6.599597	5.4759908
0.44626576	0.5354991	-6.6180949	5.5006747
0.43846944	0.53743207	-6.5701671	5.4842186
0.44314724	0.53066665	-6.5382152	5.4842186
0.43846944	0.52390122	-6.5230803	5.4759908
0.44158798	0.52712286	-6.4986959	5.5089025
0.43846944	0.5197131	-6.6382751	5.4677625
0.44002873	0.5232569	-6.4852424	5.4718766
0.44158798	0.53227746	-6.4785156	5.5047889
0.44314724	0.53582126	-6.4263835	5.5253587
0.44158798	0.55160719	-6.3574343	5.533587
0.44782501	0.54226452	-6.3927498	5.4965606
0.44158798	0.54838556	-6.3422995	5.5377011
0.44314724	0.54580826	-6.3347316	5.5047889
0.43846944	0.53839856	-6.3103471	5.5047889
0.44782501	0.53710991	-6.3111882	5.5130167
0.44158798	0.53485477	-6.2851219	5.5294728
0.44782501	0.53034449	-6.2506475	5.5253587
0.44470653	0.53163314	-6.1985154	5.5788412
0.43535089	0.53292179	-6.1926298	5.5500431
0.44626576	0.5354991	-6.1758132	5.5500431
0.44782501	0.53968722	-6.1741309	5.5541573
0.44470653	0.53163314	-6.1346116	5.5500431
0.44470653	0.54323101	-6.1354523	5.5664992
0.44470653	0.54645258	-6.0850024	5.5623851
0.44470653	0.54935205	-6.0362334	5.5747271
0.44626576	0.54484177	-6.0665035	5.5664992
0.45094356	0.53968722	-6.0463233	5.5377011
0.44782501	0.55031854	-5.9874649	5.587069
0.44782501	0.54484177	-5.9378548	5.5747271
0.45094356	0.53517693	-5.9479451	5.5623851
0.45562136	0.53066665	-5.9597173	5.5582709
0.45094356	0.53582126	-5.8941317	5.587069
0.44470653	0.5380764	-5.8731103	5.5829554
0.45250285	0.53582126	-5.8832006	5.5829554
0.45094356	0.54258668	-5.8789959	5.6364374
0.45094356	0.54000938	-5.8680649	5.6035252
0.45250285	0.53710991	-5.8100467	5.6117535
0.45094356	0.53710991	-5.7747316	5.6364374
0.45250285	0.5445196	-5.744462	5.6734638
0.45873991	0.53485477	-5.7343717	5.6240954
0.4540621	0.55192935	-5.6763535	5.6528935
0.45562136	0.55515099	-5.7150321	5.6652355
0.45250285	0.55128503	-5.6889663	5.6487794
0.45250285	0.56513804	-5.6368341	5.7104897
0.45873991	0.55031854	-6.0345516	5.6487794
0.4540621	0.5480634	-5.6149721	5.6570077
0.45873991	0.54580826	-5.584702	5.6693497
0.45873991	0.55805045	-5.5132303	5.7516294
0.45718065	0.55547315	-5.5460229	5.7022619
0.45873991	0.55482882	-5.4989362	5.6940336
0.46029913	0.54613042	-5.478756	5.6899199
0.45562136	0.54226452	-5.414011	5.7228317
0.45873991	0.54290885	-5.4804378	5.7022619
0.46341768	0.54838556	-5.4459634	5.7146039
0.46029913	0.55708396	-5.4089661	5.7475152
0.46341768	0.5480634	-5.3416991	5.7351742
0.45873991	0.5541845	-5.3635607	5.743402
0.46185842	0.55128503	-5.3568339	5.7639713
0.45562136	0.55901694	-5.2710681	5.7721996
0.46029913	0.55772829	-5.2340713	5.7763133
0.46497697	0.55837262	-5.2946119	5.7886558
0.45562136	0.56868184	-5.2567739	5.8256817
0.46341768	0.57029265	-5.2382755	5.8009977
0.47121403	0.55611748	-4.9893866	5.7927694
0.46809548	0.56674886	-5.2424798	5.8627081
0.46653622	0.56094992	-5.176053	5.83391
0.46653622	0.55450666	-5.1129899	5.8174539
0.46809548	0.5506407	-5.1432605	5.83391
0.46965477	0.55289584	-5.1096268	5.8421378
0.46497697	0.55386233	-5.0801973	5.8709359
0.46497697	0.56223857	-5.3820591	5.8750501
0.47433254	0.55643964	-5.0347919	5.8709359
0.46653622	0.55708396	-4.996954	5.8915062
0.46497697	0.55869478	-5.0465636	5.9244184
0.46341768	0.56868184	-4.9624796	5.9120765
0.46185842	0.57061481	-4.945663	5.9244184
0.46965477	0.58962238	-4.9406176	5.9326463
0.4758918	0.58124614	-4.9027796	5.9285321
0.4758918	0.58027965	-4.8741913	5.9326463
0.46809548	0.58897805	-4.859056	5.9861288
0.46965477	0.58317912	-4.8153324	5.9449883
0.48212889	0.56674886	-4.8119693	5.9491024
0.47901034	0.57190347	-4.7547917	6.0066986
0.47901034	0.5715813	-4.7800169	5.9861288
0.47745109	0.56449372	-4.7682452	6.0108128
0.47901034	0.57415861	-4.7068639	6.0190411
0.4758918	0.57576942	-4.6892061	6.043725
0.47277325	0.57641375	-4.6715488	6.0396109
0.4805696	0.57866883	-4.6866837	6.0519528
0.48368815	0.57609159	-4.6177349	6.0519528
0.4805696	0.58317912	-4.6042814	6.0889792
0.47901034	0.58704507	-4.6093264	6.1054354
0.4805696	0.5999316	-4.5916686	6.1177773
0.47745109	0.6025089	-4.5597167	6.1177773
0.48368815	0.60637486	-4.5286055	6.1383476
0.47901034	0.60863	-4.4764733	6.1712589
0.4805696	0.58994454	-4.3511882	6.1177773
0.48524743	0.58060181	-4.4487257	6.1177773
0.48836592	0.58124614	-4.4176145	6.1836009
0.49148446	0.57383645	-4.3705273	6.1836009
0.49148446	0.58285695	-4.3259625	6.1918292
0.49148446	0.57254779	-4.3780947	6.1918292
0.49772155	0.58736724	-4.355392	6.2247415
0.48680666	0.57866883	-4.3066235	6.2082853
0.48992521	0.5815683	-4.2872844	6.2494254
0.49772155	0.57866883	-4.2813983	6.2494254
0.49772155	0.57641375	-4.2544913	6.2494254
0.49304372	0.58543426	-4.2233801	6.2699957
0.50084007	0.58897805	-4.0350318	6.2864513
0.49616227	0.59735429	-4.1855421	6.3111358
0.50084007	0.59928727	-4.1535902	6.3275919
0.49928078	0.58962238	-4.1308875	6.3193636
0.50239933	0.5938105	-4.0846415	6.368732
0.50239933	0.59928727	-4.1039805	6.3605042
0.50084007	0.60186458	-4.0787554	6.3934159
0.49616227	0.59864295	-4.0308275	6.4016442
0.50395858	0.59864295	-4.2385154	6.4222145
0.50084007	0.59767646	-4.0098062	6.4139862
0.49772155	0.59703213	-3.9871037	6.4468985
0.50239933	0.60315323	-3.9517884	6.4633546
0.50863642	0.5999316	-3.9072237	6.4756966
0.51331419	0.61410671	-3.942539	6.512723
0.51331419	0.60895216	-3.8988154	6.5003805
0.51955122	0.61410671	-3.9055421	6.5374069
0.51175493	0.62054998	-3.8870435	6.5415211
0.51019567	0.62506026	-3.8559322	6.5991163
0.51331419	0.62924838	-3.8189354	6.578547
0.5164327	0.63118136	-3.7659624	6.5908885
0.51175493	0.62699324	-3.7567132	6.6032305
0.52422905	0.62667108	-3.7508273	6.6114588
0.52578831	0.62860405	-3.7533498	6.6279149
0.53046608	0.61571753	-3.6928091	6.6279149
0.53046608	0.60444188	-3.678515	6.6361427
0.52734756	0.60089809	-3.6692655	6.6772828
0.52578831	0.61700618	-3.6364727	6.6978531
0.52734756	0.61475104	-4.1132298	6.6978531
0.53046608	0.62054998	-3.6087248	6.722537
0.52578831	0.62280512	-3.5792954	6.7348795
0.52578831	0.63182569	-3.524641	6.7924757
0.53670317	0.63053703	-3.4052415	6.7677913
0.53046608	0.63279217	-3.4893255	6.7719054
0.53982168	0.63826895	-3.4851215	6.8048177
0.53358465	0.63472515	-3.3606768	6.8048177
0.5429402	0.64728945	-3.4447608	6.8295016
0.53982168	0.64728945	-3.4178541	6.8377299
0.53826243	0.65373272	-3.4001966	6.8624139
0.53982168	0.6421349	-3.3304064	6.8747559
0.5429402	0.65179974	-3.3682444	6.8953261
0.5429402	0.64922243	-3.3346107	6.9076681
0.55073655	0.63762462	-3.2858417	6.8994403
0.54917729	0.64116842	-3.285001	6.9241242
0.54449946	0.65147758	-3.2774336	6.9858346
0.55385506	0.64503437	-3.2362323	6.9529223
0.55853289	0.63987976	-3.2286646	6.9611506
0.55385506	0.64342356	-3.130286	7.0022907
0.56009215	0.63214785	-3.1698058	7.0187469
0.55853289	0.64052409	-3.1689649	7.0146327
0.56788844	0.64149058	-3.1294453	7.0146327
0.56476992	0.6521219	-3.0546103	7.0557723
0.56476992	0.64632297	-3.0722682	7.0516582
0.55697358	0.64696729	-3.0159316	7.0640001
0.56476992	0.64728945	-2.9158716	7.0393162
0.57412553	0.64503437	-3.0066826	7.0681143
0.57412553	0.64857811	-2.9898655	7.1010265
0.5694477	0.65051109	-2.9680037	7.1133685
0.57568479	0.65373272	-2.9410968	7.1298246
0.58036256	0.65083325	-2.8990545	7.1339388
0.57880336	0.66146463	-2.9150305	7.1545091
0.58192182	0.65631002	-2.8704662	7.1750789
0.57880336	0.65856516	-2.8259015	7.179193
0.58504039	0.65018892	-2.821697	7.1627369
0.58815891	0.64986676	-2.8149703	7.1750789
0.58192182	0.66243112	-2.8074028	7.2491312
0.58971816	0.6766063	-2.6552105	7.2532454
0.59283674	0.6791836	-2.7275231	7.2450175
0.59283674	0.68369383	-2.7334087	7.2820435
0.59907377	0.67209601	-2.6695049	7.2614737
0.60219228	0.67370683	-2.6619372	7.2984996
0.60531086	0.66919655	-2.6753905	7.2820435
0.60842937	0.66533059	-2.6434388	7.2984996
0.60687011	0.6704852	-2.6098051	7.3314118
0.6131072	0.66500843	-2.5686038	7.335526
0.61154795	0.67692846	-2.6123276	7.3519821
0.6146664	0.68176085	-2.5534685	7.3807802
0.61778492	0.67757279	-2.4988139	7.3643241
0.62246275	0.67499548	-2.4971323	7.3766661
0.61622566	0.67596197	-2.4920871	7.4136925
0.6302591	0.69045925	-2.4626577	7.4260345
0.62246275	0.69851333	-2.2373121	7.4589467
0.6302591	0.69207007	-2.4416368	7.4383764
0.63805544	0.68884844	-2.3903453	7.4507184
0.6396147	0.6891706	-2.3651202	7.4589467
0.64741099	0.69400305	-2.2120867	7.4671745
0.65208876	0.69335872	-2.333168	7.4712887
0.64585173	0.69368088	-2.3045793	7.4795165
0.65520734	0.69142574	-2.3096244	7.5000858
0.65520734	0.68240517	-2.2028375	7.5206561
0.65988511	0.68949276	-2.2465613	7.5206561
0.65988511	0.69142574	-2.2448795	7.5494542
0.65832585	0.69045925	-2.1725671	7.5617962
0.66456294	0.67853928	-2.1557503	7.5412264
0.66456294	0.697869	-2.1490235	7.5988226
0.67547774	0.69142574	-2.120435	7.5782523
0.68327409	0.69625819	-2.0968914	7.6276207
0.68015558	0.68530464	-2.0010355	7.5823665
0.68951118	0.68691546	-2.0868013	7.6029367
0.68483335	0.6891706	-2.0590534	7.6276207
0.67547774	0.70076847	-2.0775521	7.6934452
0.66768146	0.69496953	-2.0363507	7.6276207
0.66300368	0.70109063	-2.0397141	7.6769891
0.66924065	0.7039901	-1.9724467	7.6811032
0.68951118	0.7039901	-1.832026	7.6728749
0.70510381	0.70366794	-1.981696	7.7222433
0.71757793	0.71462148	-1.9421763	7.7263575
0.73005205	0.7039901	-1.938813	7.701673
0.73628914	0.69980198	-1.8858401	7.7263575
0.7378484	0.69432521	-1.869864	7.7428136
0.73940766	0.7075339	-1.8765907	7.7551556
0.73628914	0.70882255	-1.8126866	7.7386994
0.7378484	0.70173496	-1.7958698	7.7592692
0.73317057	0.6917479	-1.7857797	7.7716117
0.73317057	0.7039901	-1.7479419	7.8086376
0.73940766	0.70366794	-1.7193532	7.8127518
0.74720401	0.71365499	-1.7092631	7.845664
0.75811881	0.7226755	-1.7218758	7.858006
0.76123738	0.71848744	-1.6588125	7.845664
0.76747441	0.71204418	-1.6470408	7.8538918
0.77838933	0.71301067	-1.6268605	7.870348
0.77994853	0.72042036	-1.5965902	7.8868041
0.78462631	0.73298472	-1.5932268	7.9444003
0.79086339	0.72074252	-1.5452988	7.9156022
0.79242265	0.7188096	-1.5251186	7.9279442
0.800219	0.71268851	-1.4965298	7.9485145
0.80957454	0.7226755	-1.4948481	7.9978819
0.81425238	0.71719879	-1.4116049	7.9608564
0.82360798	0.72364199	-1.4469203	7.9690847
0.83452284	0.72138685	-1.442716	7.9978819
0.83764136	0.71752095	-1.3846979	7.9855409
0.83764136	0.72299767	-1.3611543	8.02668
0.84855622	0.72815228	-1.3569502	8.0472507
0.85323405	0.74683774	-1.3350881	8.0842762
0.85947108	0.74844855	-1.2854785	8.080162
0.86414886	0.75199234	-1.2871602	8.1295309
0.87350446	0.74587125	-1.2560489	8.0883904
0.88286006	0.7497372	-1.2358687	8.1130743
0.89221561	0.74007231	-1.0870396	8.0925045
0.89689344	0.73878366	-1.1971899	8.1459866
0.90313053	0.7436161	-1.1761689	8.1501007
0.91092688	0.74168313	-1.0819945	8.1542149
0.91404539	0.7497372	-1.1433761	8.2118111
0.92963803	0.7471599	-1.1206733	8.2035828
0.93743438	0.74909288	-1.0735861	8.2200394
0.93899363	0.75875777	-1.068541	8.2611799
0.95458627	0.75263667	-1.0643368	8.2323809
0.96238261	0.74651557	-1.0180905	8.2529516
0.96706039	0.75875777	-1.0231355	8.289978
0.97797525	0.75746912	-0.96343571	8.2858639
0.99044937	0.75038153	-0.96343571	8.2694073
0.99044937	0.75618047	-0.96932161	8.3270035
1.0044829	0.76777828	-0.92307526	8.3599157
1.0107198	0.77035558	-0.80199391	8.3352318
1.0216347	0.77164423	-0.86505711	8.3434601
1.0341088	0.75811344	-0.85748953	8.3352318
1.0450237	0.74619341	-0.82049239	8.368144
1.0543793	0.75746912	-0.7565884	8.3887138
1.0637349	0.7558583	-0.78517705	8.4010563
1.0730904	0.7658453	-0.74565744	8.4627666
1.0886831	0.75456965	-0.71875048	8.4051704
1.0964794	0.75811344	-0.69520688	8.4792223
1.1058351	0.76520097	-0.69184351	8.4668808
1.1151906	0.75843561	-0.6758675	8.4627666
1.1276647	0.76165718	-0.66577733	8.4792223
1.146376	0.77099991	-0.77676857	8.5121346
1.1619686	0.77003342	-0.62541687	8.5039062
1.1728835	0.76810044	-0.5884198	8.4956789
1.1869168	0.75392532	-0.53628755	8.4709949
1.1915946	0.77132207	-0.74733907	8.5615025
1.205628	0.7842086	-0.52535659	8.5573883
1.2196614	0.77325505	-0.47070178	8.5203619
1.2383727	0.77712101	-0.45556661	8.5697308
1.246169	0.77583236	-0.32944015	8.5861864
1.2570838	0.76616746	-0.38661748	8.5738449
1.2742357	0.76681179	-0.43370467	8.5820723
1.2945062	0.76971126	-0.38493577	8.6108704
1.3054211	0.76455665	-0.3555063	8.6067562
1.3100989	0.77518803	-0.35298377	8.6561251
1.3319285	0.77228856	-0.3285993	8.6520109
1.3459619	0.78453076	-0.27730787	8.6561251
1.3599954	0.78549725	-0.2680586	8.6643534
1.3787065	0.78098696	-0.25124174	8.6890373
1.3896214	0.78743023	-0.24619667	8.705493
1.4067733	0.78839672	-0.20247282	8.6931515
1.4192475	0.78098696	-0.17808838	8.6643534
1.4410771	0.78839672	-0.16211236	8.7096071
1.4566698	0.79000753	-0.1200702	8.7466335
1.4707032	0.78324211	-0.12175188	8.6931515
1.4956515	0.78807455	-0.095685743	8.7260637
1.5018885	0.78388643	-0.070460446	8.7301769
1.5237182	0.78485292	-0.054484423	8.7713175
1.5424294	0.79483998	-0.44379479	8.7877741
1.5642591	0.79065186	-0.0057155164	8.7630892
1.5767332	0.7745437	0.0018520731	8.7754316
1.5907667	0.77873182	-0.030099971	8.7795458
1.6016816	0.7842086	-0.030099971	8.7836599
1.5954444	0.78195345	-0.034304187	8.7630892
1.5892074	0.78549725	0.0094196629	8.7918873
1.5923259	0.78743023	0.0035337596	8.8001156
1.6001223	0.79194051	-0.0099197328	8.812458
1.6048001	0.79741728	0.0018520731	8.8042297
1.6063594	0.80257189	0.0035337596	8.8083439
1.6063594	0.80386049	0.012783037	8.8083439
1.6001223	0.80708212	-0.023373226	8.837142
1.6001223	0.79709512	-0.018328166	8.7754316
1.6001223	0.79065186	-0.020009853	8.7795458
1.6032408	0.79387349	-0.0082380464	8.7960014
1.5954444	0.78871888	-0.021691538	8.8165722
1.5876482	0.79741728	0.0043746028	8.8289137
1.5845296	0.78871888	0.0052154465	8.7960014
1.581411	0.78646374	0.0018520731	8.8083439
1.5767332	0.79387349	-0.0040338296	8.7918873
1.5704962	0.79645079	0.011942193	8.8412561
1.5673777	0.79065186	0.017828096	8.7918873
1.5642591	0.78098696	0.0026929164	8.7672033
1.5658183	0.78904104	-0.0048746732	8.8042297
1.5533444	0.79935026	0.0026929164	8.8412561
1.5549036	0.79194051	0.0010112298	8.7960014
1.5471072	0.79967242	0.024554841	8.812458
1.5471072	0.7990281	-0.0073972028	8.7960014
1.5408702	0.80063891	0.011942193	8.8247995
1.5377517	0.79097402	-0.0057155164	8.7713175
1.5393109	0.79773945	0.0010112298	8.812458
1.5361924	0.80192757	-0.030099971	8.8289137
1.5377517	0.79741728	-0.029259128	8.7960014
1.5361924	0.79322916	-0.028418286	8.8083439
1.5252775	0.792907	-0.0073972028	8.812458
1.522159	0.79741728	-0.0099197328	8.8247995
1.5252775	0.80450481	0.0026929164	8.8289137
1.5237182	0.79677296	-0.0082380464	8.8165722
1.5205997	0.7990281	0.0052154465	8.8206854
1.5174812	0.79451782	0.012783037	8.8001156
1.5190405	0.78904104	0.01614641	8.8042297
1.5159218	0.79935026	0.0043746028	8.8453703
1.5096848	0.80063891	-0.017487323	8.8083439
1.5159218	0.81223673	-0.013283106	8.8330278
1.5065663	0.8177135	0.0052154465	8.837142
1.5065663	0.80933726	-0.00067045673	8.812458
1.5065663	0.80224973	-0.036826719	8.8042297
1.5081255	0.79097402	-0.0073972028	8.8165722
1.505007	0.78614157	-0.0048746732	8.8247995
1.505007	0.77969831	0.027077371	8.8001156
1.5081255	0.78775239	-0.027577441	8.8700542
1.4987699	0.78646374	-0.0099197328	8.8247995
1.5018885	0.79516214	-0.012442263	8.8330278
1.5003291	0.80353832	0.0052154465	8.8618259
1.5034478	0.79709512	-0.014964793	8.8330278
1.4987699	0.79419565	-0.0065563596	8.8330278
1.4956515	0.79355133	-0.023373226	8.8165722
1.4894145	0.79612863	0.0052154465	8.8412561
1.4987699	0.79773945	-0.037667561	8.8330278
1.492533	0.80321616	0.0026929164	8.8289137
1.4847367	0.80386049	-0.01160142	8.8494844
1.4862959	0.79709512	-0.0099197328	8.8165722
1.4909737	0.80450481	0.0043746028	8.8247995
1.4909737	0.80192757	-0.014964793	8.8247995
1.4894145	0.79097402	0.018668938	8.812458
1.4862959	0.79129618	-0.0015113001	8.8247995
1.4800588	0.79194051	0.0018520731	8.8247995
1.4800588	0.78904104	0.018668938	8.8453703
1.475381	0.7990281	-0.023373226	8.8412561
1.4862959	0.79322916	-0.027577441	8.8042297
1.4800588	0.80063891	0.014464723	8.8535976
1.4707032	0.80869293	0.0052154465	8.8453703
1.475381	0.80418265	0.0026929164	8.8289137
1.4784995	0.8016054	-0.0065563596	8.8289137
1.4784995	0.80031675	-0.0090788892	8.8289137
1.4738218	0.80386049	-0.0048746732	8.837142
1.4707032	0.80675995	0.014464723	8.8535976
1.4800588	0.80643779	-0.018328166	8.8247995
1.4675847	0.81481403	-0.020850696	8.837142
1.4722625	0.80321616	0.0035337596	8.7877741
1.4675847	0.8090151	0.010260507	8.8618259
1.4738218	0.80386049	-0.015805636	8.8165722
1.469144	0.78485292	-0.024214068	8.7877741
1.4582291	0.78581941	0.0026929164	8.7960014
1.4660254	0.78710806	-0.033463344	8.8247995
1.4644661	0.78936321	-0.0048746732	8.8001156
1.4660254	0.79065186	0.0001703865	8.8001156
1.4629068	0.79741728	-0.01664648	8.837142
1.4582291	0.79999459	-0.0040338296	8.8247995
1.4535513	0.79741728	0.010260507	8.7918873
1.4597883	0.79161835	-0.038508404	8.8247995
1.4566698	0.79387349	-0.0031929866	8.8042297
1.4613476	0.79806161	0.015305566	8.8083439
1.4613476	0.79387349	0.028759057	8.8001156
1.4582291	0.8016054	0.0052154465	8.8165722
1.4566698	0.79645079	0.0052154465	8.7960014
1.4629068	0.79516214	0.025395684	8.8165722
1.4597883	0.79870594	0.0035337596	8.8453703
1.4551105	0.78710806	0.012783037	8.8001156
1.4504327	0.78968537	-0.028418286	8.8165722
1.4582291	0.7842086	-0.0082380464	8.8083439
1.4582291	0.78324211	-0.022532383	8.7918873
1.4597883	0.77647668	0.0035337596	8.812458
1.451992	0.78227562	-0.025895756	8.8083439
1.4566698	0.78968537	-0.0082380464	8.7960014
1.4644661	0.78388643	0.011942193	8.7960014
1.4582291	0.79612863	0.0001703865	8.8494844
1.4535513	0.79516214	-0.0099197328	8.8165722
1.4613476	0.79580647	-0.0082380464	8.7960014
1.4582291	0.79645079	0.0018520731	8.7960014
1.451992	0.79709512	0.010260507	8.8330278
1.4535513	0.78259778	0.011942193	8.7754316
1.4504327	0.79451782	-0.024214068	8.812458
1.4488734	0.79806161	0.007737976	8.812458
1.4535513	0.78743023	0.012783037	8.7918873
1.4551105	0.77937615	0.011942193	8.8042297
1.4457549	0.78775239	-0.0082380464	8.8247995
1.4473141	0.78259778	0.022032311	8.8247995
1.4551105	0.78485292	-0.0065563596	8.8001156
1.4566698	0.76906693	-0.026736598	8.8042297
1.4504327	0.78871888	0.0060562897	8.8247995
1.451992	0.79065186	0.012783037	8.812458
1.4473141	0.79355133	0.0035337596	8.8247995
1.4504327	0.79387349	-0.014123949	8.8165722
1.4566698	0.80386049	-0.01916901	8.8412561
1.4473141	0.80933726	-0.0099197328	8.8494844
1.451992	0.80998158	-0.0048746732	8.837142
1.4504327	0.802894	-0.017487323	8.8330278
1.4597883	0.80965942	-0.029259128	8.8618259
1.4488734	0.79451782	-0.021691538	8.8042297
1.4488734	0.7954843	-0.0090788892	8.812458
1.4473141	0.79194051	-0.023373226	8.8206854
1.4504327	0.79194051	-0.0082380464	8.8535976
1.4441956	0.79161835	0.034644961	8.8247995
1.4473141	0.79000753	0.007737976	8.8330278
1.4457549	0.79838377	-0.0082380464	8.8412561
1.4457549	0.79258484	-0.031781659	8.8206854
1.4457549	0.79709512	-0.0040338296	8.8289137
1.4457549	0.79161835	0.0068971328	8.8165722
1.4457549	0.78871888	0.0035337596	8.8165722
1.4441956	0.79999459	-0.020850696	8.837142
1.4395179	0.79773945	-0.0048746732	8.8289137
1.4410771	0.80514914	-0.010760576	8.8247995
1.4410771	0.80772644	-0.032622501	8.8247995
1.4426364	0.80192757	-0.00067045673	8.8083439
1.4426364	0.7990281	0.015305566	8.8083439
1.4426364	0.78388643	0.0060562897	8.7713175
1.4410771	0.78356427	0.0010112298	8.8001156
1.4426364	0.78710806	-0.028418286	8.812458
1.4426364	0.79065186	0.0060562897	8.8330278
1.4410771	0.79773945	0.0035337596	8.8042297
1.4457549	0.79355133	-0.0090788892	8.8083439
1.4363995	0.80224973	-0.024214068	8.837142
1.4348402	0.79000753	0.015305566	8.7960014
1.4379586	0.79129618	-0.030099971	8.8412561
1.4410771	0.79322916	-0.0031929866	8.812458
1.4410771	0.80772644	-0.010760576	8.8412561
1.4348402	0.81384754	0.0035337596	8.8165722
1.4379586	0.79806161	-0.00067045673	8.8330278
1.4317216	0.80192757	0.0052154465	8.8083439
1.4410771	0.80579346	0.0060562897	8.8083439
1.4254845	0.80031675	0.026236527	8.812458
1.4379586	0.79194051	-0.014964793	8.8042297
1.4379586	0.79580647	-0.01160142	8.8083439
1.4363995	0.792907	0.022873154	8.8206854
1.4270438	0.78871888	-0.015805636	8.812458
1.4317216	0.79322916	-0.0057155164	8.8206854
1.4317216	0.7867859	-0.0082380464	8.8042297
1.4301623	0.79322916	0.0035337596	8.8247995
1.4348402	0.78743023	-0.014123949	8.8001156
1.4363995	0.78904104	-0.034304187	8.8083439
1.4363995	0.79161835	0.007737976	8.837142
1.4332809	0.79161835	0.014464723	8.8289137
1.4379586	0.78646374	-0.0040338296	8.7877741
1.4317216	0.78871888	0.0052154465	8.8165722
1.4332809	0.80257189	-0.032622501	8.837142
1.4239253	0.81320322	0.015305566	8.837142
1.4301623	0.80933726	0.022873154	8.8165722
1.4332809	0.80998158	-0.014123949	8.8247995
1.4395179	0.80192757	-0.0057155164	8.8042297
1.4286031	0.80740428	-0.028418286	8.8289137
1.4286031	0.78839672	-0.0031929866	8.7960014
1.4270438	0.79870594	-0.01664648	8.8412561
1.4317216	0.78614157	-0.0073972028	8.7877741
1.4286031	0.78324211	0.026236527	8.8165722
1.4239253	0.78453076	0.011942193	8.8042297
1.4239253	0.78646374	0.0018520731	8.8165722
1.4317216	0.7806648	0.0043746028	8.7795458
1.4286031	0.78839672	0.0060562897	8.837142
1.4301623	0.79226267	0.0001703865	8.8165722
1.4270438	0.78614157	0.0043746028	8.7836599
1.4270438	0.78549725	-0.00067045673	8.812458
1.4239253	0.79355133	-0.0040338296	8.8289137
1.4317216	0.79451782	0.0085788192	8.837142
1.4286031	0.79000753	-0.0031929866	8.7877741
1.4254845	0.80063891	-0.00067045673	8.837142
1.4270438	0.79516214	-0.0090788892	8.8165722
1.4332809	0.79097402	-0.014964793	8.8083439
1.4301623	0.79516214	-0.010760576	8.8412561
1.4270438	0.78710806	0.012783037	8.8083439
1.4286031	0.77583236	-0.0082380464	8.8001156
1.4176883	0.79000753	0.0068971328	8.8577118
1.4301623	0.79806161	0.0018520731	8.8412561
1.4286031	0.79967242	0.0060562897	8.8412561
1.4239253	0.80063891	0.0085788192	8.8247995
1.4239253	0.81481403	-0.013283106	8.8618259
1.4270438	0.80128324	-0.0031929866	8.8165722
1.422366	0.79612863	0.01614641	8.8165722
1.4145696	0.80128324	-0.0082380464	8.8453703
1.4254845	0.80611563	-0.025054913	8.837142
1.4254845	0.7954843	-0.0073972028	8.8330278
1.4208068	0.79870594	-0.018328166	8.8247995
1.4254845	0.79773945	-0.00067045673	8.812458
1.4208068	0.79838377	-0.023373226	8.8001156
1.4254845	0.79258484	0.0094196629	8.8247995
1.4254845	0.78549725	-0.01916901	8.8165722
1.4239253	0.78614157	-0.0023521434	8.8206854
1.4192475	0.78807455	-0.030940816	8.8289137
1.4208068	0.792907	-0.025895756	8.8206854
1.4301623	0.78807455	-0.018328166	8.8289137
1.4239253	0.79258484	-0.021691538	8.8001156
1.4208068	0.79967242	-0.0090788892	8.8289137
1.4161289	0.7990281	-0.0023521434	8.8165722
1.4254845	0.78581941	0.0094196629	8.8165722
1.4161289	0.78968537	-0.0015113001	8.8083439
1.4208068	0.79870594	-0.018328166	8.8165722
1.422366	0.80933726	-0.0040338296	8.8453703
1.4176883	0.80804861	0.0060562897	8.8247995
1.4192475	0.79451782	0.012783037	8.7960014
1.4208068	0.79258484	-0.010760576	8.8042297
1.4176883	0.79129618	0.0060562897	8.8001156
1.422366	0.7867859	0.012783037	8.7960014
1.4161289	0.78195345	0.0052154465	8.812458
1.4145696	0.78227562	-0.0040338296	8.8206854
1.4130104	0.77905399	0.012783037	8.7836599
1.4176883	0.78002048	0.0018520731	8.8042297
1.4145696	0.78581941	-0.0082380464	8.8247995
1.4208068	0.77969831	0.01110135	8.7960014
1.4130104	0.77228856	0.0026929164	8.8042297
1.4130104	0.78195345	0.015305566	8.8206854
1.4161289	0.78807455	0.036326651	8.8247995
1.4114511	0.78839672	-0.0048746732	8.7960014
1.4161289	0.79322916	0.0010112298	8.8206854
1.4161289	0.78453076	-0.0015113001	8.8083439
1.4161289	0.80257189	-0.01664648	8.8206854
1.4176883	0.792907	-0.01160142	8.8453703
1.4161289	0.80224973	-0.024214068	8.8206854
1.4130104	0.80418265	-0.00067045673	8.8330278
1.4192475	0.79967242	-0.0040338296	8.8247995
1.4130104	0.79129618	-0.0082380464	8.8535976
1.4161289	0.78807455	-0.013283106	8.8083439
1.4176883	0.78227562	-0.0040338296	8.7960014
1.4161289	0.77969831	0.01614641	8.7918873
1.4145696	0.78291994	-0.021691538	8.812458
1.4208068	0.78614157	-0.0040338296	8.7960014
1.4208068	0.79516214	0.0052154465	8.8206854
1.4192475	0.79612863	-0.0048746732	8.8247995
1.4083326	0.79355133	0.0026929164	8.812458
1.4130104	0.80708212	-0.014964793	8.8289137
1.4098918	0.7990281	-0.0048746732	8.812458
1.4161289	0.7867859	-0.024214068	8.7960014
1.4145696	0.79483998	-0.044394307	8.812458
1.4130104	0.80128324	-0.017487323	8.8412561
1.4145696	0.80192757	-0.0090788892	8.812458
1.4114511	0.80611563	-0.0090788892	8.8412561
1.4145696	0.80128324	-0.0040338296	8.8289137
1.4161289	0.79645079	0.023713998	8.8494844
1.4145696	0.80096108	-0.018328166	8.8206854
1.4130104	0.79355133	-0.0082380464	8.8001156
1.4130104	0.7842086	-0.014123949	8.8083439
1.4145696	0.79065186	0.0035337596	8.8165722
1.4114511	0.79194051	-0.014964793	8.8165722
1.4130104	0.79387349	0.0094196629	8.8206854
1.4145696	0.78839672	-0.010760576	8.8001156
1.4161289	0.79226267	-0.027577441	8.8165722
1.4176883	0.79419565	-0.010760576	8.8494844
1.4067733	0.80224973	0.0052154465	8.8330278
1.4130104	0.80321616	-0.029259128	8.812458
1.4161289	0.79419565	0.0094196629	8.7836599
1.4130104	0.79226267	-0.0082380464	8.812458
1.4176883	0.79838377	0.007737976	8.8206854
1.4098918	0.7954843	0.0052154465	8.8206854
1.4052141	0.79999459	-0.022532383	8.8247995
1.4114511	0.79419565	0.0001703865	8.8206854
1.4067733	0.79645079	-0.013283106	8.837142
1.4098918	0.78259778	-0.012442263	8.7877741
1.4083326	0.78324211	-0.0099197328	8.8206854
1.4083326	0.7954843	-0.020009853	8.8412561
1.4114511	0.80418265	-0.027577441	8.812458
1.4114511	0.79709512	-0.015805636	8.812458
1.4067733	0.79516214	-0.012442263	8.812458
1.4067733	0.79967242	0.0094196629	8.8165722
1.4067733	0.79741728	0.025395684	8.8453703
1.4114511	0.79355133	-0.0065563596	8.8083439
1.4052141	0.79580647	-0.017487323	8.812458
1.4130104	0.79483998	-0.010760576	8.812458
1.4176883	0.7954843	0.0068971328	8.7960014
1.4005362	0.79355133	-0.0040338296	8.8206854
1.4098918	0.78324211	-0.0073972028	8.8042297
1.4130104	0.78517509	-0.0099197328	8.8206854
1.4067733	0.79709512	0.007737976	8.837142
1.4067733	0.78968537	-0.010760576	8.8247995
1.4067733	0.79419565	-0.0082380464	8.8330278
1.4098918	0.79355133	0.0001703865	8.8083439
1.4161289	0.78195345	-0.0048746732	8.7918873
1.4114511	0.78356427	0.043894235	8.8165722
1.4114511	0.79129618	-0.0099197328	8.8083439
1.4067733	0.78710806	-0.01160142	8.8083439
1.4114511	0.8016054	-0.0031929866	8.812458
1.4036548	0.80643779	-0.012442263	8.8289137
1.4114511	0.80740428	-0.027577441	8.8001156
1.4067733	0.81062591	0.0001703865	8.8165722
1.4067733	0.79322916	0.012783037	8.8042297
1.4052141	0.80708212	-0.0031929866	8.8330278
1.4052141	0.80611563	0.0018520731	8.8289137
1.4114511	0.80450481	-0.022532383	8.812458
1.4020956	0.79967242	0.0010112298	8.8165722
1.4083326	0.80192757	-0.036826719	8.8165722
1.4020956	0.79387349	0.018668938	8.8206854
1.4052141	0.79677296	-0.020850696	8.8247995
1.4083326	0.78324211	0.0026929164	8.7836599
1.4067733	0.78614157	-0.0031929866	8.8247995
1.4067733	0.79806161	0.010260507	8.8535976
1.4098918	0.78968537	0.0026929164	8.7918873
1.4114511	0.7867859	-0.014964793	8.8001156
1.4036548	0.79580647	-0.022532383	8.8083439
1.3989769	0.7954843	0.01110135	8.8042297
1.4098918	0.802894	-0.037667561	8.837142
1.4067733	0.79322916	0.0001703865	8.7795458
1.4098918	0.79355133	-0.027577441	8.8083439
1.4052141	0.79065186	0.0043746028	8.812458
1.4052141	0.78324211	0.027077371	8.8289137
1.4036548	0.78517509	0.0068971328	8.8289137
1.4067733	0.78807455	-0.0057155164	8.8206854
1.3989769	0.79000753	0.026236527	8.8247995
1.4020956	0.79838377	-0.0082380464	8.8247995
1.4067733	0.78807455	0.0052154465	8.8042297
1.4083326	0.79129618	0.022873154	8.8083439
1.4005362	0.79451782	0.01110135	8.812458
1.4005362	0.79741728	-0.023373226	8.8206854
1.3989769	0.79580647	-0.029259128	8.8247995
1.4005362	0.78871888	-0.0048746732	8.7960014
1.3989769	0.79097402	0.026236527	8.8206854
1.4020956	0.79322916	0.0068971328	8.8083439
1.4098918	0.79194051	-0.026736598	8.8042297
1.4036548	0.79065186	-0.026736598	8.7877741
1.4005362	0.79419565	0.012783037	8.7960014
1.4052141	0.79000753	0.0010112298	8.8042297
1.4036548	0.78710806	-0.012442263	8.8206854
1.4083326	0.78871888	0.020350626	8.812458
1.4114511	0.79065186	0.0010112298	8.8083439
1.4036548	0.79580647	0.0068971328	8.8330278
1.4036548	0.78968537	-0.025895756	8.8083439
1.4067733	0.78549725	-0.021691538	8.8247995
1.3958584	0.79161835	0.014464723	8.812458
1.4020956	0.78614157	-0.00067045673	8.7960014
1.4005362	0.78775239	-0.0082380464	8.8206854
1.3958584	0.80224973	-0.010760576	8.8700542
1.4083326	0.79645079	0.01110135	8.7960014
1.4005362	0.7990281	0.0001703865	8.8247995
1.3958584	0.80772644	0.014464723	8.8247995
1.4005362	0.8115924	-0.0031929866	8.8330278
1.4067733	0.79773945	-0.0082380464	8.7960014
1.3974177	0.78871888	0.0001703865	8.8042297
1.4052141	0.79516214	-0.024214068	8.8289137
1.3989769	0.79870594	-0.0065563596	8.8330278
1.4005362	0.78324211	-0.018328166	8.7960014
1.4005362	0.79226267	-0.035145033	8.8289137
1.3989769	0.78485292	0.012783037	8.8001156
1.4036548	0.78710806	-0.00067045673	8.8083439
1.4036548	0.78743023	-0.018328166	8.8165722
1.3942991	0.78743023	-0.0057155164	8.812458
1.4036548	0.78485292	0.013623879	8.7918873
1.4052141	0.78936321	0.014464723	8.8042297
1.4020956	0.79258484	0.0068971328	8.837142
1.3958584	0.80257189	-0.0040338296	8.8206854
1.3989769	0.79516214	0.021191468	8.8042297
1.4036548	0.80611563	-0.0023521434	8.8412561
1.4036548	0.79387349	-0.024214068	8.7795458
1.4067733	0.79967242	-0.023373226	8.8165722
1.3989769	0.79226267	0.0026929164	8.8083439
1.3989769	0.78646374	0.0094196629	8.8083439
1.4036548	0.78195345	0.0010112298	8.7918873
1.4005362	0.78453076	-0.030940816	8.8453703
1.3927399	0.78871888	-0.0023521434	8.8206854
1.3989769	0.79194051	-0.020009853	8.812458
1.4005362	0.79355133	0.014464723	8.8289137
1.4020956	0.79806161	0.0010112298	8.8330278
1.3989769	0.79194051	0.0026929164	8.8083439
1.3958584	0.79322916	0.0035337596	8.7918873
1.4052141	0.80418265	-0.039349247	8.8412561
1.4020956	0.79387349	-0.01160142	8.8083439
1.3974177	0.79838377	-0.0090788892	8.8042297
1.3989769	0.81223673	-0.01664648	8.837142
1.3974177	0.79645079	-0.023373226	8.7960014
1.3989769	0.80128324	0.0035337596	8.8165722
1.3989769	0.80514914	-0.043553464	8.8700542
1.3989769	0.7954843	0.0018520731	8.7960014
1.3958584	0.79129618	-0.0065563596	8.8042297
1.4052141	0.78936321	-0.0073972028	8.8001156
1.4005362	0.78388643	-0.017487323	8.8206854
1.3989769	0.79387349	-0.0057155164	8.8247995
1.4052141	0.78356427	0.011942193	8.7960014
1.4020956	0.78163129	-0.017487323	8.8042297
1.3989769	0.79161835	0.0052154465	8.8206854
1.4020956	0.80257189	-0.025895756	8.8289137
1.4005362	0.79806161	-0.014964793	8.8001156
1.3958584	0.79870594	-0.0099197328	8.8289137
1.3958584	0.79677296	-0.022532383	8.812458
1.3958584	0.8054713	0.021191468	8.8412561
1.3974177	0.80321616	0.0043746028	8.8247995
1.3958584	0.79387349	0.011942193	8.7918873
1.4020956	0.79967242	-0.022532383	8.8083439
1.3989769	0.79580647	-0.010760576	8.8330278
1.3958584	0.79226267	0.012783037	8.8001156
1.3974177	0.79322916	-0.020850696	8.8206854
1.4020956	0.78291994	-0.0099197328	8.7877741
1.3989769	0.77905399	0.018668938	8.8083439
1.3974177	0.78775239	0.0068971328	8.8042297
1.3989769	0.79097402	-0.0073972028	8.8083439
1.3958584	0.78453076	0.012783037	8.8042297
1.3958584	0.79451782	-0.01916901	8.8165722
1.3927399	0.79838377	0.0085788192	8.8083439
1.3958584	0.80096108	-0.00067045673	8.8330278
1.3942991	0.80482697	-0.01664648	8.812458
1.3942991	0.79645079	0.0010112298	8.8042297
1.3989769	0.80224973	-0.040190089	8.8247995
1.3896214	0.80804861	-0.00067045673	8.8165722
1.3927399	0.80257189	-0.0031929866	8.7960014
1.3942991	0.79516214	-0.030099971	8.7960014
1.3927399	0.79612863	0.01614641	8.8330278
1.3927399	0.8016054	0.012783037	8.8494844
1.3896214	0.792907	0.012783037	8.8042297
1.3958584	0.79097402	0.0035337596	8.8289137
1.3958584	0.78968537	-0.027577441	8.8042297
1.3989769	0.78968537	-0.021691538	8.8247995
1.3958584	0.78807455	-0.012442263	8.7918873
1.3989769	0.78259778	0.011942193	8.7795458
1.3849435	0.78904104	0.007737976	8.8206854
1.3942991	0.7990281	-0.0073972028	8.8453703
1.3911806	0.78581941	0.01110135	8.7918873
1.3958584	0.78291994	0.0026929164	8.7960014
1.3927399	0.79065186	0.013623879	8.7960014
1.4005362	0.78324211	0.020350626	8.7836599
1.3927399	0.78936321	-0.013283106	8.7960014
1.3896214	0.8016054	0.0043746028	8.8165722
1.4005362	0.79032969	0.0035337596	8.7918873
1.3911806	0.78646374	0.0060562897	8.812458
1.3942991	0.78743023	-0.0031929866	8.8042297
1.3942991	0.79612863	-0.010760576	8.812458
1.3927399	0.79000753	0.0068971328	8.8165722
1.3896214	0.78034264	-0.0040338296	8.7960014
1.3927399	0.78356427	-0.028418286	8.8330278
1.3927399	0.79194051	-0.0023521434	8.8165722
1.3911806	0.7867859	0.0018520731	8.8042297
1.3911806	0.79419565	0.0094196629	8.8165722
1.3911806	0.78904104	0.0018520731	8.8042297
1.3942991	0.80096108	0.014464723	8.837142
1.3942991	0.79677296	0.0060562897	8.8042297
1.3911806	0.79741728	-0.0082380464	8.8001156
1.3911806	0.79355133	-0.00067045673	8.8206854
1.3942991	0.802894	-0.025895756	8.8494844
1.3927399	0.8090151	0.024554841	8.8165722
1.3911806	0.80031675	0.0068971328	8.7960014
1.3896214	0.80386049	-0.017487323	8.8412561
1.3927399	0.80096108	0.0010112298	8.8494844
1.3958584	0.79129618	0.0043746028	8.7960014
1.3911806	0.78871888	0.0035337596	8.8247995
1.3942991	0.79677296	-0.0082380464	8.812458
1.3958584	0.79065186	-0.0082380464	8.7960014
1.3911806	0.80224973	-0.010760576	8.8412561
1.3896214	0.79935026	0.012783037	8.8206854
1.3942991	0.80611563	0.016987253	8.8330278
1.3880621	0.81127024	-0.014964793	8.8165722
1.3927399	0.81062591	-0.00067045673	8.8165722
1.3989769	0.8090151	0.007737976	8.812458
1.3974177	0.80192757	-0.021691538	8.7877741
1.3896214	0.80933726	-0.01160142	8.837142
1.3880621	0.79935026	0.013623879	8.812458
1.4005362	0.78517509	0.023713998	8.7795458
1.3927399	0.79580647	-0.0099197328	8.8206854
1.3927399	0.79999459	-0.020009853	8.8083439
1.3927399	0.79709512	0.010260507	8.837142
1.3896214	0.7954843	0.0085788192	8.8083439
1.4020956	0.7867859	0.016987253	8.8001156
1.3911806	0.77776533	-0.013283106	8.7795458
1.3849435	0.77937615	0.0035337596	8.7960014
1.3911806	0.77905399	0.010260507	8.8289137
1.3911806	0.79065186	-0.012442263	8.8330278
1.3942991	0.79451782	0.01110135	8.812458
1.3849435	0.80321616	0.01110135	8.8206854
1.3849435	0.80386049	0.022032311	8.837142
1.3849435	0.80450481	0.0001703865	8.812458
1.3865029	0.80965942	0.007737976	8.837142
1.3927399	0.79645079	-0.017487323	8.7960014
1.3958584	0.78904104	0.023713998	8.7918873
1.3911806	0.79451782	-0.014123949	8.8165722
1.3896214	0.80063891	-0.025895756	8.8289137
1.3896214	0.79935026	-0.0015113001	8.8165722
1.3849435	0.79677296	0.015305566	8.8206854
1.3833842	0.79773945	0.0085788192	8.8289137
1.3896214	0.79677296	0.007737976	8.8083439
1.3911806	0.78324211	0.0052154465	8.7960014
1.3896214	0.78936321	-0.0031929866	8.8042297
1.3896214	0.78034264	0.0001703865	8.812458
1.3880621	0.79516214	-0.030940816	8.8330278
1.3896214	0.79709512	-0.0031929866	8.8165722
1.3865029	0.79194051	-0.01160142	8.8083439
1.3880621	0.78807455	-0.0099197328	8.8165722
1.3911806	0.80257189	-0.0082380464	8.8206854
1.3911806	0.80579346	-0.0023521434	8.7960014
1.3942991	0.8016054	0.007737976	8.7960014
1.3911806	0.79000753	-0.0057155164	8.7960014
1.3880621	0.78614157	0.0043746028	8.8001156
1.3974177	0.79258484	-0.030099971	8.8165722
1.3865029	0.79226267	0.0035337596	8.812458
1.3911806	0.78807455	-0.0057155164	8.812458
1.3865029	0.79000753	-0.01664648	8.8577118
1.3958584	0.79065186	0.0035337596	8.8083439
1.3849435	0.79451782	-0.024214068	8.8206854
1.3880621	0.79999459	-0.028418286	8.8165722
1.3865029	0.80353832	0.0001703865	8.8412561
1.3833842	0.80514914	0.01614641	8.8289137
1.3911806	0.80611563	-0.01916901	8.8289137
1.3880621	0.79129618	-0.014964793	8.8001156
1.3896214	0.79097402	-0.025895756	8.8247995
1.3896214	0.7842086	-0.012442263	8.7960014
1.3880621	0.78936321	0.0043746028	8.8083439
1.3849435	0.79451782	-0.020009853	8.8247995
1.3880621	0.79355133	0.015305566	8.8001156
1.3865029	0.79612863	0.012783037	8.812458
1.3974177	0.79677296	-0.028418286	8.812458
1.3865029	0.80063891	-0.010760576	8.8289137
1.3896214	0.80386049	-0.0073972028	8.8247995
1.3849435	0.78614157	0.0094196629	8.8083439
1.3927399	0.78614157	-0.014964793	8.7918873
1.381825	0.78904104	-0.0023521434	8.8083439
1.3849435	0.79612863	-0.010760576	8.8083439
1.3865029	0.80128324	0.0068971328	8.8247995
1.3849435	0.79516214	0.0018520731	8.8042297
1.3865029	0.80257189	-0.018328166	8.8165722
1.3911806	0.79677296	-0.0031929866	8.8042297
1.381825	0.79645079	-0.0023521434	8.8247995
1.3880621	0.80933726	-0.014123949	8.8618259
1.3880621	0.81223673	0.012783037	8.8247995
1.3896214	0.80514914	-0.0090788892	8.8042297
1.3880621	0.80933726	-0.01916901	8.837142
1.3880621	0.80998158	0.016987253	8.8453703
1.3911806	0.7954843	0.0043746028	8.8042297
1.3896214	0.79516214	-0.021691538	8.8289137
1.3849435	0.80386049	0.0052154465	8.8453703
1.3896214	0.80192757	0.0026929164	8.837142
1.3865029	0.79000753	-0.014964793	8.8206854
1.3927399	0.79483998	-0.0031929866	8.8083439
1.3849435	0.79580647	0.011942193	8.8247995
1.3880621	0.79032969	0.019509783	8.7918873
1.3865029	0.79194051	-0.0099197328	8.8165722
1.3927399	0.79806161	-0.021691538	8.8083439
1.3942991	0.80804861	-0.017487323	8.8330278
1.3911806	0.80192757	-0.0082380464	8.8165722
1.3865029	0.78968537	-0.018328166	8.8001156
1.3802657	0.78710806	0.0085788192	8.7918873
1.3849435	0.79355133	-0.0015113001	8.8206854
1.3927399	0.78839672	-0.024214068	8.7877741
1.3896214	0.78259778	0.020350626	8.812458
1.3911806	0.78227562	-0.012442263	8.8042297
1.3865029	0.77905399	-0.018328166	8.8042297
1.3927399	0.78130913	0.013623879	8.7877741
1.3833842	0.78839672	0.0052154465	8.8247995
1.3880621	0.79999459	0.0043746028	8.8494844
1.3911806	0.79258484	0.007737976	8.7836599
1.3896214	0.78130913	-0.023373226	8.8042297
1.3849435	0.78356427	0.0094196629	8.8042297
1.3896214	0.7842086	0.01614641	8.8289137
1.3880621	0.79870594	-0.012442263	8.8165722
1.3880621	0.78871888	-0.024214068	8.7960014
1.3896214	0.78098696	0.0043746028	8.7918873
1.381825	0.79065186	0.0043746028	8.8083439
1.3849435	0.79161835	0.007737976	8.8494844
1.3849435	0.80257189	0.0052154465	8.8412561
1.3849435	0.79806161	-0.031781659	8.8165722
1.3849435	0.79451782	0.0035337596	8.8042297
1.3865029	0.80128324	-0.030099971	8.8453703
1.3802657	0.77776533	0.0085788192	8.7918873
1.381825	0.78743023	0.022873154	8.812458
1.3896214	0.78485292	-0.0040338296	8.8042297
1.381825	0.78388643	-0.013283106	8.8165722
1.3880621	0.80321616	-0.031781659	8.8289137
1.3802657	0.80579346	-0.014123949	8.837142
1.3833842	0.80804861	0.01614641	8.8289137
1.3787065	0.80579346	-0.01160142	8.812458
1.3849435	0.80257189	-0.025895756	8.812458
1.3833842	0.80386049	-0.012442263	8.8083439
1.3896214	0.79870594	-0.030099971	8.7918873
1.3849435	0.80224973	-0.0073972028	8.812458
1.3802657	0.79773945	-0.0082380464	8.837142
1.3911806	0.78904104	-0.0040338296	8.7836599
1.3787065	0.79870594	0.0068971328	8.8289137
1.3833842	0.79709512	-0.025054913	8.8247995
1.3911806	0.79032969	-0.0023521434	8.837142
1.381825	0.78453076	0.03128159	8.7960014
1.3833842	0.7842086	0.020350626	8.8042297
1.3849435	0.78839672	-0.025895756	8.8247995
1.381825	0.78839672	-0.0099197328	8.8083439
1.3865029	0.80257189	-0.018328166	8.8412561
1.3880621	0.80611563	-0.014123949	8.8453703
1.3833842	0.81191456	0.007737976	8.8412561
1.3896214	0.79709512	-0.0073972028	8.8042297
1.3865029	0.7954843	0.0026929164	8.837142
1.3787065	0.79709512	0.0043746028	8.8206854
1.3833842	0.80192757	-0.027577441	8.7960014
1.3880621	0.79516214	0.012783037	8.7754316
1.381825	0.79999459	-0.027577441	8.8247995
1.3771472	0.78710806	-0.010760576	8.7960014
1.3787065	0.78904104	-0.032622501	8.8247995
1.3880621	0.78839672	-0.0073972028	8.8165722
1.381825	0.78775239	-0.030099971	8.8247995
1.3787065	0.792907	-0.0048746732	8.8247995
1.3833842	0.79065186	-0.018328166	8.8165722
1.3755879	0.79580647	-0.0073972028	8.8165722
1.3802657	0.79419565	0.0060562897	8.8165722
1.381825	0.79387349	-0.010760576	8.8165722
1.3802657	0.80643779	0.013623879	8.8453703
1.3802657	0.80998158	-0.012442263	8.8330278
1.381825	0.80192757	-0.01664648	8.7960014
1.3865029	0.79516214	0.0018520731	8.8247995
1.3802657	0.80063891	0.0085788192	8.837142
1.3896214	0.802894	-0.0082380464	8.8083439
1.3802657	0.79580647	-0.024214068	8.8083439
1.3896214	0.80257189	-0.049439363	8.812458
1.381825	0.80418265	0.0026929164	8.8289137
1.381825	0.79677296	0.019509783	8.812458
1.3896214	0.79032969	0.0035337596	8.8083439
1.3849435	0.79065186	-0.014123949	8.812458
1.381825	0.79322916	-0.020009853	8.8453703
1.3865029	0.78549725	-0.018328166	8.8165722
1.3849435	0.79387349	-0.0082380464	8.8165722
1.3833842	0.7954843	-0.01916901	8.8165722
1.3833842	0.79709512	-0.036826719	8.837142
1.3849435	0.78710806	-0.0023521434	8.8083439
1.3802657	0.78904104	0.034644961	8.8042297
1.381825	0.78259778	0.0035337596	8.7836599
1.3802657	0.78453076	-0.0065563596	8.812458
1.3771472	0.7842086	-0.017487323	8.8001156
1.3849435	0.78324211	-0.036826719	8.7795458
1.3802657	0.79451782	-0.010760576	8.8289137
1.381825	0.79355133	0.0018520731	8.8165722
1.3771472	0.79838377	-0.014964793	8.8206854
1.3771472	0.79097402	0.0035337596	8.8001156
1.3787065	0.79612863	-0.0065563596	8.837142
1.3787065	0.78904104	-0.0031929866	8.8247995
1.3865029	0.77937615	0.0010112298	8.8206854
1.381825	0.7745437	-0.00067045673	8.7795458
1.3740288	0.78002048	0.01110135	8.8083439
1.381825	0.79516214	0.0060562897	8.8289137
1.3833842	0.79451782	-0.0073972028	8.8289137
1.3755879	0.79161835	-0.00067045673	8.8165722
1.3755879	0.79709512	0.021191468	8.8206854
1.3771472	0.80353832	-0.0090788892	8.8165722
1.3787065	0.80869293	-0.021691538	8.8165722
1.3833842	0.80031675	-0.020009853	8.8412561
1.381825	0.79322916	-0.0073972028	8.812458
1.3755879	0.80386049	0.01614641	8.8412561
1.3833842	0.80063891	-0.0099197328	8.8206854
1.3787065	0.78710806	0.0035337596	8.8206854
1.3755879	0.79419565	-0.027577441	8.8330278
1.3755879	0.78453076	0.012783037	8.812458
1.381825	0.77937615	0.0068971328	8.7795458
1.3755879	0.7780875	-0.015805636	8.7918873
1.3771472	0.77615452	-0.0099197328	8.7960014
1.381825	0.78646374	-0.030099971	8.8165722
1.3740288	0.79483998	-0.0031929866	8.8247995
1.3771472	0.80257189	-0.0082380464	8.8453703
1.381825	0.81320322	-0.00067045673	8.8412561
1.3755879	0.80482697	-0.012442263	8.8165722
1.3865029	0.79741728	0.01110135	8.8001156
1.381825	0.79483998	-0.01916901	8.8206854
1.3755879	0.79580647	-0.0048746732	8.837142
1.3787065	0.79580647	-0.035985876	8.8042297
1.3880621	0.79000753	-0.025895756	8.8001156
1.3787065	0.79226267	-0.018328166	8.8165722
1.3787065	0.80353832	0.015305566	8.8577118
1.3771472	0.78356427	0.025395684	8.8042297
1.381825	0.78388643	-0.023373226	8.8289137
1.3771472	0.78324211	-0.023373226	8.837142
1.3771472	0.79645079	0.0001703865	8.8289137
1.3755879	0.7990281	0.0026929164	8.8577118
1.381825	0.7867859	-0.022532383	8.7960014
1.381825	0.79967242	0.0094196629	8.8206854
1.3755879	0.80063891	-0.0073972028	8.8289137
1.3771472	0.80611563	0.012783037	8.8618259
1.381825	0.79967242	0.027077371	8.8206854
1.3771472	0.80128324	-0.018328166	8.8165722
1.3833842	0.80611563	-0.023373226	8.8412561
1.3833842	0.80031675	-0.032622501	8.8042297
1.3802657	0.79516214	-0.0073972028	8.7877741
1.3896214	0.80740428	-0.029259128	8.8330278
1.381825	0.8016054	0.010260507	8.812458
1.3802657	0.80740428	-0.0065563596	8.837142
1.3833842	0.80772644	-0.039349247	8.8330278
1.381825	0.79999459	-0.0015113001	8.8165722
1.381825	0.78936321	-0.0099197328	8.8042297
1.3849435	0.79419565	-0.022532383	8.8289137
1.3787065	0.79194051	0.010260507	8.812458
1.3771472	0.78968537	-0.014123949	8.812458
1.381825	0.79967242	-0.030099971	8.8206854
1.3833842	0.79419565	-0.0099197328	8.8001156
1.3771472	0.80579346	-0.0073972028	8.8494844
1.3787065	0.79065186	0.0010112298	8.8083439
1.3849435	0.79645079	-0.0082380464	8.8165722
1.3724695	0.79967242	0.007737976	8.8247995
1.3724695	0.7990281	0.016987253	8.7795458
1.3755879	0.80482697	0.0052154465	8.8659401
1.3771472	0.80192757	-0.017487323	8.8206854
1.3755879	0.80482697	-0.0040338296	8.8289137
1.3709103	0.80224973	-0.0099197328	8.812458
1.3787065	0.79967242	-0.026736598	8.8494844
1.3709103	0.80224973	0.0043746028	8.8453703
1.3740288	0.78968537	-0.014123949	8.7960014
1.3755879	0.78034264	0.0060562897	8.8042297
1.3631139	0.79032969	-0.020009853	8.8165722
1.3755879	0.79709512	-0.013283106	8.8247995
1.3755879	0.78807455	-0.010760576	8.7918873
1.3724695	0.78871888	0.027077371	8.812458
1.369351	0.79709512	0.014464723	8.837142
1.3771472	0.79967242	0.0043746028	8.8083439
1.3755879	0.8054713	-0.018328166	8.8206854
1.3771472	0.79967242	-0.041030932	8.8083439
1.3771472	0.79097402	-0.017487323	8.7795458
1.3740288	0.79516214	-0.0090788892	8.8577118
1.3802657	0.78549725	-0.0015113001	8.8042297
1.3755879	0.79258484	0.0001703865	8.8165722
1.3771472	0.79451782	-0.046075992	8.812458
1.381825	0.79773945	0.0026929164	8.8453703
1.381825	0.78775239	-0.0015113001	8.7960014
1.3787065	0.78227562	-0.024214068	8.7795458
1.3771472	0.7842086	-0.00067045673	8.8206854
1.3755879	0.79612863	-0.034304187	8.8247995
1.3755879	0.7842086	0.014464723	8.8042297
1.3787065	0.78936321	-0.026736598	8.8206854
1.3833842	0.79677296	-0.018328166	8.8206854
1.381825	0.80482697	-0.01664648	8.8330278
1.3802657	0.80257189	0.0026929164	8.8289137
1.381825	0.79032969	0.011942193	8.7877741
1.3755879	0.78871888	0.026236527	8.8042297
1.3709103	0.80450481	-0.013283106	8.8206854
1.3740288	0.79999459	-0.0073972028	8.8289137
1.3802657	0.79355133	-0.023373226	8.8083439
1.3787065	0.79000753	0.0094196629	8.8083439
1.3740288	0.78614157	0.012783037	8.8001156
1.3724695	0.79258484	0.007737976	8.837142
1.381825	0.78324211	0.0010112298	8.8001156
1.3755879	0.77873182	0.012783037	8.8001156
1.3755879	0.7745437	-0.0040338296	8.8042297
1.3787065	0.77615452	-0.018328166	8.812458
1.3740288	0.77389938	0.022873154	8.7754316
1.3740288	0.78195345	-0.00067045673	8.8247995
1.3771472	0.79258484	-0.0073972028	8.8330278
1.3802657	0.78710806	0.0018520731	8.7960014
1.3755879	0.78549725	0.017828096	8.812458
1.3755879	0.79387349	-0.0090788892	8.8165722
1.381825	0.81062591	0.0060562897	8.8453703
1.3677918	0.80965942	-0.0040338296	8.8247995
1.3787065	0.80804861	-0.0099197328	8.8206854
1.3740288	0.79741728	-0.020850696	8.8042297
1.3709103	0.79870594	0.018668938	8.8247995
1.3787065	0.79097402	-0.014123949	8.8083439
1.3833842	0.78549725	0.021191468	8.7960014
1.381825	0.78968537	-0.024214068	8.8289137
1.3755879	0.79580647	-0.020850696	8.8001156
1.381825	0.78453076	-0.01916901	8.7960014
1.3771472	0.78130913	0.0052154465	8.8042297
1.3709103	0.78356427	0.0035337596	8.8247995
1.3833842	0.79935026	-0.0082380464	8.837142
1.3724695	0.80482697	-0.027577441	8.8247995
1.3755879	0.81288105	-0.021691538	8.8289137
1.3833842	0.80804861	-0.020009853	8.812458
1.3771472	0.79773945	0.0068971328	8.7836599
1.3771472	0.78839672	0.011942193	8.7960014
1.3802657	0.79612863	-0.01916901	8.7918873
1.3755879	0.80096108	-0.0073972028	8.8289137
1.3755879	0.79580647	-0.043553464	8.8083439
1.3771472	0.79032969	-0.0057155164	8.8042297
1.3771472	0.78871888	-0.017487323	8.8206854
1.369351	0.79129618	0.020350626	8.8289137
1.3724695	0.78839672	0.021191468	8.812458
1.3771472	0.77712101	-0.027577441	8.7877741
1.3709103	0.78614157	-0.017487323	8.8001156
1.3709103	0.8054713	0.0052154465	8.8412561
1.3755879	0.80482697	0.0085788192	8.8247995
1.3755879	0.78968537	0.01614641	8.7960014
1.3755879	0.79387349	-0.013283106	8.812458
1.3709103	0.80353832	0.023713998	8.8289137
1.3724695	0.79838377	0.0010112298	8.812458
1.3709103	0.80257189	-0.0031929866	8.8453703
1.3709103	0.80869293	0.0085788192	8.8247995
1.3755879	0.81062591	-0.01916901	8.8206854
1.3755879	0.79773945	-0.025895756	8.8042297
1.3724695	0.79097402	-0.012442263	8.8412561
1.3755879	0.79677296	-0.0099197328	8.8247995
1.3755879	0.79580647	0.0094196629	8.8206854
1.3740288	0.79483998	0.0018520731	8.8042297
1.3802657	0.80192757	-0.024214068	8.8165722
1.3709103	0.79806161	0.014464723	8.812458
1.3709103	0.78646374	0.0035337596	8.8083439
1.3771472	0.79483998	-0.012442263	8.8165722
1.3724695	0.79258484	0.0052154465	8.8001156
1.3755879	0.80096108	-0.0073972028	8.8247995
1.3724695	0.80772644	-0.036826719	8.8289137
1.3724695	0.80224973	0.0026929164	8.812458
1.3755879	0.79741728	-0.0048746732	8.8083439
1.3662324	0.79065186	0.0001703865	8.8165722
1.3709103	0.79999459	0.0094196629	8.8165722
1.3724695	0.79967242	-0.021691538	8.8165722
1.3833842	0.79000753	0.0035337596	8.7960014
1.3755879	0.79709512	-0.0031929866	8.8453703
1.3755879	0.7954843	0.0085788192	8.8042297
1.3755879	0.79580647	-0.0099197328	8.8247995
1.3771472	0.78968537	-0.01160142	8.812458
1.3771472	0.77776533	-0.030940816	8.7836599
1.3740288	0.78839672	-0.028418286	8.8535976
1.3755879	0.79322916	-0.0090788892	8.812458
1.3771472	0.79000753	-0.032622501	8.8001156
1.3771472	0.79129618	0.0052154465	8.812458
1.3724695	0.79612863	0.0052154465	8.8535976
1.3755879	0.80031675	0.0094196629	8.8206854
1.3709103	0.79000753	0.0026929164	8.7877741
1.3724695	0.78936321	-0.013283106	8.7960014
1.3724695	0.79580647	-0.00067045673	8.8289137
1.3740288	0.78871888	0.0094196629	8.7960014
1.3740288	0.79000753	0.012783037	8.8206854
1.3787065	0.77969831	-0.0015113001	8.7877741
1.3709103	0.78388643	-0.0057155164	8.8247995
1.3724695	0.78034264	0.0068971328	8.7836599
1.3724695	0.79677296	-0.017487323	8.8412561
1.3740288	0.79870594	-0.027577441	8.8247995
1.3724695	0.79516214	-0.0031929866	8.7918873
1.3740288	0.78259778	0.025395684	8.8165722
1.3771472	0.78710806	-0.035145033	8.8042297
1.3709103	0.792907	-0.01664648	8.812458
1.3709103	0.79580647	-0.021691538	8.8412561
1.3740288	0.79709512	0.021191468	8.8042297
1.3724695	0.80418265	-0.01664648	8.8083439
1.3724695	0.8054713	-0.0065563596	8.8042297
1.3677918	0.81352538	-0.023373226	8.8165722
1.3709103	0.80321616	-0.017487323	8.8042297
1.3724695	0.79773945	0.025395684	8.8042297
1.3740288	0.78968537	0.022032311	8.8042297
1.3709103	0.78743023	-0.0031929866	8.8042297
1.3724695	0.78324211	0.014464723	8.7836599
1.3787065	0.78743023	-0.022532383	8.8453703
1.3724695	0.79097402	-0.0082380464	8.8247995
1.3646731	0.78259778	-0.0040338296	8.7960014
1.3662324	0.79612863	0.0068971328	8.812458
1.3771472	0.80708212	0.0026929164	8.8289137
1.3677918	0.80128324	0.027918214	8.812458
1.3631139	0.80128324	0.013623879	8.8247995
1.369351	0.79935026	-0.01160142	8.8289137
1.3677918	0.78614157	0.027918214	8.8001156
1.369351	0.79194051	-0.017487323	8.8289137
1.3755879	0.80675995	-0.0031929866	8.8289137
1.3771472	0.81062591	-0.0090788892	8.8247995
1.3740288	0.80450481	-0.01160142	8.8206854
1.369351	0.81062591	0.0060562897	8.8247995
1.3709103	0.80611563	-0.026736598	8.8247995
1.369351	0.79322916	-0.0031929866	8.8083439
1.3709103	0.78775239	-0.023373226	8.7960014
1.369351	0.78710806	-0.023373226	8.8330278
1.369351	0.79483998	0.0052154465	8.8165722
1.3787065	0.79226267	-0.0065563596	8.8042297
1.3755879	0.79065186	0.016987253	8.7918873
1.3755879	0.77937615	0.007737976	8.8042297
1.3740288	0.79355133	-0.012442263	8.8289137
1.3755879	0.79387349	-0.0023521434	8.7960014
1.3709103	0.79967242	-0.01916901	8.8247995
1.3755879	0.79870594	-0.031781659	8.812458
1.3724695	0.80611563	-0.032622501	8.8412561
1.3755879	0.80418265	-0.0048746732	8.812458
1.3709103	0.81127024	-0.014123949	8.8206854
1.3755879	0.80321616	-0.01160142	8.8165722
1.3724695	0.79387349	-0.0065563596	8.8083439
1.3755879	0.79741728	0.011942193	8.8289137
1.3771472	0.79580647	-0.038508404	8.812458
1.3724695	0.78871888	-0.038508404	8.7918873
1.3709103	0.78388643	-0.027577441	8.8042297
1.3677918	0.78227562	0.011942193	8.8165722
1.3724695	0.78259778	0.0018520731	8.8083439
1.3662324	0.79709512	0.007737976	8.837142
1.3646731	0.78581941	0.0001703865	8.7877741
1.3755879	0.78324211	0.011942193	8.8083439
1.369351	0.79097402	-0.014964793	8.8042297
1.3724695	0.8016054	-0.01160142	8.837142
1.3724695	0.79258484	-0.0057155164	8.7960014
1.3709103	0.79161835	0.0026929164	8.7960014
1.369351	0.792907	-0.0040338296	8.8165722
1.3677918	0.79065186	-0.0048746732	8.8042297
1.3631139	0.80128324	-0.010760576	8.8165722
1.3787065	0.80353832	-0.021691538	8.8453703
1.3709103	0.79773945	-0.012442263	8.8206854
1.3709103	0.79870594	-0.021691538	8.8247995
1.3771472	0.79483998	-0.020009853	8.7836599
1.3709103	0.78453076	-0.015805636	8.7960014
1.3755879	0.78968537	-0.030099971	8.8412561
1.3724695	0.7990281	-0.010760576	8.812458
1.3677918	0.79709512	0.01614641	8.812458
1.3709103	0.80063891	-0.029259128	8.8247995
1.3709103	0.80837077	0.0060562897	8.8535976
1.3709103	0.79451782	-0.01916901	8.7836599
1.3709103	0.79870594	-0.036826719	8.8330278
1.3724695	0.79580647	0.0043746028	8.8206854
1.3662324	0.80031675	-0.0073972028	8.7960014
1.3709103	0.79677296	-0.0065563596	8.8494844
1.3787065	0.79483998	-0.0082380464	8.7960014
1.3646731	0.79741728	0.015305566	8.8165722
1.3755879	0.78775239	0.020350626	8.8042297
1.3740288	0.78710806	-0.0048746732	8.8165722
1.369351	0.78356427	0.0043746028	8.7960014
1.3724695	0.79709512	-0.022532383	8.812458
1.3709103	0.79967242	0.0001703865	8.8289137
1.3724695	0.7954843	-0.0073972028	8.8083439
1.3662324	0.79451782	-0.030940816	8.8042297
1.3709103	0.79419565	0.010260507	8.8165722
1.3740288	0.79194051	-0.015805636	8.7877741
1.3646731	0.7867859	0.0094196629	8.8042297
1.3709103	0.78002048	-0.022532383	8.8001156
1.3755879	0.7867859	-0.020850696	8.8001156
1.3755879	0.78968537	-0.0057155164	8.7795458
1.3662324	0.79516214	-0.014123949	8.8247995
1.3724695	0.80096108	-0.01160142	8.8453703
1.3724695	0.78839672	0.035485804	8.7795458
1.3646731	0.78807455	-0.0031929866	8.7960014
1.3709103	0.7954843	-0.0065563596	8.8412561
1.3724695	0.78453076	-0.0048746732	8.812458
1.3709103	0.7842086	-0.0023521434	8.8083439
1.3677918	0.78968537	-0.012442263	8.7960014
1.3709103	0.77840966	0.030440746	8.7960014
1.3724695	0.78259778	-0.014123949	8.8083439
1.3677918	0.78130913	-0.010760576	8.8206854
1.3646731	0.78871888	0.0060562897	8.812458
1.3677918	0.79677296	-0.018328166	8.8206854
1.369351	0.79709512	-0.023373226	8.8083439
1.3662324	0.81223673	-0.0065563596	8.8823957
1.3709103	0.8016054	0.0085788192	8.8165722
1.3662324	0.8141697	0.016987253	8.8289137
1.3724695	0.79387349	0.0043746028	8.7672033
1.3755879	0.79612863	-0.0099197328	8.8247995
1.3709103	0.80128324	-0.039349247	8.8289137
1.369351	0.80353832	-0.012442263	8.812458
1.3755879	0.79935026	0.014464723	8.8247995
1.381825	0.79870594	-0.035985876	8.8330278
1.3740288	0.78581941	0.010260507	8.7795458
1.3677918	0.79129618	0.0001703865	8.8206854
1.3740288	0.78775239	0.0026929164	8.7918873
1.3740288	0.79226267	-0.024214068	8.8165722
1.3755879	0.78904104	-0.020009853	8.8083439
1.3755879	0.79226267	0.025395684	8.8042297
1.3724695	0.79483998	0.010260507	8.8165722
1.3709103	0.80675995	-0.00067045673	8.8330278
1.3755879	0.79645079	0.012783037	8.8247995
1.3724695	0.79677296	-0.014964793	8.8042297
1.369351	0.79387349	0.0085788192	8.7960014
1.3709103	0.79612863	-0.015805636	8.812458
1.3755879	0.79870594	0.0035337596	8.8206854
1.3709103	0.79773945	-0.0099197328	8.8042297
1.369351	0.80418265	-0.010760576	8.8247995
1.3724695	0.78904104	-0.00067045673	8.8042297
1.3709103	0.78485292	0.014464723	8.8165722
1.3631139	0.78034264	0.019509783	8.8289137
1.3709103	0.77969831	-0.028418286	8.8042297
1.3662324	0.78743023	-0.010760576	8.8165722
1.3724695	0.78130913	-0.00067045673	8.7960014
1.3677918	0.78356427	0.023713998	8.8289137
1.3724695	0.79129618	-0.0048746732	8.812458
1.3740288	0.7990281	-0.0073972028	8.837142
1.3709103	0.81030375	-0.0023521434	8.8289137
1.3740288	0.81513619	-0.014123949	8.837142
1.3709103	0.8141697	-0.01916901	8.837142
1.3709103	0.802894	0.017828096	8.8042297
1.3677918	0.80031675	0.01110135	8.8206854
1.3677918	0.79741728	0.0001703865	8.8165722
1.369351	0.80128324	-0.014123949	8.8206854
1.369351	0.80353832	0.0001703865	8.8165722
1.3709103	0.79258484	-0.0065563596	8.812458
1.3724695	0.78581941	-0.00067045673	8.7918873
1.3662324	0.78259778	0.0010112298	8.8083439
1.3631139	0.78324211	0.0035337596	8.8247995
1.3646731	0.78775239	-0.018328166	8.812458
1.3631139	0.79129618	-0.041871779	8.8206854
1.3631139	0.79999459	-0.01664648	8.8494844
1.3740288	0.79483998	0.0094196629	8.8247995
1.3740288	0.7806648	-0.0048746732	8.7877741
1.3677918	0.79580647	-0.0065563596	8.8083439
1.3755879	0.80096108	-0.010760576	8.8247995
1.3677918	0.81449187	-0.018328166	8.8782825
1.3646731	0.80031675	0.014464723	8.7877741
1.3677918	0.79483998	-0.022532383	8.8083439
1.369351	0.79226267	-0.00067045673	8.7960014
1.3662324	0.80321616	-0.020009853	8.8700542
1.3709103	0.79967242	-0.031781659	8.8165722
1.3662324	0.79065186	0.01110135	8.8083439
1.3662324	0.78743023	0.0060562897	8.8083439
1.3615546	0.79580647	0.0094196629	8.812458
1.3662324	0.79032969	0.012783037	8.8083439
1.369351	0.78807455	0.0010112298	8.8001156
1.3709103	0.79419565	0.0026929164	8.8083439
1.3646731	0.80096108	-0.018328166	8.837142
1.3646731	0.79741728	0.015305566	8.812458
1.3662324	0.80096108	0.0010112298	8.8165722
1.3646731	0.8054713	-0.032622501	8.8330278
1.369351	0.80740428	0.014464723	8.812458
1.3709103	0.80031675	-0.026736598	8.812458
1.3631139	0.80514914	0.0085788192	8.812458
1.3709103	0.80804861	0.0035337596	8.8165722
1.3631139	0.79677296	0.007737976	8.7960014
1.3677918	0.79612863	0.012783037	8.8289137
1.3724695	0.78775239	0.0052154465	8.8083439
1.3709103	0.79870594	0.015305566	8.8289137
1.3709103	0.79161835	0.0094196629	8.8083439
1.3709103	0.78453076	-0.00067045673	8.7918873
1.3724695	0.78388643	0.007737976	8.8412561
1.3724695	0.79097402	-0.041030932	8.8165722
1.3740288	0.78936321	-0.0090788892	8.7918873
1.3709103	0.79677296	-0.0048746732	8.8247995
1.3771472	0.78710806	-0.0048746732	8.8289137
1.3709103	0.79516214	0.020350626	8.8247995
1.369351	0.80128324	-0.0065563596	8.8247995
1.3787065	0.80192757	0.0001703865	8.8165722
1.3802657	0.79870594	-0.017487323	8.812458
1.3709103	0.80804861	-0.014964793	8.812458
1.3740288	0.80096108	0.0043746028	8.8083439
1.369351	0.79226267	-0.028418286	8.8083439
1.3724695	0.78002048	0.011942193	8.8042297
1.3724695	0.79000753	-0.030099971	8.8289137
1.369351	0.7867859	0.0001703865	8.812458
1.3724695	0.77486587	-0.023373226	8.7960014
1.369351	0.78646374	-0.033463344	8.8206854
1.3709103	0.78936321	-0.0057155164	8.8247995
1.369351	0.79355133	-0.015805636	8.8042297
1.3755879	0.78356427	-0.013283106	8.7754316
1.3662324	0.78195345	0.007737976	8.8042297
1.3724695	0.78485292	-0.0015113001	8.8289137
1.3662324	0.78743023	0.013623879	8.7836599
1.3709103	0.79097402	-0.0057155164	8.8001156
1.3631139	0.80450481	0.0026929164	8.8289137
1.3646731	0.79806161	0.026236527	8.8001156
1.3631139	0.80031675	0.007737976	8.8206854
1.3662324	0.78517509	-0.01160142	8.7836599
1.3709103	0.79419565	-0.041871779	8.8165722
1.3709103	0.78614157	-0.0023521434	8.7960014
1.3740288	0.78227562	0.0052154465	8.837142
1.369351	0.78356427	0.0094196629	8.8042297
1.369351	0.77712101	-0.014964793	8.7960014
1.369351	0.78646374	-0.01160142	8.8206854
1.3615546	0.78871888	-0.0040338296	8.8289137
1.3755879	0.79483998	-0.01160142	8.8247995
1.369351	0.802894	-0.027577441	8.8247995
1.369351	0.80933726	0.010260507	8.837142
1.3662324	0.79999459	0.007737976	8.8165722
1.3615546	0.80096108	-0.022532383	8.8206854
1.3677918	0.79838377	0.010260507	8.812458
1.3724695	0.79580647	-0.010760576	8.812458
1.3677918	0.81191456	-0.021691538	8.8453703
1.369351	0.79967242	-0.029259128	8.8165722
1.3709103	0.7954843	-0.013283106	8.8001156
1.3631139	0.79000753	0.0085788192	8.8165722
1.3631139	0.79258484	-0.0090788892	8.8042297
1.3740288	0.78904104	-0.0057155164	8.8247995
1.3646731	0.78195345	-0.015805636	8.7960014
