Fout	Lin	Lout	sono
1.2524061	0.51584715	0.0001703865	11.774551
1.258643	0.72911876	-0.014123949	11.774551
1.2555245	0.85379571	-0.0031929866	11.774551
1.2539654	0.92467153	-0.01160142	11.762208
1.2524061	0.95753211	0.015305566	11.745752
1.258643	0.9942587	-0.013283106	11.78278
1.258643	0.99909115	-0.021691538	11.741639
1.2539654	1.0019906	0.007737976	11.766323
1.2508467	1.0058565	0.024554841	11.778665
1.2508467	1.0045679	0.021191468	11.741639
1.2492875	1.0000576	0.0001703865	11.758095
1.2617615	1.0039235	-0.021691538	11.725183
1.2539654	1.0100447	0.0094196629	11.753981
1.2570838	1.010689	-0.022532383	11.725183
1.2602023	1.0158436	-0.015805636	11.737524
1.2508467	1.024542	0.019509783	11.766323
1.2492875	1.0274415	0.0068971328	11.815691
1.2570838	1.0325961	0.017828096	11.79512
1.2570838	1.022609	0.0018520731	11.770436
1.2524061	1.0209982	-0.021691538	11.766323
1.2508467	1.022609	-0.0040338296	11.791007
1.2555245	1.0261528	0.0018520731	11.745752
1.258643	1.0261528	0.016987253	11.753981
1.2570838	1.024542	0.066597007	11.774551
1.2633208	1.0174544	-0.014123949	11.774551
1.2602023	1.0122998	-0.0057155164	11.737524
1.258643	1.0061787	-0.0023521434	11.758095
1.2492875	1.0084338	0.007737976	11.766323
1.2508467	1.0016685	-0.063733704	11.741639
1.2539654	1.0116554	-0.0082380464	11.766323
1.2508467	1.0142328	0.0043746028	11.766323
1.2446097	1.0213203	-0.20163198	11.803349
1.2570838	1.0216426	-0.024214068	11.725183
1.2570838	1.022609	0.0018520731	11.737524
1.258643	1.0358177	-0.018328166	11.758095
1.258643	1.0300188	-0.0099197328	11.766323
1.2602023	1.0209982	-0.01160142	11.741639
1.258643	1.0139107	0.015305566	11.733411
1.258643	1.0155214	0.0026929164	11.733411
1.2539654	1.0209982	-0.01160142	11.758095
1.2570838	1.0309852	-0.0015113001	11.78278
1.2633208	1.0342069	-0.0057155164	11.737524
1.2508467	1.0168101	0.027918214	11.708727
1.2555245	1.0116554	0.015305566	11.745752
1.2570838	1.0151993	0.10863917	11.729296
1.2602023	1.0103668	-0.029259128	11.729296
1.2539654	1.0345291	-0.0065563596	11.791007
1.2633208	1.0287302	0.0001703865	11.762208
1.2508467	1.0296966	0.022873154	11.762208
1.2492875	1.0290523	0.037167493	11.778665
1.2555245	1.0354955	-0.0073972028	11.774551
1.2539654	1.0374285	-0.031781659	11.791007
1.2555245	1.0251863	0.011942193	11.758095
1.2539654	1.0290523	-0.0090788892	11.758095
1.2524061	1.0300188	0.0052154465	11.745752
1.2570838	1.0190653	-0.0090788892	11.733411
1.2524061	1.0168101	-0.012442263	11.762208
1.2446097	1.0171323	0.015305566	11.786893
1.2555245	1.0200317	0.0052154465	11.786893
1.2570838	1.0129441	-0.01160142	11.758095
1.2508467	1.0203539	-0.020009853	11.770436
1.2570838	1.0122998	-0.00067045673	11.71284
1.2539654	1.0235755	0.0018520731	11.770436
1.2524061	1.024542	-0.035145033	11.778665
1.2555245	1.0267972	0.007737976	11.770436
1.2539654	1.0271193	0.007737976	11.778665
1.2477282	1.0287302	-0.010760576	11.807464
1.2555245	1.0400058	0.022873154	11.786893
1.2555245	1.0374285	0.029599901	11.78278
1.2539654	1.0329182	-0.0065563596	11.753981
1.2524061	1.0351734	-0.021691538	11.774551
1.2570838	1.0261528	-0.013283106	11.741639
1.2539654	1.0135884	-0.0015113001	11.725183
1.2524061	1.0200317	-0.0015113001	11.753981
1.2539654	1.0267972	-0.025895756	11.778665
1.2477282	1.0280858	-0.0099197328	11.774551
1.2524061	1.010689	0.0043746028	11.762208
1.2617615	1.0065008	-0.025054913	11.737524
1.2508467	1.016488	0.095185675	11.770436
1.2492875	1.0222869	-0.0040338296	11.774551
1.2602023	1.0197096	-0.013283106	11.737524
1.2539654	1.0248642	0.069960378	11.786893
1.258643	1.0303409	-0.00067045673	11.762208
1.2539654	1.0313075	-0.01664648	11.766323
1.2602023	1.0322739	-0.01664648	11.766323
1.2633208	1.0280858	-0.021691538	11.762208
1.258643	1.0180987	-0.020009853	11.729296
1.258643	1.0061787	0.010260507	11.721068
1.2524061	1.0151993	0.018668938	11.745752
1.2524061	1.0229312	0.090140626	11.766323
1.258643	1.0242199	0.0018520731	11.766323
1.2539654	1.0280858	-0.018328166	11.778665
1.2570838	1.014555	-0.00067045673	11.737524
1.2570838	1.0100447	0.015305566	11.770436
1.2570838	1.0052122	-0.0015113001	11.745752
1.2570838	1.0142328	-0.018328166	11.745752
1.2539654	1.0132663	0.0018520731	11.766323
1.2524061	1.0238976	0.0018520731	11.778665
1.2524061	1.0329182	0.0010112298	11.78278
1.2570838	1.024542	0.14311375	11.741639
1.2524061	1.0303409	-0.0031929866	11.762208
1.2508467	1.0258306	-0.021691538	11.762208
1.2555245	1.0193874	0.01614641	11.737524
1.258643	1.0219647	-0.0048746732	11.741639
1.2555245	1.0213203	0.0026929164	11.741639
1.2570838	1.0235755	-0.021691538	11.745752
1.258643	1.0219647	0.015305566	11.762208
1.2539654	1.0229312	-0.0099197328	11.758095
1.2539654	1.0306631	0.015305566	11.78278
1.2524061	1.0277636	-0.0048746732	11.741639
1.2539654	1.0309852	-0.0048746732	11.786893
1.2570838	1.0271193	-0.015805636	11.766323
1.2570838	1.020676	-0.017487323	11.766323
1.258643	1.0313075	-0.018328166	11.78278
1.2570838	1.0284079	-0.013283106	11.762208
1.2555245	1.0232533	0.035485804	11.762208
1.2570838	1.0261528	-0.00067045673	11.79512
1.2570838	1.0222869	-0.0073972028	11.778665
1.2524061	1.0377507	-0.012442263	11.770436
1.2492875	1.0409724	-0.014964793	11.799235
1.2570838	1.0425831	-0.029259128	11.815691
1.2539654	1.0342069	0.0010112298	11.770436
1.2539654	1.0296966	-0.014964793	11.758095
1.2524061	1.0319518	0.12629688	11.762208
1.2570838	1.0300188	-0.010760576	11.762208
1.2570838	1.0255085	-0.0090788892	11.766323
1.258643	1.022609	-0.027577441	11.766323
1.2602023	1.0132663	-0.0065563596	11.737524
1.2508467	1.0251863	0.0001703865	11.741639
1.2539654	1.0300188	-0.022532383	11.753981
1.2539654	1.0271193	-0.0023521434	11.745752
1.2570838	1.0238976	-0.0082380464	11.774551
1.2555245	1.0271193	0.010260507	11.762208
1.2524061	1.0338848	-0.0073972028	11.774551
1.2617615	1.0425831	-0.035985876	11.79512
1.2492875	1.0377507	-0.0073972028	11.791007
1.2570838	1.024542	0.022032311	11.733411
1.2633208	1.0242199	-0.0090788892	11.737524
1.2555245	1.0348512	-0.014123949	11.778665
1.2602023	1.0303409	0.10191242	11.770436
1.2539654	1.0203539	0.0068971328	11.749867
1.2539654	1.0248642	0.16329399	11.762208
1.2555245	1.026475	-0.0048746732	11.753981
1.2555245	1.0280858	-0.013283106	11.803349
1.258643	1.0280858	0.10191242	11.766323
1.2555245	1.0306631	-0.0031929866	11.78278
1.258643	1.0193874	0.022032311	11.774551
1.2555245	1.026475	-0.021691538	11.766323
1.2570838	1.0313075	-0.0057155164	11.799235
1.2524061	1.0293745	-0.027577441	11.778665
1.2524061	1.0335625	0.0026929164	11.79512
1.2539654	1.0335625	-0.0048746732	11.762208
1.2539654	1.0316296	0.038008336	11.758095
1.2633208	1.0193874	-0.01916901	11.745752
1.2617615	1.0342069	-0.024214068	11.758095
1.2524061	1.0255085	-0.012442263	11.733411
1.2539654	1.014555	-0.0073972028	11.729296
1.2555245	1.0113333	0.03128159	11.733411
1.2570838	1.0048901	-0.0057155164	11.774551
1.2508467	1.0068231	0.010260507	11.758095
1.2555245	1.0148771	-0.031781659	11.778665
1.2602023	1.0122998	-0.01664648	11.749867
1.2524061	1.0180987	0.022873154	11.770436
1.2477282	1.0290523	-0.035145033	11.774551
1.2570838	1.0219647	-0.018328166	11.758095
1.2570838	1.0180987	-0.0048746732	11.745752
1.2555245	1.0338848	-0.0031929866	11.770436
1.258643	1.0232533	-0.0015113001	11.758095
1.2539654	1.0345291	-0.013283106	11.770436
1.2524061	1.0470934	-0.027577441	11.807464
1.2539654	1.0316296	0.023713998	11.778665
1.2570838	1.0290523	-0.017487323	11.770436
1.2539654	1.0293745	-0.041871779	11.786893
1.2524061	1.0354955	0.017828096	11.803349
1.2555245	1.0342069	-0.015805636	11.79512
1.2539654	1.0325961	-0.0023521434	11.786893
1.2648801	1.0213203	-0.032622501	11.753981
1.258643	1.0213203	0.0001703865	11.745752
1.2555245	1.020676	-0.024214068	11.729296
1.2555245	1.0216426	0.027077371	11.745752
1.2508467	1.0242199	-0.010760576	11.753981
1.2539654	1.0287302	0.012783037	11.803349
1.2524061	1.0280858	-0.038508404	11.745752
1.2555245	1.0329182	0.015305566	11.733411
1.2602023	1.0348512	-0.01160142	11.766323
1.2524061	1.038395	0.01614641	11.807464
1.2492875	1.044194	0.03128159	11.791007
1.2555245	1.0493485	-0.042712618	11.774551
1.2539654	1.038395	-0.01664648	11.745752
1.2508467	1.0374285	0.01110135	11.770436
1.2617615	1.0222869	-0.0057155164	11.741639
1.2524061	1.0193874	0.035485804	11.774551
1.2508467	1.0284079	0.010260507	11.774551
1.2539654	1.0238976	0.0026929164	11.766323
1.2524061	1.018743	-0.020850696	11.737524
1.2508467	1.022609	-0.015805636	11.749867
1.2539654	1.0290523	-0.024214068	11.733411
1.2524061	1.0174544	-0.014123949	11.721068
1.2524061	1.0345291	-0.020850696	11.774551
1.2617615	1.022609	0.079209656	11.758095
1.2555245	1.0242199	-0.00067045673	11.766323
1.2602023	1.0232533	0.017828096	11.737524
1.2602023	1.0229312	-0.0065563596	11.745752
1.2477282	1.024542	0.013623879	11.762208
1.2539654	1.0329182	-0.015805636	11.815691
1.2602023	1.0345291	-0.031781659	11.774551
1.2539654	1.0287302	-0.021691538	11.770436
1.2555245	1.0180987	0.014464723	11.745752
1.2477282	1.0271193	0.029599901	11.786893
1.2492875	1.0113333	0.0068971328	11.737524
1.2524061	1.0010241	0.0018520731	11.737524
1.2555245	1.0058565	-0.0090788892	11.745752
1.2539654	1.0193874	-0.0073972028	11.770436
1.2508467	1.0255085	-0.0040338296	11.778665
1.258643	1.0258306	0.0010112298	11.766323
1.2602023	1.0261528	0.070801228	11.758095
1.2539654	1.0351734	-0.037667561	11.778665
1.2570838	1.0274415	0.0035337596	11.725183
1.2555245	1.0322739	-0.018328166	11.766323
1.2570838	1.0429053	-0.021691538	11.786893
1.2492875	1.0448383	0.089299776	11.770436
1.258643	1.0313075	-0.01160142	11.737524
1.2555245	1.0267972	-0.0082380464	11.766323
1.2633208	1.024542	-0.0040338296	11.791007
1.2648801	1.0190653	0.0060562897	11.753981
1.2555245	1.0177766	-0.022532383	11.766323
1.2555245	1.0042458	0.0060562897	11.721068
1.2539654	1.0161657	0.012783037	11.745752
1.2524061	1.014555	0.13050111	11.721068
1.2524061	1.0219647	0.0026929164	11.758095
1.2602023	1.0290523	-0.033463344	11.786893
1.2524061	1.0296966	-0.018328166	11.811577
1.2555245	1.0342069	-0.0065563596	11.770436
1.2633208	1.0274415	-0.013283106	11.737524
1.2492875	1.0319518	-0.0065563596	11.749867
1.2570838	1.0306631	0.0060562897	11.778665
1.2570838	1.012622	-0.22685729	11.721068
1.2539654	1.0216426	-0.031781659	11.774551
1.2555245	1.018743	0.0085788192	11.766323
1.2570838	1.018743	0.0010112298	11.737524
1.2570838	1.0216426	-0.027577441	11.745752
1.2570838	1.0219647	-0.0015113001	11.741639
1.2570838	1.0184209	-0.037667561	11.741639
1.2524061	1.0048901	0.0052154465	11.716955
1.2555245	1.0039235	0.037167493	11.716955
1.246169	1.0197096	0.0018520731	11.758095
1.2492875	1.0280858	-0.012442263	11.79512
1.2570838	1.0280858	-0.023373226	11.762208
1.2602023	1.0190653	0.01110135	11.745752
1.258643	1.0193874	-0.018328166	11.741639
1.2524061	1.0242199	-0.025054913	11.741639
1.2617615	1.0258306	-0.00067045673	11.737524
1.2570838	1.0338848	-0.014123949	11.778665
1.2555245	1.0325961	-0.010760576	11.753981
1.2570838	1.0219647	0.037167493	11.770436
1.2524061	1.0135884	0.014464723	11.741639
1.246169	1.0113333	-0.017487323	11.758095
1.2492875	1.0271193	0.013623879	11.786893
1.2555245	1.0287302	-0.010760576	11.791007
1.258643	1.0319518	-0.023373226	11.786893
1.2492875	1.0148771	0.0035337596	11.778665
1.2524061	1.0203539	-0.017487323	11.778665
1.2570838	1.0229312	0.030440746	11.791007
1.2602023	1.0219647	-0.0099197328	11.737524
1.2539654	1.0232533	-0.017487323	11.749867
1.2508467	1.0229312	-0.00067045673	11.770436
1.2539654	1.0203539	-0.017487323	11.774551
1.258643	1.0251863	0.012783037	11.762208
1.2555245	1.0284079	-0.0090788892	11.786893
1.2555245	1.0325961	-0.014123949	11.791007
1.2570838	1.0306631	0.01110135	11.791007
1.2539654	1.0271193	-0.014123949	11.79512
1.2570838	1.0364621	-0.0082380464	11.803349
1.2555245	1.0319518	-0.01664648	11.791007
1.2555245	1.0280858	0.026236527	11.786893
1.2524061	1.0242199	-0.040190089	11.778665
1.2633208	1.0235755	-0.0023521434	11.766323
1.2602023	1.0280858	-0.031781659	11.770436
1.2492875	1.0306631	-0.014964793	11.770436
1.2555245	1.0306631	0.0026929164	11.745752
1.2539654	1.0219647	0.033804119	11.762208
1.2570838	1.0258306	-0.014123949	11.786893
1.2555245	1.0284079	0.0068971328	11.766323
1.258643	1.0338848	0.012783037	11.749867
1.2539654	1.0296966	-0.01664648	11.729296
1.2492875	1.0364621	-0.0057155164	11.791007
1.2555245	1.0358177	0.059029419	11.78278
1.2508467	1.026475	-0.0031929866	11.770436
1.2524061	1.0232533	-0.035145033	11.737524
1.2492875	1.0232533	0.014464723	11.749867
1.2508467	1.0338848	-0.032622501	11.778665
1.2570838	1.0139107	0.0085788192	11.71284
1.2508467	1.0048901	0.0068971328	11.700499
1.2508467	1.0122998	-0.0065563596	11.758095
1.2539654	1.0219647	0.043894235	11.778665
1.258643	1.0155214	-0.021691538	11.762208
1.2492875	1.0184209	-0.012442263	11.78278
1.2555245	1.0261528	0.007737976	11.791007
1.2570838	1.0213203	-0.014123949	11.774551
1.258643	1.0390394	0.070801228	11.791007
1.2602023	1.0358177	0.011942193	11.803349
1.2524061	1.0409724	-0.018328166	11.791007
1.2446097	1.0351734	0.0026929164	11.745752
1.2524061	1.0345291	0.03128159	11.778665
1.2524061	1.0329182	0.065756164	11.786893
1.258643	1.0287302	-0.020850696	11.749867
1.2508467	1.0300188	0.010260507	11.774551
1.258643	1.0242199	-0.0057155164	11.770436
1.2570838	1.0277636	-0.0015113001	11.807464
1.2539654	1.0274415	-0.0040338296	11.766323
1.2539654	1.0135884	0.0026929164	11.745752
1.2539654	1.0103668	0.010260507	11.745752
1.2539654	1.0161657	0.034644961	11.791007
1.2570838	1.0148771	0.0060562897	11.749867
1.2492875	1.0103668	0.007737976	11.762208
1.2539654	1.0177766	-0.020850696	11.770436
1.246169	1.0290523	-0.0031929866	11.770436
1.2539654	1.0238976	-0.025895756	11.758095
1.2539654	1.0258306	-0.0023521434	11.758095
1.2570838	1.0322739	-0.051961899	11.786893
1.2555245	1.0303409	0.0068971328	11.758095
1.258643	1.0303409	-0.01916901	11.753981
1.2602023	1.0313075	-0.018328166	11.778665
1.258643	1.0287302	0.0094196629	11.815691
1.2508467	1.0274415	0.022032311	11.762208
1.2555245	1.0335625	-0.0015113001	11.758095
1.2570838	1.0322739	-0.0082380464	11.758095
1.2570838	1.0229312	-0.028418286	11.758095
1.2524061	1.0313075	0.0060562897	11.774551
1.2492875	1.0280858	0.0043746028	11.78278
1.2508467	1.0222869	0.017828096	11.770436
1.2508467	1.0293745	-0.00067045673	11.79512
1.2555245	1.0229312	-0.010760576	11.758095
1.2555245	1.0358177	-0.0040338296	11.766323
1.2492875	1.0332404	-0.032622501	11.729296
1.2555245	1.0377507	0.015305566	11.774551
1.258643	1.0377507	-0.014123949	11.762208
1.2477282	1.0348512	-0.018328166	11.766323
1.2524061	1.0242199	0.13134195	11.733411
1.2539654	1.0267972	-0.0023521434	11.749867
1.2539654	1.0261528	-0.0048746732	11.770436
1.2570838	1.0129441	0.020350626	11.741639
1.2602023	1.0248642	-0.035985876	11.78278
1.2617615	1.0287302	-0.0099197328	11.770436
1.2524061	1.026475	0.016987253	11.745752
1.2524061	1.0222869	0.0010112298	11.786893
1.2524061	1.0142328	0.085095562	11.770436
1.2539654	1.0190653	-0.0057155164	11.766323
1.2508467	1.0290523	-0.0031929866	11.803349
1.258643	1.038395	-0.012442263	11.786893
1.2524061	1.0409724	-0.0082380464	11.799235
1.2524061	1.0303409	0.027918214	11.745752
1.2570838	1.0284079	0.0043746028	11.737524
1.2539654	1.0367842	-0.0031929866	11.762208
1.2617615	1.0364621	-0.030099971	11.791007
1.2492875	1.0358177	0.0043746028	11.766323
1.2539654	1.0380728	-0.020850696	11.786893
1.2539654	1.0277636	0.021191468	11.774551
1.2633208	1.0235755	-0.010760576	11.745752
1.2570838	1.0290523	-0.0090788892	11.79512
1.2539654	1.0306631	-0.012442263	11.786893
1.2539654	1.0274415	-0.0057155164	11.762208
1.2539654	1.0271193	-0.014123949	11.78278
1.258643	1.0213203	0.010260507	11.729296
1.2524061	1.0287302	-0.0031929866	11.778665
1.2602023	1.0319518	-0.01160142	11.778665
1.246169	1.0306631	0.028759057	11.778665
1.2539654	1.0284079	0.0035337596	11.766323
1.2524061	1.0393615	0.0085788192	11.758095
1.2524061	1.0461268	-0.023373226	11.786893
1.2524061	1.0490264	0.0085788192	11.791007
1.2602023	1.0396837	-0.023373226	11.741639
1.2633208	1.0358177	0.0094196629	11.766323
1.2570838	1.0296966	0.01110135	11.791007
1.258643	1.0345291	-0.033463344	11.78278
1.2539654	1.0358177	-0.014964793	11.770436
1.2570838	1.0345291	0.020350626	11.749867
1.2570838	1.0274415	0.14731796	11.749867
1.2555245	1.0361398	-0.026736598	11.78278
1.2570838	1.0203539	-0.023373226	11.758095
1.2602023	1.0238976	-0.015805636	11.778665
1.2477282	1.024542	-0.021691538	11.766323
1.2539654	1.0232533	0.0094196629	11.737524
1.258643	1.0309852	0.0010112298	11.745752
1.2539654	1.0335625	-0.014123949	11.737524
1.2508467	1.0322739	0.084254712	11.774551
1.2602023	1.0335625	-0.0065563596	11.749867
1.2539654	1.0296966	0.016987253	11.737524
1.2539654	1.0267972	-0.0040338296	11.741639
1.2570838	1.0090781	-0.029259128	11.696384
1.2492875	1.0094004	0.016987253	11.741639
1.2602023	1.0177766	-0.035145033	11.753981
1.2602023	1.0116554	0.0018520731	11.753981
1.2492875	1.0200317	-0.042712618	11.786893
1.2508467	1.0190653	0.01614641	11.758095
1.258643	1.0122998	-0.01664648	11.733411
1.2570838	1.0261528	0.0060562897	11.799235
1.258643	1.0277636	0.0085788192	11.758095
1.258643	1.0348512	0.10107159	11.758095
1.2570838	1.0267972	0.021191468	11.729296
1.258643	1.0255085	-0.01664648	11.762208
1.2539654	1.0319518	-0.013283106	11.786893
1.2508467	1.0474155	0.0001703865	11.803349
1.2539654	1.0367842	0.071642064	11.762208
1.2508467	1.0274415	0.0035337596	11.778665
1.2570838	1.0180987	0.0018520731	11.71284
1.2524061	1.0216426	-0.0082380464	11.753981
1.2555245	1.018743	-0.018328166	11.749867
1.2555245	1.0319518	-0.013283106	11.791007
1.2570838	1.0258306	-0.0099197328	11.749867
1.2555245	1.0258306	-0.013283106	11.774551
1.2539654	1.0213203	0.032122433	11.758095
1.2539654	1.0242199	-0.0057155164	11.766323
1.2617615	1.0290523	-0.018328166	11.770436
1.2617615	1.0255085	0.0010112298	11.741639
1.246169	1.0364621	0.0085788192	11.815691
1.2524061	1.0203539	0.013623879	11.753981
1.258643	1.0306631	-0.021691538	11.770436
1.2539654	1.0361398	-0.030940816	11.770436
1.258643	1.0345291	-0.010760576	11.758095
1.2617615	1.0313075	0.0043746028	11.753981
1.2555245	1.0155214	-0.0057155164	11.737524
1.2570838	1.0280858	-0.0073972028	11.786893
1.2570838	1.0306631	0.0085788192	11.79512
1.2539654	1.0267972	0.01110135	11.766323
1.2570838	1.0255085	-0.034304187	11.770436
1.2617615	1.018743	-0.010760576	11.733411
1.2602023	1.016488	-0.00067045673	11.770436
1.2524061	1.0271193	-0.012442263	11.774551
1.2508467	1.0277636	-0.0057155164	11.753981
1.2524061	1.0364621	-0.0048746732	11.791007
1.2477282	1.038395	-0.029259128	11.778665
1.2602023	1.0316296	0.0001703865	11.733411
1.2539654	1.0129441	-0.0023521434	11.708727
1.2492875	1.0232533	0.087618083	11.766323
1.2524061	1.0338848	-0.0048746732	11.774551
1.2617615	1.0316296	-0.0065563596	11.770436
1.2508467	1.0303409	0.22635724	11.753981
1.2570838	1.0158436	-0.025054913	11.708727
1.2555245	1.016488	0.019509783	11.758095
1.2492875	1.012622	-0.0065563596	11.745752
1.2539654	1.0280858	0.013623879	11.807464
1.2570838	1.0213203	0.012783037	11.770436
1.2508467	1.0151993	-0.00067045673	11.770436
1.258643	1.0074674	0.0035337596	11.725183
1.2570838	1.0042458	0.0010112298	11.688156
1.2539654	1.016488	-0.035985876	11.758095
1.2570838	1.0190653	0.01110135	11.721068
1.2555245	1.0229312	0.0018520731	11.753981
1.2524061	1.0367842	-0.012442263	11.78278
1.2570838	1.0435497	-0.0099197328	11.807464
1.2539654	1.0255085	-0.023373226	11.762208
1.2617615	1.0216426	0.11368424	11.749867
1.2570838	1.0316296	0.0060562897	11.762208
1.258643	1.0293745	-0.030940816	11.786893
1.2570838	1.0371064	-0.0023521434	11.786893
1.246169	1.0300188	-0.0015113001	11.749867
1.2492875	1.0219647	-0.0057155164	11.766323
1.258643	1.0081117	0.035485804	11.737524
1.2555245	1.0168101	-0.01916901	11.758095
1.2633208	1.0132663	-0.012442263	11.745752
1.2570838	1.0222869	-0.020850696	11.758095
1.2555245	1.0251863	-0.0015113001	11.766323
1.2524061	1.0267972	0.022032311	11.753981
1.2492875	1.0332404	0.01614641	11.78278
1.258643	1.0338848	-0.013283106	11.786893
1.2570838	1.0316296	-0.015805636	11.745752
1.2524061	1.0271193	-0.020850696	11.786893
1.2539654	1.0267972	0.084254712	11.774551
1.2602023	1.0190653	0.022032311	11.749867
1.258643	1.024542	-0.0065563596	11.749867
1.2524061	1.0074674	0.10695749	11.758095
1.2524061	1.014555	-0.0057155164	11.766323
1.258643	1.0100447	-0.014123949	11.78278
1.2555245	1.0148771	0.0085788192	11.778665
1.2539654	1.020676	-0.0048746732	11.799235
1.2539654	1.0094004	0.093503997	11.745752
1.258643	1.0255085	-0.020009853	11.811577
1.2555245	1.0255085	-0.053643584	11.778665
1.2539654	1.0209982	0.0043746028	11.745752
1.2539654	1.0235755	0.018668938	11.749867
1.2524061	1.0277636	-0.020850696	11.774551
1.2492875	1.0335625	0.007737976	11.774551
1.258643	1.020676	-0.015805636	11.741639
1.258643	1.0293745	0.0018520731	11.770436
1.2570838	1.0400058	-0.0048746732	11.758095
1.2570838	1.0309852	-0.00067045673	11.753981
1.2508467	1.0222869	-0.033463344	11.758095
1.2570838	1.0190653	-0.020009853	11.745752
1.2492875	1.0277636	0.012783037	11.766323
1.2524061	1.022609	0.0010112298	11.770436
1.2524061	1.0193874	0.025395684	11.778665
1.2555245	1.0142328	-0.19995031	11.786893
1.2508467	1.024542	-0.0057155164	11.758095
1.2524061	1.0251863	-0.0040338296	11.741639
1.2570838	1.0358177	-0.013283106	11.762208
1.2477282	1.0345291	-0.044394307	11.791007
1.2492875	1.0316296	0.029599901	11.733411
1.2539654	1.0361398	0.0026929164	11.770436
1.2555245	1.0377507	-0.032622501	11.78278
1.2570838	1.0380728	-0.0023521434	11.815691
1.2524061	1.040328	-0.0031929866	11.791007
1.258643	1.0193874	0.010260507	11.737524
1.258643	1.0148771	0.0052154465	11.758095
1.258643	1.0132663	-0.0057155164	11.749867
1.258643	1.0190653	-0.0015113001	11.791007
1.2602023	1.0180987	-0.014964793	11.778665
1.2664393	1.0132663	-0.018328166	11.774551
1.2602023	1.0151993	0.0060562897	11.758095
1.2617615	1.0161657	-0.0090788892	11.78278
1.2555245	1.0190653	0.0085788192	11.78278
1.2508467	1.014555	0.0068971328	11.78278
1.2602023	1.0177766	-0.030099971	11.762208
1.2602023	1.022609	0.015305566	11.741639
1.2539654	1.0203539	-0.012442263	11.741639
1.2524061	1.0142328	0.0001703865	11.745752
1.2570838	1.022609	-0.0057155164	11.770436
1.2492875	1.0271193	-0.028418286	11.766323
1.2539654	1.0290523	-0.0015113001	11.741639
1.2664393	1.0255085	-0.0099197328	11.770436
1.2570838	1.0293745	-0.014964793	11.766323
1.2508467	1.0303409	-0.00067045673	11.766323
1.258643	1.0219647	0.0043746028	11.741639
1.2508467	1.016488	0.029599901	11.774551
1.2570838	1.0238976	-0.010760576	11.774551
1.258643	1.0267972	-0.01160142	11.778665
1.2477282	1.0168101	0.071642064	11.733411
1.2570838	1.0065008	-0.0057155164	11.762208
1.2508467	1.0200317	-0.023373226	11.786893
1.2539654	1.022609	0.025395684	11.766323
1.2555245	1.0329182	-0.0090788892	11.778665
1.2602023	1.0364621	-0.01916901	11.762208
1.2524061	1.0416167	-0.0031929866	11.749867
1.2570838	1.0325961	-0.017487323	11.753981
1.2570838	1.0364621	-0.025054913	11.774551
1.2539654	1.0377507	-0.00067045673	11.753981
1.2570838	1.0335625	-0.010760576	11.745752
1.2539654	1.0322739	-0.030099971	11.778665
1.2570838	1.0277636	-0.030940816	11.770436
1.2539654	1.0271193	0.041371711	11.758095
1.2555245	1.026475	0.0052154465	11.778665
1.2524061	1.0287302	-0.010760576	11.778665
1.2508467	1.0274415	0.0026929164	11.778665
1.2524061	1.0161657	0.0026929164	11.721068
1.2570838	1.018743	0.075005442	11.729296
1.258643	1.0110111	-0.013283106	11.737524
1.2570838	1.0139107	-0.01160142	11.770436
1.2602023	1.0203539	-0.0073972028	11.766323
1.258643	1.0177766	-0.028418286	11.758095
1.258643	1.0306631	-0.031781659	11.78278
1.2570838	1.0229312	-0.00067045673	11.774551
1.2555245	1.0261528	-0.0073972028	11.758095
1.2633208	1.024542	0.0035337596	11.745752
1.258643	1.0151993	-0.0099197328	11.741639
1.258643	1.0313075	-0.010760576	11.753981
1.2602023	1.0261528	0.029599901	11.729296
1.2524061	1.0232533	0.0001703865	11.778665
1.2570838	1.0229312	0.01110135	11.758095
1.2508467	1.0219647	-0.014123949	11.778665
1.2539654	1.0216426	0.016987253	11.762208
1.2570838	1.0190653	0.03128159	11.741639
1.2602023	1.0103668	0.0010112298	11.737524
1.2570838	1.0168101	0.0026929164	11.770436
1.2555245	1.0280858	-0.035145033	11.762208
1.2555245	1.0290523	-0.018328166	11.770436
1.2570838	1.0387172	0.029599901	11.819805
1.2524061	1.0290523	0.01110135	11.762208
1.2555245	1.0284079	0.036326651	11.766323
1.2524061	1.0306631	-0.00067045673	11.78278
1.2602023	1.0342069	-0.033463344	11.774551
1.2633208	1.0329182	-0.031781659	11.749867
1.246169	1.0345291	-0.014123949	11.774551
1.2555245	1.0238976	0.014464723	11.758095
1.2602023	1.0193874	0.0001703865	11.766323
1.2539654	1.0171323	-0.025895756	11.741639
1.2555245	1.0232533	0.0035337596	11.729296
1.2570838	1.0290523	0.0060562897	11.762208
1.258643	1.0274415	0.0001703865	11.778665
1.2539654	1.0313075	0.013623879	11.778665
1.2555245	1.0213203	-0.015805636	11.766323
1.258643	1.026475	0.0018520731	11.774551
1.2602023	1.0438718	-0.0090788892	11.79512
1.258643	1.0419388	-0.0073972028	11.766323
1.258643	1.0290523	0.007737976	11.69227
1.2539654	1.0309852	-0.039349247	11.770436
1.2602023	1.0409724	-0.021691538	11.762208
1.2633208	1.0358177	-0.00067045673	11.774551
1.2524061	1.0409724	-0.020009853	11.78278
1.2617615	1.0193874	-0.022532383	11.766323
1.2570838	1.0251863	0.027918214	11.778665
1.2508467	1.0296966	-0.020009853	11.766323
1.2570838	1.0255085	0.060711108	11.745752
1.2570838	1.0148771	0.0052154465	11.753981
1.2539654	1.0090781	-0.0099197328	11.733411
1.2555245	1.0177766	0.032963276	11.758095
1.2617615	1.0110111	-0.0073972028	11.741639
1.2492875	1.0222869	0.0085788192	11.766323
1.2633208	1.0229312	-0.0065563596	11.721068
1.2570838	1.0216426	-0.00067045673	11.71284
1.2555245	1.0274415	-0.0065563596	11.745752
1.258643	1.0213203	-0.0048746732	11.758095
1.2570838	1.014555	-0.014123949	11.737524
1.2570838	1.0255085	-0.043553464	11.78278
1.2570838	1.022609	-0.0082380464	11.774551
1.2570838	1.0158436	0.0026929164	11.753981
1.2602023	1.0267972	-0.030099971	11.786893
1.2602023	1.0271193	-0.01916901	11.766323
1.2602023	1.0235755	-0.0065563596	11.770436
1.2617615	1.0061787	-0.0082380464	11.741639
1.2524061	1.0158436	0.0018520731	11.766323
1.2524061	1.0229312	-0.013283106	11.766323
1.2539654	1.0351734	-0.021691538	11.799235
1.2664393	1.0332404	-0.0048746732	11.749867
1.2508467	1.0271193	0.011942193	11.745752
1.2539654	1.0248642	0.023713998	11.762208
1.2555245	1.0267972	0.0060562897	11.799235
1.2648801	1.0332404	-0.01916901	11.778665
1.2570838	1.0371064	-0.014964793	11.791007
1.2508467	1.0467712	0.0068971328	11.803349
1.2539654	1.0477377	-0.010760576	11.819805
1.2570838	1.0416167	0.022873154	11.753981
1.2633208	1.0322739	0.0043746028	11.721068
1.2539654	1.0345291	0.007737976	11.770436
1.2555245	1.0213203	-0.0057155164	11.737524
1.258643	1.0151993	-0.0073972028	11.737524
1.258643	1.0142328	0.015305566	11.753981
1.2602023	1.0209982	-0.020850696	11.766323
1.2508467	1.0213203	0.0010112298	11.786893
1.2524061	1.0287302	-0.014964793	11.78278
1.258643	1.0222869	0.0094196629	11.753981
1.2633208	1.0216426	0.018668938	11.741639
1.2602023	1.0358177	-0.012442263	11.791007
1.2633208	1.0251863	-0.029259128	11.745752
1.258643	1.0277636	-0.01160142	11.749867
1.2617615	1.0345291	-0.0082380464	11.753981
1.2570838	1.0309852	-0.025895756	11.716955
1.2570838	1.0287302	0.024554841	11.758095
1.2617615	1.0342069	-0.012442263	11.786893
1.258643	1.0235755	0.099389896	11.803349
1.2555245	1.0354955	-0.020009853	11.811577
1.2555245	1.0316296	0.0068971328	11.778665
1.2539654	1.0400058	-0.0073972028	11.791007
1.2555245	1.0161657	-0.0057155164	11.737524
1.2602023	1.018743	-0.0082380464	11.741639
1.2539654	1.0180987	0.01110135	11.704612
1.2539654	1.0200317	-0.00067045673	11.774551
1.2539654	1.0229312	-0.01664648	11.791007
1.258643	1.0190653	-0.00067045673	11.778665
1.2539654	1.0271193	0.063233636	11.774551
1.2570838	1.0271193	-0.01664648	11.770436
1.2492875	1.0332404	-0.017487323	11.770436
1.2555245	1.0393615	0.0085788192	11.79512
1.2524061	1.0516037	-0.028418286	11.807464
1.2570838	1.038395	0.0094196629	11.741639
1.2555245	1.0361398	0.018668938	11.745752
1.2633208	1.0400058	-0.024214068	11.791007
1.2524061	1.0358177	0.01614641	11.786893
1.2602023	1.0364621	0.017828096	11.78278
1.2648801	1.0216426	-0.0015113001	11.729296
1.2602023	1.020676	-0.01664648	11.766323
1.258643	1.0116554	-0.0082380464	11.745752
1.2508467	1.0122998	0.16413483	11.786893
1.2555245	1.0168101	0.007737976	11.778665
1.2664393	1.0171323	-0.018328166	11.737524
1.2648801	1.0235755	-0.01664648	11.766323
1.258643	1.0329182	-0.017487323	11.799235
1.2539654	1.0367842	-0.00067045673	11.78278
1.2539654	1.0238976	0.028759057	11.749867
1.258643	1.0387172	0.0068971328	11.762208
1.2633208	1.0358177	0.010260507	11.762208
1.2570838	1.0338848	-0.0099197328	11.762208
1.2570838	1.0248642	-0.0099197328	11.770436
1.2539654	1.0255085	0.014464723	11.774551
1.2570838	1.0277636	-0.0057155164	11.774551
1.2602023	1.0274415	-0.018328166	11.786893
1.2648801	1.0255085	-0.013283106	11.786893
1.2555245	1.018743	-0.017487323	11.766323
1.2633208	1.008756	0.0026929164	11.745752
1.2633208	1.0097225	0.0018520731	11.749867
1.2617615	1.0190653	-0.030940816	11.758095
1.2508467	1.0258306	0.01110135	11.786893
1.2492875	1.0274415	-0.020850696	11.766323
1.2617615	1.0142328	0.14479543	11.729296
1.2555245	1.0193874	-0.0073972028	11.766323
1.258643	1.0267972	-0.030940816	11.78278
1.2648801	1.0213203	-0.021691538	11.741639
1.2570838	1.0238976	-0.0057155164	11.762208
1.2524061	1.0325961	0.022873154	11.778665
1.2539654	1.0267972	0.0068971328	11.799235
1.2570838	1.0267972	0.012783037	11.778665
1.2555245	1.0300188	-0.0023521434	11.791007
1.2617615	1.0229312	-0.0065563596	11.725183
1.2633208	1.0248642	-0.014123949	11.766323
1.2492875	1.0238976	-0.020850696	11.741639
1.2524061	1.0316296	-0.0031929866	11.770436
1.2570838	1.0277636	0.011942193	11.753981
1.2570838	1.0251863	-0.01916901	11.753981
1.2633208	1.0171323	-0.01664648	11.749867
1.2570838	1.022609	0.023713998	11.78278
1.2524061	1.0242199	-0.00067045673	11.78278
1.2570838	1.0293745	0.049780142	11.770436
1.2602023	1.0309852	-0.035985876	11.78278
1.2477282	1.0309852	0.0094196629	11.778665
1.2570838	1.0255085	0.0094196629	11.753981
1.2524061	1.0387172	0.016987253	11.766323
1.2508467	1.050315	-0.014123949	11.78278
1.2524061	1.0499928	-0.0015113001	11.770436
1.2524061	1.0358177	0.013623879	11.786893
1.2602023	1.0319518	-0.025895756	11.778665
1.2524061	1.024542	-0.0099197328	11.766323
1.2477282	1.0329182	0.0035337596	11.803349
1.2617615	1.0209982	-0.0073972028	11.78278
1.2570838	1.0238976	-0.024214068	11.774551
1.2570838	1.026475	0.0026929164	11.778665
1.2414912	1.0168101	0.0043746028	11.762208
1.2539654	1.0139107	0.0026929164	11.778665
1.2570838	1.0190653	-0.18986018	11.786893
1.2539654	1.0238976	-0.015805636	11.786893
1.2570838	1.0219647	-0.0040338296	11.749867
1.2555245	1.0332404	-0.030099971	11.811577
1.2570838	1.0287302	0.016987253	11.774551
1.2555245	1.0232533	-0.00067045673	11.753981
1.258643	1.0219647	0.0094196629	11.758095
1.258643	1.0171323	-0.035145033	11.749867
1.258643	1.0174544	0.056506887	11.749867
1.2555245	1.0222869	-0.01664648	11.791007
1.2524061	1.0222869	-0.015805636	11.774551
1.2539654	1.0168101	0.0026929164	11.766323
1.2524061	1.0216426	-0.0082380464	11.745752
1.2524061	1.022609	-0.091481537	11.753981
1.2539654	1.0184209	0.011942193	11.774551
1.2617615	1.0151993	0.0001703865	11.753981
1.2539654	1.0213203	0.022032311	11.786893
1.2602023	1.0306631	0.013623879	11.791007
1.2555245	1.0338848	0.0085788192	11.791007
1.2570838	1.0309852	0.0060562897	11.758095
1.2617615	1.0319518	-0.01664648	11.758095
1.2570838	1.0348512	-0.017487323	11.774551
1.2602023	1.0338848	-0.0073972028	11.774551
1.2570838	1.0364621	0.0094196629	11.799235
1.2508467	1.0416167	-0.0040338296	11.791007
1.2524061	1.0313075	0.0060562897	11.745752
1.2602023	1.0216426	-0.013283106	11.753981
1.2570838	1.014555	-0.0048746732	11.741639
1.2570838	1.0168101	-0.0082380464	11.78278
1.2617615	1.0113333	0.017828096	11.774551
1.2492875	1.0180987	-0.01664648	11.774551
1.2539654	1.0084338	-0.00067045673	11.737524
1.2539654	1.0219647	-0.0023521434	11.786893
1.2570838	1.0174544	0.0060562897	11.758095
1.2555245	1.0306631	0.022032311	11.803349
1.258643	1.0354955	-0.01664648	11.778665
1.2508467	1.0200317	0.0094196629	11.758095
1.258643	1.020676	-0.0040338296	11.762208
1.2633208	1.0155214	-0.034304187	11.758095
1.258643	1.0132663	-0.0023521434	11.774551
1.2555245	1.0180987	-0.025895756	11.770436
1.2555245	1.0110111	-0.00067045673	11.78278
1.2524061	1.018743	-0.0023521434	11.811577
1.2539654	1.020676	0.0043746028	11.791007
1.2555245	1.0235755	-0.01664648	11.758095
1.258643	1.0271193	-0.034304187	11.778665
1.2617615	1.018743	-0.015805636	11.766323
1.2524061	1.0313075	-0.0099197328	11.78278
1.2633208	1.0296966	-0.01916901	11.766323
1.2602023	1.0358177	-0.014123949	11.79512
1.258643	1.0316296	-0.014123949	11.745752
1.2555245	1.0300188	0.015305566	11.762208
1.2508467	1.0258306	0.022032311	11.758095
1.2633208	1.0203539	0.0094196629	11.774551
1.2633208	1.0193874	-0.029259128	11.749867
1.2524061	1.0200317	0.0060562897	11.737524
1.2539654	1.0332404	-0.014123949	11.807464
1.2570838	1.0345291	-0.0057155164	11.778665
1.2524061	1.0313075	-0.0082380464	11.766323
1.258643	1.0193874	0.01614641	11.745752
1.2602023	1.0119777	0.018668938	11.753981
1.2555245	1.0155214	-0.027577441	11.745752
1.2570838	1.020676	-0.012442263	11.741639
1.2570838	1.0248642	-0.028418286	11.745752
1.2555245	1.0345291	0.0026929164	11.799235
1.2570838	1.0290523	0.027918214	11.741639
1.2570838	1.0332404	-0.014123949	11.758095
1.258643	1.0293745	-0.0065563596	11.749867
1.2602023	1.0274415	0.0001703865	11.770436
1.2524061	1.0322739	0.027918214	11.758095
1.2633208	1.0287302	-0.00067045673	11.741639
1.2555245	1.0190653	-0.018328166	11.729296
1.2602023	1.0293745	-0.025054913	11.749867
1.2570838	1.0371064	0.04221255	11.770436
1.2508467	1.0380728	-0.015805636	11.778665
1.2555245	1.0287302	0.0068971328	11.766323
1.2679986	1.0129441	-0.027577441	11.753981
1.2602023	1.0280858	-0.01664648	11.786893
1.258643	1.0235755	-0.01160142	11.716955
1.2539654	1.0197096	0.014464723	11.753981
1.2633208	1.020676	-0.028418286	11.737524
1.2633208	1.0171323	0.019509783	11.725183
1.258643	1.022609	-0.0057155164	11.745752
1.2524061	1.022609	0.029599901	11.758095
1.2524061	1.0325961	-0.018328166	11.778665
1.2555245	1.0216426	-0.0015113001	11.716955
1.2524061	1.0248642	0.01614641	11.745752
1.2617615	1.0255085	-0.010760576	11.733411
1.2524061	1.0235755	0.0035337596	11.745752
1.258643	1.0129441	0.0026929164	11.749867
1.2539654	1.0238976	0.021191468	11.774551
1.2617615	1.0158436	0.0018520731	11.79512
1.2524061	1.012622	0.013623879	11.762208
1.258643	1.0148771	-0.0082380464	11.770436
1.2617615	1.0197096	0.01110135	11.770436
1.2602023	1.0361398	-0.025054913	11.799235
1.2602023	1.0219647	-0.024214068	11.749867
1.258643	1.016488	-0.0082380464	11.737524
1.2570838	1.0184209	-0.01160142	11.753981
1.2524061	1.024542	0.045575924	11.770436
1.258643	1.0151993	-0.021691538	11.733411
1.2570838	1.0251863	0.007737976	11.753981
1.258643	1.0345291	-0.0015113001	11.749867
1.2633208	1.0342069	-0.012442263	11.791007
1.2570838	1.0396837	-0.0099197328	11.774551
1.2617615	1.0390394	0.021191468	11.770436
1.2524061	1.0371064	0.0001703865	11.799235
1.2602023	1.0290523	0.0085788192	11.758095
1.2555245	1.0338848	0.014464723	11.786893
1.2648801	1.0303409	0.0060562897	11.749867
1.2617615	1.0284079	-0.020850696	11.753981
1.2602023	1.0271193	-0.0065563596	11.766323
1.2539654	1.0290523	0.012783037	11.78278
1.2570838	1.0354955	0.0035337596	11.766323
1.2539654	1.0358177	0.021191468	11.79512
1.258643	1.0322739	0.15068135	11.749867
1.2648801	1.0222869	-0.014964793	11.721068
1.2570838	1.0290523	-0.020009853	11.753981
1.258643	1.026475	0.037167493	11.758095
1.2539654	1.018743	0.017828096	11.725183
1.2633208	1.0174544	0.087618083	11.704612
1.2524061	1.0161657	0.01110135	11.725183
1.2664393	1.018743	-0.033463344	11.745752
1.2570838	1.0329182	0.0052154465	11.758095
1.2602023	1.026475	-0.023373226	11.758095
1.2695578	1.0110111	0.01614641	11.749867
1.2617615	1.0100447	-0.014964793	11.770436
1.2570838	1.0200317	0.019509783	11.78278
1.2555245	1.0267972	0.028759057	11.78278
1.2539654	1.0229312	-0.0048746732	11.758095
1.2570838	1.0235755	-0.020009853	11.753981
1.2508467	1.0251863	0.0052154465	11.770436
1.2617615	1.0261528	-0.010760576	11.762208
1.2524061	1.022609	-0.025895756	11.770436
1.2633208	1.0319518	-0.0057155164	11.786893
1.2555245	1.0338848	-0.00067045673	11.762208
1.258643	1.0374285	-0.0065563596	11.766323
1.2617615	1.0416167	-0.018328166	11.774551
1.2570838	1.0367842	-0.031781659	11.766323
1.2570838	1.024542	0.0018520731	11.753981
1.2617615	1.0161657	-0.00067045673	11.786893
1.258643	1.0213203	0.030440746	11.828032
1.2539654	1.0174544	-0.01160142	11.79512
1.2539654	1.0242199	0.0026929164	11.799235
1.2633208	1.0258306	-0.047757678	11.741639
1.2539654	1.0293745	-0.018328166	11.79512
1.2679986	1.0203539	0.091822304	11.729296
1.2648801	1.0177766	-0.010760576	11.770436
1.2602023	1.0296966	-0.028418286	11.799235
1.2570838	1.0261528	0.029599901	11.745752
1.2570838	1.0364621	-0.012442263	11.78278
1.2633208	1.0332404	0.01614641	11.753981
1.2617615	1.0396837	-0.0031929866	11.749867
1.2617615	1.0358177	0.0052154465	11.774551
1.258643	1.0409724	0.01614641	11.774551
1.258643	1.0287302	-0.0057155164	11.745752
1.2648801	1.024542	0.0026929164	11.762208
1.2664393	1.0242199	-0.0023521434	11.753981
1.2617615	1.0238976	-0.01160142	11.737524
1.2648801	1.0242199	0.1246152	11.741639
1.2570838	1.0316296	0.010260507	11.758095
1.2570838	1.0261528	-0.0031929866	11.733411
1.2570838	1.022609	0.027077371	11.758095
1.2602023	1.0174544	-0.028418286	11.737524
1.2570838	1.026475	0.0001703865	11.811577
1.2602023	1.0255085	-0.032622501	11.749867
1.2602023	1.0180987	-0.010760576	11.753981
1.2617615	1.0342069	0.025395684	11.778665
1.2570838	1.0274415	0.033804119	11.770436
1.2539654	1.0255085	-0.0040338296	11.762208
1.2633208	1.0229312	0.0052154465	11.758095
1.2508467	1.024542	0.0018520731	11.741639
1.2524061	1.0309852	-0.012442263	11.762208
1.2555245	1.0290523	-0.0040338296	11.774551
1.2570838	1.0316296	-0.01160142	11.791007
1.2524061	1.0322739	0.023713998	11.79512
1.2602023	1.0290523	0.0043746028	11.762208
1.2633208	1.0251863	-0.043553464	11.749867
1.2570838	1.0209982	-0.0065563596	11.770436
1.2602023	1.0251863	-0.012442263	11.758095
1.258643	1.0325961	0.0010112298	11.79512
1.2633208	1.0393615	-0.015805636	11.774551
1.2617615	1.0300188	0.0043746028	11.725183
1.2633208	1.0490264	-0.043553464	11.828032
1.2602023	1.0348512	-0.017487323	11.766323
1.2524061	1.042261	0.045575924	11.79512
1.2555245	1.0380728	-0.030099971	11.770436
1.2617615	1.044194	-0.014964793	11.79512
1.2664393	1.0290523	0.0094196629	11.745752
1.2570838	1.0242199	-0.014964793	11.770436
1.2555245	1.0180987	0.0052154465	11.766323
1.2602023	1.0238976	-0.0065563596	11.799235
1.2617615	1.0151993	0.027918214	11.770436
1.2570838	1.0090781	0.11620677	11.753981
1.2648801	1.0048901	0.0043746028	11.729296
1.2570838	1.0174544	-0.041871779	11.799235
1.2570838	1.0190653	0.16581652	11.733411
1.2633208	1.0190653	-0.0048746732	11.78278
1.258643	1.0274415	-0.017487323	11.778665
1.2570838	1.0309852	-0.010760576	11.770436
1.2633208	1.0255085	-0.0099197328	11.758095
1.2633208	1.0251863	0.0060562897	11.774551
1.2617615	1.0354955	0.01110135	11.791007
1.2602023	1.0416167	0.0043746028	11.774551
1.2570838	1.0287302	0.043894235	11.725183
1.2602023	1.026475	0.0068971328	11.745752
1.2602023	1.0229312	0.082573034	11.786893
1.2570838	1.0351734	-0.014964793	11.807464
1.2711172	1.0290523	-0.00067045673	11.762208
1.2602023	1.024542	0.0060562897	11.753981
1.2679986	1.0158436	-0.014123949	11.729296
1.2633208	1.0113333	0.0085788192	11.729296
1.2602023	1.0052122	-0.012442263	11.708727
1.2539654	1.016488	-0.039349247	11.758095
1.258643	1.0139107	0.025395684	11.749867
1.2524061	1.018743	-0.010760576	11.762208
1.2570838	1.0219647	0.03128159	11.749867
1.258643	1.018743	0.069960378	11.741639
1.2633208	1.0300188	-0.057847798	11.78278
1.2602023	1.024542	0.0001703865	11.729296
1.2555245	1.0203539	-0.017487323	11.770436
1.2617615	1.0193874	0.0026929164	11.753981
1.2695578	1.0213203	-0.01664648	11.766323
1.2539654	1.0345291	-0.0015113001	11.786893
1.2555245	1.0203539	0.0026929164	11.729296
1.2633208	1.0190653	-0.025054913	11.745752
1.2664393	1.0122998	-0.024214068	11.758095
1.258643	1.0222869	0.0094196629	11.799235
1.2555245	1.0119777	0.010260507	11.725183
1.2617615	1.0135884	-0.00067045673	11.745752
1.2633208	1.0200317	-0.024214068	11.770436
1.2617615	1.0216426	-0.013283106	11.770436
1.2602023	1.0161657	0.011942193	11.745752
1.2524061	1.0271193	-0.0031929866	11.786893
1.2602023	1.0348512	0.0026929164	11.78278
1.2570838	1.044194	0.017828096	11.770436
1.2539654	1.0345291	-0.018328166	11.766323
1.2617615	1.0306631	-0.0048746732	11.78278
1.258643	1.0232533	-0.0048746732	11.770436
1.258643	1.0197096	0.018668938	11.791007
1.2570838	1.0203539	0.068278693	11.770436
1.2633208	1.0235755	-0.021691538	11.778665
1.258643	1.0097225	0.014464723	11.737524
1.2570838	1.0026349	-0.0023521434	11.762208
1.2617615	1.0010241	0.011942193	11.774551
1.2539654	1.0074674	0.0043746028	11.791007
1.2602023	1.010689	0.0026929164	11.745752
1.2617615	1.0158436	-0.00067045673	11.741639
1.2602023	1.0116554	-0.034304187	11.758095
1.2602023	1.0216426	-0.0099197328	11.774551
1.2617615	1.0242199	0.0026929164	11.766323
1.2524061	1.0293745	0.015305566	11.786893
1.2570838	1.0216426	-0.029259128	11.758095
1.2570838	1.022609	-0.0015113001	11.733411
1.2602023	1.0274415	-0.024214068	11.749867
1.2633208	1.0267972	0.0026929164	11.753981
1.2602023	1.0135884	-0.012442263	11.766323
1.2570838	1.0171323	0.0035337596	11.758095
1.2570838	1.0190653	0.0026929164	11.78278
1.2617615	1.0174544	-0.0082380464	11.758095
1.2570838	1.0267972	-0.018328166	11.778665
1.2617615	1.0251863	0.019509783	11.753981
1.2555245	1.0190653	0.030440746	11.766323
1.258643	1.020676	0.0010112298	11.762208
1.258643	1.0267972	-0.0031929866	11.762208
1.2648801	1.0335625	-0.048598524	11.758095
1.258643	1.0367842	-0.01160142	11.753981
1.2602023	1.0467712	0.0060562897	11.774551
1.2617615	1.0290523	0.0052154465	11.758095
1.2524061	1.0306631	0.04725761	11.770436
1.2539654	1.0293745	-0.017487323	11.758095
1.2602023	1.0348512	-0.027577441	11.770436
1.2679986	1.0203539	-0.01664648	11.758095
1.2633208	1.0248642	-0.01916901	11.786893
1.2648801	1.0213203	0.038849179	11.766323
1.2679986	1.0219647	0.0052154465	11.749867
1.2617615	1.0155214	0.0043746028	11.770436
1.2617615	1.0161657	0.1498405	11.78278
1.258643	1.0003798	-0.017487323	11.766323
1.2617615	1.0094004	-0.010760576	11.774551
1.2555245	1.0045679	0.01614641	11.729296
1.2570838	1.0151993	-0.020009853	11.762208
1.2570838	1.0158436	0.024554841	11.753981
1.2617615	1.0151993	0.01110135	11.749867
1.2633208	1.0122998	-0.035145033	11.725183
1.2524061	1.0177766	-0.0048746732	11.733411
1.2555245	1.022609	0.032963276	11.749867
1.2570838	1.0232533	-0.0099197328	11.778665
1.2539654	1.0335625	-0.0073972028	11.791007
1.258643	1.0258306	-0.0015113001	11.758095
1.2524061	1.0296966	0.007737976	11.758095
1.2524061	1.020676	-0.00067045673	11.774551
1.2555245	1.0110111	0.017828096	11.749867
1.2539654	1.0029571	0.012783037	11.762208
1.2492875	1.0058565	-0.013283106	11.758095
1.2539654	1.012622	0.011942193	11.78278
1.2555245	1.0238976	0.0085788192	11.762208
1.2570838	1.0219647	0.0052154465	11.733411
1.2679986	1.0180987	0.029599901	11.721068
1.2804728	1.0197096	-0.014964793	11.71284
1.3007432	1.0325961	0.0085788192	11.78278
1.3210137	1.0332404	0.018668938	11.729296
1.3428434	1.0332404	0.01110135	11.741639
1.3865029	1.042261	0.0094196629	11.745752
1.4317216	1.0325961	0.020350626	11.688156
1.4940922	1.0261528	-0.014964793	11.696384
1.5564629	1.0193874	-0.023373226	11.704612
1.628189	1.0290523	-0.020009853	11.667586
1.7108301	1.0174544	0.014464723	11.618218
1.8059454	1.0071452	0.01614641	11.581191
1.8963828	0.99941331	0.016987253	11.564735
2.0070908	0.99909115	-0.010760576	11.535938
2.1193578	1.0061787	-0.0065563596	11.511253
2.2238288	1.0132663	-0.01160142	11.474228
2.3532479	1.0094004	0.0026929164	11.453657
2.4779892	1.0097225	-0.0065563596	11.408403
2.6136453	0.99973547	0.012783037	11.354921
2.7602165	0.99973547	-0.012442263	11.297324
2.9052281	0.99103707	0.019509783	11.260299
3.0549178	0.98040569	-0.015805636	11.243842
3.2155223	0.98652679	-0.0031929866	11.231501
3.377686	0.98072785	-0.018328166	11.19036
3.5336127	0.97170728	0.14311375	11.145105
3.6973357	0.97718406	-0.020850696	11.140991
3.8641775	0.9707408	0.021191468	11.091623
4.0279007	0.96848565	-0.012442263	11.058711
4.1947422	0.96558619	0.021191468	11.017571
4.3647022	0.96945214	0.0094196629	11.021685
4.5315437	0.97557324	-0.013283106	11.001115
4.7030635	0.96848565	-0.0082380464	10.964088
4.8714643	0.96494186	0.019509783	10.922949
5.0383062	0.96043158	-0.028418286	10.890037
5.203588	0.95914292	-0.01916901	10.857125
5.3704305	0.95914292	0.015305566	10.885923
5.5403905	0.94980025	-0.013283106	10.828327
5.7119098	0.95205534	0.1498405	10.807756
5.8756332	0.95173317	-0.0040338296	10.766617
6.044034	0.9523775	-0.0031929866	10.778958
6.2186723	0.95366615	0.0010112298	10.75016
6.3870735	0.93852454	0.01110135	10.704906
6.5554743	0.92885965	0.0018520731	10.692564
6.7301126	0.9336921	0.0068971328	10.647309
6.9063096	0.927571	0.0068971328	10.634968
7.0747108	0.92660451	-0.0040338296	10.614397
7.2431121	0.93465859	-0.0099197328	10.593827
7.4068356	0.92596018	0.0026929164	10.552688
7.5783553	0.92628235	0.0052154465	10.523889
7.7545524	0.91951692	-0.00067045673	10.523889
7.9229541	0.93079263	0.0060562897	10.540345
8.0975924	0.93433642	0.018668938	10.49509
8.2737894	0.9240272	-0.00067045673	10.429267
8.4499874	0.92370504	-0.020850696	10.41281
8.6308622	0.92306072	0.015305566	10.43338
8.8039417	0.92950398	0.01110135	10.429267
8.9910536	0.92306072	-0.022532383	10.379898
9.1625738	0.91371799	-0.0099197328	10.334644
9.3372126	0.9127515	-0.0015113001	10.3511
9.5180874	0.90824121	0.043894235	10.301732
9.6818113	0.90373093	-0.020850696	10.28939
9.8595676	0.90147579	-0.0040338296	10.256477
10.034207	0.90469742	0.0043746028	10.260592
10.202608	0.89825416	-0.027577441	10.198882
10.374128	0.91049635	-0.0023521434	10.223566
10.533174	0.90018713	-0.0040338296	10.190654
10.704694	0.9030866	-0.021691538	10.178312
10.88401	0.89599907	-0.013283106	10.116602
11.044615	0.90437526	-0.012442263	10.124829
11.200541	0.90244228	0.037167493	10.087803
11.362707	0.90501958	-0.01916901	10.079576
11.518634	0.90501958	0.0085788192	10.054892
11.680798	0.89825416	-0.0057155164	10.034321
11.833607	0.89760983	-0.00067045673	10.038435
11.980179	0.89599907	0.0018520731	10.026093
12.123631	0.88536769	-0.0090788892	9.9972944
12.276441	0.88601202	0.0035337596	9.9643831
12.416776	0.88246822	0.019509783	9.9808388
12.555552	0.87989092	-0.010760576	9.9396982
12.680293	0.87795794	0.020350626	9.9150143
12.819069	0.86636007	0.029599901	9.8697605
12.946928	0.86861521	-0.0073972028	9.8738737
13.076349	0.8844012	-0.018328166	9.8656464
13.191734	0.87731361	-0.014964793	9.8615322
13.322714	0.8844012	-0.0090788892	9.8738737
13.41627	0.88601202	-0.00067045673	9.8697605
13.522301	0.88826716	0.0052154465	9.8327341
13.63145	0.88343471	0.020350626	9.7957077
13.745277	0.87054819	0.0035337596	9.7710238
13.838834	0.87956876	0.028759057	9.8121634
13.941746	0.87763578	0.0068971328	9.7586813
14.038422	0.86636007	0.012783037	9.7298832
14.12574	0.86217195	-0.013283106	9.7381115
14.223975	0.86184978	-0.0073972028	9.7422256
14.312854	0.85766166	0.012783037	9.7175417
14.404851	0.86829305	-0.0031929866	9.7463398
14.495288	0.85991681	-0.010760576	9.7051992
14.573253	0.85959464	-0.0040338296	9.6805153
14.659013	0.84928542	0.015305566	9.6599445
14.744773	0.85379571	-0.0082380464	9.647603
14.822737	0.84541953	-0.19154187	9.6764011
14.899141	0.85379571	-0.0057155164	9.6311464
14.973987	0.86797088	-0.0082380464	9.6434889
15.042594	0.872159	0.0018520731	9.6311464
15.120559	0.86603791	-0.01664648	9.6517172
15.18137	0.87087035	-0.0073972028	9.6352606
15.253098	0.8695817	0.01110135	9.5900078
15.318587	0.85927248	0.0035337596	9.5858936
15.37316	0.85895032	0.0068971328	9.594121
15.435533	0.86152762	-0.021691538	9.6064634
15.496345	0.85444003	0.014464723	9.5817795
15.554037	0.85637301	-0.015805636	9.5900078
15.608612	0.84574169	-0.00067045673	9.5488672
15.666306	0.85089624	0.021191468	9.5488672
15.702169	0.85669518	0.0068971328	9.569437
15.750505	0.85895032	-0.0090788892	9.5612087
15.803521	0.85347354	0.048098456	9.5365248
15.837826	0.8547622	0.038849179	9.5529814
15.883044	0.84831893	0.018668938	9.5324106
15.926704	0.8547622	-0.0031929866	9.5529814
15.957891	0.84638602	-0.0031929866	9.5077267
15.985957	0.85637301	-0.0031929866	9.5118408
16.023378	0.86603791	0.015305566	9.5077267
16.053005	0.85669518	-0.025054913	9.515955
16.090427	0.85798383	0.007737976	9.5200691
16.127851	0.84703034	0.018668938	9.4953852
16.157476	0.84574169	0.018668938	9.4953852
16.188663	0.85154057	0.0035337596	9.5077267
16.219849	0.84509736	-0.0040338296	9.4748144
16.249475	0.8447752	-0.013283106	9.491271
16.286898	0.84155357	0.01110135	9.4542446
16.314964	0.84767467	0.012783037	9.4871569
16.335236	0.83704329	0.0068971328	9.437789
16.364862	0.8447752	-0.0082380464	9.4830427
16.391369	0.83994275	0.021191468	9.4501305
16.406961	0.85154057	-0.0023521434	9.4707003
16.431911	0.84058708	0.0060562897	9.4213324
16.444386	0.85089624	-0.012442263	9.4707003
16.470892	0.85250705	-0.014123949	9.4542446
16.47245	0.85862815	0.056506887	9.4542446
16.486485	0.85669518	0.0026929164	9.4501305
16.508314	0.85411787	-0.018328166	9.4542446
16.520788	0.84799683	-0.0015113001	9.4707003
16.54262	0.84026492	0.0043746028	9.4295607
16.553534	0.8386541	-0.0023521434	9.4501305
16.55821	0.83704329	-0.012442263	9.4419022
16.576923	0.84187573	-0.010760576	9.4789286
16.594074	0.84123141	0.033804119	9.4213324
16.606548	0.83897626	-0.014964793	9.3925343
16.617464	0.83833194	0.0026929164	9.4048767
16.629938	0.84638602	0.018668938	9.4213324
16.639294	0.84831893	-0.0065563596	9.4295607
16.659565	0.84541953	-0.0057155164	9.4089899
16.676718	0.84767467	0.0085788192	9.4172182
16.696987	0.85057408	-0.020850696	9.4419022
16.709461	0.85444003	-0.014964793	9.4213324
16.721935	0.84541953	0.010260507	9.4048767
16.734411	0.83994275	0.020350626	9.4048767
16.743765	0.83962059	0.0094196629	9.3966484
16.751562	0.83349949	0.016987253	9.3884201
16.765596	0.84541953	-0.0040338296	9.4213324
16.770273	0.84638602	-0.017487323	9.4336748
16.788986	0.84767467	-0.00067045673	9.4172182
16.795223	0.83962059	0.01110135	9.3637362
16.803019	0.8360768	-0.01160142	9.3719645
16.818611	0.83188868	0.0052154465	9.3925343
16.826408	0.83962059	-0.01160142	9.4007626
16.829525	0.83672112	0.024554841	9.3719645
16.837322	0.84284222	-0.090640686	9.3719645
16.862272	0.84123141	-0.012442263	9.3884201
16.856033	0.84348655	-0.014964793	9.3966484
16.868509	0.84574169	0.0060562897	9.3884201
16.874746	0.84831893	-0.0065563596	9.3884201
16.882542	0.84413087	-0.027577441	9.3966484
16.893457	0.84348655	-0.0082380464	9.3925343
16.88722	0.84509736	-0.013283106	9.3925343
16.893457	0.84316438	-0.084754787	9.3966484
16.898134	0.83543247	0.0001703865	9.4007626
16.901253	0.83511031	-0.0023521434	9.384306
16.913727	0.8386541	-0.012442263	9.3884201
16.916845	0.83575463	0.007737976	9.4048767
16.912169	0.8421979	0.0001703865	9.4172182
16.919964	0.84541953	-0.0048746732	9.3801918
16.927759	0.83800977	-0.010760576	9.3719645
16.929319	0.83962059	-0.0040338296	9.3884201
16.921522	0.83382165	0.0010112298	9.3801918
16.923082	0.83221084	-0.0048746732	9.359622
16.919964	0.83736545	-0.0099197328	9.3472795
16.923082	0.84123141	-0.01664648	9.3760786
16.918406	0.84606385	0.028759057	9.3678503
16.918406	0.84606385	-0.020009853	9.3719645
16.918406	0.83639896	0.0035337596	9.359622
16.913727	0.84026492	0.0052154465	9.4213324
16.916845	0.8386541	-0.010760576	9.3884201
16.910608	0.85282922	0.014464723	9.4336748
16.909048	0.84058708	-0.022532383	9.3637362
16.902811	0.83349949	-0.023373226	9.3925343
16.899694	0.83478814	-0.020009853	9.3760786
16.904371	0.83317733	0.0026929164	9.384306
16.899694	0.84831893	-0.015805636	9.4254465
16.890337	0.85379571	-0.030099971	9.4089899
16.882542	0.84831893	-0.04523515	9.3760786
16.876305	0.83639896	0.0060562897	9.3760786
16.874746	0.84992975	-0.040190089	9.384306
16.866949	0.8421979	-0.024214068	9.3431664
16.856033	0.84928542	-0.023373226	9.3760786
16.845119	0.84574169	-0.031781659	9.3801918
16.837322	0.85444003	-0.022532383	9.3966484
16.834204	0.84928542	-0.01916901	9.3760786
16.82173	0.84413087	-0.054484423	9.3637362
16.807697	0.8386541	-0.035985876	9.3555079
16.790545	0.83575463	-0.030099971	9.3801918
16.784307	0.81835783	-0.012442263	9.3431664
16.774952	0.82093513	-0.051121052	9.3513937
16.756239	0.84090924	-0.05532527	9.4089899
16.739088	0.84992975	-0.035145033	9.4542446
16.726614	0.84123141	-0.063733704	9.384306
16.71414	0.84445304	-0.057847798	9.3801918
16.696987	0.84155357	-0.020850696	9.3431664
16.672039	0.83994275	-0.054484423	9.3719645
16.642412	0.84638602	-0.040190089	9.3555079
16.615906	0.85089624	-0.057006955	9.359622
16.606548	0.84348655	-0.067937918	9.3267097
16.575363	0.84606385	-0.068778761	9.3431664
16.559771	0.82931137	-0.067937918	9.3267097
16.525467	0.83704329	-0.066256233	9.3719645
16.508314	0.82286811	-0.072982974	9.3390522
16.470892	0.83060002	-0.090640686	9.3513937
16.439707	0.83060002	0.04221255	9.3225956
16.399166	0.83221084	-0.096526586	9.3678503
16.369539	0.83382165	-0.11922935	9.3472795
16.328999	0.82770056	-0.092322372	9.3431664
16.290016	0.82898921	-0.1259561	9.3390522
16.241678	0.83156651	-0.087277316	9.3308239
16.198019	0.83124435	-0.12847863	9.3431664
16.146563	0.83994275	-0.12679695	9.334938
16.098225	0.83414382	-0.12343358	9.3143682
16.054565	0.83124435	-0.1688391	9.3061399
15.990635	0.83800977	-0.1570673	9.3513937
15.932941	0.83768761	-0.13688706	9.3143682
15.867453	0.84316438	-0.17388417	9.3308239
15.8082	0.83285517	-0.17304333	9.3267097
15.733355	0.83994275	-0.19490524	9.3390522
15.650712	0.84284222	-0.20331368	9.3719645
15.571189	0.83478814	-0.17808838	9.3513937
15.491667	0.82866704	-0.21004042	9.3308239
15.399669	0.82673407	-0.25796849	9.3390522
15.299874	0.83639896	-0.2857163	9.3431664
15.212556	0.82898921	-0.28992054	9.3267097
15.106525	0.83382165	-0.26637691	9.3555079
14.997375	0.83575463	-0.31598663	9.3308239
14.886667	0.83639896	-0.32439509	9.334938
14.760365	0.83478814	-0.32775846	9.3225956
14.630946	0.83833194	-0.38745832	9.3513937
14.503085	0.8447752	-0.38998085	9.334938
14.361192	0.84509736	-0.43034133	9.3390522
14.213059	0.85766166	-0.474906	9.359622
14.047776	0.8473525	-0.62541687	9.359622
13.884052	0.8473525	-0.50265384	9.3143682
13.709414	0.84509736	-0.5472185	9.3225956
13.519183	0.83349949	-0.61028171	9.3020258
13.325832	0.83672112	-0.61028171	9.3184814
13.121568	0.83188868	-0.62541687	9.281456
12.903269	0.83478814	-0.68427587	9.281456
12.675614	0.82834488	-0.71790963	9.2567711
12.437046	0.82673407	-0.66577733	9.2320871
12.187563	0.83188868	-0.8373093	9.2691135
11.924046	0.83511031	-0.86757964	9.2773418
11.654291	0.83736545	-0.98109341	9.2567711
11.35647	0.84058708	-0.9718442	9.2403154
11.061768	0.83414382	-0.97773004	9.203289
10.746794	0.83511031	-1.1416944	9.2197456
10.403753	0.8299557	-1.1896224	9.203289
10.059155	0.83382165	-1.1870999	9.1868334
9.7036409	0.84380871	-1.3779711	9.2197456
9.3387718	0.83833194	-1.4065598	9.2197456
8.9473944	0.83414382	-1.4570103	9.1991749
8.5638142	0.82254595	-1.6159295	9.149807
8.1459293	0.81674701	-1.694128	9.1374645
7.7233672	0.81481403	-1.853047	9.1086664
7.282094	0.81127024	-1.9446989	9.0963249
6.8252277	0.8141697	-1.976651	9.0798683
6.3605657	0.81384754	-2.2246995	9.0757542
5.8881073	0.81867999	-2.3155103	9.0592985
5.4203267	0.82544541	-2.386982	9.0592985
5.0804062	0.81094807	-2.6484838	8.9811325
4.4395471	0.80708212	-2.7409766	8.993475
4.0980678	0.81384754	-3.0125682	8.9564486
3.5538831	0.8141697	-3.1605566	8.9523344
3.1157293	0.81642485	-3.2665024	8.9029665
2.6557453	0.81030375	-3.5658424	8.8494844
2.2331843	0.80643779	-3.7298062	8.8330278
1.8464863	0.80837077	-3.7651217	8.7960014
1.4831774	0.80063891	-4.2788758	8.7425194
1.1713243	0.7867859	-4.4428396	8.6972656
0.87974155	0.78775239	-4.615212	8.6725807
0.66456294	0.79065186	-5.0255427	8.6314411
0.50863642	0.77776533	-5.2450023	8.5409327
0.41040266	0.77937615	-5.709146	8.5244761
0.35582837	0.76520097	-5.9462638	8.4668808
0.31684676	0.76874477	-6.1758132	8.4010563
0.29657632	0.77003342	-6.7013383	8.368144
0.28566146	0.77003342	-6.9956322	8.3228903
0.28566146	0.76101285	-7.5993562	8.2858639
0.28254294	0.75392532	-7.8465629	8.1871271
0.27630588	0.74329394	-8.0920877	8.1295309
0.26227248	0.74264961	-8.8471632	8.0883904
0.27318734	0.73040742	-9.213769	7.9937682
0.27162808	0.73427337	-9.5105858	7.9731984
0.27318734	0.71913177	-10.299293	7.88269
0.26695028	0.71429932	-10.468302	7.8621202
0.29657632	0.70527875	-10.463257	7.8127518
0.35270989	0.71429932	-10.482595	7.7551556
0.40572491	0.70785606	-10.417851	7.714015
0.46029913	0.69980198	-10.461576	7.660533
0.48836592	0.69207007	-10.451485	7.5988226
0.44782501	0.69690251	-10.443076	7.5617962
0.47277325	0.69400305	-10.458212	7.5288844
1.9540756	0.68820411	-10.465779	7.4795165
1.2149836	0.69432521	-10.449803	7.4383764
1.1416981	0.68627113	-10.457372	7.389008
0.74720401	0.68788195	-11.005598	7.389008
0.64273316	0.67853928	-10.465779	7.3190699
0.44314724	0.6730625	-10.478392	7.2861576
0.30281338	0.67402899	-10.469144	7.2779298
0.26539102	0.67016304	-10.465779	7.2614737
0.32620236	0.67886144	-10.432987	7.3108416
0.29345778	0.66049814	-10.433827	7.2079911
0.31684676	0.66887438	-10.464098	7.2121053
0.36986178	0.65759867	-10.358151	7.1462808
0.37142104	0.67112952	-10.471665	7.1833072
0.40572491	0.66629708	-10.457372	7.1298246
0.39013225	0.67209601	-10.449803	7.1051407
0.4135212	0.65373272	-10.464938	7.022861
0.51799196	0.66339761	-10.317792	6.9899487
0.51955122	0.66146463	-10.478392	6.9405804
0.47121403	0.65341055	-10.473348	6.8870983
0.46965477	0.64986676	-10.481755	6.866528
0.44158798	0.64277923	-10.469984	6.8336158
0.41196194	0.65308839	-10.303497	6.8212738
0.41040266	0.64857811	-10.471665	6.7842474
0.39636928	0.63536948	-10.458212	6.7719054
0.37921739	0.63150352	-10.45653	6.7348795
0.39013225	0.62377161	-10.439713	6.7060809
0.39481002	0.62183863	-10.45569	6.6772828
0.39636928	0.62763757	-10.439713	6.6855111
0.40572491	0.61603969	-10.459053	6.6361427
0.39481002	0.62699324	-10.4456	6.681397
0.39013225	0.62183863	-10.4456	6.6525989
0.49928078	0.6211943	-10.443076	6.669055
0.51331419	0.60766351	-10.459053	6.6320286
0.53670317	0.61410671	-10.472507	6.6649408
0.56009215	0.62248296	-10.387582	6.681397
0.58036256	0.62892622	-10.436351	6.6772828
0.60842937	0.62634891	-10.441395	6.6608267
0.65364808	0.63279217	-10.485119	6.6443706
0.67235923	0.61990565	-10.475869	6.6238008
0.69574821	0.63247001	-10.447281	6.681397
0.73628914	0.62216079	-10.47671	6.6608267
0.75500029	0.62570459	-10.450644	6.6772828
0.79086339	0.61378455	-10.459053	6.6196866
0.82204872	0.61765051	-10.465779	6.6238008
0.85167474	0.61539537	-10.364879	6.578547
0.87974155	0.62216079	-10.432146	6.566205
0.9078083	0.61668402	-10.430465	6.5003805
0.93743438	0.62506026	-10.436351	6.4921527
0.97329748	0.61732835	-10.501936	6.4098721
1.0013642	0.60573053	-10.369924	6.3646178
1.0325496	0.60154241	-10.464098	6.3605042
1.0621756	0.60089809	-10.443076	6.3152499
1.0871239	0.59542131	-10.419534	6.2741094
1.1151906	0.59252185	-10.458212	6.2329693
1.1370203	0.59252185	-10.478392	6.2370834
1.1650871	0.58317912	-10.465779	6.2041712
1.1822391	0.5815683	-10.440554	6.212399
1.2118651	0.58060181	-10.395149	6.2165132
1.235254	0.59058887	-10.465779	6.2658815
1.2633208	0.59864295	-10.486801	6.2576532
1.2929469	0.58446777	-10.485119	6.2453113
1.3116581	0.58446777	-10.449803	6.2535396
1.3334877	0.58833373	-10.364879	6.2741094
1.3537583	0.58350128	-10.468302	6.2288551
1.3755879	0.58736724	-10.469984	6.2370834
1.3927399	0.5876894	-10.475869	6.2576532
1.4145696	0.58736724	-10.473348	6.212399
1.4348402	0.60089809	-10.40692	6.2329693
1.4566698	0.59832078	-10.459053	6.212399
1.4769403	0.59252185	-10.443918	6.1918292
1.4987699	0.59284401	-10.707942	6.1424613
1.5237182	0.57995749	-10.457372	6.1342335
1.5502259	0.58930022	-10.469144	6.1506896
1.5658183	0.57963532	-10.433827	6.1548038
1.5892074	0.57029265	-10.459053	6.1218915
1.6094779	0.58092397	-10.411124	6.1465755
1.6266297	0.57480294	-10.4456	6.1218915
1.6562558	0.5751251	-10.485119	6.1177773
1.6718485	0.57093698	-10.483438	6.1218915
1.6952374	0.58060181	-10.490164	6.1383476
1.715508	0.57190347	-10.432146	6.0848651
1.727982	0.56835967	-10.454848	6.068409
1.7498119	0.57738018	-10.458212	6.1013212
1.7654045	0.58317912	-10.461576	6.0766373
1.7887934	0.58092397	-10.475869	6.0642953
1.8075047	0.58189046	-10.359834	6.0930934
1.8308936	0.57802451	-10.468302	6.0272689
1.844927	0.57544726	-10.463257	6.0642953
1.8605196	0.58865589	-10.47671	6.0807514
1.8683161	0.58414561	-10.438872	6.0478392
1.8854679	0.57448077	-10.389263	6.0396109
1.8948234	0.57834667	-10.469144	6.068409
1.9057384	0.57866883	-10.468302	6.0478392
1.9057384	0.57319212	-10.727281	6.0396109
1.9072976	0.56868184	-10.491845	6.0396109
1.915094	0.56449372	-10.45653	6.0272689
1.9119755	0.56997049	-10.443076	6.056067
1.9182125	0.57738018	-10.471665	6.0601811
1.9260088	0.56997049	-10.254729	6.0231547
1.9338052	0.57609159	-10.467461	6.0354967
1.9369237	0.58189046	-10.473348	6.0478392
1.9509572	0.5815683	-10.464938	6.0149269
1.9587533	0.59832078	-10.450644	6.0396109
1.9634312	0.59606564	-10.383377	6.0190411
1.9696683	0.59155536	-10.459053	6.043725
1.9759053	0.59091103	-10.440554	6.031383
1.974346	0.57576942	-10.431305	6.0025849
1.9883795	0.57673585	-10.491845	6.0066986
1.9977351	0.57286996	-10.439713	5.9943566
2.0039723	0.57834667	-10.471665	6.0108128
2.0055315	0.5751251	-10.452326	5.9943566
2.0226834	0.56997049	-10.433827	5.9737864
2.0258019	0.57544726	-10.4456	6.0066986
2.0304797	0.57029265	-10.318632	5.9861288
2.0398352	0.57866883	-10.479233	5.9861288
2.0413945	0.58414561	-10.459053	6.0190411
2.0569873	0.58446777	-10.440554	5.9820147
2.0647836	0.59155536	-10.448963	6.0066986
2.0741391	0.58382344	-10.441395	5.9655585
2.0850542	0.58253479	-10.454848	6.0025849
2.0928502	0.57125914	-10.442237	5.9573307
2.1006467	0.56256074	-10.61629	5.9696727
2.097528	0.56578237	-10.465779	5.9737864
2.1006467	0.56803751	-10.471665	5.9943566
2.108443	0.56771535	-10.47671	5.9737864
2.1146801	0.56094992	-10.443076	5.9655585
2.1193578	0.56835967	-10.331245	5.9696727
2.1209171	0.5715813	-10.473348	5.9861288
2.1271541	0.56384939	-10.475029	5.9532166
2.1302726	0.55096287	-10.305179	5.9326463
2.1380692	0.56320506	-10.447281	5.9655585
2.1365099	0.56513804	-10.459053	5.9696727
2.1365099	0.569004	-10.472507	5.9614444
2.1443062	0.57286996	-10.485119	5.9655585
2.1333914	0.57061481	-10.421215	5.9326463
2.1333914	0.57415861	-10.457372	5.9532166
2.1443062	0.57029265	-10.459053	5.9203043
2.1380692	0.57705802	-10.448122	5.9285321
2.1349506	0.56771535	-10.481755	5.9491024
2.1411877	0.57286996	-10.424579	5.9573307
2.1396284	0.56578237	-10.444759	5.9367604
2.1458654	0.56835967	-10.471665	5.9408746
2.1521025	0.56546021	-10.457372	5.9532166
2.1583395	0.55805045	-10.465779	5.9161901
2.1536617	0.55708396	-10.422896	5.9326463
2.1661358	0.55708396	-10.471665	5.9326463
2.1598988	0.56159425	-10.438872	5.9408746
2.161458	0.55611748	-10.458212	5.9367604
2.1692543	0.5628829	-10.462417	5.9367604
2.1739321	0.57705802	-10.452326	5.9532166
2.1583395	0.57931316	-10.475029	5.9902425
2.167695	0.57544726	-10.452326	5.9367604
2.1723728	0.57286996	-10.348062	5.9532166
2.1645765	0.58253479	-10.473348	5.9655585
2.1645765	0.57254779	-10.477551	5.9573307
2.1645765	0.57222563	-10.464098	5.9203043
2.1692543	0.57738018	-10.491005	5.9491024
2.167695	0.5715813	-10.521275	5.9491024
2.1692543	0.57544726	-10.482595	5.9532166
2.1786098	0.56739318	-10.459053	5.9244184
2.1770506	0.55998343	-10.465779	5.9408746
2.1739321	0.55740613	-10.448122	5.9532166
2.1692543	0.569004	-10.391786	5.9614444
2.1739321	0.57222563	-10.443076	5.9408746
2.1645765	0.56578237	-10.452326	5.9161901
2.1723728	0.56868184	-10.481755	5.9532166
2.161458	0.57415861	-10.442237	5.9408746
2.161458	0.5751251	-10.422896	5.9120765
2.1645765	0.58672291	-10.473348	5.9491024
2.1692543	0.58285695	-10.448122	5.9326463
2.167695	0.58285695	-10.417851	5.9449883
2.1645765	0.58221263	-10.447281	5.9408746
2.1723728	0.57641375	-10.4456	5.9203043
2.1754913	0.56546021	-10.431305	5.9079623
2.1770506	0.55708396	-10.452326	5.8956203
2.1817286	0.5603056	-10.41617	5.9244184
2.1708136	0.56094992	-10.475869	5.9079623
2.1801691	0.56674886	-10.449803	5.9491024
2.1770506	0.56352723	-10.432146	5.9161901
2.1832879	0.55482882	-10.463257	5.9161901
2.1770506	0.55611748	-10.451485	5.9161901
2.1770506	0.56062776	-10.471665	5.9161901
2.1895249	0.55708396	-10.443076	5.8956203
2.1817286	0.55547315	-10.471665	5.8791642
2.1801691	0.56610453	-10.46662	5.9285321
2.1817286	0.56256074	-10.3262	5.8915062
2.1864064	0.56320506	-10.481755	5.8956203
2.1879656	0.55031854	-10.474188	5.8832779
2.1817286	0.55740613	-10.410284	5.8791642
2.1864064	0.56739318	-10.442237	5.9161901
2.1926434	0.56803751	-10.459053	5.9079623
2.1864064	0.56803751	-10.464938	5.9038482
2.1848471	0.56094992	-10.452326	5.8956203
2.1879656	0.55354017	-10.428782	5.887392
2.1817286	0.55708396	-10.467461	5.887392
2.1973212	0.55257368	-10.453167	5.8832779
2.1910841	0.56384939	-10.468302	5.9203043
2.1926434	0.55515099	-10.461576	5.8791642
2.1879656	0.56127208	-10.450644	5.9038482
2.1910841	0.55837262	-10.459053	5.887392
2.1848471	0.56223857	-10.464938	5.9038482
2.1942027	0.56223857	-10.447281	5.8750501
2.1957619	0.56513804	-10.477551	5.8791642
2.1879656	0.55933911	-10.361515	5.8915062
2.1942027	0.56835967	-10.441395	5.9326463
2.1988804	0.56835967	-10.443918	5.899734
2.1942027	0.56739318	-10.338813	5.9079623
2.1942027	0.56642669	-10.45569	5.9285321
2.2004397	0.56352723	-10.457372	5.899734
2.1973212	0.5567618	-10.469144	5.8956203
2.2019989	0.55837262	-10.454848	5.9079623
2.1973212	0.55869478	-10.366561	5.8956203
2.1926434	0.55933911	-10.459894	5.9120765
2.1926434	0.5541845	-10.473348	5.9038482
2.1910841	0.56320506	-10.471665	5.9203043
2.1895249	0.57061481	-10.473348	5.9491024
2.1926434	0.56481588	-10.441395	5.8915062
2.1801691	0.57576942	-10.469984	5.9244184
2.1770506	0.58060181	-10.444759	5.9285321
2.1832879	0.57190347	-10.469144	5.9244184
2.1754913	0.56384939	-10.460734	5.8956203
2.1786098	0.56610453	-10.410284	5.9120765
2.1708136	0.56159425	-10.477551	5.9079623
2.1723728	0.56771535	-10.467461	5.9244184
2.1645765	0.56320506	-10.835749	5.9161901
2.167695	0.5567618	-10.477551	5.9161901
2.1536617	0.55708396	-10.380855	5.9120765
2.155221	0.55160719	-10.454007	5.9408746
2.1474247	0.54741907	-10.471665	5.899734
2.148984	0.56997049	-10.421215	5.9449883
2.1458654	0.56674886	-10.450644	5.8956203
2.148984	0.56803751	-10.464098	5.9079623
2.1474247	0.56578237	-10.437191	5.9079623
2.1411877	0.56674886	-10.454007	5.9120765
2.1349506	0.57319212	-10.443076	5.9203043
2.1365099	0.57834667	-10.463257	5.9161901
2.1302726	0.58833373	-10.453167	5.9326463
2.1240356	0.57093698	-10.467461	5.8915062
2.1177986	0.56513804	-10.45653	5.9120765
2.1162393	0.56674886	-10.37581	5.899734
2.1209171	0.56868184	-10.467461	5.9120765
2.1131208	0.56932616	-10.484279	5.9120765
2.1146801	0.56610453	-10.473348	5.9285321
2.1115615	0.56159425	-10.464938	5.887392
2.1068838	0.55869478	-10.370765	5.887392
2.1006467	0.55128503	-10.439713	5.887392
2.1053245	0.55450666	-10.469144	5.9203043
2.0990872	0.55547315	-10.380855	5.899734
2.0881724	0.56771535	-10.478392	5.9079623
2.0944095	0.56835967	-10.47671	5.8832779
2.0866134	0.56997049	-10.464938	5.9079623
2.0881724	0.55998343	-10.480074	5.8956203
2.0897317	0.57415861	-10.868542	5.9244184
2.0834949	0.57866883	-10.468302	5.899734
2.0834949	0.57641375	-10.464098	5.9449883
2.0772576	0.57641375	-10.460734	5.9244184
2.0756984	0.57802451	-10.473348	5.9326463
2.0694613	0.56449372	-10.984578	5.9120765
2.0616651	0.56546021	-10.464938	5.9120765
2.0647836	0.5715813	-10.482595	5.9326463
2.0569873	0.56546021	-10.481755	5.899734
2.0585465	0.56674886	-10.449803	5.9244184
2.055428	0.56320506	-10.388422	5.899734
2.0523095	0.56127208	-10.459894	5.887392
2.0476315	0.56384939	-10.469144	5.9285321
2.0351574	0.56835967	-10.447281	5.9532166
2.0398352	0.57448077	-10.459053	5.9203043
2.0367167	0.56223857	-10.393467	5.8832779
2.038276	0.55643964	-10.464938	5.8956203
2.0273612	0.56835967	-10.45569	5.9532166
2.0242426	0.5751251	-10.472507	5.9408746
2.0195649	0.57609159	-10.465779	5.9326463
2.0102093	0.57415861	-10.449803	5.9203043
2.0055315	0.57448077	-10.448963	5.9285321
2.0102093	0.56094992	-10.438872	5.9120765
1.9977351	0.56932616	-10.337131	5.9449883
1.9930574	0.56417155	-10.468302	5.9079623
1.9899387	0.56256074	-10.48596	5.9161901
1.985261	0.5603056	-10.465779	5.9449883
1.9759053	0.57576942	-10.454848	5.9573307
1.9696683	0.58446777	-10.450644	5.9655585
1.9649905	0.58317912	-10.45653	5.9449883
1.9571941	0.58253479	-10.464938	5.9408746
1.9525163	0.58253479	-10.446441	5.9532166
1.9478387	0.57770234	-10.465779	5.9573307
1.9447201	0.57190347	-10.352266	5.9285321
1.932246	0.57576942	-10.470825	5.9408746
1.9353645	0.5715813	-10.483438	5.9161901
1.9197718	0.56223857	-10.307702	5.9326463
1.915094	0.56546021	-10.469984	5.9367604
1.9119755	0.56127208	-10.431305	5.9285321
1.9057384	0.56481588	-10.451485	5.9326463
1.9010606	0.57254779	-10.467461	5.9779005
1.8932642	0.56803751	-10.461576	5.9449883
1.8885864	0.55708396	-10.470825	5.9285321
1.8839087	0.55611748	-10.47671	5.9203043
1.8745531	0.56062776	-10.459053	5.9491024
1.8729938	0.55482882	-10.457372	5.9203043
1.8651975	0.56771535	-10.436351	5.9614444
1.8605196	0.56223857	-10.478392	5.9285321
1.8558419	0.56707102	-10.449803	5.9408746
1.8511641	0.57093698	-10.473348	5.9532166
1.8496048	0.5715813	-10.450644	5.9449883
1.8480456	0.56803751	-10.34638	5.9285321
1.8355714	0.56578237	-10.47671	5.9491024
1.8230972	0.56835967	-10.440554	5.9326463
1.8246565	0.5567618	-10.461576	5.9326463
1.8230972	0.55611748	-10.479233	5.9655585
1.8137418	0.56739318	-10.390945	5.9820147
1.8059454	0.56449372	-10.464098	5.9614444
1.7997084	0.55547315	-10.447281	5.9408746
1.7903527	0.55869478	-10.327882	5.9655585
1.7872342	0.56417155	-10.492686	5.9696727
1.7809972	0.5815683	-10.464098	5.9779005
1.7763193	0.58704507	-10.462417	5.9779005
1.7732008	0.58543426	-10.480074	5.9861288
1.7669637	0.58285695	-10.427101	5.9696727
1.7607266	0.57286996	-10.437191	5.9573307
1.7529303	0.5715813	-10.460734	5.9655585
1.7451341	0.57770234	-10.47671	5.9902425
1.7466934	0.57383645	-10.469984	5.9614444
1.7342192	0.57286996	-10.48596	5.9696727
1.7311007	0.58060181	-10.460734	5.9861288
1.7170672	0.57995749	-10.482595	5.9861288
1.7061523	0.57190347	-10.454007	5.9655585
1.7092708	0.57383645	-10.469984	6.0066986
1.6999153	0.55579531	-10.467461	5.9861288
1.6936781	0.55128503	-10.342176	5.9779005
1.6905596	0.57029265	-10.480074	6.0190411
1.6812042	0.57544726	-10.467461	6.0108128
1.6796449	0.57544726	-10.470825	6.0149269
1.6718485	0.57544726	-10.460734	6.0066986
1.6609336	0.56803751	-10.418693	5.9943566
1.6562558	0.57383645	-10.460734	6.0108128
1.6531373	0.57383645	-10.467461	6.0149269
1.6375446	0.57802451	-10.330404	6.0190411
1.6328669	0.57093698	-10.490164	6.0190411
1.6203928	0.57673585	-10.45653	6.0149269
1.6172743	0.58446777	-10.480074	6.056067
1.6125964	0.59155536	-10.457372	6.0478392
1.6032408	0.58189046	-10.438032	6.0272689
1.6016816	0.57995749	-10.479233	6.0272689
1.5798517	0.58414561	-10.458212	6.068409
1.5704962	0.58060181	-10.480914	6.0190411
1.5782925	0.57738018	-10.473348	6.031383
1.5626998	0.58221263	-10.444759	6.031383
1.5580221	0.57609159	-10.461576	6.0519528
1.5393109	0.57963532	-10.454007	6.0396109
1.5299553	0.56513804	-10.462417	6.0396109
1.5205997	0.57738018	-10.4456	6.0642953
1.5159218	0.58865589	-10.453167	6.0725231
1.5081255	0.59091103	-10.461576	6.0478392
1.5034478	0.58350128	-10.488482	6.031383
1.4831774	0.58833373	-10.27659	6.0766373
1.475381	0.58736724	-10.452326	6.0396109
1.4722625	0.57995749	-10.400194	6.043725
1.4582291	0.59574348	-10.491845	6.0766373
1.451992	0.58833373	-10.464098	6.0848651
1.4363995	0.56771535	-10.291725	6.0519528
1.4270438	0.57802451	-10.491005	6.0972071
1.4130104	0.57963532	-10.479233	6.0930934
1.4145696	0.57738018	-10.467461	6.0848651
1.4020956	0.57866883	-10.491005	6.1054354
1.3896214	0.58060181	-10.441395	6.0889792
1.3802657	0.57061481	-10.460734	6.0642953
1.3755879	0.57448077	-10.463257	6.0972071
1.3631139	0.57319212	-10.465779	6.0766373
1.3506397	0.57770234	-10.46662	6.0889792
1.335047	0.5715813	-10.432146	6.0889792
1.3256915	0.57415861	-10.461576	6.1218915
1.3194543	0.58704507	-10.489323	6.1095495
1.3100989	0.58575642	-10.478392	6.1054354
1.2960654	0.58285695	-10.457372	6.1177773
1.2882692	0.57770234	-10.295089	6.1177773
1.275795	0.56546021	-10.438032	6.0972071
1.2617615	0.56997049	-10.457372	6.1260056
1.258643	0.56707102	-10.440554	6.1177773
1.246169	0.57415861	-10.485119	6.1506896
1.2368134	0.58060181	-10.469984	6.1383476
1.2243392	0.57963532	-10.487641	6.1424613
1.2149836	0.58317912	-10.449803	6.1506896
1.2040688	0.58736724	-10.377492	6.1465755
1.1978317	0.58350128	-10.47671	6.1506896
1.1853576	0.578991	-10.454848	6.1342335
1.176002	0.58801156	-10.470825	6.1712589
1.1728835	0.57480294	-10.458212	6.1177773
1.1604093	0.58221263	-10.475869	6.1548038
1.1479353	0.57963532	-10.461576	6.1506896
1.1354611	0.59316617	-10.480914	6.2165132
1.1354611	0.59252185	-10.45569	6.1630311
1.1198685	0.58930022	-10.480914	6.1877151
1.1120721	0.59123319	-10.453167	6.200057
1.0980387	0.58543426	-10.468302	6.2082853
1.0824461	0.58253479	-10.433827	6.1918292
1.0840054	0.59735429	-10.469144	6.2329693
1.0637349	0.59284401	-10.451485	6.2082853
1.0715312	0.58672291	-10.475869	6.2329693
1.0574979	0.58736724	-10.472507	6.2165132
1.0419052	0.58833373	-10.471665	6.2041712
1.0294311	0.59477699	-10.399353	6.2288551
1.0278717	0.60089809	-10.468302	6.2576532
1.0138384	0.60186458	-10.452326	6.2411971
1.0044829	0.60186458	-10.467461	6.2453113
0.99824572	0.60186458	-10.491005	6.2494254
0.98733085	0.60927433	-10.440554	6.2535396
0.98265302	0.60025376	-10.480914	6.2370834
0.96706039	0.59252185	-10.469144	6.2453113
0.9686197	0.59445482	-10.488482	6.2823377
0.95926404	0.58575642	-10.453167	6.2288551
0.94523072	0.59477699	-10.454848	6.2823377
0.93743438	0.59477699	-10.441395	6.2905655
0.92651945	0.58962238	-10.425419	6.2782235
0.92340094	0.58253479	-10.417851	6.2741094
0.92028242	0.57770234	-10.482595	6.2658815
0.91560465	0.58092397	-10.468302	6.2905655
0.8984527	0.59348834	-10.45569	6.3399339
0.89377487	0.60154241	-10.460734	6.3111358
0.8875379	0.59509915	-10.348903	6.2864513
0.88441932	0.60347539	-10.481755	6.3029075
0.86414886	0.5963878	-10.452326	6.3358197
0.85635257	0.60798568	-10.464098	6.3358197
0.85323405	0.60734135	-10.42626	6.3111358
0.84855622	0.59155536	-10.313587	6.3111358
0.83764136	0.59477699	-10.464098	6.3399339
0.82516724	0.59477699	-10.4456	6.3399339
0.82204872	0.58414561	-10.448963	6.3193636
0.82204872	0.58060181	-10.438872	6.331706
0.81113386	0.5902667	-10.421215	6.3522758
0.79865974	0.58317912	-10.467461	6.3646178
0.79398197	0.59316617	-10.451485	6.3893023
0.77994853	0.59670997	-10.450644	6.3851881
0.78150779	0.60154241	-10.461576	6.3769603
0.78306705	0.59091103	-10.404398	6.3399339
0.77994853	0.59316617	-10.478392	6.368732
0.7643559	0.60218674	-10.480074	6.4263282
0.75500029	0.60411972	-10.391786	6.3934159
0.74720401	0.62087214	-10.451485	6.4181004
0.74564475	0.62312728	-10.475869	6.4139862
0.73472983	0.63118136	-10.46662	6.4715824
0.73005205	0.61217374	-10.451485	6.3975301
0.7284928	0.60734135	-10.337131	6.4098721
0.72225577	0.60863	-10.490164	6.4181004
0.71445942	0.60154241	-10.453167	6.4551263
0.71290016	0.59767646	-10.449803	6.4345565
0.70822233	0.58704507	-10.444759	6.4057584
0.69886672	0.58511209	-10.425419	6.4139862
0.70042598	0.58640075	-10.450644	6.4304423
0.68327409	0.60122025	-10.427101	6.4633546
0.67859632	0.60283107	-10.453167	6.4468985
0.66924065	0.6060527	-10.440554	6.4633546
0.67547774	0.60508621	-10.457372	6.4386706
0.65676659	0.61475104	-10.459053	6.4756966
0.65832585	0.61732835	-10.451485	6.4756966
0.65676659	0.61539537	-10.357311	6.4921527
0.65364808	0.61410671	-10.446441	6.4839249
0.64273316	0.60766351	-10.471665	6.4756966
0.63805544	0.62248296	-10.484279	6.5332928
0.63181835	0.61636186	-10.46662	6.5374069
0.62714052	0.60508621	-10.408603	6.5003805
0.62558126	0.59767646	-10.479233	6.512723
0.61934417	0.59735429	-10.474188	6.5086088
0.6131072	0.60089809	-10.464938	6.566205
0.60063303	0.61442888	-10.461576	6.5620909
0.60531086	0.61442888	-10.369924	6.5456352
0.60219228	0.62280512	-10.460734	6.578547
0.59751451	0.61700618	-10.474188	6.5332928
0.59439594	0.61926132	-10.472507	6.5744333
0.58971816	0.62151647	-10.461576	6.578547
0.58504039	0.62248296	-10.438872	6.5867743
0.58348113	0.61539537	-10.451485	6.5703192
0.58192182	0.62377161	-10.462417	6.5826612
0.57256627	0.63569164	-10.447281	6.6073446
0.56476992	0.63504732	-10.467461	6.6196866
0.5694477	0.6308592	-10.474188	6.5991163
0.56165141	0.62054998	-10.453167	6.578547
0.56476992	0.61346239	-10.480914	6.5950027
0.54917729	0.62602675	-10.40608	6.6484847
0.54138094	0.63279217	-10.443918	6.6361427
0.54449946	0.61990565	-10.46662	6.6032305
0.54761803	0.6150732	-10.443076	6.5908885
0.54449946	0.61700618	-10.484279	6.6608267
0.53358465	0.62280512	-10.332927	6.6525989
0.53046608	0.62602675	-10.492686	6.6484847
0.52578831	0.62570459	-10.438872	6.6608267
0.52890682	0.61797267	-10.464938	6.6649408
0.53046608	0.61668402	-10.458212	6.6484847
0.52266979	0.62183863	-10.353948	6.6484847
0.51487345	0.62506026	-10.451485	6.669055
0.50551784	0.61281806	-10.47671	6.6772828
0.50863642	0.62312728	-10.444759	6.7060809
0.50395858	0.62634891	-10.444759	6.7101951
0.50239933	0.62828189	-10.358151	6.7060809
0.49772155	0.62409377	-10.452326	6.6772828
0.50395858	0.6150732	-10.470825	6.6772828
0.49460301	0.62634891	-10.397672	6.722537
0.49928078	0.63247001	-10.471665	6.7060809
0.48524743	0.6369803	-10.474188	6.7019672
0.49148446	0.63633597	-10.484279	6.722537
0.48524743	0.63214785	-10.431305	6.7266512
0.48680666	0.62312728	-10.4456	6.7307653
0.49148446	0.63150352	-10.463257	6.7307653
0.47901034	0.62924838	-10.4456	6.722537
0.47901034	0.63987976	-10.458212	6.7431073
0.4805696	0.64471221	-10.464098	6.7595634
0.46497697	0.65051109	-10.55659	6.7719054
0.47121403	0.64181274	-10.477551	6.7554493
0.46965477	0.63730246	-10.451485	6.7554493
0.46497697	0.63214785	-10.448963	6.7883615
0.46653622	0.62602675	-10.485119	6.7677913
0.44782501	0.61829484	-10.358993	6.7801337
0.4540621	0.63150352	-10.463257	6.8007035
0.45562136	0.62312728	-10.422896	6.8007035
0.44314724	0.62183863	-10.402717	6.7801337
0.4540621	0.63182569	-10.468302	6.8007035
0.44158798	0.64277923	-10.454007	6.8295016
0.44314724	0.63601381	-10.454848	6.8089318
0.44158798	0.63601381	-10.440554	6.8089318
0.43535089	0.63247001	-10.333768	6.8336158
0.43379164	0.64245707	-10.483438	6.8459578
0.43846944	0.64503437	-10.480074	6.8377299
0.43223241	0.63569164	-10.432146	6.8336158
0.42755461	0.63762462	-10.469144	6.8336158
0.42755461	0.63987976	-10.314428	6.8583002
0.42755461	0.63987976	-10.47671	6.8583002
0.42443606	0.63665813	-10.483438	6.8624139
0.42911386	0.62602675	-10.457372	6.8500719
0.42755461	0.62828189	-10.47671	6.866528
0.42287678	0.6247381	-10.429624	6.8541861
0.418199	0.62989271	-10.457372	6.8829842
0.418199	0.64149058	-10.434669	6.8747559
0.41663975	0.62860405	-10.293407	6.8870983
0.42131752	0.63214785	-10.475029	6.8953261
0.42131752	0.64149058	-10.433827	6.9035544
0.4088434	0.65437704	-10.471665	6.9405804
0.41040266	0.65083325	-10.463257	6.9405804
0.40728414	0.65341055	-10.323677	6.9076681
0.418199	0.64664513	-10.470825	6.9158964
0.4088434	0.64632297	-10.480914	6.9117823
0.41196194	0.64374572	-10.457372	6.9241242
0.4135212	0.64535648	-10.460734	6.9200101
0.40728414	0.6421349	-10.486801	6.9282384
0.40416563	0.64310139	-10.463257	6.9529223
0.39636928	0.64181274	-10.4456	6.9405804
0.39948782	0.64632297	-10.463257	6.9734926
0.39636928	0.63440299	-10.468302	6.9323525
0.39792857	0.64149058	-10.400194	6.9652648
0.39792857	0.63408083	-10.459894	6.9405804
0.3870137	0.63891327	-10.448963	6.9776068
0.39792857	0.6460008	-10.464098	6.9693785
0.39325073	0.66210896	-10.452326	7.0146327
0.39013225	0.66823006	-10.462417	7.0187469
0.39948782	0.65244406	-10.480914	6.9858346
0.39948782	0.64567864	-10.489323	6.9981766
0.39325073	0.64728945	-10.461576	7.0064049
0.39481002	0.6395576	-10.461576	6.9611506
0.38545445	0.64825594	-10.432146	7.0187469
0.3870137	0.64084625	-10.469144	7.0064049
0.38857296	0.63987976	-10.451485	7.0475445
0.39013225	0.64439005	-10.474188	7.0187469
0.3870137	0.63504732	-10.462417	7.0310888
0.38077661	0.64761162	-10.457372	7.0640001
0.3870137	0.64084625	-10.475029	7.0516582
0.38857296	0.64825594	-10.477551	7.0516582
0.38857296	0.66049814	-10.471665	7.0681143
0.39013225	0.65663218	-10.475029	7.0681143
0.38857296	0.65663218	-10.453167	7.0598865
0.3870137	0.65179974	-10.472507	7.0557723
0.3870137	0.6421349	-10.457372	7.0640001
0.38077661	0.65695435	-10.417851	7.0927987
0.37921739	0.66114247	-10.432146	7.1010265
0.3823359	0.6556657	-10.458212	7.0886846
0.37921739	0.66082031	-10.273228	7.1174827
0.37609884	0.66178679	-10.475029	7.1380529
0.3823359	0.65147758	-10.491845	7.1010265
0.38389516	0.6521219	-10.477551	7.1174827
0.37765813	0.66758573	-10.483438	7.1545091
0.37298033	0.6643641	-10.470825	7.1462808
0.37765813	0.64052409	-10.447281	7.0845704
0.38077661	0.64277923	-10.454007	7.1339388
0.37765813	0.65759867	-10.461576	7.1627369
0.36518401	0.66178679	-10.462417	7.203877
0.38077661	0.65695435	-10.443918	7.1503949
0.37609884	0.65502137	-10.471665	7.1380529
0.36986178	0.66533059	-10.477551	7.179193
0.37298033	0.66629708	-10.473348	7.2203331
0.36986178	0.68079442	-10.459894	7.2203331
0.38077661	0.66661924	-10.300135	7.1750789
0.37609884	0.66565275	-10.471665	7.1956491
0.37765813	0.66146463	-10.458212	7.1833072
0.37609884	0.65534353	-10.438032	7.2121053
0.37298033	0.64793378	-10.438032	7.2079911
0.36830249	0.66178679	-10.398513	7.2614737
0.36362472	0.66468626	-10.446441	7.2532454
0.36830249	0.66597492	-10.453167	7.2326751
0.37142104	0.66404194	-10.427941	7.2491312
0.36986178	0.66500843	-10.483438	7.2491312
0.36674324	0.67467332	-10.464098	7.2820435
0.36830249	0.67789495	-10.483438	7.2820435
0.37765813	0.68369383	-10.497732	7.2861576
0.37142104	0.68433815	-10.848361	7.3026137
0.37298033	0.67757279	-10.471665	7.2820435
0.37298033	0.67499548	-10.447281	7.2820435
0.37142104	0.66146463	-10.453167	7.2820435
0.37609884	0.67112952	-10.467461	7.2943854
0.36362472	0.67435116	-10.320314	7.3190699
0.36518401	0.68208301	-10.47671	7.3314118
0.37453958	0.68111658	-10.470825	7.3314118
0.36206546	0.68949276	-10.591064	7.389008
0.37142104	0.68176085	-10.477551	7.3396397
0.36986178	0.68111658	-10.457372	7.347868
0.37298033	0.67531765	-10.470825	7.347868
0.36830249	0.67757279	-10.469984	7.3848944
0.36206546	0.68498248	-10.47671	7.3766661
0.36830249	0.67402899	-10.463257	7.3437538
0.36206546	0.67789495	-10.41701	7.3725519
0.36518401	0.6704852	-10.451485	7.347868
0.36986178	0.66855222	-10.434669	7.3766661
0.36050621	0.69142574	-10.459053	7.4301486
0.36362472	0.68079442	-10.442237	7.3931222
0.35894692	0.68530464	-10.446441	7.40135
0.37142104	0.69013709	-10.469984	7.4054642
0.36830249	0.68369383	-10.443918	7.3972363
0.36518401	0.68176085	-10.380014	7.4342623
0.36518401	0.68047225	-10.438872	7.4219203
0.36362472	0.68337166	-10.448963	7.4219203
0.36674324	0.69335872	-10.454007	7.4589467
0.36362472	0.68691546	-10.444759	7.4671745
0.36518401	0.67628413	-10.4456	7.4178061
0.37298033	0.67596197	-10.492686	7.4630604
0.36674324	0.67112952	-10.469984	7.4424906
0.36206546	0.68240517	-10.434669	7.5083141
0.36986178	0.67596197	-10.465779	7.4548326
0.37142104	0.68466032	-10.484279	7.4712887
0.36674324	0.69625819	-10.494368	7.5083141
0.36362472	0.68433815	-10.447281	7.4877448
0.35582837	0.70237929	-10.376651	7.5329981
0.36362472	0.68433815	-10.447281	7.4959726
0.35894692	0.68594897	-10.447281	7.4959726
0.36518401	0.68659329	-10.491845	7.4754028
0.36362472	0.68755978	-10.48596	7.5329981
0.35738766	0.68981493	-10.395989	7.5453401
0.36050621	0.68079442	-10.447281	7.5288844
0.35894692	0.68208301	-10.440554	7.5124283
0.36050621	0.69303656	-10.461576	7.5535684
0.36050621	0.70463443	-10.481755	7.5988226
0.36674324	0.69207007	-10.452326	7.5453401
0.36518401	0.69851333	-10.471665	7.5576825
0.36986178	0.68627113	-10.464938	7.5288844
0.35738766	0.70076847	-10.390945	7.5700245
0.36986178	0.69464737	-10.461576	7.5823665
0.35738766	0.69078141	-10.419534	7.5617962
0.37298033	0.70302361	-10.479233	7.5823665
0.36206546	0.70624524	-10.429624	7.5741386
0.35894692	0.70785606	-10.448963	7.6111646
0.36206546	0.70237929	-10.423738	7.6070504
0.36518401	0.68627113	-10.454007	7.5864806
0.35894692	0.67596197	-10.461576	7.5823665
0.36674324	0.67725062	-10.453167	7.5905943
0.35582837	0.6952917	-10.434669	7.6399627
0.36518401	0.69690251	-10.433827	7.6276207
0.36362472	0.70334578	-10.469144	7.6564188
0.35426912	0.70366794	-10.479233	7.6646471
0.37142104	0.697869	-10.450644	7.6111646
0.35894692	0.68949276	-10.379173	7.648191
0.36518401	0.69690251	-10.48596	7.6564188
0.36830249	0.69496953	-10.4456	7.6399627
0.35894692	0.71333283	-10.418693	7.660533
0.36050621	0.71204418	-10.444759	7.6564188
0.36206546	0.72396415	-10.459894	7.6893311
0.36050621	0.70560092	-10.470825	7.6399627
0.36518401	0.7039901	-10.469984	7.6646471
0.36206546	0.70656741	-10.393467	7.6687608
0.35426912	0.71591014	-10.443076	7.7469273
0.36206546	0.70366794	-10.434669	7.6687608
0.35894692	0.70302361	-10.47671	7.6975594
0.36206546	0.69819117	-10.478392	7.6646471
0.36674324	0.68176085	-10.364038	7.6728749
0.35738766	0.69980198	-10.475869	7.7263575
0.35738766	0.69819117	-10.446441	7.7057872
0.36362472	0.69207007	-10.472507	7.6852169
0.36830249	0.70270145	-10.496049	7.7222433
0.36206546	0.70656741	-10.418693	7.7263575
0.35738766	0.71236634	-10.496891	7.7386994
0.36674324	0.71236634	-10.443918	7.7222433
0.36206546	0.70882255	-10.414488	7.7263575
0.35426912	0.71139985	-10.475869	7.7386994
0.36050621	0.70302361	-10.313587	7.7099013
0.36362472	0.71107769	-10.449803	7.7428136
0.37142104	0.71687663	-10.477551	7.7304711
0.36050621	0.71526581	-10.447281	7.7428136
0.36050621	0.71268851	-10.465779	7.7263575
0.36518401	0.71268851	-10.45653	7.7633834
0.36362472	0.69915766	-10.447281	7.7263575
0.35738766	0.70914471	-10.457372	7.7674975
0.36674324	0.71107769	-10.431305	7.7592692
0.36050621	0.70914471	-10.461576	7.7716117
0.36518401	0.70109063	-10.459894	7.7633834
0.36362472	0.69947982	-10.435509	7.7592692
0.36206546	0.70688957	-10.448963	7.7962956
0.35738766	0.71268851	-10.448122	7.8127518
0.36050621	0.70076847	-10.442237	7.7839537
0.36830249	0.70044631	-10.486801	7.7839537
0.36050621	0.71429932	-10.438872	7.8168659
0.35426912	0.71526581	-10.457372	7.833322
0.35894692	0.72364199	-10.415329	7.8086376
0.36674324	0.71043336	-10.484279	7.8045239
0.35894692	0.71139985	-10.483438	7.8168659
0.36518401	0.70978904	-10.338813	7.7921815
0.35426912	0.71848744	-10.443076	7.8209796
0.35582837	0.71365499	-10.469984	7.8250937
0.36050621	0.71655446	-10.448122	7.8374357
0.36674324	0.70527875	-10.475869	7.8374357
0.35894692	0.71236634	-10.4456	7.8621202
0.36830249	0.7188096	-10.491005	7.7962956
0.35894692	0.72589713	-10.457372	7.8785763
0.36050621	0.72428632	-10.48596	7.8497782
0.36206546	0.71591014	-10.454007	7.8292079
0.36050621	0.73105174	-10.349744	7.8538918
0.36206546	0.73330688	-10.448963	7.8374357
0.36518401	0.73105174	-10.487641	7.845664
0.36206546	0.72557497	-10.435509	7.845664
0.37142104	0.72203118	-10.469144	7.8250937
0.36050621	0.7262193	-10.429624	7.8991461
0.35894692	0.73072958	-10.47671	7.8744621
0.36830249	0.72589713	-10.464938	7.8744621
0.36518401	0.72138685	-10.405239	7.870348
0.36050621	0.72203118	-10.465779	7.8909183
0.36362472	0.7188096	-10.459894	7.858006
0.36206546	0.72042036	-10.458212	7.8744621
0.36050621	0.7287966	-10.427941	7.9073744
0.36674324	0.7262193	-10.438872	7.8744621
0.36362472	0.72042036	-10.45653	7.8785763
0.35894692	0.72106469	-10.459053	7.8909183
0.36674324	0.71784312	-10.48596	7.8950324
0.36206546	0.71172202	-10.465779	7.8497782
0.36830249	0.70560092	-10.45569	7.858006
0.35738766	0.7075339	-10.464098	7.8909183
0.35894692	0.7262193	-10.464098	7.8991461
0.35426912	0.7323404	-10.480914	7.9279442
0.36050621	0.73878366	-10.471665	7.9279442
0.36830249	0.73266256	-10.4456	7.8909183
0.36362472	0.72525281	-10.469984	7.9073744
0.36674324	0.7188096	-10.460734	7.9032602
0.35894692	0.7226755	-10.460734	7.9197164
0.36674324	0.72460848	-10.491005	7.9073744
0.36362472	0.72428632	-10.293407	7.9073744
0.36518401	0.71784312	-10.479233	7.88269
0.35738766	0.71591014	-10.437191	7.8991461
0.35738766	0.70270145	-10.342176	7.8868041
0.36050621	0.71913177	-10.441395	7.9485145
0.36050621	0.72106469	-10.464938	7.9073744
0.35894692	0.72557497	-10.472507	7.9114885
0.36050621	0.72235334	-10.45569	7.9279442
0.36206546	0.7200982	-10.449803	7.9444003
0.35426912	0.72944093	-10.454848	7.9485145
0.36050621	0.72847444	-10.479233	7.9114885
0.36830249	0.7410388	-10.461576	7.9485145
0.36674324	0.73685068	-10.485119	7.9320583
0.36674324	0.7349177	-10.410284	7.9197164
0.36986178	0.72718579	-10.475029	7.9114885
0.36986178	0.71913177	-10.471665	7.9156022
0.35894692	0.71655446	-10.448122	7.9279442
0.37298033	0.71526581	-10.469144	7.9279442
0.36674324	0.70495659	-10.440554	7.9238305
0.36518401	0.71591014	-10.465779	7.9567428
0.36674324	0.73395121	-10.464938	7.9773126
0.36674324	0.7323404	-10.343858	7.9485145
0.36830249	0.73588419	-10.450644	7.9402866
0.36050621	0.73556203	-10.484279	7.9567428
0.36206546	0.73266256	-10.454848	7.9690847
0.37453958	0.72815228	-10.475029	7.9320583
0.36986178	0.71913177	-10.440554	7.9402866
0.36518401	0.73556203	-10.486801	8.0184517
0.36674324	0.71365499	-10.461576	7.9444003
0.36518401	0.71429932	-10.440554	7.9731984
0.36986178	0.71268851	-10.475869	7.9731984
0.37298033	0.71784312	-10.460734	8.0061102
0.36206546	0.72106469	-10.452326	7.9814267
0.37142104	0.72170901	-10.450644	7.9855409
0.36986178	0.71655446	-10.448122	7.9690847
0.37765813	0.7162323	-10.446441	7.9773126
0.36518401	0.70850039	-10.427101	7.9731984
0.37142104	0.71365499	-10.454848	7.9896541
0.36674324	0.71558797	-10.446441	7.9773126
0.36362472	0.72976309	-10.401035	7.9978819
0.37142104	0.73298472	-10.491845	8.001996
0.36050621	0.73105174	-10.440554	8.0102243
0.36050621	0.73942798	-10.472507	8.0102243
0.36050621	0.7436161	-10.461576	7.9937682
0.36674324	0.74522692	-10.370765	8.0061102
0.37453958	0.7349177	-10.483438	7.9978819
0.37298033	0.7200982	-10.458212	8.0102243
0.36830249	0.70688957	-10.4456	7.9773126
0.36986178	0.697869	-10.461576	7.9896541
0.36362472	0.71301067	-10.465779	8.0143385
0.35582837	0.72042036	-10.436351	8.0472507
0.36986178	0.72589713	-10.454007	8.02668
0.37298033	0.71655446	-10.475029	7.9937682
0.36518401	0.72783011	-10.480074	8.0143385
0.36518401	0.73395121	-10.461576	8.0595922
0.35894692	0.73685068	-10.462417	8.0184517
0.36518401	0.73556203	-10.457372	8.0143385
0.37142104	0.7410388	-10.374128	7.9978819
0.37609884	0.74297178	-10.472507	8.0431366
0.36674324	0.7262193	-10.388422	8.0061102
0.37142104	0.72428632	-10.431305	8.0102243
0.37142104	0.71752095	-10.452326	8.0225658
0.36986178	0.72944093	-10.391786	8.0225658
0.36518401	0.72138685	-10.447281	8.0184517
0.36518401	0.72493064	-10.36572	8.02668
0.37453958	0.7188096	-10.447281	8.0225658
0.37142104	0.73362905	-10.469984	8.0472507
0.37298033	0.71913177	-10.454848	7.9773126
0.36518401	0.71591014	-10.394308	8.0061102
0.36830249	0.72299767	-10.468302	8.0431366
0.36518401	0.71816528	-10.409443	8.0102243
0.36674324	0.71945393	-10.469144	8.0225658
0.36986178	0.71204418	-10.454848	8.0143385
0.37298033	0.7262193	-10.447281	8.0678205
0.37142104	0.73685068	-10.483438	8.0595922
0.36362472	0.7436161	-10.437191	8.0595922
0.37609884	0.73878366	-10.464098	8.0184517
0.37142104	0.72718579	-10.469144	8.0349083
0.37142104	0.73717284	-10.728122	8.0719347
0.36674324	0.73749501	-10.459053	8.0678205
0.37921739	0.73523986	-10.449803	8.0431366
0.37142104	0.72847444	-10.46662	8.0554781
0.37142104	0.7200982	-10.487641	8.0472507
0.36518401	0.71365499	-10.413648	8.0225658
0.37298033	0.71591014	-10.45569	8.0472507
0.37142104	0.72557497	-10.452326	8.0431366
0.37298033	0.73266256	-10.474188	8.0513639
0.36518401	0.75295883	-10.454007	8.0842762
0.36986178	0.74264961	-10.254729	8.0554781
0.36830249	0.74812639	-10.505299	8.0678205
0.36674324	0.74490476	-10.472507	8.0554781
0.35738766	0.73298472	-10.446441	8.0678205
0.37298033	0.72976309	-10.444759	8.0472507
0.36674324	0.72299767	-10.393467	8.0390224
0.37453958	0.73008525	-10.49521	8.0842762
0.36362472	0.71429932	-10.45653	8.0513639
0.37765813	0.72203118	-10.454848	8.1007328
0.37142104	0.71752095	-10.452326	8.0513639
0.36362472	0.72493064	-10.45653	8.0719347
0.36674324	0.73459554	-10.49521	8.0760489
0.36050621	0.73846149	-10.424579	8.0842762
0.36518401	0.73298472	-10.399353	8.080162
0.37609884	0.7226755	-10.464098	8.0431366
0.36986178	0.72493064	-10.475029	8.0760489
0.37142104	0.73427337	-10.470825	8.104847
0.36830249	0.74619341	-10.467461	8.1418724
0.36362472	0.75360316	-10.314428	8.1007328
0.36986178	0.74297178	-10.436351	8.0719347
0.37453958	0.74136096	-10.496891	8.104847
0.37298033	0.73652852	-10.468302	8.0719347
0.36518401	0.73620635	-10.471665	8.0842762
0.36986178	0.71365499	-10.403557	8.0719347
0.37142104	0.72589713	-10.459053	8.0925045
0.36518401	0.72847444	-10.472507	8.0925045
0.35894692	0.73588419	-10.312746	8.0966187
0.36518401	0.73556203	-10.477551	8.1130743
0.36830249	0.74136096	-10.340494	8.1171885
0.36830249	0.73910582	-10.47671	8.1089611
0.36986178	0.73878366	-10.45569	8.1171885
0.37609884	0.73878366	-10.475029	8.1459866
0.36362472	0.72847444	-10.454007	8.104847
0.36830249	0.73040742	-10.443918	8.1007328
0.36674324	0.73266256	-10.465779	8.0883904
0.36206546	0.74039447	-10.479233	8.1295309
0.36518401	0.73942798	-10.422896	8.1171885
0.36518401	0.73813933	-10.435509	8.1130743
0.37453958	0.72589713	-10.449803	8.0883904
0.36362472	0.72815228	-10.465779	8.1171885
0.36986178	0.72299767	-10.480914	8.1213026
0.36986178	0.72654146	-10.437191	8.1459866
0.36674324	0.73266256	-10.444759	8.1418724
0.36830249	0.7323404	-10.475029	8.1459866
0.37142104	0.74168313	-10.468302	8.1377592
0.37609884	0.74329394	-10.484279	8.1377592
0.36518401	0.7410388	-10.295089	8.1377592
0.37142104	0.7410388	-10.489323	8.1459866
0.36362472	0.74200529	-10.459894	8.158329
0.37142104	0.7410388	-10.727281	8.1295309
0.36362472	0.75134802	-10.452326	8.1788988
0.36674324	0.74329394	-10.436351	8.1336451
0.36518401	0.73846149	-10.338813	8.1171885
0.36830249	0.75231451	-10.482595	8.1624432
0.36206546	0.75746912	-10.470825	8.1501007
0.36674324	0.73459554	-10.45653	8.1295309
0.36674324	0.72944093	-10.491005	8.158329
0.36674324	0.73169607	-10.410284	8.1706715
0.36050621	0.73298472	-10.460734	8.1953554
0.36518401	0.72525281	-10.438872	8.1624432
0.36050621	0.73137391	-10.443076	8.158329
0.36050621	0.73072958	-10.475029	8.1788988
0.36050621	0.73395121	-10.483438	8.2035828
0.36674324	0.73813933	-10.45653	8.1788988
0.37142104	0.74297178	-10.475869	8.2035828
0.36830249	0.7471599	-10.45569	8.2035828
0.35894692	0.74877071	-10.442237	8.1953554
0.36206546	0.7558583	-10.33629	8.1994696
0.36206546	0.75489181	-10.443076	8.1788988
0.37298033	0.75199234	-10.473348	8.183013
0.37453958	0.74587125	-10.443076	8.1871271
0.37453958	0.74071664	-10.490164	8.1665573
0.36674324	0.7436161	-10.480074	8.1788988
0.36362472	0.73781717	-10.427941	8.183013
0.36206546	0.74136096	-10.448122	8.2159252
0.36830249	0.72976309	-10.451485	8.1747847
0.36206546	0.73781717	-10.464098	8.183013
0.37298033	0.73105174	-10.464098	8.1788988
0.36050621	0.74844855	-10.454848	8.2241535
0.35894692	0.75521398	-10.460734	8.2282677
0.37609884	0.74812639	-10.388422	8.1912413
0.36518401	0.74039447	-10.473348	8.2076969
0.37142104	0.74232745	-10.475869	8.1953554
0.37142104	0.74554908	-10.473348	8.1953554
0.36518401	0.75553614	-10.438872	8.2200394
0.37298033	0.75972426	-10.454848	8.2488375
0.36674324	0.75714695	-10.463257	8.1871271
0.36830249	0.74941504	-10.490164	8.1706715
0.36362472	0.76004636	-10.451485	8.2406092
0.36518401	0.75456965	-10.463257	8.2076969
0.36518401	0.74587125	-10.469144	8.1994696
0.36518401	0.74490476	-10.503617	8.2406092
0.37609884	0.73395121	-10.487641	8.2159252
0.36518401	0.74200529	-10.411966	8.2282677
0.36518401	0.74264961	-10.439713	8.2076969
0.36362472	0.74200529	-10.438872	8.2200394
0.36830249	0.75424749	-10.458212	8.236495
0.36830249	0.74329394	-10.441395	8.2200394
0.36518401	0.74136096	-10.372446	8.2406092
0.36518401	0.74941504	-10.45653	8.236495
0.37142104	0.74683774	-10.403557	8.2323809
0.36830249	0.75070369	-10.467461	8.2241535
0.36986178	0.75167018	-10.496049	8.2159252
0.37453958	0.75134802	-10.396831	8.2200394
0.36362472	0.75231451	-10.461576	8.236495
0.36362472	0.75875777	-10.452326	8.2529516
0.36830249	0.74200529	-10.440554	8.2035828
0.37298033	0.74232745	-10.465779	8.2282677
0.36518401	0.74071664	-10.425419	8.2570658
0.36206546	0.73749501	-10.444759	8.2406092
0.36518401	0.73975015	-10.464098	8.236495
0.36362472	0.73298472	-10.4456	8.2529516
0.36674324	0.74200529	-10.488482	8.2940912
0.36830249	0.74071664	-10.46662	8.2529516
0.36830249	0.74490476	-10.474188	8.2447233
0.36206546	0.76713395	-10.475869	8.2817497
0.36674324	0.76262367	-10.427101	8.2611799
0.36674324	0.75456965	-10.463257	8.2488375
0.37142104	0.74812639	-10.454848	8.2406092
0.36674324	0.7471599	-10.461576	8.2406092
0.36986178	0.75295883	-10.480914	8.2323809
0.36830249	0.75746912	-10.453167	8.2570658
0.37142104	0.74683774	-10.436351	8.2611799
0.36674324	0.73523986	-10.457372	8.2694073
0.36986178	0.72815228	-10.564999	8.2323809
0.36830249	0.72654146	-10.459053	8.2694073
0.36206546	0.74329394	-10.462417	8.3105478
0.36674324	0.7410388	-10.479233	8.2529516
0.36518401	0.75263667	-10.480914	8.2735214
0.36518401	0.74941504	-10.453167	8.2406092
0.36050621	0.75102586	-10.475029	8.2858639
0.37453958	0.7471599	-10.461576	8.2858639
0.37609884	0.74039447	-10.423738	8.2488375
0.36362472	0.75231451	-10.470825	8.3023195
0.36206546	0.75360316	-10.418693	8.2611799
0.36986178	0.7558583	-10.448122	8.3023195
0.36830249	0.76391232	-10.454848	8.2817497
0.37298033	0.7497372	-10.364038	8.2323809
0.37142104	0.75167018	-10.45569	8.2282677
0.36986178	0.7471599	-10.448963	8.2529516
0.36362472	0.75456965	-10.446441	8.2858639
0.37142104	0.74683774	-10.436351	8.2570658
0.36362472	0.73717284	-10.413648	8.2652931
0.36986178	0.73813933	-10.467461	8.2611799
0.36518401	0.74683774	-10.443918	8.3064337
0.36206546	0.74844855	-10.451485	8.2940912
0.36674324	0.74168313	-10.497732	8.2652931
0.37142104	0.75038153	-10.45569	8.2817497
0.36518401	0.75682479	-10.468302	8.2940912
0.37142104	0.753281	-10.460734	8.2940912
0.36674324	0.74844855	-10.318632	8.2982054
0.36518401	0.75392532	-10.487641	8.2858639
0.36518401	0.7497372	-10.320314	8.2776356
0.36206546	0.7594021	-10.473348	8.289978
0.36674324	0.76391232	-10.459053	8.3270035
0.37453958	0.76616746	-10.40608	8.2940912
0.36986178	0.75521398	-10.475869	8.2858639
0.36830249	0.74007231	-10.452326	8.2694073
0.36830249	0.73813933	-10.449803	8.3105478
0.36362472	0.73749501	-10.443918	8.2858639
0.36050621	0.73942798	-10.370765	8.2817497
0.36986178	0.73846149	-10.448122	8.2940912
0.36206546	0.75456965	-10.494368	8.3516884
0.36206546	0.74909288	-10.481755	8.3064337
0.36830249	0.75360316	-10.460734	8.3105478
0.36986178	0.75231451	-10.448122	8.3105478
0.37142104	0.76165718	-10.467461	8.3023195
0.36674324	0.75489181	-10.449803	8.2817497
0.36830249	0.74941504	-10.373287	8.2817497
0.36674324	0.75424749	-10.437191	8.3187761
0.36362472	0.75102586	-10.40608	8.3105478
0.35738766	0.76681179	-10.464098	8.3228903
0.36518401	0.75360316	-10.434669	8.289978
0.36830249	0.75167018	-10.314428	8.3475742
0.3823359	0.74587125	-10.47671	8.3023195
0.36206546	0.74748206	-10.438872	8.3064337
0.36830249	0.75199234	-10.484279	8.3105478
0.35894692	0.75005937	-10.436351	8.3311176
0.36674324	0.75231451	-10.463257	8.3187761
0.36518401	0.74619341	-10.448122	8.3064337
0.36050621	0.75907993	-10.438872	8.3475742
0.36830249	0.76294583	-10.482595	8.3105478
0.36518401	0.75134802	-10.444759	8.3105478
0.37142104	0.7471599	-10.459053	8.3023195
0.36986178	0.75167018	-10.471665	8.3105478
0.36830249	0.75811344	-10.449803	8.3475742
0.36674324	0.75424749	-10.451485	8.2982054
0.36830249	0.73942798	-10.4456	8.2940912
0.36518401	0.74683774	-10.427941	8.3434601
0.36362472	0.75553614	-10.480074	8.3475742
0.36206546	0.75907993	-10.464098	8.3558016
0.35738766	0.74490476	-10.335449	8.3352318
0.36362472	0.76359016	-10.458212	8.3846006
0.36518401	0.76326799	-10.478392	8.3434601
0.36830249	0.76359016	-10.483438	8.3516884
0.36830249	0.75521398	-10.461576	8.3393459
0.37142104	0.74941504	-10.429624	8.3434601
0.36674324	0.7471599	-10.465779	8.3270035
0.36518401	0.74780422	-10.454848	8.3516884
0.36674324	0.75456965	-10.449803	8.3558016
0.36362472	0.75811344	-10.436351	8.3804865
0.36830249	0.7558583	-10.447281	8.3640299
0.36206546	0.76423448	-10.432987	8.3599157
0.36830249	0.76133502	-10.475029	8.3558016
0.36206546	0.77486587	-10.474188	8.3804865
0.36206546	0.78034264	-10.450644	8.392828
0.36830249	0.78227562	-10.461576	8.392828
0.36830249	0.76197934	-10.486801	8.3475742
0.36830249	0.7623015	-10.486801	8.3763723
0.36986178	0.76648962	-10.440554	8.3804865
0.36674324	0.76101285	-10.427941	8.3763723
0.36830249	0.75811344	-10.438032	8.3599157
0.36986178	0.7497372	-10.483438	8.3804865
0.36830249	0.75231451	-10.480914	8.3516884
0.36050621	0.75038153	-10.424579	8.3640299
0.36830249	0.7594021	-10.468302	8.3804865
0.36674324	0.76874477	-10.459894	8.3969421
0.37298033	0.77035558	-10.464938	8.3846006
0.37453958	0.76906693	-10.470825	8.3558016
0.36986178	0.76520097	-10.417851	8.3722582
0.36362472	0.76552314	-10.470825	8.368144
0.36206546	0.76681179	-10.433827	8.3763723
0.36518401	0.76165718	-10.428782	8.3722582
0.36050621	0.74458259	-10.427941	8.3640299
0.37142104	0.75650263	-10.458212	8.392828
0.37142104	0.75392532	-10.473348	8.4010563
0.36050621	0.76133502	-10.478392	8.4298544
0.36518401	0.76133502	-10.454848	8.4175119
0.36518401	0.7623015	-10.462417	8.4051704
0.36830249	0.75875777	-10.329563	8.3846006
0.36518401	0.76391232	-10.475029	8.4010563
0.36830249	0.76036853	-10.457372	8.3846006
0.36830249	0.75134802	-10.434669	8.3558016
0.36362472	0.75875777	-10.459053	8.4051704
0.36674324	0.76713395	-10.451485	8.3969421
0.35582837	0.76938909	-10.446441	8.4133987
0.36674324	0.77067775	-10.438872	8.3846006
0.36674324	0.75972426	-10.468302	8.3804865
0.36206546	0.77067775	-10.509502	8.4298544
0.36986178	0.76520097	-10.457372	8.4010563
0.36050621	0.7719664	-10.460734	8.4298544
0.36830249	0.76359016	-10.473348	8.392828
0.37453958	0.75682479	-10.444759	8.3969421
0.36830249	0.75134802	-10.482595	8.3599157
0.36518401	0.7684226	-10.453167	8.4092846
0.36830249	0.75875777	-10.449803	8.3846006
0.37142104	0.76359016	-10.434669	8.4010563
0.36986178	0.76971126	-10.359834	8.44631
0.36674324	0.76391232	-10.459053	8.4133987
0.36830249	0.75843561	-10.45569	8.3969421
0.36830249	0.75843561	-10.435509	8.4339685
0.36518401	0.77228856	-10.450644	8.4257402
0.36674324	0.7806648	-10.475869	8.4339685
0.36362472	0.77357721	-10.441395	8.4092846
0.36830249	0.75907993	-10.467461	8.4339685
0.36986178	0.75779128	-10.429624	8.4051704
0.36518401	0.75714695	-10.451485	8.3969421
0.36518401	0.75779128	-10.477551	8.4216261
0.36986178	0.75424749	-10.444759	8.4133987
0.37298033	0.74651557	-10.447281	8.3846006
0.36986178	0.7558583	-10.444759	8.4175119
0.36830249	0.74522692	-10.446441	8.4010563
0.36050621	0.74683774	-10.422896	8.4133987
0.36050621	0.75167018	-10.446441	8.4380827
0.36518401	0.74812639	-10.460734	8.392828
0.36362472	0.7497372	-10.447281	8.4133987
0.36674324	0.7471599	-10.464098	8.4175119
0.36206546	0.75553614	-10.482595	8.4216261
0.36362472	0.75231451	-10.393467	8.4175119
0.36362472	0.76906693	-10.452326	8.4380827
0.36206546	0.77551019	-10.360675	8.44631
0.36206546	0.78710806	-10.454848	8.4586525
0.36518401	0.77679884	-10.461576	8.4133987
0.36674324	0.77099991	-10.389263	8.44631
0.36986178	0.75875777	-10.474188	8.4133987
0.36518401	0.76423448	-10.372446	8.4586525
0.36518401	0.76004636	-10.473348	8.4380827
0.36050621	0.76004636	-10.437191	8.4709949
0.36362472	0.75360316	-10.451485	8.4421968
0.36206546	0.74619341	-10.429624	8.4175119
0.36830249	0.75779128	-10.500254	8.4792223
0.36830249	0.75746912	-10.45569	8.4545383
0.35894692	0.75360316	-10.450644	8.4298544
0.36362472	0.75650263	-10.337131	8.4339685
0.36518401	0.75811344	-10.458212	8.4257402
0.36674324	0.77422154	-10.464938	8.4792223
0.36362472	0.76648962	-10.451485	8.4257402
0.36518401	0.77261072	-10.462417	8.4421968
0.36518401	0.77744317	-10.448122	8.4380827
0.36518401	0.7719664	-10.491005	8.4380827
0.36830249	0.75618047	-10.485119	8.4257402
0.36830249	0.75779128	-10.464098	8.44631
0.36986178	0.75263667	-10.46662	8.4668808
0.36674324	0.76036853	-10.381696	8.4504242
0.37298033	0.75843561	-10.4456	8.44631
0.36518401	0.77422154	-10.483438	8.4792223
0.36830249	0.76971126	-10.401035	8.4792223
0.37453958	0.76294583	-10.444759	8.4545383
0.36050621	0.75392532	-10.480914	8.44631
0.36206546	0.76069069	-10.290885	8.4792223
0.36518401	0.76713395	-10.440554	8.4833364
0.36518401	0.76874477	-10.480074	8.4668808
0.36518401	0.76487881	-10.451485	8.4751091
0.36518401	0.76681179	-10.472507	8.4833364
0.36986178	0.76391232	-10.389263	8.4792223
0.36674324	0.77293289	-10.462417	8.4668808
0.36206546	0.75907993	-10.475029	8.4668808
0.37142104	0.75424749	-10.448963	8.4586525
0.36362472	0.76069069	-10.454007	8.4668808
0.35582837	0.75875777	-10.417851	8.4792223
0.36206546	0.75907993	-10.47671	8.4751091
0.36830249	0.76262367	-10.473348	8.4668808
0.36206546	0.75682479	-10.451485	8.44631
0.36674324	0.74844855	-10.475029	8.4751091
0.36362472	0.75875777	-10.441395	8.4874506
0.35426912	0.76777828	-10.488482	8.5368185
0.36830249	0.77035558	-10.470825	8.4874506
0.36518401	0.7745437	-10.421215	8.4997921
0.36206546	0.78002048	-10.475029	8.5080204
0.36362472	0.77776533	-10.463257	8.4874506
0.35738766	0.78227562	-10.441395	8.4997921
0.37142104	0.78259778	-10.463257	8.4792223
0.36362472	0.77712101	-10.290885	8.4997921
0.36830249	0.75456965	-10.448963	8.4751091
0.36986178	0.75650263	-10.425419	8.4874506
0.36830249	0.75650263	-10.484279	8.4833364
0.36362472	0.7658453	-10.463257	8.5080204
0.35894692	0.7684226	-10.452326	8.54916
0.36362472	0.76101285	-10.485119	8.4956789
0.37609884	0.74297178	-10.451485	8.4833364
0.36674324	0.75005937	-10.414488	8.4874506
0.36986178	0.75907993	-10.464938	8.4833364
0.36206546	0.76648962	-10.343017	8.5162477
0.36362472	0.77164423	-10.45653	8.5203619
0.36674324	0.77551019	-10.462417	8.5162477
0.36674324	0.7684226	-10.392627	8.44631
0.37142104	0.7684226	-10.469984	8.4792223
0.36674324	0.77357721	-10.452326	8.5039062
0.35738766	0.7658453	-10.430465	8.5039062
0.3511506	0.77003342	-10.483438	8.4956789
0.36206546	0.75424749	-10.460734	8.4833364
0.35894692	0.77003342	-10.313587	8.5368185
0.36674324	0.7719664	-10.488482	8.5532742
0.36674324	0.77357721	-10.457372	8.5121346
0.37142104	0.76455665	-10.49521	8.5121346
0.37298033	0.77937615	-10.465779	8.5368185
0.38077661	0.77132207	-10.354789	8.5285902
0.36830249	0.77615452	-10.469984	8.5368185
0.37921739	0.77712101	-10.457372	8.5203619
0.37142104	0.78227562	-10.431305	8.5409327
0.38077661	0.78581941	-10.480074	8.5450459
0.3823359	0.78485292	-10.40692	8.5244761
0.38389516	0.77486587	-10.486801	8.5039062
0.38077661	0.76133502	-10.464098	8.5121346
0.37765813	0.76906693	-10.248002	8.54916
0.38389516	0.76777828	-10.45569	8.5244761
0.38389516	0.77389938	-10.444759	8.5409327
0.38857296	0.75811344	-10.462417	8.5203619
0.39325073	0.75972426	-10.475029	8.5080204
0.39792857	0.75167018	-10.349744	8.4833364
0.38857296	0.75746912	-10.46662	8.5409327
0.37921739	0.76906693	-10.443918	8.5532742
0.39636928	0.76938909	-10.4456	8.5162477
0.39013225	0.77679884	-10.475869	8.5203619
0.38389516	0.76874477	-10.352266	8.5203619
0.38857296	0.78356427	-10.488482	8.5820723
0.39948782	0.77744317	-10.467461	8.5450459
0.3870137	0.79741728	-10.41617	8.5615025
0.40260637	0.77873182	-10.464938	8.5121346
0.39169151	0.77937615	-10.792026	8.5615025
0.39636928	0.77293289	-10.460734	8.5244761
0.38857296	0.77067775	-10.4456	8.5203619
0.39169151	0.76616746	-10.422056	8.5121346
0.39481002	0.76294583	-10.4456	8.4997921
0.39325073	0.75714695	-10.450644	8.54916
0.39013225	0.74844855	-10.437191	8.5285902
0.39325073	0.7594021	-10.472507	8.5573883
0.39325073	0.76487881	-10.342176	8.5820723
0.39325073	0.77035558	-10.458212	8.5409327
0.38857296	0.76938909	-10.453167	8.5368185
0.39325073	0.76906693	-10.447281	8.5450459
0.39013225	0.77905399	-10.470825	8.5738449
0.39325073	0.77518803	-10.454007	8.54916
0.39013225	0.78356427	-10.452326	8.5779581
0.39325073	0.79226267	-10.482595	8.5820723
0.39481002	0.78324211	-10.329563	8.5573883
0.39636928	0.77422154	-10.469984	8.5409327
0.39325073	0.77422154	-10.398513	8.54916
0.39325073	0.77325505	-10.477551	8.5944147
0.38389516	0.78130913	-10.442237	8.5861864
0.39792857	0.7684226	-10.431305	8.5450459
0.3870137	0.77647668	-10.458212	8.5861864
0.38545445	0.77937615	-10.451485	8.5985289
0.39636928	0.76938909	-10.42626	8.5656166
0.39792857	0.77293289	-10.485119	8.5697308
0.39792857	0.75231451	-10.413648	8.5368185
0.38389516	0.76713395	-10.478392	8.6108704
0.39481002	0.76745611	-10.471665	8.5738449
0.39636928	0.76262367	-10.464098	8.5573883
0.39636928	0.77776533	-10.484279	8.5861864
0.39636928	0.77840966	-10.347221	8.5573883
0.39325073	0.77776533	-10.472507	8.5573883
0.39325073	0.77776533	-10.461576	8.5697308
0.39013225	0.77937615	-10.449803	8.5532742
0.39792857	0.77164423	-10.484279	8.5532742
0.39636928	0.7745437	-10.325359	8.5738449
0.39792857	0.78195345	-10.47671	8.5779581
0.39481002	0.76971126	-10.45569	8.5615025
0.39013225	0.76036853	-10.430465	8.5450459
0.39792857	0.76745611	-10.467461	8.5779581
0.39013225	0.78195345	-10.436351	8.6108704
0.39325073	0.7842086	-10.464098	8.6149845
0.39013225	0.77389938	-10.458212	8.5861864
0.39792857	0.78034264	-10.349744	8.5985289
0.40104708	0.77357721	-10.475869	8.5779581
0.39481002	0.77551019	-10.471665	8.5985289
0.39325073	0.77551019	-10.467461	8.5820723
0.39481002	0.76616746	-10.469984	8.5615025
0.38857296	0.77840966	-10.615449	8.5861864
0.39169151	0.76777828	-10.441395	8.5861864
0.39636928	0.75779128	-10.458212	8.5573883
0.38857296	0.75779128	-10.492686	8.5985289
0.39013225	0.78227562	-10.45653	8.6396685
0.39325073	0.7780875	-10.829022	8.5903006
0.39481002	0.77840966	-10.473348	8.5944147
0.39948782	0.77422154	-10.490164	8.6067562
0.38545445	0.7806648	-10.440554	8.602643
0.39325073	0.78002048	-10.473348	8.5820723
0.39636928	0.76938909	-10.443076	8.54916
0.39481002	0.77551019	-10.475029	8.5573883
0.39948782	0.76455665	-10.432146	8.5820723
0.39481002	0.76423448	-10.424579	8.5779581
0.39792857	0.75843561	-10.443918	8.5615025
0.39169151	0.77389938	-10.461576	8.5985289
0.38389516	0.78710806	-10.469984	8.6396685
0.3870137	0.79516214	-10.45569	8.6355553
0.39636928	0.78549725	-10.352266	8.5861864
0.39169151	0.7842086	-10.459053	8.5985289
0.39481002	0.7867859	-10.493526	8.6314411
0.39481002	0.7842086	-10.487641	8.6149845
0.39013225	0.77518803	-10.433827	8.627327
0.39325073	0.76036853	-10.373287	8.5944147
0.38545445	0.77261072	-10.463257	8.6725807
0.39013225	0.76455665	-10.464098	8.602643
0.38545445	0.76359016	-10.410284	8.6190987
0.39013225	0.75811344	-10.448122	8.5820723
0.39169151	0.77099991	-10.395989	8.6520109
0.39013225	0.79129618	-10.469984	8.6478968
0.39325073	0.78227562	-10.478392	8.5944147
0.38389516	0.7842086	-10.451485	8.6478968
0.39792857	0.78904104	-10.488482	8.6314411
0.40104708	0.78259778	-10.492686	8.6067562
0.38857296	0.78098696	-10.447281	8.5820723
0.39325073	0.7806648	-10.452326	8.6149845
0.39481002	0.76906693	-10.352266	8.5820723
0.39636928	0.76391232	-10.451485	8.6149845
0.39169151	0.78195345	-10.464938	8.6437826
0.39013225	0.78002048	-10.458212	8.6232128
0.3870137	0.78936321	-10.448122	8.6561251
0.39013225	0.78034264	-10.471665	8.627327
0.39325073	0.76938909	-10.458212	8.602643
0.39948782	0.77422154	-10.491005	8.627327
0.39325073	0.77035558	-10.469144	8.5944147
0.38857296	0.77518803	-10.452326	8.6478968
0.39792857	0.76777828	-10.966079	8.6232128
0.39325073	0.76681179	-10.447281	8.6478968
0.39636928	0.76487881	-10.467461	8.6149845
0.39792857	0.75618047	-10.353107	8.5985289
0.38857296	0.76713395	-10.454007	8.6232128
0.3870137	0.77937615	-10.472507	8.6602392
0.39169151	0.77969831	-10.484279	8.627327
0.39169151	0.77647668	-10.437191	8.5903006
0.39481002	0.77325505	-10.450644	8.627327
0.39013225	0.7745437	-10.470825	8.6355553
0.39636928	0.76810044	-10.438032	8.6108704
0.39169151	0.77132207	-10.434669	8.6437826
0.39636928	0.77389938	-10.500254	8.627327
0.38545445	0.77389938	-10.451485	8.6520109
0.39481002	0.77261072	-10.480914	8.6355553
0.39325073	0.77228856	-10.45653	8.6314411
0.39636928	0.77389938	-10.491845	8.6478968
0.39481002	0.77905399	-10.48596	8.6396685
0.39636928	0.77261072	-10.392627	8.6149845
0.39325073	0.76262367	-10.440554	8.6108704
0.39325073	0.7684226	-10.469144	8.6396685
0.39013225	0.7745437	-10.389263	8.627327
0.38857296	0.78710806	-10.464098	8.6725807
0.39169151	0.78904104	-10.450644	8.6561251
0.39013225	0.78549725	-10.477551	8.6972656
0.39948782	0.77228856	-10.458212	8.627327
0.39325073	0.7842086	-10.274909	8.6766949
0.39325073	0.79645079	-10.484279	8.6931515
0.3870137	0.79387349	-10.438872	8.7219496
0.39325073	0.78936321	-10.448963	8.6602392
0.4088434	0.77325505	-10.467461	8.6314411
0.39169151	0.77164423	-10.457372	8.6437826
0.39792857	0.76520097	-10.454848	8.6602392
0.39948782	0.76294583	-10.428782	8.6190987
0.39325073	0.75553614	-10.47671	8.6067562
0.39169151	0.77099991	-10.45569	8.6520109
0.39169151	0.76777828	-10.413648	8.627327
0.39169151	0.78356427	-10.46662	8.6643534
0.39792857	0.78549725	-10.467461	8.6520109
0.3870137	0.78227562	-10.434669	8.6520109
0.39481002	0.78130913	-10.473348	8.6232128
0.39169151	0.77583236	-10.45653	8.6355553
0.38389516	0.77035558	-10.488482	8.6437826
0.39013225	0.77164423	-10.454007	8.6849232
0.39481002	0.76777828	-10.411124	8.6520109
0.38389516	0.77712101	-10.478392	8.6643534
0.39325073	0.7842086	-10.485119	8.6725807
0.39169151	0.78002048	-10.443918	8.6849232
0.39325073	0.77679884	-10.447281	8.6602392
0.39481002	0.76101285	-10.457372	8.6314411
0.38545445	0.77583236	-10.443918	8.6766949
0.39792857	0.77905399	-10.442237	8.6602392
0.39325073	0.79161835	-10.470825	8.6766949
0.39169151	0.80418265	-10.488482	8.6643534
0.39948782	0.7954843	-10.908902	8.6314411
0.39169151	0.79161835	-10.45569	8.6931515
0.39636928	0.78324211	-10.475029	8.6561251
0.39636928	0.78195345	-10.324518	8.680809
0.39481002	0.77647668	-10.458212	8.6684666
0.39325073	0.7806648	-10.655809	8.6602392
0.39792857	0.77712101	-10.465779	8.6643534
0.39169151	0.78646374	-10.472507	8.705493
0.39636928	0.78453076	-10.394308	8.6849232
0.39169151	0.78098696	-10.469984	8.6643534
0.39636928	0.76552314	-10.458212	8.6396685
0.3870137	0.77583236	-10.448963	8.6972656
0.39169151	0.77293289	-10.483438	8.6890373
0.39169151	0.77422154	-10.417851	8.6684666
0.39481002	0.76713395	-10.469144	8.6314411
0.39169151	0.78130913	-10.461576	8.6931515
0.39325073	0.78227562	-10.460734	8.6849232
0.39169151	0.79516214	-10.480914	8.680809
0.39325073	0.79677296	-10.341335	8.680809
0.39325073	0.79483998	-10.444759	8.680809
0.39169151	0.79322916	-10.454007	8.7178354
0.40104708	0.77937615	-10.435509	8.6643534
0.39325073	0.78936321	-10.485119	8.705493
0.39169151	0.79226267	-10.347221	8.6972656
0.39636928	0.78614157	-10.465779	8.6890373
0.39013225	0.77905399	-10.469984	8.6890373
0.39325073	0.77776533	-10.411124	8.6725807
0.38857296	0.76616746	-10.435509	8.6561251
0.39169151	0.77873182	-10.469984	8.7096071
0.39636928	0.78163129	-10.477551	8.7178354
0.39636928	0.77679884	-10.470825	8.680809
0.39948782	0.77132207	-10.424579	8.6766949
0.39325073	0.78227562	-10.480074	8.6643534
0.39013225	0.78388643	-10.491845	8.6602392
0.38545445	0.79194051	-10.413648	8.6931515
0.3870137	0.77518803	-10.435509	8.6684666
0.39013225	0.79129618	-10.41701	8.705493
0.39792857	0.78485292	-10.483438	8.6725807
0.39169151	0.78839672	-10.422896	8.6931515
0.38389516	0.78936321	-10.464938	8.7425194
0.38545445	0.78839672	-10.453167	8.6890373
0.39481002	0.77679884	-10.849203	8.6602392
0.39325073	0.78517509	-10.491005	8.7096071
0.38857296	0.77518803	-10.453167	8.7013788
0.39013225	0.7780875	-10.228662	8.6890373
0.39481002	0.7954843	-10.447281	8.7013788
0.40104708	0.79258484	-10.46662	8.6931515
0.39481002	0.79870594	-10.483438	8.705493
0.40104708	0.78936321	-10.467461	8.6931515
0.3870137	0.792907	-10.420374	8.7096071
0.39169151	0.79129618	-10.471665	8.6972656
0.39325073	0.78549725	-10.448122	8.6931515
0.38857296	0.79000753	-10.468302	8.6849232
0.3870137	0.79387349	-10.457372	8.7260637
0.39013225	0.79258484	-10.259773	8.7260637
0.38545445	0.80192757	-10.454848	8.7425194
0.39013225	0.77615452	-10.490164	8.6849232
0.39169151	0.76423448	-10.457372	8.6766949
0.38545445	0.76648962	-10.4456	8.705493
0.38389516	0.76648962	-10.364038	8.680809
0.38389516	0.78163129	-10.458212	8.705493
0.38389516	0.79000753	-10.443918	8.7013788
0.38545445	0.79677296	-10.372446	8.7507477
0.38077661	0.79065186	-10.500254	8.6972656
0.39013225	0.78034264	-10.360675	8.6684666
0.39325073	0.78549725	-10.482595	8.7137213
0.39013225	0.79645079	-10.468302	8.7466335
0.39325073	0.79516214	-10.4456	8.7178354
0.39636928	0.79612863	-10.464938	8.7137213
0.39169151	0.79773945	-10.46662	8.7384052
0.39169151	0.79580647	-10.473348	8.7301769
0.39169151	0.7867859	-10.441395	8.7178354
0.38857296	0.78710806	-10.335449	8.7301769
0.39325073	0.78485292	-10.4456	8.7096071
0.39169151	0.78388643	-10.491005	8.7096071
0.39325073	0.77003342	-10.454007	8.6766949
0.39013225	0.77486587	-10.453167	8.7301769
0.38857296	0.76777828	-10.412807	8.7219496
0.38857296	0.76648962	-10.465779	8.7178354
0.39325073	0.78549725	-10.491005	8.7425194
0.39169151	0.78839672	-10.485119	8.6931515
0.38857296	0.78453076	-10.480914	8.7137213
0.39481002	0.77937615	-10.450644	8.6849232
0.39169151	0.7806648	-10.464938	8.7013788
0.38857296	0.79516214	-10.475029	8.7384052
0.38857296	0.78839672	-10.427101	8.7219496
0.39325073	0.78453076	-10.443918	8.7137213
0.39792857	0.78807455	-10.458212	8.705493
0.38857296	0.78130913	-10.479233	8.6931515
0.39013225	0.78517509	-10.479233	8.7301769
0.39325073	0.78549725	-10.42626	8.7178354
0.38545445	0.78549725	-10.468302	8.7342911
0.39792857	0.76197934	-10.462417	8.6849232
0.39325073	0.76262367	-10.464938	8.7178354
0.38857296	0.75875777	-10.467461	8.7013788
0.39013225	0.76777828	-10.424579	8.7301769
0.38545445	0.77551019	-10.452326	8.7096071
0.39013225	0.78034264	-10.427941	8.6972656
0.39481002	0.77873182	-10.461576	8.7137213
0.3870137	0.79483998	-10.480914	8.758975
0.39636928	0.7842086	-10.462417	8.705493
0.39636928	0.78646374	-10.4456	8.7013788
0.39013225	0.7780875	-10.480914	8.6972656
0.38857296	0.78743023	-10.439713	8.7137213
0.39169151	0.79419565	-10.447281	8.7795458
0.39636928	0.78453076	-10.410284	8.7219496
0.39636928	0.78710806	-10.483438	8.7342911
0.39169151	0.78453076	-10.49521	8.7301769
0.39325073	0.76906693	-10.401875	8.6972656
0.39013225	0.77937615	-10.494368	8.7466335
0.39169151	0.77744317	-10.440554	8.7178354
0.39169151	0.7684226	-10.451485	8.6972656
0.39325073	0.78130913	-10.46662	8.758975
0.39013225	0.77937615	-10.403557	8.7096071
0.39636928	0.78227562	-10.498572	8.7260637
0.39013225	0.78968537	-10.465779	8.7137213
0.3870137	0.80128324	-10.481755	8.7754316
0.3870137	0.80708212	-10.507821	8.7466335
0.39325073	0.8016054	-10.579293	8.7507477
0.39013225	0.80096108	-10.464098	8.7384052
0.39169151	0.80031675	-10.442237	8.7384052
0.39325073	0.78839672	-10.474188	8.7384052
0.39481002	0.78259778	-10.454007	8.7301769
0.39481002	0.77357721	-10.323677	8.7260637
0.39013225	0.77712101	-10.461576	8.7425194
0.39013225	0.77840966	-10.439713	8.7425194
0.38389516	0.78581941	-10.438032	8.7713175
0.39169151	0.77422154	-10.443076	8.7096071
0.38857296	0.7806648	-10.488482	8.7466335
0.39325073	0.79000753	-10.482595	8.7630892
0.39169151	0.79451782	-10.491005	8.758975
0.40104708	0.77937615	-10.444759	8.7466335
0.39325073	0.79065186	-10.454848	8.758975
0.38857296	0.78904104	-10.448122	8.7466335
0.39013225	0.77840966	-10.448963	8.7096071
0.39169151	0.78388643	-10.485119	8.7466335
0.39169151	0.77679884	-10.327041	8.7013788
0.38545445	0.79226267	-10.470825	8.7672033
0.39481002	0.7867859	-10.46662	8.7466335
0.39325073	0.79161835	-10.486801	8.7836599
0.39325073	0.7954843	-10.48596	8.7466335
0.38545445	0.78968537	-10.351425	8.7342911
0.39169151	0.77712101	-10.474188	8.7137213
0.39169151	0.77357721	-10.454007	8.7425194
0.39792857	0.77969831	-10.376651	8.7260637
0.39169151	0.77615452	-10.462417	8.7342911
0.39948782	0.77486587	-10.343017	8.7384052
0.39481002	0.7745437	-10.46662	8.7301769
0.39792857	0.7780875	-10.490164	8.7301769
0.3823359	0.78871888	-10.396831	8.7672033
0.3870137	0.79806161	-10.443076	8.7754316
0.39169151	0.79000753	-10.482595	8.7466335
0.39792857	0.79999459	-10.475029	8.7630892
0.3870137	0.8054713	-10.51623	8.7548618
0.39169151	0.80740428	-10.329563	8.7877741
0.38857296	0.78936321	-10.452326	8.7178354
0.38857296	0.7780875	-10.4456	8.7384052
0.39013225	0.77615452	-10.453167	8.7425194
0.39169151	0.77551019	-10.464938	8.7507477
0.39169151	0.76359016	-10.42626	8.7178354
0.39325073	0.76906693	-10.47671	8.7342911
0.38857296	0.77132207	-10.470825	8.7425194
0.39013225	0.78002048	-10.437191	8.7795458
0.39169151	0.78743023	-10.475029	8.7713175
0.38857296	0.792907	-10.46662	8.7425194
0.39325073	0.79322916	-10.463257	8.7425194
0.38857296	0.78743023	-10.450644	8.7754316
0.39013225	0.79612863	-10.450644	8.758975
0.39169151	0.78871888	-10.330404	8.7466335
0.39325073	0.79065186	-10.464098	8.7507477
0.39013225	0.79097402	-10.443918	8.7630892
0.38389516	0.80321616	-10.480074	8.8165722
0.38857296	0.80096108	-10.469144	8.7754316
0.3823359	0.78968537	-10.344698	8.7548618
0.40104708	0.7806648	-10.481755	8.7507477
0.39325073	0.78936321	-10.465779	8.7960014
0.38389516	0.79741728	-10.458212	8.8206854
0.39169151	0.77969831	-10.451485	8.758975
0.39169151	0.77776533	-10.37581	8.7713175
0.39481002	0.78130913	-10.440554	8.758975
0.39013225	0.78743023	-10.478392	8.7630892
0.39636928	0.79322916	-10.408603	8.7918873
0.39169151	0.79709512	-10.470825	8.758975
0.38389516	0.80579346	-10.47671	8.7795458
0.39325073	0.79226267	-10.475029	8.7507477
0.39792857	0.79194051	-10.443918	8.7630892
0.39792857	0.78002048	-10.366561	8.7342911
0.39325073	0.78163129	-10.443076	8.7507477
0.39013225	0.77261072	-10.448963	8.7301769
0.39169151	0.78195345	-10.459053	8.7713175
0.3870137	0.78324211	-10.467461	8.7548618
0.39013225	0.78839672	-10.250525	8.7630892
0.3870137	0.79612863	-10.483438	8.7795458
0.39013225	0.79516214	-10.481755	8.8001156
0.38857296	0.7954843	-10.458212	8.8042297
0.3870137	0.78614157	-10.459894	8.7548618
0.38857296	0.78581941	-10.342176	8.7836599
0.39325073	0.78614157	-10.454848	8.7466335
0.3870137	0.7990281	-10.454007	8.8247995
0.38545445	0.79999459	-10.249683	8.7836599
0.39169151	0.78581941	-10.41701	8.7466335
0.39013225	0.79451782	-10.418693	8.7754316
0.39481002	0.79741728	-10.485119	8.7630892
0.39792857	0.78614157	-10.432987	8.7466335
0.39169151	0.7842086	-10.434669	8.7960014
0.38389516	0.78517509	-10.432146	8.7836599
0.38857296	0.79129618	-10.454848	8.7836599
0.39169151	0.79097402	-10.484279	8.7466335
0.39013225	0.78871888	-10.465779	8.7877741
0.38389516	0.79483998	-10.481755	8.7836599
0.3870137	0.78291994	-10.46662	8.7425194
0.38389516	0.792907	-10.448963	8.7630892
0.39013225	0.79870594	-10.48596	8.7918873
0.3870137	0.78517509	-10.457372	8.7548618
0.38857296	0.79226267	-10.351425	8.7877741
0.38857296	0.79387349	-10.475029	8.7713175
0.3870137	0.80224973	-10.474188	8.8083439
0.37609884	0.8054713	-10.319473	8.7836599
0.38545445	0.80482697	-10.45653	8.7754316
0.39792857	0.79097402	-10.383377	8.7630892
0.39481002	0.78807455	-10.471665	8.7713175
0.39481002	0.77679884	-10.457372	8.7507477
0.38077661	0.78227562	-10.436351	8.7918873
0.39325073	0.77840966	-10.461576	8.7672033
0.39325073	0.7780875	-10.454848	8.7672033
0.38857296	0.77712101	-10.454007	8.7630892
0.39013225	0.78453076	-10.458212	8.7836599
0.38545445	0.78871888	-10.47671	8.812458
0.3870137	0.78839672	-10.465779	8.7672033
0.38545445	0.79258484	-10.448963	8.7754316
0.39481002	0.79258484	-10.500254	8.7713175
0.39481002	0.792907	-10.474188	8.8247995
0.39481002	0.79387349	-10.438872	8.7754316
0.39169151	0.80386049	-10.453167	8.7836599
0.39636928	0.79355133	-10.484279	8.758975
0.39013225	0.79194051	-10.448122	8.7795458
0.39169151	0.78098696	-10.457372	8.7754316
0.38857296	0.79065186	-10.461576	8.8083439
0.39013225	0.78710806	-10.448122	8.7836599
0.38857296	0.79226267	-10.458212	8.7713175
0.38857296	0.78453076	-10.337131	8.7754316
0.39325073	0.79516214	-10.458212	8.7960014
0.38545445	0.79161835	-10.448122	8.7754316
0.39169151	0.78871888	-10.451485	8.7918873
0.39013225	0.78291994	-10.470825	8.7425194
0.3823359	0.78453076	-10.312746	8.7754316
0.3870137	0.78807455	-10.469144	8.8001156
0.39013225	0.79773945	-10.441395	8.8083439
0.38857296	0.79419565	-10.45653	8.7836599
0.39013225	0.79000753	-10.471665	8.7630892
0.39948782	0.79419565	-10.250525	8.7918873
0.38857296	0.80353832	-10.486801	8.8247995
0.3823359	0.80804861	-10.452326	8.8042297
0.39169151	0.80869293	-10.453167	8.8083439
0.3870137	0.81352538	-10.458212	8.8659401
0.39792857	0.79419565	-10.343017	8.8042297
0.39169151	0.79194051	-10.494368	8.8083439
0.39169151	0.79677296	-10.491845	8.7960014
0.38857296	0.7867859	-10.444759	8.7960014
0.38389516	0.77905399	-10.475029	8.7795458
0.39481002	0.78743023	-10.451485	8.7630892
0.39325073	0.79000753	-10.474188	8.7754316
0.38545445	0.79000753	-10.464938	8.7918873
0.39481002	0.78807455	-10.443918	8.7836599
0.38857296	0.79194051	-10.423738	8.8330278
0.38857296	0.78356427	-10.444759	8.7836599
0.38545445	0.78324211	-10.428782	8.7836599
0.39481002	0.77776533	-10.450644	8.7672033
0.38077661	0.78775239	-10.42626	8.7877741
0.39169151	0.78614157	-10.461576	8.7713175
0.39325073	0.7867859	-10.471665	8.7836599
0.3870137	0.78163129	-10.427101	8.7795458
0.39325073	0.77873182	-10.484279	8.7836599
0.39636928	0.77969831	-10.47671	8.8001156
0.38545445	0.78259778	-10.447281	8.812458
0.38545445	0.79097402	-10.469984	8.8206854
0.39013225	0.8016054	-10.398513	8.812458
0.39013225	0.80418265	-10.47671	8.7960014
0.38389516	0.79999459	-10.488482	8.837142
0.38545445	0.7990281	-10.442237	8.8206854
0.39013225	0.78517509	-10.454007	8.7754316
0.39325073	0.78904104	-10.368242	8.8247995
0.39792857	0.78775239	-10.471665	8.7795458
0.39013225	0.80740428	-10.486801	8.8412561
0.39481002	0.80257189	-10.431305	8.7960014
0.38389516	0.80031675	-10.437191	8.8083439
0.38545445	0.7867859	-10.384218	8.7630892
0.39169151	0.77712101	-10.459894	8.7960014
0.39481002	0.77937615	-10.462417	8.8001156
0.39169151	0.7842086	-10.401875	8.8165722
0.38545445	0.77357721	-10.427941	8.8001156
0.38545445	0.77518803	-10.429624	8.8042297
0.3870137	0.79870594	-10.459894	8.8618259
0.3823359	0.792907	-10.431305	8.8042297
0.38389516	0.78710806	-10.37581	8.8001156
0.39325073	0.78163129	-10.454007	8.7795458
0.38857296	0.78549725	-10.475029	8.7918873
0.38077661	0.792907	-10.485119	8.8247995
0.39013225	0.79355133	-10.447281	8.812458
0.38545445	0.79516214	-10.447281	8.812458
0.3870137	0.79967242	-10.493526	8.8412561
0.39325073	0.79612863	-10.480914	8.8083439
0.39481002	0.79838377	-10.36572	8.8206854
0.3870137	0.8090151	-10.47671	8.8453703
0.39325073	0.79387349	-10.427941	8.8165722
0.38857296	0.80128324	-10.46662	8.8042297
0.39013225	0.78646374	-10.477551	8.8165722
0.38389516	0.78614157	-10.327882	8.8289137
0.3870137	0.77840966	-10.464098	8.8412561
0.38077661	0.78356427	-10.467461	8.837142
0.3823359	0.79709512	-10.461576	8.8289137
0.39169151	0.78195345	-10.454007	8.7836599
0.39481002	0.77776533	-10.459894	8.7836599
0.39636928	0.77389938	-10.463257	8.7713175
0.39169151	0.76938909	-10.469984	8.7795458
0.38857296	0.77840966	-10.430465	8.812458
0.38545445	0.79097402	-10.425419	8.8083439
0.38545445	0.79645079	-10.337131	8.8330278
0.39325073	0.79226267	-10.465779	8.8083439
0.39013225	0.802894	-10.50614	8.8042297
0.39013225	0.80708212	-10.490164	8.8330278
0.38857296	0.79612863	-10.465779	8.8083439
0.39325073	0.77840966	-10.384218	8.7960014
0.39013225	0.77873182	-10.450644	8.8247995
0.39013225	0.77132207	-10.449803	8.8001156
0.38545445	0.77551019	-10.310225	8.8083439
0.39013225	0.76681179	-10.439713	8.7877741
0.38077661	0.76906693	-10.452326	8.8247995
0.38545445	0.77937615	-10.475029	8.8206854
0.38389516	0.78904104	-10.464098	8.8330278
0.38077661	0.79935026	-10.446441	8.8453703
0.39169151	0.80321616	-10.45569	8.8535976
0.38077661	0.80611563	-10.462417	8.8330278
0.38545445	0.79516214	-10.436351	8.7877741
0.38857296	0.80192757	-10.481755	8.8289137
0.39013225	0.80386049	-10.512026	8.8206854
0.37921739	0.81545836	-10.436351	8.8330278
0.39013225	0.81030375	-10.480074	8.8247995
0.38857296	0.79194051	-10.454007	8.7918873
0.39169151	0.78356427	-10.449803	8.812458
0.39013225	0.77518803	-10.432146	8.7877741
0.39013225	0.77261072	-10.478392	8.8165722
0.39169151	0.77937615	-10.478392	8.8083439
0.38077661	0.78130913	-10.398513	8.8001156
0.38857296	0.7745437	-10.457372	8.8083439
0.38545445	0.78743023	-10.432146	8.8453703
0.3823359	0.80096108	-10.453167	8.8741684
0.38857296	0.80031675	-10.467461	8.812458
0.38545445	0.78549725	-10.407762	8.8001156
0.3870137	0.7867859	-10.470825	8.8001156
0.38389516	0.79000753	-10.448122	8.8330278
0.38857296	0.79645079	-10.461576	8.8247995
0.38857296	0.79161835	-10.469144	8.812458
0.38857296	0.78710806	-10.327041	8.8289137
0.38545445	0.78775239	-10.475869	8.8206854
0.38077661	0.78871888	-10.464938	8.8289137
0.38077661	0.7867859	-10.454007	8.8165722
0.3823359	0.78163129	-10.438872	8.8001156
0.38857296	0.79612863	-10.384218	8.8700542
0.38545445	0.79483998	-10.483438	8.8206854
0.38857296	0.78743023	-10.462417	8.812458
0.39169151	0.77422154	-10.451485	8.7960014
0.39169151	0.77422154	-10.459053	8.7960014
0.3823359	0.78581941	-10.427941	8.8330278
0.38389516	0.7806648	-10.464938	8.8042297
0.39792857	0.78356427	-10.443918	8.8165722
0.38857296	0.79419565	-10.440554	8.8165722
0.38545445	0.79677296	-10.459894	8.8206854
0.38545445	0.792907	-10.470825	8.812458
0.39481002	0.78130913	-10.465779	8.8042297
0.39481002	0.7842086	-10.490164	8.812458
0.38545445	0.802894	-10.448963	8.8659401
0.38389516	0.80257189	-10.449803	8.8453703
0.39169151	0.78743023	-10.434669	8.8247995
0.39325073	0.79387349	-10.477551	8.8247995
0.39169151	0.79870594	-10.464938	8.8206854
0.38857296	0.78453076	-10.307702	8.7795458
0.39325073	0.77647668	-10.474188	8.8083439
0.3870137	0.78002048	-10.438872	8.7960014
0.37609884	0.79065186	-10.329563	8.8412561
0.38389516	0.78485292	-10.424579	8.812458
0.38545445	0.78968537	-10.293407	8.8412561
0.3870137	0.80450481	-10.494368	8.8494844
0.38389516	0.8141697	-10.492686	8.8618259
0.38857296	0.80257189	-10.311065	8.8247995
0.39169151	0.79773945	-10.460734	8.837142
0.39325073	0.78807455	-10.45653	8.8083439
0.38545445	0.792907	-10.440554	8.8412561
0.39792857	0.79226267	-10.482595	8.837142
0.38389516	0.7867859	-10.418693	8.8165722
0.3870137	0.7745437	-10.46662	8.8001156
0.3870137	0.77293289	-10.425419	8.8083439
0.39169151	0.77132207	-10.472507	8.812458
0.39169151	0.78130913	-10.483438	8.8206854
0.38077661	0.79129618	-10.353948	8.8494844
0.3870137	0.79806161	-10.488482	8.8494844
0.38857296	0.79580647	-10.487641	8.8453703
0.39169151	0.80096108	-10.481755	8.8289137
0.38857296	0.79258484	-10.427101	8.8165722
0.38389516	0.80418265	-10.417851	8.8412561
0.39013225	0.79032969	-10.452326	8.837142
0.38545445	0.79451782	-10.478392	8.8206854
0.39013225	0.78581941	-10.437191	8.8412561
0.3870137	0.7806648	-10.417851	8.812458
0.3870137	0.78710806	-10.464098	8.812458
0.38545445	0.79483998	-10.462417	8.8494844
0.38545445	0.78163129	-10.453167	8.8247995
0.39792857	0.77003342	-10.41617	8.8042297
0.38857296	0.7658453	-10.483438	8.8247995
0.38389516	0.77551019	-10.450644	8.8330278
0.39013225	0.77712101	-10.45569	8.8289137
0.38077661	0.78453076	-10.432146	8.8577118
0.39325073	0.79129618	-10.417851	8.8618259
0.3870137	0.79935026	-10.457372	8.8782825
0.39013225	0.802894	-10.492686	8.8494844
0.39169151	0.80128324	-10.492686	8.8330278
0.38389516	0.79999459	-10.454007	8.812458
0.38545445	0.79000753	-10.442237	8.8001156
0.3870137	0.79451782	-10.459053	8.8289137
0.3823359	0.80031675	-10.431305	8.837142
0.39325073	0.79419565	-10.444759	8.7960014
0.3823359	0.78807455	-10.482595	8.812458
0.39013225	0.79419565	-10.430465	8.8289137
0.39169151	0.78549725	-10.49521	8.837142
0.37921739	0.78710806	-10.465779	8.8412561
0.39013225	0.78356427	-10.358151	8.837142
0.3870137	0.77969831	-10.443918	8.8247995
0.37921739	0.79580647	-10.491005	8.8741684
0.39013225	0.79870594	-10.448122	8.8494844
0.39013225	0.79355133	-10.475029	8.8453703
0.38077661	0.80804861	-10.474188	8.8741684
0.38545445	0.80643779	-10.486801	8.837142
0.38389516	0.81545836	-10.472507	8.8659401
0.39792857	0.80772644	-10.477551	8.8289137
0.39792857	0.8054713	-10.453167	8.8247995
0.38857296	0.80257189	-10.319473	8.8577118
0.39013225	0.7867859	-10.432146	8.7918873
0.3870137	0.79355133	-10.454007	8.8412561
0.38857296	0.79580647	-10.309383	8.8453703
0.38545445	0.79258484	-10.446441	8.8330278
0.38545445	0.79258484	-10.409443	8.8289137
0.3870137	0.79161835	-10.448122	8.8083439
0.39013225	0.78517509	-10.446441	8.8247995
0.39325073	0.77905399	-10.425419	8.8330278
0.39636928	0.7842086	-10.459053	8.8330278
0.3870137	0.79258484	-10.457372	8.8577118
0.38545445	0.79065186	-10.448963	8.8865099
0.3870137	0.792907	-10.451485	8.8700542
0.39169151	0.78807455	-10.410284	8.8453703
0.39325073	0.78968537	-10.471665	8.8165722
0.3870137	0.79000753	-10.474188	8.8577118
0.38857296	0.80128324	-10.477551	8.8412561
0.3870137	0.79967242	-10.451485	8.8494844
0.3823359	0.80804861	-10.465779	8.8618259
0.39013225	0.8054713	-10.500254	8.8330278
0.39013225	0.80257189	-10.452326	8.8206854
0.38857296	0.80386049	-10.448963	8.8453703
0.3870137	0.80450481	-10.463257	8.8412561
0.39325073	0.79226267	-10.431305	8.8453703
0.38389516	0.79838377	-10.494368	8.8700542
0.38545445	0.79709512	-10.4456	8.8206854
0.38077661	0.79322916	-10.450644	8.8535976
0.39013225	0.78743023	-10.467461	8.8289137
0.38857296	0.79322916	-10.469984	8.837142
0.39169151	0.79032969	-10.475029	8.8289137
0.37453958	0.80031675	-10.459053	8.8823957
0.37453958	0.79194051	-10.283318	8.8494844
0.38389516	0.79580647	-10.431305	8.8700542
0.38545445	0.79226267	-10.443076	8.8206854
0.38389516	0.78968537	-10.473348	8.8453703
0.37609884	0.80353832	-10.438872	8.8947382
0.3870137	0.80063891	-10.281635	8.8618259
0.37921739	0.79935026	-10.452326	8.8700542
0.39013225	0.79709512	-10.498572	8.890624
0.38857296	0.79194051	-10.4456	8.8247995
0.38389516	0.79032969	-10.475869	8.8494844
0.37765813	0.79773945	-10.555749	8.8618259
0.39169151	0.79451782	-10.459053	8.8659401
0.38545445	0.79355133	-10.464938	8.8577118
0.3870137	0.79838377	-10.397672	8.8412561
0.39013225	0.80257189	-10.443918	8.8494844
0.38545445	0.80192757	-10.454007	8.8577118
0.38857296	0.79806161	-10.432987	8.8453703
0.38545445	0.79065186	-10.469984	8.8165722
0.38545445	0.8054713	-10.454007	8.8659401
0.38545445	0.79773945	-10.467461	8.837142
0.3823359	0.79967242	-10.438032	8.8618259
0.39169151	0.79612863	-10.464098	8.8412561
0.39169151	0.79709512	-10.496049	8.8494844
0.3823359	0.79773945	-10.486801	8.8659401
0.38857296	0.78743023	-10.451485	8.8453703
0.37453958	0.79580647	-10.443918	8.8823957
0.38857296	0.77744317	-10.458212	8.837142
0.39013225	0.77422154	-10.464098	8.8165722
0.39636928	0.78098696	-10.461576	8.8618259
0.38545445	0.79516214	-10.467461	8.8947382
0.38857296	0.79451782	-10.439713	8.890624
0.38389516	0.80063891	-10.452326	8.8618259
0.39013225	0.792907	-10.449803	8.8247995
0.38389516	0.79612863	-10.393467	8.8453703
0.3870137	0.79741728	-10.491845	8.8865099
0.38545445	0.80096108	-10.478392	8.8618259
0.38389516	0.8090151	-10.380014	8.8659401
0.38389516	0.8115924	-10.467461	8.8700542
0.3870137	0.81030375	-10.480914	8.8741684
0.38389516	0.80321616	-10.494368	8.8782825
0.39013225	0.792907	-10.448122	8.8577118
0.3823359	0.79419565	-10.437191	8.8782825
0.38857296	0.79999459	-10.475029	8.8700542
0.37921739	0.79645079	-10.436351	8.8618259
0.38077661	0.8016054	-10.438872	8.890624
0.39325073	0.79806161	-10.461576	8.8618259
0.38857296	0.79000753	-10.350584	8.8412561
0.39169151	0.78871888	-10.463257	8.8453703
0.38545445	0.79355133	-10.444759	8.8618259
0.39169151	0.79483998	-10.242116	8.8618259
0.38077661	0.80257189	-10.431305	8.8659401
0.38545445	0.79226267	-10.334609	8.837142
0.39169151	0.79129618	-10.443076	8.8412561
0.38545445	0.80096108	-10.488482	8.8823957
0.38389516	0.78614157	-10.254729	8.8494844
0.38545445	0.80353832	-10.454848	8.8741684
0.39636928	0.78646374	-10.482595	8.8453703
0.3870137	0.79677296	-10.465779	8.915308
0.3870137	0.79516214	-10.488482	8.8494844
0.37921739	0.79612863	-10.398513	8.8659401
0.38545445	0.8054713	-10.473348	8.8618259
0.3870137	0.80611563	-10.467461	8.9070807
0.39636928	0.79516214	-10.469984	8.8494844
0.38857296	0.802894	-10.461576	8.8782825
0.39013225	0.80482697	-10.480914	8.8659401
0.3870137	0.80933726	-10.452326	8.8741684
0.39013225	0.80933726	-10.441395	8.8618259
0.3870137	0.81127024	-10.405239	8.8618259
0.38389516	0.80998158	-10.473348	8.8453703
0.39169151	0.79741728	-10.454848	8.8247995
0.39169151	0.79097402	-10.452326	8.8412561
0.38545445	0.78807455	-10.454848	8.8494844
0.39169151	0.7806648	-10.369082	8.8659401
0.39013225	0.78291994	-10.453167	8.8453703
0.3870137	0.77873182	-10.461576	8.8494844
0.3823359	0.79065186	-10.454007	8.8947382
0.38389516	0.78871888	-10.482595	8.8741684
0.3870137	0.78904104	-10.464938	8.8577118
0.38389516	0.79516214	-10.452326	8.8741684
0.38857296	0.792907	-10.460734	8.8412561
0.39013225	0.79355133	-10.398513	8.8782825
0.3870137	0.80192757	-10.489323	8.890624
0.3823359	0.79935026	-10.405239	8.8577118
0.39325073	0.78839672	-10.452326	8.8412561
0.39792857	0.79065186	-10.417851	8.8782825
0.38545445	0.79194051	-10.393467	8.8330278
0.38389516	0.80257189	-10.475869	8.8618259
0.38077661	0.78581941	-10.454007	8.8330278
0.3823359	0.79032969	-10.489323	8.8289137
0.38389516	0.79355133	-10.479233	8.8659401
0.38545445	0.79741728	-10.432146	8.8823957
0.38389516	0.79741728	-10.436351	8.8782825
0.38389516	0.7842086	-10.452326	8.8577118
0.38545445	0.78871888	-10.475869	8.8659401
0.38389516	0.78743023	-10.45653	8.8618259
0.38077661	0.80031675	-10.451485	8.8782825
0.39169151	0.80128324	-10.461576	8.8453703
0.38545445	0.79161835	-10.448122	8.8535976
0.3870137	0.79226267	-10.475869	8.8659401
0.39325073	0.79226267	-10.436351	8.8700542
0.39013225	0.8016054	-10.41701	8.8659401
0.3823359	0.79580647	-10.454007	8.837142
0.38077661	0.79387349	-10.45653	8.8412561
0.3870137	0.79355133	-10.413648	8.8782825
0.3870137	0.79677296	-10.454007	8.8535976
0.37921739	0.80643779	-10.471665	8.890624
0.3823359	0.81127024	-10.474188	8.890624
0.39013225	0.80063891	-10.491845	8.8823957
0.38389516	0.8016054	-10.427941	8.8865099
0.39013225	0.79322916	-10.462417	8.8494844
0.39169151	0.78646374	-10.448122	8.8494844
0.3870137	0.77937615	-10.458212	8.8618259
0.3823359	0.78646374	-10.46662	8.8618259
0.3823359	0.79097402	-10.429624	8.8782825
0.38389516	0.78936321	-10.457372	8.8700542
0.3870137	0.79773945	-10.471665	8.8782825
0.38545445	0.79967242	-10.34638	8.8659401
0.38077661	0.79322916	-10.470825	8.8618259
0.39013225	0.78968537	-10.443076	8.8618259
0.39169151	0.7954843	-10.473348	8.8577118
0.38389516	0.80128324	-10.482595	8.8823957
0.3823359	0.80096108	-10.396831	8.8494844
0.39169151	0.78710806	-10.441395	8.8865099
0.3870137	0.79387349	-10.463257	8.8865099
0.38389516	0.79322916	-10.470825	8.8741684
0.38389516	0.79870594	-10.461576	8.8659401
0.39325073	0.79097402	-10.423738	8.8659401
0.38545445	0.79967242	-10.45653	8.8865099
0.3823359	0.80386049	-10.469144	8.9070807
0.37609884	0.80514914	-10.443918	8.8700542
0.3870137	0.79999459	-10.45569	8.8453703
0.38857296	0.79709512	-10.443076	8.8659401
0.39013225	0.81191456	-10.51623	8.8947382
0.3870137	0.80450481	-10.450644	8.8741684
0.37921739	0.79483998	-10.431305	8.8823957
0.38545445	0.78646374	-10.448963	8.8412561
0.38545445	0.78517509	-10.358151	8.8823957
0.39169151	0.78775239	-10.453167	8.8535976
0.39325073	0.7842086	-10.45653	8.8535976
0.38389516	0.77647668	-10.389263	8.8659401
0.37921739	0.78259778	-10.448963	8.8823957
0.37921739	0.80192757	-10.461576	8.8947382
0.37921739	0.79483998	-10.457372	8.8618259
0.38857296	0.79838377	-10.469984	8.8823957
0.38545445	0.79999459	-10.40692	8.8700542
0.3870137	0.802894	-10.487641	8.9111948
0.39013225	0.79967242	-10.468302	8.890624
0.3823359	0.79226267	-10.419534	8.8782825
0.38545445	0.79773945	-10.460734	8.8741684
0.3823359	0.80418265	-10.459894	8.915308
0.3823359	0.80804861	-10.453167	8.9111948
0.38545445	0.80675995	-10.442237	8.8947382
0.37921739	0.81706917	-10.367401	8.9235363
0.38077661	0.81255889	-10.447281	8.9070807
0.3823359	0.81191456	-10.482595	8.8782825
0.38389516	0.81127024	-10.514548	8.9070807
0.39169151	0.80804861	-10.472507	8.8700542
0.39325073	0.79419565	-10.440554	8.8535976
0.3870137	0.78743023	-10.469984	8.8535976
0.38077661	0.78871888	-10.452326	8.8700542
0.38389516	0.78324211	-10.475029	8.8577118
0.39325073	0.77486587	-10.444759	8.8535976
0.38389516	0.78936321	-10.37581	8.8782825
0.38077661	0.78775239	-10.458212	8.8659401
0.38857296	0.79000753	-10.457372	8.8865099
0.38857296	0.79419565	-10.447281	8.8782825
0.38857296	0.79773945	-10.472507	8.8865099
0.39169151	0.80675995	-10.435509	8.8659401
0.3870137	0.80257189	-10.4456	8.8659401
0.38389516	0.81288105	-10.457372	8.9070807
0.39481002	0.80257189	-10.340494	8.8618259
0.38857296	0.81255889	-10.459053	8.9029665
0.38545445	0.79773945	-10.428782	8.9029665
0.3870137	0.78388643	-10.458212	8.8741684
0.3870137	0.77905399	-10.454848	8.8618259
0.38857296	0.78775239	-10.421215	8.890624
0.38077661	0.78646374	-10.440554	8.8988523
0.38389516	0.78259778	-10.470825	8.8535976
0.38545445	0.79258484	-10.489323	8.8947382
0.38077661	0.79999459	-10.486801	8.9111948
0.37765813	0.80933726	-10.512867	8.890624
0.38389516	0.79677296	-10.4456	8.8494844
0.39013225	0.80482697	-10.442237	8.8618259
0.38389516	0.81062591	-10.480074	8.8618259
0.39169151	0.80224973	-10.491845	8.8535976
0.3870137	0.81255889	-10.414488	8.8782825
0.3823359	0.81545836	-10.448122	8.8659401
0.3870137	0.81255889	-10.42626	8.8782825
0.39013225	0.79838377	-10.439713	8.8535976
0.3870137	0.80675995	-10.472507	8.9070807
0.3870137	0.79838377	-10.451485	8.8947382
0.38545445	0.79516214	-10.474188	8.8988523
0.39169151	0.78259778	-10.483438	8.8700542
0.39013225	0.78871888	-10.450644	8.8865099
0.37921739	0.79580647	-10.443918	8.8865099
0.3870137	0.79226267	-10.447281	8.8947382
0.39169151	0.79000753	-10.449803	8.8618259
0.38389516	0.79935026	-10.464098	8.9276505
0.37921739	0.80965942	-10.362356	8.9029665
0.37921739	0.80675995	-10.438872	8.915308
0.39013225	0.81223673	-10.463257	8.8988523
0.39325073	0.8016054	-10.464938	8.8577118
0.38389516	0.79065186	-10.492686	8.8494844
0.39169151	0.79838377	-10.398513	8.9111948
0.3870137	0.81545836	-10.449803	8.9235363
0.37921739	0.80804861	-10.437191	8.8741684
0.39013225	0.79838377	-10.453167	8.8659401
0.3870137	0.79032969	-10.485119	8.8453703
0.39792857	0.77679884	-10.306861	8.8494844
0.39013225	0.78839672	-10.427941	8.8823957
0.3870137	0.78291994	-10.473348	8.8577118
0.38545445	0.79870594	-10.454007	8.9441061
0.38077661	0.78710806	-10.458212	8.8865099
0.3823359	0.79709512	-10.427101	8.8988523
0.3823359	0.79773945	-10.502776	8.8988523
0.3870137	0.80128324	-10.469144	8.8947382
0.38545445	0.79387349	-10.4456	8.8700542
0.38077661	0.80386049	-10.463257	8.8988523
0.3823359	0.81642485	-10.334609	8.915308
0.3870137	0.82415676	-10.4456	8.9111948
0.3870137	0.82737839	-10.481755	8.9029665
0.3870137	0.80998158	-10.353948	8.890624
0.38857296	0.8016054	-10.454848	8.915308
0.3870137	0.80869293	-10.467461	8.9111948
0.38389516	0.79870594	-10.454848	8.8782825
0.39013225	0.78291994	-10.449803	8.8782825
0.39169151	0.77905399	-10.497732	8.9029665
0.3870137	0.7867859	-10.46662	8.9029665
0.38545445	0.79000753	-10.491845	8.890624
0.38389516	0.78581941	-10.450644	8.8741684
0.38857296	0.78904104	-10.458212	8.8782825
0.3823359	0.79258484	-10.40692	8.890624
0.38545445	0.79322916	-10.45653	8.8741684
0.37921739	0.78646374	-10.477551	8.8453703
0.38077661	0.79355133	-10.454848	8.8700542
0.38389516	0.80063891	-10.453167	8.8865099
0.38077661	0.80514914	-10.439713	8.8741684
0.38857296	0.8016054	-10.489323	8.890624
0.38389516	0.80192757	-10.449803	8.8865099
0.37921739	0.79999459	-10.321996	8.8988523
0.38545445	0.79387349	-10.464938	8.8659401
0.38545445	0.78581941	-10.481755	8.8741684
0.3823359	0.78871888	-10.480074	8.8823957
0.38545445	0.78195345	-10.46662	8.8577118
0.37765813	0.79838377	-10.433827	8.9276505
0.3870137	0.79967242	-10.458212	8.9235363
0.3823359	0.8054713	-10.461576	8.9111948
0.38545445	0.79870594	-10.443918	8.8700542
0.38857296	0.79645079	-10.467461	8.8659401
0.3823359	0.80321616	-10.448963	8.9194221
0.38389516	0.79999459	-10.474188	8.8741684
0.3823359	0.80579346	-10.427941	8.890624
0.38857296	0.80869293	-10.465779	8.8947382
0.38545445	0.80224973	-10.463257	8.9235363
0.38077661	0.79161835	-10.592747	8.8741684
0.3870137	0.78936321	-10.478392	8.8741684
0.38545445	0.78614157	-10.461576	8.8947382
0.38545445	0.77744317	-10.439713	8.8412561
0.3823359	0.78936321	-10.461576	8.9070807
0.38545445	0.78646374	-10.458212	8.8700542
0.37765813	0.79065186	-10.45569	8.890624
0.37765813	0.79773945	-10.523798	8.8782825
0.38389516	0.79870594	-10.399353	8.8865099
0.38545445	0.80031675	-10.50698	8.9070807
0.3823359	0.80192757	-10.438032	8.9317646
0.37765813	0.81223673	-10.467461	8.9111948
0.3823359	0.80675995	-10.46662	8.8947382
0.38545445	0.80482697	-10.357311	8.8823957
0.38077661	0.7990281	-10.468302	8.8823957
0.39169151	0.79935026	-10.473348	8.8700542
0.38389516	0.79516214	-10.46662	8.8700542
0.37609884	0.80386049	-10.452326	8.915308
0.38857296	0.79838377	-10.402717	8.9029665
0.3823359	0.7954843	-10.41617	8.8865099
0.3870137	0.78807455	-10.477551	8.8700542
0.38389516	0.77551019	-10.444759	8.8659401
0.38389516	0.78098696	-10.470825	8.8988523
0.38389516	0.79226267	-10.318632	8.9070807
0.38545445	0.78163129	-10.47671	8.8618259
0.38077661	0.7954843	-10.478392	8.9029665
0.38545445	0.7990281	-10.468302	8.8947382
0.37921739	0.8090151	-10.485119	8.9111948
0.39169151	0.8016054	-10.447281	8.8700542
0.38857296	0.79161835	-10.488482	8.8823957
0.37609884	0.80096108	-10.469144	8.915308
0.3823359	0.79612863	-10.444759	8.890624
0.3823359	0.79870594	-10.454848	8.915308
0.38545445	0.8016054	-10.366561	8.9235363
0.38545445	0.79612863	-10.486801	8.9111948
0.3870137	0.79999459	-10.475869	8.8947382
0.3823359	0.80096108	-10.438032	8.8947382
0.38389516	0.79258484	-10.442237	8.915308
0.39325073	0.79032969	-10.467461	8.8741684
0.39636928	0.78775239	-10.453167	8.8741684
0.38545445	0.7867859	-10.494368	8.8700542
0.37921739	0.80224973	-10.427941	8.9399929
0.39013225	0.79000753	-10.435509	8.8618259
0.37765813	0.7990281	-10.45569	8.9194221
0.38389516	0.80740428	-10.473348	8.8988523
0.37765813	0.80353832	-10.485119	8.915308
0.38545445	0.80579346	-10.420374	8.9070807
0.38857296	0.7842086	-10.462417	8.8947382
0.37921739	0.80224973	-10.493526	8.9317646
0.3870137	0.802894	-10.4456	8.915308
0.37921739	0.81062591	-10.449803	8.915308
0.3823359	0.81996864	-10.582656	8.9358788
0.38389516	0.80418265	-10.461576	8.8823957
0.39169151	0.7990281	-10.469984	8.8823957
0.3870137	0.80740428	-10.491845	8.8988523
0.3870137	0.79773945	-10.464098	8.9029665
0.38545445	0.78968537	-10.387582	8.9029665
0.38857296	0.7867859	-10.479233	8.8947382
0.38545445	0.78839672	-10.462417	8.8823957
0.3823359	0.79645079	-10.362356	8.8947382
0.38077661	0.7990281	-10.449803	8.915308
0.3823359	0.80643779	-10.454007	8.9111948
0.38857296	0.80837077	-10.46662	8.8988523
0.3823359	0.79935026	-10.464938	8.9029665
0.38857296	0.79451782	-10.322837	8.8947382
0.39481002	0.78710806	-10.497732	8.8782825
0.3823359	0.79226267	-10.450644	8.9111948
0.38545445	0.79322916	-10.464098	8.8947382
0.38389516	0.79355133	-10.438872	8.9194221
0.39013225	0.78839672	-10.421215	8.8823957
0.38389516	0.79677296	-10.479233	8.9029665
0.3870137	0.78871888	-10.468302	8.8865099
0.39636928	0.78839672	-10.359834	8.890624
0.38077661	0.78485292	-10.471665	8.8741684
0.3870137	0.78936321	-10.46662	8.8741684
0.38857296	0.78291994	-10.411966	8.8865099
0.37921739	0.7954843	-10.472507	8.915308
0.38857296	0.79483998	-10.449803	8.8823957
0.37609884	0.8054713	-10.454007	8.890624
0.38389516	0.80579346	-10.474188	8.9070807
0.37765813	0.81803566	-10.443918	8.9358788
0.3823359	0.82286811	-10.496891	8.9276505
0.38389516	0.81062591	-10.481755	8.890624
0.3870137	0.80708212	-10.467461	8.8988523
0.39013225	0.79709512	-10.479233	8.890624
0.38389516	0.78581941	-10.45653	8.890624
0.38545445	0.78227562	-10.459053	8.890624
0.38077661	0.77679884	-10.432987	8.9111948
0.38077661	0.78227562	-10.457372	8.8988523
0.37921739	0.78614157	-10.427101	8.8988523
0.38389516	0.78485292	-10.343017	8.8741684
0.38389516	0.78388643	-10.472507	8.9111948
0.38545445	0.80096108	-10.459053	8.915308
0.37765813	0.81255889	-10.496891	8.9523344
0.37765813	0.8141697	-10.451485	8.9070807
0.39169151	0.80708212	-10.333768	8.890624
0.38545445	0.80740428	-10.46662	8.8947382
0.38545445	0.81610268	-10.467461	8.9070807
0.3823359	0.80128324	-10.427101	8.8700542
0.39013225	0.78807455	-10.427101	8.8700542
0.38857296	0.78646374	-10.436351	8.9029665
0.38077661	0.79483998	-10.440554	8.9276505
0.38545445	0.7867859	-10.461576	8.9029665
0.37142104	0.79870594	-10.459053	8.9194221
0.37765813	0.79967242	-10.478392	8.915308
0.38389516	0.79838377	-10.478392	8.9070807
0.3870137	0.79226267	-10.475029	8.8865099
0.38857296	0.78581941	-10.448963	8.8741684
0.38545445	0.79129618	-10.368242	8.890624
0.37921739	0.7867859	-10.461576	8.915308
0.38077661	0.78324211	-10.438032	8.9317646
0.38077661	0.77422154	-10.444759	8.8618259
0.38077661	0.79612863	-10.473348	8.9111948
0.37921739	0.80643779	-10.34638	8.9111948
0.37765813	0.80708212	-10.470825	8.9358788
0.38077661	0.80128324	-10.469144	8.8782825
0.3870137	0.80418265	-10.473348	8.9070807
0.37921739	0.80804861	-10.45569	8.9317646
0.38389516	0.80450481	-10.317792	8.9111948
0.38545445	0.80482697	-10.449803	8.9070807
0.39169151	0.79709512	-10.477551	8.8865099
0.38857296	0.78871888	-10.464938	8.890624
0.38389516	0.79032969	-10.463257	8.9235363
0.38389516	0.792907	-10.41701	8.8947382
0.3823359	0.79387349	-10.480074	8.8659401
0.38389516	0.80837077	-10.480914	8.9276505
0.38077661	0.80675995	-10.459894	8.9111948
0.3870137	0.80772644	-10.482595	8.8865099
0.38545445	0.81094807	-10.462417	8.9070807
0.38857296	0.81127024	-10.475029	8.9235363
0.37921739	0.81578052	-10.442237	8.9441061
0.39325073	0.80804861	-10.308542	8.8865099
0.38857296	0.80708212	-10.441395	8.915308
0.38389516	0.80224973	-10.461576	8.9564486
0.38389516	0.79226267	-10.443076	8.8782825
0.37921739	0.79870594	-10.473348	8.9111948
0.39013225	0.79032969	-10.408603	8.8741684
0.37609884	0.80063891	-10.485119	8.9441061
0.38389516	0.79967242	-10.471665	8.8947382
0.37453958	0.80353832	-10.444759	8.915308
0.37921739	0.79967242	-10.471665	8.9029665
0.3823359	0.792907	-10.327882	8.9111948
0.38545445	0.78549725	-10.469144	8.8823957
0.39169151	0.80224973	-10.493526	8.9194221
0.37609884	0.80224973	-10.447281	8.8988523
0.37765813	0.80740428	-10.441395	8.9070807
0.38389516	0.80321616	-10.401035	8.890624
0.38077661	0.81127024	-10.46662	8.8947382
0.37765813	0.81127024	-10.475869	8.8782825
0.38389516	0.80386049	-10.74662	8.8823957
0.3870137	0.78936321	-10.461576	8.8700542
0.38389516	0.792907	-10.413648	8.8700542
0.38077661	0.79355133	-10.458212	8.9070807
0.3870137	0.79612863	-10.472507	8.9029665
0.39013225	0.78517509	-10.388422	8.8865099
0.38077661	0.79677296	-10.499413	8.915308
0.38077661	0.80128324	-10.458212	8.9276505
0.37921739	0.79483998	-10.433827	8.890624
0.3823359	0.80450481	-10.472507	8.9029665
0.3823359	0.80096108	-10.286681	8.9070807
0.39013225	0.8016054	-10.443918	8.9399929
0.38857296	0.7954843	-10.467461	8.9029665
0.3870137	0.7990281	-10.470825	8.9276505
0.38389516	0.802894	-10.46662	8.9194221
0.3870137	0.79806161	-10.372446	8.9029665
0.37921739	0.79967242	-10.454007	8.8865099
0.38389516	0.80740428	-10.475869	8.915308
0.38389516	0.79161835	-10.369924	8.8823957
0.38545445	0.79387349	-10.489323	8.8865099
0.38389516	0.7954843	-10.543137	8.915308
0.37453958	0.79516214	-10.464098	8.9111948
0.38389516	0.79516214	-10.446441	8.890624
0.38389516	0.79838377	-10.358993	8.8741684
0.38077661	0.79355133	-10.471665	8.890624
0.39169151	0.79000753	-10.496891	8.890624
0.37298033	0.79516214	-10.446441	8.9317646
0.37765813	0.80708212	-10.480074	8.9194221
0.3870137	0.80450481	-10.454007	8.890624
0.38077661	0.8016054	-10.482595	8.9194221
0.39169151	0.80321616	-10.45653	8.915308
0.38389516	0.8202908	-10.459053	8.9441061
0.37609884	0.82351243	-10.472507	8.9317646
0.38389516	0.81932431	-10.427941	8.9276505
0.38077661	0.8141697	-10.458212	8.9482203
0.39013225	0.80869293	-10.471665	8.9111948
0.38389516	0.8016054	-10.448122	8.9029665
0.39325073	0.78388643	-10.4456	8.8823957
0.38389516	0.792907	-10.359834	8.9358788
0.38077661	0.78227562	-10.47671	8.8823957
0.38857296	0.79194051	-10.488482	8.9029665
0.38389516	0.7990281	-10.452326	8.8988523
0.38389516	0.79741728	-10.475029	8.8782825
0.3870137	0.78839672	-10.338813	8.8865099
0.38545445	0.79322916	-10.442237	8.9029665
0.38545445	0.79999459	-10.484279	8.9111948
0.38857296	0.81706917	-10.449803	8.9441061
0.3870137	0.81900215	-10.485119	8.9358788
0.38545445	0.81706917	-10.488482	8.9235363
0.39169151	0.79935026	-10.469144	8.890624
0.3823359	0.7990281	-10.433827	8.9235363
0.38077661	0.80998158	-10.335449	8.9276505
0.38077661	0.80192757	-10.447281	8.9276505
0.3870137	0.78163129	-10.463257	8.8865099
0.38545445	0.78195345	-10.473348	8.8823957
0.38389516	0.79483998	-10.479233	8.9111948
0.38077661	0.792907	-10.451485	8.8988523
0.3870137	0.78324211	-10.45569	8.9111948
0.38857296	0.78743023	-10.464098	8.915308
0.3870137	0.79387349	-10.469984	8.9194221
0.3823359	0.79838377	-10.45569	8.9029665
0.38389516	0.81127024	-10.447281	8.9564486
0.37453958	0.81513619	-10.45569	8.9317646
0.38077661	0.8016054	-10.464938	8.9111948
0.39013225	0.80224973	-10.467461	8.915308
0.38545445	0.8090151	-10.478392	8.9276505
0.38545445	0.80096108	-10.469144	8.915308
0.38389516	0.80450481	-10.472507	8.9276505
0.38857296	0.79161835	-10.475869	8.8947382
0.37921739	0.79741728	-10.373287	8.915308
0.38389516	0.79612863	-10.480914	8.8947382
0.38545445	0.79258484	-10.459053	8.9276505
0.38077661	0.79999459	-10.464938	8.9235363
0.3823359	0.79516214	-10.452326	8.9029665
0.3823359	0.79677296	-10.429624	8.9029665
0.38389516	0.8016054	-10.461576	8.9194221
0.37921739	0.78743023	-10.45653	8.915308
0.38077661	0.79677296	-10.542295	8.915308
0.39013225	0.80096108	-10.473348	8.890624
0.38545445	0.79612863	-10.372446	8.8782825
0.38389516	0.79773945	-10.470825	8.9111948
0.38545445	0.79322916	-10.441395	8.8782825
0.37921739	0.79999459	-10.42626	8.9194221
0.37921739	0.79226267	-10.461576	8.915308
0.3823359	0.79483998	-10.464938	8.9235363
0.38389516	0.79773945	-10.483438	8.9317646
0.37765813	0.80611563	-10.479233	8.9482203
0.37921739	0.80128324	-10.407762	8.9358788
0.38389516	0.80450481	-10.484279	8.9564486
0.38389516	0.802894	-10.463257	8.9111948
0.38389516	0.78356427	-10.45569	8.8947382
0.38545445	0.76938909	-10.440554	8.8865099
0.37921739	0.78936321	-10.364879	8.9276505
0.38545445	0.80386049	-10.485119	8.9358788
0.37609884	0.81513619	-10.454848	8.9482203
0.38545445	0.8115924	-10.475869	8.915308
0.38077661	0.81545836	-10.464098	8.9111948
0.39481002	0.80128324	-10.413648	8.8618259
0.3823359	0.79870594	-10.454007	8.8988523
0.39013225	0.80933726	-10.491845	8.9317646
0.37921739	0.81610268	-10.369924	8.915308
0.38545445	0.80579346	-10.464938	8.8741684
0.39013225	0.79870594	-10.461576	8.8782825
0.38545445	0.78581941	-10.400194	8.915308
0.38545445	0.79129618	-10.473348	8.8988523
0.38389516	0.78163129	-10.462417	8.890624
0.38389516	0.78646374	-10.348903	8.915308
0.37298033	0.79967242	-10.454007	8.9523344
0.38077661	0.79612863	-10.422056	8.9194221
0.39013225	0.7954843	-10.480914	8.8988523
0.39169151	0.792907	-10.493526	8.9029665
0.37765813	0.79580647	-10.429624	8.9235363
0.38389516	0.81094807	-10.452326	8.9194221
0.37765813	0.81127024	-10.436351	8.9111948
0.3823359	0.81449187	-10.480914	8.9276505
0.39013225	0.80933726	-10.479233	8.9441061
0.38545445	0.81320322	-10.347221	8.9441061
0.38077661	0.81288105	-10.488482	8.9729042
0.3823359	0.80998158	-10.464098	8.9441061
0.38389516	0.79838377	-10.464098	8.9029665
0.38857296	0.79838377	-10.465779	8.9029665
0.38545445	0.78968537	-10.389263	8.8741684
0.3823359	0.80096108	-10.438032	8.9399929
0.3870137	0.78775239	-10.440554	8.8782825
0.38545445	0.79483998	-10.404398	8.9194221
0.38077661	0.80386049	-10.480074	8.9194221
0.3870137	0.79870594	-10.438872	8.9235363
0.38077661	0.7954843	-10.443918	8.915308
0.38077661	0.79194051	-10.482595	8.890624
0.38389516	0.79612863	-10.327041	8.915308
0.38077661	0.802894	-10.464098	8.9358788
0.38077661	0.81030375	-10.457372	8.915308
0.3870137	0.81094807	-10.48596	8.9111948
0.38545445	0.81674701	-10.464098	8.9194221
0.3823359	0.81384754	-10.453167	8.915308
0.3823359	0.81127024	-10.45569	8.9070807
0.38389516	0.8016054	-10.451485	8.9441061
0.37921739	0.80096108	-10.454007	8.9399929
0.3870137	0.78485292	-10.454007	8.9235363
0.38545445	0.78130913	-10.351425	8.9235363
0.38389516	0.79000753	-10.451485	8.9111948
0.38389516	0.78871888	-10.448963	8.9194221
0.38077661	0.79935026	-10.403557	8.9276505
0.38545445	0.79999459	-10.47671	8.9111948
0.38389516	0.80353832	-10.470825	8.9358788
0.37921739	0.81610268	-10.368242	8.9523344
0.38389516	0.81320322	-10.413648	8.9194221
0.40728414	0.81223673	-10.374969	8.9276505
0.4540621	0.80933726	-10.377492	8.9358788
0.46965477	0.80675995	-10.332927	8.915308
0.48680666	0.80321616	-10.23539	8.9276505
0.47901034	0.8115924	-10.331245	8.9482203
0.47121403	0.81932431	-10.299293	8.9482203
0.45250285	0.80643779	-10.234549	8.9399929
0.45094356	0.80031675	-10.350584	8.9070807
0.43535089	0.80192757	-10.224459	8.9276505
0.42755461	0.78871888	-10.18578	8.9111948
0.42599532	0.79258484	-10.120194	8.9646769
0.43223241	0.79419565	-10.122717	8.9482203
0.43379164	0.80965942	-10.150465	8.9852467
0.43691018	0.80611563	-10.1059	9.0017033
0.43223241	0.8016054	-9.9755697	8.9893608
0.43067312	0.81642485	-10.074789	9.0058165
0.43535089	0.81481403	-10.063017	8.9852467
0.43223241	0.81288105	-10.016771	8.9770184
0.44002873	0.81094807	-9.9461403	9.0222731
0.43846944	0.81900215	-9.9722071	9.0140448
0.43691018	0.81030375	-9.9461403	8.9729042
0.43846944	0.80740428	-9.9318457	9.0222731
0.44470653	0.79870594	-10.159714	9.0058165
0.44002873	0.7990281	-9.8721466	8.9975891
0.44002873	0.81062591	-9.8586931	8.993475
0.44626576	0.81030375	-9.8696241	8.993475
0.44314724	0.80450481	-9.6989336	8.9523344
0.44002873	0.79935026	-9.8225374	8.968791
0.43379164	0.80257189	-9.7519064	8.9646769
0.44158798	0.8054713	-9.7233181	9.0140448
0.44158798	0.79870594	-9.7233181	8.9605627
0.43379164	0.81030375	-9.6913662	8.9893608
0.43223241	0.82512325	-9.6980925	9.0222731
0.43691018	0.81900215	-9.6182127	8.9811325
0.43846944	0.82157946	-9.63587	8.9770184
0.43691018	0.82737839	-9.6610956	8.9564486
0.44002873	0.8264119	-9.5871019	8.9646769
0.43846944	0.81932431	-9.5341291	8.9482203
0.43846944	0.81062591	-9.5778522	8.9399929
0.44782501	0.80611563	-9.5509453	8.9564486
0.44158798	0.81352538	-9.5105858	8.9729042
0.44158798	0.81578052	-9.5963507	8.9729042
0.44314724	0.79612863	-9.457612	8.9482203
0.43846944	0.79516214	-9.4265013	8.9482203
0.43846944	0.80837077	-9.4542484	8.9564486
0.43691018	0.80579346	-9.2574921	8.9194221
0.44470653	0.80386049	-9.3794146	8.9317646
0.44158798	0.79741728	-9.3634377	8.9276505
0.43691018	0.8115924	-9.3155107	8.9605627
0.43691018	0.82415676	-9.3247595	8.9605627
0.43691018	0.81352538	-9.29533	8.9317646
0.44158798	0.80933726	-9.2818766	8.9276505
0.43846944	0.80482697	-9.1935892	8.9276505
0.44002873	0.80257189	-9.2129278	8.9029665
0.44158798	0.79935026	-9.1776123	8.9029665
0.44314724	0.80837077	-9.170886	8.9770184
0.43846944	0.8115924	-9.0489635	8.993475
0.44002873	0.81191456	-9.1700449	8.9523344
0.45094356	0.79870594	-9.1044598	8.915308
0.45250285	0.79258484	-9.1036186	8.8947382
0.44782501	0.78871888	-9.0657806	8.9235363
0.43691018	0.80514914	-9.035511	8.9399929
0.44314724	0.80353832	-9.0346699	8.9235363
0.44002873	0.80321616	-8.8866825	8.9235363
0.44002873	0.80514914	-8.96488	8.9111948
0.43223241	0.81384754	-8.9447002	8.9482203
0.43846944	0.81223673	-8.9346104	8.9564486
0.44314724	0.81545836	-8.9110661	8.9358788
0.43379164	0.81127024	-8.9077034	8.9276505
0.4493843	0.80386049	-8.8824778	8.915308
0.45250285	0.81255889	-8.8530483	8.9564486
0.44782501	0.81320322	-8.7857809	8.9605627
0.44782501	0.80675995	-8.7975531	8.9111948
0.44782501	0.80514914	-8.7908258	8.915308
0.44782501	0.79580647	-8.7529888	8.9235363
0.43846944	0.80482697	-8.5772524	8.9605627
0.44782501	0.79935026	-8.7218781	8.9399929
0.44782501	0.79967242	-8.6428385	8.9399929
0.44782501	0.79483998	-8.6882439	8.9317646
0.45094356	0.81030375	-8.6537695	9.0140448
0.44002873	0.8115924	-8.6066828	8.9729042
0.44626576	0.80192757	-8.5957518	8.9523344
0.44002873	0.80772644	-8.467103	8.9975891
0.44626576	0.81191456	-8.5637989	9.0346146
0.44470653	0.81127024	-8.5377331	9.0017033
0.44314724	0.80418265	-8.49401	8.9852467
0.44782501	0.81610268	-8.2980938	9.0140448
0.44158798	0.81996864	-8.4637394	8.993475
0.4493843	0.81320322	-8.4418774	8.9975891
0.4540621	0.80869293	-8.4284248	9.0099306
0.4540621	0.802894	-8.2552109	9.0099306
0.45094356	0.79419565	-8.3594751	8.9770184
0.45250285	0.7867859	-8.3409767	8.968791
0.44782501	0.79387349	-8.3107071	9.0222731
0.43846944	0.802894	-8.2653017	9.0222731
0.44470653	0.79516214	-8.3014574	8.9729042
0.45094356	0.80031675	-8.3006163	8.993475
0.4493843	0.8090151	-8.2594156	9.0181589
0.44314724	0.81835783	-8.1812172	9.0263872
0.4540621	0.81449187	-8.2156916	8.9975891
0.4540621	0.81674701	-8.1921482	9.0099306
0.44782501	0.8202908	-8.1744909	9.0140448
0.44626576	0.8264119	-7.9541907	9.0222731
0.45250285	0.80837077	-8.1063824	8.968791
0.45250285	0.81384754	-8.0727491	9.0017033
0.46029913	0.79773945	-8.0407963	8.9358788
0.4493843	0.81739134	-8.0618181	9.0263872
0.45562136	0.8016054	-8.0189352	8.9729042
0.44626576	0.7954843	-7.9777336	8.9811325
0.46029913	0.78614157	-7.8574939	8.9523344
0.4540621	0.78871888	-7.9356918	8.9975891
0.45094356	0.80643779	-7.9693255	9.0222731
0.44314724	0.81127024	-7.9298062	8.9975891
0.44782501	0.80611563	-7.7835002	9.0058165
0.45718065	0.7954843	-7.8591752	8.9770184
0.4540621	0.80643779	-7.8532896	9.0140448
0.44782501	0.81674701	-7.7658424	9.0305014
0.45562136	0.81223673	-7.6733499	9.0017033
0.4540621	0.81932431	-7.7439799	9.0140448
0.45094356	0.81481403	-7.7935896	8.9975891
0.45250285	0.80804861	-7.6338305	8.993475
0.45562136	0.78968537	-7.720437	9.0263872
0.46029913	0.80482697	-7.6926894	9.0387287
0.46185842	0.80708212	-7.6750312	9.0099306
0.46185842	0.80257189	-7.5035	8.9811325
0.46341768	0.80643779	-7.641398	9.0428429
0.45562136	0.80965942	-7.5951519	9.0387287
0.4540621	0.79483998	-7.5859022	8.993475
0.46029913	0.80353832	-7.4572539	9.0099306
0.45562136	0.80257189	-7.5463829	9.0058165
0.45562136	0.8054713	-7.4917283	9.0140448
0.45718065	0.80386049	-7.4791155	8.993475
0.45562136	0.80063891	-7.4513679	8.9811325
0.4540621	0.81932431	-7.4665031	9.0839825
0.45718065	0.80869293	-7.4210978	9.0017033
0.46029913	0.80418265	-7.3908277	9.0387287
0.46341768	0.79741728	-7.3370132	9.0346146
0.46497697	0.79645079	-7.3538303	9.0222731
0.46653622	0.80643779	-7.3571935	9.0305014
0.45562136	0.81191456	-7.2882447	9.0592985
0.46185842	0.80514914	-7.2907672	9.0592985
0.46341768	0.80772644	-7.2554522	9.07164
0.45873991	0.81062591	-7.2546115	9.0551844
0.46497697	0.79806161	-7.2495661	9.0428429
0.46653622	0.79999459	-7.2083654	9.0428429
0.45873991	0.80418265	-7.1638007	9.0634127
0.46809548	0.81255889	-7.1772542	9.0592985
0.46809548	0.80772644	-7.194912	9.0428429
0.46497697	0.80514914	-7.1209173	9.0634127
0.46029913	0.8177135	-7.0914884	9.0839825
0.4540621	0.8202908	-7.0057225	9.0798683
0.46029913	0.82061297	-6.9065037	9.0922108
0.46809548	0.82480109	-7.0259027	9.1045523
0.46809548	0.82802272	-7.0284252	9.0922108
0.46029913	0.83285517	-6.9914279	9.0880966
0.46965477	0.8090151	-6.9174342	9.0428429
0.47277325	0.81545836	-6.9426594	9.1004391
0.47121403	0.8177135	-6.9258423	9.0634127
0.46809548	0.81481403	-6.8888459	9.0798683
0.46341768	0.80386049	-6.8585753	9.07164
0.46653622	0.81513619	-6.8350315	9.1333504
0.46497697	0.80514914	-6.8182149	9.0757542
0.47277325	0.8115924	-6.8156929	9.0922108
0.47433254	0.8115924	-6.7921491	9.1210089
0.45562136	0.81739134	-6.7854223	9.1415787
0.46341768	0.83092219	-6.7391763	9.1415787
0.46341768	0.83092219	-6.6828399	9.1210089
0.46497697	0.84026492	-6.7181554	9.1662626
0.46809548	0.83092219	-6.6609778	9.1374645
0.46965477	0.82866704	-6.6323891	9.1374645
0.46809548	0.82673407	-6.602119	9.1415787
0.46653622	0.82093513	-6.6189356	9.1703768
0.46809548	0.81932431	-6.5836205	9.1744909
0.47745109	0.81932431	-6.559236	9.1580353
0.47433254	0.8090151	-6.550828	9.1621494
0.46965477	0.81867999	-6.5256023	9.2115173
0.47277325	0.81578052	-6.450768	9.1662626
0.47277325	0.8177135	-6.4684253	9.1868334
0.47433254	0.80998158	-6.4440413	9.1374645
0.4758918	0.80611563	-6.3961129	9.1415787
0.47433254	0.8016054	-6.4154525	9.1580353
0.46809548	0.8177135	-6.3868637	9.203289
0.4758918	0.81835783	-6.3263235	9.1703768
0.47277325	0.82351243	-6.3389363	9.2197456
0.46965477	0.82673407	-6.3086658	9.2074032
0.47121403	0.82705623	-6.2884855	9.1909475
0.47433254	0.82351243	-6.6155725	9.2074032
0.4758918	0.82673407	-6.266624	9.2115173
0.47277325	0.82705623	-6.2472839	9.227973
0.46497697	0.83543247	-6.1699271	9.2320871
0.46965477	0.81932431	-6.0564132	9.1909475
0.46809548	0.82544541	-6.1985154	9.2238598
0.47901034	0.81255889	-6.1354523	9.1827192
0.47745109	0.80933726	-6.1304078	9.203289
0.47277325	0.81674701	-6.0883656	9.2485437
0.47121403	0.83414382	-6.0648222	9.2485437
0.47277325	0.8299557	-6.0505276	9.2362013
0.4758918	0.83929843	-6.031188	9.2608852
0.48212889	0.82802272	-6.0345516	9.2403154
0.47901034	0.83800977	-5.9908276	9.2403154
0.47745109	0.84252006	-5.968966	9.2485437
0.47901034	0.8421979	-5.8949723	9.2608852
0.4805696	0.83349949	-5.9176745	9.2567711
0.4805696	0.83124435	-5.8630204	9.2115173
0.48368815	0.82834488	-5.8789959	9.2485437
0.47901034	0.8177135	-5.7881851	9.2732277
0.47745109	0.81320322	-5.7747316	9.2444296
0.4805696	0.81545836	-5.7898674	9.2567711
0.48524743	0.82512325	-5.8167734	9.2485437
0.47745109	0.83768761	-5.7410984	9.2732277
0.48368815	0.82061297	-5.7495065	9.2691135
0.49148446	0.80611563	-5.6931705	9.227973
0.48680666	0.81545836	-5.6965337	9.2567711
0.48524743	0.82576758	-5.6502872	9.2855692
0.48212889	0.83962059	-5.6561732	9.2937975
0.48524743	0.85154057	-5.6494465	9.3102541
0.49148446	0.84670818	-5.5998368	9.2691135
0.48836592	0.83188868	-5.4930501	9.2732277
0.48680666	0.82770056	-5.52248	9.2649994
0.48524743	0.83800977	-5.5157533	9.3061399
0.48836592	0.83639896	-5.514071	9.3184814
0.48992521	0.81964648	-5.4955726	9.3061399
0.49772155	0.81545836	-5.4854827	9.3184814
0.49460301	0.83156651	-5.4560533	9.3513937
0.49304372	0.82673407	-5.4291463	9.3267097
0.49148446	0.82576758	-5.3862629	9.3513937
0.50084007	0.82834488	-5.3904676	9.3225956
0.49304372	0.83800977	-5.3946719	9.3678503
0.49616227	0.83672112	-5.327404	9.359622
0.49772155	0.83124435	-5.2954526	9.3431664
0.49304372	0.84413087	-5.2971344	9.3513937
0.49616227	0.83897626	-5.2618194	9.3431664
0.49616227	0.84413087	-5.2147317	9.3760786
0.50084007	0.83639896	-5.2382755	9.3637362
0.50084007	0.8360768	-5.2054825	9.4048767
0.50395858	0.84928542	-5.1995964	9.4131041
0.49928078	0.8447752	-5.1533504	9.3966484
0.49928078	0.84703034	-5.1449423	9.4213324
0.50084007	0.84026492	-5.1096268	9.4254465
0.49616227	0.8360768	-5.0961733	9.4460163
0.50084007	0.84058708	-5.0600171	9.4665871
0.50084007	0.84638602	-5.056654	9.4789286
0.49616227	0.85250705	-5.0255427	9.4707003
0.5070771	0.85250705	-4.9944315	9.4707003
0.49616227	0.85089624	-4.9137106	9.4994993
0.50551784	0.84509736	-4.9893866	9.4665871
0.50395858	0.84767467	-4.948185	9.5036125
0.51019567	0.84541953	-4.9347315	9.4994993
0.50863642	0.8473525	-4.880918	9.5365248
0.51019567	0.83575463	-4.8691463	9.4871569
0.50551784	0.83994275	-4.8506474	9.5200691
0.50863642	0.83897626	-4.8086057	9.4830427
0.50551784	0.85025191	-4.8245816	9.5365248
0.50863642	0.86410493	-4.8027196	9.5529814
0.50239933	0.86442709	-4.7724495	9.5406389
0.50863642	0.85959464	-4.7531104	9.5282974
0.51487345	0.85347354	-4.7362933	9.5241833
0.51019567	0.85959464	-4.7018189	9.5817795
0.50863642	0.84284222	-4.663981	9.5365248
0.51799196	0.83511031	-4.6093264	9.5077267
0.52422905	0.84123141	-4.621098	9.5282974
0.52111053	0.84541953	-4.6345515	9.5488672
0.51331419	0.84670818	-4.5454226	9.569437
0.52111053	0.84058708	-4.5244012	9.5529814
0.52111053	0.84509736	-4.5546718	9.5488672
0.52422905	0.85701734	-4.5227199	9.569437
0.51799196	0.85540652	-4.4798369	9.5735512
0.51955122	0.86249411	-4.4924493	9.6064634
0.52111053	0.86442709	-4.461338	9.6064634
0.51955122	0.86281627	-4.4277048	9.6023493
0.53046608	0.85186273	-4.4075241	9.5776653
0.52422905	0.84348655	-4.2738304	9.6229191
0.52734756	0.85444003	-4.3722091	9.6558313
0.52578831	0.85218489	-4.3335304	9.6640587
0.53202534	0.84090924	-4.3158727	9.6599445
0.52890682	0.84155357	-4.3024192	9.6887436
0.52734756	0.84413087	-4.282239	9.6928568
0.53046608	0.85927248	-4.2612181	9.7010851
0.53202534	0.85959464	-4.1737704	9.6805153
0.53358465	0.86925954	-4.2082448	9.7010851
0.53514391	0.87602496	-4.2031999	9.7339973
0.52890682	0.87989092	-4.1502266	9.7545671
0.53358465	0.8757028	-4.0299869	9.7381115
0.53982168	0.8757028	-4.1098666	9.7175417
0.53982168	0.87441415	-4.1140709	9.7134275
0.53670317	0.87763578	-4.0947313	9.7751379
0.53826243	0.86700439	-3.9921486	9.7504539
0.54605877	0.85637301	-4.0047612	9.7669096
0.54138094	0.86313844	-4.0056024	9.7998219
0.54917729	0.86474925	-3.9778545	9.7957077
0.53982168	0.87989092	-3.942539	9.8533039
0.54449946	0.8634606	-3.9290857	9.7998219
0.54761803	0.86249411	-3.9408572	9.8327341
0.5429402	0.86893737	-3.895452	9.82862
0.55073655	0.87795794	-3.8206172	9.8697605
0.55385506	0.87989092	-3.8416381	9.8738737
0.56009215	0.88150173	-3.8592956	9.8738737
0.56165141	0.87119251	-3.8021185	9.8779879
0.55853289	0.86861521	-3.7659624	9.9026728
0.5522958	0.87924659	-3.7483046	9.9438124
0.55697358	0.88407904	-3.7180345	9.9396982
0.55853289	0.87795794	-3.7028995	9.9273567
0.55073655	0.89374393	-3.6793556	10.005523
0.56321067	0.8844012	-3.6995361	9.9273567
0.55541432	0.87538064	-3.6911275	9.960269
0.54449946	0.87666929	-3.6179745	9.9808388
0.52890682	0.87602496	-3.6272235	9.9643831
0.52578831	0.88246822	-3.6541307	10.009637
0.5429402	0.87312549	-3.5868633	9.9849529
0.55853289	0.86700439	-3.5801365	9.9972944
0.57880336	0.88279039	-3.5826588	10.013751
0.59127748	0.89213312	-3.5633197	10.026093
0.58659965	0.8966434	-3.5305269	10.017865
0.59595525	0.89535475	-3.4926889	10.059005
0.58504039	0.89793199	-3.464941	10.059005
0.57724404	0.89116663	-3.4464426	10.050777
0.57412553	0.89438826	-3.4044006	10.059005
0.58815891	0.88665634	-3.3758118	10.079576
0.57412553	0.9005093	-3.3909471	10.141286
0.57724404	0.89309961	-3.3505867	10.116602
0.57724404	0.90083146	-3.3203163	10.178312
0.58348113	0.89020014	-3.2740703	10.174198
0.58504039	0.90244228	-3.3034997	10.182425
0.58348113	0.90952986	-3.3177938	10.182425
0.59439594	0.90018713	-3.1504664	10.157742
0.58659965	0.90018713	-3.2295055	10.20711
0.59907377	0.88762283	-3.2084846	10.157742
0.59751451	0.89277744	-3.2017579	10.235909
0.60063303	0.8966434	-3.0377936	10.272934
0.59283674	0.8966434	-3.121037	10.264706
0.59439594	0.90501958	-3.1126285	10.264706
0.60687011	0.89857632	-3.0949709	10.22768
0.6037516	0.90727472	-3.0260217	10.301732
0.60531086	0.91404015	-3.0672231	10.297618
0.60998863	0.91242933	-3.0159316	10.309959
0.61154795	0.90469742	-3.0058415	10.322302
0.61154795	0.92048341	-2.9738896	10.363442
0.61778492	0.9127515	-2.9562318	10.342872
0.61622566	0.90340877	-2.9301658	10.367557
0.62246275	0.91371799	-2.9049406	10.396355
0.6302591	0.90759689	-2.8998957	10.425153
0.63337761	0.90952986	-2.8536491	10.43338
0.6302591	0.91790611	-2.8704662	10.462178
0.62402201	0.92080557	-2.8250604	10.478635
0.6411739	0.91178501	-2.817493	10.453951
0.64273316	0.89986497	-2.7889042	10.445723
0.6396147	0.92177206	-2.7771325	10.540345
0.64273316	0.93498075	-2.7182736	10.540345
0.64273316	0.94271266	-2.7073426	10.552688
0.65364808	0.94367915	-2.7022977	10.540345
0.65364808	0.95398831	-2.710706	10.589713
0.65520734	0.93852454	-2.5257208	10.556801
0.65364808	0.94013536	-2.6240995	10.618511
0.65988511	0.93272561	-2.6232584	10.597941
0.65676659	0.93949103	-2.5475829	10.618511
0.66456294	0.9423905	-2.5702856	10.655538
0.67079997	0.94561213	-2.550946	10.643196
0.67235923	0.93336993	-2.5492644	10.643196
0.67859632	0.94013536	-2.4634986	10.663766
0.68639266	0.93111479	-2.4920871	10.655538
0.68327409	0.93465859	-2.4382734	10.704906
0.68639266	0.92789316	-2.4164114	10.68845
0.68015558	0.9336921	-2.3861411	10.72959
0.677037	0.94561213	-2.3836186	10.811871
0.69262969	0.95044458	-2.3928678	10.787187
0.69418901	0.967197	-2.4012764	10.820099
0.70198524	0.96880782	-2.481997	10.811871
0.69574821	0.96365321	-2.3037386	10.857125
0.7113409	0.9459343	-2.2785132	10.799528
0.70510381	0.9523775	-2.2381527	10.844783
0.71601868	0.96429753	-2.2448795	10.865353
0.7113409	0.97138512	-2.2398345	10.906493
0.72537422	0.95334399	-2.2213361	10.869467
0.71601868	0.96268672	-2.0287831	10.918836
0.73005205	0.9549548	-2.0607352	10.918836
0.73472983	0.95559913	-2.1322067	10.951747
0.73472983	0.96429753	-2.1254799	10.951747
0.74720401	0.9610759	-2.0767112	10.922949
0.74720401	0.95527697	-2.0691435	10.931177
0.76123738	0.95720994	-2.0271015	10.94352
0.75032252	0.96816349	-2.0052395	11.005229
0.75655955	0.97557324	-2.4752703	11.038141
0.7643559	0.96945214	-1.9556299	11.017571
0.76279664	0.96365321	-1.9489032	11.017571
0.76747441	0.95914292	-1.9161103	11.005229
0.76747441	0.95269966	-1.8648189	10.997001
0.76903373	0.97235161	-1.9051794	11.103966
0.77838933	0.96816349	-1.8547287	11.079282
0.78462631	0.96236455	-1.8101642	11.099852
0.78930414	0.97170728	-1.7857797	11.12865
0.800219	0.97170728	-1.8000741	11.153334
0.79710048	0.96010941	-1.7706447	11.112193
0.80801529	0.96590835	-1.7395333	11.112193
0.81425238	0.9646197	-1.7243983	11.14922
0.81737089	0.96075374	-1.7033771	11.161562
0.82672656	0.96848565	-1.694128	11.161562
0.83452284	0.98169434	-1.661335	11.186246
0.83296359	0.97976136	-1.6150887	11.186246
0.84075987	0.97492892	-1.6108845	11.194474
0.83764136	0.98845977	-1.565479	11.219158
0.85635257	0.98523813	-1.5806141	11.21093
0.85947108	0.98974842	-1.5452988	11.219158
0.86726737	0.98394948	-1.5520256	11.219158
0.87038594	0.9942587	-1.5074608	11.235614
0.87662297	0.99071491	-1.3737669	11.227386
0.88597864	0.98072785	-1.4755089	11.25207
0.88286006	0.98330516	-1.4679413	11.268526
0.89221561	0.97911704	-1.3443375	11.284983
0.90313053	0.98427165	-1.3409741	11.322009
0.91404539	0.97718406	-1.3973105	11.338465
0.91404539	0.98974842	-1.3367698	11.367263
0.92028242	0.98620462	-1.3216348	11.326122
0.92963803	0.98330516	-1.2964095	11.359035
0.94367146	0.97847271	-1.2863193	11.387833
0.94055289	0.98717111	-1.2383913	11.396061
0.95458627	1.0023128	-1.2434363	11.428973
0.96082336	1.0071452	-1.2417547	11.437201
0.97797525	1.0110111	-1.2375504	11.437201
0.97953451	1.0029571	-1.1627154	11.404289
0.98265302	0.99619168	-1.1307634	11.404289
0.99668646	0.99683601	-1.149262	11.428973
0.99356794	0.99715817	-1.0828354	11.478341
1.0076013	0.99812466	-1.0819945	11.461885
1.0138384	1.0003798	-0.96932161	11.470114
1.0309904	0.9820165	-1.0273398	11.457771
1.0372273	0.9916814	-1.0483608	11.482455
1.0450237	0.99973547	-1.0180905	11.523596
1.0543793	1.0068231	-0.97268504	11.515368
1.0637349	1.0039235	-0.93905127	11.52771
1.0777682	0.99715817	-0.93652874	11.482455
1.0824461	0.99683601	-0.84571773	11.515368
1.0933609	1.0110111	-0.8726247	11.560622
1.1027164	1.0068231	-0.8373093	11.577078
1.1167499	1.0032792	-0.82890087	11.535938
1.1370203	0.99876899	-0.81712902	11.52771
1.1385796	1.0193874	-0.80283475	11.601762
1.1510537	1.0151993	-0.75238413	11.589419
1.1650871	1.0219647	-0.72295469	11.618218
1.1806798	1.0235755	-0.74061239	11.638787
1.1962725	1.0116554	-0.72379553	11.614103
1.2040688	1.0074674	-0.71118289	11.667586
1.22278	1.0116554	-0.6699816	11.642902
1.229017	1.0171323	-0.65568721	11.696384
1.2446097	1.0158436	-0.60860002	11.6717
1.2570838	1.0139107	-0.59514654	11.700499
1.2679986	1.0171323	-0.5287199	11.700499
1.2835913	1.0171323	-0.55983114	11.700499
1.3007432	1.0267972	-0.53712839	11.733411
1.3178951	1.0287302	-0.53376502	11.69227
1.3319285	1.0361398	-0.48247358	11.700499
1.3428434	1.0332404	-0.49508622	11.733411
1.3599954	1.0329182	-0.43874976	11.716955
1.3724695	1.0338848	-0.38914001	11.721068
1.3942991	1.0313075	-0.40091181	11.71284
1.4067733	1.0316296	-0.38241324	11.721068
1.4286031	1.022609	-0.36055133	11.741639
1.4441956	1.0229312	-0.33196265	11.749867
1.4675847	1.0168101	-0.32019088	11.737524
1.4800588	1.0174544	-0.29916978	11.745752
1.5003291	1.0322739	-0.28151208	11.807464
1.5190405	1.0229312	-0.2369474	11.770436
1.5393109	1.0300188	-0.23778825	11.786893
1.5626998	1.022609	-0.17556584	11.766323
1.5767332	1.0296966	-0.16631658	11.828032
1.6001223	1.0374285	-0.15286309	11.819805
1.615715	1.0325961	-0.12511526	11.78278
1.6391039	1.0287302	-0.094844908	11.786893
1.6624929	1.0371064	-0.068778761	11.844489
1.6765263	1.0371064	-0.43874976	11.807464
1.7030338	1.0209982	-0.059529483	11.791007
1.7342192	1.0203539	-0.021691538	11.803349
1.7529303	1.0116554	0.027077371	11.786893
1.77476	1.0139107	-0.014123949	11.786893
1.8059454	1.0174544	-0.0073972028	11.828032
1.8028269	1.0190653	-0.0065563596	11.844489
1.8028269	1.0168101	0.0018520731	11.828032
1.8012676	1.022609	-0.013283106	11.840376
1.8168603	1.0110111	0.0052154465	11.819805
1.8199787	1.0151993	-0.023373226	11.877401
1.8340122	1.0274415	-0.025054913	11.856832
1.8386899	1.0255085	-0.014123949	11.86506
1.8355714	1.0309852	-0.017487323	11.856832
1.8293343	1.0380728	0.012783037	11.902085
1.8355714	1.038395	-0.032622501	11.86506
1.8246565	1.0322739	-0.0082380464	11.848603
1.8199787	1.0322739	-0.032622501	11.840376
1.8090639	1.0296966	-0.014123949	11.848603
1.8059454	1.0303409	-0.024214068	11.840376
1.8059454	1.0222869	0.0026929164	11.852716
1.7934712	1.0209982	-0.0082380464	11.86506
1.7887934	1.0296966	0.0010112298	11.906199
1.7856749	1.0151993	0.007737976	11.852716
1.7841157	1.0155214	-0.020850696	11.856832
1.7778785	1.0132663	-0.0057155164	11.873288
1.7778785	1.0284079	-0.015805636	11.914428
1.77476	1.0258306	0.007737976	11.852716
1.7700822	1.0358177	-0.0048746732	11.902085
1.768523	1.0306631	0.016987253	11.889744
1.7576081	1.0338848	0.0085788192	11.897972
1.7560488	1.0329182	-0.018328166	11.873288
1.7560488	1.0193874	-0.0065563596	11.836261
1.7513711	1.0290523	0.011942193	11.869173
1.7498119	1.0271193	0.0026929164	11.852716
1.7482526	1.0287302	0.01110135	11.852716
1.7451341	1.0293745	0.0052154465	11.877401
1.7373377	1.0354955	-0.0015113001	11.906199
1.7451341	1.0219647	0.0043746028	11.836261
1.7311007	1.0358177	-0.0015113001	11.877401
1.7311007	1.0364621	0.020350626	11.889744
1.7357785	1.0306631	0.0018520731	11.860945
1.7357785	1.0332404	-0.0073972028	11.881516
1.7248635	1.0432274	-0.0023521434	11.885629
1.7186265	1.0332404	0.022032311	11.856832
1.7201858	1.026475	-0.00067045673	11.840376
1.7170672	1.0409724	0.0043746028	11.869173
1.715508	1.038395	-0.021691538	11.877401
1.7201858	1.0393615	-0.0057155164	11.852716
1.715508	1.0506371	-0.020009853	11.906199
1.7233043	1.0509593	-0.025895756	11.840376
1.7108301	1.0461268	-0.00067045673	11.860945
1.7123893	1.0432274	0.0060562897	11.848603
1.7123893	1.0367842	0.0094196629	11.828032
1.7123893	1.0335625	-0.013283106	11.828032
1.7092708	1.0216426	0.0043746028	11.823919
1.7077116	1.0348512	-0.035985876	11.873288
1.6999153	1.0329182	-0.010760576	11.828032
1.6983559	1.0316296	-0.0040338296	11.811577
1.6936781	1.0238976	0.025395684	11.823919
1.7014745	1.0261528	-0.0048746732	11.848603
1.6999153	1.0097225	0.0060562897	11.823919
1.7030338	1.0132663	-0.01916901	11.832148
1.7061523	1.0232533	-0.01664648	11.844489
1.6967967	1.0371064	-0.030940816	11.889744
1.6921189	1.0419388	-0.014964793	11.86506
1.6952374	1.0467712	-0.014123949	11.877401
1.6952374	1.038395	0.027918214	11.856832
1.6874412	1.042261	0.0068971328	11.893857
1.6983559	1.0361398	-0.0048746732	11.844489
1.6843227	1.0309852	-0.00067045673	11.86506
1.6890004	1.0429053	-0.01160142	11.889744
1.685882	1.0329182	-0.0031929866	11.86506
1.6874412	1.0400058	-0.023373226	11.914428
1.6874412	1.0432274	0.014464723	11.893857
1.6843227	1.0348512	0.0001703865	11.86506
1.6843227	1.0309852	-0.030099971	11.889744
1.6827635	1.0335625	-0.014123949	11.881516
1.6812042	1.0271193	-0.0048746732	11.869173
1.6890004	1.0390394	-0.015805636	11.885629
1.6780856	1.0380728	-0.025895756	11.852716
1.6780856	1.0409724	-0.0057155164	11.873288
1.6749671	1.0519258	0.0026929164	11.881516
1.6718485	1.0454826	-0.0048746732	11.869173
1.6796449	1.0451604	0.007737976	11.877401
1.6780856	1.0548253	-0.026736598	11.889744
1.6812042	1.0512815	0.0018520731	11.897972
1.6749671	1.0342069	-0.032622501	11.906199
1.6749671	1.0345291	-0.0090788892	11.885629
1.6749671	1.0293745	-0.0065563596	11.877401
1.6734078	1.0287302	0.0094196629	11.86506
1.6734078	1.0416167	-0.022532383	11.918541
1.6765263	1.0380728	-0.021691538	11.869173
1.6656115	1.0313075	0.0026929164	11.869173
1.6671708	1.0274415	-0.021691538	11.877401
1.6702893	1.0213203	0.0010112298	11.869173
1.6718485	1.0319518	0.0001703865	11.893857
1.6718485	1.0319518	-0.023373226	11.844489
1.6671708	1.0387172	-0.01160142	11.852716
1.6656115	1.0419388	0.0026929164	11.873288
1.6624929	1.0255085	0.022873154	11.852716
1.66873	1.0325961	-0.010760576	11.836261
1.6702893	1.026475	0.0052154465	11.836261
1.6578151	1.0364621	-0.025895756	11.893857
1.6609336	1.0380728	0.0010112298	11.873288
1.6734078	1.0267972	-0.030940816	11.844489
1.6624929	1.0238976	0.027077371	11.869173
1.6671708	1.0309852	0.010260507	11.86506
1.6656115	1.0338848	-0.023373226	11.869173
1.6593744	1.0354955	-0.0073972028	11.869173
1.6624929	1.0284079	0.01614641	11.885629
1.6593744	1.0371064	0.012783037	11.885629
1.6624929	1.0300188	0.0026929164	11.848603
1.6609336	1.0358177	-0.0048746732	11.86506
1.6640522	1.0351734	-0.024214068	11.873288
1.6624929	1.0367842	-0.01916901	11.840376
1.6609336	1.0380728	0.015305566	11.840376
1.6500188	1.0400058	0.011942193	11.877401
1.6500188	1.0496707	-0.022532383	11.934998
1.6609336	1.042261	-0.0090788892	11.902085
1.6593744	1.0467712	-0.036826719	11.914428
1.6515781	1.0438718	0.0010112298	11.889744
1.6546966	1.0371064	0.012783037	11.869173
1.6562558	1.0213203	-0.010760576	11.840376
1.6484596	1.0229312	0.03128159	11.877401
1.6484596	1.0348512	0.0060562897	11.885629
1.6531373	1.0274415	0.016987253	11.877401
1.6515781	1.0319518	-0.0082380464	11.910314
1.6562558	1.0306631	-0.027577441	11.873288
1.6453409	1.0284079	0.012783037	11.877401
1.6469002	1.0361398	0.01110135	11.889744
1.6484596	1.0342069	-0.018328166	11.889744
1.6469002	1.0306631	-0.01916901	11.86506
1.6515781	1.0342069	-0.0031929866	11.844489
1.6500188	1.0296966	-0.01160142	11.860945
1.6469002	1.0277636	0.0018520731	11.873288
1.6531373	1.0238976	0.0094196629	11.877401
1.6453409	1.0325961	0.0026929164	11.918541
1.6469002	1.0235755	0.023713998	11.873288
1.6453409	1.0258306	0.012783037	11.885629
1.6515781	1.0193874	-0.023373226	11.848603
1.6453409	1.014555	-0.0040338296	11.877401
1.6437817	1.0161657	-0.00067045673	11.836261
1.6531373	1.0190653	-0.0023521434	11.836261
1.6437817	1.022609	0.026236527	11.86506
1.6406631	1.0293745	-0.030099971	11.881516
1.6531373	1.0322739	-0.017487323	11.877401
1.6391039	1.0284079	0.025395684	11.856832
1.6437817	1.0229312	-0.024214068	11.852716
1.6484596	1.0193874	0.01614641	11.860945
1.6391039	1.0248642	-0.014964793	11.889744
1.6422224	1.0329182	-0.0040338296	11.885629
1.6469002	1.0354955	-0.033463344	11.897972
1.6437817	1.040328	-0.030099971	11.877401
1.6359854	1.0329182	-0.0057155164	11.86506
1.6515781	1.0287302	-0.023373226	11.873288
1.6453409	1.0209982	-0.0048746732	11.856832
1.6391039	1.0238976	-0.012442263	11.86506
1.6422224	1.0358177	-0.0040338296	11.897972
1.6437817	1.0316296	0.0010112298	11.844489
1.6375446	1.0313075	0.0085788192	11.902085
1.6328669	1.0280858	0.014464723	11.873288
1.6453409	1.0251863	-0.0023521434	11.844489
1.6359854	1.0287302	-0.027577441	11.869173
1.6437817	1.0425831	-0.0082380464	11.910314
1.6359854	1.0458047	-0.027577441	11.860945
1.6344261	1.0335625	0.0001703865	11.856832
1.6313075	1.0316296	0.022873154	11.848603
1.6313075	1.0293745	0.013623879	11.885629
1.6344261	1.0306631	-0.028418286	11.860945
1.6422224	1.038395	-0.014123949	11.877401
1.6391039	1.0242199	-0.0040338296	11.86506
1.6359854	1.0209982	-0.023373226	11.877401
1.6359854	1.0119777	0.023713998	11.844489
1.6422224	1.0055344	-0.020850696	11.860945
1.6359854	1.0168101	-0.0073972028	11.885629
1.6344261	1.0242199	0.0001703865	11.860945
1.6391039	1.0296966	0.0001703865	11.885629
1.6297482	1.0400058	0.013623879	11.893857
1.6297482	1.0467712	-0.021691538	11.930884
1.6344261	1.0313075	-0.0090788892	11.848603
1.628189	1.0348512	-0.0031929866	11.856832
1.6344261	1.0432274	-0.036826719	11.86506
1.6375446	1.0364621	0.0052154465	11.869173
1.6359854	1.0377507	-0.0048746732	11.881516
1.6313075	1.0364621	-0.018328166	11.893857
1.6266297	1.0435497	-0.0057155164	11.918541
1.6297482	1.0361398	-0.0023521434	11.897972
1.6313075	1.0371064	-0.014123949	11.906199
1.6266297	1.0361398	-0.026736598	11.873288
1.6266297	1.0325961	-0.0040338296	11.869173
1.6235113	1.0358177	-0.0057155164	11.926769
1.6250705	1.0322739	-0.0090788892	11.889744
1.628189	1.0371064	-0.017487323	11.902085
1.6250705	1.0409724	-0.029259128	11.885629
1.6297482	1.044194	0.0043746028	11.869173
1.6313075	1.0499928	-0.018328166	11.889744
1.6313075	1.0506371	-0.020850696	11.918541
1.628189	1.0445161	-0.018328166	11.889744
1.628189	1.0429053	0.0010112298	11.897972
1.6297482	1.0448383	-0.028418286	11.889744
1.6250705	1.0306631	-0.0073972028	11.877401
1.6297482	1.0313075	-0.04523515	11.906199
1.6328669	1.0293745	0.010260507	11.881516
1.6250705	1.0267972	0.0052154465	11.881516
1.6235113	1.0203539	-0.020850696	11.86506
1.6203928	1.0190653	0.0018520731	11.902085
1.6250705	1.0174544	-0.0073972028	11.889744
1.6219521	1.024542	-0.013283106	11.897972
1.6203928	1.0313075	-0.032622501	11.893857
1.6250705	1.0296966	-0.01664648	11.877401
1.6250705	1.0313075	-0.010760576	11.860945
1.6250705	1.0261528	0.020350626	11.86506
1.6235113	1.0319518	-0.0048746732	11.877401
1.6235113	1.0306631	0.0035337596	11.881516
1.6266297	1.0448383	-0.022532383	11.869173
1.6250705	1.0387172	-0.0099197328	11.869173
1.6203928	1.0390394	-0.010760576	11.873288
1.6203928	1.0351734	0.03128159	11.828032
1.6219521	1.0335625	-0.018328166	11.856832
1.628189	1.0177766	0.0001703865	11.86506
1.6250705	1.0168101	-0.0023521434	11.873288
1.6203928	1.0209982	-0.020009853	11.873288
1.6203928	1.0232533	-0.012442263	11.885629
1.6235113	1.018743	-0.0099197328	11.869173
1.6235113	1.0261528	-0.0065563596	11.906199
1.6172743	1.0309852	-0.028418286	11.885629
1.6203928	1.0361398	-0.041871779	11.869173
1.6172743	1.0319518	0.019509783	11.848603
1.6219521	1.0316296	-0.0048746732	11.86506
1.6188335	1.0351734	-0.0015113001	11.885629
1.6172743	1.0377507	-0.0090788892	11.869173
1.6266297	1.0358177	0.010260507	11.856832
1.6203928	1.0287302	-0.038508404	11.877401
1.6219521	1.0332404	-0.01160142	11.869173
1.6250705	1.0303409	0.01110135	11.86506
1.615715	1.0229312	-0.01916901	11.856832
1.6094779	1.0306631	-0.0040338296	11.897972
1.6188335	1.0216426	0.007737976	11.856832
1.6250705	1.0261528	-0.013283106	11.877401
1.6219521	1.024542	-0.0099197328	11.889744
1.6219521	1.0216426	0.012783037	11.910314
1.615715	1.0277636	0.012783037	11.902085
1.6188335	1.0219647	-0.0099197328	11.877401
1.6188335	1.0290523	-0.00067045673	11.885629
1.6172743	1.0338848	-0.020850696	11.897972
1.6172743	1.0332404	-0.00067045673	11.897972
1.6235113	1.0374285	-0.0040338296	11.881516
1.6172743	1.0432274	0.0018520731	11.897972
1.615715	1.0548253	-0.0040338296	11.914428
1.6219521	1.042261	0.013623879	11.860945
1.615715	1.0358177	0.0043746028	11.86506
1.6063594	1.0387172	0.0001703865	11.893857
1.6188335	1.0274415	0.0035337596	11.869173
1.6079186	1.0258306	0.0010112298	11.856832
1.615715	1.0280858	-0.0031929866	11.869173
1.6172743	1.0325961	-0.0065563596	11.910314
1.6125964	1.0306631	-0.01160142	11.856832
1.6125964	1.0371064	-0.0048746732	11.881516
1.6141558	1.0325961	-0.0040338296	11.869173
1.6110371	1.0338848	-0.018328166	11.897972
1.6141558	1.0267972	0.017828096	11.869173
1.615715	1.0219647	0.010260507	11.877401
1.6079186	1.038395	0.0010112298	11.910314
1.615715	1.0416167	-0.025054913	11.885629
1.6094779	1.0474155	-0.024214068	11.918541
1.6094779	1.048382	-0.01916901	11.885629
1.6094779	1.0564361	0.01614641	11.906199
1.6125964	1.0358177	0.014464723	11.856832
1.615715	1.0393615	-0.020009853	11.852716
1.6125964	1.0335625	0.0010112298	11.844489
1.6188335	1.0322739	-0.014964793	11.860945
1.6094779	1.0319518	-0.018328166	11.889744
1.6063594	1.0416167	-0.0048746732	11.902085
1.6110371	1.0393615	-0.0073972028	11.873288
1.6188335	1.0335625	0.0026929164	11.86506
1.615715	1.0313075	-0.017487323	11.856832
1.6032408	1.0377507	-0.015805636	11.906199
1.6125964	1.0284079	0.010260507	11.856832
1.6110371	1.0255085	0.0060562897	11.873288
1.6063594	1.0377507	-0.0040338296	11.873288
1.6094779	1.0313075	-0.018328166	11.885629
1.6063594	1.0309852	-0.018328166	11.877401
1.6079186	1.038395	0.0010112298	11.893857
1.6094779	1.0416167	0.0010112298	11.873288
1.6063594	1.0419388	-0.013283106	11.877401
1.6032408	1.0474155	-0.0082380464	11.918541
1.6079186	1.0338848	-0.0082380464	11.885629
1.6048001	1.0390394	-0.01664648	11.910314
1.6141558	1.0300188	-0.014964793	11.856832
1.6048001	1.0267972	0.0068971328	11.869173
1.6063594	1.0248642	-0.048598524	11.877401
1.6063594	1.0219647	0.0010112298	11.869173
1.6110371	1.0322739	0.0018520731	11.906199
1.6032408	1.0335625	-0.0057155164	11.906199
1.6016816	1.0409724	-0.0057155164	11.889744
1.6094779	1.0329182	-0.017487323	11.897972
1.6063594	1.0280858	-0.0031929866	11.869173
1.6094779	1.0319518	0.0035337596	11.873288
1.6079186	1.0351734	-0.024214068	11.860945
1.6032408	1.0380728	-0.0065563596	11.889744
1.6016816	1.0538588	-0.014123949	11.897972
1.6032408	1.048382	-0.0090788892	11.918541
1.5954444	1.0374285	0.011942193	11.873288
1.6063594	1.0306631	-0.014964793	11.869173
1.6079186	1.0284079	0.0010112298	11.897972
1.6079186	1.0451604	-0.017487323	11.959682
1.6048001	1.0306631	-0.018328166	11.889744
1.6016816	1.0274415	-0.0082380464	11.873288
1.6032408	1.0255085	0.029599901	11.852716
1.6048001	1.0300188	0.0018520731	11.881516
1.6032408	1.0242199	0.01614641	11.881516
1.6001223	1.0319518	-0.01160142	11.910314
1.6001223	1.0348512	0.012783037	11.897972
1.6110371	1.0290523	-0.030940816	11.869173
1.6079186	1.0371064	-0.013283106	11.906199
1.6048001	1.0477377	0.0018520731	11.918541
1.5985631	1.054181	-0.0065563596	11.918541
1.5954444	1.054181	-0.0073972028	11.922656
1.6079186	1.0474155	0.012783037	11.910314
1.5970037	1.0345291	0.018668938	11.860945
1.6032408	1.0251863	0.0094196629	11.877401
1.6063594	1.0219647	-0.0015113001	11.893857
1.6016816	1.022609	-0.034304187	11.852716
1.5985631	1.0271193	-0.012442263	11.877401
1.6016816	1.0335625	0.0035337596	11.873288
1.6001223	1.022609	0.018668938	11.852716
1.5938852	1.0332404	0.0018520731	11.889744
1.5954444	1.0348512	0.012783037	11.893857
1.5970037	1.040328	-0.00067045673	11.926769
1.5970037	1.0461268	0.0010112298	11.897972
1.6001223	1.0445161	-0.0031929866	11.889744
1.6079186	1.0454826	0.0094196629	11.86506
1.6016816	1.0535367	0.011942193	11.914428
1.6048001	1.0412945	-0.0015113001	11.873288
1.6048001	1.0332404	0.016987253	11.873288
1.5923259	1.0390394	0.012783037	11.906199
1.5985631	1.0374285	-0.0082380464	11.889744
1.5970037	1.0242199	0.010260507	11.877401
1.5876482	1.0325961	-0.021691538	11.926769
1.5985631	1.0203539	-0.020009853	11.881516
1.5985631	1.0155214	0.022032311	11.86506
1.5970037	1.0155214	-0.0090788892	11.852716
1.6001223	1.0293745	0.0094196629	11.906199
1.6001223	1.0354955	0.021191468	11.910314
1.6016816	1.0316296	-0.010760576	11.885629
1.5985631	1.0345291	-0.020850696	11.897972
1.6001223	1.0255085	0.017828096	11.893857
1.5938852	1.0293745	0.0094196629	11.910314
1.5970037	1.0287302	-0.0015113001	11.860945
1.5970037	1.0325961	0.028759057	11.852716
1.5985631	1.0277636	-0.01160142	11.869173
1.6032408	1.0293745	-0.0082380464	11.914428
1.5985631	1.0300188	0.027077371	11.86506
1.5985631	1.0338848	-0.0023521434	11.881516
1.5954444	1.0180987	0.0060562897	11.856832
1.5954444	1.0135884	0.022873154	11.869173
1.5970037	1.0248642	0.0035337596	11.906199
1.5954444	1.0229312	0.012783037	11.889744
1.5907667	1.0271193	0.0001703865	11.877401
1.5923259	1.024542	0.0052154465	11.885629
1.5970037	1.0209982	0.0068971328	11.889744
1.5938852	1.0329182	0.0010112298	11.902085
1.5938852	1.0348512	0.0026929164	11.902085
1.6016816	1.0332404	-0.01664648	11.86506
1.5907667	1.0219647	0.021191468	11.844489
1.5954444	1.0184209	0.0068971328	11.885629
1.5892074	1.0335625	-0.010760576	11.902085
1.5892074	1.0412945	-0.0082380464	11.889744
1.5970037	1.0287302	0.0018520731	11.869173
1.5938852	1.0348512	0.0018520731	11.885629
1.6001223	1.0303409	0.03128159	11.889744
1.5876482	1.016488	0.0068971328	11.885629
1.5938852	1.0193874	-0.0090788892	11.885629
1.6016816	1.0190653	-0.020850696	11.873288
1.5923259	1.0177766	-0.00067045673	11.889744
1.5907667	1.0338848	-0.014123949	11.914428
1.5938852	1.042261	0.0018520731	11.910314
1.6016816	1.0316296	-0.0040338296	11.869173
1.5954444	1.0351734	-0.014123949	11.881516
1.5954444	1.0429053	0.0060562897	11.889744
1.5907667	1.0387172	-0.0040338296	11.869173
1.5954444	1.0309852	0.0094196629	11.877401
1.5938852	1.0361398	0.016987253	11.922656
1.5923259	1.0416167	-0.0073972028	11.877401
1.5907667	1.0409724	-0.014123949	11.881516
1.5892074	1.0374285	0.0010112298	11.881516
1.5954444	1.0412945	-0.0057155164	11.897972
1.5923259	1.0432274	-0.00067045673	11.893857
1.5892074	1.038395	0.010260507	11.889744
1.5907667	1.0316296	-0.01160142	11.885629
1.5907667	1.0358177	-0.030099971	11.893857
1.5892074	1.0377507	0.0026929164	11.910314
1.5938852	1.0280858	-0.010760576	11.869173
1.5938852	1.0316296	0.0018520731	11.906199
1.5907667	1.0358177	-0.018328166	11.889744
1.5892074	1.042261	-0.023373226	11.906199
1.5938852	1.0461268	-0.024214068	11.893857
1.5907667	1.038395	-0.012442263	11.881516
1.5892074	1.0400058	-0.0065563596	11.860945
1.5923259	1.0461268	-0.010760576	11.902085
1.5845296	1.0425831	0.0035337596	11.885629
1.5938852	1.0409724	-0.024214068	11.873288
1.5938852	1.0467712	-0.035985876	11.910314
1.5954444	1.0461268	-0.015805636	11.893857
1.5860889	1.0316296	-0.0048746732	11.860945
1.5892074	1.0329182	-0.020850696	11.922656
1.5829704	1.0313075	-0.00067045673	11.889744
1.5907667	1.0242199	-0.029259128	11.881516
1.5907667	1.0274415	0.0001703865	11.877401
1.5845296	1.0329182	0.0010112298	11.897972
1.5954444	1.0306631	0.011942193	11.906199
1.5860889	1.0267972	0.038008336	11.869173
1.5876482	1.0348512	-0.0015113001	11.922656
1.5954444	1.0361398	0.0052154465	11.889744
1.5860889	1.0528923	-0.020850696	11.910314
1.5907667	1.0429053	-0.010760576	11.873288
1.5938852	1.0367842	-0.0057155164	11.869173
1.5985631	1.0271193	-0.0031929866	11.860945
1.5860889	1.0293745	0.0010112298	11.889744
1.5876482	1.0313075	0.0026929164	11.910314
1.5845296	1.0303409	-0.0057155164	11.893857
1.5923259	1.0258306	-0.014964793	11.889744
1.5845296	1.0284079	0.015305566	11.877401
1.5860889	1.0271193	0.0052154465	11.881516
1.5798517	1.026475	-0.020850696	11.897972
1.5892074	1.0203539	-0.0073972028	11.860945
1.5829704	1.0374285	-0.014964793	11.918541
1.5845296	1.0351734	-0.0057155164	11.885629
1.581411	1.0342069	0.0001703865	11.860945
1.5798517	1.0345291	0.0085788192	11.86506
1.5845296	1.0416167	-0.041030932	11.860945
1.5829704	1.0477377	-0.0048746732	11.906199
1.5923259	1.0348512	-0.0023521434	11.889744
1.581411	1.0425831	-0.0073972028	11.893857
1.5938852	1.0393615	-0.018328166	11.86506
1.5892074	1.0316296	0.007737976	11.885629
1.5907667	1.0258306	0.029599901	11.873288
1.5860889	1.0258306	0.029599901	11.873288
1.5845296	1.0280858	-0.00067045673	11.86506
1.5907667	1.0258306	-0.010760576	11.856832
1.5798517	1.0238976	0.0018520731	11.869173
1.581411	1.0290523	-0.0073972028	11.860945
1.5860889	1.0371064	0.0085788192	11.885629
1.5876482	1.0329182	-0.026736598	11.926769
1.581411	1.0416167	0.0018520731	11.910314
1.5860889	1.0371064	-0.010760576	11.885629
1.5782925	1.040328	-0.0065563596	11.897972
1.5829704	1.0377507	-0.0065563596	11.914428
1.5860889	1.0335625	-0.0082380464	11.86506
1.5845296	1.0335625	-0.01664648	11.869173
1.5907667	1.0255085	-0.018328166	11.877401
1.5860889	1.0377507	0.014464723	11.889744
1.5829704	1.0248642	0.022873154	11.856832
1.5845296	1.0325961	-0.01664648	11.902085
1.5829704	1.0229312	-0.012442263	11.877401
1.5767332	1.0190653	0.0052154465	11.856832
1.5876482	1.0135884	-0.0065563596	11.877401
1.5829704	1.0222869	-0.010760576	11.877401
1.5829704	1.0190653	-0.0040338296	11.877401
1.5845296	1.0319518	-0.014123949	11.922656
1.5845296	1.0303409	-0.0057155164	11.893857
1.5767332	1.0409724	-0.01160142	11.926769
1.581411	1.0467712	0.0010112298	11.918541
1.5829704	1.048382	-0.018328166	11.906199
1.5892074	1.048382	-0.023373226	11.893857
1.5860889	1.0435497	-0.024214068	11.852716
1.5845296	1.0506371	-0.0040338296	11.869173
1.581411	1.0432274	0.038849179	11.852716
1.581411	1.0351734	0.0043746028	11.869173
1.5860889	1.0387172	-0.022532383	11.881516
1.5767332	1.0367842	-0.01160142	11.918541
1.581411	1.0296966	-0.030940816	11.86506
1.581411	1.0406501	0.013623879	11.893857
1.5876482	1.0248642	-0.0073972028	11.852716
1.581411	1.0232533	-0.00067045673	11.889744
1.5907667	1.0197096	0.015305566	11.873288
1.5798517	1.0271193	-0.0065563596	11.889744
1.5829704	1.0280858	-0.021691538	11.873288
1.5798517	1.0329182	-0.015805636	11.910314
1.5829704	1.0400058	-0.020850696	11.918541
1.5829704	1.0338848	-0.0048746732	11.889744
1.5829704	1.0371064	-0.0082380464	11.856832
1.581411	1.0332404	0.015305566	11.877401
1.5782925	1.0280858	-0.018328166	11.869173
1.581411	1.0232533	0.011942193	11.869173
1.5876482	1.0132663	-0.013283106	11.873288
1.5782925	1.0284079	0.012783037	11.906199
1.5767332	1.0364621	-0.026736598	11.930884
1.581411	1.0293745	-0.036826719	11.893857
1.5720555	1.0287302	-0.012442263	11.897972
1.581411	1.026475	-0.020850696	11.86506
1.5876482	1.0219647	-0.014123949	11.840376
1.5829704	1.0290523	-0.01160142	11.885629
1.5782925	1.0248642	-0.01160142	11.897972
1.581411	1.0267972	0.0026929164	11.860945
1.575174	1.0296966	-0.010760576	11.86506
1.5860889	1.0332404	0.0060562897	11.869173
1.5782925	1.040328	0.0026929164	11.918541
1.5782925	1.0261528	-0.0099197328	11.869173
1.5892074	1.0345291	-0.0082380464	11.881516
1.581411	1.0364621	0.027918214	11.889744
1.5845296	1.0409724	0.0094196629	11.889744
1.5829704	1.0448383	-0.0065563596	11.897972
1.5829704	1.0358177	-0.020850696	11.910314
1.5767332	1.0361398	0.016987253	11.910314
1.5798517	1.0306631	0.0010112298	11.893857
1.5782925	1.0251863	0.0068971328	11.889744
1.5798517	1.0377507	-0.00067045673	11.897972
1.5829704	1.040328	-0.021691538	11.885629
1.5767332	1.0319518	-0.012442263	11.869173
1.5782925	1.038395	0.0085788192	11.869173
1.5845296	1.0345291	0.012783037	11.881516
1.581411	1.0425831	-0.0023521434	11.906199
1.5782925	1.0474155	-0.027577441	11.897972
1.5767332	1.0406501	0.01614641	11.873288
1.581411	1.0435497	0.0094196629	11.885629
1.5798517	1.0538588	-0.015805636	11.902085
1.575174	1.0496707	0.010260507	11.873288
1.5798517	1.0390394	-0.024214068	11.869173
1.5782925	1.0371064	-0.0073972028	11.889744
1.5782925	1.0348512	-0.026736598	11.914428
1.5845296	1.0316296	-0.014123949	11.86506
1.5736147	1.0267972	-0.014123949	11.869173
1.5782925	1.0335625	-0.0073972028	11.877401
1.5767332	1.0296966	0.012783037	11.906199
1.5736147	1.0232533	0.023713998	11.869173
1.581411	1.0219647	-0.023373226	11.889744
1.581411	1.0190653	-0.01664648	11.86506
1.5767332	1.0322739	-0.021691538	11.873288
1.575174	1.042261	-0.0023521434	11.873288
1.5720555	1.0332404	-0.0057155164	11.885629
1.5704962	1.0258306	0.012783037	11.877401
1.5782925	1.026475	0.014464723	11.877401
1.5782925	1.0219647	0.0001703865	11.881516
1.5767332	1.0277636	-0.024214068	11.922656
1.5767332	1.0255085	-0.031781659	11.910314
1.5782925	1.0293745	-0.01664648	11.881516
1.575174	1.026475	0.019509783	11.852716
1.5736147	1.0180987	-0.0082380464	11.819805
1.5720555	1.0158436	0.017828096	11.869173
1.5704962	1.0174544	0.014464723	11.889744
1.575174	1.0190653	-0.021691538	11.86506
1.5767332	1.0293745	-0.018328166	11.906199
1.5704962	1.0412945	-0.032622501	11.939112
1.5798517	1.0390394	-0.0065563596	11.877401
1.575174	1.0367842	-0.010760576	11.877401
1.5704962	1.0390394	-0.027577441	11.877401
1.5767332	1.0393615	-0.0099197328	11.885629
1.575174	1.0377507	0.0026929164	11.885629
1.575174	1.0419388	-0.020009853	11.910314
1.5689369	1.0390394	0.0094196629	11.902085
1.575174	1.0438718	-0.012442263	11.897972
1.5767332	1.0490264	-0.021691538	11.906199
1.5782925	1.0419388	-0.010760576	11.906199
1.5767332	1.0287302	0.022873154	11.881516
1.5673777	1.0290523	-0.046075992	11.897972
1.5798517	1.0213203	-0.017487323	11.873288
1.5736147	1.0203539	-0.0099197328	11.910314
1.5673777	1.0290523	-0.020850696	11.906199
1.5720555	1.0271193	-0.0057155164	11.893857
1.5767332	1.0358177	-0.012442263	11.922656
1.5736147	1.0512815	-0.012442263	11.939112
1.5767332	1.0557917	-0.014123949	11.930884
1.5720555	1.0490264	-0.020009853	11.889744
1.5720555	1.0412945	-0.021691538	11.885629
1.5720555	1.0387172	-0.0015113001	11.86506
1.5736147	1.0396837	-0.01916901	11.885629
1.5782925	1.0348512	-0.0090788892	11.897972
1.575174	1.0345291	-0.01664648	11.885629
1.575174	1.0316296	-0.0015113001	11.889744
1.5720555	1.0251863	0.0068971328	11.906199
1.5736147	1.0251863	0.0094196629	11.889744
1.5736147	1.0277636	-0.034304187	11.906199
1.5720555	1.0284079	-0.0040338296	11.902085
1.5689369	1.0371064	0.0060562897	11.939112
1.5736147	1.0290523	0.0010112298	11.873288
1.5736147	1.0255085	0.027918214	11.889744
1.5704962	1.0280858	0.007737976	11.897972
1.5704962	1.0248642	-0.0031929866	11.86506
1.5767332	1.0393615	-0.012442263	11.885629
1.5736147	1.0364621	-0.012442263	11.869173
1.5704962	1.0425831	-0.01664648	11.910314
1.5689369	1.038395	0.022873154	11.897972
1.5720555	1.0303409	0.0001703865	11.889744
1.5736147	1.0280858	0.018668938	11.877401
1.5736147	1.0277636	0.0094196629	11.910314
1.5736147	1.0296966	0.0043746028	11.889744
1.5689369	1.0367842	-0.018328166	11.889744
1.5782925	1.0325961	-0.0057155164	11.873288
1.5689369	1.0306631	-0.00067045673	11.910314
1.575174	1.0222869	-0.0040338296	11.86506
1.5642591	1.0168101	0.0094196629	11.840376
1.5720555	1.0203539	-0.0048746732	11.852716
1.5720555	1.0232533	-0.0048746732	11.852716
1.5767332	1.0193874	-0.020850696	11.856832
1.5658183	1.0319518	-0.010760576	11.914428
1.5626998	1.0329182	-0.018328166	11.897972
1.5736147	1.0335625	0.0026929164	11.877401
1.575174	1.0387172	0.0026929164	11.840376
1.5720555	1.038395	-0.032622501	11.852716
1.5673777	1.0306631	0.0018520731	11.856832
1.5626998	1.0364621	0.015305566	11.852716
1.5658183	1.042261	-0.0073972028	11.869173
1.5673777	1.040328	0.0026929164	11.885629
1.5720555	1.0303409	-0.025895756	11.889744
1.5642591	1.0371064	-0.033463344	11.914428
1.5704962	1.0354955	-0.00067045673	11.910314
1.5642591	1.0284079	0.016987253	11.914428
1.5658183	1.022609	-0.00067045673	11.873288
1.5626998	1.024542	0.0068971328	11.889744
1.5658183	1.038395	0.0010112298	11.897972
1.5611405	1.0342069	0.01110135	11.873288
1.5689369	1.0351734	-0.01664648	11.918541
1.5673777	1.0300188	-0.0082380464	11.881516
1.5626998	1.0371064	-0.038508404	11.897972
1.5704962	1.0393615	0.007737976	11.897972
1.5736147	1.0354955	-0.020850696	11.897972
1.5658183	1.0409724	-0.033463344	11.889744
1.5767332	1.0290523	0.0060562897	11.881516
1.5720555	1.0348512	-0.0015113001	11.910314
1.5736147	1.0338848	-0.024214068	11.906199
1.5673777	1.0332404	0.0052154465	11.893857
1.5658183	1.040328	-0.0048746732	11.873288
1.5704962	1.0296966	0.033804119	11.873288
1.5626998	1.0348512	-0.0057155164	11.906199
1.5658183	1.0351734	-0.0023521434	11.893857
1.5689369	1.0445161	-0.020850696	11.902085
1.5689369	1.0461268	0.0018520731	11.897972
1.5704962	1.0393615	0.0085788192	11.897972
1.5782925	1.0309852	0.010260507	11.856832
1.5689369	1.044194	-0.0031929866	11.873288
1.575174	1.0400058	-0.020850696	11.852716
1.5689369	1.0499928	-0.013283106	11.910314
1.5689369	1.0496707	0.0026929164	11.914428
1.5673777	1.0416167	-0.030940816	11.897972
1.5626998	1.0400058	0.019509783	11.934998
1.5611405	1.0445161	-0.00067045673	11.914428
1.5736147	1.0425831	-0.014123949	11.910314
1.5767332	1.0342069	-0.0073972028	11.877401
1.5658183	1.0342069	-0.010760576	11.906199
1.5642591	1.024542	0.0043746028	11.86506
1.5720555	1.0193874	-0.029259128	11.852716
1.5689369	1.0200317	-0.013283106	11.889744
1.5704962	1.0293745	-0.021691538	11.906199
1.5704962	1.0387172	-0.022532383	11.902085
1.5658183	1.0329182	-0.01664648	11.856832
1.5704962	1.0429053	0.0068971328	11.881516
1.5626998	1.0306631	0.0035337596	11.897972
1.5642591	1.040328	0.0085788192	11.922656
1.5736147	1.0380728	0.019509783	11.889744
1.5720555	1.0387172	-0.027577441	11.877401
1.5673777	1.0335625	0.0018520731	11.877401
1.5704962	1.020676	0.0094196629	11.836261
1.5736147	1.012622	0.0060562897	11.852716
1.5642591	1.0232533	0.011942193	11.873288
1.5658183	1.024542	0.038008336	11.856832
1.5658183	1.0319518	-0.010760576	11.897972
1.5642591	1.022609	-0.025054913	11.856832
1.5658183	1.0313075	-0.014123949	11.852716
1.5611405	1.0313075	0.011942193	11.893857
1.5658183	1.0377507	0.0010112298	11.889744
1.5767332	1.024542	0.017828096	11.869173
1.5658183	1.0309852	-0.018328166	11.922656
1.5611405	1.0338848	0.0085788192	11.893857
1.5673777	1.0406501	0.023713998	11.873288
1.5673777	1.0332404	-0.0065563596	11.881516
1.5658183	1.0367842	-0.01664648	11.918541
1.5658183	1.0287302	0.026236527	11.873288
1.5642591	1.0296966	0.01110135	11.877401
1.5642591	1.0361398	-0.0073972028	11.897972
1.5720555	1.0338848	-0.00067045673	11.881516
1.5580221	1.0267972	0.0060562897	11.860945
1.5626998	1.0306631	0.0010112298	11.893857
1.5673777	1.0342069	-0.023373226	11.893857
1.5673777	1.0377507	-0.00067045673	11.893857
1.5611405	1.0419388	-0.00067045673	11.897972
1.5720555	1.0329182	-0.0065563596	11.852716
1.5642591	1.0432274	0.01614641	11.910314
1.5580221	1.0493485	0.029599901	11.906199
1.5549036	1.0454826	0.0001703865	11.877401
1.5658183	1.0458047	-0.0082380464	11.873288
1.5658183	1.0380728	0.022873154	11.860945
1.5595814	1.0364621	-0.0090788892	11.86506
1.5642591	1.0371064	0.0026929164	11.86506
1.5658183	1.0419388	-0.017487323	11.881516
1.5658183	1.0419388	-0.024214068	11.922656
1.5658183	1.0364621	-0.0057155164	11.897972
1.5595814	1.0296966	0.022032311	11.889744
1.5642591	1.0251863	0.0094196629	11.893857
1.5611405	1.0322739	0.0043746028	11.963797
1.5642591	1.0374285	-0.01160142	11.926769
1.5658183	1.0364621	-0.014123949	11.881516
1.5658183	1.0429053	-0.014123949	11.885629
1.5611405	1.0354955	0.01110135	11.860945
1.5689369	1.0338848	-0.024214068	11.897972
1.5626998	1.0432274	-0.020850696	11.906199
1.5549036	1.0412945	0.028759057	11.893857
1.5626998	1.0412945	0.0026929164	11.852716
1.5626998	1.0332404	0.012783037	11.877401
1.5626998	1.0467712	-0.024214068	11.897972
1.5658183	1.0451604	-0.028418286	11.889744
1.5611405	1.0416167	0.012783037	11.906199
1.5611405	1.0506371	-0.012442263	11.934998
1.5642591	1.0480598	0.01614641	11.906199
1.5626998	1.0400058	-0.00067045673	11.906199
1.5626998	1.0409724	-0.018328166	11.918541
1.5626998	1.0232533	-0.01664648	11.852716
1.5595814	1.0342069	-0.01160142	11.856832
1.5704962	1.0435497	-0.035145033	11.897972
1.5564629	1.0361398	-0.026736598	11.86506
1.5595814	1.0342069	0.0018520731	11.852716
1.5580221	1.040328	-0.010760576	11.889744
1.5626998	1.0409724	-0.0040338296	11.918541
1.5642591	1.0313075	-0.012442263	11.860945
1.5626998	1.0296966	-0.027577441	11.877401
1.5658183	1.0358177	-0.017487323	11.873288
1.5626998	1.0319518	0.0060562897	11.877401
1.5564629	1.0290523	-0.0090788892	11.889744
1.5611405	1.0271193	0.019509783	11.893857
1.5517851	1.0290523	-0.0073972028	11.906199
1.5564629	1.0267972	-0.01160142	11.906199
1.5642591	1.0229312	0.0026929164	11.889744
1.5533444	1.0342069	0.0035337596	11.930884
1.5642591	1.0429053	-0.014123949	11.906199
1.5658183	1.0435497	-0.013283106	11.906199
1.5580221	1.0480598	0.0060562897	11.910314
1.5642591	1.0351734	0.012783037	11.869173
1.5611405	1.0348512	-0.00067045673	11.902085
1.5658183	1.0377507	0.018668938	11.906199
1.5564629	1.050315	-0.01160142	11.918541
1.5611405	1.0425831	-0.00067045673	11.873288
1.5658183	1.038395	0.01110135	11.906199
1.5642591	1.0358177	-0.01916901	11.885629
1.5595814	1.0367842	-0.0057155164	11.897972
1.5658183	1.0438718	-0.018328166	11.906199
1.5549036	1.0393615	0.0043746028	11.914428
1.5595814	1.0348512	-0.0015113001	11.897972
1.5564629	1.0293745	0.043894235	11.893857
1.5595814	1.0306631	-0.00067045673	11.889744
1.5611405	1.0306631	-0.0015113001	11.914428
1.5642591	1.0319518	-0.025054913	11.889744
1.5595814	1.0267972	-0.0031929866	11.881516
1.5595814	1.0319518	-0.0073972028	11.889744
1.5611405	1.0342069	0.036326651	11.885629
1.5564629	1.0432274	0.0018520731	11.893857
1.5564629	1.0393615	0.0052154465	11.893857
1.5533444	1.038395	-0.014964793	11.902085
1.5533444	1.0429053	0.0043746028	11.910314
1.5626998	1.0374285	-0.014123949	11.877401
1.5611405	1.0496707	-0.022532383	11.906199
1.5549036	1.0525701	-0.013283106	11.910314
1.5595814	1.0429053	-0.014123949	11.877401
1.5642591	1.040328	0.019509783	11.889744
1.5611405	1.0361398	0.025395684	11.893857
1.5595814	1.0358177	-0.0099197328	11.910314
1.5626998	1.0248642	-0.0031929866	11.86506
1.5564629	1.0229312	-0.018328166	11.889744
1.5580221	1.0277636	-0.017487323	11.889744
1.5611405	1.0193874	0.015305566	11.844489
1.5533444	1.0139107	-0.00067045673	11.869173
1.5564629	1.0203539	0.019509783	11.889744
1.5626998	1.0219647	0.012783037	11.877401
1.5564629	1.0242199	-0.01160142	11.918541
1.5611405	1.0332404	-0.014123949	11.881516
1.5611405	1.0335625	0.0001703865	11.873288
1.5517851	1.0374285	0.0001703865	11.889744
1.5611405	1.0390394	-0.032622501	11.893857
1.5549036	1.0429053	-0.0023521434	11.889744
1.5595814	1.0361398	-0.012442263	11.881516
1.5549036	1.0235755	-0.012442263	11.881516
1.5626998	1.0216426	-0.01664648	11.885629
1.5533444	1.0296966	-0.024214068	11.918541
1.5611405	1.0332404	-0.014123949	11.897972
1.5642591	1.0261528	0.0010112298	11.881516
1.5549036	1.0222869	-0.00067045673	11.881516
1.5517851	1.0168101	0.024554841	11.873288
1.5549036	1.0142328	-0.0023521434	11.869173
1.5626998	1.0193874	-0.014964793	11.881516
1.5549036	1.024542	-0.0073972028	11.893857
1.5502259	1.0348512	-0.020850696	11.902085
1.5533444	1.0400058	0.012783037	11.86506
1.5564629	1.038395	-0.030099971	11.885629
1.5564629	1.0367842	-0.00067045673	11.873288
1.5517851	1.0419388	-0.0073972028	11.918541
1.5549036	1.0438718	-0.0082380464	11.906199
1.5580221	1.0348512	-0.013283106	11.885629
1.5549036	1.0396837	-0.0023521434	11.889744
1.5580221	1.044194	0.0018520731	11.910314
1.5611405	1.0213203	-0.010760576	11.856832
1.5533444	1.0284079	-0.015805636	11.902085
1.5549036	1.0287302	-0.0040338296	11.885629
1.5486666	1.0267972	-0.0082380464	11.893857
1.5549036	1.0242199	-0.013283106	11.906199
1.5502259	1.024542	-0.00067045673	11.906199
1.5502259	1.0293745	-0.014964793	11.897972
1.5549036	1.0345291	0.0026929164	11.885629
1.5549036	1.0396837	-0.0040338296	11.893857
1.5549036	1.0390394	0.0094196629	11.906199
1.5533444	1.0445161	-0.0065563596	11.910314
1.5564629	1.0319518	0.014464723	11.877401
1.5502259	1.0290523	-0.0073972028	11.869173
1.5564629	1.0261528	-0.014964793	11.881516
1.5502259	1.0232533	-0.0040338296	11.877401
1.5564629	1.016488	-0.014123949	11.885629
1.5580221	1.0277636	0.007737976	11.922656
1.5471072	1.0293745	0.0018520731	11.910314
1.5580221	1.0322739	0.01110135	11.893857
1.5549036	1.0235755	0.01110135	11.873288
1.5517851	1.0367842	-0.046075992	11.918541
1.5533444	1.0322739	0.019509783	11.877401
1.5595814	1.0396837	-0.012442263	11.881516
1.5549036	1.0322739	-0.035145033	11.889744
1.5517851	1.0380728	-0.010760576	11.893857
1.5549036	1.0332404	-0.01664648	11.881516
1.5564629	1.0374285	-0.013283106	11.889744
1.5626998	1.0380728	0.020350626	11.881516
1.5533444	1.0425831	0.0018520731	11.918541
1.5564629	1.0390394	-0.0099197328	11.844489
1.5517851	1.0332404	0.013623879	11.873288
1.5549036	1.0238976	0.0018520731	11.869173
1.5533444	1.024542	-0.01664648	11.893857
1.5549036	1.0232533	-0.014123949	11.885629
1.5517851	1.0274415	-0.026736598	11.906199
1.5486666	1.0319518	0.007737976	11.906199
1.5549036	1.0380728	0.032122433	11.893857
1.5533444	1.0377507	-0.0015113001	11.902085
1.5517851	1.0445161	-0.021691538	11.910314
1.5471072	1.0374285	-0.0099197328	11.897972
1.5626998	1.0358177	-0.035145033	11.852716
1.5580221	1.0390394	-0.020009853	11.86506
1.5533444	1.0316296	-0.020850696	11.885629
1.5580221	1.0306631	-0.014964793	11.897972
