Fout	Lin	Lout	sono
1.6313075	0.49812824	0.032122433	14.1072
1.6328669	0.78356427	-0.0099197328	14.06606
1.628189	0.94464564	0.044735081	14.06606
1.6313075	1.0499928	0.0001703865	14.04549
1.6297482	1.1176471	-0.010760576	14.078403
1.6313075	1.1627499	-0.00067045673	14.086631
1.6297482	1.1820797	-0.0057155164	14.070174
1.6344261	1.1882007	0.0068971328	14.070174
1.6375446	1.2026981	-0.029259128	14.111315
1.6235113	1.1994765	0.012783037	14.06606
1.6266297	1.1936775	0.0018520731	14.057832
1.6297482	1.1978656	-0.0082380464	14.078403
1.6297482	1.2072084	-0.0048746732	14.061946
1.6313075	1.2033424	-0.012442263	14.103086
1.6422224	1.2052754	0.011942193	14.061946
1.6328669	1.2059197	-0.0057155164	14.074287
1.6235113	1.2110744	0.0052154465	14.082516
1.6359854	1.2101078	0.0085788192	14.074287
1.6297482	1.2023759	0.14311375	14.061946
1.6391039	1.2059197	-0.015805636	14.057832
1.6313075	1.2020538	-0.0023521434	14.049603
1.6344261	1.2001208	0.014464723	14.086631
1.6344261	1.1978656	-0.01160142	14.061946
1.6235113	1.1978656	0.023713998	14.094858
1.628189	1.1968992	-0.024214068	14.053719
1.6250705	1.1904559	0.0035337596	14.1072
1.6359854	1.1817575	-0.017487323	14.070174
1.6266297	1.1875564	-0.0031929866	14.082516
1.6344261	1.1943219	-0.015805636	14.078403
1.6297482	1.2046311	-0.01664648	14.111315
1.628189	1.2004429	-0.0065563596	14.06606
1.6266297	1.2043089	0.11116171	14.078403
1.6313075	1.196577	0.0094196629	14.041375
1.6266297	1.1991543	-0.01160142	14.070174
1.6313075	1.2065641	0.0094196629	14.057832
1.628189	1.2113965	0.0001703865	14.061946
1.6313075	1.2059197	0.089299776	14.06606
1.6313075	1.2175176	-0.023373226	14.074287
1.6266297	1.2207392	-0.014123949	14.103086
1.6313075	1.2062418	0.010260507	14.04549
1.6313075	1.2001208	0.0085788192	14.078403
1.6266297	1.2023759	0.034644961	14.06606
1.6250705	1.196577	0.011942193	14.078403
1.6375446	1.1968992	-0.014123949	14.057832
1.6344261	1.1853013	-0.0031929866	14.06606
1.6391039	1.1811131	-0.0099197328	14.06606
1.6313075	1.1901337	0.010260507	14.098971
1.6313075	1.1898116	0.010260507	14.057832
1.6313075	1.1853013	-0.0015113001	14.049603
1.6313075	1.1943219	0.019509783	14.074287
1.6297482	1.2007651	-0.012442263	14.1072
1.6313075	1.2023759	0.012783037	14.041375
1.6297482	1.1914223	0.022873154	14.061946
1.6328669	1.1994765	0.0010112298	14.074287
1.6266297	1.2017316	0.032963276	14.070174
1.6266297	1.2026981	-0.01664648	14.06606
1.6266297	1.2101078	0.0018520731	14.053719
1.6297482	1.2065641	0.096867368	14.061946
1.6235113	1.2113965	-0.010760576	14.111315
1.6313075	1.1997986	-0.014964793	14.070174
1.6328669	1.2043089	-0.0073972028	14.070174
1.6375446	1.2126851	-0.041030932	14.1072
1.6250705	1.2139738	0.021191468	14.074287
1.6344261	1.2052754	0.01110135	14.1072
1.628189	1.2017316	-0.0048746732	14.061946
1.6235113	1.1914223	-0.023373226	14.057832
1.6250705	1.2014095	-0.0031929866	14.086631
1.6359854	1.2117187	0.15236303	14.061946
1.6250705	1.2194506	0.0035337596	14.090744
1.6328669	1.2120408	-0.01916901	14.061946
1.6328669	1.2113965	-0.10998008	14.053719
1.6313075	1.208497	-0.0090788892	14.086631
1.6313075	1.2039868	-0.0040338296	14.053719
1.6266297	1.2020538	0.022032311	14.061946
1.6313075	1.2033424	0.0001703865	14.074287
1.628189	1.1972213	0.027077371	14.098971
1.6328669	1.2059197	-0.05028021	14.090744
1.628189	1.1978656	-0.023373226	14.070174
1.6297482	1.194644	-0.00067045673	14.057832
1.6313075	1.1869121	0.0052154465	14.04549
1.628189	1.1830461	0.016987253	14.041375
1.6250705	1.196577	0.0035337596	14.06606
1.6313075	1.2036645	-0.0040338296	14.082516
1.6297482	1.2007651	-0.0040338296	14.078403
1.6344261	1.2007651	-0.0031929866	14.06606
1.6266297	1.1997986	0.11032086	14.061946
1.6266297	1.2023759	-0.0015113001	14.074287
1.6266297	1.2078527	-0.00067045673	14.06606
1.6250705	1.2200949	0.090981461	14.119543
1.6344261	1.2175176	0.0001703865	14.06606
1.6297482	1.2168733	-0.00067045673	14.082516
1.6235113	1.2139738	0.0010112298	14.078403
1.6313075	1.2094635	-0.0023521434	14.070174
1.6344261	1.1968992	0.017828096	14.078403
1.628189	1.1991543	0.038849179	14.082516
1.6313075	1.2055975	0.0010112298	14.078403
1.6375446	1.2062418	-0.022532383	14.074287
1.628189	1.2010872	-0.01160142	14.070174
1.6328669	1.2030202	0.10275327	14.061946
1.6344261	1.2007651	0.007737976	14.053719
1.6328669	1.2072084	-0.00067045673	14.115428
1.628189	1.2033424	-0.00067045673	14.070174
1.6313075	1.2101078	-0.024214068	14.082516
1.6313075	1.218484	0.0085788192	14.078403
1.6344261	1.2094635	-0.012442263	14.061946
1.6328669	1.2014095	0.0018520731	14.049603
1.628189	1.208497	-0.01664648	14.082516
1.6266297	1.2039868	0.029599901	14.057832
1.6297482	1.196577	0.0094196629	14.06606
1.6266297	1.2078527	0.0068971328	14.082516
1.6344261	1.216229	0.0026929164	14.1072
1.6235113	1.2091414	0.0001703865	14.082516
1.6328669	1.1972213	-0.023373226	14.04549
1.628189	1.1952883	-0.01664648	14.094858
1.6375446	1.1997986	-0.01664648	14.090744
1.6235113	1.2030202	0.012783037	14.078403
1.6313075	1.2004429	0.17842917	14.086631
1.628189	1.2110744	0.0001703865	14.111315
1.6297482	1.208497	-0.0082380464	14.06606
1.6297482	1.2188063	-0.028418286	14.098971
1.6328669	1.2188063	-0.022532383	14.086631
1.6297482	1.2152624	0.15908977	14.074287
1.6328669	1.2117187	0.0001703865	14.04549
1.6344261	1.2181619	-0.0048746732	14.061946
1.6297482	1.2188063	0.0035337596	14.078403
1.628189	1.2110744	-0.010760576	14.078403
1.6359854	1.2049532	0.028759057	14.070174
1.6344261	1.1968992	-0.018328166	14.061946
1.6297482	1.192711	-0.00067045673	14.041375
1.6313075	1.18659	0.0043746028	14.070174
1.6328669	1.1882007	-0.010760576	14.04549
1.628189	1.1894894	0.05230267	14.057832
1.6406631	1.1923889	-0.012442263	14.061946
1.6297482	1.1869121	-0.01916901	14.074287
1.6313075	1.2001208	-0.00067045673	14.078403
1.6297482	1.2181619	-0.01160142	14.115428
1.6313075	1.2197727	0.0001703865	14.06606
1.6313075	1.2075305	0.017828096	14.061946
1.6313075	1.2088192	-0.0040338296	14.074287
1.6297482	1.2065641	0.0026929164	14.061946
1.6344261	1.2171954	0.0060562897	14.070174
1.6297482	1.2117187	-0.013283106	14.057832
1.6313075	1.2139738	-0.00067045673	14.090744
1.6328669	1.2094635	-0.029259128	14.078403
1.6250705	1.2126851	0.014464723	14.078403
1.628189	1.2110744	0.010260507	14.074287
1.6266297	1.1952883	0.021191468	14.082516
1.6250705	1.1962548	-0.0090788892	14.057832
1.628189	1.2159067	0.013623879	14.090744
1.628189	1.2078527	-0.017487323	14.061946
1.628189	1.208497	0.022873154	14.103086
1.6297482	1.2110744	-0.020009853	14.074287
1.6219521	1.2078527	0.012783037	14.078403
1.6297482	1.2155846	-0.00067045673	14.090744
1.6250705	1.2136517	0.0026929164	14.06606
1.6313075	1.224283	-0.028418286	14.082516
1.6219521	1.226216	-0.01664648	14.078403
1.628189	1.2110744	-0.0015113001	14.070174
1.6313075	1.1972213	-0.012442263	14.06606
1.6328669	1.1994765	-0.034304187	14.074287
1.6266297	1.1898116	-0.0015113001	14.070174
1.6266297	1.1933553	0.01110135	14.086631
1.628189	1.1869121	0.027077371	14.06606
1.6328669	1.1959326	0.0035337596	14.094858
1.6250705	1.2007651	-0.025895756	14.090744
1.6266297	1.2039868	-0.0073972028	14.074287
1.628189	1.21043	-0.0073972028	14.074287
1.6235113	1.212363	0.093503997	14.131884
1.6375446	1.2091414	-0.034304187	14.061946
1.6328669	1.2149403	0.0010112298	14.070174
1.6266297	1.224283	0.018668938	14.098971
1.6235113	1.2210613	0.014464723	14.086631
1.6313075	1.2207392	-0.0065563596	14.070174
1.6344261	1.2252495	-0.025895756	14.074287
1.6250705	1.2094635	-0.020009853	14.06606
1.6344261	1.2014095	-0.068778761	14.098971
1.628189	1.2049532	0.013623879	14.082516
1.6328669	1.2120408	-0.0040338296	14.082516
1.6250705	1.2046311	0.015305566	14.070174
1.6328669	1.1994765	0.0035337596	14.053719
1.6328669	1.2059197	-0.00067045673	14.090744
1.6235113	1.2014095	-0.0099197328	14.070174
1.6250705	1.2101078	-0.020009853	14.082516
1.6266297	1.2146181	0.01614641	14.082516
1.628189	1.2220279	0.0010112298	14.078403
1.6297482	1.2049532	0.029599901	14.037262
1.6250705	1.2165511	0.0001703865	14.06606
1.6328669	1.2175176	-0.0090788892	14.074287
1.6406631	1.2258939	-0.010760576	14.090744
1.6328669	1.2252495	-0.0073972028	14.061946
1.6297482	1.2252495	0.054825202	14.086631
1.6297482	1.2194506	0.012783037	14.074287
1.6297482	1.2062418	-0.0040338296	14.098971
1.6297482	1.1978656	0.037167493	14.074287
1.6313075	1.2010872	0.014464723	14.070174
1.628189	1.1975435	-0.0090788892	14.057832
1.6328669	1.1981878	-0.0023521434	14.06606
1.628189	1.2059197	-0.032622501	14.057832
1.6266297	1.2072084	-0.014123949	14.070174
1.6313075	1.2139738	-0.038508404	14.094858
1.6313075	1.2068862	-0.015805636	14.1072
1.628189	1.2039868	-0.0065563596	14.074287
1.6297482	1.2026981	0.016987253	14.04549
1.6375446	1.2055975	-0.0040338296	14.06606
1.6313075	1.2023759	-0.021691538	14.06606
1.6297482	1.1991543	-0.029259128	14.078403
1.6344261	1.1936775	-0.043553464	14.057832
1.6313075	1.1981878	-0.024214068	14.06606
1.6359854	1.1956105	0.012783037	14.061946
1.628189	1.1952883	0.0052154465	14.078403
1.6313075	1.2036645	0.01110135	14.082516
1.6250705	1.194644	0.0043746028	14.078403
1.6344261	1.1914223	0.0026929164	14.078403
1.6344261	1.1975435	0.018668938	14.082516
1.6297482	1.2094635	-0.018328166	14.086631
1.6235113	1.2133294	-0.024214068	14.086631
1.6297482	1.208497	-0.0040338296	14.082516
1.6313075	1.2136517	0.015305566	14.103086
1.6313075	1.2062418	0.0094196629	14.057832
1.6313075	1.2078527	0.0052154465	14.053719
1.6375446	1.2088192	0.0094196629	14.041375
1.6235113	1.2217057	0.033804119	14.074287
1.6359854	1.218484	0.0052154465	14.070174
1.6250705	1.2110744	0.0094196629	14.061946
1.6313075	1.2004429	-0.027577441	14.061946
1.6391039	1.2026981	-0.0073972028	14.1072
1.6359854	1.2014095	0.029599901	14.074287
1.6266297	1.2046311	-0.00067045673	14.078403
1.6250705	1.1952883	-0.022532383	14.070174
1.6172743	1.1994765	0.022032311	14.074287
1.6266297	1.2072084	0.01110135	14.1072
1.628189	1.1991543	0.0043746028	14.04549
1.6328669	1.2120408	-0.025895756	14.082516
1.6235113	1.2107521	-0.020850696	14.090744
1.6266297	1.2133294	-0.014964793	14.06606
1.6250705	1.2043089	0.025395684	14.057832
1.6313075	1.1939996	-0.0065563596	14.06606
1.6235113	1.1959326	0.0043746028	14.049603
1.628189	1.1997986	-0.030940816	14.094858
1.6266297	1.2010872	0.14899966	14.074287
1.6266297	1.1911002	0.010260507	14.057832
1.6250705	1.1914223	0.030440746	14.061946
1.6266297	1.2036645	-0.013283106	14.115428
1.6406631	1.1991543	-0.021691538	14.057832
1.6359854	1.188845	0.083413877	14.049603
1.6313075	1.1911002	0.018668938	14.082516
1.6328669	1.1991543	-0.00067045673	14.078403
1.6250705	1.2072084	0.022032311	14.053719
1.6266297	1.2026981	0.021191468	14.06606
1.6203928	1.2088192	0.016987253	14.078403
1.6297482	1.2107521	-0.022532383	14.086631
1.6328669	1.2107521	-0.0082380464	14.06606
1.6313075	1.2101078	0.066597007	14.061946
1.6250705	1.2107521	0.011942193	14.082516
1.6297482	1.2149403	0.0052154465	14.070174
1.6297482	1.2178397	-0.021691538	14.1072
1.6328669	1.2059197	-0.0048746732	14.049603
1.6328669	1.1962548	0.0052154465	14.074287
1.6313075	1.1972213	0.023713998	14.057832
1.628189	1.2039868	0.0068971328	14.078403
1.628189	1.2075305	-0.0040338296	14.086631
1.6266297	1.2091414	-0.026736598	14.098971
1.6344261	1.1981878	0.15404472	14.049603
1.6266297	1.1956105	0.0010112298	14.057832
1.6375446	1.1914223	0.0001703865	14.04549
1.628189	1.1968992	0.007737976	14.061946
1.628189	1.1923889	0.0001703865	14.053719
1.628189	1.196577	0.01110135	14.103086
1.6313075	1.2007651	0.0052154465	14.082516
1.6313075	1.2020538	0.0001703865	14.06606
1.6313075	1.2033424	0.14395459	14.06606
1.6250705	1.2136517	-0.01160142	14.070174
1.6297482	1.2097857	-0.014964793	14.061946
1.6188335	1.2039868	0.022032311	14.06606
1.6297482	1.2026981	0.0018520731	14.074287
1.628189	1.2026981	0.036326651	14.078403
1.6250705	1.2065641	-0.024214068	14.090744
1.6266297	1.2133294	0.007737976	14.086631
1.628189	1.1997986	-0.0082380464	14.053719
1.6250705	1.1975435	-0.048598524	14.053719
1.6313075	1.1991543	0.0018520731	14.094858
1.6313075	1.1972213	-0.010760576	14.074287
1.6344261	1.2046311	-0.017487323	14.070174
1.6344261	1.1949662	-0.0040338296	14.070174
1.6297482	1.2091414	-0.01664648	14.094858
1.628189	1.1994765	0.062392794	14.04549
1.628189	1.1911002	-0.029259128	14.049603
1.628189	1.2072084	0.017828096	14.078403
1.6188335	1.2110744	0.0035337596	14.111315
1.6328669	1.2059197	0.0010112298	14.057832
1.628189	1.208497	-0.026736598	14.086631
1.6266297	1.1991543	0.011942193	14.04549
1.6297482	1.1997986	-0.010760576	14.094858
1.6313075	1.2110744	0.0018520731	14.086631
1.6297482	1.2046311	-0.043553464	14.061946
1.6250705	1.2007651	0.011942193	14.041375
1.6250705	1.2139738	0.017828096	14.103086
1.6250705	1.2062418	0.018668938	14.053719
1.6375446	1.2010872	-0.0073972028	14.053719
1.6344261	1.192711	0.021191468	14.06606
1.6344261	1.1972213	-0.0099197328	14.061946
1.628189	1.2004429	-0.01160142	14.057832
1.6328669	1.2039868	0.0068971328	14.070174
1.6250705	1.2088192	0.043894235	14.06606
1.6313075	1.2165511	-0.0090788892	14.082516
1.628189	1.230404	-0.015805636	14.144227
1.6266297	1.2226722	-0.0031929866	14.061946
1.6313075	1.2181619	-0.0065563596	14.090744
1.6266297	1.1972213	-0.00067045673	14.037262
1.628189	1.1985099	0.049780142	14.090744
1.6328669	1.2007651	-0.014964793	14.078403
1.6203928	1.2014095	0.015305566	14.078403
1.628189	1.1972213	-0.023373226	14.061946
1.6297482	1.1894894	-0.0031929866	14.070174
1.6344261	1.2004429	-0.0015113001	14.070174
1.6266297	1.194644	-0.018328166	14.061946
1.628189	1.2017316	-0.013283106	14.061946
1.6313075	1.1978656	0.01614641	14.086631
1.6266297	1.2068862	0.01614641	14.086631
1.6250705	1.2094635	0.0060562897	14.078403
1.628189	1.2110744	0.0052154465	14.061946
1.6297482	1.2059197	-0.0040338296	14.061946
1.6313075	1.2017316	0.0068971328	14.061946
1.6172743	1.1959326	-0.036826719	14.057832
1.6328669	1.190778	-0.01664648	14.057832
1.628189	1.1988322	0.0026929164	14.090744
1.6141558	1.2046311	-0.033463344	14.098971
1.6266297	1.2023759	-0.0082380464	14.06606
1.6250705	1.1978656	-0.0090788892	14.070174
1.6250705	1.2072084	-0.033463344	14.094858
1.628189	1.1997986	0.0085788192	14.078403
1.628189	1.2091414	0.0035337596	14.078403
1.6266297	1.2068862	-0.0082380464	14.074287
1.6250705	1.2059197	0.013623879	14.057832
1.6219521	1.2101078	0.0094196629	14.098971
1.6313075	1.2046311	0.04221255	14.053719
1.6313075	1.2165511	-0.0082380464	14.078403
1.6328669	1.2159067	-0.026736598	14.061946
1.6250705	1.2023759	0.0035337596	14.082516
1.6313075	1.1985099	0.0010112298	14.070174
1.6297482	1.1952883	0.0018520731	14.037262
1.6250705	1.2055975	-0.026736598	14.078403
1.6235113	1.2110744	-0.0057155164	14.115428
1.6359854	1.2091414	-0.014123949	14.070174
1.6266297	1.2030202	0.038849179	14.061946
1.6250705	1.2062418	-0.00067045673	14.074287
1.6359854	1.2004429	-0.030940816	14.049603
1.6344261	1.1962548	-0.021691538	14.057832
1.6297482	1.2072084	0.076687127	14.074287
1.628189	1.2155846	-0.0057155164	14.070174
1.6266297	1.2139738	0.0052154465	14.090744
1.6250705	1.2200949	-0.023373226	14.082516
1.6250705	1.2191284	0.01614641	14.086631
1.6297482	1.2281489	0.012783037	14.078403
1.6235113	1.22235	-0.0040338296	14.061946
1.6328669	1.2178397	0.018668938	14.086631
1.6313075	1.21043	0.0001703865	14.049603
1.6328669	1.2049532	-0.0040338296	14.061946
1.6313075	1.2094635	0.056506887	14.090744
1.6328669	1.1994765	0.020350626	14.070174
1.6313075	1.1939996	-0.00067045673	14.074287
1.6250705	1.1894894	0.018668938	14.070174
1.6313075	1.18659	0.0010112298	14.041375
1.6328669	1.1939996	-0.0031929866	14.078403
1.6313075	1.2059197	-0.021691538	14.074287
1.628189	1.1975435	-0.017487323	14.053719
1.6250705	1.2072084	0.021191468	14.078403
1.6375446	1.2072084	0.029599901	14.082516
1.628189	1.2107521	0.0035337596	14.074287
1.628189	1.22235	0.10359412	14.086631
1.6219521	1.2171954	0.023713998	14.082516
1.628189	1.21043	0.043053396	14.06606
1.6344261	1.2010872	-0.025895756	14.049603
1.6250705	1.2075305	-0.01916901	14.082516
1.6313075	1.1997986	0.019509783	14.049603
1.6297482	1.1994765	0.01110135	14.078403
1.6235113	1.2001208	-0.026736598	14.103086
1.6266297	1.2001208	-0.0065563596	14.078403
1.6266297	1.1956105	-0.025895756	14.04549
1.628189	1.1975435	-0.013283106	14.082516
1.6359854	1.1978656	-0.0082380464	14.086631
1.6266297	1.2055975	0.010260507	14.070174
1.6266297	1.2168733	0.098549053	14.098971
1.628189	1.214296	-0.0015113001	14.074287
1.6266297	1.2023759	0.059029419	14.086631
1.6313075	1.2133294	-0.0015113001	14.061946
1.628189	1.2165511	0.0026929164	14.086631
1.6266297	1.2130073	0.086777247	14.057832
1.6313075	1.2043089	-0.0015113001	14.041375
1.6391039	1.2062418	-0.00067045673	14.070174
1.6328669	1.2078527	-0.0090788892	14.078403
1.6266297	1.208497	0.0043746028	14.090744
1.6344261	1.2068862	0.062392794	14.090744
1.6297482	1.1968992	0.0026929164	14.082516
1.6344261	1.1968992	-0.025054913	14.053719
1.6313075	1.1859456	0.018668938	14.074287
1.6250705	1.188845	0.0001703865	14.070174
1.6250705	1.1920667	0.0094196629	14.090744
1.6328669	1.1914223	-0.0048746732	14.061946
1.6266297	1.1904559	0.011942193	14.06606
1.6313075	1.1956105	0.022873154	14.074287
1.6313075	1.2075305	0.0060562897	14.070174
1.6328669	1.2023759	-0.015805636	14.057832
1.6313075	1.2078527	-0.034304187	14.061946
1.6266297	1.2097857	0.010260507	14.06606
1.6219521	1.2091414	0.0035337596	14.090744
1.6203928	1.2168733	0.017828096	14.082516
1.6250705	1.214296	0.0085788192	14.06606
1.6313075	1.2110744	-0.094004057	14.074287
1.6266297	1.2133294	-0.0082380464	14.12777
1.6235113	1.2117187	-0.015805636	14.078403
1.6375446	1.2049532	-0.034304187	14.061946
1.6297482	1.1985099	0.01110135	14.078403
1.628189	1.2026981	-0.0023521434	14.078403
1.6219521	1.2030202	0.011942193	14.057832
1.6235113	1.2065641	0.014464723	14.074287
1.628189	1.2049532	0.0026929164	14.074287
1.628189	1.2046311	-0.030940816	14.078403
1.6250705	1.2139738	0.022873154	14.094858
1.6313075	1.2110744	0.0085788192	14.06606
1.628189	1.2049532	0.033804119	14.053719
1.6313075	1.214296	-0.00067045673	14.070174
1.628189	1.2175176	-0.0048746732	14.094858
1.6250705	1.2094635	0.018668938	14.061946
1.6313075	1.1997986	-0.023373226	14.061946
1.6313075	1.2046311	0.0018520731	14.098971
1.6313075	1.2072084	0.012783037	14.082516
1.628189	1.2146181	-0.0040338296	14.103086
1.6313075	1.1994765	0.0001703865	14.06606
1.6250705	1.1991543	-0.028418286	14.061946
1.6297482	1.1962548	0.0043746028	14.057832
1.6250705	1.2010872	0.062392794	14.082516
1.6266297	1.2097857	-0.0099197328	14.090744
1.6297482	1.2120408	0.0068971328	14.078403
1.6344261	1.2178397	-0.0031929866	14.111315
1.628189	1.2252495	-0.022532383	14.098971
1.6344261	1.2136517	-0.020009853	14.049603
1.6235113	1.2014095	0.0001703865	14.078403
1.6313075	1.2113965	-0.012442263	14.074287
1.6235113	1.2110744	0.018668938	14.04549
1.6266297	1.216229	0.011942193	14.086631
1.6297482	1.196577	0.01110135	14.057832
1.6250705	1.2026981	-0.34205282	14.090744
1.6266297	1.2110744	-0.0073972028	14.111315
1.6344261	1.2178397	0.086777247	14.094858
1.6313075	1.2030202	0.0026929164	14.06606
1.6235113	1.2055975	-0.0023521434	14.061946
1.6359854	1.1962548	0.0035337596	14.078403
1.6328669	1.1988322	0.01110135	14.061946
1.6219521	1.2055975	0.0026929164	14.082516
1.6250705	1.2168733	0.013623879	14.103086
1.6250705	1.220417	-0.0082380464	14.082516
1.628189	1.220417	0.014464723	14.074287
1.6219521	1.2039868	0.01110135	14.061946
1.6219521	1.208497	-0.00067045673	14.070174
1.6266297	1.2017316	0.025395684	14.070174
1.6328669	1.1988322	-0.0048746732	14.04549
1.6250705	1.194644	-0.035145033	14.057832
1.6313075	1.1894894	-0.0031929866	14.033148
1.6250705	1.194644	-0.022532383	14.1072
1.6266297	1.1981878	-0.0057155164	14.078403
1.628189	1.1997986	-0.028418286	14.094858
1.628189	1.2062418	-0.023373226	14.053719
1.6266297	1.2030202	0.044735081	14.070174
1.6297482	1.1949662	0.012783037	14.049603
1.6250705	1.2049532	-0.0023521434	14.070174
1.6250705	1.2062418	-0.0082380464	14.074287
1.6235113	1.2200949	-0.015805636	14.1072
1.628189	1.2233166	-0.0031929866	14.074287
1.6250705	1.2155846	-0.030099971	14.070174
1.6313075	1.2075305	-0.012442263	14.057832
1.628189	1.2046311	-0.01916901	14.037262
1.6297482	1.208497	-0.018328166	14.103086
1.6188335	1.2049532	-0.0090788892	14.06606
1.6297482	1.1959326	-0.018328166	14.049603
1.6328669	1.2004429	0.010260507	14.086631
1.6250705	1.1997986	0.091822304	14.082516
1.6235113	1.2049532	-0.0023521434	14.074287
1.6266297	1.2010872	-0.0057155164	14.053719
1.6297482	1.218484	-0.026736598	14.094858
1.628189	1.2017316	-0.022532383	14.082516
1.6266297	1.2004429	0.01110135	14.061946
1.6328669	1.2046311	-0.014964793	14.082516
1.6313075	1.2168733	0.01614641	14.086631
1.6344261	1.2094635	-0.023373226	14.086631
1.6375446	1.2107521	0.012783037	14.078403
1.6359854	1.2120408	-0.020850696	14.074287
1.6266297	1.2207392	0.024554841	14.090744
1.6328669	1.2136517	-0.0073972028	14.061946
1.6266297	1.2165511	0.039690021	14.06606
1.6328669	1.2136517	-0.0048746732	14.074287
1.6250705	1.2055975	0.0094196629	14.049603
1.6344261	1.2033424	0.0018520731	14.078403
1.6313075	1.1914223	-0.01160142	14.061946
1.6266297	1.1952883	-0.0031929866	14.06606
1.6266297	1.1994765	0.01110135	14.078403
1.628189	1.1981878	-0.031781659	14.041375
1.6359854	1.2010872	0.0001703865	14.086631
1.6328669	1.1939996	-0.014123949	14.061946
1.6297482	1.2017316	-0.0023521434	14.070174
1.628189	1.2097857	0.018668938	14.090744
1.628189	1.2120408	0.0001703865	14.103086
1.6359854	1.2017316	0.018668938	14.04549
1.628189	1.2046311	0.011942193	14.049603
1.6297482	1.2049532	-0.0090788892	14.074287
1.6297482	1.2072084	0.0001703865	14.090744
1.628189	1.212363	-0.022532383	14.082516
1.6313075	1.2101078	0.0043746028	14.057832
1.6313075	1.2171954	-0.013283106	14.082516
1.6313075	1.2088192	0.016987253	14.103086
1.6266297	1.2030202	0.14647713	14.053719
1.6219521	1.2033424	0.016987253	14.086631
1.6235113	1.1988322	0.0001703865	14.057832
1.6219521	1.2017316	0.023713998	14.057832
1.628189	1.1920667	-0.0031929866	14.037262
1.628189	1.1985099	-0.0040338296	14.057832
1.6266297	1.1978656	0.0094196629	14.04549
1.6250705	1.2078527	-0.023373226	14.082516
1.6266297	1.2043089	0.012783037	14.06606
1.6266297	1.2052754	0.017828096	14.049603
1.6313075	1.21043	0.05230267	14.061946
1.6250705	1.2049532	0.0018520731	14.061946
1.6297482	1.2033424	-0.0073972028	14.094858
1.6250705	1.21043	0.016987253	14.078403
1.628189	1.2049532	0.0060562897	14.078403
1.6313075	1.2062418	0.0060562897	14.086631
1.6328669	1.2072084	-0.027577441	14.094858
1.6344261	1.2007651	-0.0090788892	14.070174
1.6344261	1.2007651	-0.014123949	14.061946
1.6375446	1.1911002	0.015305566	14.037262
1.6250705	1.194644	-0.021691538	14.078403
1.6297482	1.2062418	0.0060562897	14.06606
1.6188335	1.1911002	-0.046916839	14.041375
1.6266297	1.2030202	0.0068971328	14.082516
1.6328669	1.2030202	0.013623879	14.090744
1.628189	1.1988322	-0.0082380464	14.049603
1.6266297	1.1933553	-0.014964793	14.057832
1.628189	1.2136517	0.023713998	14.086631
1.6188335	1.208497	-0.020850696	14.06606
1.6266297	1.2030202	-0.012442263	14.04549
1.628189	1.1956105	-0.039349247	14.049603
1.6250705	1.2049532	-0.01664648	14.094858
1.6235113	1.2055975	0.007737976	14.074287
1.6219521	1.1991543	0.013623879	14.074287
1.6313075	1.1956105	-0.020850696	14.057832
1.6328669	1.208497	0.065756164	14.078403
1.6235113	1.1988322	-0.0082380464	14.074287
1.6313075	1.1985099	0.014464723	14.078403
1.6250705	1.1952883	-0.0040338296	14.053719
1.6219521	1.2088192	0.0018520731	14.090744
1.6203928	1.2107521	0.011942193	14.078403
1.6250705	1.2081748	0.012783037	14.086631
1.6266297	1.2094635	-0.020850696	14.061946
1.6297482	1.2101078	0.019509783	14.057832
1.6250705	1.2081748	-0.0065563596	14.074287
1.6266297	1.2159067	0.0018520731	14.082516
1.6266297	1.2149403	-0.021691538	14.090744
1.6235113	1.2120408	0.0060562897	14.074287
1.6266297	1.212363	0.096867368	14.090744
1.628189	1.2023759	0.017828096	14.082516
1.628189	1.2081748	-0.014964793	14.078403
1.628189	1.2023759	0.020350626	14.06606
1.6328669	1.1985099	-0.0048746732	14.074287
1.6266297	1.2001208	0.0010112298	14.090744
1.6266297	1.2020538	-0.012442263	14.078403
1.6266297	1.1994765	-0.010760576	14.070174
1.6297482	1.2026981	-0.013283106	14.078403
1.6266297	1.208497	0.01110135	14.098971
1.6250705	1.2149403	-0.020009853	14.070174
1.6297482	1.214296	-0.024214068	14.078403
1.6344261	1.2146181	0.0001703865	14.049603
1.628189	1.2146181	0.0060562897	14.057832
1.6297482	1.216229	-0.0065563596	14.094858
1.6250705	1.2065641	0.021191468	14.06606
1.6266297	1.2059197	0.0026929164	14.057832
1.6297482	1.2075305	-0.0090788892	14.070174
1.6313075	1.2149403	0.0043746028	14.111315
1.6313075	1.2020538	-0.0048746732	14.053719
1.6297482	1.1988322	0.0043746028	14.053719
1.6297482	1.1936775	0.020350626	14.041375
1.628189	1.194644	-0.030940816	14.06606
1.6266297	1.1988322	-0.0015113001	14.061946
1.628189	1.1997986	-0.0073972028	14.061946
1.6266297	1.2110744	0.012783037	14.078403
1.6297482	1.2001208	0.0043746028	14.06606
1.6219521	1.1869121	0.0035337596	14.057832
1.628189	1.1959326	-0.00067045673	14.061946
1.6250705	1.2020538	-0.020850696	14.070174
1.6313075	1.208497	-0.013283106	14.090744
1.628189	1.2136517	0.028759057	14.041375
1.6297482	1.2023759	-0.012442263	14.049603
1.6266297	1.2049532	-0.022532383	14.082516
1.6313075	1.2033424	-0.022532383	14.070174
1.6266297	1.2004429	0.0026929164	14.061946
1.6297482	1.2110744	-0.0073972028	14.094858
1.6297482	1.1959326	-0.012442263	14.06606
1.628189	1.2065641	-0.024214068	14.082516
1.6219521	1.2036645	-0.021691538	14.086631
1.6203928	1.1933553	0.01614641	14.049603
1.6235113	1.1943219	-0.014964793	14.053719
1.615715	1.1956105	0.055666041	14.041375
1.6172743	1.2052754	-0.0023521434	14.098971
1.6203928	1.1975435	-0.018328166	14.061946
1.628189	1.2078527	-0.032622501	14.074287
1.6172743	1.2039868	-0.010760576	14.057832
1.6297482	1.2036645	0.053143516	14.06606
1.6188335	1.1981878	0.01614641	14.057832
1.6250705	1.2030202	-0.0015113001	14.061946
1.628189	1.2043089	0.0026929164	14.057832
1.6359854	1.2023759	-0.014123949	14.074287
1.6250705	1.2004429	0.0026929164	14.06606
1.6266297	1.2049532	-0.0082380464	14.074287
1.6266297	1.2017316	-0.018328166	14.074287
1.6172743	1.1904559	0.038008336	14.04549
1.6219521	1.2049532	0.013623879	14.090744
1.6172743	1.2036645	0.025395684	14.074287
1.6266297	1.1997986	0.023713998	14.061946
1.6266297	1.1901337	-0.0073972028	14.074287
1.6266297	1.192711	-0.0023521434	14.06606
1.6313075	1.2059197	-0.0031929866	14.078403
1.6235113	1.2036645	-0.013283106	14.078403
1.628189	1.1936775	0.027077371	14.061946
1.6297482	1.1952883	0.0001703865	14.078403
1.6250705	1.1943219	0.014464723	14.057832
1.6359854	1.1985099	-0.0065563596	14.057832
1.6250705	1.1885229	0.0094196629	14.049603
1.6235113	1.196577	0.097708218	14.111315
1.6313075	1.194644	0.019509783	14.078403
1.628189	1.1923889	-0.0015113001	14.06606
1.6297482	1.1914223	0.0043746028	14.037262
1.6250705	1.1968992	0.0094196629	14.090744
1.6297482	1.2020538	-0.013283106	14.078403
1.6297482	1.1952883	0.013623879	14.057832
1.6203928	1.2043089	-0.014123949	14.090744
1.628189	1.2094635	-0.0065563596	14.090744
1.6235113	1.2094635	-0.023373226	14.070174
1.6297482	1.2046311	0.0018520731	14.06606
1.6266297	1.2049532	0.016987253	14.06606
1.6266297	1.2072084	-0.041871779	14.074287
1.6313075	1.2139738	0.014464723	14.098971
1.6313075	1.2046311	0.0068971328	14.06606
1.6266297	1.2113965	-0.021691538	14.090744
1.628189	1.2046311	-0.014964793	14.078403
1.6297482	1.2091414	-0.023373226	14.090744
1.6359854	1.2120408	-0.024214068	14.06606
1.6328669	1.2078527	0.0018520731	14.061946
1.6328669	1.2014095	-0.00067045673	14.061946
1.6328669	1.1997986	0.029599901	14.053719
1.6250705	1.2078527	-0.0065563596	14.06606
1.6235113	1.2017316	0.01614641	14.06606
1.6266297	1.2049532	-0.00067045673	14.078403
1.6250705	1.2091414	-0.013283106	14.098971
1.6266297	1.21043	0.017828096	14.094858
1.6266297	1.2194506	-0.020009853	14.094858
1.6328669	1.2210613	-0.0065563596	14.070174
1.6328669	1.2239609	0.0035337596	14.086631
1.6359854	1.2075305	-0.0015113001	14.049603
1.6313075	1.208497	0.007737976	14.06606
1.6297482	1.2171954	0.028759057	14.098971
1.6266297	1.2171954	-0.0073972028	14.103086
1.6297482	1.2072084	-0.0023521434	14.06606
1.6266297	1.1949662	0.014464723	14.061946
1.6266297	1.1975435	0.0085788192	14.06606
1.6266297	1.2020538	-0.010760576	14.074287
1.6328669	1.1943219	0.0094196629	14.070174
1.628189	1.1968992	-0.014123949	14.06606
1.628189	1.2033424	0.0010112298	14.074287
1.6359854	1.2139738	0.07752797	14.078403
1.6313075	1.2217057	-0.020009853	14.090744
1.6297482	1.2233166	0.013623879	14.078403
1.6250705	1.2236387	0.010260507	14.074287
1.6203928	1.2255716	0.0094196629	14.078403
1.6359854	1.2271825	0.0085788192	14.090744
1.628189	1.2146181	-0.0073972028	14.049603
1.628189	1.216229	-0.0023521434	14.074287
1.6250705	1.2097857	-0.15202224	14.082516
1.6235113	1.2120408	-0.039349247	14.111315
1.6250705	1.2159067	0.0085788192	14.070174
1.6313075	1.2133294	0.0001703865	14.074287
1.6344261	1.2136517	0.0052154465	14.057832
1.6266297	1.2078527	-0.0031929866	14.070174
1.6266297	1.2055975	-0.00067045673	14.061946
1.6266297	1.1862677	0.022032311	14.057832
1.6266297	1.1917446	-0.0082380464	14.070174
1.628189	1.1952883	0.015305566	14.090744
1.6250705	1.2065641	-0.010760576	14.103086
1.6313075	1.2014095	0.012783037	14.057832
1.628189	1.212363	-0.010760576	14.074287
1.6266297	1.2146181	-0.022532383	14.074287
1.6235113	1.2146181	0.050620981	14.086631
1.6297482	1.2078527	-0.013283106	14.057832
1.6266297	1.2126851	0.0035337596	14.098971
1.6313075	1.2007651	-0.018328166	14.057832
1.6219521	1.2020538	-0.0031929866	14.078403
1.6359854	1.196577	0.0018520731	14.074287
1.6266297	1.2081748	0.020350626	14.086631
1.6391039	1.2001208	-0.0090788892	14.057832
1.6328669	1.2014095	0.023713998	14.078403
1.6266297	1.2043089	-0.014964793	14.070174
1.6250705	1.2039868	0.0043746028	14.074287
1.6235113	1.2020538	0.033804119	14.078403
1.628189	1.2097857	-0.014964793	14.098971
1.6250705	1.2130073	0.014464723	14.078403
1.6313075	1.2255716	-0.0015113001	14.098971
1.6297482	1.2178397	-0.014123949	14.061946
1.6344261	1.2120408	-0.028418286	14.061946
1.6391039	1.2078527	-0.014123949	14.037262
1.6235113	1.2081748	0.027077371	14.078403
1.6313075	1.2036645	-0.017487323	14.061946
1.6250705	1.1959326	0.0010112298	14.070174
1.6297482	1.1962548	0.12713772	14.086631
1.6219521	1.1991543	-0.014123949	14.070174
1.6250705	1.2007651	0.0068971328	14.041375
1.6344261	1.2039868	-0.00067045673	14.070174
1.6359854	1.2023759	-0.020009853	14.086631
1.6250705	1.2159067	0.12377436	14.078403
1.6344261	1.2126851	-0.0099197328	14.074287
1.6235113	1.2117187	-0.0065563596	14.103086
1.6235113	1.2059197	0.0068971328	14.090744
1.6250705	1.2081748	-0.020009853	14.057832
1.6313075	1.208497	0.1246152	14.04549
1.6313075	1.2017316	0.0068971328	14.053719
1.6297482	1.1991543	0.0018520731	14.049603
1.6359854	1.2062418	-0.038508404	14.053719
1.6313075	1.1981878	-0.020009853	14.061946
1.6266297	1.196577	-0.010760576	14.06606
1.6266297	1.2059197	0.020350626	14.123656
1.6313075	1.2020538	0.010260507	14.06606
1.6235113	1.1991543	0.11116171	14.057832
1.6375446	1.1959326	-0.00067045673	14.061946
1.6250705	1.1849791	-0.0082380464	14.061946
1.6266297	1.190778	-0.0082380464	14.057832
1.6250705	1.1930332	0.0043746028	14.082516
1.6328669	1.2078527	0.0035337596	14.098971
1.6297482	1.2072084	-0.015805636	14.078403
1.6328669	1.2188063	-0.014123949	14.082516
1.6219521	1.214296	0.029599901	14.078403
1.6266297	1.218484	-0.0090788892	14.074287
1.6297482	1.2091414	-0.0090788892	14.033148
1.6297482	1.2155846	-0.0040338296	14.098971
1.6235113	1.2120408	-0.0065563596	14.070174
1.6266297	1.1991543	0.11872929	14.053719
1.6313075	1.194644	-0.0040338296	14.06606
1.628189	1.1817575	-0.014123949	14.090744
1.628189	1.1769251	0.045575924	14.037262
1.6235113	1.188845	-0.00067045673	14.074287
1.6266297	1.1994765	-0.00067045673	14.06606
1.628189	1.2055975	-0.0065563596	14.078403
1.6266297	1.2081748	-0.01916901	14.082516
1.6235113	1.2068862	0.10611665	14.074287
1.628189	1.2049532	-0.037667561	14.074287
1.6313075	1.2023759	-0.0082380464	14.061946
1.6359854	1.2039868	0.0060562897	14.061946
1.6235113	1.2126851	-0.01916901	14.086631
1.6266297	1.2046311	0.029599901	14.041375
1.628189	1.2026981	0.0043746028	14.074287
1.6266297	1.2001208	-0.013283106	14.041375
1.6266297	1.2043089	0.0043746028	14.070174
1.6235113	1.2133294	0.015305566	14.090744
1.6203928	1.2165511	0.0052154465	14.1072
1.6250705	1.2068862	0.0052154465	14.06606
1.6235113	1.2039868	-0.0031929866	14.082516
1.6359854	1.1933553	0.024554841	14.061946
1.628189	1.2007651	0.019509783	14.074287
1.6266297	1.2101078	-0.0015113001	14.115428
1.6266297	1.2126851	-0.012442263	14.082516
1.628189	1.2175176	-0.0023521434	14.090744
1.6266297	1.2091414	-0.0048746732	14.070174
1.628189	1.2091414	0.0060562897	14.098971
1.628189	1.1997986	0.0068971328	14.057832
1.628189	1.2030202	0.039690021	14.04549
1.6297482	1.2010872	-0.0073972028	14.057832
1.6219521	1.1997986	-0.0073972028	14.061946
1.6344261	1.2030202	-0.015805636	14.049603
1.6203928	1.2010872	-0.012442263	14.074287
1.6313075	1.1959326	-0.0048746732	14.06606
1.6250705	1.2088192	-0.0082380464	14.103086
1.628189	1.2130073	-0.014964793	14.082516
1.6250705	1.2043089	0.0018520731	14.057832
1.628189	1.1840127	0.023713998	14.049603
1.6313075	1.1981878	0.012783037	14.074287
1.628189	1.1981878	-0.025054913	14.06606
1.6219521	1.2117187	0.0010112298	14.094858
1.6328669	1.2055975	0.0085788192	14.049603
1.6266297	1.1952883	-0.025054913	14.070174
1.6250705	1.2052754	-0.0048746732	14.082516
1.6328669	1.1994765	-0.00067045673	14.057832
1.6235113	1.2030202	-0.0065563596	14.078403
1.6266297	1.1978656	0.059870262	14.06606
1.6313075	1.2088192	-0.021691538	14.098971
1.6250705	1.2081748	0.01110135	14.074287
1.6235113	1.2072084	-0.021691538	14.094858
1.6188335	1.2046311	0.027077371	14.070174
1.6266297	1.1991543	0.032963276	14.098971
1.6266297	1.2055975	-0.038508404	14.090744
1.628189	1.1956105	-0.012442263	14.053719
1.628189	1.1991543	0.018668938	14.049603
1.6250705	1.2081748	-0.030099971	14.086631
1.6266297	1.2101078	-0.013283106	14.074287
1.6266297	1.1930332	-0.024214068	14.057832
1.6313075	1.2149403	-0.0023521434	14.098971
1.628189	1.2155846	0.024554841	14.090744
1.6266297	1.22235	-0.0099197328	14.082516
1.6313075	1.2217057	-0.0090788892	14.070174
1.6235113	1.2113965	0.0094196629	14.074287
1.6235113	1.2133294	-0.0082380464	14.057832
1.6313075	1.208497	0.032963276	14.061946
1.6297482	1.2046311	0.0018520731	14.074287
1.6219521	1.2007651	-0.014123949	14.061946
1.6219521	1.2075305	0.023713998	14.103086
1.6219521	1.2139738	-0.014964793	14.098971
1.628189	1.2059197	-0.0082380464	14.053719
1.6313075	1.1943219	0.0043746028	14.037262
1.6313075	1.194644	-0.025895756	14.070174
1.6297482	1.1933553	-0.018328166	14.090744
1.6203928	1.1939996	-0.014964793	14.061946
1.628189	1.192711	-0.018328166	14.070174
1.628189	1.1972213	0.0010112298	14.061946
1.628189	1.2014095	-0.010760576	14.098971
1.6313075	1.2072084	-0.13436453	14.086631
1.628189	1.2068862	-0.017487323	14.057832
1.628189	1.2200949	-0.014964793	14.082516
1.6266297	1.2175176	-0.16127151	14.082516
1.6235113	1.2175176	-0.0015113001	14.090744
1.6219521	1.2139738	-0.00067045673	14.078403
1.6250705	1.21043	0.0035337596	14.078403
1.6250705	1.2007651	0.01110135	14.06606
1.6250705	1.1968992	0.007737976	14.057832
1.6188335	1.1972213	-0.0073972028	14.049603
1.628189	1.1943219	-0.018328166	14.070174
1.6313075	1.1878786	0.027077371	14.049603
1.6219521	1.1914223	0.0018520731	14.049603
1.6250705	1.192711	0.0026929164	14.078403
1.6344261	1.1943219	-0.026736598	14.06606
1.6203928	1.2081748	-0.0065563596	14.090744
1.6266297	1.2120408	-0.0073972028	14.078403
1.628189	1.2094635	-0.018328166	14.061946
1.6266297	1.2152624	-0.015805636	14.078403
1.6297482	1.2097857	0.032122433	14.06606
1.6266297	1.2168733	0.012783037	14.111315
1.6313075	1.2059197	0.0068971328	14.070174
1.6235113	1.2078527	-0.013283106	14.074287
1.6219521	1.2107521	-0.0048746732	14.086631
1.6297482	1.2075305	0.011942193	14.119543
1.6266297	1.2101078	-0.024214068	14.086631
1.628189	1.2017316	0.044735081	14.049603
1.6266297	1.2052754	0.0035337596	14.094858
1.6266297	1.2094635	-0.025895756	14.082516
1.6219521	1.21043	0.0052154465	14.090744
1.6313075	1.2120408	-0.014123949	14.074287
1.6359854	1.2149403	-0.028418286	14.074287
1.6266297	1.212363	-0.0099197328	14.094858
1.628189	1.2168733	0.012783037	14.082516
1.6375446	1.2220279	0.016987253	14.061946
1.628189	1.2207392	-0.010760576	14.086631
1.6313075	1.2075305	-0.0023521434	14.061946
1.6344261	1.2043089	0.053143516	14.049603
1.6297482	1.2010872	0.015305566	14.061946
1.6313075	1.2094635	-0.018328166	14.094858
1.6250705	1.2049532	0.014464723	14.098971
1.628189	1.2036645	0.0085788192	14.078403
1.6250705	1.2014095	-0.0031929866	14.098971
1.6297482	1.2110744	-0.029259128	14.082516
1.6313075	1.2023759	-0.012442263	14.049603
1.6235113	1.1959326	0.017828096	14.090744
1.6313075	1.1933553	0.015305566	14.057832
1.6250705	1.1994765	0.019509783	14.053719
1.6203928	1.2043089	0.010260507	14.078403
1.6297482	1.216229	-0.037667561	14.111315
1.6250705	1.2207392	0.035485804	14.078403
1.6219521	1.2072084	-0.0057155164	14.057832
1.6266297	1.2017316	0.036326651	14.037262
1.6235113	1.2023759	0.0094196629	14.061946
1.628189	1.1956105	-0.00067045673	14.033148
1.6266297	1.2033424	0.0052154465	14.074287
1.628189	1.2049532	0.016987253	14.078403
1.6297482	1.2033424	-0.01160142	14.078403
1.6219521	1.2043089	-0.025895756	14.078403
1.6297482	1.1959326	0.0068971328	14.078403
1.628189	1.2007651	-0.020850696	14.090744
1.6203928	1.2049532	-0.0082380464	14.086631
1.628189	1.2017316	0.0035337596	14.074287
1.6250705	1.1956105	0.014464723	14.049603
1.6219521	1.1930332	-0.014123949	14.086631
1.6297482	1.2036645	0.0094196629	14.090744
1.6266297	1.2197727	-0.020850696	14.123656
1.6250705	1.2229943	0.0018520731	14.086631
1.6313075	1.2168733	0.041371711	14.074287
1.6313075	1.2055975	0.026236527	14.041375
1.6313075	1.2065641	-0.017487323	14.070174
1.6266297	1.2120408	0.014464723	14.078403
1.6235113	1.2072084	-0.020009853	14.090744
1.6203928	1.2043089	0.016987253	14.061946
1.6328669	1.1991543	-0.020850696	14.1072
1.6313075	1.2043089	-0.031781659	14.098971
1.6297482	1.2023759	-0.0082380464	14.061946
1.6188335	1.2055975	0.017828096	14.074287
1.6313075	1.2023759	0.0094196629	14.04549
1.6219521	1.2065641	0.014464723	14.061946
1.6328669	1.2039868	-0.030099971	14.070174
1.6313075	1.1978656	0.043053396	14.053719
1.6344261	1.2055975	-0.013283106	14.06606
1.6297482	1.2117187	0.027077371	14.061946
1.6328669	1.2010872	0.10863917	14.033148
1.6203928	1.208497	0.0068971328	14.04549
1.6266297	1.21043	-0.0031929866	14.029035
1.6297482	1.2055975	0.0035337596	14.061946
1.628189	1.2033424	-0.014123949	14.057832
1.6203928	1.2068862	-0.0015113001	14.06606
1.6219521	1.2017316	-0.0040338296	14.078403
1.628189	1.1956105	0.0035337596	14.086631
1.6297482	1.1959326	0.014464723	14.061946
1.6235113	1.1994765	0.0094196629	14.070174
1.6266297	1.2007651	0.13218279	14.049603
1.6297482	1.2033424	-0.014964793	14.061946
1.6297482	1.2030202	0.0052154465	14.033148
1.6250705	1.2059197	-0.0057155164	14.061946
1.628189	1.2081748	0.007737976	14.049603
1.6266297	1.22235	-0.0031929866	14.090744
1.6250705	1.2188063	-0.014964793	14.049603
1.6328669	1.2194506	0.0035337596	14.041375
1.6266297	1.2030202	0.17086157	14.029035
1.628189	1.1988322	-0.01916901	14.053719
1.6313075	1.2075305	-0.017487323	14.074287
1.6297482	1.2110744	-0.020009853	14.078403
1.6250705	1.2065641	-0.026736598	14.078403
1.6235113	1.2101078	-0.22097138	14.098971
1.6219521	1.2110744	0.016987253	14.070174
1.6235113	1.2004429	-0.018328166	14.06606
1.6235113	1.2097857	0.016987253	14.082516
1.6266297	1.1968992	-0.029259128	14.049603
1.6313075	1.2036645	0.0085788192	14.049603
1.6359854	1.2065641	-0.024214068	14.061946
1.628189	1.1988322	0.0035337596	14.061946
1.6219521	1.2014095	0.054825202	14.057832
1.6250705	1.2065641	-0.026736598	14.12777
1.6313075	1.2065641	-0.01160142	14.06606
1.6328669	1.2110744	0.0052154465	14.061946
1.6297482	1.2039868	0.0052154465	14.04549
1.6297482	1.2014095	0.016987253	14.078403
1.6266297	1.2007651	-0.015805636	14.06606
1.6266297	1.2068862	0.0035337596	14.082516
1.6219521	1.1988322	-0.0040338296	14.070174
1.628189	1.1956105	-0.01916901	14.074287
1.6250705	1.194644	0.03128159	14.057832
1.615715	1.1968992	0.0001703865	14.086631
1.6250705	1.1917446	-0.029259128	14.057832
1.6250705	1.1862677	0.024554841	14.04549
1.6328669	1.1978656	-0.024214068	14.070174
1.6313075	1.2010872	0.040530864	14.082516
1.6188335	1.194644	-0.013283106	14.061946
1.6297482	1.2023759	-0.0099197328	14.090744
1.6313075	1.21043	-0.010760576	14.078403
1.6203928	1.2072084	-0.0015113001	14.057832
1.6172743	1.2026981	0.013623879	14.057832
1.6250705	1.2107521	0.012783037	14.074287
1.6219521	1.2149403	-0.014123949	14.074287
1.6344261	1.220417	-0.0082380464	14.086631
1.6297482	1.2130073	-0.0048746732	14.074287
1.6266297	1.2075305	-0.020850696	14.078403
1.6313075	1.2091414	0.0026929164	14.115428
1.628189	1.1994765	-0.01160142	14.057832
1.628189	1.2020538	0.0060562897	14.078403
1.628189	1.190778	0.0052154465	14.074287
1.6297482	1.1920667	0.0010112298	14.070174
1.6266297	1.1949662	0.048098456	14.04549
1.6250705	1.2001208	0.0026929164	14.057832
1.6219521	1.2133294	0.023713998	14.098971
1.6203928	1.2207392	0.024554841	14.1072
1.6250705	1.2175176	-0.012442263	14.070174
1.6266297	1.2181619	-0.015805636	14.070174
1.6313075	1.2014095	0.0094196629	14.033148
1.6266297	1.2059197	0.012783037	14.074287
1.6266297	1.2043089	-0.00067045673	14.078403
1.6250705	1.2078527	-0.010760576	14.094858
1.6297482	1.2010872	0.01110135	14.074287
1.6250705	1.194644	0.012783037	14.074287
1.6328669	1.188845	0.028759057	14.061946
1.6297482	1.192711	-0.0073972028	14.061946
1.6328669	1.1795024	0.0052154465	14.037262
1.628189	1.1894894	0.093503997	14.061946
1.6235113	1.1891673	-0.0015113001	14.06606
1.6313075	1.196577	-0.01664648	14.053719
1.6297482	1.2110744	-0.038508404	14.082516
1.6235113	1.2178397	-0.0057155164	14.082516
1.6266297	1.218484	0.032122433	14.098971
1.628189	1.2191284	0.0035337596	14.094858
1.6266297	1.2152624	-0.012442263	14.074287
1.6297482	1.2207392	-0.19995031	14.078403
1.6266297	1.2152624	0.0026929164	14.098971
1.6203928	1.2088192	0.0010112298	14.06606
1.615715	1.2059197	0.0094196629	14.078403
1.628189	1.2097857	-0.032622501	14.1072
1.628189	1.2068862	0.022032311	14.074287
1.6250705	1.216229	-0.025895756	14.082516
1.6266297	1.2130073	-0.0057155164	14.049603
1.628189	1.2081748	0.0060562897	14.078403
1.6266297	1.2001208	0.011942193	14.037262
1.6313075	1.192711	-0.017487323	14.049603
1.6235113	1.1972213	0.0068971328	14.070174
1.6250705	1.1997986	-0.0040338296	14.06606
1.6235113	1.2055975	-0.0023521434	14.061946
1.6219521	1.2094635	-0.024214068	14.053719
1.6235113	1.2036645	0.0043746028	14.061946
1.6250705	1.2113965	0.0094196629	14.06606
1.6313075	1.2094635	-0.0023521434	14.082516
1.6219521	1.212363	-0.0073972028	14.111315
1.628189	1.1991543	0.0035337596	14.053719
1.6250705	1.2059197	0.0035337596	14.078403
1.6235113	1.2075305	-0.025054913	14.082516
1.6328669	1.2007651	-0.0023521434	14.082516
1.6313075	1.1962548	-0.036826719	14.029035
1.6344261	1.2049532	-0.028418286	14.082516
1.6500188	1.2081748	-0.00067045673	14.049603
1.6749671	1.1978656	0.011942193	14.053719
1.7404562	1.194644	-0.0040338296	14.008463
1.8246565	1.1997986	-0.17136163	14.008463
1.938483	1.2039868	0.007737976	13.979666
2.0866134	1.1981878	0.016987253	13.959095
2.2207103	1.2020538	-0.010760576	13.926183
2.3657219	1.1997986	-0.0073972028	13.852131
2.5044966	1.1933553	0.0060562897	13.819219
2.647949	1.1994765	0.0043746028	13.794534
2.7976387	1.1891673	-0.010760576	13.712254
2.9520063	1.1737034	0.019509783	13.691685
3.1266439	1.1756364	-0.00067045673	13.662886
3.2997224	1.1737034	-0.0065563596	13.621745
3.489953	1.1717705	-0.023373226	13.551807
3.6770654	1.1824018	-0.0099197328	13.560036
3.873533	1.1672602	0.010260507	13.481869
4.0762377	1.1588839	-0.024214068	13.420158
4.2805018	1.1521184	-0.0057155164	13.420158
4.4816475	1.1521184	-0.010760576	13.37079
4.6952667	1.1476082	0.0094196629	13.325536
4.9088864	1.1427758	0.012783037	13.28851
5.1287432	1.1472861	0.0018520731	13.304966
5.3408041	1.1453531	0.011942193	13.218571
5.5559831	1.1327887	-0.0057155164	13.198002
5.7633657	1.1311779	-0.0031929866	13.156861
5.9816632	1.1327887	-0.0090788892	13.156861
6.1843681	1.1257011	0.0094196629	13.115721
6.432292	1.1260233	-0.020009853	13.095152
6.6287599	1.1347216	-0.0073972028	13.074581
6.8532948	1.1192579	-0.0040338296	13.012872
7.0793891	1.1121703	0.014464723	12.971731
7.2852125	1.1176471	0.010260507	12.942932
7.512866	1.1041162	0.010260507	12.885336
7.7264857	1.1108817	-0.085595623	12.893564
7.9432244	1.1028275	0.0026929164	12.831854
8.1506071	1.1002502	0.0026929164	12.80717
8.356431	1.0996059	-0.022532383	12.803056
8.5653734	1.1021832	-0.0048746732	12.782486
8.7587233	1.1031498	0.012783037	12.745459
8.9598684	1.1028275	0.0043746028	12.708433
9.1532183	1.1047605	-0.012442263	12.708433
9.3387718	1.1028275	0.012783037	12.675522
9.5118504	1.1050828	0.0026929164	12.683749
9.7207928	1.0934849	-0.018328166	12.601469
9.8798389	1.0889746	0.0052154465	12.597354
10.038884	1.1005725	0.0018520731	12.613811
10.243149	1.1028275	0.04725761	12.605582
10.397516	1.0912297	-0.0048746732	12.535645
10.58463	1.0847864	-0.012442263	12.510961
10.73432	1.0822091	0.01614641	12.49039
10.924551	1.0822091	-0.020009853	12.494504
11.089834	1.0773767	0.0010112298	12.445136
11.258236	1.0693226	0.0035337596	12.432794
11.423519	1.0754437	0.012783037	12.432794
11.587242	1.0738329	0.020350626	12.42868
11.732255	1.0847864	-0.015805636	12.403996
11.881945	1.0770545	-0.0073972028	12.379312
11.944315	1.0809205	-0.021691538	12.366969
12.118955	1.0767324	0.0094196629	12.329944
12.189121	1.0731885	0.0094196629	12.334057
12.390268	1.0651345	0.010260507	12.292916
12.483825	1.0673896	-0.01160142	12.284689
12.633514	1.0673896	-0.0031929866	12.280575
12.753579	1.0731885	-0.030099971	12.284689
12.873644	1.0744772	0.0060562897	12.239435
13.006181	1.0718999	0.0018520731	12.243548
13.126245	1.0747994	0.01110135	12.222979
13.233835	1.0635237	0.0060562897	12.214751
13.35078	1.0657789	-0.0031929866	12.214751
13.463049	1.0632015	0.007737976	12.161268
13.564402	1.0586913	0.016987253	12.15304
13.664196	1.0554696	0.0035337596	12.165382
13.76087	1.0519258	-0.01916901	12.128357
13.859104	1.0586913	-0.023373226	12.13247
13.949542	1.0548253	-0.028418286	12.074874
14.032185	1.0580469	0.0035337596	12.103673
14.114825	1.0496707	-0.024214068	12.083102
14.191231	1.0554696	-0.025895756	12.091331
14.266075	1.0474155	-0.046916839	12.066646
14.339361	1.0464491	-0.031781659	12.070761
14.411088	1.0438718	-0.018328166	12.041962
14.476577	1.0409724	-0.047757678	12.033734
14.531152	1.0458047	-0.030099971	12.033734
14.588845	1.0445161	-0.033463344	12.013165
14.649657	1.0499928	-0.048598524	12.041962
14.705791	1.0445161	-0.025895756	12.004936
14.754128	1.040328	-0.062052015	11.988481
14.804026	1.0400058	-0.076346353	11.992594
14.846126	1.0458047	-0.061211169	12.009049
14.885107	1.0580469	-0.10241249	12.000822
14.922531	1.0564361	-0.12931947	11.955568
14.945919	1.0477377	-0.10493501	11.963797
14.980224	1.0535367	-0.12175188	11.992594
14.994257	1.0451604	-0.12091105	11.943225
15.011409	1.0387172	-0.1688391	11.934998
15.020765	1.0448383	-0.16043067	11.922656
15.023883	1.0306631	-0.15790814	11.910314
15.009851	1.0461268	-0.21676716	11.926769
14.991138	1.0406501	-0.2251756	11.889744
14.963072	1.044194	-0.30421484	11.889744
14.92409	1.0358177	-0.29076135	11.897972
14.872633	1.0354955	-0.30925992	11.873288
14.808703	1.0325961	-0.33700773	11.860945
14.733858	1.038395	-0.39923012	11.860945
14.632505	1.0464491	-0.47070178	11.885629
14.523355	1.0406501	-0.48583695	11.840376
14.389258	1.0409724	-0.50097215	11.828032
14.244245	1.0454826	-0.62709856	11.819805
14.06025	1.0416167	-0.66409564	11.803349
13.857545	1.0345291	-0.52115238	11.770436
13.628332	1.0232533	-0.81796986	11.786893
13.371052	1.022609	-0.68007165	11.78278
13.088823	1.0200317	-1.0122046	11.745752
12.767612	1.014555	-1.1164691	11.753981
12.408979	1.022609	-1.165238	11.733411
12.016043	1.0219647	-1.3645177	11.71284
11.584124	1.0155214	-1.4822357	11.708727
11.105427	1.0229312	-1.6857195	11.721068
10.589307	1.0184209	-1.8068008	11.647016
10.034207	1.012622	-1.9186329	11.642902
9.424531	1.008756	-2.2389936	11.605876
8.7665195	0.99748033	-2.4407959	11.593534
8.0664072	1.0039235	-2.5761714	11.531824
7.3288722	1.0074674	-2.9974332	11.52771
6.5523558	1.0071452	-3.2496855	11.461885
5.7883139	1.0061787	-3.7558722	11.437201
4.924479	0.99844682	-4.0039206	11.396061
4.1027455	0.99554735	-4.3167138	11.363149
3.3948379	0.98652679	-4.9952722	11.280869
2.4312112	0.97492892	-5.3559933	11.25207
1.6032408	0.98298299	-6.1690865	11.19036
0.99668646	0.97976136	-6.6206179	11.099852
0.54449946	0.98427165	-7.1225996	11.021685
0.33867648	0.96333104	-8.142539	10.906493
0.28098366	0.95398831	-8.7563524	10.803642
0.27006882	0.94722295	-9.3138285	10.70902
0.27786514	0.9336921	-10.483438	10.60617
0.26850954	0.93594724	-10.440554	10.511547
0.33867648	0.93401426	-10.417851	10.43338
0.44626576	0.93304777	-10.464938	10.318188
0.53982168	0.92112774	-10.34638	10.18654
0.6037516	0.9127515	-10.48596	10.063119
0.5429402	0.90179795	-10.454007	9.9808388
0.50863642	0.88762283	-10.410284	9.82862
0.3823359	0.86410493	-10.482595	9.672287
0.33243942	0.85089624	-10.463257	9.569437
0.31372824	0.84928542	-10.472507	9.4871569
1.0341088	0.84831893	-10.452326	9.3472795
2.0897317	0.83800977	-10.310225	9.2156315
1.3880621	0.83285517	-10.439713	9.0839825
0.85479331	0.82061297	-10.473348	8.9893608
0.57724404	0.81867999	-10.451485	8.890624
0.50239933	0.80063891	-10.461576	8.7630892
0.418199	0.79806161	-10.452326	8.6972656
0.36674324	0.78968537	-10.450644	8.627327
0.33399868	0.79870594	-10.449803	8.5903006
0.3870137	0.79677296	-10.337131	8.5409327
0.4088434	0.78130913	-10.454848	8.4668808
0.35270989	0.77840966	-10.475029	8.4792223
0.36674324	0.7867859	-10.458212	8.4956789
0.341795	0.7842086	-10.441395	8.4915648
0.35738766	0.7719664	-10.444759	8.4709949
0.36518401	0.76777828	-10.470825	8.4504242
0.37921739	0.76616746	-10.475869	8.4339685
0.59439594	0.76487881	-10.462417	8.3804865
0.53982168	0.76777828	-10.46662	8.3352318
0.57100701	0.75650263	-10.795388	8.2323809
0.53982168	0.75714695	-10.451485	8.2488375
0.53358465	0.75521398	-10.440554	8.1542149
0.49928078	0.75070369	-10.448963	8.1171885
0.50551784	0.7410388	-10.488482	8.0719347
0.49304372	0.72911876	-10.422896	8.0554781
0.53358465	0.73040742	-10.440554	7.9649706
0.55541432	0.73588419	-10.482595	7.9197164
0.63337761	0.73749501	-10.427941	7.8785763
0.69107044	0.74200529	-10.464938	7.8621202
0.75500029	0.73910582	-10.448963	7.7921815
0.81581163	0.7226755	-10.482595	7.7263575
0.87818229	0.70688957	-10.463257	7.6687608
0.93275654	0.69980198	-10.40692	7.6235065
0.9857716	0.68530464	-10.45653	7.5535684
1.0465829	0.68047225	-10.421215	7.5083141
1.1245462	0.69013709	-10.457372	7.4836307
1.1837983	0.69142574	-10.486801	7.4754028
1.2570838	0.6791836	-10.413648	7.40135
1.335047	0.69045925	-10.483438	7.4260345
1.4145696	0.68143874	-10.449803	7.3766661
1.4862959	0.67821711	-10.483438	7.3848944
1.5782925	0.6766063	-10.479233	7.4095783
1.6656115	0.67370683	-10.432987	7.3560958
1.7529303	0.6791836	-10.449803	7.3602099
1.8511641	0.67274034	-10.464098	7.3149557
1.9353645	0.67596197	-10.464938	7.323184
2.044513	0.68337166	-10.452326	7.2861576
2.1396284	0.68659329	-10.437191	7.2573595
2.2440991	0.68079442	-10.471665	7.2162194
2.3267403	0.67531765	-10.472507	7.2491312
2.4218554	0.6669414	-10.451485	7.1997633
2.5185299	0.66984087	-10.460734	7.1997633
2.5949342	0.66790789	-10.351425	7.203877
2.6713381	0.66468626	-10.45653	7.1709652
2.7555387	0.66275328	-10.458212	7.1462808
2.828824	0.66629708	-10.382536	7.1462808
2.9177024	0.66146463	-10.474188	7.1339388
2.9878693	0.65276623	-10.432987	7.1133685
3.0751884	0.66243112	-10.47671	7.1010265
3.1593885	0.65405488	-10.452326	7.1174827
3.2373519	0.66017598	-10.427101	7.1174827
3.3246708	0.66210896	-10.443918	7.1298246
3.4104307	0.66951871	-10.433827	7.1174827
3.482157	0.66017598	-10.469144	7.1174827
3.5507646	0.65953165	-10.436351	7.1051407
3.6224909	0.66114247	-10.342176	7.1215968
3.6833022	0.64567864	-10.444759	7.1051407
3.7456729	0.64567864	-10.47671	7.0804563
3.8049252	0.65341055	-10.471665	7.0886846
3.8626182	0.65695435	-10.488482	7.0927987
3.9187517	0.6556657	-10.414488	7.0927987
3.9780037	0.65663218	-10.475029	7.0598865
4.0388155	0.65147758	-10.463257	7.0557723
4.0902715	0.658243	-10.459053	7.0557723
4.147964	0.65792084	-10.477551	7.0804563
4.2009792	0.66178679	-10.290044	7.0516582
4.257113	0.65759867	-10.438872	7.022861
4.311687	0.65856516	-10.474188	7.035202
4.3584652	0.66114247	-10.464938	7.0598865
4.420836	0.66210896	-10.464098	7.0310888
4.4566989	0.66468626	-10.363197	7.035202
4.5003586	0.65598786	-10.459894	7.0187469
4.5440183	0.65083325	-10.462417	7.0064049
4.584559	0.64632297	-10.430465	6.9858346
4.6250997	0.65051109	-10.447281	6.9981766
4.6640816	0.65534353	-10.484279	6.9693785
4.712419	0.64825594	-10.454007	6.9446945
4.7420449	0.64922243	-10.429624	6.9364662
4.7716713	0.64632297	-10.427101	6.9405804
4.8090935	0.65308839	-10.464938	6.9529223
4.8433971	0.65018892	-10.452326	6.9323525
4.8823791	0.64825594	-10.475029	6.9529223
4.9088864	0.64793378	-10.464098	6.9241242
4.9385128	0.65631002	-10.431305	6.9117823
4.9572244	0.64761162	-10.454007	6.9076681
4.9634614	0.65727651	-10.465779	6.9323525
4.9884095	0.65469921	-10.46662	6.8870983
4.9587831	0.64632297	-10.491005	6.8829842
4.9385128	0.64793378	-10.883677	6.866528
4.9868498	0.64761162	-10.446441	6.9035544
4.9556646	0.63859111	-10.465779	6.866528
4.9806128	0.63601381	-10.453167	6.8377299
4.9899688	0.63987976	-10.443076	6.8418441
5.0133576	0.6369803	-10.424579	6.8171597
5.0305095	0.6395576	-10.458212	6.8500719
5.0476618	0.63182569	-10.469984	6.8212738
5.0632539	0.64277923	-10.480914	6.8336158
5.081965	0.64406788	-10.488482	6.8377299
5.1022358	0.63826895	-10.397672	6.8212738
5.1147103	0.63311434	-10.440554	6.8048177
5.1287432	0.6334365	-10.471665	6.8336158
5.1474543	0.63859111	-10.451485	6.8295016
5.1536918	0.6495446	-10.473348	6.8336158
5.1724029	0.63150352	-10.374969	6.8130455
5.1786399	0.63536948	-10.450644	6.8459578
5.1911139	0.63408083	-10.448963	6.8171597
5.2067065	0.63021487	-10.384218	6.8624139
5.2207403	0.62667108	-10.477551	6.8130455
5.2300959	0.63408083	-10.454848	6.8212738
5.2394519	0.63633597	-10.469984	6.8212738
5.2550445	0.64181274	-10.464098	6.8583002
5.2566032	0.64471221	-10.321156	6.8336158
5.258163	0.63730246	-10.45653	6.7924757
5.2628403	0.64084625	-10.465779	6.8171597
5.2659588	0.64181274	-10.472507	6.8377299
5.2675185	0.63408083	-10.487641	6.7842474
5.2690773	0.64052409	-10.352266	6.8007035
5.2753143	0.63730246	-10.468302	6.8212738
5.2737556	0.64149058	-10.464938	6.8007035
5.2815518	0.64761162	-10.484279	6.8130455
5.2815518	0.64116842	-10.452326	6.8048177
5.2971444	0.6334365	-10.37581	6.7801337
5.2987037	0.6369803	-10.479233	6.7924757
5.3002629	0.62409377	-10.458212	6.7677913
5.3142967	0.61958349	-10.401035	6.7636776
5.3111782	0.61893916	-10.461576	6.7389932
5.3174152	0.60959649	-10.332087	6.7472215
5.3314481	0.61152941	-10.470825	6.7389932
5.3267708	0.61120725	-10.458212	6.7389932
5.3330078	0.62344944	-10.480074	6.7472215
5.3376851	0.61893916	-10.479233	6.7307653
5.3345666	0.62506026	-10.449803	6.7842474
5.3408041	0.62892622	-10.451485	6.7472215
5.3423634	0.62989271	-10.446441	6.7348795
5.3392448	0.62892622	-10.440554	6.7307653
5.3470411	0.63859111	-10.47671	6.7760196
5.3501596	0.62957054	-10.475029	6.7348795
5.3454819	0.62377161	-10.427101	6.722537
5.3439226	0.61958349	-10.434669	6.7431073
5.3439226	0.62248296	-10.483438	6.7431073
5.3470411	0.62183863	-10.473348	6.7184234
5.3408041	0.62699324	-10.474188	6.7019672
5.3439226	0.6211943	-10.425419	6.7101951
5.3361263	0.63150352	-10.481755	6.722537
5.3345666	0.63214785	-10.45569	6.7101951
5.3330078	0.62699324	-10.471665	6.7184234
5.325211	0.63730246	-10.454007	6.7307653
5.3314481	0.63150352	-10.373287	6.7143092
5.3283296	0.63601381	-10.463257	6.7101951
5.3002629	0.63633597	-10.432146	6.722537
5.2831111	0.62087214	-10.45569	6.6896253
5.2877889	0.62054998	-10.448122	6.7184234
5.2862296	0.62054998	-10.33629	6.7101951
5.2721958	0.62280512	-10.499413	6.722537
5.2644	0.61893916	-10.467461	6.7101951
5.258163	0.62506026	-10.459053	6.7348795
5.2519259	0.62570459	-10.46662	6.7554493
5.2488074	0.62248296	-10.446441	6.6896253
5.2378922	0.62022781	-10.451485	6.7143092
5.2472477	0.62183863	-10.482595	6.6855111
5.2441292	0.6273154	-10.390103	6.7431073
5.2378922	0.62216079	-10.484279	6.6978531
5.2332144	0.62924838	-10.428782	6.7143092
5.2316551	0.63762462	-10.462417	6.7060809
5.2238588	0.62957054	-10.469144	6.7060809
5.2316551	0.63762462	-10.320314	6.6978531
5.2238588	0.63923544	-10.449803	6.6855111
5.2145033	0.62763757	-10.438872	6.6978531
5.2113848	0.62763757	-10.458212	6.6978531
5.2222996	0.62570459	-10.462417	6.6731691
5.2051477	0.62151647	-10.843317	6.681397
5.2067065	0.61152941	-10.458212	6.6855111
5.2004695	0.6124959	-10.47671	6.6731691
5.2067065	0.60959649	-10.45653	6.6443706
5.1957922	0.60411972	-10.462417	6.6402569
5.1911139	0.60218674	-10.34638	6.6484847
5.1926737	0.60766351	-10.452326	6.6361427
5.1942325	0.61410671	-10.483438	6.669055
5.1911139	0.61410671	-10.410284	6.6608267
5.1895552	0.6247381	-10.471665	6.669055
5.1895552	0.62828189	-10.393467	6.6608267
5.1911139	0.63279217	-10.45569	6.6896253
5.1833181	0.6247381	-10.451485	6.6484847
5.1864367	0.63053703	-10.438872	6.656713
5.1786399	0.62924838	-10.451485	6.6484847
5.1755214	0.62538242	-10.459894	6.669055
5.1724029	0.62924838	-10.440554	6.6402569
5.1708436	0.61732835	-10.467461	6.6443706
5.1630473	0.61668402	-10.432146	6.656713
5.1630473	0.60927433	-10.475869	6.6443706
5.1646066	0.61120725	-10.453167	6.656713
5.1583695	0.61410671	-10.483438	6.6402569
5.1583695	0.6150732	-10.452326	6.6525989
5.155251	0.61765051	-10.299293	6.656713
5.1583695	0.60927433	-10.457372	6.6361427
5.1521325	0.61539537	-10.457372	6.656713
5.1599288	0.61314023	-10.453167	6.6443706
5.149014	0.61990565	-10.467461	6.6772828
5.1412172	0.61603969	-10.380855	6.6402569
5.149014	0.62280512	-10.474188	6.6525989
5.1396585	0.61926132	-10.480074	6.656713
5.142777	0.62506026	-10.440554	6.6484847
5.1412172	0.62763757	-10.465779	6.6608267
5.1365399	0.63536948	-10.480914	6.6896253
5.1412172	0.62763757	-10.432146	6.6525989
5.1380987	0.61636186	-10.454848	6.6238008
5.1396585	0.61829484	-10.436351	6.681397
5.1318617	0.618617	-10.465779	6.6320286
5.1318617	0.61571753	-10.481755	6.6238008
5.1334214	0.61571753	-10.450644	6.6238008
5.1256247	0.62538242	-10.441395	6.6731691
5.1240659	0.62763757	-10.448963	6.6443706
5.1147103	0.63150352	-10.487641	6.669055
5.1131506	0.63150352	-10.469984	6.6320286
5.1147103	0.63150352	-10.417851	6.6484847
5.1147103	0.6247381	-10.464098	6.6238008
5.1084728	0.63118136	-10.379173	6.6279149
5.1069136	0.62957054	-10.474188	6.6114588
5.1022358	0.62280512	-10.477551	6.6196866
5.091321	0.62828189	-10.42626	6.6361427
5.0959988	0.62506026	-10.479233	6.6238008
5.1053543	0.61958349	-10.28584	6.5950027
5.088202	0.61539537	-10.468302	6.6114588
5.0944395	0.61475104	-10.486801	6.5950027
5.088202	0.61732835	-10.463257	6.5991163
5.081965	0.61152941	-10.469984	6.6032305
5.0804062	0.61217374	-10.478392	6.5991163
5.0679321	0.61410671	-10.468302	6.5908885
5.0710506	0.61668402	-10.441395	6.6196866
5.0632539	0.62280512	-10.413648	6.6196866
5.0616951	0.63375866	-10.469144	6.6279149
5.0570173	0.63665813	-10.475029	6.6279149
5.0570173	0.63053703	-10.475029	6.5991163
5.0554581	0.62860405	-10.448122	6.6032305
5.0632539	0.62634891	-10.303497	6.5950027
5.0554581	0.62216079	-10.463257	6.6279149
5.0523396	0.61636186	-10.494368	6.6032305
5.046102	0.61314023	-10.417851	6.5826612
5.0445433	0.61539537	-10.469984	6.6238008
5.0445433	0.62151647	-10.439713	6.6279149
5.0383062	0.61603969	-10.47671	6.5908885
5.039865	0.60863	-10.458212	6.5826612
5.0383062	0.60798568	-10.383377	6.5991163
5.0305095	0.60573053	-10.480914	6.6032305
5.0211539	0.61024076	-10.477551	6.6114588
5.0289507	0.61088508	-10.462417	6.5991163
5.0227137	0.60927433	-10.438872	6.5908885
5.0289507	0.61668402	-10.46662	6.6279149
5.0180354	0.62667108	-10.446441	6.5991163
5.0211539	0.63118136	-10.463257	6.5991163
5.0180354	0.61539537	-10.447281	6.5620909
5.0164766	0.61056292	-10.465779	6.5867743
5.0071206	0.61636186	-10.35563	6.5991163
5.0071206	0.61603969	-10.449803	6.5908885
5.0024428	0.62022781	-10.457372	6.6155725
4.9993243	0.61732835	-10.388422	6.5908885
4.991528	0.618617	-10.458212	6.6114588
4.9868498	0.62151647	-10.438872	6.5950027
4.9821725	0.62054998	-10.435509	6.6032305
4.9806128	0.62763757	-10.494368	6.6073446
4.9728169	0.62860405	-10.366561	6.6238008
4.9759355	0.62699324	-10.478392	6.5744333
4.9712572	0.62860405	-10.463257	6.578547
4.9650202	0.63021487	-10.444759	6.5867743
4.9634614	0.62957054	-10.448122	6.6032305
4.9587831	0.63375866	-10.414488	6.5867743
4.9541059	0.62924838	-10.429624	6.5620909
4.9541059	0.6273154	-10.46662	6.566205
4.9478683	0.62506026	-10.474188	6.578547
4.9494276	0.62763757	-10.472507	6.5620909
4.9369535	0.62054998	-10.363197	6.578547
4.9353943	0.60927433	-10.461576	6.5744333
4.927598	0.6060527	-10.449803	6.5579772
4.924479	0.60701919	-10.477551	6.5867743
4.9307165	0.6060527	-10.449803	6.5456352
4.924479	0.61120725	-10.458212	6.5579772
4.9213605	0.618617	-10.478392	6.578547
4.9135647	0.61829484	-10.459053	6.5703192
4.9088864	0.62892622	-10.390103	6.578547
4.9135647	0.6273154	-10.478392	6.5908885
4.9042091	0.62248296	-10.452326	6.566205
4.9057679	0.62570459	-10.474188	6.5991163
4.8995309	0.6247381	-10.464938	6.5703192
4.8995309	0.61475104	-10.29593	6.5579772
4.8932939	0.61378455	-10.465779	6.5456352
4.8917351	0.61281806	-10.459053	6.5703192
4.8886161	0.61410671	-10.45653	6.578547
4.8870568	0.60411972	-10.458212	6.5620909
4.8839383	0.61603969	-10.440554	6.5744333
4.876142	0.61700618	-10.45653	6.6032305
4.8745828	0.60669702	-10.4456	6.5620909
4.8745828	0.60863	-10.433827	6.566205
4.8683457	0.61281806	-10.470825	6.5991163
4.8605494	0.60283107	-10.327041	6.5620909
4.863668	0.62216079	-10.478392	6.566205
4.8543124	0.62022781	-10.47671	6.5867743
4.8511939	0.61926132	-10.422896	6.578547
4.8433971	0.61152941	-10.433827	6.5456352
4.8449569	0.60991865	-10.451485	6.5579772
4.8402786	0.62312728	-10.464938	6.5703192
4.8262453	0.61958349	-10.498572	6.5456352
4.827805	0.62377161	-10.433827	6.5497489
4.8215675	0.62151647	-10.480914	6.553863
4.8231268	0.62054998	-10.470825	6.5703192
4.8215675	0.61571753	-10.475029	6.5332928
4.8075342	0.60863	-10.454007	6.5456352
4.812212	0.61024076	-10.344698	6.5744333
4.8090935	0.61088508	-10.475029	6.5456352
4.8044157	0.60830784	-10.47671	6.5456352
4.8012972	0.60863	-10.439713	6.5332928
4.7935009	0.61056292	-10.45653	6.5703192
4.7872639	0.60927433	-10.410284	6.5332928
4.7825861	0.6025089	-10.454007	6.5250649
4.7810268	0.6150732	-10.46662	6.5497489
4.7732306	0.62538242	-10.367401	6.5374069
4.7716713	0.63182569	-10.47671	6.566205
4.7685528	0.63021487	-10.319473	6.5456352
4.760756	0.62248296	-10.437191	6.512723
4.7623153	0.61152941	-10.459053	6.5209508
4.7638745	0.61539537	-10.323677	6.5415211
4.754519	0.61475104	-10.457372	6.5456352
4.7576375	0.61442888	-10.481755	6.5579772
4.7514005	0.61056292	-10.451485	6.5291791
4.7389264	0.61958349	-10.446441	6.5579772
4.7389264	0.6124959	-10.384218	6.5332928
4.7404857	0.61893916	-10.467461	6.5415211
4.7280116	0.6247381	-10.450644	6.5579772
4.7264524	0.62924838	-10.477551	6.553863
4.7233338	0.62602675	-10.460734	6.5579772
4.7170968	0.62860405	-10.407762	6.5620909
4.7170968	0.63891327	-10.459053	6.5456352
4.7077413	0.62763757	-10.47671	6.566205
4.7093005	0.62441593	-10.464098	6.5415211
4.706182	0.62248296	-10.434669	6.5209508
4.6937075	0.61765051	-10.41701	6.5415211
4.696826	0.60508621	-10.459053	6.5415211
4.6890297	0.61571753	-10.452326	6.5374069
4.6843519	0.61571753	-10.407762	6.553863
4.6843519	0.61152941	-10.475869	6.5374069
4.6765556	0.60186458	-10.448122	6.5250649
4.6640816	0.60830784	-10.440554	6.5415211
4.6640816	0.61314023	-10.463257	6.5703192
4.6562853	0.61152941	-10.443076	6.5250649
4.6516075	0.60218674	-10.463257	6.5415211
4.6469297	0.60154241	-10.429624	6.5291791
4.6406927	0.6060527	-10.454007	6.5374069
4.6360145	0.61700618	-10.441395	6.5374069
4.6266589	0.61700618	-10.438032	6.5291791
4.6219811	0.61378455	-10.459894	6.566205
4.6141849	0.62312728	-10.444759	6.5415211
4.6126256	0.62892622	-10.481755	6.5415211
4.6032705	0.62151647	-10.479233	6.5209508
4.6001515	0.6211943	-10.297611	6.5209508
4.6017108	0.61346239	-10.453167	6.5168366
4.597033	0.60959649	-10.459894	6.5497489
4.5892367	0.61217374	-10.485119	6.5209508
4.5814404	0.61217374	-10.479233	6.5579772
4.5783219	0.60959649	-10.342176	6.5209508
4.5814404	0.61539537	-10.469144	6.5291791
4.5689664	0.61893916	-10.461576	6.5497489
4.5674071	0.61346239	-10.464938	6.5579772
4.5642886	0.61056292	-10.457372	6.5250649
4.5564923	0.62409377	-10.309383	6.5374069
4.5564923	0.61732835	-10.457372	6.512723
4.53934	0.62667108	-10.430465	6.5374069
4.53934	0.618617	-10.390103	6.5086088
4.53934	0.6211943	-10.475029	6.5168366
4.5253067	0.61797267	-10.448122	6.5086088
4.5253067	0.60734135	-10.459053	6.5003805
4.5143919	0.61152941	-10.454007	6.5209508
4.5143919	0.60766351	-10.352266	6.512723
4.5050364	0.61217374	-10.467461	6.5456352
4.5003586	0.61152941	-10.477551	6.5332928
4.4941216	0.60573053	-10.433827	6.5456352
4.478529	0.60218674	-10.465779	6.5086088
4.4722915	0.61120725	-10.327882	6.5250649
4.4707322	0.60444188	-10.451485	6.5086088
4.4598174	0.60959649	-10.464098	6.5332928
4.4566989	0.61378455	-10.465779	6.5209508
4.4457841	0.60798568	-10.463257	6.512723
4.4457841	0.61410671	-10.432146	6.5250649
4.4239545	0.62441593	-10.457372	6.5456352
4.4317508	0.61539537	-10.460734	6.5250649
4.420836	0.62151647	-10.449803	6.5374069
4.4130392	0.61797267	-10.440554	6.5332928
4.4052429	0.61281806	-10.319473	6.5456352
4.3990059	0.61539537	-10.47671	6.512723
4.3896503	0.61958349	-10.448963	6.5456352
4.3787355	0.61539537	-10.434669	6.5497489
4.36938	0.61152941	-10.47671	6.5291791
4.3615837	0.60863	-10.423738	6.5250649
4.3537874	0.60766351	-10.471665	6.5456352
4.3475499	0.60927433	-10.478392	6.5291791
4.3350763	0.61668402	-10.480074	6.5332928
4.3335171	0.61668402	-10.454007	6.5209508
4.3241615	0.61926132	-10.452326	6.5497489
4.3085685	0.62506026	-10.480914	6.5374069
4.3023314	0.63536948	-10.494368	6.5620909
4.2976537	0.62699324	-10.34554	6.5620909
4.2805018	0.62151647	-10.474188	6.5332928
4.2789426	0.61636186	-10.449803	6.5250649
4.2649093	0.61152941	-10.422896	6.5209508
4.2649093	0.61185157	-10.459894	6.5415211
4.2446384	0.60798568	-10.334609	6.5250649
4.247757	0.61926132	-10.465779	6.5456352
4.2352829	0.61217374	-10.453167	6.5332928
4.2228088	0.61603969	-10.460734	6.5867743
4.211894	0.61056292	-10.4456	6.5209508
4.2103348	0.60637486	-10.459053	6.5332928
4.19942	0.60766351	-10.480914	6.5415211
4.1853862	0.60701919	-10.457372	6.5332928
4.1791492	0.60186458	-10.45569	6.5291791
4.1666751	0.61088508	-10.454007	6.5497489
4.1635566	0.61539537	-10.465779	6.5332928
4.1448455	0.618617	-10.46662	6.5620909
4.1401677	0.61281806	-10.447281	6.5250649
4.1261339	0.61281806	-10.454007	6.5332928
4.1136599	0.60347539	-10.45653	6.5374069
4.1011863	0.61603969	-10.46662	6.553863
4.0949492	0.61829484	-10.463257	6.5332928
4.0793562	0.62022781	-10.454007	6.566205
4.0715599	0.61829484	-10.40608	6.553863
4.0637636	0.61346239	-10.449803	6.5291791
4.0497303	0.60863	-10.458212	6.5620909
4.048171	0.60089809	-10.454848	6.5415211
4.02946	0.61281806	-10.461576	6.5620909
4.0232224	0.61185157	-10.448963	6.5374069
4.0076299	0.62667108	-10.488482	6.6073446
3.9935966	0.61829484	-10.452326	6.553863
3.984241	0.61700618	-10.342176	6.5374069
3.9686482	0.61958349	-10.469984	6.566205
3.9561741	0.6150732	-10.46662	6.5620909
3.9530556	0.62183863	-10.462417	6.5497489
3.9405813	0.62054998	-10.457372	6.553863
3.920311	0.61475104	-10.389263	6.5579772
3.915633	0.61765051	-10.463257	6.5744333
3.8953626	0.62506026	-10.444759	6.5908885
3.8782108	0.62151647	-10.464938	6.578547
3.8750923	0.62312728	-10.467461	6.5703192
3.8579404	0.61475104	-10.430465	6.566205
3.8454661	0.6247381	-10.471665	6.6032305
3.826755	0.62667108	-10.437191	6.578547
3.81584	0.62216079	-10.447281	6.578547
3.7955697	0.62248296	-10.454007	6.578547
3.7846546	0.61732835	-10.291725	6.553863
3.7659435	0.62377161	-10.437191	6.5908885
3.756588	0.62216079	-10.484279	6.5991163
3.7269619	0.63440299	-10.474188	6.6196866
3.7129283	0.64439005	-10.453167	6.6361427
3.698895	0.64374572	-10.443076	6.6155725
3.6786244	0.63375866	-10.447281	6.5867743
3.6630321	0.63021487	-10.453167	6.5908885
3.64588	0.63408083	-10.46662	6.6238008
3.6318467	0.63923544	-10.487641	6.6196866
3.6037798	0.63150352	-10.334609	6.5908885
3.5866277	0.63182569	-10.472507	6.5826612
3.5679166	0.61893916	-10.45653	6.5991163
3.5429683	0.6211943	-10.469984	6.6114588
3.5195792	0.61410671	-10.45569	6.5744333
3.5086644	0.60315323	-10.390945	6.5991163
3.489953	0.60766351	-10.480914	6.6073446
3.4618864	0.61056292	-10.465779	6.6032305
3.4338198	0.60444188	-10.452326	6.6114588
3.4119899	0.60798568	-10.443918	6.6155725
3.3979564	0.61024076	-10.308542	6.6155725
3.3636525	0.62022781	-10.483438	6.6114588
3.3449414	0.61765051	-10.459053	6.6114588
3.3168745	0.62183863	-10.475029	6.6279149
3.2981634	0.62924838	-10.47671	6.6279149
3.2700968	0.63375866	-10.398513	6.6320286
3.2389114	0.62506026	-10.443918	6.6320286
3.2248778	0.62312728	-10.459894	6.6155725
3.1983702	0.62570459	-10.460734	6.6525989
3.1656256	0.61926132	-10.478392	6.6731691
3.1422365	0.61829484	-10.334609	6.6238008
3.1157293	0.61668402	-10.462417	6.6320286
3.0798662	0.61893916	-10.458212	6.6238008
3.0627141	0.62763757	-10.461576	6.6772828
3.0268509	0.62795973	-10.463257	6.656713
3.0096989	0.63569164	-10.401035	6.6608267
2.9785135	0.6308592	-10.431305	6.6525989
2.9504471	0.63472515	-10.473348	6.6731691
2.9223802	0.63279217	-10.330404	6.6525989
2.8974319	0.63794678	-10.473348	6.6649408
2.8709242	0.63923544	-10.421215	6.6525989
2.8444166	0.63730246	-10.462417	6.6896253
2.8132312	0.64181274	-10.483438	6.6855111
2.7929609	0.63504732	-10.35647	6.669055
2.7602165	0.63150352	-10.461576	6.6772828
2.7415051	0.62280512	-10.321996	6.6937389
2.7134383	0.61958349	-10.463257	6.669055
2.6775751	0.62377161	-10.453167	6.6896253
2.6604233	0.61668402	-10.31611	6.6731691
2.6214418	0.61636186	-10.465779	6.6731691
2.5980527	0.61539537	-10.441395	6.681397
2.5809007	0.61281806	-10.442237	6.6978531
2.5465968	0.6211943	-10.461576	6.6978531
2.5294449	0.62892622	-10.40692	6.722537
2.5013781	0.62828189	-10.449803	6.722537
2.4686337	0.62667108	-10.449803	6.6978531
2.4514816	0.62828189	-10.461576	6.6855111
2.4187369	0.62828189	-10.452326	6.722537
2.3953481	0.63021487	-10.364038	6.7554493
2.3750775	0.63536948	-10.471665	6.722537
2.3454516	0.63569164	-10.452326	6.7307653
2.318944	0.61958349	-10.485119	6.7060809
2.3002326	0.61475104	-10.429624	6.722537
2.2690475	0.61958349	-10.397672	6.7019672
2.2518954	0.61926132	-10.472507	6.7184234
2.219151	0.62570459	-10.458212	6.7389932
2.2051175	0.62763757	-10.469984	6.7389932
2.1786098	0.63440299	-10.461576	6.7307653
2.1536617	0.63601381	-10.481755	6.7348795
2.1255949	0.64728945	-10.471665	6.7636776
2.1053245	0.63826895	-10.458212	6.7266512
2.0819356	0.63923544	-10.405239	6.7677913
2.0647836	0.63472515	-10.46662	6.7184234
2.0413945	0.63891327	-10.425419	6.7472215
2.0195649	0.63762462	-10.473348	6.7554493
1.9961759	0.64116842	-10.472507	6.7472215
1.9837017	0.63182569	-10.458212	6.7513356
1.9556348	0.62828189	-10.472507	6.7554493
1.9353645	0.61990565	-10.474188	6.7513356
1.9166533	0.62570459	-10.454848	6.8048177
1.8963828	0.61926132	-10.451485	6.7389932
1.8745531	0.61797267	-10.454848	6.7513356
1.8511641	0.63311434	-10.484279	6.7801337
1.8262157	0.64406788	-10.475029	6.8295016
1.8168603	0.64149058	-10.479233	6.7760196
1.7997084	0.64986676	-10.461576	6.7883615
1.7778785	0.64406788	-10.434669	6.7801337
1.7622858	0.64761162	-10.452326	6.8007035
1.7435747	0.65051109	-10.493526	6.7677913
1.7170672	0.64149058	-10.458212	6.7842474
1.7061523	0.6421349	-10.454848	6.7760196
1.6921189	0.64116842	-10.471665	6.7760196
1.6718485	0.63665813	-10.452326	6.7842474
1.6500188	0.63279217	-10.458212	6.7883615
1.628189	0.63440299	-10.470825	6.8089318
1.6079186	0.64245707	-10.459053	6.8418441
1.5907667	0.62957054	-10.472507	6.8295016
1.575174	0.63182569	-10.459053	6.8212738
1.5595814	0.63247001	-10.4456	6.8336158
1.5502259	0.62892622	-10.48596	6.8130455
1.5237182	0.62699324	-10.366561	6.7965899
1.5190405	0.62538242	-10.451485	6.7965899
1.4987699	0.62699324	-10.477551	6.8130455
1.4894145	0.63891327	-10.48596	6.8377299
1.4660254	0.64052409	-10.467461	6.8377299
1.4504327	0.64439005	-10.47671	6.8336158
1.4270438	0.63214785	-10.4456	6.8377299
1.4208068	0.6334365	-10.477551	6.8130455
1.4067733	0.63375866	-10.454007	6.8870983
1.3942991	0.63214785	-10.478392	6.8295016
1.3771472	0.62570459	-10.467461	6.8377299
1.3662324	0.62344944	-10.471665	6.8459578
1.3459619	0.62667108	-10.452326	6.8541861
1.3334877	0.62344944	-10.442237	6.8500719
1.3194543	0.62054998	-10.464098	6.8459578
1.2976247	0.63182569	-10.481755	6.8706422
1.2929469	0.64825594	-10.446441	6.8953261
1.275795	0.64922243	-10.45653	6.8706422
1.2648801	0.65469921	-10.343858	6.8953261
1.2508467	0.64310139	-10.45569	6.8624139
1.2368134	0.64503437	-10.475029	6.8624139
1.2321355	0.65244406	-10.427941	6.9158964
1.2149836	0.64664513	-10.467461	6.8870983
1.2087466	0.66017598	-10.47671	6.8870983
1.1931539	0.65534353	-10.471665	6.9035544
1.1728835	0.65115541	-10.465779	6.8994403
1.1682056	0.63794678	-10.451485	6.8870983
1.1635278	0.63665813	-10.446441	6.891212
1.1432574	0.63311434	-10.438872	6.8953261
1.1292239	0.64181274	-10.465779	6.9488087
1.1214277	0.64052409	-10.451485	6.8953261
1.1058351	0.64020193	-10.418693	6.9158964
1.0886831	0.64503437	-10.478392	6.9241242
1.0918016	0.63440299	-10.459894	6.9076681
1.0684127	0.64471221	-10.478392	6.9364662
1.0637349	0.65018892	-10.465779	6.9282384
1.0450237	0.65179974	-10.347221	6.9282384
1.0481422	0.64535648	-10.465779	6.9282384
1.0309904	0.64825594	-10.457372	6.9282384
1.023194	0.64728945	-10.473348	6.9200101
1.0169569	0.63859111	-10.464938	6.9200101
1.0076013	0.64567864	-10.432987	6.9364662
0.99824572	0.6421349	-10.460734	6.9200101
0.98733085	0.64471221	-10.446441	6.9488087
0.97641593	0.65179974	-10.477551	6.9734926
0.97173822	0.6556657	-10.468302	6.9652648
0.9686197	0.65018892	-10.45569	6.9858346
0.94990844	0.65598786	-10.450644	6.9817204
0.94523072	0.63504732	-10.438872	6.9446945
0.93899363	0.64084625	-10.40608	6.9446945
0.93119729	0.6308592	-10.454848	6.9734926
0.93899363	0.63987976	-10.464938	6.9652648
0.92340094	0.63472515	-10.474188	6.9529223
0.92184168	0.65727651	-10.475869	6.9940629
0.90936756	0.6643641	-10.473348	7.010519
0.89689344	0.658243	-10.488482	6.9734926
0.8875379	0.65953165	-10.435509	6.9981766
0.8875379	0.65985382	-10.454007	7.0064049
0.87662297	0.65179974	-10.444759	7.0146327
0.87350446	0.6521219	-10.433827	6.9981766
0.85947108	0.6495446	-10.422896	7.0269752
0.85947108	0.63891327	-10.464098	6.9817204
0.84699696	0.63504732	-10.447281	6.9940629
0.84075987	0.64535648	-10.480914	7.0310888
0.83296359	0.65083325	-10.436351	7.0187469
0.81737089	0.64986676	-10.46662	7.0146327
0.80645609	0.65792084	-10.458212	7.0434303
0.80645609	0.65502137	-10.369924	7.0269752
0.80957454	0.65759867	-10.488482	7.022861
0.79242265	0.65953165	-10.461576	7.0310888
0.78774488	0.65920949	-10.458212	7.0310888
0.77683008	0.6669414	-10.47671	7.0804563
0.77683008	0.65759867	-10.443918	7.0146327
0.76591516	0.65856516	-10.465779	7.0310888
0.76123738	0.6643641	-10.459894	7.0393162
0.74564475	0.66758573	-10.444759	7.0845704
0.74720401	0.65308839	-10.464098	7.0557723
0.73940766	0.64793378	-10.330404	7.0310888
0.72693348	0.65502137	-10.485119	7.0434303
0.72069651	0.65147758	-10.437191	7.0763426
0.7113409	0.65437704	-10.332087	7.0640001
0.7113409	0.64857811	-10.480074	7.0434303
0.69730747	0.6556657	-10.324518	7.0845704
0.69886672	0.65631002	-10.461576	7.0763426
0.69107044	0.65469921	-10.45569	7.0722284
0.67859632	0.65759867	-10.390103	7.0804563
0.67859632	0.65179974	-10.410284	7.0557723
0.66768146	0.65405488	-10.436351	7.1051407
0.66456294	0.658243	-10.467461	7.0640001
0.65988511	0.658243	-10.468302	7.0763426
0.65364808	0.65437704	-10.469144	7.0804563
0.65208876	0.65115541	-10.459894	7.0969124
0.6505295	0.66082031	-10.471665	7.1051407
0.64585173	0.65953165	-10.486801	7.0927987
0.6411739	0.66243112	-10.482595	7.0845704
0.63805544	0.64793378	-10.41617	7.0927987
0.6302591	0.65341055	-10.475029	7.1503949
0.61934417	0.66210896	-10.454007	7.1339388
0.60998863	0.66468626	-10.390945	7.1298246
0.62402201	0.65695435	-10.469144	7.0886846
0.6146664	0.6521219	-10.420374	7.1257105
0.6131072	0.64793378	-10.441395	7.1010265
0.60842937	0.64503437	-10.47671	7.1092548
0.6037516	0.65759867	-10.411124	7.1298246
0.59283674	0.66887438	-10.501095	7.1709652
0.59751451	0.67402899	-10.471665	7.1339388
0.58504039	0.6704852	-10.473348	7.1380529
0.58348113	0.66243112	-10.446441	7.1298246
0.58659965	0.67145169	-10.420374	7.1709652
0.57256627	0.658243	-10.454007	7.1421666
0.5694477	0.65695435	-10.429624	7.1380529
0.58036256	0.64986676	-10.491005	7.1462808
0.56476992	0.65083325	-10.465779	7.1874208
0.56009215	0.65051109	-10.467461	7.1545091
0.56165141	0.65179974	-10.46662	7.1545091
0.56009215	0.6669414	-10.484279	7.1874208
0.54917729	0.66114247	-10.396831	7.179193
0.54917729	0.67016304	-10.434669	7.1833072
0.55385506	0.65341055	-10.425419	7.1503949
0.53826243	0.66307545	-10.465779	7.203877
0.54605877	0.65920949	-10.469144	7.191535
0.53358465	0.67241818	-10.431305	7.2285614
0.53358465	0.6766063	-10.457372	7.1874208
0.53358465	0.66339761	-10.470825	7.1503949
0.53202534	0.65792084	-10.479233	7.1833072
0.52266979	0.66533059	-10.459053	7.2326751
0.52266979	0.67628413	-10.436351	7.2121053
0.51175493	0.67435116	-10.448122	7.2285614
0.52422905	0.66661924	-10.490164	7.2079911
0.51331419	0.66887438	-10.464098	7.2326751
0.51331419	0.66468626	-10.463257	7.203877
0.49928078	0.66049814	-10.409443	7.2121053
0.51019567	0.65051109	-10.457372	7.2121053
0.49772155	0.6556657	-10.482595	7.2532454
0.49772155	0.66726357	-10.498572	7.2409034
0.50084007	0.66178679	-10.440554	7.2326751
0.49460301	0.66307545	-10.389263	7.2450175
0.49928078	0.66339761	-10.450644	7.2244473
0.48836592	0.67402899	-10.45569	7.2614737
0.48680666	0.69593602	-10.428782	7.2820435
0.48368815	0.70044631	-10.45653	7.2902718
0.48524743	0.697869	-10.443918	7.2655873
0.49148446	0.68079442	-10.492686	7.2244473
0.48992521	0.66468626	-10.454848	7.2491312
0.47433254	0.6669414	-10.464938	7.2697015
0.4758918	0.66082031	-10.463257	7.2573595
0.46965477	0.65469921	-10.459894	7.2984996
0.47277325	0.66275328	-10.453167	7.2779298
0.47433254	0.66984087	-10.487641	7.2655873
0.47277325	0.66243112	-10.438032	7.2614737
0.46185842	0.66178679	-10.429624	7.3149557
0.46653622	0.66565275	-10.468302	7.2779298
0.46653622	0.66114247	-10.449803	7.2984996
0.46029913	0.6669414	-10.437191	7.2861576
0.46341768	0.67370683	-10.472507	7.2861576
0.45562136	0.67112952	-10.467461	7.2697015
0.45094356	0.67789495	-10.470825	7.3108416
0.45718065	0.67499548	-10.438872	7.3149557
0.45873991	0.66790789	-10.444759	7.3108416
0.45562136	0.65405488	-10.450644	7.2902718
0.45873991	0.65759867	-10.473348	7.2984996
0.45250285	0.65437704	-10.461576	7.3026137
0.44158798	0.66404194	-10.480914	7.335526
0.44314724	0.66565275	-10.446441	7.335526
0.43691018	0.66565275	-10.414488	7.3067279
0.44782501	0.68079442	-10.469144	7.3190699
0.44002873	0.68240517	-10.484279	7.3314118
0.44158798	0.6952917	-10.477551	7.335526
0.43223241	0.68788195	-10.420374	7.3272977
0.43379164	0.68015009	-10.330404	7.347868
0.43535089	0.67531765	-10.460734	7.3396397
0.43223241	0.68369383	-10.4456	7.3602099
0.43379164	0.69013709	-10.458212	7.3437538
0.43067312	0.6891706	-10.468302	7.335526
0.42911386	0.67982793	-10.480914	7.3519821
0.44158798	0.67628413	-10.463257	7.3725519
0.42911386	0.67370683	-10.464098	7.3602099
0.42131752	0.67853928	-10.314428	7.3602099
0.43067312	0.67499548	-10.491005	7.3684382
0.42911386	0.68015009	-10.497732	7.3684382
0.42287678	0.68530464	-10.479233	7.3807802
0.42755461	0.68015009	-10.447281	7.3643241
0.42443606	0.6704852	-10.329563	7.3684382
0.42443606	0.68079442	-10.501095	7.4054642
0.41663975	0.67628413	-10.498572	7.3766661
0.42443606	0.68401599	-10.477551	7.3931222
0.418199	0.69045925	-10.479233	7.4095783
0.42131752	0.69271439	-10.35647	7.3725519
0.41196194	0.69400305	-10.436351	7.4342623
0.41508049	0.69464737	-10.472507	7.40135
0.41508049	0.70109063	-10.462417	7.4054642
0.41508049	0.69561386	-10.475029	7.3931222
0.4088434	0.69271439	-10.408603	7.4178061
0.41508049	0.68079442	-10.473348	7.389008
0.40572491	0.6891706	-10.45569	7.4383764
0.41663975	0.68433815	-10.464098	7.4095783
0.40572491	0.67886144	-10.461576	7.4548326
0.41040266	0.6766063	-10.430465	7.4136925
0.40572491	0.66984087	-10.463257	7.4260345
0.4135212	0.67596197	-10.451485	7.4301486
0.40416563	0.69045925	-10.485119	7.4671745
0.41196194	0.68530464	-10.489323	7.4301486
0.40416563	0.6830495	-10.440554	7.4424906
0.40416563	0.68401599	-10.434669	7.4301486
0.40416563	0.68755978	-10.462417	7.4466043
0.4088434	0.69303656	-10.393467	7.4466043
0.40728414	0.69078141	-10.459053	7.4342623
0.40104708	0.69561386	-10.438872	7.4507184
0.40416563	0.68884844	-10.449803	7.4671745
0.40260637	0.69432521	-10.464938	7.4754028
0.39948782	0.6952917	-10.443918	7.4877448
0.39636928	0.68949276	-10.451485	7.4795165
0.39792857	0.67563981	-10.428782	7.4424906
0.39948782	0.67370683	-10.454007	7.5042
0.39792857	0.67241818	-10.422056	7.4589467
0.39325073	0.69142574	-10.457372	7.5000858
0.40260637	0.6891706	-10.464098	7.4466043
0.39792857	0.69142574	-10.420374	7.5042
0.40416563	0.68884844	-10.449803	7.4630604
0.39948782	0.69271439	-10.453167	7.4712887
0.40416563	0.68337166	-10.395989	7.4548326
0.39325073	0.68627113	-10.468302	7.5124283
0.39948782	0.68337166	-10.490164	7.4754028
0.39325073	0.6952917	-10.469144	7.5206561
0.39013225	0.6917479	-10.480074	7.5124283
0.39792857	0.68884844	-10.34638	7.5124283
0.39792857	0.68627113	-10.45569	7.516542
0.39325073	0.6917479	-10.492686	7.5247703
0.39325073	0.68788195	-10.449803	7.5329981
0.39169151	0.68949276	-10.438872	7.5206561
0.38857296	0.7014128	-10.332927	7.5494542
0.38857296	0.69947982	-10.444759	7.5329981
0.39481002	0.70076847	-10.500254	7.516542
0.39013225	0.69368088	-10.480074	7.5494542
0.39169151	0.69207007	-10.475869	7.5124283
0.38545445	0.69142574	-10.390103	7.5083141
0.38389516	0.70302361	-10.479233	7.5535684
0.39013225	0.70592308	-10.468302	7.5288844
0.39325073	0.70850039	-10.485119	7.5741386
0.38857296	0.71848744	-10.454007	7.5864806
0.38389516	0.71236634	-10.421215	7.5453401
0.39169151	0.69851333	-10.472507	7.5329981
0.39481002	0.69915766	-10.510345	7.5535684
0.38389516	0.69947982	-10.4456	7.5700245
0.39013225	0.6891706	-10.458212	7.5453401
0.39013225	0.69561386	-10.463257	7.5823665
0.38389516	0.67853928	-10.458212	7.5659103
0.38857296	0.68111658	-10.492686	7.5576825
0.38545445	0.67241818	-10.452326	7.5247703
0.38389516	0.68240517	-10.453167	7.5659103
0.39325073	0.68176085	-10.42626	7.5782523
0.38389516	0.6917479	-10.477551	7.5905943
0.38857296	0.70495659	-10.468302	7.6029367
0.38857296	0.70656741	-10.479233	7.5905943
0.38545445	0.70560092	-10.449803	7.5823665
0.39169151	0.70205712	-10.718873	7.5617962
0.39169151	0.71075553	-10.477551	7.6070504
0.37921739	0.70914471	-10.448963	7.5905943
0.37921739	0.70721173	-10.31611	7.5988226
0.38857296	0.70334578	-10.424579	7.5905943
0.38545445	0.69207007	-10.435509	7.5700245
0.38389516	0.69142574	-10.443076	7.5864806
0.39013225	0.69335872	-10.504458	7.6070504
0.38545445	0.69883549	-10.395149	7.648191
0.3870137	0.68820411	-10.469144	7.5864806
0.3870137	0.70270145	-10.452326	7.6399627
0.38857296	0.70237929	-10.475869	7.6111646
0.38857296	0.70817822	-10.467461	7.6111646
0.39636928	0.70270145	-10.342176	7.6152787
0.3823359	0.70817822	-10.443076	7.6399627
0.3823359	0.71752095	-10.453167	7.6440768
0.39013225	0.70946687	-10.462417	7.648191
0.3870137	0.70495659	-10.422056	7.6317348
0.38857296	0.697869	-10.363197	7.6152787
0.39325073	0.69207007	-10.470825	7.6440768
0.38545445	0.69658035	-10.46662	7.660533
0.39013225	0.6952917	-10.479233	7.6111646
0.3870137	0.68949276	-10.460734	7.6193929
0.38545445	0.70946687	-10.403557	7.6852169
0.37921739	0.71268851	-10.447281	7.6728749
0.3870137	0.71429932	-10.471665	7.6399627
0.38389516	0.70334578	-10.464938	7.6399627
0.39325073	0.7014128	-10.490164	7.635849
0.39325073	0.69690251	-10.444759	7.6317348
0.38857296	0.6952917	-10.468302	7.6440768
0.3823359	0.70882255	-10.45653	7.6646471
0.38857296	0.70270145	-10.468302	7.6399627
0.38389516	0.71397716	-10.444759	7.6975594
0.39013225	0.70527875	-10.409443	7.6893311
0.39013225	0.71719879	-10.471665	7.6769891
0.39169151	0.70914471	-10.478392	7.660533
0.39636928	0.70334578	-10.347221	7.648191
0.38389516	0.70527875	-10.463257	7.6769891
0.38389516	0.70076847	-10.283318	7.6399627
0.38545445	0.70205712	-10.447281	7.6852169
0.39169151	0.69883549	-10.474188	7.6728749
0.39013225	0.69658035	-10.403557	7.6811032
0.38857296	0.69561386	-10.440554	7.6811032
0.39013225	0.69207007	-10.465779	7.660533
0.3823359	0.69045925	-10.427101	7.6646471
0.3870137	0.69207007	-10.461576	7.701673
0.39013225	0.69078141	-10.395989	7.6646471
0.39325073	0.69754684	-10.472507	7.6769891
0.3870137	0.70592308	-10.4456	7.6811032
0.3870137	0.70946687	-10.49521	7.714015
0.38389516	0.7162323	-10.491005	7.6769891
0.39481002	0.70334578	-10.425419	7.660533
0.39325073	0.70592308	-10.432146	7.6769891
0.39169151	0.70785606	-10.480074	7.701673
0.38857296	0.7014128	-10.488482	7.6687608
0.38077661	0.70946687	-10.462417	7.7181292
0.39013225	0.69819117	-10.454848	7.6769891
0.38389516	0.69851333	-10.452326	7.7099013
0.39013225	0.697869	-10.459053	7.7181292
0.39169151	0.69271439	-10.473348	7.6769891
0.39325073	0.68659329	-10.481755	7.6646471
0.39325073	0.68884844	-10.286681	7.6811032
0.38545445	0.70270145	-10.474188	7.7428136
0.38077661	0.7162323	-10.484279	7.7386994
0.3870137	0.71301067	-10.485119	7.7304711
0.39325073	0.7162323	-10.483438	7.7099013
0.39481002	0.71236634	-10.448122	7.7222433
0.39169151	0.72299767	-10.439713	7.7181292
0.39481002	0.71526581	-10.483438	7.701673
0.38857296	0.70721173	-10.334609	7.7057872
0.39792857	0.70817822	-10.448963	7.7222433
0.3870137	0.71172202	-10.263978	7.7222433
0.38077661	0.71784312	-10.460734	7.7469273
0.39013225	0.7188096	-10.463257	7.7263575
0.3870137	0.70302361	-10.22614	7.7222433
0.39169151	0.70978904	-10.48596	7.7222433
0.39169151	0.70850039	-10.397672	7.7181292
0.39325073	0.69819117	-10.464098	7.7263575
0.39013225	0.71139985	-10.464098	7.7551556
0.38545445	0.71236634	-10.401035	7.7386994
0.39325073	0.71591014	-10.482595	7.7469273
0.39636928	0.7162323	-10.376651	7.7263575
0.39948782	0.71236634	-10.481755	7.714015
0.39481002	0.72364199	-10.443918	7.7716117
0.39013225	0.7349177	-10.444759	7.7592692
0.3823359	0.72042036	-10.433827	7.714015
0.39481002	0.7075339	-10.482595	7.7181292
0.39013225	0.70882255	-10.468302	7.7798395
0.39325073	0.71462148	-10.485119	7.7510414
0.39481002	0.69947982	-10.338813	7.714015
0.39325073	0.70527875	-10.491005	7.7510414
0.39636928	0.70334578	-10.452326	7.7469273
0.39169151	0.7039901	-10.459053	7.7428136
0.39636928	0.71687663	-10.448963	7.7592692
0.39013225	0.70527875	-10.458212	7.7469273
0.3870137	0.70946687	-10.438872	7.7716117
0.39481002	0.7039901	-10.459053	7.7304711
0.39325073	0.70270145	-10.450644	7.7181292
0.39013225	0.71429932	-10.471665	7.7716117
0.38857296	0.71139985	-10.432146	7.7386994
0.39169151	0.71816528	-10.453167	7.7798395
0.39325073	0.71816528	-10.451485	7.7633834
0.40260637	0.71397716	-10.475869	7.7428136
0.39481002	0.72364199	-10.483438	7.7839537
0.38545445	0.71204418	-10.402717	7.7510414
0.38857296	0.71236634	-10.461576	7.7633834
0.39792857	0.70850039	-10.453167	7.7674975
0.39169151	0.70527875	-10.358993	7.7510414
0.39481002	0.70076847	-10.486801	7.7839537
0.39169151	0.71526581	-10.407762	7.8004098
0.38857296	0.71172202	-10.459894	7.7633834
0.39169151	0.71333283	-10.459894	7.7716117
0.39636928	0.71687663	-10.302656	7.8168659
0.39948782	0.7039901	-10.475029	7.7510414
0.40416563	0.70173496	-10.472507	7.7551556
0.39169151	0.72654146	-10.472507	7.8168659
0.39169151	0.73072958	-10.487641	7.7962956
0.39325073	0.73330688	-10.4456	7.7716117
0.40104708	0.7226755	-10.482595	7.7592692
0.39013225	0.72364199	-10.440554	7.7757254
0.39013225	0.71494365	-10.447281	7.7880678
0.38545445	0.71268851	-10.461576	7.7757254
0.38857296	0.71397716	-10.423738	7.8004098
0.39325073	0.71816528	-10.49521	7.8127518
0.39792857	0.71462148	-10.464098	7.7798395
0.39013225	0.71397716	-10.454007	7.8250937
0.38077661	0.71462148	-10.432987	7.7962956
0.38545445	0.70592308	-10.451485	7.7962956
0.39169151	0.71204418	-10.412807	7.8004098
0.39169151	0.71494365	-10.46662	7.7921815
0.39169151	0.71429932	-10.475869	7.7839537
0.40104708	0.71365499	-10.459894	7.7798395
0.4088434	0.71301067	-10.470825	7.8045239
0.40104708	0.71719879	-10.330404	7.8415499
0.41040266	0.71719879	-10.461576	7.7880678
0.41508049	0.71075553	-10.486801	7.8004098
0.4088434	0.71429932	-10.462417	7.8086376
0.41663975	0.71977609	-10.452326	7.8374357
0.4088434	0.72299767	-10.417851	7.8292079
0.41663975	0.70978904	-10.458212	7.8004098
0.41975826	0.69690251	-10.458212	7.7921815
0.42131752	0.70624524	-10.467461	7.8292079
0.41508049	0.71236634	-10.467461	7.8292079
0.4135212	0.7075339	-10.447281	7.7880678
0.4088434	0.70914471	-10.458212	7.8168659
0.41508049	0.71107769	-10.458212	7.8621202
0.418199	0.7162323	-10.41617	7.8292079
0.42287678	0.71719879	-10.47671	7.8209796
0.41196194	0.72718579	-10.458212	7.8621202
0.41663975	0.7226755	-10.452326	7.8374357
0.418199	0.72074252	-10.471665	7.8538918
0.41663975	0.7188096	-10.420374	7.8415499
0.41508049	0.71719879	-10.496891	7.8497782
0.41663975	0.7226755	-10.479233	7.845664
0.41508049	0.7287966	-10.488482	7.8785763
0.418199	0.71848744	-10.482595	7.8374357
0.41508049	0.71429932	-10.380014	7.8415499
0.41508049	0.70495659	-10.432987	7.8497782
0.41040266	0.71204418	-10.449803	7.8950324
0.41975826	0.72428632	-10.420374	7.8744621
0.41508049	0.72428632	-10.467461	7.858006
0.418199	0.72203118	-10.322837	7.858006
0.41508049	0.7188096	-10.434669	7.8785763
0.41663975	0.71591014	-10.448122	7.833322
0.41196194	0.72074252	-10.364879	7.8785763
0.41196194	0.73330688	-10.469144	7.8950324
0.41040266	0.73781717	-10.45569	7.8950324
0.4135212	0.73169607	-10.464098	7.870348
0.41663975	0.72525281	-10.486801	7.858006
0.41508049	0.72042036	-10.411966	7.858006
0.41196194	0.70914471	-10.447281	7.8662338
0.40728414	0.71913177	-10.45653	7.9114885
0.40416563	0.71752095	-10.443918	7.8909183
0.4135212	0.71462148	-10.461576	7.8868041
0.4135212	0.71977609	-10.308542	7.8909183
0.4088434	0.72976309	-10.4456	7.9402866
0.41663975	0.72170901	-10.480914	7.870348
0.4088434	0.71752095	-10.475029	7.8909183
0.41663975	0.72299767	-10.485119	7.8868041
0.418199	0.71558797	-10.469144	7.870348
0.41040266	0.72042036	-10.462417	7.8950324
0.40572491	0.71301067	-10.446441	7.8950324
0.41196194	0.70817822	-10.422896	7.8744621
0.40260637	0.71526581	-10.465779	7.9402866
0.4088434	0.71172202	-10.451485	7.870348
0.41196194	0.72299767	-10.450644	7.9197164
0.40572491	0.72686362	-10.459053	7.9197164
0.40572491	0.7287966	-10.404398	7.9444003
0.40104708	0.72557497	-10.447281	7.9238305
0.39792857	0.72364199	-10.443918	7.9156022
0.41196194	0.70850039	-10.483438	7.8909183
0.41196194	0.70946687	-10.488482	7.9073744
0.40728414	0.72170901	-10.440554	7.9320583
0.40728414	0.71945393	-10.437191	7.9156022
0.40728414	0.72396415	-10.462417	7.9361725
0.40728414	0.71333283	-10.440554	7.9114885
0.4088434	0.71268851	-10.439713	7.9073744
0.4088434	0.71816528	-10.517911	7.9238305
0.40260637	0.72589713	-10.477551	7.9238305
0.40104708	0.73040742	-10.464938	7.9402866
0.40728414	0.73749501	-10.303497	7.9814267
0.4135212	0.72170901	-10.463257	7.8991461
0.40416563	0.71526581	-10.409443	7.9444003
0.40572491	0.71365499	-10.464938	7.9485145
0.40260637	0.72138685	-10.464098	7.9485145
0.40728414	0.72847444	-10.46662	7.9526286
0.41040266	0.72203118	-10.483438	7.9444003
0.41508049	0.71913177	-10.472507	7.9279442
0.40416563	0.71494365	-10.41701	7.9485145
0.40572491	0.71752095	-10.482595	7.9567428
0.40260637	0.71816528	-10.343017	7.9567428
0.40260637	0.72364199	-10.494368	7.9608564
0.4088434	0.72299767	-10.489323	7.9855409
0.40572491	0.73910582	-10.460734	7.9855409
0.40104708	0.7287966	-10.451485	7.9649706
0.40572491	0.72847444	-10.464098	7.9608564
0.40728414	0.72299767	-10.447281	7.9361725
0.41040266	0.72170901	-10.471665	7.9402866
0.40260637	0.72589713	-10.449803	7.9690847
0.39948782	0.73523986	-10.486801	7.9978819
0.40260637	0.74522692	-10.41701	8.001996
0.39948782	0.73556203	-10.469984	7.9896541
0.40260637	0.72299767	-10.432146	7.9485145
0.39636928	0.72042036	-10.232866	7.9855409
0.39792857	0.71784312	-10.480914	7.9526286
0.39792857	0.7262193	-10.48596	8.0431366
0.39636928	0.72042036	-10.439713	7.9855409
0.39948782	0.72138685	-10.478392	7.9567428
0.4088434	0.72944093	-10.390945	7.9855409
0.39792857	0.73620635	-10.447281	8.0143385
0.39792857	0.73942798	-10.443918	7.9978819
0.40260637	0.7262193	-10.458212	7.9731984
0.40572491	0.73459554	-10.459894	8.0061102
0.39948782	0.7323404	-10.229504	8.0061102
0.40260637	0.72815228	-10.482595	8.0061102
0.39481002	0.73556203	-10.462417	8.0143385
0.40572491	0.72396415	-10.475869	7.9855409
0.39948782	0.72203118	-10.450644	8.0143385
0.39636928	0.7188096	-10.380014	7.9937682
0.39636928	0.73105174	-10.459053	8.02668
0.39636928	0.71752095	-10.471665	7.9814267
0.4088434	0.71848744	-10.441395	8.0061102
0.40260637	0.71752095	-10.451485	8.001996
0.40104708	0.71945393	-10.438032	8.0102243
0.39325073	0.72718579	-10.449803	8.0349083
0.40572491	0.72396415	-10.491845	8.0061102
0.39636928	0.71719879	-10.430465	7.9896541
0.40416563	0.71848744	-10.474188	8.0184517
0.39481002	0.7323404	-10.277431	8.0349083
0.39169151	0.73813933	-10.48596	8.0307941
0.39792857	0.73813933	-10.454007	8.0390224
0.39325073	0.74071664	-10.437191	8.0390224
0.40260637	0.74490476	-10.464938	8.02668
0.39636928	0.74264961	-10.321156	8.0225658
0.39792857	0.73910582	-10.480914	8.0595922
0.39481002	0.72815228	-10.477551	8.0349083
0.40104708	0.72299767	-10.389263	8.0102243
0.39169151	0.73137391	-10.443918	8.0513639
0.39481002	0.72654146	-10.444759	8.0431366
0.39481002	0.72783011	-10.479233	8.0225658
0.39792857	0.73072958	-10.451485	8.0637064
0.39792857	0.73105174	-10.438032	8.02668
0.40416563	0.72654146	-10.467461	8.0595922
0.40260637	0.7188096	-10.454007	8.0431366
0.39481002	0.7162323	-10.451485	8.0349083
0.40104708	0.72589713	-10.500254	8.0390224
0.39948782	0.7323404	-10.441395	8.0513639
0.39948782	0.74458259	-10.470825	8.0513639
0.40104708	0.74554908	-10.480914	8.0554781
0.39636928	0.7436161	-10.464938	8.0678205
0.39325073	0.73298472	-10.436351	8.0472507
0.40104708	0.72170901	-10.475869	8.0431366
0.40572491	0.7188096	-10.459053	8.02668
0.39481002	0.71752095	-10.472507	8.0554781
0.40416563	0.71945393	-10.484279	8.0554781
0.39481002	0.73523986	-10.454848	8.104847
0.40260637	0.73749501	-10.332087	8.0719347
0.40104708	0.74812639	-10.480074	8.0883904
0.40260637	0.74136096	-10.452326	8.0554781
0.39792857	0.73298472	-10.443076	8.0719347
0.40260637	0.73427337	-10.467461	8.0719347
0.39792857	0.72944093	-10.42626	8.0390224
0.39325073	0.73040742	-10.504458	8.0719347
0.39481002	0.73588419	-10.45653	8.0842762
0.3870137	0.73878366	-10.480074	8.0883904
0.39948782	0.74329394	-10.47671	8.0554781
0.39636928	0.73330688	-10.327882	8.0842762
0.39636928	0.73169607	-10.464938	8.1171885
0.39481002	0.7200982	-10.443076	8.0595922
0.40416563	0.72718579	-10.459894	8.1007328
0.39169151	0.73072958	-10.470825	8.0925045
0.39013225	0.72944093	-10.459894	8.1007328
0.40572491	0.73072958	-10.479233	8.0719347
0.39325073	0.73813933	-10.481755	8.1130743
0.40104708	0.73298472	-10.458212	8.0719347
0.39325073	0.73910582	-10.437191	8.1171885
0.39948782	0.73717284	-10.391786	8.0925045
0.39013225	0.73298472	-10.469144	8.0883904
0.38857296	0.73878366	-10.459053	8.104847
0.39169151	0.74329394	-10.46662	8.1171885
0.39636928	0.75456965	-10.464938	8.1418724
0.39792857	0.7436161	-10.398513	8.0678205
0.39169151	0.74490476	-10.464098	8.1254168
0.39636928	0.74329394	-10.453167	8.104847
0.39325073	0.74071664	-10.461576	8.1295309
0.39792857	0.73588419	-10.485119	8.0966187
0.38857296	0.72815228	-10.335449	8.104847
0.39636928	0.72654146	-10.482595	8.0883904
0.3823359	0.72783011	-10.438032	8.1130743
0.39636928	0.72718579	-10.449803	8.0966187
0.39948782	0.71784312	-10.472507	8.0678205
0.39325073	0.72299767	-10.454848	8.1254168
0.39636928	0.71687663	-10.438032	8.1089611
0.39792857	0.72750795	-10.458212	8.1007328
0.40260637	0.72944093	-10.401875	8.0842762
0.39792857	0.73427337	-10.460734	8.1254168
0.39169151	0.74329394	-10.465779	8.1336451
0.39169151	0.74651557	-10.473348	8.1418724
0.39792857	0.73878366	-10.469144	8.1007328
0.39636928	0.73749501	-10.33629	8.1130743
0.39792857	0.72944093	-10.47671	8.0925045
0.38857296	0.71977609	-10.448122	8.1213026
0.39948782	0.72847444	-10.474188	8.1130743
0.39636928	0.73169607	-10.468302	8.1377592
0.39013225	0.72686362	-10.370765	8.1377592
0.38857296	0.74200529	-10.433827	8.1912413
0.39325073	0.74039447	-10.480914	8.1295309
0.39325073	0.72557497	-10.434669	8.104847
0.40260637	0.7287966	-10.461576	8.1213026
0.38545445	0.75102586	-10.419534	8.2076969
0.38389516	0.75070369	-10.460734	8.1377592
0.39792857	0.73362905	-10.440554	8.1130743
0.38857296	0.73169607	-10.437191	8.1418724
0.39636928	0.73813933	-10.479233	8.1295309
0.3870137	0.7497372	-10.988782	8.1418724
0.39169151	0.75682479	-10.480074	8.1418724
0.39169151	0.75038153	-10.459053	8.1254168
0.39792857	0.75263667	-10.35647	8.158329
0.38857296	0.75682479	-10.440554	8.1747847
0.39948782	0.75038153	-10.47671	8.1377592
0.39948782	0.72944093	-10.450644	8.1295309
0.40260637	0.72364199	-10.505299	8.1089611
0.39325073	0.71977609	-10.36572	8.1459866
0.39325073	0.72299767	-10.433827	8.1254168
0.39169151	0.73201823	-10.447281	8.158329
0.39325073	0.74812639	-10.483438	8.158329
0.39948782	0.74393827	-10.418693	8.1171885
0.39636928	0.74651557	-10.327882	8.1459866
0.40104708	0.73459554	-10.459053	8.1295309
0.39948782	0.73556203	-10.41701	8.1254168
0.39636928	0.7410388	-10.467461	8.1912413
0.38545445	0.74909288	-10.457372	8.1788988
0.39325073	0.74071664	-10.321996	8.1336451
0.39325073	0.72847444	-10.458212	8.1336451
0.39792857	0.74007231	-10.461576	8.183013
0.39013225	0.73652852	-10.454007	8.1501007
0.39169151	0.7471599	-10.46662	8.183013
0.39325073	0.73620635	-10.354789	8.1295309
0.39325073	0.74426043	-10.481755	8.1788988
0.40104708	0.74136096	-10.475029	8.1418724
0.39169151	0.74587125	-10.464938	8.1501007
0.39948782	0.74007231	-10.481755	8.1501007
0.39013225	0.74136096	-10.470825	8.1624432
0.40104708	0.73427337	-10.469984	8.1542149
0.39169151	0.72106469	-10.449803	8.158329
0.38857296	0.72235334	-10.361515	8.1459866
0.3870137	0.74748206	-10.496891	8.183013
0.3870137	0.75070369	-10.46662	8.1994696
0.39325073	0.75005937	-10.483438	8.1459866
0.39013225	0.75263667	-10.435509	8.158329
0.39325073	0.74522692	-10.332927	8.158329
0.38857296	0.73588419	-10.448963	8.1459866
0.39636928	0.73717284	-10.467461	8.1747847
0.39636928	0.73298472	-10.50698	8.1624432
0.39325073	0.73169607	-10.453167	8.1459866
0.39948782	0.73652852	-10.45569	8.1912413
0.38857296	0.74071664	-10.464938	8.1912413
0.39169151	0.73330688	-10.447281	8.1624432
0.38857296	0.7349177	-10.382536	8.1542149
0.40104708	0.73910582	-10.4456	8.2076969
0.38857296	0.73878366	-10.464938	8.1665573
0.39325073	0.74490476	-10.479233	8.1706715
0.39325073	0.74039447	-10.467461	8.1665573
0.39169151	0.74877071	-10.394308	8.1994696
0.39013225	0.75263667	-10.458212	8.1747847
0.39325073	0.74941504	-10.452326	8.1624432
0.39481002	0.74136096	-10.484279	8.158329
0.40104708	0.73975015	-10.469984	8.1706715
0.39792857	0.73072958	-10.464938	8.1788988
0.3870137	0.73395121	-10.478392	8.183013
0.38389516	0.71913177	-10.428782	8.1665573
0.39792857	0.72750795	-10.419534	8.1665573
0.39325073	0.73523986	-10.448963	8.2159252
0.39792857	0.73717284	-10.399353	8.1788988
0.39013225	0.7410388	-10.470825	8.1706715
0.3870137	0.74877071	-10.443918	8.2035828
0.39481002	0.74426043	-10.37581	8.158329
0.39325073	0.75231451	-10.450644	8.1747847
0.39636928	0.73846149	-10.475029	8.1788988
0.39481002	0.73910582	-10.472507	8.1624432
0.39792857	0.74522692	-10.463257	8.1953554
0.3870137	0.74748206	-10.40692	8.2118111
0.39169151	0.73975015	-10.422056	8.183013
0.39636928	0.74426043	-10.453167	8.2035828
0.40260637	0.74748206	-10.496049	8.2159252
0.39013225	0.74748206	-10.475869	8.183013
0.39325073	0.73298472	-10.425419	8.1788988
0.39636928	0.7262193	-10.468302	8.1747847
0.39169151	0.72654146	-10.463257	8.2035828
0.39325073	0.7226755	-10.477551	8.1871271
0.39948782	0.73040742	-10.477551	8.1706715
0.39481002	0.73942798	-10.398513	8.2035828
0.39481002	0.75231451	-10.446441	8.2159252
0.39636928	0.7410388	-10.452326	8.1747847
0.39481002	0.74329394	-10.381696	8.1912413
0.38857296	0.75360316	-10.454007	8.2035828
0.40104708	0.74844855	-10.464098	8.1706715
0.39169151	0.7471599	-10.475029	8.2282677
0.39169151	0.74844855	-10.46662	8.2076969
0.39325073	0.74587125	-10.594428	8.1871271
0.39169151	0.74877071	-10.435509	8.2076969
0.39792857	0.75005937	-10.453167	8.2159252
0.3870137	0.75682479	-10.498572	8.2323809
0.39169151	0.74490476	-10.444759	8.1871271
0.39792857	0.7410388	-10.30602	8.2076969
0.39169151	0.72783011	-10.449803	8.2076969
0.39169151	0.72686362	-10.46662	8.1953554
0.38857296	0.73620635	-10.450644	8.2200394
0.39636928	0.74812639	-10.478392	8.2159252
0.39636928	0.74136096	-10.450644	8.2159252
0.3870137	0.75102586	-10.424579	8.236495
0.39325073	0.74426043	-10.442237	8.1994696
0.39325073	0.76745611	-10.359834	8.2323809
0.39948782	0.75843561	-10.457372	8.2241535
0.39325073	0.76713395	-10.46662	8.2323809
0.39013225	0.7558583	-10.467461	8.2159252
0.39948782	0.74748206	-10.47671	8.2076969
0.39325073	0.73685068	-10.299293	8.1994696
0.39013225	0.74329394	-10.454007	8.236495
0.39169151	0.74426043	-10.467461	8.2076969
0.38545445	0.74554908	-10.480914	8.2488375
0.39325073	0.74426043	-10.435509	8.2323809
0.3870137	0.75102586	-10.395989	8.2652931
0.38857296	0.74812639	-10.463257	8.2241535
0.39325073	0.75263667	-10.471665	8.2241535
0.40260637	0.74200529	-10.479233	8.2035828
0.3870137	0.7594021	-10.45569	8.2858639
0.38857296	0.75134802	-10.432146	8.2159252
0.39325073	0.74587125	-10.434669	8.2159252
0.39325073	0.75360316	-10.503617	8.2447233
0.39636928	0.753281	-10.464098	8.2406092
0.39481002	0.75392532	-10.480074	8.2118111
0.38857296	0.75167018	-10.339654	8.2406092
0.39013225	0.76326799	-10.472507	8.2570658
0.39948782	0.75682479	-10.488482	8.2776356
0.38857296	0.76487881	-10.469144	8.2652931
0.39792857	0.74812639	-10.458212	8.2323809
0.39325073	0.75102586	-10.464098	8.2447233
0.39636928	0.74426043	-10.467461	8.2406092
0.3870137	0.74490476	-10.458212	8.2241535
0.39169151	0.74683774	-10.322837	8.236495
0.39169151	0.75456965	-10.477551	8.2529516
0.39013225	0.75650263	-10.447281	8.2776356
0.38857296	0.76487881	-10.45653	8.2694073
0.39948782	0.74748206	-10.461576	8.2241535
0.40260637	0.753281	-10.370765	8.2447233
0.39013225	0.7558583	-10.459053	8.2652931
0.38857296	0.75392532	-10.452326	8.2776356
0.38857296	0.74619341	-10.45653	8.2241535
0.38545445	0.74748206	-10.454007	8.2529516
0.39948782	0.7594021	-10.350584	8.2694073
0.40260637	0.7471599	-10.454007	8.2529516
0.39636928	0.74458259	-10.461576	8.2652931
0.39169151	0.73975015	-10.349744	8.2406092
0.3870137	0.74329394	-10.441395	8.2570658
0.39325073	0.73942798	-10.467461	8.2694073
0.39169151	0.75134802	-10.477551	8.2694073
0.39636928	0.74039447	-10.464098	8.2282677
0.39481002	0.74522692	-10.6659	8.2611799
0.39325073	0.7471599	-10.464098	8.289978
0.39325073	0.74941504	-10.45569	8.2570658
0.38857296	0.74136096	-10.447281	8.2488375
0.39013225	0.73781717	-10.428782	8.2488375
0.38857296	0.74200529	-10.424579	8.2529516
0.39169151	0.75875777	-10.472507	8.2735214
0.39481002	0.75618047	-10.498572	8.2694073
0.39792857	0.75714695	-10.460734	8.2570658
0.39948782	0.74812639	-10.463257	8.2529516
0.39481002	0.74297178	-10.313587	8.2611799
0.3870137	0.74812639	-10.443076	8.2982054
0.39169151	0.75134802	-10.500254	8.2694073
0.39481002	0.73813933	-10.333768	8.2776356
0.39481002	0.73813933	-10.448963	8.2940912
0.39325073	0.74619341	-10.34638	8.2858639
0.40416563	0.73685068	-10.490164	8.2611799
0.39481002	0.74458259	-10.468302	8.2694073
0.39481002	0.75489181	-10.321156	8.3187761
0.39636928	0.74748206	-10.435509	8.2858639
0.39169151	0.76165718	-10.470825	8.2982054
0.39169151	0.76069069	-10.47671	8.2735214
0.38545445	0.76391232	-10.472507	8.3064337
0.39792857	0.74877071	-10.320314	8.2652931
0.39481002	0.75489181	-10.457372	8.2858639
0.40104708	0.75360316	-10.448963	8.2694073
0.39169151	0.76165718	-10.446441	8.3352318
0.39792857	0.76069069	-10.443076	8.2982054
0.39481002	0.74877071	-10.381696	8.2817497
0.39325073	0.74039447	-10.480914	8.289978
0.39792857	0.73685068	-10.450644	8.2817497
0.39169151	0.74329394	-10.48596	8.2982054
0.40104708	0.74683774	-10.490164	8.289978
0.39948782	0.75231451	-10.286681	8.3105478
0.39325073	0.75424749	-10.443918	8.3105478
0.39481002	0.75199234	-10.427101	8.3105478
0.39792857	0.74619341	-10.438032	8.2858639
0.39948782	0.74232745	-10.481755	8.289978
0.4088434	0.73362905	-10.47671	8.2694073
0.39169151	0.73910582	-10.472507	8.3311176
0.39325073	0.75360316	-10.48596	8.3105478
0.39325073	0.75167018	-10.376651	8.289978
0.39013225	0.76133502	-10.461576	8.3311176
0.39636928	0.75746912	-10.454848	8.3228903
0.39636928	0.74877071	-10.463257	8.3023195
0.39948782	0.7436161	-10.444759	8.3064337
0.38545445	0.74941504	-10.415329	8.3228903
0.39636928	0.73878366	-10.498572	8.3105478
0.39169151	0.75779128	-10.490164	8.3352318
0.39325073	0.76648962	-10.474188	8.3228903
0.38389516	0.76616746	-10.464098	8.3393459
0.39481002	0.75746912	-10.401875	8.3352318
0.39636928	0.76262367	-10.450644	8.3228903
0.39948782	0.75392532	-10.453167	8.3023195
0.39325073	0.74651557	-10.315269	8.3064337
0.39013225	0.75360316	-10.454007	8.3228903
0.39948782	0.76101285	-10.505299	8.3599157
0.3870137	0.76777828	-10.452326	8.3434601
0.39325073	0.76874477	-10.468302	8.3516884
0.39169151	0.76165718	-10.395989	8.3475742
0.39636928	0.75489181	-10.465779	8.3393459
0.39636928	0.75875777	-10.447281	8.3393459
0.39169151	0.75070369	-10.479233	8.3475742
0.39636928	0.75295883	-10.449803	8.3352318
0.38857296	0.74619341	-10.448963	8.3640299
0.39792857	0.74200529	-10.475869	8.3270035
0.38389516	0.74812639	-10.424579	8.3599157
0.39481002	0.75263667	-10.464938	8.3475742
0.39948782	0.75489181	-10.458212	8.3558016
0.39792857	0.75875777	-10.37581	8.3516884
0.39948782	0.75489181	-10.457372	8.3311176
0.39481002	0.75295883	-10.452326	8.3270035
0.38545445	0.76938909	-10.454007	8.3599157
0.39013225	0.76391232	-10.48596	8.3393459
0.40104708	0.75360316	-10.438032	8.3311176
0.39792857	0.74458259	-10.461576	8.3393459
0.39325073	0.75392532	-10.47671	8.3804865
0.39013225	0.7471599	-10.395149	8.3475742
0.39169151	0.74329394	-10.45653	8.3352318
0.39325073	0.7349177	-10.454848	8.3270035
0.40104708	0.74136096	-10.435509	8.3475742
0.38857296	0.75392532	-10.465779	8.3969421
0.39169151	0.75392532	-10.424579	8.3640299
0.39948782	0.74200529	-10.464938	8.3352318
0.39636928	0.74651557	-10.467461	8.3640299
0.39792857	0.75231451	-10.468302	8.3599157
0.39169151	0.74941504	-10.454007	8.3352318
0.39169151	0.7436161	-10.386741	8.368144
0.37921739	0.75263667	-10.434669	8.368144
0.38545445	0.75779128	-10.45569	8.4010563
0.39169151	0.75907993	-10.409443	8.392828
0.39636928	0.76971126	-10.492686	8.4051704
0.39481002	0.76004636	-10.461576	8.3846006
0.39792857	0.7684226	-10.48596	8.4175119
0.39636928	0.76326799	-10.418693	8.3804865
0.39636928	0.75618047	-10.398513	8.3640299
0.39325073	0.75972426	-10.469984	8.4133987
0.39013225	0.76262367	-10.454848	8.4092846
0.3870137	0.76777828	-10.451485	8.4051704
0.39325073	0.75650263	-10.465779	8.3558016
0.39792857	0.74909288	-10.438872	8.3763723
0.39792857	0.75553614	-10.484279	8.4051704
0.39325073	0.76906693	-10.451485	8.4051704
0.39169151	0.76681179	-10.469984	8.4051704
0.39013225	0.76971126	-10.473348	8.4010563
0.40260637	0.77389938	-10.358151	8.3763723
0.39013225	0.77422154	-10.494368	8.4504242
0.39169151	0.76713395	-10.427101	8.4051704
0.39481002	0.7719664	-10.470825	8.4092846
0.39792857	0.76069069	-10.444759	8.3804865
0.39792857	0.7497372	-10.40692	8.3887138
0.39948782	0.74812639	-10.448122	8.3969421
0.38545445	0.74844855	-10.464098	8.4175119
0.3870137	0.75231451	-10.348062	8.4010563
0.39948782	0.75456965	-10.481755	8.4175119
0.39792857	0.75263667	-10.496891	8.3804865
0.39481002	0.75907993	-10.497732	8.4133987
0.39013225	0.75972426	-10.452326	8.4216261
0.39325073	0.75263667	-10.442237	8.4257402
0.38857296	0.76165718	-10.467461	8.4092846
0.39325073	0.75521398	-10.452326	8.4092846
0.39636928	0.76391232	-10.459053	8.4051704
0.40104708	0.76616746	-10.467461	8.4298544
0.39325073	0.76487881	-10.438872	8.4092846
0.38857296	0.76101285	-10.438032	8.4092846
0.39636928	0.75553614	-10.470825	8.4175119
0.40416563	0.75907993	-10.464938	8.4380827
0.3870137	0.76294583	-10.491005	8.4668808
0.39013225	0.76036853	-10.45569	8.4175119
0.39636928	0.75682479	-10.461576	8.4298544
0.39325073	0.75199234	-10.474188	8.4216261
0.39013225	0.74780422	-10.379173	8.4298544
0.39013225	0.74522692	-10.457372	8.4216261
0.38389516	0.75231451	-10.468302	8.4545383
0.39792857	0.76906693	-10.479233	8.4504242
0.38545445	0.7745437	-10.472507	8.4709949
0.39325073	0.76423448	-10.401035	8.4216261
0.39948782	0.77035558	-10.477551	8.4339685
0.39792857	0.76681179	-10.451485	8.4175119
0.39013225	0.77003342	-10.481755	8.4833364
0.39481002	0.76648962	-10.462417	8.4421968
0.39481002	0.76423448	-10.428782	8.4298544
0.39325073	0.76359016	-10.464098	8.4380827
0.39325073	0.75746912	-10.459053	8.4668808
0.39325073	0.75295883	-10.472507	8.4216261
0.39325073	0.75392532	-10.438872	8.4421968
0.39013225	0.75263667	-10.332087	8.4421968
0.40104708	0.75070369	-10.492686	8.4339685
0.39325073	0.75682479	-10.458212	8.4504242
0.39169151	0.7558583	-10.40608	8.4339685
0.38545445	0.76938909	-10.452326	8.4668808
0.38857296	0.7719664	-10.440554	8.4751091
0.39481002	0.77067775	-10.489323	8.4545383
0.39792857	0.77325505	-10.491005	8.4504242
0.39169151	0.77905399	-10.421215	8.4751091
0.39636928	0.76745611	-10.487641	8.44631
0.38857296	0.76874477	-10.458212	8.5039062
0.39481002	0.76648962	-10.440554	8.4668808
0.39325073	0.76359016	-10.48596	8.4627666
0.40416563	0.75746912	-10.439713	8.44631
0.39792857	0.76036853	-10.469144	8.4504242
0.39481002	0.75972426	-10.468302	8.4792223
0.3870137	0.77389938	-10.461576	8.5080204
0.38857296	0.77486587	-10.45569	8.4833364
0.39325073	0.76713395	-10.35563	8.4751091
0.40416563	0.76165718	-10.480914	8.4545383
0.39481002	0.76552314	-10.478392	8.4709949
0.39325073	0.76648962	-10.463257	8.4874506
0.39325073	0.75875777	-10.447281	8.5080204
0.39169151	0.76681179	-10.362356	8.4956789
0.39792857	0.76810044	-10.459894	8.4874506
0.39792857	0.77518803	-10.483438	8.4792223
0.39792857	0.7780875	-10.328723	8.4874506
0.39013225	0.77293289	-10.449803	8.4668808
0.39169151	0.77583236	-10.470825	8.4956789
0.39169151	0.77164423	-10.462417	8.4833364
0.39481002	0.77583236	-10.457372	8.4956789
0.39792857	0.76938909	-10.425419	8.4751091
0.39792857	0.76487881	-10.46662	8.4751091
0.40104708	0.76133502	-10.496049	8.4668808
0.39948782	0.75424749	-10.4456	8.4751091
0.39948782	0.75843561	-10.464098	8.5121346
0.39792857	0.76004636	-10.398513	8.4751091
0.39948782	0.77132207	-10.462417	8.5039062
0.39325073	0.77293289	-10.471665	8.5080204
0.40104708	0.76745611	-10.448122	8.5162477
0.39792857	0.77067775	-10.421215	8.5039062
0.39481002	0.76810044	-10.422056	8.4874506
0.38857296	0.77325505	-10.446441	8.5162477
0.39169151	0.78130913	-10.490164	8.5121346
0.39481002	0.79000753	-10.434669	8.5162477
0.39013225	0.79032969	-10.4456	8.5327044
0.40104708	0.76487881	-10.399353	8.4668808
0.39792857	0.7594021	-10.433827	8.5368185
0.39169151	0.76004636	-10.465779	8.5121346
0.38545445	0.76616746	-10.353107	8.5244761
0.39636928	0.76391232	-10.464098	8.5121346
0.39636928	0.76616746	-10.496049	8.5121346
0.39636928	0.77132207	-10.477551	8.5121346
0.39013225	0.76906693	-10.448963	8.5039062
0.39325073	0.77969831	-10.434669	8.5327044
0.39636928	0.77261072	-10.440554	8.5203619
0.39325073	0.77357721	-10.484279	8.5162477
0.38545445	0.78034264	-10.447281	8.5450459
0.39481002	0.78775239	-10.473348	8.5285902
0.39169151	0.7806648	-10.390103	8.5285902
0.39948782	0.77615452	-10.461576	8.5532742
0.39636928	0.76487881	-10.441395	8.5080204
0.39792857	0.77261072	-10.477551	8.5080204
0.40104708	0.75650263	-10.448963	8.5039062
0.39948782	0.77132207	-10.48596	8.5615025
0.39169151	0.76777828	-10.350584	8.5285902
0.38857296	0.77679884	-10.485119	8.54916
0.38857296	0.7658453	-10.449803	8.5285902
0.39325073	0.75263667	-10.472507	8.4997921
0.39169151	0.76616746	-10.45569	8.54916
0.38545445	0.76777828	-10.449803	8.54916
0.39325073	0.77486587	-10.450644	8.5368185
0.39325073	0.77776533	-10.49521	8.5573883
0.39792857	0.76713395	-10.449803	8.5080204
0.39792857	0.77228856	-10.465779	8.5285902
0.40416563	0.7623015	-10.448122	8.4956789
0.39169151	0.77164423	-10.461576	8.54916
0.39169151	0.77647668	-10.473348	8.5532742
0.39169151	0.77067775	-10.435509	8.5327044
0.39481002	0.76713395	-10.438032	8.5409327
0.39792857	0.75907993	-10.457372	8.5450459
0.38545445	0.7684226	-10.447281	8.5615025
0.38545445	0.77712101	-10.438872	8.5738449
0.38389516	0.77164423	-10.46662	8.5327044
0.37765813	0.77647668	-10.480074	8.5532742
0.37921739	0.77293289	-10.46662	8.5615025
0.37298033	0.7745437	-10.446441	8.5532742
0.37298033	0.7780875	-10.501095	8.5409327
0.37765813	0.76552314	-10.435509	8.5203619
0.38389516	0.76423448	-10.475869	8.5615025
0.3823359	0.78002048	-10.470825	8.5615025
0.38077661	0.78098696	-10.479233	8.5573883
0.3870137	0.77357721	-10.454007	8.54916
0.3870137	0.78871888	-10.464098	8.5820723
0.39481002	0.77937615	-10.427101	8.5285902
0.39792857	0.77905399	-10.417851	8.5656166
0.39636928	0.77067775	-10.47671	8.5697308
0.3870137	0.77486587	-10.447281	8.5738449
0.38857296	0.77357721	-10.469984	8.5738449
0.39325073	0.77583236	-10.421215	8.5573883
0.39792857	0.77003342	-10.496891	8.5656166
0.39481002	0.77518803	-10.458212	8.5820723
0.40416563	0.77389938	-10.446441	8.5738449
0.39481002	0.76294583	-10.400194	8.5368185
0.39325073	0.77261072	-10.468302	8.5573883
0.39325073	0.76938909	-10.491845	8.5697308
0.39325073	0.76971126	-10.484279	8.5573883
0.3870137	0.78453076	-10.319473	8.5738449
0.39792857	0.77776533	-10.454848	8.5368185
0.39948782	0.78195345	-10.443076	8.5656166
0.39792857	0.77164423	-10.450644	8.5903006
0.38545445	0.77937615	-10.409443	8.5944147
0.39948782	0.77325505	-10.422896	8.5656166
0.40260637	0.76810044	-10.464938	8.5573883
0.40104708	0.7558583	-10.463257	8.5861864
0.39792857	0.76487881	-10.467461	8.5861864
0.40260637	0.77228856	-10.464938	8.5738449
0.39636928	0.77261072	-10.469984	8.5861864
0.40572491	0.77099991	-10.3262	8.5615025
0.39948782	0.76971126	-10.471665	8.5697308
0.39325073	0.76874477	-10.425419	8.5779581
0.39948782	0.75682479	-10.463257	8.5779581
0.39636928	0.76681179	-10.467461	8.5861864
0.40104708	0.76197934	-10.359834	8.5532742
0.39636928	0.77551019	-10.459053	8.5861864
0.39792857	0.77551019	-10.453167	8.5738449
0.39948782	0.77518803	-10.459053	8.54916
0.40104708	0.77132207	-10.422896	8.5820723
0.40572491	0.78163129	-10.494368	8.5738449
0.39481002	0.7745437	-10.451485	8.5820723
0.39169151	0.77679884	-10.444759	8.602643
0.40728414	0.77615452	-10.451485	8.5903006
0.40104708	0.77067775	-10.47671	8.5861864
0.39792857	0.76938909	-10.486801	8.5985289
0.39792857	0.75521398	-10.451485	8.5615025
0.39169151	0.75907993	-10.450644	8.602643
0.39325073	0.76294583	-10.457372	8.5615025
0.39481002	0.75972426	-10.327882	8.5779581
0.39325073	0.77615452	-10.454848	8.6149845
0.39636928	0.77164423	-10.459894	8.6108704
0.39169151	0.77099991	-10.464098	8.5985289
0.40104708	0.76423448	-10.450644	8.5820723
0.39325073	0.78485292	-10.460734	8.602643
0.39792857	0.77325505	-10.475029	8.5697308
0.39636928	0.77905399	-10.485119	8.5944147
0.39636928	0.77357721	-10.440554	8.5656166
0.39169151	0.77035558	-10.432146	8.5861864
0.39325073	0.77164423	-10.454848	8.6232128
0.39481002	0.76391232	-10.500254	8.5861864
0.39325073	0.75811344	-10.325359	8.5944147
0.39013225	0.76004636	-10.413648	8.602643
0.39013225	0.76938909	-10.442237	8.6190987
0.38857296	0.76552314	-10.48596	8.6190987
0.39636928	0.77357721	-10.48596	8.602643
0.39325073	0.7658453	-10.458212	8.5903006
0.3870137	0.78002048	-10.48596	8.627327
0.39325073	0.78936321	-10.408603	8.6396685
0.38545445	0.78324211	-10.461576	8.6149845
0.39325073	0.78324211	-10.452326	8.5944147
0.39948782	0.78356427	-10.475029	8.6067562
0.40260637	0.7745437	-10.47671	8.627327
0.39792857	0.77164423	-10.380855	8.6067562
0.39325073	0.77937615	-10.462417	8.6190987
0.40260637	0.76874477	-10.451485	8.5820723
0.39948782	0.76777828	-10.468302	8.6108704
0.39636928	0.77357721	-10.447281	8.6149845
0.39325073	0.77744317	-10.744097	8.627327
0.38857296	0.77873182	-10.469984	8.6149845
0.39636928	0.77647668	-10.47671	8.5903006
0.40104708	0.77647668	-10.462417	8.627327
0.40416563	0.76938909	-10.45653	8.5944147
0.39792857	0.78130913	-10.424579	8.6437826
0.40416563	0.77840966	-10.448963	8.6190987
0.40416563	0.77679884	-10.473348	8.6108704
0.39325073	0.77583236	-10.45569	8.5985289
0.39169151	0.78614157	-10.477551	8.6520109
0.39948782	0.79161835	-10.353948	8.6355553
0.39792857	0.79580647	-10.457372	8.6437826
0.40416563	0.79612863	-10.469984	8.6355553
0.39636928	0.79483998	-10.420374	8.6437826
0.40260637	0.78904104	-10.464098	8.6355553
0.40104708	0.77422154	-10.450644	8.6149845
0.39792857	0.77325505	-10.480914	8.6396685
0.39948782	0.76391232	-10.478392	8.6067562
0.39481002	0.76359016	-10.350584	8.627327
0.39948782	0.77615452	-10.475869	8.6396685
0.39792857	0.77905399	-10.443918	8.627327
0.40104708	0.7745437	-10.460734	8.6149845
0.40416563	0.77647668	-10.452326	8.6314411
0.40572491	0.77712101	-10.454848	8.6602392
0.39169151	0.78581941	-10.488482	8.6602392
0.39948782	0.77744317	-10.475869	8.6314411
0.40572491	0.78324211	-10.479233	8.6232128
0.40260637	0.78356427	-10.488482	8.6437826
0.39636928	0.78710806	-10.393467	8.6314411
0.40260637	0.77679884	-10.452326	8.6396685
0.40104708	0.77551019	-10.460734	8.627327
0.40260637	0.78002048	-10.362356	8.6437826
0.39948782	0.77712101	-10.464098	8.6437826
0.39792857	0.78291994	-10.354789	8.6684666
0.40260637	0.78710806	-10.482595	8.627327
0.39636928	0.78646374	-10.444759	8.6561251
0.40416563	0.78904104	-10.413648	8.6766949
0.40260637	0.7780875	-10.459894	8.627327
0.41196194	0.77067775	-10.503617	8.6232128
0.40416563	0.76681179	-10.480074	8.6314411
0.39325073	0.76938909	-10.438032	8.6643534
0.39013225	0.78034264	-10.45569	8.6602392
0.40104708	0.78388643	-10.435509	8.6314411
0.39013225	0.78195345	-10.450644	8.6396685
0.39792857	0.76874477	-10.45653	8.6232128
0.39481002	0.77647668	-10.462417	8.6478968
0.39481002	0.78034264	-10.974487	8.6355553
0.40104708	0.78324211	-10.486801	8.6437826
0.39792857	0.77583236	-10.467461	8.6766949
0.39636928	0.78130913	-10.489323	8.6643534
0.40260637	0.77873182	-10.460734	8.6478968
0.39792857	0.77518803	-10.432146	8.6643534
0.39948782	0.77840966	-10.470825	8.6478968
0.39481002	0.78453076	-10.459053	8.6643534
0.39636928	0.77679884	-10.354789	8.6561251
0.39325073	0.77937615	-10.454007	8.6561251
0.39792857	0.77551019	-10.410284	8.6478968
0.40572491	0.78034264	-10.483438	8.6437826
0.40260637	0.7745437	-10.465779	8.6520109
0.40260637	0.79097402	-10.390945	8.6561251
0.39325073	0.79741728	-10.468302	8.680809
0.39325073	0.79097402	-10.464098	8.6766949
0.39325073	0.78227562	-10.424579	8.6355553
0.40260637	0.78936321	-10.465779	8.6643534
0.39792857	0.78453076	-10.393467	8.6643534
0.39948782	0.78646374	-10.465779	8.705493
0.39013225	0.77776533	-10.438872	8.6643534
0.39169151	0.79322916	-10.484279	8.6890373
0.40260637	0.79129618	-10.471665	8.6766949
0.40260637	0.79419565	-10.453167	8.6931515
0.40104708	0.79451782	-10.484279	8.680809
0.40572491	0.77647668	-10.444759	8.6396685
0.39325073	0.78002048	-10.431305	8.6643534
0.39636928	0.7780875	-10.460734	8.6890373
0.39792857	0.78453076	-10.294249	8.680809
0.39792857	0.79516214	-10.477551	8.6849232
0.39636928	0.78195345	-10.461576	8.6643534
0.40104708	0.78034264	-10.367401	8.6561251
0.39948782	0.77551019	-10.462417	8.6684666
0.39481002	0.78485292	-10.457372	8.6725807
0.39636928	0.7806648	-10.464098	8.6725807
0.39481002	0.78775239	-10.467461	8.7137213
0.40260637	0.77712101	-10.451485	8.6643534
0.40260637	0.76616746	-10.441395	8.6643534
0.40728414	0.75392532	-10.448963	8.6520109
0.40416563	0.76004636	-10.483438	8.6643534
0.39013225	0.77422154	-10.467461	8.7178354
0.39636928	0.7867859	-10.410284	8.7013788
0.40104708	0.78163129	-10.4456	8.6643534
0.39792857	0.77422154	-10.45653	8.680809
0.40260637	0.77099991	-10.463257	8.6849232
0.40104708	0.78324211	-10.46662	8.6684666
0.39481002	0.7954843	-10.386741	8.7096071
0.39481002	0.79194051	-10.45569	8.6643534
0.39792857	0.79645079	-10.454848	8.6890373
0.4088434	0.78356427	-10.331245	8.6314411
0.40572491	0.77937615	-10.45569	8.6643534
0.39325073	0.78227562	-10.349744	8.6890373
0.39481002	0.77551019	-10.465779	8.7178354
0.39169151	0.7806648	-10.450644	8.7096071
0.39636928	0.78485292	-10.368242	8.6931515
0.39792857	0.77518803	-10.467461	8.6602392
0.40260637	0.77551019	-10.459894	8.6766949
0.39636928	0.76681179	-10.452326	8.7096071
0.39636928	0.77228856	-10.461576	8.7013788
0.38857296	0.78002048	-10.436351	8.7096071
0.39792857	0.77712101	-10.451485	8.6849232
0.40260637	0.77518803	-10.464098	8.6725807
0.39792857	0.77712101	-10.438032	8.6643534
0.39792857	0.78549725	-10.465779	8.6931515
0.39325073	0.79935026	-10.421215	8.7137213
0.39792857	0.80514914	-10.443076	8.7260637
0.39169151	0.79419565	-10.450644	8.680809
0.40260637	0.78324211	-10.433827	8.6725807
0.40104708	0.77164423	-10.458212	8.680809
0.40104708	0.79322916	-10.480914	8.7672033
0.39481002	0.78388643	-10.468302	8.705493
0.39169151	0.7806648	-10.464938	8.6972656
0.40728414	0.77357721	-10.438032	8.680809
0.40728414	0.77003342	-10.461576	8.6643534
0.39792857	0.76648962	-10.454007	8.6643534
0.39792857	0.7658453	-10.448122	8.6643534
0.39948782	0.7684226	-10.499413	8.6931515
0.39792857	0.78839672	-10.351425	8.7178354
0.39636928	0.79065186	-10.468302	8.7013788
0.40572491	0.7842086	-10.454007	8.6725807
0.40104708	0.7745437	-10.440554	8.6931515
0.39481002	0.78807455	-10.459894	8.705493
0.39169151	0.78485292	-10.417851	8.7342911
0.39013225	0.7954843	-10.472507	8.6931515
0.39636928	0.79773945	-10.480914	8.705493
0.39792857	0.79580647	-10.444759	8.7096071
0.39948782	0.78291994	-10.475029	8.6931515
0.40260637	0.78324211	-10.359834	8.7013788
0.39636928	0.77389938	-10.458212	8.6931515
0.39792857	0.77647668	-10.46662	8.6931515
0.39325073	0.78517509	-10.415329	8.7301769
0.39948782	0.79065186	-10.469144	8.7013788
0.39948782	0.78904104	-10.454848	8.7096071
0.39481002	0.80514914	-10.472507	8.7425194
0.39948782	0.78453076	-10.465779	8.705493
0.40260637	0.77937615	-10.36572	8.6931515
0.40104708	0.78485292	-10.464938	8.7178354
0.39636928	0.80450481	-10.45569	8.7384052
0.39948782	0.80096108	-10.472507	8.7178354
0.39948782	0.78453076	-10.467461	8.6766949
0.40416563	0.77679884	-10.422896	8.6766949
0.39792857	0.76262367	-10.45569	8.6931515
0.39636928	0.7558583	-10.4456	8.705493
0.39636928	0.76520097	-10.468302	8.6972656
0.40104708	0.7719664	-10.459894	8.705493
0.39325073	0.78453076	-10.35647	8.7342911
0.40260637	0.78227562	-10.460734	8.680809
0.40572491	0.77486587	-10.480074	8.705493
0.40416563	0.77551019	-10.443076	8.6931515
0.39325073	0.77422154	-10.453167	8.7096071
0.40728414	0.78453076	-10.490164	8.6890373
0.39481002	0.7867859	-10.469144	8.7260637
0.39792857	0.79645079	-10.462417	8.7013788
0.39636928	0.80128324	-10.421215	8.7301769
0.39169151	0.78710806	-10.448122	8.705493
0.39481002	0.78388643	-10.4456	8.7013788
0.40260637	0.77744317	-10.45653	8.6725807
0.39792857	0.77969831	-10.460734	8.6972656
0.39013225	0.78324211	-10.282476	8.7096071
0.39636928	0.79773945	-10.484279	8.758975
0.40104708	0.79161835	-10.483438	8.7096071
0.39948782	0.77937615	-10.452326	8.6849232
0.40416563	0.76745611	-10.434669	8.6766949
0.40416563	0.77873182	-10.407762	8.6931515
0.39013225	0.77647668	-10.467461	8.705493
0.39636928	0.79419565	-10.474188	8.7384052
0.39325073	0.80031675	-10.439713	8.7219496
0.39636928	0.80772644	-10.471665	8.7384052
0.40104708	0.81191456	-10.468302	8.7137213
0.39325073	0.80965942	-10.475869	8.7260637
0.40260637	0.79838377	-10.47671	8.6890373
0.40104708	0.78388643	-10.4456	8.680809
0.39948782	0.78743023	-10.454007	8.7219496
0.39325073	0.79194051	-10.472507	8.7301769
0.39792857	0.78324211	-10.452326	8.7096071
0.39481002	0.77228856	-10.463257	8.6849232
0.40104708	0.77551019	-10.321996	8.7260637
0.39792857	0.77003342	-10.439713	8.6931515
0.40260637	0.77583236	-10.451485	8.705493
0.39636928	0.77647668	-10.491845	8.7013788
0.40728414	0.77518803	-10.467461	8.7013788
0.39636928	0.7867859	-10.520433	8.7219496
0.40416563	0.77937615	-10.463257	8.7013788
0.39325073	0.77840966	-10.4456	8.705493
0.40260637	0.77744317	-10.459053	8.7260637
0.39481002	0.78324211	-10.438872	8.7013788
0.40104708	0.77583236	-10.421215	8.6849232
0.39169151	0.78936321	-10.454007	8.7178354
0.39481002	0.79226267	-10.468302	8.7137213
0.39792857	0.79065186	-10.407762	8.7096071
0.40104708	0.78388643	-10.469984	8.7096071
0.40104708	0.78871888	-10.458212	8.7301769
0.39325073	0.78453076	-10.478392	8.7301769
0.40416563	0.7780875	-10.464098	8.705493
0.39636928	0.77228856	-10.453167	8.7219496
0.40104708	0.7806648	-10.488482	8.7013788
0.39636928	0.78485292	-10.451485	8.7260637
0.39325073	0.79483998	-10.468302	8.7754316
0.39481002	0.78485292	-10.422896	8.705493
0.39169151	0.79097402	-10.378332	8.7425194
0.39325073	0.78743023	-10.458212	8.7219496
0.39636928	0.79419565	-10.443076	8.7713175
0.39792857	0.78549725	-10.461576	8.7137213
0.39325073	0.79516214	-10.472507	8.7260637
0.40260637	0.78034264	-10.333768	8.6849232
0.39792857	0.78936321	-10.464938	8.7425194
0.40416563	0.79161835	-10.475029	8.7096071
0.40104708	0.79838377	-10.469984	8.7425194
0.39325073	0.80257189	-10.449803	8.7384052
0.39481002	0.78839672	-10.446441	8.7301769
0.39636928	0.78098696	-10.443076	8.7260637
0.39792857	0.77712101	-10.46662	8.6972656
0.39948782	0.77937615	-10.400194	8.7260637
0.40416563	0.76616746	-10.467461	8.6849232
0.39325073	0.7745437	-10.453167	8.680809
0.40104708	0.78839672	-10.462417	8.7466335
0.40260637	0.792907	-10.449803	8.7301769
0.39325073	0.79355133	-10.433827	8.7301769
0.39636928	0.79194051	-10.454007	8.7137213
0.40260637	0.7780875	-10.471665	8.6972656
0.40416563	0.78002048	-10.478392	8.6890373
0.39636928	0.77937615	-10.494368	8.7178354
0.40416563	0.77679884	-10.312746	8.7219496
0.39792857	0.7867859	-10.472507	8.7137213
0.40104708	0.7806648	-10.454007	8.705493
0.39481002	0.77969831	-10.297611	8.7219496
0.39948782	0.7780875	-10.457372	8.7630892
0.39325073	0.7719664	-10.441395	8.7096071
0.39948782	0.77325505	-10.443918	8.7342911
0.39636928	0.76262367	-10.459894	8.6890373
0.39792857	0.77647668	-10.46662	8.7466335
0.39636928	0.78517509	-10.468302	8.7301769
0.40416563	0.79387349	-10.460734	8.7384052
0.40104708	0.79065186	-10.472507	8.7219496
0.40260637	0.79097402	-10.498572	8.7466335
0.39792857	0.79355133	-10.448122	8.7384052
0.39013225	0.78871888	-10.481755	8.7178354
0.39169151	0.79161835	-10.427101	8.7384052
0.40104708	0.79258484	-10.493526	8.7219496
0.39481002	0.80353832	-10.475869	8.7630892
0.40416563	0.78904104	-10.432987	8.6849232
0.39792857	0.78324211	-10.458212	8.7219496
0.40104708	0.78002048	-10.467461	8.7342911
0.39792857	0.78002048	-10.45653	8.6972656
0.39948782	0.77164423	-10.480914	8.7137213
0.39169151	0.77389938	-10.464098	8.7178354
0.39636928	0.77937615	-10.469984	8.7301769
0.40104708	0.78356427	-10.477551	8.7342911
0.40104708	0.78163129	-10.371606	8.705493
0.40728414	0.7806648	-10.451485	8.7260637
0.39636928	0.77293289	-10.457372	8.7301769
0.39169151	0.77744317	-10.430465	8.7466335
0.39792857	0.77003342	-10.46662	8.7178354
0.40728414	0.77583236	-10.432146	8.7013788
0.39636928	0.78968537	-10.475029	8.7384052
0.39169151	0.78614157	-10.442237	8.7301769
0.39013225	0.79935026	-10.487641	8.7466335
0.39481002	0.78775239	-10.458212	8.7260637
0.38545445	0.77969831	-10.364038	8.7219496
0.39792857	0.77744317	-10.464098	8.7384052
0.39481002	0.77261072	-10.444759	8.7342911
0.39792857	0.76101285	-10.473348	8.7260637
0.40260637	0.76455665	-10.467461	8.7096071
0.40572491	0.77389938	-10.422056	8.7301769
0.40104708	0.77067775	-10.463257	8.7425194
0.39169151	0.78549725	-10.454007	8.7507477
0.39325073	0.78807455	-10.449803	8.7466335
0.39325073	0.78646374	-10.440554	8.7384052
0.40260637	0.79065186	-10.428782	8.705493
0.39481002	0.81062591	-10.454848	8.7713175
0.39948782	0.79000753	-10.46662	8.7178354
0.39169151	0.7867859	-10.428782	8.7260637
0.39948782	0.78098696	-10.448122	8.7384052
0.39948782	0.79226267	-10.45569	8.7425194
0.39792857	0.7842086	-10.47671	8.7260637
0.39636928	0.78743023	-10.463257	8.7425194
0.40104708	0.7867859	-10.418693	8.758975
0.40104708	0.79419565	-10.468302	8.758975
0.39636928	0.79322916	-10.425419	8.7260637
0.39636928	0.79226267	-10.464098	8.7507477
0.40260637	0.78646374	-10.45569	8.7301769
0.39948782	0.77647668	-10.410284	8.7301769
0.40728414	0.77937615	-10.470825	8.7384052
0.40416563	0.78775239	-10.464938	8.7425194
0.40260637	0.79580647	-10.490164	8.758975
0.40104708	0.79645079	-10.470825	8.7260637
0.39948782	0.79709512	-10.330404	8.7548618
0.39636928	0.78839672	-10.457372	8.7342911
0.39636928	0.78839672	-10.454007	8.7178354
0.40104708	0.79709512	-10.475869	8.7754316
0.39325073	0.78968537	-10.457372	8.7466335
0.39169151	0.78614157	-10.419534	8.7301769
0.39792857	0.78904104	-10.462417	8.7672033
0.40416563	0.79000753	-10.447281	8.7425194
0.39481002	0.78807455	-10.440554	8.7466335
0.40572491	0.77583236	-10.462417	8.7096071
0.39325073	0.77969831	-10.425419	8.7466335
0.39636928	0.78195345	-10.471665	8.758975
0.39013225	0.78775239	-10.427101	8.7384052
0.39792857	0.78227562	-10.385059	8.7178354
0.39792857	0.78904104	-10.464938	8.7466335
0.39481002	0.78743023	-10.40692	8.7507477
0.39481002	0.79451782	-10.454007	8.758975
0.39481002	0.79580647	-10.438032	8.7466335
0.39792857	0.80772644	-10.378332	8.7507477
0.39636928	0.79709512	-10.46662	8.7342911
0.39636928	0.79226267	-10.436351	8.7301769
0.40416563	0.77744317	-10.419534	8.7137213
0.39792857	0.77905399	-10.452326	8.7466335
0.40572491	0.7745437	-10.459053	8.7384052
0.39948782	0.78710806	-10.499413	8.7425194
0.39792857	0.78356427	-10.496049	8.7425194
0.39325073	0.78549725	-10.478392	8.7466335
0.39169151	0.77615452	-10.422896	8.7301769
0.39325073	0.77357721	-10.438032	8.7754316
0.40260637	0.7684226	-10.449803	8.7178354
0.39636928	0.77132207	-10.474188	8.7342911
0.39636928	0.78581941	-10.45569	8.7384052
0.39636928	0.79870594	-10.484279	8.7672033
0.39325073	0.79709512	-10.558271	8.7342911
0.39481002	0.79451782	-10.447281	8.7342911
0.40104708	0.79516214	-10.459894	8.7507477
0.39481002	0.7954843	-10.517071	8.7672033
0.40104708	0.78904104	-10.491005	8.7425194
0.39325073	0.79226267	-10.387582	8.7672033
0.39325073	0.79161835	-10.446441	8.7630892
0.39948782	0.78227562	-10.45569	8.7466335
0.40728414	0.78581941	-10.471665	8.7466335
0.40104708	0.78324211	-10.491845	8.7301769
0.39792857	0.79387349	-10.401875	8.758975
0.39948782	0.77840966	-10.422896	8.7013788
0.39325073	0.78130913	-10.462417	8.7425194
0.39792857	0.77486587	-10.332927	8.7342911
0.39325073	0.77583236	-10.42626	8.7219496
0.40104708	0.77647668	-10.433827	8.7384052
0.39636928	0.79516214	-10.471665	8.7548618
0.40104708	0.78936321	-10.432987	8.7137213
0.39792857	0.80128324	-10.411966	8.7630892
0.39948782	0.78839672	-10.469144	8.7342911
0.39636928	0.78581941	-10.398513	8.7713175
0.39948782	0.78871888	-10.469144	8.7507477
0.39948782	0.79065186	-10.461576	8.7754316
0.40260637	0.78581941	-10.390103	8.7466335
0.39481002	0.77679884	-10.432146	8.7754316
0.39481002	0.78291994	-10.284158	8.7507477
0.39325073	0.77551019	-10.468302	8.7260637
0.39481002	0.78485292	-10.501095	8.7425194
0.39636928	0.79097402	-10.475869	8.7713175
0.39481002	0.78130913	-10.45653	8.7384052
0.40104708	0.77422154	-10.440554	8.7342911
0.40104708	0.76906693	-10.463257	8.7425194
0.39169151	0.79032969	-10.464098	8.8042297
0.39169151	0.79129618	-10.434669	8.7466335
0.40104708	0.80128324	-10.485119	8.7548618
0.39792857	0.80998158	-10.468302	8.7754316
0.39792857	0.79355133	-10.462417	8.7178354
0.39636928	0.79870594	-10.45653	8.758975
0.39636928	0.7842086	-10.400194	8.7384052
0.39013225	0.79483998	-10.458212	8.7795458
0.39636928	0.79387349	-10.480914	8.7754316
0.39792857	0.78807455	-10.471665	8.7672033
0.39948782	0.78324211	-10.45653	8.7466335
0.39481002	0.77905399	-10.309383	8.7466335
0.39325073	0.78098696	-10.440554	8.7548618
0.39169151	0.78839672	-10.461576	8.7960014
0.39948782	0.78581941	-10.491845	8.7178354
0.39948782	0.79612863	-10.479233	8.7713175
0.40572491	0.80063891	-10.401875	8.758975
0.39948782	0.80128324	-10.453167	8.7877741
0.39325073	0.79451782	-10.483438	8.7672033
0.39792857	0.79387349	-10.457372	8.7384052
0.39636928	0.78710806	-10.46662	8.7178354
0.39948782	0.78324211	-10.425419	8.7672033
0.39481002	0.79355133	-10.468302	8.7713175
0.39948782	0.79645079	-10.474188	8.7754316
0.39013225	0.79129618	-10.448963	8.7425194
0.40104708	0.7867859	-10.449803	8.7630892
0.40572491	0.7745437	-10.411966	8.7301769
0.40104708	0.77164423	-10.437191	8.7342911
0.39948782	0.77873182	-10.501095	8.7795458
0.38857296	0.77873182	-10.448963	8.7548618
0.39792857	0.77422154	-10.46662	8.7466335
0.40260637	0.77583236	-10.434669	8.7548618
0.39325073	0.77647668	-10.480074	8.758975
0.39948782	0.78968537	-10.487641	8.7630892
0.38857296	0.79741728	-10.427101	8.7754316
0.39169151	0.81320322	-10.467461	8.8001156
0.39792857	0.8090151	-10.320314	8.7754316
0.40104708	0.80643779	-10.505299	8.7713175
0.39792857	0.79999459	-10.465779	8.7960014
0.40104708	0.79709512	-10.453167	8.758975
0.39792857	0.78904104	-10.438872	8.7466335
0.39325073	0.79387349	-10.977851	8.7754316
0.40104708	0.77744317	-10.464098	8.7754316
0.39636928	0.78227562	-10.470825	8.7507477
0.39481002	0.79129618	-10.443918	8.7877741
0.39792857	0.79000753	-10.4456	8.7507477
0.40416563	0.78549725	-10.384218	8.7384052
0.39948782	0.78743023	-10.502776	8.7672033
0.39792857	0.79161835	-10.479233	8.7672033
0.40104708	0.78936321	-10.394308	8.7672033
0.39792857	0.80192757	-10.473348	8.812458
0.39792857	0.79806161	-10.478392	8.7672033
0.39481002	0.79483998	-10.465779	8.7672033
0.40104708	0.78259778	-10.453167	8.7425194
0.39792857	0.78968537	-10.263978	8.758975
0.39636928	0.78034264	-10.433827	8.758975
0.39169151	0.78324211	-10.46662	8.7384052
0.39325073	0.78614157	-10.450644	8.7713175
0.39792857	0.78485292	-10.472507	8.7877741
0.39792857	0.78807455	-10.413648	8.7672033
0.39325073	0.78743023	-10.465779	8.7795458
0.39325073	0.76874477	-10.438032	8.7301769
0.39792857	0.76262367	-10.447281	8.7260637
0.40104708	0.76971126	-10.497732	8.7960014
0.39636928	0.77518803	-10.400194	8.7630892
0.39481002	0.79838377	-10.459053	8.8042297
0.39792857	0.7954843	-10.488482	8.7672033
0.39636928	0.80579346	-10.501936	8.8330278
0.39481002	0.8016054	-10.464098	8.7713175
0.39948782	0.802894	-10.459894	8.7754316
0.39481002	0.79258484	-10.439713	8.7384052
0.40572491	0.78871888	-10.453167	8.7548618
0.39636928	0.78291994	-10.461576	8.7630892
0.39792857	0.79032969	-10.50698	8.7795458
0.39948782	0.78549725	-10.458212	8.7754316
0.39948782	0.77583236	-10.472507	8.7630892
0.40260637	0.77744317	-10.432987	8.7425194
0.40572491	0.78324211	-10.498572	8.7630892
0.39481002	0.7867859	-10.462417	8.7630892
0.39792857	0.78614157	-10.480914	8.7877741
0.39013225	0.79935026	-10.473348	8.7918873
0.39636928	0.80192757	-10.471665	8.7877741
0.39325073	0.80450481	-10.502776	8.8001156
0.39325073	0.80096108	-10.454007	8.8001156
0.40416563	0.79580647	-10.517911	8.7795458
0.40260637	0.79032969	-10.438032	8.7301769
0.39792857	0.78775239	-10.475869	8.7630892
0.40104708	0.78195345	-10.433827	8.7630892
0.39636928	0.77389938	-10.459053	8.7795458
0.39792857	0.78130913	-10.327882	8.7672033
0.39636928	0.79226267	-10.447281	8.7960014
0.39636928	0.78807455	-10.448122	8.7466335
0.39948782	0.78710806	-10.390103	8.8206854
0.39636928	0.77873182	-10.480074	8.7630892
0.40104708	0.76648962	-10.422056	8.7301769
0.39481002	0.77422154	-10.45653	8.7466335
0.39792857	0.7780875	-10.465779	8.7754316
0.38545445	0.78453076	-10.449803	8.7836599
0.39792857	0.78871888	-10.453167	8.7960014
0.39636928	0.80063891	-10.362356	8.8083439
0.40260637	0.79612863	-10.469984	8.7754316
0.39792857	0.80063891	-10.429624	8.7754316
0.39169151	0.79451782	-10.517911	8.7836599
0.38545445	0.77583236	-10.438872	8.7507477
0.39481002	0.78195345	-10.419534	8.7713175
0.40104708	0.78839672	-10.469144	8.7713175
0.39013225	0.79258484	-10.475029	8.8042297
0.39013225	0.78807455	-10.450644	8.8083439
0.39792857	0.79838377	-10.475029	8.8083439
0.40104708	0.79999459	-10.467461	8.812458
0.39325073	0.78453076	-10.451485	8.7713175
0.39481002	0.78743023	-10.474188	8.7877741
0.40104708	0.7806648	-10.390103	8.7672033
0.39948782	0.77776533	-10.461576	8.7754316
0.39169151	0.7842086	-10.459053	8.7877741
0.39636928	0.80224973	-10.494368	8.8289137
0.38857296	0.80224973	-10.458212	8.7713175
0.39013225	0.79612863	-10.376651	8.7960014
0.39169151	0.7954843	-10.438032	8.758975
0.39481002	0.79838377	-10.463257	8.7877741
0.40260637	0.79065186	-10.497732	8.758975
0.39325073	0.79065186	-10.464098	8.7960014
0.39948782	0.78775239	-10.459894	8.7713175
0.39792857	0.79838377	-10.465779	8.8165722
0.39169151	0.79935026	-10.449803	8.812458
0.39325073	0.7954843	-10.460734	8.7918873
0.40416563	0.78098696	-10.448963	8.758975
0.39792857	0.7684226	-10.295089	8.7672033
0.39169151	0.78388643	-10.449803	8.7877741
0.39325073	0.78130913	-10.465779	8.7713175
0.39792857	0.77551019	-10.486801	8.7630892
0.40104708	0.78839672	-10.483438	8.8042297
0.39481002	0.79483998	-10.404398	8.8042297
0.39948782	0.80063891	-10.482595	8.7795458
0.39948782	0.80192757	-10.489323	8.8165722
0.39948782	0.78517509	-10.45653	8.7466335
0.39948782	0.78163129	-10.454848	8.7466335
0.39325073	0.78936321	-10.604518	8.8083439
0.38389516	0.78871888	-10.418693	8.7960014
0.39013225	0.78388643	-10.483438	8.7836599
0.39013225	0.7806648	-10.438032	8.7918873
0.39792857	0.77293289	-10.448122	8.7754316
0.39636928	0.78581941	-10.408603	8.812458
0.39636928	0.77551019	-10.475029	8.7754316
0.39013225	0.77551019	-10.505299	8.7877741
0.39169151	0.77937615	-10.448963	8.7754316
0.39169151	0.78291994	-10.437191	8.7877741
0.39013225	0.7780875	-10.410284	8.7836599
0.39325073	0.78775239	-10.472507	8.8042297
0.39325073	0.80321616	-10.473348	8.8206854
0.39792857	0.78581941	-10.34638	8.7918873
0.39948782	0.79097402	-10.454848	8.8001156
0.39948782	0.78614157	-10.46662	8.7877741
0.38857296	0.78968537	-10.464938	8.812458
0.39636928	0.79226267	-10.468302	8.7960014
0.39792857	0.79000753	-10.435509	8.8083439
0.39948782	0.78871888	-10.475029	8.8083439
0.39481002	0.79000753	-10.451485	8.7836599
0.39169151	0.77937615	-10.459894	8.7960014
0.39792857	0.79322916	-10.478392	8.8577118
0.39636928	0.78227562	-10.404398	8.8042297
0.40260637	0.7780875	-10.478392	8.7795458
0.40572491	0.7780875	-10.440554	8.7672033
0.39948782	0.78807455	-10.477551	8.8289137
0.40260637	0.78517509	-10.48596	8.7836599
0.39792857	0.79226267	-10.442237	8.7795458
0.40104708	0.78291994	-10.454848	8.7836599
0.39325073	0.79967242	-10.478392	8.8330278
0.39481002	0.80224973	-10.461576	8.8083439
0.39013225	0.80128324	-10.49521	8.8165722
0.39013225	0.802894	-10.420374	8.8330278
0.39636928	0.79322916	-10.459894	8.7836599
0.40416563	0.78839672	-10.480074	8.7795458
0.39325073	0.77679884	-10.454848	8.8083439
0.39948782	0.78291994	-10.462417	8.8042297
0.39169151	0.77647668	-10.457372	8.8042297
0.40104708	0.77422154	-10.472507	8.7877741
0.39481002	0.78227562	-10.472507	8.7960014
0.39636928	0.78163129	-10.489323	8.7795458
0.39169151	0.78388643	-10.452326	8.8042297
0.39013225	0.79065186	-10.41617	8.8453703
0.39481002	0.78485292	-10.471665	8.7795458
0.40104708	0.79999459	-10.48596	8.812458
0.39325073	0.79258484	-10.448963	8.8042297
0.3870137	0.80321616	-10.494368	8.8453703
0.40104708	0.78710806	-10.448122	8.7836599
0.39013225	0.79741728	-10.458212	8.8165722
0.39948782	0.79935026	-10.435509	8.7918873
0.38857296	0.79355133	-10.463257	8.8001156
0.38857296	0.78904104	-10.42626	8.7918873
0.39325073	0.78646374	-10.469144	8.8083439
0.39325073	0.79838377	-10.443918	8.8247995
0.39481002	0.80804861	-10.467461	8.8535976
0.39325073	0.79935026	-10.358151	8.7795458
0.39948782	0.79870594	-10.467461	8.812458
0.39481002	0.78743023	-10.459053	8.7877741
0.39325073	0.78356427	-10.463257	8.7960014
0.39636928	0.79000753	-10.484279	8.812458
0.40104708	0.79451782	-10.721395	8.8247995
0.39325073	0.80096108	-10.462417	8.8206854
0.39481002	0.80514914	-10.473348	8.8289137
0.39792857	0.80063891	-10.419534	8.8001156
0.39636928	0.79870594	-10.450644	8.8001156
0.39481002	0.80257189	-10.343858	8.8042297
0.39169151	0.80675995	-10.49521	8.812458
0.38857296	0.80321616	-10.490164	8.8535976
0.38857296	0.80740428	-10.370765	8.8453703
0.39013225	0.79451782	-10.443076	8.8001156
0.39325073	0.78710806	-10.439713	8.8042297
0.39792857	0.78839672	-10.454007	8.8453703
0.39636928	0.79065186	-10.454007	8.8083439
0.39013225	0.79419565	-10.29593	8.8412561
0.39792857	0.78710806	-10.432146	8.7960014
0.39792857	0.78485292	-10.459053	8.7960014
0.39636928	0.78195345	-10.464098	8.812458
0.38857296	0.78485292	-10.454007	8.8165722
0.38857296	0.79838377	-10.405239	8.8453703
0.39169151	0.802894	-10.447281	8.8453703
0.39481002	0.81288105	-10.481755	8.8165722
0.39948782	0.80482697	-10.45653	8.8042297
0.39792857	0.79967242	-10.429624	8.812458
0.39481002	0.80450481	-10.418693	8.8247995
0.39636928	0.80740428	-10.477551	8.8330278
0.39169151	0.79355133	-10.469984	8.7918873
0.40104708	0.79355133	-10.422056	8.8206854
0.39792857	0.78614157	-10.465779	8.8083439
0.39325073	0.78581941	-10.3859	8.8001156
0.39169151	0.79355133	-10.450644	8.837142
0.39325073	0.80321616	-10.467461	8.8535976
0.3870137	0.802894	-10.350584	8.8289137
0.39169151	0.79709512	-10.428782	8.8494844
0.39636928	0.79355133	-10.482595	8.8083439
0.40728414	0.79065186	-10.496891	8.8042297
0.39325073	0.79032969	-10.451485	8.8165722
0.39013225	0.80128324	-10.464938	8.8659401
0.38857296	0.79258484	-10.454007	8.8042297
0.39481002	0.79773945	-10.483438	8.8083439
0.39948782	0.79322916	-10.465779	8.7918873
0.39481002	0.79677296	-10.467461	8.8247995
0.40416563	0.79677296	-10.48596	8.8042297
0.39169151	0.79709512	-10.48596	8.8289137
0.39481002	0.80096108	-10.470825	8.8247995
0.39792857	0.78581941	-10.329563	8.8042297
0.39013225	0.78324211	-10.444759	8.812458
0.39325073	0.76906693	-10.303497	8.7877741
0.39792857	0.77712101	-10.498572	8.7918873
0.39325073	0.78388643	-10.467461	8.8247995
0.3870137	0.79194051	-10.395989	8.8206854
0.39948782	0.79387349	-10.448122	8.8247995
0.39792857	0.79516214	-10.472507	8.8247995
0.39636928	0.78743023	-10.448963	8.8083439
0.39325073	0.79709512	-10.449803	8.8741684
0.39325073	0.78839672	-10.361515	8.812458
0.39481002	0.79516214	-10.454007	8.812458
0.39481002	0.78839672	-10.451485	8.8083439
0.39636928	0.8054713	-10.463257	8.8494844
0.39792857	0.78968537	-10.433827	8.8083439
0.39169151	0.78549725	-10.413648	8.8206854
0.3870137	0.77905399	-10.443076	8.8206854
0.39325073	0.77905399	-10.459053	8.837142
0.39636928	0.77873182	-10.477551	8.812458
0.39792857	0.78936321	-10.48596	8.8247995
0.39013225	0.78581941	-10.363197	8.8247995
0.39169151	0.79194051	-10.45653	8.8453703
0.39169151	0.79516214	-10.441395	8.8083439
0.39636928	0.79580647	-10.342176	8.8330278
0.40416563	0.79967242	-10.479233	8.8330278
0.39325073	0.80353832	-10.481755	8.8412561
0.39481002	0.81223673	-10.475869	8.8453703
0.39636928	0.80224973	-10.469984	8.8247995
0.39792857	0.802894	-10.395989	8.8247995
0.39948782	0.78904104	-10.471665	8.7918873
0.39169151	0.79355133	-10.459894	8.837142
0.39325073	0.80514914	-10.475029	8.8700542
0.39325073	0.80772644	-10.46662	8.8494844
0.39325073	0.80611563	-10.409443	8.8494844
0.39325073	0.79258484	-10.418693	8.8453703
0.40416563	0.78034264	-10.454007	8.8001156
0.40104708	0.78356427	-10.47671	8.8165722
0.39325073	0.78614157	-10.45569	8.8247995
0.39636928	0.79999459	-10.472507	8.8741684
0.40416563	0.80128324	-10.469144	8.8289137
0.39169151	0.80418265	-10.474188	8.8577118
0.39325073	0.79967242	-10.427101	8.837142
0.39481002	0.80804861	-10.448122	8.8577118
0.39636928	0.78743023	-10.420374	8.7960014
0.39792857	0.78291994	-10.464938	8.8083439
0.39792857	0.78936321	-10.457372	8.8289137
0.39169151	0.78807455	-10.481755	8.8535976
0.39636928	0.78388643	-10.45569	8.8247995
0.39636928	0.78356427	-10.354789	8.8247995
0.40104708	0.78936321	-10.448122	8.8289137
0.40416563	0.78130913	-10.488482	8.8165722
0.39481002	0.77228856	-10.45653	8.812458
0.39792857	0.77583236	-10.439713	8.8206854
0.39481002	0.77776533	-10.485119	8.8165722
0.39169151	0.78388643	-10.464938	8.8289137
0.39636928	0.78098696	-10.464938	8.812458
0.40260637	0.77518803	-10.440554	8.8289137
0.40260637	0.79580647	-10.479233	8.8453703
0.39169151	0.79226267	-10.4456	8.8042297
0.39792857	0.80224973	-10.477551	8.8782825
0.39792857	0.79741728	-10.460734	8.8165722
0.38857296	0.80063891	-10.391786	8.8412561
0.39325073	0.80224973	-10.434669	8.8494844
0.39325073	0.79806161	-10.414488	8.8618259
0.39481002	0.79709512	-10.4456	8.8206854
0.39948782	0.78291994	-10.479233	8.8247995
0.39169151	0.79355133	-10.438872	8.8494844
0.39169151	0.78227562	-10.465779	8.8330278
0.39169151	0.79483998	-10.446441	8.8659401
0.40260637	0.79226267	-10.477551	8.8165722
0.39169151	0.79194051	-10.468302	8.837142
0.39636928	0.7842086	-10.451485	8.812458
0.40104708	0.7867859	-10.488482	8.8165722
0.39792857	0.792907	-10.396831	8.837142
0.39169151	0.79065186	-10.46662	8.8042297
0.39325073	0.79580647	-10.447281	8.8453703
0.40104708	0.8016054	-10.40608	8.8741684
0.39481002	0.81352538	-10.465779	8.8659401
0.40104708	0.78453076	-10.470825	8.8165722
0.40104708	0.79161835	-10.463257	8.8165722
0.39792857	0.79451782	-10.464098	8.8206854
0.40104708	0.79000753	-10.437191	8.8247995
0.39013225	0.78130913	-10.451485	8.8289137
0.39325073	0.78614157	-10.479233	8.8206854
0.39792857	0.80128324	-10.481755	8.8782825
0.39481002	0.79709512	-10.485119	8.8330278
0.39325073	0.79387349	-10.351425	8.837142
0.39481002	0.79226267	-10.494368	8.8165722
0.39636928	0.79516214	-10.451485	8.8535976
0.39325073	0.78614157	-10.459053	8.8165722
0.39013225	0.78904104	-10.42626	8.812458
0.39636928	0.77969831	-10.428782	8.8165722
0.39636928	0.79000753	-10.453167	8.8412561
0.39169151	0.79870594	-10.436351	8.8247995
0.39636928	0.81062591	-10.492686	8.8535976
0.39325073	0.80514914	-10.465779	8.837142
0.39481002	0.79580647	-10.457372	8.8165722
0.39636928	0.80643779	-10.459894	8.8618259
0.39792857	0.7954843	-10.458212	8.812458
0.39481002	0.8016054	-10.480074	8.8330278
0.39013225	0.79355133	-10.421215	8.8494844
0.39169151	0.79387349	-10.403557	8.8247995
0.39481002	0.7867859	-10.414488	8.8206854
0.38545445	0.78646374	-10.481755	8.8247995
0.39325073	0.78517509	-10.443918	8.8289137
0.39636928	0.78710806	-10.475029	8.837142
0.39636928	0.79645079	-10.30602	8.8453703
0.39792857	0.79451782	-10.492686	8.837142
0.39792857	0.80998158	-10.465779	8.8577118
0.3870137	0.80482697	-10.441395	8.8659401
0.39636928	0.81030375	-10.480074	8.8453703
0.40104708	0.8090151	-10.519593	8.837142
0.39948782	0.81255889	-10.489323	8.837142
0.39325073	0.79580647	-10.454007	8.8535976
0.40572491	0.7954843	-10.422896	8.8206854
0.39948782	0.78614157	-10.448122	8.8206854
0.39013225	0.78549725	-10.453167	8.8165722
0.39481002	0.79258484	-10.448963	8.8535976
0.39169151	0.79483998	-10.459053	8.8330278
0.39792857	0.79355133	-10.434669	8.8165722
0.39792857	0.79806161	-10.465779	8.8412561
0.39636928	0.80418265	-10.830704	8.8453703
0.39169151	0.79580647	-10.453167	8.8289137
0.39792857	0.79806161	-10.461576	8.8247995
0.39636928	0.79451782	-10.428782	8.8247995
0.39325073	0.7990281	-10.475029	8.837142
0.39169151	0.80031675	-10.417851	8.8577118
0.39013225	0.79355133	-10.480074	8.8330278
0.38545445	0.80869293	-10.447281	8.8494844
0.39325073	0.79226267	-10.34638	8.812458
0.39636928	0.79483998	-10.498572	8.8577118
0.39013225	0.7954843	-10.434669	8.8577118
0.38545445	0.79773945	-10.461576	8.8247995
0.38857296	0.79258484	-10.439713	8.8289137
0.39792857	0.79483998	-10.403557	8.8577118
0.39792857	0.79129618	-10.472507	8.812458
0.39169151	0.80224973	-10.454848	8.8700542
0.39481002	0.79967242	-10.483438	8.8206854
0.39792857	0.78549725	-10.446441	8.812458
0.40104708	0.78807455	-10.314428	8.8330278
0.39481002	0.792907	-10.45653	8.837142
0.39325073	0.79645079	-10.464098	8.837142
0.39325073	0.79870594	-10.447281	8.8659401
0.39481002	0.802894	-10.459894	8.837142
0.39792857	0.79773945	-10.425419	8.8330278
0.39481002	0.81642485	-10.457372	8.8577118
0.38857296	0.79870594	-10.439713	8.8289137
0.39792857	0.79870594	-10.480074	8.8330278
0.39325073	0.79226267	-10.420374	8.8165722
0.39948782	0.80482697	-10.372446	8.8659401
0.40104708	0.79677296	-10.459894	8.8330278
0.39013225	0.80450481	-10.470825	8.8947382
0.39636928	0.8016054	-10.428782	8.8535976
0.39481002	0.79387349	-10.46662	8.8206854
0.40260637	0.78388643	-10.442237	8.8247995
0.39169151	0.79226267	-10.479233	8.890624
0.38857296	0.80063891	-10.45653	8.8659401
0.39169151	0.79419565	-10.452326	8.8289137
0.39636928	0.80224973	-10.472507	8.8412561
0.40104708	0.80031675	-10.34554	8.8494844
0.39013225	0.80708212	-10.478392	8.8659401
0.3870137	0.80450481	-10.451485	8.8453703
0.39169151	0.79773945	-10.475029	8.837142
0.39325073	0.78549725	-10.454007	8.8247995
0.39792857	0.77937615	-10.399353	8.8083439
0.39792857	0.77840966	-10.457372	8.8289137
0.39169151	0.79516214	-10.439713	8.8700542
0.40104708	0.79258484	-10.459053	8.8247995
0.39169151	0.79419565	-10.47671	8.8494844
0.40416563	0.78453076	-10.350584	8.8206854
0.39792857	0.78485292	-10.475869	8.8247995
0.39325073	0.78453076	-10.467461	8.8412561
0.38389516	0.78710806	-10.337131	8.8453703
0.39636928	0.78968537	-10.4456	8.8206854
0.39792857	0.79226267	-10.441395	8.8494844
0.39169151	0.80740428	-10.467461	8.8741684
0.39481002	0.79741728	-10.434669	8.8577118
0.39169151	0.79870594	-10.427101	8.837142
0.39325073	0.79580647	-10.448963	8.8247995
0.39481002	0.78324211	-10.399353	8.8206854
0.39792857	0.78968537	-10.475029	8.8535976
0.39169151	0.8016054	-10.488482	8.8700542
0.39013225	0.79741728	-10.337131	8.8659401
0.39325073	0.79451782	-10.448122	8.8453703
0.39948782	0.78807455	-10.374128	8.8494844
0.38857296	0.79677296	-10.481755	8.8535976
0.39792857	0.78098696	-10.469144	8.8165722
0.38857296	0.78549725	-10.461576	8.8700542
0.39948782	0.78195345	-10.452326	8.8412561
0.39325073	0.79000753	-10.463257	8.8494844
0.40104708	0.80192757	-10.480914	8.8577118
0.39169151	0.80192757	-10.472507	8.8494844
0.39792857	0.79322916	-10.395149	8.8165722
0.39169151	0.79773945	-10.45569	8.8618259
0.39636928	0.7867859	-10.439713	8.8206854
0.39013225	0.79516214	-10.447281	8.8535976
0.39636928	0.79226267	-10.483438	8.8165722
0.39013225	0.79741728	-10.377492	8.8618259
0.40416563	0.78485292	-10.444759	8.837142
0.39013225	0.79387349	-10.459894	8.8700542
0.38857296	0.79129618	-10.461576	8.8618259
0.39169151	0.79226267	-10.452326	8.8823957
0.39948782	0.78936321	-10.667582	8.8289137
0.39325073	0.78227562	-10.482595	8.8494844
0.39169151	0.78002048	-10.423738	8.8494844
0.39013225	0.79355133	-10.427941	8.8988523
0.40104708	0.79161835	-10.470825	8.8535976
0.39325073	0.80353832	-10.802115	8.8741684
0.39792857	0.81223673	-10.489323	8.8618259
0.39481002	0.79773945	-10.475029	8.837142
0.39481002	0.79129618	-10.450644	8.8453703
0.40104708	0.78002048	-10.45653	8.812458
0.39325073	0.78581941	-10.443918	8.8289137
0.39948782	0.79999459	-10.497732	8.8412561
0.39013225	0.79451782	-10.46662	8.8494844
0.39169151	0.79258484	-10.436351	8.8453703
0.39169151	0.79355133	-10.448963	8.8618259
0.39169151	0.78324211	-10.400194	8.8494844
0.39169151	0.7806648	-10.453167	8.8577118
0.39169151	0.7780875	-10.479233	8.8412561
0.39169151	0.7842086	-10.470825	8.8535976
0.39169151	0.78291994	-10.459894	8.8289137
0.3870137	0.78839672	-10.423738	8.8577118
0.39169151	0.77873182	-10.464098	8.8412561
0.39169151	0.77744317	-10.469144	8.8289137
0.39481002	0.79580647	-10.459894	8.8577118
0.38545445	0.80418265	-10.478392	8.8988523
0.38389516	0.80869293	-10.422896	8.8659401
0.39325073	0.79516214	-10.454007	8.8206854
0.39325073	0.78388643	-10.436351	8.837142
0.39481002	0.80031675	-10.464098	8.8988523
0.39325073	0.80128324	-10.459053	8.8453703
0.38857296	0.81030375	-10.532206	8.890624
0.39792857	0.79870594	-10.491845	8.8453703
0.39948782	0.78324211	-10.464098	8.837142
0.39948782	0.78163129	-10.472507	8.837142
0.39169151	0.78936321	-10.449803	8.8453703
0.38389516	0.79000753	-10.444759	8.8577118
0.37921739	0.79129618	-10.438032	8.8453703
0.38077661	0.79194051	-10.442237	8.8535976
0.38389516	0.78130913	-10.459053	8.8289137
0.38545445	0.78485292	-10.420374	8.8453703
0.3870137	0.78259778	-10.450644	8.8577118
0.39013225	0.79483998	-10.501095	8.8494844
0.39792857	0.80482697	-10.510345	8.8289137
0.39325073	0.79322916	-10.46662	8.8494844
0.39325073	0.79580647	-10.443076	8.8412561
0.39325073	0.78130913	-10.447281	8.8247995
0.39481002	0.7780875	-10.461576	8.8494844
0.39325073	0.78388643	-10.444759	8.8535976
0.40104708	0.78710806	-10.45653	8.8453703
0.39636928	0.78936321	-10.40692	8.890624
0.40104708	0.78968537	-10.48596	8.8289137
0.39481002	0.79000753	-10.475029	8.8494844
0.39013225	0.79612863	-10.625539	8.8535976
0.39481002	0.79935026	-10.436351	8.8947382
0.39481002	0.80514914	-10.64656	8.8700542
0.39636928	0.79935026	-10.459894	8.8494844
0.39792857	0.81288105	-10.501095	8.8700542
0.38857296	0.81449187	-10.430465	8.890624
0.40104708	0.80128324	-10.449803	8.8247995
0.39636928	0.78775239	-10.451485	8.8330278
0.39792857	0.79645079	-10.467461	8.8453703
0.39481002	0.78549725	-10.450644	8.8247995
0.39169151	0.79419565	-10.350584	8.8823957
0.39325073	0.79709512	-10.447281	8.8782825
0.39792857	0.80096108	-10.458212	8.8618259
0.39481002	0.78936321	-10.464938	8.8494844
0.39169151	0.78614157	-10.459053	8.8453703
0.39481002	0.79516214	-10.448122	8.8535976
0.39169151	0.80257189	-10.472507	8.8535976
0.39325073	0.80386049	-10.461576	8.8577118
0.39948782	0.79483998	-10.436351	8.8494844
0.40104708	0.79838377	-10.475029	8.8535976
0.39948782	0.79258484	-10.459053	8.8453703
0.39948782	0.79773945	-10.490164	8.8412561
0.39325073	0.8016054	-10.475029	8.9029665
0.39792857	0.81191456	-10.349744	8.8700542
0.39169151	0.80418265	-10.436351	8.837142
0.40104708	0.81449187	-10.348062	8.8494844
0.40572491	0.79355133	-10.441395	8.8741684
0.39792857	0.792907	-10.463257	8.8659401
0.40260637	0.792907	-10.442237	8.8535976
0.39792857	0.80096108	-10.481755	8.8659401
0.39636928	0.79870594	-10.454007	8.8577118
0.40260637	0.79935026	-10.490164	8.8494844
0.40416563	0.79677296	-10.460734	8.8453703
0.39169151	0.80224973	-10.439713	8.8741684
0.40104708	0.78388643	-10.413648	8.8206854
0.39948782	0.77873182	-10.465779	8.8247995
0.39481002	0.80224973	-10.457372	8.8865099
0.39169151	0.79838377	-10.454007	8.8782825
0.39013225	0.80675995	-10.371606	8.8494844
0.38857296	0.8054713	-10.436351	8.9070807
0.39948782	0.81642485	-10.46662	8.8659401
0.39636928	0.81127024	-10.440554	8.8453703
0.39481002	0.79258484	-10.436351	8.8453703
0.39636928	0.78710806	-10.30602	8.8494844
0.39636928	0.79258484	-10.459053	8.8618259
0.40260637	0.79097402	-10.479233	8.8577118
0.39792857	0.80096108	-10.480074	8.8700542
0.39325073	0.79161835	-10.422896	8.8741684
0.39325073	0.80740428	-10.352266	8.8782825
0.39013225	0.80031675	-10.427941	8.8535976
0.39013225	0.79709512	-10.471665	8.8535976
0.40104708	0.7867859	-10.465779	8.8577118
0.39636928	0.77389938	-10.461576	8.8577118
0.39481002	0.79000753	-10.361515	8.8865099
0.39792857	0.79967242	-10.474188	8.8535976
0.40260637	0.80611563	-10.47671	8.8700542
0.39169151	0.79419565	-10.393467	8.8577118
0.39792857	0.79129618	-10.447281	8.8535976
0.39169151	0.79483998	-10.370765	8.8577118
0.39636928	0.79387349	-10.45653	8.8741684
0.39792857	0.79161835	-10.489323	8.8618259
0.38857296	0.79935026	-10.330404	8.8700542
0.39792857	0.79709512	-10.469984	8.8659401
0.39481002	0.7990281	-10.477551	8.8535976
0.40104708	0.79580647	-10.47671	8.8741684
0.39481002	0.79355133	-10.491005	8.8618259
0.39948782	0.79677296	-10.257251	8.8618259
0.39948782	0.78227562	-10.464098	8.837142
0.39013225	0.7867859	-10.454848	8.8741684
0.40416563	0.7806648	-10.448122	8.8453703
0.39481002	0.78936321	-10.467461	8.8741684
0.39481002	0.79645079	-10.440554	8.8782825
0.40416563	0.79226267	-10.45569	8.8618259
0.40104708	0.80031675	-10.436351	8.8535976
0.39948782	0.79806161	-10.502776	8.8535976
0.39169151	0.79870594	-10.420374	8.8618259
0.3870137	0.79322916	-10.421215	8.8618259
0.39169151	0.79967242	-10.402717	8.890624
0.42131752	0.79226267	-10.3859	8.8494844
0.43223241	0.79870594	-10.403557	8.890624
0.45562136	0.79870594	-10.256411	8.8494844
0.46965477	0.78517509	-10.198393	8.837142
0.46653622	0.78098696	-10.316951	8.8535976
0.46341768	0.77679884	-10.298452	8.837142
0.44314724	0.78034264	-10.201756	8.8618259
0.43223241	0.78485292	-10.171486	8.8577118
0.43535089	0.79097402	-10.250525	8.8618259
0.41975826	0.79129618	-10.20596	8.8741684
0.418199	0.80353832	-10.097492	8.8947382
0.42755461	0.80096108	-10.199233	8.890624
0.42599532	0.80611563	-10.158032	8.8782825
0.42755461	0.80063891	-10.093287	8.8782825
0.42755461	0.79838377	-10.073108	8.8865099
0.42287678	0.7990281	-10.042837	8.915308
0.42755461	0.78904104	-10.054608	8.9029665
0.42755461	0.79355133	-10.017612	8.9235363
0.42287678	0.79322916	-10.023498	8.9276505
0.42287678	0.80096108	-9.9907045	8.9646769
0.42755461	0.79516214	-9.9671612	8.9399929
0.42131752	0.79741728	-9.9217558	8.9276505
0.43067312	0.78291994	-10.209324	8.9276505
0.43379164	0.79129618	-9.917552	8.968791
0.44002873	0.80353832	-9.8940086	8.9605627
0.42911386	0.79612863	-9.8443985	8.9564486
0.43223241	0.80933726	-9.8292637	8.9893608
0.43691018	0.80740428	-9.8452396	8.9811325
0.43379164	0.81127024	-9.7947893	8.9975891
0.42911386	0.8016054	-9.7115459	8.9523344
0.42599532	0.80482697	-9.7376127	8.993475
0.42911386	0.80418265	-9.6922073	8.968791
0.42131752	0.81127024	-9.7090235	9.0263872
0.42443606	0.80611563	-9.598033	9.0099306
0.42287678	0.80192757	-9.6619368	8.9975891
0.43067312	0.7990281	-9.6299849	9.0099306
0.42131752	0.80031675	-9.6165314	9.0387287
0.42755461	0.81030375	-9.6156902	9.0387287
0.43223241	0.80128324	-9.5501051	9.0058165
0.42755461	0.8090151	-9.4744291	9.0469561
0.43379164	0.80321616	-9.5433779	9.0428429
0.43067312	0.80869293	-9.4887238	9.0510702
0.43691018	0.81384754	-9.4592943	9.0634127
0.43067312	0.8177135	-9.333168	9.0592985
0.43379164	0.82480109	-9.4391136	9.0963249
0.42911386	0.82190162	-9.4096851	9.0346146
0.43535089	0.82157946	-9.3844595	9.0469561
0.42755461	0.81578052	-9.3836184	9.0592985
0.43067312	0.8115924	-9.3609161	9.0839825
0.43067312	0.81642485	-9.3071022	9.07164
0.42755461	0.81352538	-9.3079433	9.07164
0.42755461	0.80998158	-9.1532278	9.0757542
0.43535089	0.80128324	-9.2759905	9.0798683
0.42131752	0.81094807	-9.2482433	9.0839825
0.42911386	0.81352538	-9.197793	9.0922108
0.43691018	0.80321616	-9.186862	9.0839825
0.42911386	0.81320322	-9.1877031	9.1168947
0.43535089	0.81384754	-9.1456604	9.1004391
0.42911386	0.81127024	-9.1187534	9.1333504
0.43379164	0.81062591	-9.0809164	9.1210089
0.43535089	0.8141697	-9.1086645	9.1127806
0.43067312	0.83027786	-9.057373	9.1868334
0.42911386	0.82737839	-9.0228987	9.1127806
0.42755461	0.81706917	-8.9505854	9.1086664
0.42755461	0.8141697	-8.9741297	9.1292372
0.42755461	0.8202908	-8.9472227	9.1909475
0.42599532	0.81610268	-8.9211569	9.125123
0.43379164	0.81739134	-9.1910658	9.1703768
0.42911386	0.81867999	-8.9287243	9.1827192
0.42599532	0.82415676	-8.8614569	9.1991749
0.43067312	0.80740428	-8.7134686	9.1456928
0.43067312	0.80482697	-8.8210964	9.1621494
0.42911386	0.80869293	-8.813529	9.1744909
0.42911386	0.81191456	-8.8311863	9.203289
0.43067312	0.8238346	-8.6436796	9.1991749
0.42911386	0.83156651	-8.6285439	9.2156315
0.42755461	0.83349949	-8.7311268	9.1991749
0.43379164	0.8264119	-8.6697454	9.227973
0.42287678	0.82608974	-8.5377331	9.2115173
0.42755461	0.81900215	-8.4839191	9.1909475
0.43691018	0.81545836	-8.6419973	9.203289
0.43379164	0.8299557	-8.6159315	9.2320871
0.42755461	0.83478814	-8.6226578	9.2444296
0.43535089	0.82673407	-8.5402565	9.227973
0.42599532	0.82254595	-8.5116673	9.2403154
0.43691018	0.80804861	-8.5024185	9.203289
0.43067312	0.82351243	-8.5175533	9.2691135
0.43067312	0.82093513	-8.4864426	9.2403154
0.42755461	0.82254595	-8.4898052	9.2649994
0.42287678	0.82447892	-8.4141293	9.281456
0.43067312	0.82319027	-8.4166527	9.2979116
0.42911386	0.82576758	-8.3830194	9.2691135
0.43535089	0.82190162	-8.3771334	9.2485437
0.43379164	0.82705623	-8.3611565	9.2649994
0.43067312	0.84606385	-8.277914	9.3184814
0.43535089	0.83639896	-8.3174334	9.2526579
0.43223241	0.83317733	-8.2585745	9.2979116
0.43846944	0.83833194	-8.256052	9.2855692
0.43223241	0.83543247	-8.1559916	9.3020258
0.43379164	0.82576758	-8.2148504	9.2773418
0.43846944	0.81900215	-8.1761723	9.2937975
0.43067312	0.83156651	-8.1812172	9.3390522
0.43846944	0.83543247	-8.0962925	9.3308239
0.43535089	0.83188868	-8.1400166	9.3184814
0.44314724	0.82866704	-8.1274033	9.3102541
0.43379164	0.82480109	-8.0618181	9.3061399
0.44002873	0.82125729	-8.0298662	9.3143682
0.43223241	0.82125729	-8.0298662	9.3308239
0.43535089	0.84252006	-8.0273438	9.359622
0.44314724	0.84413087	-7.9844604	9.3513937
0.43223241	0.83736545	-7.8616982	9.3390522
0.44470653	0.83478814	-7.9651213	9.3513937
0.43535089	0.82254595	-7.9121485	9.3267097
0.43379164	0.83575463	-7.882719	9.3637362
0.43846944	0.832533	-8.2308273	9.359622
0.43067312	0.8386541	-7.8751516	9.4336748
0.43535089	0.84187573	-7.8213372	9.384306
0.44782501	0.83478814	-7.8221788	9.3431664
0.43379164	0.83962059	-7.7708874	9.4007626
0.43846944	0.83672112	-7.7910676	9.3966484
0.43846944	0.8386541	-7.7759318	9.3884201
0.43691018	0.83768761	-7.7271633	9.4007626
0.44158798	0.83156651	-7.598515	9.3760786
0.44002873	0.82898921	-7.687644	9.3884201
0.44002873	0.83575463	-7.6514883	9.3966484
0.44314724	0.83511031	-7.6304669	9.4213324
0.43379164	0.8421979	-7.8347907	9.4295607
0.44470653	0.84509736	-7.5749717	9.4172182
0.44158798	0.84348655	-7.5514278	9.4542446
0.4493843	0.83672112	-7.5581546	9.3966484
0.44470653	0.84316438	-7.4480042	9.4172182
0.44158798	0.83478814	-7.4883652	9.437789
0.43379164	0.84348655	-7.481638	9.4624729
0.43379164	0.84606385	-7.3252416	9.4707003
0.44782501	0.83285517	-7.3294458	9.437789
0.45094356	0.82480109	-7.4118485	9.4295607
0.44470653	0.81835783	-7.4000769	9.4707003
0.44470653	0.80740428	-7.3344913	9.4419022
0.43691018	0.82190162	-7.3428993	9.4830427
0.44314724	0.83349949	-7.3176742	9.4830427
0.44158798	0.83994275	-7.2966533	9.4994993
0.44782501	0.84445304	-7.268065	9.4953852
0.45718065	0.84348655	-7.2386351	9.491271
0.44002873	0.86120546	-7.2453618	9.515955
0.44782501	0.85605085	-7.1898665	9.5118408
0.44470653	0.85766166	-7.1469836	9.5241833
0.45562136	0.85701734	-7.1587553	9.5200691
0.4540621	0.84960759	-7.1368937	9.5036125
0.45094356	0.85154057	-7.1352124	9.5241833
0.45094356	0.85444003	-7.0729899	9.5365248
0.44470653	0.84638602	-7.0654221	9.5570955
0.44002873	0.8486411	-7.0233798	9.5776653
0.45250285	0.84155357	-7.0326295	9.5447531
0.44782501	0.8386541	-6.9443412	9.5900078
0.45562136	0.8421979	-7.0090857	9.569437
0.44626576	0.85025191	-6.9670439	9.594121
0.44314724	0.83736545	-6.9191155	9.569437
0.44782501	0.84960759	-6.9157524	9.6270332
0.44782501	0.86056113	-6.8896866	9.6229191
0.4493843	0.86442709	-6.8753924	9.6146917
0.45562136	0.84992975	-6.8585753	9.5817795
0.46185842	0.84767467	-6.8375545	9.6311464
0.4540621	0.8360768	-6.8030801	9.6023493
0.4493843	0.85991681	-6.783741	9.672287
0.45562136	0.86281627	-6.7660828	9.6188059
0.44782501	0.86056113	-6.745903	9.6846294
0.4540621	0.85605085	-6.734972	9.6434889
0.45094356	0.85540652	-6.6962929	9.6887436
0.45718065	0.86474925	-6.6962929	9.6887436
0.4493843	0.86378276	-6.6315484	9.6887436
0.45562136	0.86313844	-6.6180949	9.7175417
0.46341768	0.85766166	-6.5558729	9.7051992
0.46029913	0.84992975	-6.5886655	9.6928568
0.46809548	0.85186273	-6.5466232	9.725769
0.45562136	0.86990386	-6.5449419	9.7586813
0.45718065	0.87795794	-6.4659028	9.7586813
0.46029913	0.86732656	-6.5087852	9.7381115
0.46341768	0.86700439	-6.4701071	9.7381115
0.46341768	0.86378276	-6.4154525	9.7751379
0.45562136	0.87473631	-6.4112477	9.7915936
0.45562136	0.87795794	-6.4087257	9.803936
0.45873991	0.8782801	-6.377615	9.7874794
0.45873991	0.87538064	-6.3330503	9.8162775
0.46653622	0.86861521	-6.3380947	9.7874794
0.46341768	0.86474925	-6.3086658	9.8245058
0.46497697	0.86217195	-6.3380947	9.8121634
0.46029913	0.86700439	-6.2834406	9.8697605
0.46185842	0.86571574	-6.266624	9.8450756
0.46341768	0.85991681	-6.2313085	9.8368483
0.46185842	0.86893737	-6.2144918	9.8656464
0.46029913	0.87376982	-6.1287255	9.9150143
0.45873991	0.88085741	-6.1657228	9.8862162
0.46029913	0.88214606	-6.1455426	9.906786
0.47745109	0.87666929	-6.142179	9.8862162
0.46965477	0.86764872	-5.9328098	9.8697605
0.46341768	0.88858932	-6.0850024	9.9684963
0.46497697	0.89213312	-6.0698667	9.9314709
0.46653622	0.8818239	-6.0412784	9.9355841
0.46341768	0.88633418	-5.9546719	9.9396982
0.46341768	0.88246822	-5.9714885	9.9684963
0.47121403	0.88504553	-5.9967136	9.9808388
0.46809548	0.88762283	-5.9815788	9.9849529
0.46653622	0.88117957	-5.9185157	9.9684963
0.46653622	0.89181095	-5.9193563	10.054892
0.46965477	0.88214606	-5.8806777	9.9972944
0.46809548	0.88536769	-5.8302274	10.038435
0.47277325	0.88891149	-5.8058429	10.046663
0.47433254	0.89438826	-5.8243418	10.063119
0.4805696	0.88826716	-5.809206	10.046663
0.47277325	0.88891149	-5.7453027	10.079576
0.45873991	0.89922065	-5.7453027	10.091917
0.47277325	0.89825416	-5.7041011	10.112488
0.46653622	0.90340877	-5.7049417	10.128943
0.47901034	0.89857632	-5.651969	10.100145
0.47277325	0.89535475	-5.6746716	10.120715
0.4758918	0.90952986	-5.6570139	10.194768
0.47121403	0.90244228	-5.6183352	10.161856
0.47121403	0.91436231	-5.5123897	10.20711
0.48212889	0.90856338	-5.6015182	10.190654
0.47433254	0.91114068	-5.5392962	10.22768
0.47745109	0.90276444	-5.5065036	10.194768
0.48524743	0.90179795	-5.3728104	10.223566
0.4805696	0.887945	-5.4838014	10.223566
0.47277325	0.88987797	-5.4543715	10.24825
0.47433254	0.90018713	-5.4081254	10.281161
0.4758918	0.89825416	-5.3576746	10.285275
0.47433254	0.91114068	-5.3786955	10.33053
0.48368815	0.91436231	-5.4056029	10.326416
0.47745109	0.92016125	-5.3576746	10.359328
0.48368815	0.91629529	-5.3013387	10.318188
0.48524743	0.91629529	-5.3038611	10.334644
0.48836592	0.91597313	-5.2618194	10.3511
0.48368815	0.91339582	-5.1247616	10.396355
0.4805696	0.92048341	-5.1533504	10.404582
0.48368815	0.92209423	-5.2172542	10.416924
0.48368815	0.91758394	-5.1844616	10.43338
0.47901034	0.91339582	-5.1289659	10.449837
0.48524743	0.91822827	-5.1356926	10.458065
0.48992521	0.91210717	-5.1113081	10.445723
0.48368815	0.91081852	-5.0818787	10.470407
0.49148446	0.92080557	-4.8674645	10.515661
0.47745109	0.93594724	-5.0642214	10.552688
0.49304372	0.93788022	-5.0389962	10.528003
0.48836592	0.9336921	-5.0162935	10.544459
0.49772155	0.91371799	-4.9658427	10.536231
0.49460301	0.92048341	-4.996954	10.560915
0.49304372	0.93401426	-4.9650021	10.593827
0.48836592	0.93691373	-4.9187555	10.618511
0.49616227	0.93755805	-4.9977951	10.639082
0.49928078	0.92918181	-4.8842812	10.614397
0.49772155	0.94883376	-4.8674645	10.704906
0.49928078	0.9336921	-4.8472843	10.659652
0.49616227	0.93465859	-4.7026596	10.68845
0.5070771	0.93594724	-4.8144913	10.737818
0.50239933	0.93594724	-4.8077645	10.704906
0.49304372	0.93820238	-4.7623591	10.75016
0.49616227	0.94400132	-4.7203174	10.75016
0.50395858	0.9459343	-4.68332	10.815985
0.50551784	0.9523775	-4.6757526	10.778958
0.50239933	0.95688778	-4.6278248	10.807756
0.50239933	0.95559913	-4.8203773	10.824213
0.50239933	0.94818944	-4.626143	10.836555
0.50395858	0.95269966	-4.6227794	10.848897
0.50084007	0.95817643	-4.5428996	10.857125
0.50084007	0.96365321	-4.5277648	10.918836
0.51175493	0.96816349	-4.5454226	10.910607
0.50239933	0.967197	-4.499176	10.939405
0.50863642	0.96655267	-4.3730497	10.931177
0.51487345	0.96558619	-4.441999	10.951747
0.51799196	0.95463264	-4.4588156	10.951747
0.50863642	0.95141107	-4.4134102	10.984659
0.51799196	0.94206834	-4.4731102	10.968203
0.51331419	0.95720994	-4.3461432	11.021685
0.51175493	0.96623051	-4.3638005	11.042255
0.51799196	0.96494186	-4.3024192	11.04637
0.5164327	0.9646197	-4.244401	11.054597
0.52578831	0.96268672	-4.3083053	11.058711
0.52111053	0.98330516	-4.3007374	11.124536
0.52266979	0.98523813	-4.2502871	11.124536
0.52266979	0.98427165	-4.2158122	11.12865
0.53514391	0.96977431	-4.2242208	11.124536
0.52266979	0.97299594	-4.1687255	11.165676
0.52422905	0.99007058	-4.1544313	11.260299
0.51799196	0.9881376	-4.1266832	11.227386
0.52111053	0.97170728	-4.1266832	11.198588
0.52890682	0.96204239	-4.0434403	11.227386
0.52890682	0.96880782	-4.03335	11.243842
0.53358465	0.98040569	-4.011488	11.284983
0.53046608	0.98072785	-4.011488	11.289097
0.53358465	0.97911704	-4.0257826	11.297324
0.53670317	0.98072785	-3.9257224	11.317895
0.53046608	0.99039274	-3.9543109	11.334351
0.53982168	0.99651384	-3.9257224	11.363149
0.53358465	0.99876899	-3.9131095	11.375491
0.54605877	0.99264789	-4.0367136	11.338465
0.53982168	0.99973547	-3.8399565	11.437201
0.54761803	0.99554735	-3.8357522	11.412518
0.53982168	1.0007019	-3.8256621	11.441316
0.55073655	0.98974842	-4.0291457	11.44543
0.55853289	0.99586952	-3.7853017	11.453657
0.55385506	1.0065008	-3.7558722	11.490684
0.55385506	1.0013462	-3.7230794	11.503026
0.55073655	1.0074674	-3.6810374	11.531824
0.55697358	1.0039235	-3.6852417	11.535938
0.54761803	1.0036014	-3.647404	11.552394
0.55697358	0.99458086	-3.6364727	11.540051
0.55541432	0.99876899	-3.518755	11.564735
0.55853289	1.0084338	-3.6053615	11.63056
0.55697358	1.0094004	-3.5540705	11.614103
0.56788844	1.0068231	-3.5162325	11.605876
0.56632918	1.0177766	-3.5153916	11.651131
0.57256627	1.0248642	-3.5212777	11.6717
0.56788844	1.0113333	-3.4615777	11.655244
0.57100701	1.0116554	-3.4540102	11.679928
0.56009215	1.0219647	-3.369926	11.725183
0.57724404	1.0209982	-3.411968	11.721068
0.57256627	1.0235755	-3.3615177	11.762208
0.58504039	1.012622	-3.3774934	11.741639
0.57880336	1.0058565	-3.3026586	11.741639
0.58348113	1.008756	-3.3640401	11.778665
0.58036256	1.0161657	-3.2950912	11.823919
0.58192182	1.0155214	-3.2656617	11.799235
0.58348113	1.0255085	-3.2765925	11.811577
0.58659965	1.0209982	-3.2185745	11.828032
0.59283674	1.0316296	-3.2152109	11.860945
0.59127748	1.0329182	-3.1975534	11.869173
0.58971816	1.0445161	-3.1555114	11.897972
0.59751451	1.0451604	-3.1824181	11.926769
0.59595525	1.0400058	-3.1000159	11.939112
0.59751451	1.0322739	-3.0798357	11.930884
0.60998863	1.0348512	-3.0823581	11.934998
0.60687011	1.0213203	-3.057133	11.951453
0.6131072	1.0319518	-3.0403161	12.013165
0.60842937	1.0319518	-3.0184541	12.004936
0.60998863	1.0251863	-2.9831388	12.000822
0.6131072	1.0274415	-2.950346	12.021393
0.62402201	1.0313075	-2.9453011	12.021393
0.61778492	1.0290523	-2.8906462	12.05019
0.62558126	1.0474155	-2.9410968	12.087217
0.62246275	1.0493485	-2.8830786	12.087217
0.63493687	1.042261	-2.8444002	12.128357
0.62869984	1.0425831	-2.808244	12.140698
0.6396147	1.0448383	-2.8099256	12.13247
0.64273316	1.0470934	-2.7855408	12.161268
0.64585173	1.0509593	-2.7678833	12.161268
0.65520734	1.0564361	-2.7266819	12.202408
0.65364808	1.0477377	-2.717433	12.206523
0.65208876	1.0538588	-2.6989343	12.231207
0.65520734	1.0570804	-2.6787539	12.231207
0.65988511	1.0477377	-2.6493244	12.247663
0.66924065	1.060302	-2.6602557	12.284689
0.66924065	1.0593356	-2.6383936	12.280575
0.6661222	1.0628793	-2.5702856	12.280575
0.67235923	1.0525701	-2.5358109	12.3176
0.67859632	1.0545031	-2.5450602	12.325829
0.68327409	1.0638459	-2.546742	12.366969
0.68795192	1.0754437	-2.5189941	12.38754
0.69262969	1.0834978	-2.5063815	12.432794
0.69730747	1.0783432	-2.477793	12.399881
0.70042598	1.0757658	-2.4374325	12.432794
0.7113409	1.0699669	-2.3483031	12.416337
0.70822233	1.0770545	-2.3962312	12.457478
0.70978159	1.0992838	-2.3995945	12.515074
0.71290016	1.1034719	-2.3163512	12.515074
0.72225577	1.1028275	-2.3415763	12.498618
0.73628914	1.1015389	-2.3323271	12.539758
0.73940766	1.0928406	-2.3079426	12.527416
0.7378484	1.0886524	-2.2255404	12.556214
0.7378484	1.0854307	-2.2936485	12.576785
0.75188172	1.078021	-2.1961107	12.593241
0.75655955	1.0831757	-2.1877024	12.638494
0.76279664	1.0905854	-2.1792939	12.601469
0.76747441	1.085753	-2.1532278	12.617925
0.7737115	1.0828534	-2.1397743	12.634381
0.77527076	1.0967065	-2.1052997	12.696091
0.77838933	1.1018611	-2.0287831	12.696091
0.78618562	1.1070157	-2.0430775	12.691978
0.800219	1.1041162	-2.0128071	12.687862
0.800219	1.1182914	-2.024579	12.76603
0.80957454	1.1018611	-2.0094438	12.716661
0.81113386	1.0979952	-1.9631975	12.741345
0.82048947	1.0912297	-1.9463806	12.737231
0.83140433	1.0912297	-1.9270413	12.803056
0.82984507	1.1066935	-1.8715457	12.844195
0.82984507	1.1060492	-1.8791133	12.819511
0.84543771	1.1018611	-1.8446387	12.840082
0.85947108	1.0915519	-1.8210951	12.823627
0.86726737	1.09574	-1.7008547	12.84831
0.86882663	1.1050828	-1.7967107	12.893564
0.87506372	1.1186136	-1.8000741	12.914135
0.87818229	1.1205466	-1.7479419	12.922363
0.88909715	1.1266676	-1.6798337	12.959389
0.90001196	1.1260233	-1.6983321	12.963503
0.90624905	1.1170027	-1.6705843	12.95116
0.90936756	1.1108817	-1.6621759	12.9923
0.92028242	1.1147476	-1.6016352	13.021099
0.92807877	1.1266676	-1.6100438	13.041669
0.93587512	1.1279563	-1.6117254	13.012872
0.94834918	1.1176471	-1.5663199	13.033441
0.95614552	1.1205466	-1.5637974	13.086924
0.96082336	1.1205466	-1.5141876	13.078695
0.97017896	1.1237682	-1.4982116	13.086924
0.97641593	1.123446	-1.4553286	13.115721
0.99356794	1.1192579	-1.4721456	13.128064
1.0029235	1.1260233	-1.4578512	13.140406
1.0138384	1.1292449	-1.4191724	13.140406
1.0185162	1.1163584	-1.3586318	13.148633
1.0294311	1.1327887	-1.3661994	13.222686
1.0434644	1.1305336	-1.3376106	13.222686
1.0465829	1.1463195	-1.3392924	13.255598
1.0621756	1.1356882	-1.3207939	13.239141
1.0730904	1.1337552	-1.3048178	13.24737
1.0793276	1.1450309	-1.2837968	13.300852
1.0840054	1.1463195	-1.2148477	13.292624
1.1011572	1.1501855	-1.1921449	13.309079
1.1120721	1.1563066	-1.2055985	13.337878
1.1292239	1.1595283	-1.1660788	13.337878
1.1385796	1.1479304	-1.0988114	13.358448
1.1432574	1.151152	-1.1307634	13.383132
1.1588501	1.1366546	-1.0971297	13.37079
1.1682056	1.1421314	-1.0735861	13.424273
1.1869168	1.1411649	-1.5722058	13.403703
1.1884761	1.1466417	-1.0349073	13.420158
1.2087466	1.1434201	-1.0407932	13.4325
1.2243392	1.1505077	-0.97100335	13.465412
1.2321355	1.1588839	-0.97352576	13.477756
1.2414912	1.1556623	-0.93316537	13.481869
1.2602023	1.1524407	-0.88775986	13.485983
1.2773542	1.1563066	-0.89700913	13.518895
1.2835913	1.1720926	-0.84992194	13.514781
1.3007432	1.1582396	-0.87094301	13.539465
1.3163358	1.165005	-0.8431952	13.551807
1.3334877	1.1669379	-0.82217413	13.58472
1.3521991	1.1685488	-0.78854042	13.592948
1.3584361	1.1672602	-0.76583767	13.601176
1.3740288	1.1627499	-0.7565884	13.605289
1.3911806	1.1604947	-0.70781946	13.62586
1.4067733	1.1614612	-0.93652874	13.646429
1.4208068	1.1688709	-0.69016182	13.662886
1.4426364	1.1624277	-0.65652806	13.650544
1.451992	1.1679045	-0.61112255	13.667
1.4707032	1.1814353	-0.60691833	13.704025
1.481618	1.1766028	-0.57917053	13.70814
1.4987699	1.1830461	-0.57917053	13.712254
1.5237182	1.1711261	-0.45724827	13.704025
1.5471072	1.1730591	-0.54469597	13.732824
1.5549036	1.1798245	-0.49256366	13.749281
1.5798517	1.1724148	-0.46733841	13.736938
1.5985631	1.18659	-0.45977083	13.773965
1.6125964	1.1882007	-0.44295397	13.827446
1.6328669	1.1869121	-0.42865965	13.81099
1.6531373	1.1733812	-0.38745832	13.786306
1.6656115	1.1749921	-0.217608	13.827446
1.6827635	1.1714482	-0.31935003	13.827446
1.7123893	1.1737034	-0.34541616	13.823333
1.727982	1.1753142	-0.30085149	13.848017
1.7529303	1.1885229	-0.28319377	13.852131
1.7732008	1.192711	-0.2798304	13.885042
1.7856749	1.1914223	-0.23022066	13.872702
1.8043861	1.1762807	-0.16967994	13.872702
1.8308936	1.1759585	-0.18901934	13.897386
1.8496048	1.1885229	-0.16967994	13.905614
1.8683161	1.196577	-0.15538561	13.971437
1.8963828	1.188845	-0.1259561	13.926183
1.9119755	1.1898116	-0.099049114	13.938526
1.938483	1.2049532	-0.10073081	13.979666
1.9525163	1.2010872	-0.06037033	13.971437
1.9821424	1.1968992	0.022873154	13.971437
2.0070908	1.1975435	-0.010760576	13.983779
2.0258019	1.1936775	0.010260507	13.987894
2.0476315	1.1972213	-0.012442263	14.02492
2.0663428	1.1840127	0.0085788192	13.983779
2.0725799	1.196577	0.020350626	14.020806
2.0725799	1.1968992	-0.012442263	14.02492
2.0819356	1.1962548	0.018668938	14.04549
2.0866134	1.1978656	-0.0031929866	14.057832
2.0866134	1.2113965	-0.018328166	14.06606
2.0928502	1.2120408	0.012783037	14.037262
2.1053245	1.2036645	-0.0031929866	14.057832
2.1053245	1.2007651	-0.035145033	14.02492
2.097528	1.2210613	-0.022532383	14.061946
2.0928502	1.2126851	0.0085788192	14.041375
2.0866134	1.2046311	-0.0031929866	14.053719
2.0834949	1.2010872	0.0052154465	14.049603
2.0819356	1.2043089	-0.012442263	14.061946
2.0647836	1.1978656	0.019509783	14.053719
2.0663428	1.1943219	0.0085788192	14.04549
2.0616651	1.1914223	0.0052154465	14.078403
2.0601058	1.1933553	-0.0015113001	14.057832
2.0647836	1.2007651	-0.017487323	14.04549
2.0491908	1.1981878	-0.0031929866	14.037262
2.0429537	1.2055975	-0.0023521434	14.078403
2.0398352	1.2171954	0.010260507	14.082516
2.0367167	1.2091414	-0.00067045673	14.02492
2.0304797	1.2065641	-0.014123949	14.061946
2.0335982	1.2075305	0.0052154465	14.061946
2.0258019	1.2020538	0.0052154465	14.033148
2.0289204	1.2014095	-0.0023521434	14.053719
2.0226834	1.2030202	-0.010760576	14.033148
2.0164464	1.2010872	-0.01160142	14.078403
2.0180056	1.1997986	-0.012442263	14.057832
2.0133278	1.2007651	-0.017487323	14.057832
2.002413	1.1949662	-0.00067045673	14.033148
2.0039723	1.2039868	0.007737976	14.070174
2.0055315	1.2133294	-0.026736598	14.061946
1.9977351	1.2036645	-0.0065563596	14.041375
1.9961759	1.1988322	0.012783037	14.029035
1.9883795	1.2043089	0.0001703865	14.061946
1.9899387	1.2030202	-0.013283106	14.049603
1.9790239	1.2159067	-0.018328166	14.078403
1.9821424	1.2117187	0.0052154465	14.049603
1.9759053	1.1985099	-0.0015113001	14.053719
1.9805832	1.2075305	0.0010112298	14.078403
1.974346	1.2039868	0.010260507	14.061946
1.974346	1.2007651	0.0026929164	14.049603
1.9712275	1.1972213	-0.0023521434	14.049603
1.968109	1.1981878	-0.0031929866	14.090744
1.9649905	1.1936775	-0.0057155164	14.061946
1.9603126	1.1988322	-0.054484423	14.074287
1.9556348	1.2020538	-0.0023521434	14.070174
1.9603126	1.2033424	-0.014123949	14.082516
1.9556348	1.2049532	-0.039349247	14.070174
1.9571941	1.1962548	-0.020009853	14.033148
1.9493979	1.2017316	-0.0099197328	14.06606
1.9556348	1.214296	-0.022532383	14.115428
1.9493979	1.212363	0.01110135	14.074287
1.9493979	1.2075305	0.015305566	14.082516
1.9478387	1.2088192	0.0010112298	14.078403
1.9400423	1.2007651	-0.012442263	14.061946
1.9416015	1.2039868	-0.01160142	14.078403
1.9493979	1.1988322	-0.0031929866	14.057832
1.9478387	1.2081748	-0.010760576	14.086631
1.9400423	1.2059197	-0.018328166	14.070174
1.932246	1.1917446	0.0068971328	14.061946
1.938483	1.2010872	-0.018328166	14.090744
1.9400423	1.2023759	-0.023373226	14.053719
1.932246	1.2068862	-0.021691538	14.082516
1.932246	1.2088192	0.013623879	14.111315
1.9306867	1.2030202	-0.0057155164	14.049603
1.9400423	1.2101078	0.022873154	14.061946
1.9431609	1.2149403	-0.0048746732	14.090744
1.9291275	1.2014095	0.007737976	14.086631
1.9291275	1.2059197	-0.018328166	14.086631
1.9291275	1.2171954	-0.0065563596	14.090744
1.9244496	1.21043	-0.0073972028	14.061946
1.9275682	1.2068862	0.025395684	14.090744
1.9228903	1.2075305	0.011942193	14.086631
1.9275682	1.1978656	-0.017487323	14.053719
1.9260088	1.2014095	-0.030099971	14.074287
1.9244496	1.2030202	-0.010760576	14.094858
1.9135348	1.208497	-0.01160142	14.082516
1.9197718	1.2046311	-0.026736598	14.070174
1.9244496	1.2065641	-0.01664648	14.082516
1.915094	1.1968992	-0.0015113001	14.070174
1.915094	1.1917446	-0.0057155164	14.070174
1.915094	1.1917446	-0.0057155164	14.061946
1.9135348	1.1762807	0.018668938	14.041375
1.915094	1.1843348	0.01110135	14.06606
1.9119755	1.1914223	-0.0073972028	14.06606
1.9119755	1.2043089	-0.032622501	14.074287
1.9104161	1.2065641	-0.0015113001	14.061946
1.9182125	1.2101078	-0.030099971	14.061946
1.9166533	1.2036645	0.01614641	14.074287
1.9104161	1.2168733	0.014464723	14.070174
1.9166533	1.2236387	0.011942193	14.061946
1.9104161	1.2136517	-0.0082380464	14.061946
1.9088569	1.2110744	-0.0065563596	14.090744
1.9104161	1.2039868	0.022032311	14.061946
1.9119755	1.2120408	-0.025054913	14.082516
1.9072976	1.2068862	0.0026929164	14.061946
1.9088569	1.2039868	-0.0065563596	14.074287
1.9057384	1.2004429	0.01110135	14.049603
1.9026198	1.196577	-0.0031929866	14.061946
1.9088569	1.1997986	-0.01664648	14.053719
1.9119755	1.2001208	0.0052154465	14.06606
1.9041791	1.2036645	-0.0082380464	14.070174
1.9026198	1.2133294	0.015305566	14.074287
1.8979421	1.1901337	0.0010112298	14.037262
1.8979421	1.1988322	-0.013283106	14.070174
1.9010606	1.2004429	-0.0048746732	14.078403
1.9041791	1.1997986	-0.0015113001	14.049603
1.9010606	1.194644	-0.014964793	14.04549
1.9026198	1.2001208	-0.013283106	14.06606
1.8948234	1.1988322	-0.018328166	14.057832
1.8979421	1.2007651	-0.0057155164	14.061946
1.8932642	1.2007651	-0.021691538	14.074287
1.9010606	1.2068862	-0.0082380464	14.057832
1.8948234	1.2091414	0.020350626	14.094858
1.8885864	1.2068862	0.010260507	14.049603
1.8948234	1.2010872	-0.0023521434	14.041375
1.8885864	1.2075305	-0.0099197328	14.074287
1.8963828	1.208497	-0.024214068	14.103086
1.8901457	1.2133294	-0.027577441	14.074287
1.8870271	1.2139738	0.0052154465	14.06606
1.8948234	1.2165511	-0.018328166	14.061946
1.8932642	1.2126851	0.0035337596	14.057832
1.8839087	1.2152624	-0.00067045673	14.06606
1.8870271	1.208497	-0.026736598	14.041375
1.8885864	1.2094635	-0.020850696	14.061946
1.8870271	1.2088192	0.013623879	14.086631
1.8823495	1.2055975	0.0043746028	14.070174
1.8854679	1.214296	-0.00067045673	14.115428
1.8854679	1.2062418	0.0026929164	14.078403
1.8807902	1.2052754	-0.0040338296	14.086631
1.8839087	1.2014095	0.016987253	14.090744
1.8854679	1.1959326	0.0060562897	14.057832
1.8854679	1.1936775	-0.030940816	14.057832
1.879231	1.1968992	0.022032311	14.06606
1.8823495	1.2020538	-0.024214068	14.061946
1.8839087	1.216229	-0.024214068	14.103086
1.8854679	1.2026981	-0.027577441	14.061946
1.8823495	1.2062418	-0.0090788892	14.070174
1.879231	1.2072084	0.010260507	14.06606
1.879231	1.1985099	-0.010760576	14.057832
1.8854679	1.194644	-0.010760576	14.061946
1.8761123	1.1962548	-0.028418286	14.057832
1.8776717	1.1949662	-0.00067045673	14.1072
1.8776717	1.1923889	-0.0031929866	14.074287
1.8823495	1.1914223	0.0026929164	14.061946
1.8729938	1.2014095	0.0052154465	14.098971
1.8776717	1.2055975	0.0026929164	14.094858
1.8729938	1.1943219	0.0068971328	14.053719
1.8745531	1.194644	0.0035337596	14.061946
1.8761123	1.1923889	-0.0065563596	14.061946
1.8729938	1.2023759	-0.0057155164	14.115428
1.8729938	1.2036645	0.026236527	14.090744
1.8761123	1.2097857	0.0060562897	14.070174
1.8714346	1.216229	-0.024214068	14.103086
1.8761123	1.2194506	-0.012442263	14.06606
1.8683161	1.2229943	-0.012442263	14.115428
1.8807902	1.2287933	-0.024214068	14.094858
1.879231	1.2194506	0.007737976	14.057832
1.8761123	1.2052754	-0.0082380464	14.061946
1.8714346	1.2120408	-0.020850696	14.094858
1.8698753	1.208497	0.0026929164	14.074287
1.8776717	1.2023759	-0.0073972028	14.074287
1.879231	1.1972213	0.023713998	14.061946
1.8745531	1.2036645	-0.0040338296	14.094858
1.8745531	1.2007651	0.0010112298	14.078403
1.8698753	1.1923889	0.01614641	14.057832
1.8745531	1.1997986	-0.015805636	14.074287
1.8683161	1.2072084	-0.0099197328	14.111315
1.8683161	1.2268603	-0.028418286	14.111315
1.8683161	1.2175176	-0.0057155164	14.070174
1.8683161	1.2213836	-0.0073972028	14.049603
1.8729938	1.212363	0.0068971328	14.041375
1.8698753	1.2146181	-0.0073972028	14.06606
1.8651975	1.2107521	0.026236527	14.049603
1.8667568	1.2146181	-0.017487323	14.074287
1.8698753	1.2081748	-0.010760576	14.082516
1.8651975	1.2120408	-0.00067045673	14.082516
1.862079	1.2043089	0.0043746028	14.070174
1.8636383	1.2130073	-0.017487323	14.078403
1.8683161	1.2062418	0.013623879	14.061946
1.8729938	1.194644	-0.0048746732	14.078403
1.8636383	1.1962548	-0.014123949	14.04549
1.8698753	1.2026981	0.015305566	14.041375
1.8636383	1.1985099	-0.021691538	14.037262
1.8651975	1.2062418	-0.0057155164	14.086631
1.8683161	1.2181619	-0.027577441	14.082516
1.862079	1.2188063	-0.018328166	14.041375
1.8651975	1.2120408	0.0035337596	14.057832
1.8589604	1.2075305	0.032963276	14.061946
1.8589604	1.2168733	-0.0082380464	14.053719
1.8651975	1.2133294	-0.0048746732	14.053719
1.8651975	1.2165511	-0.035145033	14.06606
1.8651975	1.2120408	-0.034304187	14.090744
1.8605196	1.2068862	0.0052154465	14.053719
1.8589604	1.196577	0.01110135	14.053719
1.8558419	1.1981878	-0.010760576	14.057832
1.8574011	1.2007651	0.0052154465	14.074287
1.8574011	1.2062418	-0.014964793	14.06606
1.8605196	1.2043089	-0.0040338296	14.049603
1.8574011	1.2007651	0.0052154465	14.04549
1.862079	1.2159067	-0.014123949	14.1072
1.8542826	1.2168733	-0.010760576	14.070174
1.8574011	1.2152624	-0.018328166	14.061946
1.8605196	1.2175176	0.011942193	14.061946
1.8511641	1.2091414	-0.020009853	14.057832
1.8527234	1.216229	-0.0048746732	14.111315
1.8542826	1.2175176	0.0043746028	14.074287
1.8527234	1.212363	-0.0015113001	14.074287
1.8558419	1.2091414	-0.020009853	14.057832
1.8558419	1.2030202	0.015305566	14.094858
1.8542826	1.2062418	-0.014964793	14.082516
1.8511641	1.2088192	0.010260507	14.090744
1.8589604	1.2020538	-0.0015113001	14.061946
1.8574011	1.1978656	-0.032622501	14.082516
1.8511641	1.194644	0.0001703865	14.053719
1.8480456	1.1962548	-0.010760576	14.057832
1.8527234	1.1988322	0.01614641	14.086631
1.8527234	1.2020538	-0.014123949	14.090744
1.8527234	1.2097857	-0.024214068	14.078403
1.8527234	1.2101078	0.0035337596	14.078403
1.8558419	1.2049532	-0.0082380464	14.06606
1.8651975	1.1959326	0.0010112298	14.041375
1.8542826	1.2023759	0.0068971328	14.082516
1.8589604	1.2068862	0.012783037	14.06606
1.8511641	1.2097857	-0.0048746732	14.086631
1.8542826	1.1952883	0.015305566	14.078403
1.8527234	1.1911002	-0.0099197328	14.06606
1.8527234	1.1923889	0.026236527	14.06606
1.8496048	1.194644	0.0026929164	14.082516
1.8480456	1.1943219	-0.010760576	14.078403
1.8558419	1.2049532	-0.018328166	14.111315
1.8527234	1.2007651	0.0094196629	14.04549
1.8480456	1.2010872	-0.013283106	14.078403
1.8496048	1.2059197	0.010260507	14.094858
1.8464863	1.2091414	0.012783037	14.111315
1.8527234	1.2130073	-0.00067045673	14.082516
1.8574011	1.2181619	0.0035337596	14.082516
1.8496048	1.2139738	-0.01160142	14.070174
1.8527234	1.2146181	0.014464723	14.074287
1.8511641	1.2039868	0.0001703865	14.053719
1.8511641	1.2052754	-0.025895756	14.074287
1.8433677	1.2107521	-0.0073972028	14.098971
1.8480456	1.2117187	0.022032311	14.103086
1.8433677	1.2081748	-0.01916901	14.082516
1.8464863	1.1898116	0.013623879	14.033148
1.8433677	1.1849791	-0.010760576	14.06606
1.8480456	1.1972213	-0.00067045673	14.070174
1.8433677	1.1911002	-0.014964793	14.074287
1.8433677	1.1894894	0.017828096	14.061946
1.844927	1.194644	-0.0065563596	14.061946
1.8496048	1.2072084	-0.025054913	14.070174
1.844927	1.2110744	0.0010112298	14.078403
1.8433677	1.2075305	0.007737976	14.061946
1.8511641	1.2075305	-0.010760576	14.061946
1.8480456	1.2049532	-0.01664648	14.049603
1.844927	1.2181619	0.0018520731	14.103086
1.8527234	1.2094635	0.014464723	14.033148
1.8480456	1.2026981	0.014464723	14.061946
1.8480456	1.1962548	-0.014123949	14.057832
1.8418084	1.1936775	0.035485804	14.086631
1.8464863	1.1930332	-0.026736598	14.041375
1.8402492	1.1943219	0.007737976	14.070174
1.8402492	1.1875564	0.012783037	14.029035
1.8402492	1.1923889	-0.0048746732	14.053719
1.8511641	1.2007651	-0.018328166	14.061946
1.8371307	1.2065641	0.0035337596	14.061946
1.8402492	1.2052754	0.0085788192	14.049603
1.8418084	1.2023759	-0.0048746732	14.074287
1.8386899	1.21043	-0.033463344	14.078403
1.8402492	1.2136517	-0.010760576	14.057832
1.8386899	1.2210613	0.019509783	14.094858
1.8418084	1.2258939	-0.014964793	14.070174
1.8402492	1.2168733	-0.01916901	14.070174
1.8386899	1.214296	-0.0048746732	14.082516
1.8308936	1.2014095	0.0010112298	14.061946
1.8355714	1.1997986	-0.017487323	14.057832
1.8386899	1.1939996	-0.014123949	14.061946
1.8355714	1.196577	-0.021691538	14.053719
1.8386899	1.1920667	-0.018328166	14.057832
1.8324529	1.1962548	0.010260507	14.057832
1.8371307	1.1930332	-0.027577441	14.090744
1.8371307	1.1956105	-0.033463344	14.06606
1.8355714	1.190778	-0.0040338296	14.04549
1.8371307	1.1917446	0.0035337596	14.061946
1.8340122	1.192711	0.0001703865	14.119543
1.8340122	1.18659	0.0052154465	14.061946
1.844927	1.1997986	-0.033463344	14.090744
1.8402492	1.2043089	-0.0031929866	14.082516
1.8355714	1.2130073	-0.029259128	14.086631
1.8355714	1.2165511	0.0043746028	14.086631
1.8402492	1.2197727	-0.010760576	14.082516
1.8386899	1.2017316	-0.0040338296	14.06606
1.8308936	1.2046311	0.0026929164	14.090744
1.8340122	1.2046311	0.019509783	14.090744
1.8402492	1.2039868	-0.035985876	14.078403
1.8324529	1.2014095	-0.013283106	14.070174
1.8340122	1.1988322	-0.0040338296	14.082516
1.8340122	1.1911002	0.0068971328	14.090744
1.8293343	1.2007651	0.011942193	14.078403
1.8340122	1.2017316	-0.01664648	14.078403
1.8355714	1.2062418	0.0043746028	14.078403
1.8418084	1.2101078	-0.020850696	14.06606
1.827775	1.2165511	0.0052154465	14.082516
1.8402492	1.2139738	0.01110135	14.078403
1.8355714	1.2101078	-0.010760576	14.06606
1.8340122	1.2039868	-0.0023521434	14.098971
1.8371307	1.194644	0.018668938	14.053719
1.8308936	1.208497	0.0035337596	14.086631
1.8355714	1.2007651	0.0085788192	14.057832
1.8340122	1.1943219	0.018668938	14.082516
1.8293343	1.1856234	0.0060562897	14.070174
1.8355714	1.1904559	-0.0048746732	14.070174
1.8308936	1.1939996	-0.0031929866	14.070174
1.8262157	1.1972213	-0.0099197328	14.086631
1.8262157	1.190778	-0.0048746732	14.041375
1.8246565	1.1878786	0.01614641	14.070174
1.8324529	1.1943219	-0.023373226	14.082516
1.827775	1.1939996	0.0068971328	14.094858
1.827775	1.2059197	-0.014123949	14.103086
1.8293343	1.2059197	-0.01160142	14.070174
1.8355714	1.2233166	-0.00067045673	14.090744
1.8324529	1.216229	-0.039349247	14.057832
1.827775	1.218484	-0.0015113001	14.103086
1.827775	1.2175176	0.014464723	14.061946
1.8324529	1.2007651	0.0052154465	14.037262
1.8308936	1.2049532	-0.01916901	14.082516
1.827775	1.1978656	0.007737976	14.06606
1.8246565	1.2020538	-0.0048746732	14.074287
1.8308936	1.2036645	0.0068971328	14.070174
1.8324529	1.1943219	-0.042712618	14.04549
1.8324529	1.1849791	0.01110135	14.04549
1.827775	1.1911002	-0.0082380464	14.070174
1.827775	1.218484	-0.017487323	14.1072
1.8246565	1.2130073	-0.022532383	14.061946
1.8230972	1.21043	-0.0048746732	14.090744
1.8262157	1.2110744	0.025395684	14.078403
1.8262157	1.2004429	0.0094196629	14.049603
1.8246565	1.2026981	-0.0090788892	14.037262
1.8262157	1.1943219	0.020350626	14.061946
1.827775	1.1959326	-0.0099197328	14.029035
1.8230972	1.1933553	0.0052154465	14.037262
1.827775	1.1994765	-0.020009853	14.053719
1.8246565	1.1911002	-0.017487323	14.049603
1.8293343	1.1939996	0.0060562897	14.049603
1.8246565	1.1962548	-0.012442263	14.078403
1.821538	1.2007651	-0.0057155164	14.057832
1.8199787	1.1920667	0.0085788192	14.041375
1.8293343	1.1930332	-0.01664648	14.086631
1.8308936	1.1988322	-0.021691538	14.049603
1.8230972	1.2014095	0.0001703865	14.049603
1.8199787	1.2001208	-0.0090788892	14.074287
1.827775	1.2010872	0.0085788192	14.086631
1.8184195	1.1994765	-0.0057155164	14.053719
1.827775	1.2194506	-0.032622501	14.061946
1.821538	1.2146181	0.0094196629	14.070174
1.8308936	1.2155846	0.0001703865	14.086631
1.8262157	1.2130073	0.032122433	14.037262
1.8184195	1.2188063	0.0010112298	14.082516
1.8199787	1.2101078	-0.0082380464	14.078403
1.8153011	1.1991543	0.023713998	14.086631
1.827775	1.2014095	-0.025895756	14.070174
1.8230972	1.208497	-0.025054913	14.086631
1.821538	1.1994765	0.0052154465	14.070174
1.8246565	1.2078527	0.0060562897	14.086631
1.8262157	1.2023759	0.007737976	14.053719
1.8199787	1.192711	-0.05028021	14.070174
1.821538	1.1968992	-0.0031929866	14.061946
1.8199787	1.216229	0.014464723	14.115428
1.8168603	1.216229	-0.024214068	14.086631
1.8262157	1.2113965	-0.010760576	14.06606
1.8293343	1.2126851	-0.026736598	14.074287
1.8246565	1.224283	-0.0023521434	14.098971
1.8262157	1.2207392	0.0085788192	14.098971
1.827775	1.2091414	-0.010760576	14.06606
1.8230972	1.1978656	0.017828096	14.057832
1.8230972	1.2081748	-0.022532383	14.090744
1.8199787	1.1994765	-0.0099197328	14.115428
1.8230972	1.1956105	-0.01664648	14.086631
1.8199787	1.2026981	-0.00067045673	14.078403
1.8230972	1.2010872	0.0060562897	14.090744
1.8246565	1.2117187	-0.0048746732	14.090744
1.8184195	1.2155846	0.01110135	14.074287
1.8184195	1.2081748	0.0060562897	14.070174
1.8153011	1.2149403	0.022032311	14.103086
1.8184195	1.2171954	-0.0099197328	14.103086
1.8246565	1.2075305	0.007737976	14.049603
1.827775	1.2030202	0.013623879	14.06606
1.821538	1.2113965	-0.022532383	14.090744
1.8262157	1.2072084	-0.023373226	14.053719
1.8230972	1.2139738	-0.021691538	14.094858
1.8184195	1.2039868	-0.012442263	14.057832
1.821538	1.2052754	-0.021691538	14.074287
1.8199787	1.2133294	-0.0099197328	14.111315
1.8153011	1.2046311	-0.0082380464	14.078403
1.8137418	1.2130073	-0.010760576	14.103086
1.8199787	1.2075305	0.0094196629	14.090744
1.8184195	1.1991543	0.0043746028	14.061946
1.8230972	1.196577	0.0035337596	14.078403
1.8199787	1.2014095	-0.0040338296	14.070174
1.821538	1.2004429	0.010260507	14.061946
1.8168603	1.2094635	0.0043746028	14.086631
1.8137418	1.2229943	-0.0040338296	14.119543
1.8184195	1.2139738	0.0052154465	14.070174
1.8262157	1.2175176	-0.020850696	14.057832
1.8184195	1.2181619	-0.015805636	14.061946
1.8153011	1.2275046	0.0043746028	14.103086
1.8184195	1.2101078	0.0094196629	14.049603
1.8262157	1.2017316	0.0018520731	14.037262
1.821538	1.2062418	-0.023373226	14.078403
1.8199787	1.2049532	-0.025895756	14.082516
1.8168603	1.2026981	-0.00067045673	14.070174
1.8153011	1.1981878	0.0060562897	14.06606
1.8199787	1.1972213	-0.031781659	14.078403
1.8153011	1.1975435	-0.010760576	14.061946
1.8199787	1.1939996	-0.010760576	14.070174
1.8168603	1.2101078	-0.0048746732	14.074287
1.8199787	1.2068862	-0.0065563596	14.057832
1.8121825	1.2065641	-0.0073972028	14.049603
1.8199787	1.2155846	-0.020850696	14.070174
1.8153011	1.214296	-0.010760576	14.057832
1.8153011	1.2030202	-0.0090788892	14.041375
1.8246565	1.2004429	0.0060562897	14.049603
1.8137418	1.2078527	0.0018520731	14.082516
1.8090639	1.2152624	0.021191468	14.06606
1.8153011	1.1994765	0.0085788192	14.053719
1.8121825	1.1985099	-0.014123949	14.078403
1.8137418	1.2065641	-0.022532383	14.1072
1.8168603	1.2059197	-0.0099197328	14.086631
1.8137418	1.1936775	0.0043746028	14.061946
1.8184195	1.2030202	-0.018328166	14.078403
1.8184195	1.2049532	0.016987253	14.041375
1.8090639	1.1968992	-0.0057155164	14.070174
1.8184195	1.18659	-0.026736598	14.049603
1.8106232	1.1997986	-0.0015113001	14.086631
1.8153011	1.1981878	-0.0065563596	14.094858
1.8121825	1.1981878	-0.025895756	14.057832
1.8153011	1.1843348	0.01110135	14.041375
1.8137418	1.1923889	0.0035337596	14.082516
1.8153011	1.1978656	-0.0099197328	14.074287
1.8153011	1.2052754	-0.027577441	14.103086
1.8121825	1.2065641	-0.0082380464	14.078403
1.8137418	1.2149403	-0.014123949	14.098971
1.8121825	1.2081748	-0.01664648	14.078403
1.8137418	1.2136517	0.0043746028	14.086631
1.8137418	1.2062418	0.0052154465	14.086631
1.8121825	1.2026981	0.010260507	14.061946
1.8153011	1.2075305	-0.013283106	14.074287
1.8199787	1.1959326	0.01110135	14.074287
1.8106232	1.190778	-0.0073972028	14.070174
1.8137418	1.1994765	0.0068971328	14.06606
1.8028269	1.2072084	0.0018520731	14.098971
1.8184195	1.1968992	-0.0073972028	14.1072
1.8137418	1.2120408	0.0052154465	14.082516
1.8137418	1.2101078	0.029599901	14.074287
1.8090639	1.220417	-0.010760576	14.090744
1.8153011	1.2239609	-0.018328166	14.070174
1.8075047	1.2110744	-0.0023521434	14.061946
1.8075047	1.2101078	0.01110135	14.078403
1.8137418	1.1997986	-0.0031929866	14.06606
1.8075047	1.2133294	-0.035145033	14.103086
1.8059454	1.2097857	-0.0090788892	14.082516
1.8090639	1.1952883	-0.0073972028	14.070174
1.8184195	1.1968992	0.0043746028	14.053719
1.8153011	1.2007651	-0.021691538	14.070174
1.8090639	1.2091414	-0.0099197328	14.115428
1.8137418	1.2046311	0.017828096	14.04549
1.8043861	1.2030202	0.0060562897	14.094858
1.8059454	1.2052754	-0.00067045673	14.082516
1.8059454	1.1914223	0.01614641	14.049603
1.8137418	1.1952883	-0.026736598	14.074287
1.8028269	1.2036645	0.0052154465	14.082516
1.8075047	1.1988322	0.0052154465	14.053719
1.8075047	1.2068862	0.0060562897	14.098971
1.8075047	1.2068862	-0.027577441	14.061946
1.8012676	1.2075305	-0.012442263	14.074287
1.8090639	1.2010872	0.0094196629	14.061946
1.8137418	1.1994765	0.022873154	14.1072
1.8137418	1.2091414	-0.033463344	14.1072
1.8075047	1.1981878	-0.01916901	14.049603
1.8028269	1.2030202	0.0052154465	14.078403
1.8199787	1.2014095	0.0085788192	14.057832
1.8059454	1.1994765	-0.01664648	14.057832
1.8012676	1.2023759	0.012783037	14.082516
1.8090639	1.1988322	0.0052154465	14.061946
1.8106232	1.2075305	0.01110135	14.086631
1.8028269	1.21043	0.007737976	14.086631
1.8106232	1.2117187	-0.020009853	14.070174
1.8121825	1.2265382	-0.0031929866	14.078403
1.8028269	1.2281489	0.0085788192	14.103086
1.8012676	1.2287933	-0.0065563596	14.115428
1.8106232	1.2200949	0.010260507	14.053719
1.8059454	1.214296	-0.0023521434	14.06606
1.8059454	1.2097857	-0.0023521434	14.070174
1.8075047	1.2017316	-0.0048746732	14.090744
1.8121825	1.1901337	0.007737976	14.049603
1.8137418	1.1988322	-0.01664648	14.070174
1.8028269	1.1981878	-0.0090788892	14.049603
1.8090639	1.2010872	-0.020850696	14.074287
1.8043861	1.208497	-0.0090788892	14.078403
1.8028269	1.2101078	0.0026929164	14.06606
1.8043861	1.2059197	0.0060562897	14.06606
1.8012676	1.2101078	-0.0048746732	14.103086
1.8075047	1.2091414	0.01614641	14.06606
1.8059454	1.208497	-0.0023521434	14.049603
1.8043861	1.2078527	-0.0099197328	14.057832
1.8028269	1.2030202	-0.0082380464	14.06606
1.8043861	1.1988322	-0.025054913	14.04549
1.8059454	1.2007651	-0.0057155164	14.037262
1.8028269	1.194644	-0.01664648	14.061946
1.8059454	1.2004429	-0.039349247	14.1072
1.8121825	1.1949662	-0.024214068	14.04549
1.8106232	1.1994765	-0.0090788892	14.061946
1.8028269	1.196577	0.0035337596	14.041375
1.8059454	1.1956105	-0.0023521434	14.074287
1.8090639	1.2020538	-0.012442263	14.094858
1.8075047	1.2017316	0.0035337596	14.049603
1.8012676	1.2023759	-0.0065563596	14.078403
1.8028269	1.1981878	-0.015805636	14.078403
1.8012676	1.1956105	0.015305566	14.090744
1.8012676	1.2020538	0.0052154465	14.061946
1.7981491	1.2065641	0.0043746028	14.053719
1.8012676	1.1936775	0.0094196629	14.049603
1.7997084	1.2033424	0.0001703865	14.086631
1.8059454	1.214296	-0.024214068	14.061946
1.7997084	1.2081748	-0.014964793	14.082516
1.8012676	1.2055975	-0.025054913	14.06606
1.8075047	1.2039868	0.0010112298	14.098971
1.8012676	1.2068862	-0.012442263	14.094858
1.8090639	1.2007651	-0.025895756	14.057832
1.7950305	1.1975435	-0.0082380464	14.082516
1.8106232	1.2068862	-0.01916901	14.082516
1.8028269	1.2107521	0.007737976	14.090744
1.8028269	1.212363	-0.018328166	14.074287
1.8059454	1.2010872	-0.00067045673	14.057832
1.7997084	1.2039868	0.0094196629	14.1072
1.8121825	1.212363	-0.012442263	14.078403
1.7981491	1.2107521	-0.0073972028	14.086631
1.8028269	1.2072084	-0.01916901	14.078403
1.8106232	1.2039868	-0.014964793	14.061946
1.8075047	1.2023759	0.0043746028	14.082516
1.8012676	1.196577	0.0026929164	14.078403
1.8012676	1.1981878	-0.015805636	14.06606
1.8121825	1.2075305	-0.0048746732	14.070174
1.8059454	1.2046311	-0.0048746732	14.115428
1.8028269	1.2113965	-0.010760576	14.094858
1.8028269	1.2191284	0.012783037	14.103086
1.8012676	1.2078527	0.023713998	14.086631
1.7981491	1.2026981	0.011942193	14.078403
1.8106232	1.1997986	-0.0073972028	14.061946
1.8012676	1.2017316	0.0010112298	14.070174
1.8075047	1.1988322	0.0035337596	14.078403
1.8028269	1.1972213	0.024554841	14.086631
1.8028269	1.1988322	-0.0090788892	14.049603
1.8059454	1.2171954	-0.025054913	14.090744
1.8043861	1.216229	-0.024214068	14.070174
1.8075047	1.2126851	-0.010760576	14.053719
1.8012676	1.2094635	0.022032311	14.086631
1.8059454	1.2046311	0.0001703865	14.061946
1.7997084	1.2007651	-0.0090788892	14.06606
1.8059454	1.1978656	-0.017487323	14.098971
1.791912	1.2014095	0.0060562897	14.082516
1.8043861	1.1994765	-0.012442263	14.070174
1.8043861	1.1901337	-0.0082380464	14.057832
1.7997084	1.2001208	-0.0057155164	14.078403
1.7981491	1.2039868	0.021191468	14.090744
1.8028269	1.1891673	0.0094196629	14.02492
1.8012676	1.192711	0.0068971328	14.057832
1.7981491	1.1956105	-0.010760576	14.053719
1.7934712	1.1997986	-0.0015113001	14.103086
1.8075047	1.2072084	-0.00067045673	14.082516
1.8012676	1.2081748	0.0035337596	14.06606
1.7950305	1.2091414	-0.027577441	14.070174
1.7997084	1.21043	-0.0099197328	14.074287
1.7981491	1.2136517	-0.0040338296	14.078403
1.8028269	1.2200949	-0.036826719	14.082516
1.7981491	1.2171954	0.011942193	14.082516
1.791912	1.2059197	-0.0065563596	14.061946
1.8012676	1.2113965	0.0018520731	14.06606
1.7981491	1.2043089	-0.0040338296	14.06606
1.8043861	1.2010872	-0.01916901	14.061946
1.8012676	1.1968992	0.023713998	14.049603
1.7981491	1.2004429	0.0026929164	14.090744
1.7981491	1.2001208	0.0001703865	14.074287
1.7981491	1.1978656	0.0094196629	14.057832
1.8012676	1.2043089	-0.01160142	14.070174
1.7981491	1.2101078	-0.010760576	14.094858
1.8012676	1.2281489	-0.0073972028	14.098971
1.7981491	1.2155846	0.0026929164	14.049603
1.7903527	1.2178397	0.007737976	14.074287
1.8028269	1.2081748	0.03128159	14.074287
1.7997084	1.2088192	-0.01916901	14.04549
1.7965899	1.2130073	0.015305566	14.090744
1.7950305	1.2149403	-0.026736598	14.098971
1.7981491	1.2094635	-0.013283106	14.111315
1.7981491	1.2030202	-0.0057155164	14.082516
1.7981491	1.1985099	0.013623879	14.086631
1.7950305	1.2046311	-0.0099197328	14.082516
1.8012676	1.2017316	0.0018520731	14.049603
1.8028269	1.196577	-0.0040338296	14.061946
1.7950305	1.1981878	-0.023373226	14.074287
1.7965899	1.1952883	-0.025054913	14.061946
1.7950305	1.1985099	0.0052154465	14.090744
1.791912	1.2046311	-0.0090788892	14.082516
1.7950305	1.214296	-0.0040338296	14.090744
1.791912	1.2207392	-0.018328166	14.078403
1.8012676	1.2178397	-0.00067045673	14.070174
1.7950305	1.2097857	0.011942193	14.082516
1.7965899	1.2246052	-0.01664648	14.1072
1.7934712	1.2207392	0.0068971328	14.078403
1.7981491	1.2275046	0.0001703865	14.094858
1.8012676	1.2226722	-0.0099197328	14.111315
1.7981491	1.2226722	-0.015805636	14.090744
1.8012676	1.2133294	0.0060562897	14.070174
1.7997084	1.2052754	-0.0065563596	14.04549
1.7981491	1.2101078	0.007737976	14.094858
1.7903527	1.2094635	0.0085788192	14.074287
1.7965899	1.2026981	-0.023373226	14.061946
1.7965899	1.2036645	-0.021691538	14.082516
1.7950305	1.214296	-0.025054913	14.135999
1.7981491	1.2210613	-0.026736598	14.074287
1.7934712	1.2146181	-0.00067045673	14.074287
1.7965899	1.2168733	-0.0065563596	14.082516
1.791912	1.2072084	0.0043746028	14.057832
1.7903527	1.2120408	0.0052154465	14.082516
1.7950305	1.2171954	-0.0057155164	14.082516
1.7903527	1.2117187	0.0035337596	14.082516
1.7981491	1.2026981	-0.014123949	14.078403
1.8012676	1.2014095	0.013623879	14.053719
1.7965899	1.194644	-0.013283106	14.049603
1.7903527	1.2055975	0.0052154465	14.06606
1.791912	1.2007651	0.0052154465	14.06606
1.7934712	1.2062418	-0.031781659	14.103086
1.7887934	1.2023759	-0.0031929866	14.061946
1.7903527	1.1962548	0.014464723	14.074287
1.7981491	1.196577	0.021191468	14.06606
1.7950305	1.2020538	-0.0099197328	14.094858
1.7856749	1.2097857	-0.024214068	14.094858
1.7950305	1.2130073	0.013623879	14.06606
1.7997084	1.2007651	-0.023373226	14.049603
1.7981491	1.1885229	-0.0048746732	14.057832
1.7981491	1.1901337	-0.0065563596	14.057832
1.7903527	1.1985099	0.0010112298	14.074287
1.7934712	1.2030202	-0.012442263	14.082516
1.7903527	1.2017316	-0.01664648	14.094858
1.8028269	1.194644	-0.018328166	14.057832
1.7981491	1.1923889	0.022873154	14.04549
1.7950305	1.194644	0.021191468	14.074287
1.8012676	1.2020538	-0.0057155164	14.06606
1.7887934	1.2007651	0.0060562897	14.057832
1.7997084	1.1939996	0.030440746	14.078403
1.7950305	1.2101078	-0.0082380464	14.086631
1.7903527	1.2159067	0.0052154465	14.098971
1.791912	1.212363	-0.0023521434	14.082516
1.7856749	1.2146181	0.015305566	14.090744
1.7950305	1.2110744	-0.0023521434	14.061946
1.7950305	1.2149403	-0.014964793	14.082516
1.7965899	1.2175176	-0.0040338296	14.103086
1.8012676	1.2059197	0.007737976	14.06606
1.7887934	1.2059197	0.0018520731	14.06606
1.7856749	1.1985099	0.007737976	14.082516
1.8012676	1.1975435	-0.0057155164	14.103086
1.7934712	1.1959326	0.0035337596	14.078403
1.7950305	1.1898116	-0.01916901	14.04549
1.7934712	1.1875564	-0.0015113001	14.049603
1.7965899	1.194644	-0.0040338296	14.086631
1.791912	1.1933553	0.018668938	14.070174
1.7887934	1.1936775	0.0068971328	14.06606
1.7950305	1.2010872	0.012783037	14.074287
1.7903527	1.2078527	-0.031781659	14.115428
1.7872342	1.2078527	0.0068971328	14.086631
1.7934712	1.21043	-0.0031929866	14.070174
1.7965899	1.218484	-0.010760576	14.090744
1.791912	1.2075305	-0.010760576	14.061946
1.791912	1.2078527	-0.0040338296	14.053719
1.7934712	1.2120408	-0.015805636	14.053719
1.7965899	1.2120408	-0.01664648	14.078403
1.7981491	1.2120408	-0.021691538	14.094858
1.7887934	1.2110744	0.0085788192	14.074287
1.7887934	1.2030202	0.016987253	14.074287
1.7856749	1.1968992	0.012783037	14.06606
1.7981491	1.1936775	-0.0015113001	14.049603
1.791912	1.1978656	-0.022532383	14.1072
1.7903527	1.2049532	0.0018520731	14.086631
1.7887934	1.1968992	0.016987253	14.049603
1.7950305	1.1914223	-0.0082380464	14.082516
1.7950305	1.1962548	-0.017487323	14.1072
1.7856749	1.1923889	-0.028418286	14.061946
1.791912	1.1991543	-0.014123949	14.070174
1.7950305	1.2081748	0.0052154465	14.070174
1.7903527	1.2146181	-0.027577441	14.090744
1.7872342	1.2078527	-0.031781659	14.06606
1.7856749	1.1968992	0.0085788192	14.070174
1.7903527	1.1891673	-0.00067045673	14.074287
1.7887934	1.1952883	-0.0090788892	14.090744
1.7872342	1.1911002	0.013623879	14.082516
1.7887934	1.2046311	-0.00067045673	14.090744
1.7887934	1.1981878	-0.0090788892	14.070174
1.791912	1.1939996	-0.0015113001	14.061946
1.7887934	1.188845	0.024554841	14.074287
1.7887934	1.1885229	-0.030940816	14.06606
1.7903527	1.1894894	0.018668938	14.061946
1.791912	1.1988322	-0.014964793	14.078403
1.7872342	1.1959326	-0.01916901	14.070174
1.7887934	1.1956105	-0.020009853	14.049603
1.7856749	1.2046311	-0.025895756	14.086631
1.7856749	1.2126851	-0.023373226	14.06606
1.7841157	1.2130073	-0.0099197328	14.086631
1.7887934	1.2239609	-0.0073972028	14.098971
1.7887934	1.2088192	0.0026929164	14.074287
1.7903527	1.2001208	0.035485804	14.049603
1.7903527	1.2001208	-0.0015113001	14.119543
1.791912	1.196577	0.0052154465	14.078403
1.7856749	1.2049532	-0.01664648	14.082516
1.7856749	1.2078527	0.0094196629	14.094858
1.7809972	1.2033424	-0.01664648	14.090744
1.7887934	1.1875564	0.0060562897	14.053719
1.7841157	1.1997986	0.011942193	14.090744
1.7856749	1.2001208	0.0010112298	14.078403
1.7825564	1.2055975	-0.0082380464	14.115428
1.7856749	1.2117187	-0.017487323	14.074287
1.7825564	1.2233166	-0.01916901	14.090744
1.7887934	1.2246052	-0.01916901	14.090744
1.791912	1.2175176	-0.027577441	14.04549
1.7887934	1.2091414	0.0052154465	14.103086
1.791912	1.218484	-0.027577441	14.078403
1.7872342	1.2107521	-0.0023521434	14.078403
1.7856749	1.2094635	0.0068971328	14.082516
1.7887934	1.1930332	0.0035337596	14.061946
1.7872342	1.1981878	0.019509783	14.057832
1.7887934	1.1991543	-0.018328166	14.078403
1.791912	1.1991543	0.025395684	14.057832
1.791912	1.2036645	-0.018328166	14.103086
1.791912	1.2113965	0.0026929164	14.074287
1.7841157	1.2062418	0.013623879	14.061946
1.7809972	1.2091414	-0.00067045673	14.074287
1.7856749	1.2049532	-0.00067045673	14.078403
1.7841157	1.2078527	0.007737976	14.078403
1.7841157	1.2039868	-0.0031929866	14.053719
1.7794378	1.216229	0.0052154465	14.078403
1.7825564	1.212363	-0.037667561	14.078403
1.791912	1.2136517	-0.01916901	14.078403
1.7841157	1.2126851	0.0060562897	14.06606
1.7872342	1.2036645	-0.01664648	14.070174
1.7950305	1.2004429	-0.0082380464	14.074287
1.7778785	1.2030202	0.0052154465	14.06606
1.7794378	1.1975435	0.01614641	14.078403
1.7887934	1.2014095	0.0094196629	14.082516
1.7809972	1.2017316	-0.030940816	14.078403
1.7856749	1.2072084	-0.012442263	14.094858
1.7872342	1.2010872	0.0060562897	14.070174
1.7841157	1.2036645	0.0001703865	14.078403
1.7841157	1.2059197	-0.030099971	14.074287
1.7825564	1.2033424	-0.0057155164	14.090744
1.7778785	1.2020538	0.021191468	14.06606
1.7825564	1.1981878	0.012783037	14.049603
1.7856749	1.2030202	0.0010112298	14.078403
1.7841157	1.2001208	-0.0082380464	14.086631
1.7950305	1.2101078	-0.0090788892	14.070174
1.7856749	1.2081748	-0.010760576	14.078403
1.7872342	1.2078527	-0.029259128	14.082516
1.7887934	1.2046311	-0.0048746732	14.090744
1.7809972	1.2065641	0.012783037	14.074287
1.7856749	1.1952883	0.0060562897	14.082516
1.7794378	1.2014095	-0.0099197328	14.061946
1.7809972	1.1956105	0.0018520731	14.041375
1.7872342	1.2055975	-0.031781659	14.070174
1.7841157	1.2081748	-0.020009853	14.078403
1.7778785	1.2117187	0.012783037	14.070174
1.7732008	1.2049532	0.029599901	14.086631
1.7841157	1.2068862	0.0026929164	14.074287
1.7825564	1.2062418	-0.025895756	14.06606
1.7856749	1.2120408	-0.017487323	14.094858
1.7856749	1.2068862	-0.020009853	14.057832
1.7872342	1.2091414	-0.0082380464	14.098971
1.7887934	1.2126851	-0.010760576	14.082516
1.7809972	1.2081748	-0.012442263	14.078403
1.7887934	1.2030202	-0.01916901	14.070174
1.7825564	1.1991543	0.021191468	14.090744
1.7825564	1.1930332	-0.0082380464	14.074287
1.7841157	1.2001208	0.0018520731	14.078403
1.7841157	1.190778	0.01614641	14.037262
1.7825564	1.1962548	-0.0023521434	14.090744
1.7809972	1.1988322	0.0001703865	14.070174
1.7778785	1.1914223	-0.014123949	14.053719
1.7872342	1.1914223	-0.0099197328	14.070174
1.7809972	1.2046311	-0.0065563596	14.119543
1.7778785	1.2059197	-0.0040338296	14.061946
1.7809972	1.2117187	0.013623879	14.074287
1.7809972	1.2110744	0.007737976	14.078403
1.7841157	1.2236387	-0.014964793	14.090744
1.7825564	1.2287933	-0.014964793	14.094858
1.7856749	1.2168733	-0.030099971	14.057832
1.7856749	1.2036645	0.0026929164	14.057832
1.7809972	1.1975435	-0.0040338296	14.090744
1.7841157	1.1853013	-0.012442263	14.070174
1.7825564	1.1814353	0.0094196629	14.06606
1.7809972	1.1920667	-0.0048746732	14.04549
1.7856749	1.1936775	-0.015805636	14.061946
1.7809972	1.208497	-0.033463344	14.1072
1.7856749	1.2059197	0.0094196629	14.053719
1.7841157	1.2001208	-0.0090788892	14.078403
1.7809972	1.2020538	0.010260507	14.078403
1.7841157	1.2097857	0.0043746028	14.098971
1.7872342	1.2081748	-0.0073972028	14.06606
1.7825564	1.2068862	-0.026736598	14.061946
1.7825564	1.2139738	-0.010760576	14.082516
1.7856749	1.216229	-0.029259128	14.098971
1.77476	1.2213836	-0.01916901	14.086631
1.7825564	1.2149403	-0.0048746732	14.070174
1.7778785	1.220417	-0.0073972028	14.111315
1.7732008	1.2149403	0.033804119	14.1072
1.7841157	1.2055975	-0.010760576	14.041375
1.7794378	1.196577	0.021191468	14.033148
1.7809972	1.1882007	0.022873154	14.070174
1.7778785	1.1917446	-0.0048746732	14.057832
1.7809972	1.2014095	-0.013283106	14.06606
1.7825564	1.2065641	-0.0015113001	14.094858
1.7794378	1.2107521	0.0052154465	14.078403
1.7763193	1.2014095	0.0010112298	14.057832
1.7809972	1.2059197	-0.0031929866	14.090744
1.7809972	1.216229	-0.028418286	14.074287
1.7841157	1.218484	-0.023373226	14.078403
1.7778785	1.2146181	0.011942193	14.074287
1.7856749	1.2139738	-0.020850696	14.111315
1.7841157	1.1994765	-0.01160142	14.04549
1.7778785	1.2075305	-0.0031929866	14.078403
1.7778785	1.2065641	-0.0073972028	14.074287
1.7809972	1.2004429	0.032122433	14.086631
1.7856749	1.1988322	-0.025895756	14.049603
1.7763193	1.1978656	-0.0057155164	14.082516
1.77476	1.18659	0.0001703865	14.061946
1.77476	1.2004429	0.029599901	14.06606
1.7856749	1.2004429	-0.01664648	14.074287
1.7763193	1.2072084	0.0068971328	14.070174
1.7825564	1.2030202	-0.0090788892	14.06606
