Fout	Lin	Lout	sono
1.7778785	0.67112952	-0.00067045673	19.150991
1.7732008	1.050315	-0.028418286	19.183905
1.7778785	1.2651976	0.0001703865	19.183905
1.77476	1.3927742	0.041371711	19.192133
1.7794378	1.4626837	0.019509783	19.146877
1.7794378	1.5145519	-0.0057155164	19.163334
1.7841157	1.5519228	-0.0057155164	19.175676
1.7825564	1.5699639	-0.0031929866	19.196245
1.7716415	1.5847834	-0.024214068	19.163334
1.7809972	1.5873607	0.034644961	19.150991
1.7856749	1.5902603	0.0052154465	19.15922
1.7856749	1.5921932	-0.015805636	19.155106
1.7887934	1.6012138	0.012783037	19.175676
1.7841157	1.6176441	-0.025895756	19.208588
1.7809972	1.6144224	0.016987253	19.175676
1.7825564	1.613456	-0.025054913	19.134537
1.7809972	1.6092678	0.024554841	19.15922
1.7794378	1.6070127	-0.014964793	19.146877
1.7825564	1.5983143	-0.0073972028	19.175676
1.7841157	1.59767	0.011942193	19.17156
1.7794378	1.5944483	0.037167493	19.163334
1.7809972	1.5983143	0.028759057	19.188017
1.7856749	1.5960592	-0.037667561	19.188017
1.7809972	1.5921932	-0.0099197328	19.142763
1.7841157	1.6041132	-0.0031929866	19.175676
1.7794378	1.615389	-0.0090788892	19.175676
1.7794378	1.6041132	-0.020850696	19.17156
1.7778785	1.6044354	-0.023373226	19.17156
1.7809972	1.6157111	-0.0065563596	19.188017
1.77476	1.6118451	0.0060562897	19.175676
1.7763193	1.6157111	-0.024214068	19.196245
1.7825564	1.615389	0.0052154465	19.155106
1.7825564	1.6050798	0.0018520731	19.142763
1.7809972	1.6054019	-0.0057155164	19.150991
1.7825564	1.6037911	0.029599901	19.155106
1.7778785	1.5947706	-0.013283106	19.155106
1.7778785	1.5909046	0.017828096	19.167448
1.7794378	1.5880051	-0.014123949	19.175676
1.77476	1.5892937	-0.023373226	19.163334
1.7856749	1.5822061	0.0018520731	19.134537
1.77476	1.5892937	-0.028418286	19.17156
1.7825564	1.5867164	-0.0073972028	19.155106
1.7794378	1.591871	-0.030099971	19.15922
1.7872342	1.5986365	0.0085788192	19.167448
1.7887934	1.6021802	0.0001703865	19.179789
1.7903527	1.6008916	-0.0057155164	19.183905
1.7887934	1.6079792	0.023713998	19.179789
1.7934712	1.6005695	0.0060562897	19.155106
1.7856749	1.6047575	-0.010760576	19.155106
1.7965899	1.5996029	-0.0099197328	19.155106
1.7903527	1.5909046	-0.015805636	19.134537
1.7950305	1.5934819	-0.017487323	19.17156
1.7950305	1.6102344	-0.00067045673	19.196245
1.7934712	1.6021802	-0.025895756	19.183905
1.791912	1.6005695	-0.01916901	19.163334
1.7887934	1.5941262	0.0001703865	19.163334
1.7981491	1.5934819	-0.0015113001	19.17156
1.8028269	1.5925153	0.012783037	19.175676
1.8012676	1.5954149	0.0026929164	19.150991
1.7981491	1.5931597	-0.010760576	19.150991
1.7997084	1.5989586	0.15152219	19.175676
1.7950305	1.6028246	-0.01160142	19.179789
1.7965899	1.6060462	-0.014123949	19.150991
1.7950305	1.6141003	0.016987253	19.163334
1.7997084	1.6063684	-0.0065563596	19.142763
1.8028269	1.6050798	-0.020850696	19.138649
1.8012676	1.6025025	-0.0073972028	19.142763
1.8012676	1.6028246	-0.0090788892	19.138649
1.8012676	1.5979922	0.04221255	19.150991
1.7965899	1.5999252	0.0010112298	19.175676
1.7965899	1.6002473	0.0052154465	19.175676
1.8012676	1.5892937	0.17170243	19.15922
1.7997084	1.6008916	-0.018328166	19.200359
1.7934712	1.591871	0.0026929164	19.163334
1.8012676	1.5896159	0.010260507	19.17156
1.7981491	1.5883273	0.013623879	19.150991
1.7965899	1.5941262	0.0026929164	19.192133
1.8043861	1.5999252	-0.017487323	19.163334
1.8012676	1.593804	-0.012442263	19.146877
1.8012676	1.6031468	0.0001703865	19.175676
1.7997084	1.6137781	-0.014964793	19.188017
1.8028269	1.6160333	0.062392794	19.15922
1.8059454	1.6086235	0.012783037	19.15922
1.7997084	1.6089457	-0.034304187	19.155106
1.8043861	1.6070127	0.0018520731	19.15922
1.8075047	1.6008916	0.0026929164	19.17156
1.8059454	1.6002473	-0.033463344	19.175676
1.8043861	1.6031468	-0.0065563596	19.179789
1.8012676	1.6057241	-0.0048746732	19.17156
1.8028269	1.6037911	0.090981461	19.150991
1.8028269	1.6105565	-0.017487323	19.150991
1.7981491	1.6208657	-0.0073972028	19.167448
1.8059454	1.615389	0.010260507	19.15922
1.8059454	1.5996029	-0.028418286	19.146877
1.8012676	1.6028246	0.080050498	19.175676
1.8059454	1.6066905	-0.0015113001	19.175676
1.8028269	1.6031468	-0.024214068	19.138649
1.8090639	1.6028246	-0.0057155164	19.150991
1.8028269	1.6025025	0.007737976	19.130421
1.7997084	1.6066905	-0.013283106	19.15922
1.8012676	1.6150668	-0.010760576	19.15922
1.8043861	1.6131338	-0.037667561	19.15922
1.8028269	1.6083014	0.15068135	19.17156
1.8043861	1.611523	-0.014964793	19.212702
1.8028269	1.6099122	0.0052154465	19.179789
1.7965899	1.5902603	0.0043746028	19.15922
1.8059454	1.5979922	-0.0065563596	19.175676
1.8028269	1.6002473	0.0010112298	19.179789
1.8106232	1.6131338	-0.0057155164	19.183905
1.8012676	1.6083014	-0.018328166	19.163334
1.8043861	1.6018581	0.012783037	19.163334
1.8012676	1.6002473	-0.0057155164	19.167448
1.8075047	1.6028246	0.0094196629	19.15922
1.8012676	1.6086235	-0.0065563596	19.188017
1.8043861	1.617322	0.01614641	19.167448
1.8043861	1.6099122	-0.0057155164	19.17156
1.7997084	1.5973479	-0.0015113001	19.134537
1.8043861	1.59767	-0.01160142	19.150991
1.8028269	1.5944483	-0.0065563596	19.163334
1.7997084	1.5947706	0.0018520731	19.17156
1.8012676	1.5915489	0.0068971328	19.163334
1.8075047	1.5963813	-0.014964793	19.188017
1.8012676	1.6037911	-0.039349247	19.183905
1.8090639	1.5992808	-0.0015113001	19.142763
1.8059454	1.6041132	-0.01664648	19.155106
1.8059454	1.5992808	0.032963276	19.146877
1.8012676	1.6044354	-0.027577441	19.188017
1.8075047	1.6025025	0.0052154465	19.17156
1.7997084	1.6047575	-0.014964793	19.15922
1.8012676	1.6025025	-0.0073972028	19.163334
1.7997084	1.6112008	0.026236527	19.196245
1.7997084	1.6169997	-0.030099971	19.183905
1.8012676	1.611523	-0.0073972028	19.138649
1.8012676	1.6070127	0.0068971328	19.130421
1.8028269	1.6015359	0.0094196629	19.142763
1.8012676	1.6037911	0.0010112298	19.150991
1.7997084	1.593804	-0.030099971	19.15922
1.8059454	1.5873607	0.0026929164	19.15922
1.8075047	1.5886494	-0.0090788892	19.15922
1.8028269	1.5880051	0.0060562897	19.155106
1.8028269	1.589938	-0.0023521434	19.150991
1.8028269	1.59767	0.024554841	19.175676
1.8012676	1.5960592	0.010260507	19.146877
1.7997084	1.593804	-0.0015113001	19.150991
1.7981491	1.6012138	-0.014964793	19.17156
1.8043861	1.6005695	-0.0065563596	19.167448
1.8075047	1.6095901	-0.0073972028	19.179789
1.8028269	1.6070127	-0.0099197328	19.167448
1.8059454	1.6112008	0.059029419	19.142763
1.8028269	1.6021802	-0.0073972028	19.155106
1.7981491	1.5905824	-0.0057155164	19.146877
1.8059454	1.6018581	0.026236527	19.175676
1.8028269	1.5902603	0.021191468	19.150991
1.8012676	1.5963813	0.0018520731	19.200359
1.8075047	1.6012138	-0.0048746732	19.196245
1.8043861	1.59767	0.0052154465	19.175676
1.8028269	1.6012138	-0.0048746732	19.15922
1.8059454	1.5963813	-0.01160142	19.17156
1.8059454	1.5931597	-0.00067045673	19.142763
1.8075047	1.6002473	0.020350626	19.17156
1.7997084	1.6076571	-0.0057155164	19.179789
1.8059454	1.6015359	-0.0023521434	19.15922
1.8090639	1.6002473	-0.021691538	19.167448
1.8075047	1.593804	0.030440746	19.146877
1.8090639	1.5992808	0.007737976	19.146877
1.8028269	1.5983143	-0.030099971	19.167448
1.8012676	1.617322	-0.021691538	19.179789
1.8090639	1.6160333	-0.010760576	19.155106
1.8012676	1.6121674	-0.0015113001	19.163334
1.8012676	1.6025025	0.10863917	19.142763
1.8012676	1.5928376	-0.025054913	19.15922
1.8043861	1.5947706	0.022032311	19.15922
1.8106232	1.5925153	0.11957014	19.167448
1.8059454	1.5950927	0.0001703865	19.163334
1.7981491	1.5954149	-0.010760576	19.146877
1.8028269	1.6002473	-0.010760576	19.17156
1.8059454	1.6008916	-0.0040338296	19.188017
1.7981491	1.6108787	0.0068971328	19.179789
1.8028269	1.6047575	-0.0031929866	19.15922
1.8012676	1.6057241	0.023713998	19.167448
1.8012676	1.59767	0.012783037	19.17156
1.8059454	1.6057241	-0.025895756	19.183905
1.8028269	1.6086235	0.0043746028	19.155106
1.8043861	1.6147447	-0.0073972028	19.179789
1.8059454	1.6044354	0.013623879	19.134537
1.8028269	1.6041132	-0.015805636	19.167448
1.8012676	1.6041132	-0.020850696	19.188017
1.7997084	1.6105565	-0.032622501	19.175676
1.7981491	1.6050798	-0.018328166	19.17156
1.8075047	1.5941262	-0.022532383	19.138649
1.8012676	1.6102344	0.096026525	19.183905
1.8012676	1.5979922	-0.0057155164	19.150991
1.8012676	1.6005695	0.028759057	19.150991
1.8059454	1.6021802	0.007737976	19.167448
1.8012676	1.6092678	-0.00067045673	19.200359
1.8059454	1.6060462	-0.0031929866	19.183905
1.8028269	1.6025025	0.013623879	19.15922
1.8012676	1.6054019	-0.0082380464	19.163334
1.8043861	1.6015359	0.022873154	19.163334
1.8075047	1.5909046	-0.014123949	19.142763
1.8106232	1.6021802	0.048098456	19.150991
1.8075047	1.5950927	0.0043746028	19.167448
1.8043861	1.587683	0.0010112298	19.146877
1.7997084	1.5954149	-0.010760576	19.200359
1.7997084	1.5905824	-0.022532383	19.167448
1.8028269	1.5941262	0.0085788192	19.183905
1.7965899	1.5992808	-0.0065563596	19.179789
1.8028269	1.5983143	-0.01664648	19.167448
1.7981491	1.6034689	-0.0082380464	19.188017
1.8075047	1.6057241	-0.01664648	19.179789
1.8059454	1.6131338	-0.017487323	19.196245
1.8028269	1.6150668	-0.0031929866	19.204473
1.8028269	1.6147447	-0.0023521434	19.192133
1.7997084	1.6224766	0.027077371	19.196245
1.7997084	1.6150668	-0.0057155164	19.163334
1.8075047	1.6182884	-0.0048746732	19.216816
1.7997084	1.6095901	0.012783037	19.146877
1.8075047	1.6076571	-0.0082380464	19.146877
1.8043861	1.6076571	0.0052154465	19.183905
1.8043861	1.6028246	0.0018520731	19.196245
1.8028269	1.6054019	-0.0065563596	19.200359
1.8012676	1.6060462	-0.0040338296	19.15922
1.8059454	1.6018581	0.0085788192	19.175676
1.8059454	1.5905824	-0.021691538	19.142763
1.8012676	1.5883273	-0.012442263	19.146877
1.8059454	1.5822061	0.0060562897	19.150991
1.7981491	1.6008916	0.010260507	19.188017
1.8059454	1.6034689	0.010260507	19.175676
1.8028269	1.6211879	-0.042712618	19.204473
1.8012676	1.6144224	0.0026929164	19.15922
1.8012676	1.6041132	-0.00067045673	19.167448
1.7997084	1.6034689	0.041371711	19.130421
1.8106232	1.5944483	-0.014123949	19.138649
1.8090639	1.59767	-0.022532383	19.142763
1.8012676	1.6008916	-0.0040338296	19.15922
1.8043861	1.6018581	-0.01916901	19.150991
1.8059454	1.5967035	0.0052154465	19.146877
1.8012676	1.6015359	-0.017487323	19.163334
1.8012676	1.6005695	-0.0031929866	19.192133
1.7997084	1.6034689	-0.00067045673	19.179789
1.8059454	1.6037911	0.007737976	19.167448
1.8012676	1.5986365	0.035485804	19.146877
1.7997084	1.6034689	-0.018328166	19.167448
1.7997084	1.5967035	0.025395684	19.142763
1.8059454	1.6070127	-0.0023521434	19.183905
1.8028269	1.6050798	-0.017487323	19.17156
1.7997084	1.6105565	-0.023373226	19.15922
1.8028269	1.6079792	-0.018328166	19.150991
1.8028269	1.6073349	0.019509783	19.167448
1.8059454	1.6147447	-0.01916901	19.183905
1.8028269	1.6044354	0.0001703865	19.150991
1.7965899	1.6118451	-0.00067045673	19.179789
1.8012676	1.6095901	0.013623879	19.183905
1.8059454	1.6089457	-0.0090788892	19.200359
1.8028269	1.6150668	0.033804119	19.196245
1.8012676	1.6124895	0.011942193	19.17156
1.8059454	1.6034689	0.0001703865	19.155106
1.8012676	1.6037911	-0.013283106	19.183905
1.7981491	1.6031468	-0.0015113001	19.15922
1.8012676	1.5973479	-0.0015113001	19.146877
1.7997084	1.5986365	0.010260507	19.17156
1.8012676	1.6021802	-0.0048746732	19.183905
1.8043861	1.6073349	-0.00067045673	19.163334
1.8106232	1.6092678	0.028759057	19.163334
1.8075047	1.6108787	0.011942193	19.175676
1.8028269	1.6157111	-0.01664648	19.183905
1.8028269	1.6025025	-0.013283106	19.126308
1.8059454	1.6034689	0.089299776	19.150991
1.8075047	1.6015359	-0.0023521434	19.167448
1.8012676	1.6089457	-0.0040338296	19.175676
1.7950305	1.6015359	-0.025895756	19.134537
1.8028269	1.6044354	-0.014123949	19.188017
1.8059454	1.5886494	0.0026929164	19.17156
1.8012676	1.6002473	0.024554841	19.17156
1.7981491	1.5967035	-0.00067045673	19.17156
1.8012676	1.5992808	-0.0099197328	19.163334
1.8012676	1.5863943	-0.0040338296	19.179789
1.8028269	1.595737	0.0035337596	19.167448
1.8012676	1.5999252	-0.0048746732	19.196245
1.8012676	1.6095901	-0.0040338296	19.183905
1.8012676	1.6160333	-0.0082380464	19.179789
1.8012676	1.6163554	0.0026929164	19.167448
1.8028269	1.6169997	-0.01664648	19.155106
1.7997084	1.6150668	-0.0065563596	19.15922
1.8028269	1.6147447	0.038008336	19.179789
1.8090639	1.6102344	0.018668938	19.163334
1.8043861	1.6037911	0.015305566	19.17156
1.8059454	1.6012138	-0.01160142	19.179789
1.8059454	1.5979922	-0.00067045673	19.196245
1.8059454	1.6037911	-0.024214068	19.155106
1.8028269	1.6002473	0.0001703865	19.155106
1.8043861	1.6076571	0.0094196629	19.150991
1.8012676	1.6008916	0.0094196629	19.167448
1.8012676	1.6028246	0.012783037	19.167448
1.7965899	1.6025025	-0.01916901	19.167448
1.7997084	1.5999252	0.16497567	19.15922
1.8028269	1.6092678	0.007737976	19.183905
1.8059454	1.6083014	-0.0031929866	19.175676
1.8028269	1.6037911	-0.010760576	19.15922
1.8075047	1.6141003	0.012783037	19.175676
1.8043861	1.6050798	0.026236527	19.134537
1.8043861	1.6028246	0.0085788192	19.167448
1.8028269	1.5909046	-0.0073972028	19.146877
1.8028269	1.5896159	0.012783037	19.15922
1.8012676	1.5973479	-0.01916901	19.17156
1.8028269	1.589938	-0.014123949	19.155106
1.8012676	1.5912267	-0.018328166	19.179789
1.8059454	1.6028246	-0.0073972028	19.200359
1.8028269	1.611523	-0.0031929866	19.200359
1.8028269	1.6083014	0.018668938	19.175676
1.8028269	1.611523	-0.014964793	19.200359
1.8043861	1.6166776	-0.0031929866	19.225044
1.8028269	1.6108787	0.014464723	19.183905
1.8059454	1.6218323	0.010260507	19.200359
1.8028269	1.6282755	0.0068971328	19.196245
1.7965899	1.623443	-0.0048746732	19.216816
1.8059454	1.6244096	-0.0057155164	19.196245
1.8059454	1.6211879	-0.0099197328	19.196245
1.8012676	1.6221544	-0.018328166	19.196245
1.8028269	1.6157111	0.0010112298	19.212702
1.7997084	1.6095901	-0.0031929866	19.188017
1.8012676	1.6092678	0.018668938	19.196245
1.8043861	1.6018581	0.018668938	19.163334
1.7965899	1.6018581	-0.020009853	19.146877
1.8028269	1.5999252	-0.0065563596	19.15922
1.7981491	1.6076571	-0.012442263	19.15922
1.8012676	1.6031468	0.026236527	19.179789
1.8028269	1.611523	0.0010112298	19.188017
1.7997084	1.6189327	-0.00067045673	19.208588
1.8043861	1.6195771	0.0052154465	19.196245
1.7981491	1.6289198	-0.01664648	19.196245
1.7997084	1.6186106	0.007737976	19.142763
1.7981491	1.615389	-0.013283106	19.155106
1.8012676	1.611523	-0.021691538	19.163334
1.7997084	1.6128117	-0.035985876	19.208588
1.7997084	1.6031468	-0.010760576	19.167448
1.8028269	1.59767	0.0010112298	19.146877
1.8028269	1.5986365	0.0018520731	19.142763
1.7981491	1.6054019	-0.013283106	19.188017
1.8028269	1.5996029	0.024554841	19.15922
1.7965899	1.5905824	-0.01664648	19.163334
1.8043861	1.6037911	-0.014964793	19.183905
1.8043861	1.6018581	-0.014123949	19.175676
1.8012676	1.6070127	-0.01160142	19.183905
1.8012676	1.6054019	0.04221255	19.179789
1.8012676	1.6118451	-0.026736598	19.17156
1.7997084	1.6147447	0.022873154	19.15922
1.8012676	1.6076571	-0.012442263	19.155106
1.8028269	1.6099122	0.016987253	19.17156
1.8012676	1.6070127	0.0052154465	19.150991
1.7997084	1.6054019	-0.025054913	19.142763
1.8028269	1.6050798	0.0035337596	19.163334
1.8043861	1.5947706	0.019509783	19.150991
1.8043861	1.6021802	0.0094196629	19.196245
1.7997084	1.5883273	0.10695749	19.150991
1.8043861	1.5960592	-0.023373226	19.183905
1.7997084	1.6047575	-0.024214068	19.167448
1.7997084	1.6105565	0.036326651	19.175676
1.8012676	1.593804	0.012783037	19.142763
1.7997084	1.5915489	0.0035337596	19.142763
1.7965899	1.6070127	-0.0048746732	19.183905
1.7965899	1.6076571	-0.012442263	19.183905
1.7981491	1.6089457	-0.028418286	19.15922
1.8012676	1.6047575	-0.015805636	19.150991
1.7950305	1.6131338	-0.023373226	19.150991
1.7981491	1.6063684	-0.010760576	19.167448
1.8028269	1.6057241	-0.0040338296	19.146877
1.8059454	1.6086235	0.011942193	19.167448
1.8043861	1.6086235	0.020350626	19.17156
1.8012676	1.6054019	-0.030940816	19.167448
1.8012676	1.6054019	-0.0082380464	19.163334
1.8043861	1.6028246	0.0068971328	19.150991
1.7997084	1.6131338	-0.00067045673	19.179789
1.7981491	1.6054019	-0.043553464	19.183905
1.8012676	1.5909046	-0.020009853	19.146877
1.7965899	1.6041132	0.027077371	19.200359
1.8028269	1.6102344	-0.015805636	19.183905
1.7950305	1.6005695	-0.021691538	19.167448
1.7997084	1.5947706	0.015305566	19.183905
1.7950305	1.5954149	-0.026736598	19.163334
1.7965899	1.6063684	0.020350626	19.183905
1.8028269	1.5967035	0.0060562897	19.142763
1.8028269	1.5934819	0.0085788192	19.142763
1.8012676	1.5992808	-0.0057155164	19.150991
1.7997084	1.613456	-0.043553464	19.200359
1.8012676	1.6089457	0.0068971328	19.155106
1.8059454	1.5983143	-0.021691538	19.167448
1.7997084	1.5944483	0.0026929164	19.15922
1.8012676	1.5825284	-0.041030932	19.183905
1.7965899	1.5834948	-0.01664648	19.155106
1.7997084	1.5986365	-0.0031929866	19.155106
1.8012676	1.6037911	0.010260507	19.175676
1.7981491	1.5934819	-0.0073972028	19.15922
1.7997084	1.5928376	0.0068971328	19.155106
1.7965899	1.5954149	-0.0073972028	19.15922
1.7997084	1.6108787	0.15152219	19.183905
1.8028269	1.6099122	-0.044394307	19.167448
1.8012676	1.6063684	0.0035337596	19.15922
1.8028269	1.6092678	0.0001703865	19.163334
1.8043861	1.6073349	-0.01160142	19.155106
1.8028269	1.6057241	-0.0015113001	19.142763
1.7997084	1.6034689	0.0018520731	19.146877
1.8028269	1.5925153	0.021191468	19.146877
1.7950305	1.5863943	0.0043746028	19.15922
1.8028269	1.5989586	0.0094196629	19.15922
1.7965899	1.593804	-0.01664648	19.15922
1.7997084	1.5954149	-0.00067045673	19.146877
1.8028269	1.5963813	-0.0057155164	19.167448
1.7997084	1.593804	0.015305566	19.150991
1.8043861	1.5967035	-0.012442263	19.163334
1.8059454	1.6018581	-0.00067045673	19.17156
1.7997084	1.6150668	-0.024214068	19.212702
1.8028269	1.6131338	-0.014964793	19.167448
1.8012676	1.6176441	0.0068971328	19.183905
1.8012676	1.6131338	0.022873154	19.179789
1.8090639	1.6102344	-0.022532383	19.175676
1.7997084	1.613456	0.040530864	19.15922
1.8012676	1.6031468	0.01614641	19.142763
1.8059454	1.5947706	-0.025895756	19.163334
1.8028269	1.6018581	0.0068971328	19.17156
1.7997084	1.6012138	-0.010760576	19.15922
1.7981491	1.59767	-0.0031929866	19.163334
1.8012676	1.6008916	-0.035145033	19.163334
1.8075047	1.6105565	-0.0099197328	19.192133
1.8028269	1.6034689	-0.0015113001	19.155106
1.7997084	1.5909046	-0.0040338296	19.146877
1.8028269	1.5963813	0.026236527	19.183905
1.8043861	1.5992808	-0.0023521434	19.167448
1.8028269	1.6044354	-0.01664648	19.17156
1.8012676	1.6198993	-0.01916901	19.188017
1.8012676	1.6211879	0.0085788192	19.17156
1.8012676	1.6244096	0.0035337596	19.175676
1.8012676	1.6247317	-0.024214068	19.142763
1.7981491	1.6179663	-0.0040338296	19.134537
1.8012676	1.6057241	0.024554841	19.179789
1.7997084	1.6018581	-0.014964793	19.146877
1.7997084	1.6028246	0.10275327	19.15922
1.8059454	1.5892937	0.007737976	19.138649
1.7997084	1.5863943	0.024554841	19.163334
1.8012676	1.591871	0.0052154465	19.146877
1.8012676	1.6083014	-0.030099971	19.175676
1.7997084	1.6054019	-0.015805636	19.17156
1.8012676	1.6050798	0.010260507	19.188017
1.7950305	1.6089457	0.0060562897	19.183905
1.791912	1.6112008	-0.013283106	19.179789
1.8012676	1.6131338	0.0001703865	19.17156
1.7997084	1.6118451	0.018668938	19.188017
1.7981491	1.6066905	-0.012442263	19.163334
1.8059454	1.6092678	0.0094196629	19.15922
1.7997084	1.6060462	0.0035337596	19.15922
1.791912	1.6095901	-0.014964793	19.167448
1.8028269	1.6083014	-0.0057155164	19.17156
1.7981491	1.6121674	-0.010760576	19.179789
1.8059454	1.6095901	-0.0015113001	19.188017
1.8012676	1.6037911	0.015305566	19.175676
1.7950305	1.5970256	0.025395684	19.138649
1.7965899	1.5925153	-0.025054913	19.15922
1.8012676	1.5992808	0.10191242	19.15922
1.8028269	1.6012138	-0.018328166	19.155106
1.8012676	1.6037911	-0.00067045673	19.167448
1.8043861	1.6015359	0.0001703865	19.15922
1.7997084	1.6021802	-0.026736598	19.188017
1.8028269	1.6092678	0.023713998	19.175676
1.8028269	1.6263425	-0.00067045673	19.188017
1.8059454	1.6112008	0.0043746028	19.155106
1.8059454	1.6083014	-0.025895756	19.155106
1.7981491	1.6012138	-0.025895756	19.130421
1.8028269	1.6063684	-0.014123949	19.142763
1.7997084	1.6092678	-0.013283106	19.15922
1.8012676	1.5967035	-0.00067045673	19.167448
1.8012676	1.59767	-0.029259128	19.179789
1.8012676	1.6028246	0.0018520731	19.15922
1.8028269	1.6047575	0.0026929164	19.15922
1.8043861	1.5947706	0.01614641	19.17156
1.8012676	1.6041132	0.0068971328	19.15922
1.8028269	1.5983143	-0.22013055	19.142763
1.7997084	1.6063684	-0.014123949	19.175676
1.8012676	1.6150668	-0.013283106	19.188017
1.8028269	1.6157111	-0.012442263	19.17156
1.8028269	1.6124895	-0.0073972028	19.150991
1.8028269	1.6070127	0.0001703865	19.163334
1.8028269	1.6092678	-0.028418286	19.142763
1.7950305	1.6070127	-0.0048746732	19.146877
1.8012676	1.6015359	0.0018520731	19.150991
1.8028269	1.6050798	-0.0048746732	19.179789
1.7981491	1.6095901	0.0035337596	19.175676
1.8012676	1.5979922	-0.014964793	19.17156
1.8012676	1.595737	-0.014123949	19.175676
1.8059454	1.5999252	-0.01664648	19.183905
1.8012676	1.6050798	-0.0031929866	19.183905
1.8012676	1.6063684	0.0026929164	19.175676
1.8028269	1.5963813	-0.01664648	19.142763
1.7997084	1.6060462	0.029599901	19.188017
1.7981491	1.6005695	0.043053396	19.142763
1.7997084	1.6034689	-0.0099197328	19.163334
1.8012676	1.6073349	0.043053396	19.163334
1.8012676	1.6031468	-0.0099197328	19.175676
1.8043861	1.6121674	-0.0031929866	19.179789
1.7981491	1.613456	0.0060562897	19.17156
1.7997084	1.617322	-0.029259128	19.17156
1.7934712	1.6050798	0.0018520731	19.142763
1.7981491	1.5999252	-0.00067045673	19.155106
1.7981491	1.58575	0.0052154465	19.142763
1.7981491	1.5921932	0.060711108	19.15922
1.8106232	1.5931597	0.028759057	19.167448
1.8012676	1.6047575	-0.017487323	19.183905
1.8012676	1.5999252	-0.0048746732	19.150991
1.8012676	1.5905824	-0.0073972028	19.142763
1.8028269	1.5905824	0.029599901	19.138649
1.7965899	1.591871	-0.0040338296	19.15922
1.8012676	1.6015359	-0.028418286	19.15922
1.8121825	1.6031468	0.019509783	19.192133
1.8028269	1.6008916	-0.01160142	19.167448
1.7981491	1.6131338	-0.28655714	19.179789
1.7997084	1.6202214	-0.032622501	19.192133
1.7997084	1.6195771	-0.01916901	19.17156
1.7981491	1.6095901	-0.0065563596	19.17156
1.7997084	1.6021802	0.011942193	19.138649
1.7997084	1.5963813	0.0026929164	19.167448
1.8028269	1.6060462	-0.0073972028	19.208588
1.8012676	1.6050798	-0.031781659	19.183905
1.7997084	1.5960592	0.030440746	19.17156
1.7965899	1.5889716	-0.0099197328	19.150991
1.7997084	1.5934819	-0.025054913	19.188017
1.7934712	1.5996029	0.0035337596	19.150991
1.8059454	1.6044354	0.0052154465	19.167448
1.8012676	1.6163554	-0.014123949	19.183905
1.8012676	1.6108787	-0.010760576	19.167448
1.8043861	1.6157111	-0.022532383	19.183905
1.8028269	1.6086235	0.015305566	19.179789
1.8012676	1.6054019	0.021191468	19.163334
1.7981491	1.613456	0.0026929164	19.163334
1.7997084	1.6063684	0.026236527	19.134537
1.7872342	1.6031468	0.012783037	19.150991
1.7965899	1.6047575	-0.010760576	19.15922
1.8012676	1.5992808	-0.015805636	19.142763
1.7950305	1.6044354	-0.0040338296	19.163334
1.7965899	1.6028246	-0.018328166	19.155106
1.7950305	1.6021802	-0.01160142	19.179789
1.7965899	1.5925153	-0.0065563596	19.126308
1.7997084	1.5851057	-0.036826719	19.122192
1.7997084	1.587683	-0.0065563596	19.146877
1.8012676	1.5944483	-0.00067045673	19.188017
1.7997084	1.5983143	-0.0082380464	19.17156
1.8059454	1.6012138	0.14479543	19.17156
1.8028269	1.613456	-0.00067045673	19.192133
1.7997084	1.6244096	-0.028418286	19.22093
1.7997084	1.6160333	-0.025054913	19.146877
1.7981491	1.6128117	-0.015805636	19.175676
1.8028269	1.611523	0.023713998	19.15922
1.8012676	1.6012138	0.0085788192	19.163334
1.8043861	1.6015359	-0.0015113001	19.17156
1.7950305	1.5915489	0.0035337596	19.15922
1.7934712	1.5960592	0.0018520731	19.183905
1.8028269	1.5983143	0.0085788192	19.17156
1.7997084	1.6034689	-0.025895756	19.163334
1.8028269	1.59767	-0.0057155164	19.167448
1.7997084	1.6015359	-0.0023521434	19.163334
1.8059454	1.6041132	-0.024214068	19.163334
1.7950305	1.6018581	-0.0099197328	19.146877
1.7997084	1.6015359	-0.11502513	19.179789
1.7997084	1.6079792	0.011942193	19.188017
1.7981491	1.6141003	0.0035337596	19.188017
1.7997084	1.6063684	0.007737976	19.15922
1.8059454	1.5983143	0.022873154	19.163334
1.7997084	1.5983143	-0.014123949	19.15922
1.7997084	1.6086235	-0.014123949	19.146877
1.7950305	1.6150668	-0.024214068	19.179789
1.8012676	1.617322	-0.0057155164	19.167448
1.7997084	1.611523	-0.014964793	19.196245
1.7997084	1.6025025	0.13050111	19.15922
1.7997084	1.6047575	-0.0023521434	19.15922
1.7950305	1.5950927	0.0010112298	19.134537
1.8028269	1.5954149	0.022032311	19.15922
1.7981491	1.5941262	-0.01664648	19.142763
1.8059454	1.6083014	0.0094196629	19.179789
1.7934712	1.615389	-0.017487323	19.179789
1.8043861	1.6086235	-0.013283106	19.183905
1.8012676	1.6050798	-0.01664648	19.163334
1.8043861	1.6044354	0.011942193	19.179789
1.8059454	1.6092678	-0.0073972028	19.17156
1.8075047	1.6089457	0.0035337596	19.15922
1.791912	1.6060462	0.0060562897	19.142763
1.7950305	1.6012138	0.045575924	19.155106
1.8012676	1.6089457	0.010260507	19.183905
1.7981491	1.6112008	-0.020850696	19.183905
1.8043861	1.6054019	0.0052154465	19.175676
1.8028269	1.5963813	-0.013283106	19.150991
1.8043861	1.5873607	0.01110135	19.163334
1.7981491	1.589938	-0.014123949	19.163334
1.8012676	1.5889716	-0.014123949	19.138649
1.8012676	1.5822061	0.01110135	19.146877
1.7997084	1.5909046	-0.0099197328	19.179789
1.7934712	1.5912267	-0.00067045673	19.142763
1.7950305	1.595737	-0.0015113001	19.15922
1.8012676	1.6121674	0.011942193	19.183905
1.7997084	1.6095901	0.18515591	19.179789
1.7950305	1.6073349	-0.014964793	19.150991
1.7950305	1.6102344	0.0043746028	19.163334
1.8028269	1.6102344	-0.018328166	19.155106
1.7950305	1.6070127	-0.0015113001	19.163334
1.7965899	1.6076571	0.01110135	19.15922
1.7934712	1.6057241	-0.024214068	19.150991
1.7887934	1.6044354	-0.018328166	19.15922
1.7934712	1.5967035	-0.052802738	19.155106
1.7950305	1.6108787	-0.0065563596	19.179789
1.7997084	1.6008916	0.03128159	19.142763
1.7981491	1.5999252	0.0018520731	19.150991
1.7950305	1.5915489	0.012783037	19.15922
1.8012676	1.6066905	0.027077371	19.183905
1.7965899	1.6070127	0.0085788192	19.179789
1.791912	1.6047575	0.01614641	19.17156
1.7981491	1.6060462	-0.0023521434	19.179789
1.7981491	1.6002473	0.007737976	19.167448
1.7965899	1.6192549	-0.014964793	19.188017
1.7950305	1.6144224	-0.0090788892	19.15922
1.7950305	1.6128117	-0.0065563596	19.155106
1.7950305	1.5954149	0.025395684	19.138649
1.7981491	1.5979922	0.0052154465	19.17156
1.7965899	1.6005695	-0.0090788892	19.192133
1.7981491	1.6034689	-0.0065563596	19.196245
1.7934712	1.5989586	-0.014123949	19.17156
1.8012676	1.6044354	0.15488556	19.179789
1.7965899	1.6063684	0.013623879	19.175676
1.8028269	1.5986365	-0.033463344	19.155106
1.7950305	1.59767	-0.0023521434	19.167448
1.7950305	1.5947706	-0.0065563596	19.15922
1.7903527	1.5947706	-0.18901934	19.163334
1.7950305	1.5905824	0.012783037	19.15922
1.7934712	1.6112008	-0.025054913	19.204473
1.7934712	1.6121674	0.0085788192	19.150991
1.7965899	1.6189327	0.007737976	19.188017
1.7965899	1.6063684	0.0060562897	19.134537
1.7997084	1.6092678	-0.0048746732	19.146877
1.7981491	1.6057241	-0.023373226	19.146877
1.7997084	1.6041132	0.0010112298	19.183905
1.8012676	1.6034689	-0.00067045673	19.167448
1.7997084	1.59767	-0.010760576	19.175676
1.8012676	1.5954149	0.007737976	19.150991
1.7950305	1.5967035	-0.0082380464	19.150991
1.7997084	1.6037911	-0.0031929866	19.167448
1.7997084	1.6099122	-0.020850696	19.130421
1.8028269	1.6066905	0.0018520731	19.179789
1.7981491	1.6118451	0.0068971328	19.15922
1.7981491	1.6144224	0.012783037	19.200359
1.7965899	1.6208657	0.0060562897	19.183905
1.7965899	1.6192549	-0.0082380464	19.196245
1.8012676	1.6083014	0.011942193	19.167448
1.7981491	1.6095901	0.082573034	19.150991
1.7981491	1.6034689	-0.0040338296	19.142763
1.7965899	1.6105565	-0.010760576	19.183905
1.8028269	1.6034689	0.01614641	19.15922
1.7965899	1.5909046	0.0085788192	19.167448
1.7997084	1.5912267	0.01110135	19.167448
1.7965899	1.595737	0.01110135	19.179789
1.8012676	1.5928376	0.0052154465	19.155106
1.8028269	1.5828505	0.0052154465	19.138649
1.7981491	1.5860721	-0.0065563596	19.15922
1.7997084	1.5883273	0.0085788192	19.15922
1.7997084	1.5854278	-0.0015113001	19.146877
1.8012676	1.5970256	0.0026929164	19.15922
1.7981491	1.6121674	0.0018520731	19.196245
1.7934712	1.6095901	-0.012442263	19.15922
1.8012676	1.6102344	-0.012442263	19.17156
1.7981491	1.6240873	-0.022532383	19.200359
1.8012676	1.617322	0.010260507	19.175676
1.7981491	1.6105565	-0.012442263	19.15922
1.7950305	1.6034689	0.015305566	19.150991
1.7997084	1.6021802	0.096867368	19.155106
1.7981491	1.6031468	0.0094196629	19.183905
1.7903527	1.6057241	-0.071301289	19.146877
1.7950305	1.5854278	-0.021691538	19.134537
1.7950305	1.5915489	-0.01160142	19.150991
1.7950305	1.5925153	0.038849179	19.17156
1.7965899	1.5934819	0.0001703865	19.146877
1.7950305	1.5905824	-0.014964793	19.134537
1.7934712	1.5992808	0.0060562897	19.150991
1.7934712	1.6054019	-0.01916901	19.163334
1.7981491	1.6108787	0.0035337596	19.192133
1.7950305	1.6050798	-0.0073972028	19.17156
1.7981491	1.6205436	0.015305566	19.192133
1.7981491	1.6076571	0.092663154	19.175676
1.7997084	1.6147447	-0.033463344	19.188017
1.7934712	1.6034689	0.007737976	19.146877
1.7997084	1.6108787	0.015305566	19.175676
1.7965899	1.611523	0.014464723	19.163334
1.7981491	1.5989586	0.020350626	19.155106
1.7997084	1.5996029	-0.021691538	19.175676
1.7997084	1.59767	0.011942193	19.167448
1.8012676	1.6057241	-0.014964793	19.167448
1.7981491	1.6021802	-0.010760576	19.155106
1.7903527	1.6044354	0.0060562897	19.167448
1.7997084	1.6073349	-0.0040338296	19.179789
1.7997084	1.6054019	-0.0040338296	19.155106
1.7965899	1.6012138	0.11368424	19.163334
1.7997084	1.6060462	-0.0031929866	19.175676
1.8028269	1.6137781	-0.0015113001	19.204473
1.7981491	1.6076571	-0.014964793	19.146877
1.7997084	1.6157111	-0.01664648	19.17156
1.7981491	1.6083014	0.070801228	19.146877
1.7997084	1.6176441	-0.0090788892	19.192133
1.7950305	1.6105565	-0.024214068	19.155106
1.7950305	1.6066905	-0.021691538	19.167448
1.7997084	1.5983143	0.011942193	19.167448
1.7965899	1.6015359	-0.0057155164	19.17156
1.8012676	1.5854278	-0.0015113001	19.134537
1.7965899	1.5834948	0.0018520731	19.134537
1.8043861	1.5834948	0.012783037	19.150991
1.7981491	1.587683	0.0052154465	19.155106
1.7965899	1.5925153	0.0026929164	19.130421
1.7997084	1.5883273	0.0052154465	19.15922
1.7934712	1.5883273	-0.012442263	19.15922
1.7934712	1.5999252	0.016987253	19.163334
1.7997084	1.6018581	-0.021691538	19.167448
1.7981491	1.6002473	0.0010112298	19.155106
1.7997084	1.5986365	-0.0048746732	19.15922
1.7934712	1.6144224	-0.0048746732	19.183905
1.7934712	1.6182884	-0.023373226	19.150991
1.7981491	1.6047575	-0.0090788892	19.146877
1.7965899	1.6079792	0.0052154465	19.204473
1.7965899	1.6054019	-0.014964793	19.179789
1.8059454	1.5986365	-0.014123949	19.15922
1.7997084	1.6018581	0.01110135	19.175676
1.7997084	1.5944483	0.0060562897	19.167448
1.8043861	1.6041132	0.0018520731	19.167448
1.7934712	1.6108787	0.0094196629	19.17156
1.7950305	1.6025025	-0.021691538	19.15922
1.7903527	1.6066905	-0.013283106	19.163334
1.8012676	1.6150668	-0.0040338296	19.188017
1.7981491	1.6198993	-0.0040338296	19.196245
1.7887934	1.6105565	-0.01160142	19.167448
1.7997084	1.6131338	-0.0040338296	19.192133
1.7965899	1.6102344	0.0018520731	19.134537
1.7981491	1.6076571	0.15656725	19.15922
1.7997084	1.6018581	-0.01664648	19.150991
1.7997084	1.5963813	-0.029259128	19.167448
1.7903527	1.5947706	0.0094196629	19.167448
1.7997084	1.5915489	-0.01160142	19.15922
1.7887934	1.5983143	-0.0082380464	19.167448
1.7965899	1.5921932	0.0094196629	19.146877
1.8043861	1.59767	-0.012442263	19.146877
1.7981491	1.5831727	0.021191468	19.11808
1.8012676	1.5996029	-0.00067045673	19.163334
1.8012676	1.5979922	-0.014964793	19.146877
1.8012676	1.6008916	0.0035337596	19.175676
1.7965899	1.6047575	-0.015805636	19.188017
1.8012676	1.6063684	0.039690021	19.183905
1.7950305	1.6182884	-0.0099197328	19.179789
1.7981491	1.6131338	-0.014964793	19.15922
1.7997084	1.5979922	-0.0090788892	19.150991
1.8028269	1.5950927	0.015305566	19.17156
1.7981491	1.5934819	0.0085788192	19.146877
1.8012676	1.5986365	-0.010760576	19.175676
1.7965899	1.5944483	-0.010760576	19.155106
1.7965899	1.5963813	-0.01160142	19.179789
1.8012676	1.5983143	0.0068971328	19.17156
1.7965899	1.6034689	-0.030940816	19.179789
1.7965899	1.5889716	-0.0073972028	19.142763
1.7934712	1.5902603	-0.028418286	19.167448
1.8012676	1.5928376	0.043053396	19.142763
1.7965899	1.5973479	-0.014123949	19.15922
1.7965899	1.5963813	-0.018328166	19.15922
1.7981491	1.5979922	0.0060562897	19.15922
1.7934712	1.6086235	-0.021691538	19.167448
1.7997084	1.6031468	0.04221255	19.163334
1.7981491	1.5950927	-0.0023521434	19.138649
1.8043861	1.6008916	0.0052154465	19.146877
1.7965899	1.5970256	0.053984355	19.138649
1.7950305	1.5886494	-0.0099197328	19.142763
1.7950305	1.5873607	-0.0040338296	19.175676
1.8028269	1.5854278	0.0094196629	19.155106
1.7934712	1.5912267	-0.021691538	19.150991
1.7981491	1.5909046	0.010260507	19.15922
1.7997084	1.5947706	-0.0099197328	19.17156
1.7997084	1.593804	0.017828096	19.11808
1.7950305	1.6008916	0.026236527	19.150991
1.7997084	1.6144224	-0.041030932	19.167448
1.791912	1.6092678	0.0010112298	19.175676
1.7981491	1.6182884	-0.0090788892	19.200359
1.8012676	1.6150668	0.011942193	19.196245
1.8028269	1.6244096	0.060711108	19.200359
1.7997084	1.6227987	-0.023373226	19.204473
1.7981491	1.6057241	0.01110135	19.130421
1.7981491	1.6028246	-0.026736598	19.155106
1.7934712	1.6050798	0.017828096	19.175676
1.7997084	1.6166776	-0.018328166	19.200359
1.7981491	1.6008916	0.0001703865	19.17156
1.7934712	1.6015359	0.0018520731	19.167448
1.7950305	1.5915489	0.0068971328	19.17156
1.7950305	1.6021802	0.014464723	19.183905
1.7981491	1.6028246	-0.017487323	19.167448
1.791912	1.6089457	-0.024214068	19.179789
1.7981491	1.6018581	-0.012442263	19.163334
1.7950305	1.6008916	0.016987253	19.167448
1.7950305	1.6025025	0.014464723	19.150991
1.7997084	1.6050798	0.022032311	19.167448
1.8012676	1.6095901	-0.0090788892	19.192133
1.8012676	1.6095901	-0.030940816	19.163334
1.7934712	1.6128117	0.0085788192	19.167448
1.8059454	1.6025025	-0.024214068	19.142763
1.7981491	1.6050798	-0.025054913	19.175676
1.7950305	1.6044354	0.0094196629	19.167448
1.7965899	1.6018581	0.022032311	19.167448
1.8043861	1.5844613	0.0094196629	19.142763
1.7950305	1.5902603	-0.012442263	19.200359
1.7934712	1.5854278	-0.0057155164	19.138649
1.7903527	1.5970256	0.0001703865	19.17156
1.7981491	1.593804	0.0094196629	19.138649
1.7997084	1.6066905	-0.0090788892	19.188017
1.7950305	1.59767	0.007737976	19.130421
1.8028269	1.6021802	0.013623879	19.142763
1.7981491	1.6021802	0.034644961	19.167448
1.791912	1.6099122	-0.028418286	19.179789
1.7981491	1.6057241	-0.017487323	19.163334
1.791912	1.6008916	0.0010112298	19.15922
1.7934712	1.617322	0.0018520731	19.196245
1.7997084	1.6166776	-0.0031929866	19.155106
1.8012676	1.6060462	-0.0057155164	19.146877
1.7981491	1.6099122	-0.0031929866	19.17156
1.7965899	1.6050798	-0.021691538	19.196245
1.7934712	1.5963813	0.016987253	19.163334
1.7997084	1.5863943	0.0060562897	19.15922
1.7997084	1.5867164	-0.018328166	19.142763
1.7981491	1.5863943	0.020350626	19.15922
1.7950305	1.5886494	0.019509783	19.150991
1.7997084	1.5886494	0.0052154465	19.142763
1.7965899	1.5892937	0.0094196629	19.142763
1.8012676	1.5947706	0.05230267	19.183905
1.7981491	1.5973479	0.01110135	19.175676
1.7965899	1.5863943	-0.01160142	19.142763
1.8012676	1.5889716	-0.0023521434	19.155106
1.8012676	1.6041132	-0.0031929866	19.188017
1.8059454	1.5970256	0.0035337596	19.134537
1.7981491	1.5941262	0.011942193	19.150991
1.7950305	1.5970256	-0.0082380464	19.150991
1.8012676	1.6066905	-0.021691538	19.196245
1.7965899	1.6121674	-0.00067045673	19.183905
1.7903527	1.611523	-0.01160142	19.183905
1.8012676	1.5989586	-0.0090788892	19.15922
1.7950305	1.5999252	-0.033463344	19.150991
1.7997084	1.59767	0.017828096	19.155106
1.7981491	1.5992808	0.0018520731	19.134537
1.8043861	1.6005695	0.0001703865	19.150991
1.7950305	1.6047575	-0.0073972028	19.15922
1.7997084	1.6121674	-0.00067045673	19.175676
1.8012676	1.6121674	-0.0090788892	19.17156
1.7965899	1.6079792	-0.0040338296	19.188017
1.7981491	1.6131338	-0.0082380464	19.17156
1.7965899	1.6089457	-0.0023521434	19.167448
1.8012676	1.6118451	0.0052154465	19.15922
1.7997084	1.5970256	0.14647713	19.155106
1.7981491	1.6044354	-0.020009853	19.167448
1.8028269	1.6073349	-0.0048746732	19.188017
1.7981491	1.6050798	-0.01160142	19.183905
1.7981491	1.6028246	0.015305566	19.212702
1.8028269	1.59767	-0.0040338296	19.155106
1.7934712	1.589938	-0.0031929866	19.15922
1.7981491	1.5909046	-0.023373226	19.146877
1.7981491	1.5941262	0.026236527	19.179789
1.8028269	1.5934819	-0.010760576	19.167448
1.7950305	1.6018581	-0.020850696	19.175676
1.8012676	1.5979922	0.087618083	19.15922
1.7965899	1.6037911	-0.012442263	19.17156
1.7997084	1.5996029	0.048098456	19.150991
1.7997084	1.6021802	-0.013283106	19.163334
1.791912	1.6112008	-0.0040338296	19.179789
1.7950305	1.6050798	0.013623879	19.15922
1.7997084	1.6041132	-0.018328166	19.142763
1.7997084	1.5992808	-0.0015113001	19.142763
1.791912	1.6031468	-0.0015113001	19.188017
1.7950305	1.5963813	-0.030940816	19.150991
1.7997084	1.5886494	-0.0057155164	19.163334
1.7950305	1.5870386	0.0018520731	19.155106
1.8012676	1.5793067	0.0035337596	19.150991
1.7981491	1.5896159	0.0035337596	19.155106
1.7997084	1.5863943	-0.0048746732	19.142763
1.8012676	1.5947706	0.017828096	19.15922
1.7981491	1.59767	0.022032311	19.192133
1.7950305	1.6041132	-0.028418286	19.150991
1.8028269	1.6108787	0.016987253	19.183905
1.8012676	1.6044354	0.0060562897	19.167448
1.7981491	1.6137781	-0.0023521434	19.196245
1.7950305	1.6112008	0.0094196629	19.15922
1.7950305	1.6108787	0.022873154	19.155106
1.8012676	1.6089457	0.029599901	19.15922
1.7997084	1.6005695	0.010260507	19.15922
1.7997084	1.6002473	-0.0048746732	19.179789
1.8028269	1.59767	-0.0065563596	19.175676
1.7965899	1.5934819	-0.0031929866	19.146877
1.8012676	1.5970256	0.01110135	19.17156
1.7981491	1.5902603	-0.014964793	19.146877
1.7997084	1.6057241	-0.023373226	19.163334
1.7965899	1.6066905	0.025395684	19.163334
1.7981491	1.5989586	0.023713998	19.150991
1.7965899	1.6163554	-0.014964793	19.204473
1.7997084	1.6121674	-0.028418286	19.167448
1.7981491	1.6079792	-0.0015113001	19.167448
1.7997084	1.6083014	0.095185675	19.155106
1.7981491	1.6124895	-0.0057155164	19.167448
1.7997084	1.6083014	-0.0099197328	19.142763
1.7965899	1.6108787	0.059029419	19.175676
1.7950305	1.6141003	-0.0023521434	19.163334
1.7965899	1.6079792	0.027077371	19.163334
1.8028269	1.6028246	0.030440746	19.15922
1.8012676	1.5947706	-0.0057155164	19.196245
1.8059454	1.6066905	0.060711108	19.17156
1.7950305	1.6157111	-0.021691538	19.200359
1.7965899	1.6076571	0.0052154465	19.138649
1.7950305	1.6012138	-0.025895756	19.167448
1.7950305	1.59767	0.0043746028	19.146877
1.7981491	1.6079792	-0.0090788892	19.175676
1.7950305	1.6095901	-0.018328166	19.163334
1.7965899	1.6083014	0.0060562897	19.146877
1.7950305	1.6079792	-0.01160142	19.167448
1.7934712	1.6182884	0.012783037	19.196245
1.7997084	1.6224766	-0.023373226	19.196245
1.7981491	1.6124895	0.010260507	19.17156
1.8012676	1.6112008	-0.030099971	19.150991
1.7965899	1.6054019	0.03128159	19.155106
1.7981491	1.6050798	0.0035337596	19.183905
1.8012676	1.6025025	-0.0015113001	19.188017
1.7997084	1.6034689	-0.048598524	19.196245
1.7934712	1.6095901	-0.014123949	19.175676
1.7950305	1.5973479	0.0026929164	19.150991
1.7997084	1.5915489	0.010260507	19.150991
1.7997084	1.5902603	0.0001703865	19.134537
1.7997084	1.5960592	0.034644961	19.150991
1.7965899	1.6028246	-0.0099197328	19.196245
1.8012676	1.6018581	0.0043746028	19.167448
1.8028269	1.6044354	-0.0099197328	19.175676
1.8043861	1.615389	-0.0073972028	19.17156
1.7934712	1.6057241	0.092663154	19.179789
1.8028269	1.6047575	0.0068971328	19.15922
1.7950305	1.6179663	0.017828096	19.175676
1.7965899	1.6182884	-0.0015113001	19.15922
1.7981491	1.6124895	-0.01664648	19.179789
1.7981491	1.6018581	-0.25376427	19.167448
1.7997084	1.6102344	0.0060562897	19.167448
1.8012676	1.6070127	0.022873154	19.15922
1.7965899	1.593804	0.018668938	19.163334
1.7950305	1.5928376	0.0043746028	19.146877
1.7981491	1.6037911	0.018668938	19.17156
1.7981491	1.5934819	0.0052154465	19.146877
1.7981491	1.5931597	-0.0073972028	19.146877
1.7950305	1.5963813	0.0035337596	19.15922
1.7997084	1.6028246	0.021191468	19.167448
1.7965899	1.6063684	0.0010112298	19.163334
1.7981491	1.6057241	-0.0073972028	19.163334
1.8028269	1.6195771	0.022032311	19.183905
1.7997084	1.6066905	0.018668938	19.167448
1.8012676	1.6205436	-0.021691538	19.188017
1.7997084	1.6108787	-0.024214068	19.15922
1.7950305	1.5992808	0.0001703865	19.175676
1.8075047	1.6034689	-0.0023521434	19.183905
1.7965899	1.5954149	0.012783037	19.192133
1.7981491	1.5909046	-0.0048746732	19.15922
1.7997084	1.5851057	0.007737976	19.134537
1.7997084	1.595737	-0.025895756	19.175676
1.7997084	1.5909046	-0.014123949	19.142763
1.7981491	1.59767	0.0026929164	19.17156
1.7981491	1.5963813	0.0010112298	19.163334
1.7997084	1.6050798	0.0060562897	19.188017
1.7950305	1.6102344	-0.013283106	19.179789
1.8012676	1.6186106	0.0094196629	19.196245
1.7981491	1.6221544	0.088458933	19.15922
1.8090639	1.6086235	0.033804119	19.155106
1.8012676	1.6034689	-0.020850696	19.175676
1.7997084	1.6050798	0.016987253	19.142763
1.8012676	1.6157111	-0.029259128	19.192133
1.7981491	1.6092678	0.014464723	19.179789
1.7997084	1.6089457	-0.01160142	19.17156
1.7981491	1.5970256	0.0060562897	19.155106
1.8059454	1.6060462	0.045575924	19.17156
1.7950305	1.5986365	-0.015805636	19.15922
1.8043861	1.5909046	-0.0048746732	19.146877
1.8012676	1.5979922	0.022032311	19.155106
1.8012676	1.5983143	0.012783037	19.146877
1.7934712	1.6144224	-0.0023521434	19.192133
1.7997084	1.6166776	0.0010112298	19.179789
1.7981491	1.6160333	0.0010112298	19.163334
1.8012676	1.6205436	-0.0090788892	19.167448
1.8028269	1.6102344	-0.010760576	19.17156
1.7965899	1.6083014	-0.0048746732	19.150991
1.7950305	1.5950927	0.022032311	19.138649
1.7981491	1.5963813	-0.0040338296	19.167448
1.8012676	1.6025025	0.030440746	19.179789
1.7981491	1.6079792	-0.020009853	19.175676
1.7981491	1.6028246	0.012783037	19.179789
1.7997084	1.5986365	0.018668938	19.183905
1.7981491	1.6060462	-0.025054913	19.212702
1.7981491	1.6086235	0.0085788192	19.167448
1.7965899	1.6063684	0.014464723	19.167448
1.7903527	1.6157111	0.0035337596	19.179789
1.791912	1.6124895	0.0068971328	19.15922
1.7997084	1.62151	-0.021691538	19.183905
1.7997084	1.6282755	-0.18901934	19.200359
1.7965899	1.6179663	-0.01916901	19.175676
1.7981491	1.6208657	-0.039349247	19.192133
1.8043861	1.6192549	-0.0073972028	19.175676
1.7981491	1.6160333	-0.0040338296	19.17156
1.8012676	1.6063684	0.019509783	19.15922
1.7950305	1.6189327	-0.01916901	19.179789
1.7981491	1.6198993	0.0018520731	19.175676
1.8043861	1.6018581	0.032963276	19.15922
1.7981491	1.611523	-0.017487323	19.204473
1.7965899	1.6102344	0.0035337596	19.167448
1.7965899	1.5928376	-0.020850696	19.130421
1.7981491	1.5867164	-0.029259128	19.138649
1.8043861	1.5947706	0.007737976	19.155106
1.7950305	1.6050798	-0.021691538	19.163334
1.8059454	1.6083014	0.16329399	19.167448
1.8168603	1.6083014	0.0094196629	19.15922
1.8605196	1.6092678	0.013623879	19.17156
1.9275682	1.6157111	-0.0031929866	19.130421
2.0694613	1.6160333	-0.0040338296	19.085167
2.2643697	1.6025025	-0.01664648	19.015228
2.4982595	1.5947706	-0.0015113001	19.007
2.7446237	1.5912267	0.0043746028	18.916492
3.0174954	1.5789845	0.01614641	18.858896
3.2919264	1.5754408	-0.00067045673	18.805414
3.5725944	1.5722191	-0.024214068	18.747818
3.8470254	1.579951	-0.01916901	18.673765
4.1588788	1.5657759	0.0043746028	18.595598
4.4878845	1.5487012	0.14563629	18.500977
4.8511939	1.5429022	0.036326651	18.44338
5.2160625	1.5454795	-0.022532383	18.369328
5.598083	1.5448352	-0.014123949	18.315844
6.0284414	1.5393585	-0.0048746732	18.262363
6.426055	1.5354925	0.0035337596	18.192423
6.84238	1.5248611	0.0085788192	18.110144
7.2462306	1.5151962	0.0035337596	18.040205
7.7296042	1.5139076	-0.30757824	18.011406
8.131896	1.5122968	-0.0065563596	17.925013
8.6059141	1.5081086	-0.0073972028	17.90033
9.0066462	1.4997324	-0.00067045673	17.805706
9.4292097	1.4958664	-0.017487323	17.797478
9.946887	1.4894232	0.026236527	17.719313
10.32579	1.4868459	-0.0057155164	17.6576
10.827876	1.4881345	-0.010760576	17.620575
11.286302	1.4871681	-0.030099971	17.595892
11.735373	1.4884567	0.0043746028	17.501268
12.217189	1.4804026	0.0010112298	17.447786
12.641312	1.4826578	-0.017487323	17.406647
13.063875	1.4762145	0.0068971328	17.353163
13.59091	1.4700934	0.0085788192	17.307909
13.985406	1.473315	0.0043746028	17.27911
14.468781	1.4665496	-0.047757678	17.192717
14.896023	1.459462	0.007737976	17.143349
15.327942	1.4543074	-0.0015113001	17.106321
15.778573	1.4491528	0.0018520731	17.028156
16.185545	1.4401323	-0.0082380464	17.007586
16.614346	1.4301451	-0.21424463	16.966446
17.019758	1.4259571	-0.012442263	16.937647
17.429848	1.4266014	0.0043746028	16.908848
17.81811	1.4169365	0.038008336	16.855368
18.203251	1.414037	0.0010112298	16.810112
18.499514	1.410171	0.0010112298	16.781315
18.934553	1.412104	0.017828096	16.719604
19.262001	1.4104933	-0.0040338296	16.666122
19.65494	1.4056607	0.072482914	16.624981
19.994864	1.412104	-0.0040338296	16.620867
20.359735	1.4124262	-0.0099197328	16.579727
20.698099	1.4017948	-0.0040338296	16.563271
21.031786	1.3950294	-0.01664648	16.505674
21.370152	1.4024391	0.007737976	16.505674
21.702276	1.4124262	-0.01160142	16.452192
21.996981	1.4072716	-0.0031929866	16.431622
22.324432	1.3992175	0.034644961	16.378141
22.630053	1.3872975	0.022032311	16.374025
22.926313	1.3885862	0.0085788192	16.341114
23.21946	1.3876196	-0.0023521434	16.312317
23.507927	1.3702228	-0.0057155164	16.246492
23.788599	1.3682898	-0.010760576	16.258833
24.067711	1.376344	-0.0082380464	16.242376
24.334349	1.3821429	-0.035145033	16.225922
24.588512	1.3737667	0.11788845	16.164211
24.834881	1.3689342	-0.017487323	16.135412
25.078129	1.3682898	0.01614641	16.135412
25.297989	1.3634574	-0.0015113001	16.094273
25.525644	1.3673234	-0.04523515	16.090158
25.747063	1.3666791	-0.021691538	16.040791
25.959126	1.3711894	-0.030099971	16.024334
26.141563	1.3608801	-0.0065563596	15.974966
26.350508	1.3766661	-0.041030932	16.02022
26.531384	1.3718337	-0.046075992	15.983194
26.713823	1.3753774	-0.042712618	16.003763
26.879107	1.3576585	-0.046916839	15.91737
27.033476	1.3544369	-0.036826719	15.921483
27.187845	1.346705	-0.043553464	15.888571
27.346893	1.3476714	-0.041871779	15.909142
27.496586	1.3518596	-0.069619603	15.876229
27.638479	1.3515373	-0.062052015	15.855659
27.774137	1.3483157	-0.37484568	15.830975
27.898882	1.3496044	-0.093163215	15.814519
28.014269	1.3492823	-0.10745756	15.802177
28.134335	1.3415504	-0.10829839	15.76515
28.235687	1.3496044	-0.10493501	15.773378
28.330805	1.3402617	0.019509783	15.736353
28.411888	1.3463827	-0.16043067	15.72401
28.489851	1.3479936	-0.15790814	15.719897
28.549107	1.3425168	-0.1570673	15.686985
28.595886	1.3376844	-0.23358402	15.686985
28.623951	1.3405838	-0.2369474	15.6623
28.641104	1.3334962	-0.27478534	15.649958
28.644222	1.3318855	-0.28319377	15.654073
28.613037	1.3276973	-0.27898955	15.608817
28.577173	1.327053	-0.34877953	15.604704
28.513243	1.3167437	-0.40427518	15.563564
28.424362	1.3132	-0.47154263	15.567677
28.31521	1.3283416	-0.50013131	15.58002
28.184231	1.3257643	-0.52283406	15.542994
28.014269	1.319321	-0.6699816	15.505968
27.802206	1.3228649	-0.70277441	15.530652
27.557396	1.3296303	-0.74733907	15.493625
27.267368	1.3386508	-0.86842048	15.464828
26.93836	1.3283416	-0.96932161	15.444257
26.548536	1.327053	-1.1349676	15.444257
26.094784	1.3228649	-1.2577306	15.403116
25.577101	1.3177103	-1.3956288	15.378432
24.984573	1.3035351	-1.5831367	15.353748
24.323435	1.2977362	-1.7361699	15.34552
23.579655	1.2970918	-1.7344882	15.312608
22.740759	1.2977362	-2.1902249	15.279696
21.817665	1.2922593	-2.3684835	15.24267
20.791656	1.2983805	-2.7956309	15.255012
19.651821	1.2958032	-3.0327487	15.180959
18.427788	1.2932259	-3.2782743	15.148046
17.058741	1.2909707	-3.8811576	15.115134
15.572748	1.2784064	-4.2183352	15.049311
13.991643	1.2809837	-4.4504075	15.024626
12.34349	1.2877491	-5.3820591	14.96703
10.540971	1.2842053	-5.8251824	14.913548
8.7805529	1.2774398	-6.8350315	14.839496
6.7956018	1.2693858	-7.3992357	14.7531
4.9759355	1.2420019	-8.0164127	13.971437
3.4587679	1.0155214	-9.4752703	7.858006
1.77476	0.78485292	-10.269023	4.2746987
0.7284928	0.78646374	-10.269023	8.5244761
0.37298033	0.9066304	-10.452326	12.243548
0.42131752	1.0090781	-10.450644	13.629973
0.58815891	1.0789875	-10.443076	13.835674
0.73317057	1.1173249	-10.462417	13.683456
0.73940766	1.1405206	-10.454848	13.502439
0.63493687	1.1324666	-10.4456	13.292624
0.48368815	1.1269897	-10.482595	13.128064
1.2913877	1.1128147	-10.425419	12.959389
3.1266439	1.1050828	-10.446441	12.803056
2.1770506	1.1008946	-10.454007	12.687862
1.1572908	1.0967065	-10.469984	12.506845
0.83140433	1.08382	-10.441395	12.362856
0.7378484	1.0770545	-10.443076	12.218864
0.43067312	1.0690005	-10.481755	12.111901
0.34491354	1.0564361	-10.449803	12.000822
0.33555797	1.0461268	-10.450644	11.94734
0.32776162	1.0429053	-10.475869	11.926769
0.36674324	1.0393615	-10.461576	11.869173
0.54449946	1.0274415	-10.499413	11.799235
1.1183091	1.0151993	-10.448122	11.758095
1.3677918	1.0132663	-10.427941	11.696384
1.4597883	1.0071452	-10.468302	11.589419
1.8106232	1.0007019	-10.364038	11.503026
2.1255949	0.98749328	-10.467461	11.396061
2.3516886	0.98942626	-10.453167	11.338465
2.6370342	0.98749328	-10.304338	11.231501
2.9816322	0.98717111	-10.446441	11.16979
3.3277893	0.97621757	-10.479233	11.071054
3.6474392	0.97299594	-10.459894	11.009343
3.9093959	0.96816349	-10.469984	10.955861
4.2945352	0.95559913	-10.397672	10.902379
4.6734371	0.94947809	-10.472507	10.853011
4.9463091	0.9523775	-10.454007	10.857125
5.3376851	0.9362694	-10.478392	10.774844
5.7259431	0.94045752	-10.448122	10.758389
6.0721011	0.94432348	-10.804638	10.75016
6.438529	0.94174618	-10.47671	10.746046
6.7924833	0.94754511	-10.444759	10.713134
7.1589112	0.94980025	-10.462417	10.684336
7.4894767	0.94883376	-10.482595	10.684336
7.8013306	0.94496781	-10.449803	10.62674
8.0835581	0.94657862	-10.452326	10.602056
8.5373058	0.93465859	-10.472507	10.573257
8.8039417	0.93949103	-10.468302	10.585599
9.1672516	0.94690078	-10.460734	10.544459
9.4073801	0.93788022	-10.411966	10.511547
9.8159084	0.93111479	-10.457372	10.507433
10.057595	0.94303483	-10.457372	10.544459
10.360094	0.93111479	-10.465779	10.499205
10.634527	0.91887259	-10.446441	10.470407
10.890247	0.92628235	-10.372446	10.470407
11.152205	0.92209423	-10.481755	10.453951
11.382977	0.92563802	-10.48596	10.429267
11.61219	0.91855043	-10.321156	10.408696
11.828929	0.91307366	-10.460734	10.375784
12.036312	0.91307366	-10.460734	10.392241
12.237459	0.90695256	-10.45569	10.3511
12.444843	0.91500664	-10.471665	10.367557
12.641312	0.91178501	-10.408603	10.318188
12.77229	0.91822827	-10.46662	10.3511
12.925099	0.91855043	-10.4456	10.297618
13.104415	0.91758394	-10.459053	10.301732
13.233835	0.91210717	-10.494368	10.277048
13.400677	0.91178501	-10.460734	10.272934
13.533216	0.91726178	-10.471665	10.28939
13.664196	0.91114068	-10.463257	10.264706
13.781141	0.90727472	-10.472507	10.256477
13.89185	0.89632124	-10.452326	10.22768
14.000999	0.8966434	-10.452326	10.22768
14.094555	0.89728773	-10.475029	10.24825
14.189671	0.9066304	-10.461576	10.219452
14.289465	0.90340877	-10.411124	10.211224
14.38458	0.89889848	-10.458212	10.20711
14.482814	0.91210717	-10.474188	10.252364
14.582608	0.91017419	-10.45569	10.240023
14.671487	0.90373093	-10.465779	10.194768
14.757247	0.90276444	-10.385059	10.219452
14.825855	0.91017419	-10.478392	10.22768
14.894464	0.91629529	-10.467461	10.219452
14.96619	0.91210717	-10.448122	10.194768
15.017646	0.90727472	-10.484279	10.198882
15.07534	0.90598607	-10.458212	10.20711
15.125237	0.90566391	-10.464098	10.231794
15.170455	0.89567691	-10.475029	10.153627
15.210997	0.90695256	-10.475029	10.190654
15.26713	0.89342177	-10.451485	10.149513
15.309231	0.89148879	-10.429624	10.149513
15.360686	0.89793199	-10.467461	10.141286
15.401228	0.89309961	-10.464098	10.128943
15.444888	0.89825416	-10.467461	10.153627
15.486988	0.89825416	-10.467461	10.124829
15.52441	0.90212011	-10.393467	10.133058
15.552478	0.90179795	-10.464098	10.128943
15.585222	0.89760983	-10.463257	10.104259
15.614849	0.89857632	-10.46662	10.100145
15.653831	0.89632124	-10.436351	10.112488
15.681898	0.88762283	-10.35647	10.075461
15.706846	0.89245528	-10.450644	10.133058
15.748946	0.8844012	-10.458212	10.096031
15.78793	0.88923365	-10.45569	10.112488
15.817555	0.88891149	-10.460734	10.133058
15.848741	0.89374393	-10.377492	10.124829
15.884604	0.89116663	-10.474188	10.096031
15.911112	0.88730067	-10.446441	10.096031
15.945416	0.88536769	-10.369082	10.071347
15.971924	0.89245528	-10.440554	10.124829
15.993754	0.89020014	-10.319473	10.079576
16.010904	0.89245528	-10.494368	10.08369
16.024939	0.89116663	-10.464938	10.075461
16.04365	0.90405309	-10.464098	10.133058
16.059242	0.89889848	-10.468302	10.067233
16.073277	0.89889848	-10.4456	10.075461
16.096664	0.8966434	-10.464098	10.071347
16.109138	0.89535475	-10.474188	10.08369
16.123173	0.88762283	-10.400194	10.063119
16.135647	0.88472337	-10.448122	10.050777
16.155918	0.88762283	-10.227822	10.067233
16.168392	0.88762283	-10.477551	10.059005
16.183985	0.89696556	-10.462417	10.079576
16.199577	0.88601202	-10.611244	10.042549
16.205814	0.8905223	-10.477551	10.050777
16.218288	0.88633418	-10.459053	10.046663
16.233883	0.88730067	-10.467461	10.046663
16.254152	0.89309961	-10.467461	10.075461
16.269745	0.89793199	-10.395149	10.063119
16.291576	0.89954281	-10.46662	10.075461
16.308727	0.89245528	-10.45653	10.059005
16.32432	0.90340877	-10.477551	10.050777
16.344591	0.89181095	-10.440554	10.026093
16.357065	0.8905223	-10.427101	10.038435
16.375776	0.88633418	-10.468302	10.050777
16.383574	0.887945	-10.478392	10.034321
16.399166	0.88279039	-10.490164	10.050777
16.399166	0.88762283	-10.448122	10.034321
16.406961	0.89245528	-10.431305	10.030207
16.416317	0.89181095	-10.472507	10.026093
16.422554	0.89374393	-10.453167	10.046663
16.430351	0.90179795	-10.454848	10.021979
16.431911	0.90179795	-10.452326	10.030207
16.445944	0.90083146	-10.448963	10.021979
16.445944	0.90469742	-10.438032	10.026093
16.450623	0.90018713	-10.457372	10.005523
16.466213	0.89922065	-10.454848	10.026093
16.47245	0.90695256	-10.475869	10.034321
16.491163	0.89277744	-10.327882	10.030207
16.489603	0.89922065	-10.488482	10.030207
16.502077	0.90598607	-10.467461	10.034321
16.514551	0.89696556	-10.459894	10.034321
16.525467	0.89471042	-10.471665	10.054892
16.539499	0.89245528	-10.349744	10.017865
16.539499	0.88987797	-10.469144	10.026093
16.556652	0.87989092	-10.432146	9.9972944
16.566008	0.8757028	-10.475869	9.9972944
16.575363	0.89084446	-10.459053	10.026093
16.589397	0.88568985	-10.395149	9.9972944
16.594074	0.88633418	-10.465779	10.042549
16.608109	0.8966434	-10.438032	10.026093
16.612785	0.90952986	-10.464098	10.042549
16.619024	0.90373093	-10.459894	10.001409
16.620583	0.90244228	-10.441395	10.030207
16.623701	0.88826716	-10.442237	9.9767246
16.62838	0.89728773	-10.479233	10.001409
16.625261	0.88923365	-10.395989	9.9767246
16.625261	0.89535475	-10.467461	9.9931812
16.633057	0.89020014	-10.363197	9.9890671
16.631498	0.87860227	-10.469984	9.9808388
16.639294	0.87956876	-10.471665	9.9767246
16.647091	0.87441415	-10.464098	9.9931812
16.648649	0.8782801	-10.478392	9.9849529
16.662683	0.8782801	-10.464938	9.9849529
16.665802	0.87248117	-10.460734	9.9643831
16.670479	0.88536769	-10.459894	9.9931812
16.684513	0.88955581	-10.446441	9.9767246
16.69075	0.88858932	-10.486801	9.9767246
16.698547	0.88375688	-10.471665	9.9849529
16.701666	0.88826716	-10.463257	9.9849529
16.704784	0.88858932	-10.479233	10.001409
16.715698	0.88472337	-10.341335	9.9808388
16.717258	0.88472337	-10.475029	10.001409
16.717258	0.88891149	-10.461576	9.9849529
16.721935	0.89245528	-10.473348	9.9890671
16.726614	0.87763578	-10.438872	9.9684963
16.729733	0.87892443	-10.387582	10.005523
16.734411	0.88826716	-10.4456	10.001409
16.729733	0.89728773	-10.485119	9.9808388
16.742207	0.89245528	-10.452326	9.9767246
16.743765	0.88117957	-10.477551	9.9767246
16.748444	0.88504553	-10.464098	9.9808388
16.746885	0.88923365	-10.462417	9.9684963
16.750002	0.88246822	-10.462417	9.9438124
16.757799	0.88472337	-10.453167	9.960269
16.759359	0.887945	-10.480074	9.9643831
16.759359	0.88601202	-10.440554	9.9396982
16.764036	0.88987797	-10.471665	9.9561548
16.759359	0.89116663	-10.471665	9.9890671
16.774952	0.89084446	-10.447281	9.9643831
16.779629	0.88762283	-10.448963	9.9643831
16.781189	0.88665634	-10.49521	9.9890671
16.795223	0.8818239	-10.452326	9.9767246
16.790545	0.8695817	-10.42626	9.9438124
16.795223	0.87022603	-10.471665	9.9438124
16.804577	0.86893737	-10.452326	9.9643831
16.807697	0.86442709	-10.446441	9.9520407
16.807697	0.86797088	-10.468302	9.9438124
16.806137	0.86539358	-10.457372	9.9232426
16.809256	0.88214606	-10.46662	10.005523
16.804577	0.88762283	-10.459053	9.9520407
16.807697	0.89213312	-10.337972	9.9438124
16.807697	0.89020014	-10.460734	9.9561548
16.820171	0.89116663	-10.469984	9.9849529
16.815493	0.9030866	-10.411124	9.9808388
16.827967	0.89148879	-10.460734	9.9314709
16.826408	0.89213312	-10.360675	9.9643831
16.838882	0.88891149	-10.454848	9.9684963
16.831085	0.89374393	-10.474188	9.9561548
16.837322	0.88891149	-10.335449	9.9520407
16.843559	0.87505847	-10.45653	9.9273567
16.848238	0.88343471	-10.447281	10.001409
16.841999	0.88407904	-10.463257	9.960269
16.848238	0.8818239	-10.496891	9.9561548
16.848238	0.87473631	-10.413648	9.9355841
16.852915	0.87634712	-10.461576	9.9396982
16.852915	0.87924659	-10.305179	9.9520407
16.854475	0.87924659	-10.474188	9.9396982
16.860712	0.88053524	-10.464938	9.9561548
16.868509	0.88279039	-10.427101	9.9726105
16.870068	0.89309961	-10.483438	9.9684963
16.870068	0.88536769	-10.45653	9.9561548
16.876305	0.88150173	-10.459894	9.9438124
16.882542	0.88246822	-10.447281	9.9561548
16.880983	0.88053524	-10.780253	9.9438124
16.876305	0.87409198	-10.450644	9.9232426
16.882542	0.86797088	-10.45569	9.9314709
16.879423	0.86925954	-10.472507	9.9438124
16.8841	0.88504553	-10.482595	9.9438124
16.877863	0.87892443	-10.389263	9.9191284
16.879423	0.87699145	-10.464938	9.9232426
16.890337	0.87344766	-10.452326	9.9273567
16.891897	0.87763578	-10.45569	9.9150143
16.898134	0.88117957	-10.446441	9.9191284
16.902811	0.87505847	-10.34554	9.9273567
16.913727	0.87538064	-10.451485	9.9273567
16.913727	0.8905223	-10.45653	9.960269
16.919964	0.88568985	-10.472507	9.9396982
16.915285	0.88762283	-10.459053	9.9479265
16.915285	0.88665634	-10.384218	9.9232426
16.919964	0.87666929	-10.474188	9.9396982
16.919964	0.88085741	-10.461576	9.960269
16.919964	0.87924659	-10.473348	9.9438124
16.926201	0.87441415	-10.443918	9.9355841
16.919964	0.87505847	-10.858452	9.9520407
16.921522	0.88214606	-10.453167	9.960269
16.919964	0.87183684	-10.453167	9.9314709
16.923082	0.86829305	-10.457372	9.9150143
16.926201	0.88117957	-10.4456	9.9355841
16.927759	0.87441415	-10.305179	9.9396982
16.93088	0.87763578	-10.475869	9.9232426
16.937117	0.8844012	-10.444759	9.9355841
16.932438	0.88568985	-10.464098	9.9273567
16.933998	0.89599907	-10.465779	9.9438124
16.933998	0.89084446	-10.452326	9.9109001
16.940235	0.89116663	-10.487641	9.9396982
16.940235	0.887945	-10.447281	9.9273567
16.944912	0.8844012	-10.383377	9.9314709
16.944912	0.88633418	-10.457372	9.9355841
16.948032	0.87924659	-10.4456	9.8985586
16.946472	0.88021308	-10.457372	9.9232426
16.955828	0.87473631	-10.469984	9.9314709
16.955828	0.87441415	-10.401035	9.9150143
16.963623	0.87248117	-10.471665	9.9232426
16.963623	0.87344766	-10.475869	9.9109001
16.965183	0.8782801	-10.474188	9.8985586
16.965183	0.87505847	-10.444759	9.8944445
16.963623	0.88407904	-10.415329	9.9232426
16.97142	0.88504553	-10.451485	9.9232426
16.963623	0.88858932	-10.497732	9.9191284
16.963623	0.88246822	-10.45653	9.9273567
16.968302	0.88279039	-10.46662	9.9109001
16.966743	0.8695817	-10.311065	9.8903303
16.968302	0.87119251	-10.46662	9.9150143
16.97298	0.88697851	-10.463257	9.9438124
16.974539	0.88826716	-10.472507	9.9520407
16.979218	0.89116663	-10.475029	9.9479265
16.983894	0.88117957	-10.394308	9.9273567
16.990131	0.87312549	-10.446441	9.9026728
16.991692	0.88311255	-10.452326	9.9561548
16.99325	0.87699145	-10.461576	9.906786
16.996368	0.87538064	-10.472507	9.9232426
16.990131	0.87441415	-10.443918	9.9150143
16.99325	0.87312549	-10.471665	9.9232426
16.997929	0.88246822	-10.473348	9.9561548
16.99481	0.88407904	-10.465779	9.9109001
16.99325	0.88407904	-10.48596	9.9273567
17.004166	0.88665634	-10.422056	9.9314709
17.004166	0.89020014	-10.475029	9.9479265
17.004166	0.88601202	-10.460734	9.9191284
17.005724	0.88407904	-10.444759	9.906786
17.008842	0.88536769	-10.459894	9.9232426
17.008842	0.87795794	-10.441395	9.9109001
17.010403	0.87699145	-10.496891	9.9314709
17.013521	0.86764872	-10.436351	9.9109001
17.010403	0.87280333	-10.422896	9.8985586
17.010403	0.87087035	-10.464938	9.9273567
17.004166	0.87763578	-10.429624	9.8985586
17.013521	0.87376982	-10.469984	9.8985586
17.013521	0.87666929	-10.443076	9.9026728
17.015079	0.89696556	-10.403557	9.9314709
17.019758	0.887945	-10.447281	9.9150143
17.024435	0.88246822	-10.45653	9.8985586
17.032232	0.88568985	-10.451485	9.9273567
17.029114	0.87602496	-10.448122	9.882102
17.029114	0.872159	-10.422056	9.8862162
17.032232	0.87409198	-10.438872	9.9026728
17.041588	0.87699145	-10.464938	9.9314709
17.033792	0.86893737	-10.463257	9.8862162
17.04003	0.8695817	-10.475029	9.9026728
17.04003	0.86313844	-10.338813	9.9109001
17.038469	0.86636007	-10.450644	9.9314709
17.044706	0.8695817	-10.471665	9.9026728
17.041588	0.86700439	-10.45653	9.8862162
17.033792	0.87795794	-10.439713	9.9150143
17.038469	0.87312549	-10.309383	9.8903303
17.038469	0.8757028	-10.467461	9.9026728
17.043148	0.8844012	-10.450644	9.9150143
17.046267	0.88730067	-10.462417	9.906786
17.052504	0.88891149	-10.464098	9.8944445
17.052504	0.88923365	-10.315269	9.8862162
17.055622	0.90373093	-10.464938	9.9232426
17.05718	0.89986497	-10.4456	9.8985586
17.058741	0.90083146	-10.448122	9.8903303
17.058741	0.89213312	-10.451485	9.8985586
17.052504	0.89632124	-10.329563	9.9396982
17.063417	0.88762283	-10.459053	9.9150143
17.061859	0.87956876	-10.45569	9.8903303
17.05718	0.86539358	-10.440554	9.8779879
17.058741	0.87634712	-10.483438	9.9109001
17.069654	0.87634712	-10.353948	9.9026728
17.069654	0.87860227	-10.487641	9.8903303
17.064978	0.87054819	-10.472507	9.8697605
17.07901	0.87376982	-10.471665	9.9150143
17.077452	0.8844012	-10.448963	9.9396982
17.083689	0.88311255	-10.31611	9.8985586
17.088366	0.88472337	-10.442237	9.906786
17.083689	0.88665634	-10.457372	9.9150143
17.08057	0.88568985	-10.451485	9.9191284
17.08057	0.88923365	-10.479233	9.906786
17.07901	0.88472337	-10.454007	9.882102
17.077452	0.88601202	-10.458212	9.9150143
17.083689	0.88633418	-10.454007	9.9150143
17.083689	0.88085741	-10.461576	9.8985586
17.083689	0.87312549	-10.458212	9.9150143
17.083689	0.86732656	-10.423738	9.882102
17.091484	0.87441415	-10.449803	9.8985586
17.088366	0.872159	-10.451485	9.8903303
17.093044	0.86861521	-10.458212	9.882102
17.093044	0.88343471	-10.459894	9.9150143
17.093044	0.88697851	-10.435509	9.906786
17.099281	0.89277744	-10.489323	9.9150143
17.10084	0.8905223	-10.447281	9.8903303
17.099281	0.89342177	-10.434669	9.8985586
17.099281	0.88343471	-10.463257	9.8697605
17.099281	0.87699145	-10.321156	9.8656464
17.105518	0.87956876	-10.467461	9.882102
17.105518	0.87183684	-10.454848	9.8779879
17.099281	0.87312549	-10.408603	9.882102
17.10084	0.87183684	-10.45653	9.882102
17.111755	0.86861521	-10.768481	9.8862162
17.116434	0.86571574	-10.45653	9.8985586
17.108637	0.86442709	-10.457372	9.8738737
17.113314	0.87344766	-10.392627	9.882102
17.111755	0.85927248	-10.454007	9.8615322
17.113314	0.86603791	-10.474188	9.8697605
17.105518	0.86152762	-10.446441	9.8615322
17.10396	0.86474925	-10.467461	9.8985586
17.107077	0.87731361	-10.411124	9.8985586
17.113314	0.8818239	-10.467461	9.9026728
17.111755	0.88730067	-10.471665	9.9026728
17.105518	0.89535475	-10.434669	9.8944445
17.110197	0.8905223	-10.491845	9.9026728
17.111755	0.89471042	-10.808001	9.9026728
17.111755	0.89309961	-10.449803	9.8985586
17.113314	0.88214606	-10.451485	9.8862162
17.113314	0.88214606	-10.443076	9.906786
17.110197	0.87924659	-10.461576	9.8985586
17.116434	0.87602496	-10.279954	9.8656464
17.119553	0.86829305	-10.469984	9.882102
17.113314	0.86764872	-10.460734	9.882102
17.121111	0.87538064	-10.472507	9.8985586
17.119553	0.87699145	-10.473348	9.8862162
17.114874	0.87022603	-10.443918	9.8738737
17.12579	0.86571574	-10.440554	9.8903303
17.119553	0.86442709	-10.465779	9.8779879
17.117992	0.87409198	-10.457372	9.8779879
17.108637	0.88407904	-10.464938	9.8944445
17.108637	0.88504553	-10.418693	9.8944445
17.1024	0.88536769	-10.481755	9.8903303
17.099281	0.87666929	-10.457372	9.8574181
17.093044	0.87602496	-10.452326	9.882102
17.089926	0.87473631	-10.464938	9.8985586
17.083689	0.86893737	-10.448963	9.8779879
17.069654	0.872159	-10.468302	9.8779879
17.066536	0.872159	-10.452326	9.882102
17.058741	0.88214606	-10.481755	9.9026728
17.043148	0.88053524	-10.481755	9.8656464
17.036909	0.8782801	-10.389263	9.8656464
17.033792	0.87473631	-10.454007	9.8985586
17.018198	0.87892443	-10.461576	9.8985586
17.005724	0.87860227	-10.482595	9.8944445
16.996368	0.87409198	-10.442237	9.8697605
16.983894	0.87409198	-10.410284	9.9109001
16.968302	0.86700439	-10.461576	9.8862162
16.948032	0.87763578	-10.485119	9.8985586
16.932438	0.86603791	-10.475029	9.9026728
16.915285	0.87860227	-10.448122	9.9314709
16.898134	0.87312549	-10.432146	9.9232426
16.879423	0.87441415	-10.491845	9.8985586
16.857594	0.87505847	-10.465779	9.9109001
16.838882	0.86249411	-10.433827	9.8985586
16.818611	0.87183684	-10.475869	9.906786
16.793663	0.87344766	-10.475869	9.8985586
16.770273	0.86603791	-10.451485	9.8656464
16.743765	0.88053524	-10.440554	9.9520407
16.721935	0.8844012	-10.454848	9.9026728
16.696987	0.88826716	-10.483438	9.9109001
16.678276	0.88858932	-10.459053	9.9109001
16.651768	0.88633418	-10.429624	9.9191284
16.629938	0.88536769	-10.454848	9.8944445
16.601871	0.87731361	-10.465779	9.8985586
16.575363	0.88343471	-10.471665	9.9191284
16.545736	0.87892443	-10.475869	9.9273567
16.523909	0.87602496	-10.903017	9.8985586
16.500519	0.87699145	-10.497732	9.9109001
16.466213	0.87699145	-10.494368	9.9314709
16.439707	0.87731361	-10.45569	9.9191284
16.417877	0.88536769	-10.481755	9.9314709
16.391369	0.86571574	-10.427941	9.8944445
16.350828	0.87634712	-10.448122	9.9232426
16.321201	0.87731361	-10.457372	9.9355841
16.290016	0.88504553	-10.41617	9.9396982
16.258831	0.89471042	-10.459053	9.9643831
16.227646	0.88955581	-10.393467	9.960269
16.185545	0.88665634	-10.494368	9.9520407
16.163713	0.89503258	-10.450644	9.9643831
16.124733	0.89728773	-10.31611	9.9684963
16.088869	0.89696556	-10.449803	9.9561548
16.057684	0.89148879	-10.454848	9.9438124
16.026499	0.86829305	-10.452326	9.9273567
15.987515	0.86668223	-10.454007	9.9314709
15.951653	0.86797088	-10.371606	9.9767246
15.918908	0.87699145	-10.464098	9.9849529
15.881485	0.88085741	-10.472507	9.9684963
15.844063	0.87119251	-10.475869	9.9396982
15.803521	0.87022603	-10.441395	9.9684963
15.772336	0.87183684	-10.337131	9.9643831
15.727118	0.87763578	-10.475029	9.960269
15.691254	0.87634712	-10.470825	9.9643831
15.649154	0.88214606	-10.446441	9.9643831
15.611731	0.89213312	-10.454848	9.9972944
15.569631	0.88987797	-10.429624	9.9643831
15.522852	0.89471042	-10.480914	9.9972944
15.479192	0.89309961	-10.465779	10.001409
15.444888	0.89503258	-10.459894	9.9890671
15.391873	0.88730067	-10.468302	9.9808388
15.337298	0.88697851	-10.472507	9.9890671
15.28896	0.88762283	-10.427101	9.9890671
15.2453	0.88311255	-10.467461	9.9849529
15.187608	0.87989092	-10.41701	9.9931812
15.143948	0.89181095	-10.481755	10.034321
15.087814	0.89116663	-10.491845	10.001409
15.033239	0.88568985	-10.467461	10.001409
14.983341	0.88472337	-10.467461	10.013751
14.928768	0.88021308	-10.45569	10.038435
14.871075	0.89471042	-10.458212	10.042549
14.805584	0.88762283	-10.459053	10.017865
14.754128	0.89245528	-10.454007	10.042549
14.685521	0.90695256	-10.454848	10.079576
14.623149	0.89309961	-10.451485	10.017865
14.552982	0.89599907	-10.467461	10.063119
14.489051	0.89954281	-10.479233	10.034321
14.417325	0.89922065	-10.330404	10.059005
14.345598	0.88697851	-10.454848	10.034321
14.267634	0.88730067	-10.464938	10.054892
14.183434	0.88923365	-10.48596	10.075461
14.102351	0.88891149	-10.442237	10.063119
14.019711	0.87892443	-10.27575	10.046663
13.924594	0.8844012	-10.482595	10.096031
13.82636	0.89567691	-10.477551	10.108374
13.718769	0.89181095	-10.492686	10.079576
13.612739	0.88504553	-10.475029	10.112488
13.50359	0.89148879	-10.378332	10.116602
13.381966	0.90018713	-10.484279	10.1454
13.254107	0.90083146	-10.469984	10.124829
13.129364	0.90469742	-10.465779	10.116602
13.00774	0.90083146	-10.448122	10.149513
12.853372	0.90179795	-10.391786	10.153627
12.708361	0.90888554	-10.491845	10.16597
12.55711	0.89793199	-10.452326	10.153627
12.396505	0.89503258	-10.452326	10.153627
12.231222	0.8940661	-10.454007	10.198882
12.059702	0.90179795	-10.35647	10.20711
11.888182	0.89728773	-10.45569	10.20711
11.704187	0.90083146	-10.451485	10.22768
11.521753	0.8966434	-10.448122	10.231794
11.339317	0.90405309	-10.462417	10.252364
11.153765	0.90695256	-10.500254	10.285275
10.963532	0.91017419	-10.459053	10.285275
10.776421	0.91983908	-10.469984	10.314074
10.58307	0.91565096	-10.402717	10.309959
10.395958	0.90791905	-10.443918	10.318188
10.19949	0.91790611	-10.469144	10.3511
10.013936	0.9214499	-10.452326	10.33053
9.8736019	0.92982614	-10.460734	10.396355
9.6802511	0.93111479	-10.420374	10.375784
9.4822245	0.92660451	-10.469144	10.416924
9.3075867	0.92563802	-10.440554	10.400468
9.1173553	0.91919476	-10.425419	10.425153
8.9473944	0.91210717	-10.453167	10.43338
8.8039417	0.91790611	-10.419534	10.482749
8.5887623	0.91081852	-10.472507	10.466292
8.4390726	0.90888554	-10.434669	10.490977
8.2550783	0.9240272	-10.352266	10.499205
8.0788813	0.92048341	-10.46662	10.540345
7.9120388	0.93465859	-10.40608	10.552688
7.7545524	0.94722295	-10.472507	10.585599
7.5892696	0.93659157	-10.475029	10.565029
7.4271059	0.93755805	-10.411124	10.597941
7.2774158	0.93465859	-10.463257	10.581486
7.1277261	0.9301483	-10.457372	10.60617
6.9749179	0.92918181	-10.451485	10.614397
6.8283463	0.93788022	-10.454007	10.643196
6.6911306	0.94013536	-10.443918	10.663766
6.5461187	0.94818944	-10.45653	10.700792
6.4057846	0.94786727	-10.462417	10.70902
6.2716875	0.94335699	-10.427101	10.717248
6.1297936	0.94142401	-10.463257	10.717248
6.0034933	0.9459343	-10.363197	10.741932
5.8771925	0.94013536	-10.478392	10.737818
5.7508917	0.94013536	-10.46662	10.774844
5.6277094	0.94496781	-10.443918	10.803642
5.5123234	0.94303483	-10.470825	10.799528
5.3875818	0.95366615	-10.47671	10.853011
5.2799926	0.95720994	-10.477551	10.848897
5.1677251	0.95334399	-10.474188	10.857125
5.0601358	0.9584986	-10.331245	10.853011
4.9478683	0.9610759	-10.457372	10.898265
4.8449569	0.967197	-10.45569	10.898265
4.9104462	0.96912998	-10.465779	10.918836
4.7514005	0.96397537	-10.462417	10.914721
4.639133	0.96075374	-10.407762	10.976431
4.6001515	0.95753211	-10.454007	10.980545
4.4894438	0.94464564	-10.468302	10.972317
4.4005651	0.95688778	-10.454007	11.001115
4.2898574	0.94786727	-10.450644	10.992887
4.2009792	0.95656562	-10.452326	11.025799
4.1089821	0.95431048	-10.447281	11.021685
4.0076299	0.96590835	-10.480914	11.054597
3.926548	0.96977431	-10.449803	11.066939
3.8283143	0.97557324	-10.467461	11.091623
3.7363174	0.97428459	-10.412807	11.095737
3.6443207	0.98845977	-10.452326	11.124536
3.5601201	0.98266083	-10.475029	11.10808
3.4696829	0.98298299	-10.46662	11.12865
3.3886008	0.98105001	-10.464938	11.140991
3.3090782	0.97525108	-10.468302	11.157448
3.2311149	0.96204239	-10.438032	11.132764
3.1531515	0.96300888	-10.465779	11.16979
3.0814254	0.96526402	-10.440554	11.182132
3.0174954	0.96848565	-10.496049	11.21093
2.939532	0.98137218	-10.472507	11.219158
2.875602	0.98137218	-10.480914	11.194474
2.7976387	0.98491597	-10.462417	11.239728
2.7383866	0.98523813	-10.407762	11.264412
2.6651011	0.98523813	-10.440554	11.280869
2.6089675	0.97815055	-10.472507	11.280869
2.5465968	0.98137218	-10.430465	11.284983
2.4811077	0.99103707	-10.45653	11.326122
2.4187369	0.99297005	-10.434669	11.313781
2.3657219	0.99554735	-10.481755	11.317895
2.3111475	0.99458086	-10.467461	11.334351
2.2503362	0.99554735	-10.411966	11.359035
2.2004397	0.9916814	-10.460734	11.342579
2.1505432	0.99522519	-10.4456	11.396061
2.0959687	0.99844682	-10.473348	11.396061
2.0491908	0.99393654	-10.454848	11.404289
2.0008538	0.99200356	-10.458212	11.400175
1.9571941	1.0019906	-10.470825	11.449543
1.9072976	0.9978025	-10.484279	11.433087
1.8558419	0.99361438	-10.47671	11.449543
1.8184195	0.99683601	-10.448963	11.478341
1.768523	0.99973547	-10.4456	11.478341
1.721745	0.99103707	-10.453167	11.478341
1.6749671	0.99748033	-10.432146	11.498912
1.6375446	0.99683601	-10.454007	11.498912
1.5907667	1.0023128	-10.465779	11.511253
1.5517851	1.0000576	-10.308542	11.503026
1.5190405	1.0090781	-10.454007	11.544166
1.4784995	1.010689	-10.468302	11.535938
1.4722625	1.016488	-10.380014	11.577078
1.4348402	1.0203539	-10.492686	11.626447
1.3631139	1.0097225	-10.452326	11.572964
1.3599954	1.0039235	-10.493526	11.589419
1.3178951	1.0084338	-10.471665	11.626447
1.2835913	1.0135884	-10.3859	11.655244
1.2508467	1.0090781	-10.475029	11.651131
1.2149836	1.0116554	-10.45653	11.675815
1.1947131	1.0029571	-10.45569	11.675815
1.1619686	1.0090781	-10.467461	11.679928
1.1183091	1.0203539	-10.444759	11.733411
1.0777682	1.016488	-10.468302	11.700499
1.0621756	1.0151993	-10.448122	11.733411
1.0325496	1.0267972	-10.454007	11.774551
1.0044829	1.0329182	-10.479233	11.786893
0.97953451	1.0432274	-10.432146	11.791007
0.94678998	1.0445161	-10.471665	11.786893
0.92184168	1.0296966	-10.485119	11.770436
0.90157121	1.0309852	-10.319473	11.807464
0.88286006	1.0232533	-10.471665	11.79512
0.86414886	1.0190653	-10.458212	11.836261
0.84387839	1.016488	-10.497732	11.828032
0.82204872	1.0193874	-10.457372	11.836261
0.800219	1.0287302	-10.443076	11.852716
0.78774488	1.0300188	-10.427101	11.877401
0.77059299	1.0242199	-10.452326	11.852716
0.75344104	1.0400058	-10.469144	11.897972
0.73628914	1.0416167	-10.482595	11.885629
0.72381496	1.0528923	-10.470825	11.934998
0.71601868	1.0332404	-10.433827	11.881516
0.70354456	1.0377507	-10.463257	11.922656
0.68327409	1.0425831	-10.461576	11.930884
0.67235923	1.0467712	-10.478392	11.96791
0.66300368	1.044194	-10.418693	11.943225
0.65364808	1.0438718	-10.449803	11.976137
0.63337761	1.0454826	-10.484279	12.000822
0.62558126	1.0345291	-10.45569	11.980252
0.60842937	1.0287302	-10.480914	11.972024
0.60531086	1.0255085	-10.340494	11.963797
0.59127748	1.0235755	-10.467461	11.984365
0.58348113	1.0293745	-10.457372	12.05019
0.57724404	1.0412945	-10.401035	12.054305
0.57724404	1.0496707	-10.460734	12.066646
0.56321067	1.0393615	-10.464098	12.066646
0.55073655	1.0406501	-10.479233	12.037848
0.5429402	1.0570804	-10.464098	12.074874
0.53358465	1.0551474	-10.358151	12.066646
0.53358465	1.0593356	-10.484279	12.12013
0.52111053	1.0680339	-10.486801	12.128357
0.51799196	1.0557917	-10.46662	12.074874
0.50863642	1.0416167	-10.452326	12.083102
0.50395858	1.0474155	-10.390945	12.140698
0.50239933	1.0374285	-10.443918	12.103673
0.48992521	1.0525701	-10.48596	12.136585
0.48992521	1.0615907	-10.467461	12.165382
0.4805696	1.0545031	-10.470825	12.161268
0.4758918	1.0551474	-10.35563	12.148927
0.47745109	1.0519258	-10.459053	12.124243
0.46965477	1.054181	-10.483438	12.177724
0.47745109	1.0606242	-10.45653	12.190066
0.46497697	1.0609463	-10.467461	12.173611
0.46185842	1.0615907	-10.374128	12.19418
0.46809548	1.0615907	-10.449803	12.210636
0.45718065	1.058369	-10.448122	12.202408
0.4493843	1.062235	-10.413648	12.190066
0.44470653	1.0664232	-10.461576	12.214751
0.44782501	1.0725442	-10.48596	12.218864
0.44470653	1.0754437	-10.477551	12.247663
0.44626576	1.0686783	-10.460734	12.264119
0.44002873	1.0712556	-10.29593	12.255891
0.43535089	1.0696448	-10.448963	12.23532
0.43379164	1.060302	-10.483438	12.23532
0.42443606	1.0593356	-10.479233	12.227092
0.43067312	1.0599799	-10.475029	12.272347
0.42755461	1.0644902	-10.344698	12.284689
0.43379164	1.0702891	-10.45653	12.284689
0.42443606	1.0722221	-10.472507	12.301145
0.42443606	1.0670675	-10.435509	12.292916
0.42599532	1.0615907	-10.462417	12.30526
0.42911386	1.0590134	-10.329563	12.284689
0.42443606	1.0699669	-10.45569	12.325829
0.41975826	1.062235	-10.477551	12.313487
0.43223241	1.056114	-10.424579	12.334057
0.42443606	1.0532144	-10.451485	12.309373
0.41975826	1.0586913	-10.45653	12.334057
0.42755461	1.0644902	-10.477551	12.362856
0.418199	1.0728664	-10.472507	12.379312
0.41040266	1.0667453	-10.45569	12.325829
0.4135212	1.0686783	-10.465779	12.354628
0.41508049	1.0580469	-10.464098	12.350513
0.42287678	1.0741551	-10.452326	12.399881
0.40572491	1.0731885	-10.46662	12.338172
0.418199	1.0706112	-10.414488	12.338172
0.41040266	1.0638459	-10.468302	12.346399
0.4135212	1.0686783	-10.468302	12.354628
0.418199	1.0841421	-10.454848	12.391653
0.4135212	1.0847864	-10.485119	12.379312
0.41196194	1.0905854	-10.383377	12.383425
0.4088434	1.0896189	-10.478392	12.371084
0.4088434	1.0651345	-10.474188	12.342285
0.4135212	1.0590134	-10.305179	12.358741
0.4088434	1.0709335	-10.461576	12.416337
0.41196194	1.0686783	-10.471665	12.379312
0.4135212	1.0680339	-10.472507	12.375197
0.41040266	1.0632015	-10.471665	12.366969
0.41040266	1.0570804	-10.396831	12.379312
0.4088434	1.0670675	-10.442237	12.366969
0.41196194	1.0767324	-10.491845	12.395768
0.40572491	1.0654566	-10.444759	12.383425
0.41663975	1.0718999	-10.459894	12.420452
0.41663975	1.0728664	-10.402717	12.403996
0.41196194	1.0757658	-10.494368	12.420452
0.41196194	1.078021	-10.494368	12.40811
0.41508049	1.1018611	-10.491005	12.46982
0.41508049	1.0876859	-10.475029	12.383425
0.41040266	1.0831757	-10.358993	12.399881
0.41196194	1.0828534	-10.469144	12.399881
0.41196194	1.0876859	-10.47671	12.436908
0.41196194	1.0847864	-10.450644	12.432794
0.4088434	1.0892967	-10.483438	12.441021
0.4135212	1.0760881	-10.434669	12.42868
0.41508049	1.0805984	-10.448963	12.432794
0.41663975	1.079954	-10.451485	12.420452
0.41040266	1.0731885	-10.47671	12.403996
0.4135212	1.0805984	-10.461576	12.424565
0.4088434	1.0912297	-10.487641	12.436908
0.4135212	1.0863973	-10.439713	12.42868
0.40260637	1.085753	-10.490164	12.416337
0.41040266	1.0725442	-10.371606	12.420452
0.41040266	1.0863973	-10.454007	12.453364
0.4135212	1.0789875	-10.479233	12.399881
0.41663975	1.0773767	-10.458212	12.40811
0.4135212	1.0722221	-10.452326	12.416337
0.41196194	1.0696448	-10.434669	12.420452
0.418199	1.0677118	-10.432987	12.441021
0.41508049	1.0744772	-10.471665	12.449249
0.4135212	1.0715778	-10.363197	12.465706
0.4135212	1.0648123	-10.487641	12.403996
0.41508049	1.0567583	-10.390103	12.403996
0.41196194	1.0551474	-10.472507	12.395768
0.42287678	1.0657789	-10.460734	12.461593
0.41508049	1.0728664	-10.446441	12.42868
0.41975826	1.0731885	-10.459053	12.441021
0.4135212	1.0706112	-10.452326	12.424565
0.42287678	1.0757658	-10.436351	12.42868
0.4135212	1.0754437	-10.458212	12.445136
0.418199	1.0783432	-10.290044	12.461593
0.41040266	1.0796318	-10.45569	12.424565
0.41663975	1.0931627	-10.465779	12.449249
0.4135212	1.078021	-10.447281	12.40811
0.41508049	1.085753	-10.46662	12.457478
0.41508049	1.0802761	-10.344698	12.449249
0.418199	1.0844643	-10.496049	12.445136
0.41508049	1.0783432	-10.454007	12.436908
0.41663975	1.066101	-10.425419	12.399881
0.41508049	1.0538588	-10.457372	12.416337
0.42131752	1.0596577	-10.413648	12.42868
0.418199	1.0593356	-10.450644	12.424565
0.418199	1.0667453	-10.484279	12.424565
0.4088434	1.0828534	-10.364038	12.473933
0.42599532	1.0812427	-10.432987	12.449249
0.41975826	1.0718999	-10.442237	12.416337
0.4135212	1.0786654	-10.440554	12.445136
0.42287678	1.0828534	-10.460734	12.465706
0.41508049	1.0773767	-10.323677	12.424565
0.41196194	1.0651345	-10.446441	12.391653
0.42131752	1.0673896	-10.465779	12.416337
0.41975826	1.0586913	-10.451485	12.395768
0.41663975	1.0754437	-10.470825	12.436908
0.418199	1.0764102	-10.443076	12.436908
0.41975826	1.0854307	-10.494368	12.449249
0.42131752	1.0805984	-10.454007	12.441021
0.418199	1.0731885	-10.442237	12.412224
0.41975826	1.0757658	-10.451485	12.42868
0.41508049	1.0754437	-10.448122	12.42868
0.41508049	1.0651345	-10.462417	12.416337
0.42287678	1.0702891	-10.458212	12.449249
0.42131752	1.0841421	-10.395989	12.461593
0.42287678	1.0834978	-10.451485	12.436908
0.418199	1.0847864	-10.442237	12.449249
0.42131752	1.0725442	-10.425419	12.432794
0.42287678	1.0876859	-10.452326	12.436908
0.42131752	1.0921962	-10.379173	12.461593
0.418199	1.089941	-10.470825	12.436908
0.42131752	1.0825313	-10.461576	12.453364
0.42131752	1.0767324	-10.469144	12.42868
0.42131752	1.0873637	-10.464938	12.494504
0.418199	1.0725442	-10.463257	12.424565
0.42287678	1.0690005	-10.461576	12.432794
0.42131752	1.0606242	-10.480914	12.424565
0.42287678	1.062235	-10.467461	12.42868
0.42599532	1.0644902	-10.467461	12.424565
0.418199	1.0657789	-10.443918	12.432794
0.42755461	1.0776988	-10.458212	12.457478
0.41975826	1.0841421	-10.468302	12.436908
0.42443606	1.0976729	-10.441395	12.457478
0.418199	1.0841421	-10.47671	12.403996
0.41975826	1.0783432	-10.578452	12.391653
0.42911386	1.0680339	-10.474188	12.40811
0.41508049	1.0828534	-10.475869	12.424565
0.42131752	1.0725442	-10.422056	12.416337
0.42131752	1.0776988	-10.475869	12.42868
0.418199	1.0757658	-10.480914	12.420452
0.42911386	1.0593356	-10.432987	12.391653
0.42443606	1.0612686	-10.454007	12.40811
0.42287678	1.0628793	-10.421215	12.40811
0.42131752	1.0851086	-10.464098	12.449249
0.42443606	1.0702891	-10.450644	12.391653
0.42131752	1.0699669	-10.463257	12.416337
0.41975826	1.0722221	-10.480074	12.449249
0.41975826	1.0764102	-10.267342	12.424565
0.42599532	1.0844643	-10.451485	12.42868
0.42131752	1.0876859	-10.469144	12.42868
0.43067312	1.0883303	-10.458212	12.436908
0.42599532	1.0883303	-10.475869	12.403996
0.42599532	1.0931627	-10.431305	12.391653
0.42599532	1.0809205	-10.475029	12.395768
0.41975826	1.0725442	-10.496049	12.379312
0.42287678	1.0754437	-10.460734	12.42868
0.42287678	1.0638459	-10.47671	12.38754
0.42287678	1.0690005	-10.473348	12.38754
0.42131752	1.0606242	-10.447281	12.375197
0.42443606	1.062235	-10.469144	12.395768
0.41975826	1.0677118	-10.321996	12.391653
0.41975826	1.0773767	-10.491845	12.424565
0.41975826	1.0715778	-10.478392	12.395768
0.41975826	1.0760881	-10.488482	12.40811
0.42131752	1.0731885	-10.427941	12.395768
0.41508049	1.0731885	-10.482595	12.403996
0.42443606	1.0873637	-10.667582	12.412224
0.42443606	1.0825313	-10.459894	12.416337
0.418199	1.078021	-10.461576	12.395768
0.418199	1.0828534	-10.308542	12.403996
0.41975826	1.0786654	-10.463257	12.379312
0.42599532	1.0738329	-10.459053	12.420452
0.418199	1.0706112	-10.469144	12.403996
0.42443606	1.060302	-10.470825	12.424565
0.41663975	1.0564361	-10.337972	12.38754
0.42599532	1.0525701	-10.435509	12.375197
0.42287678	1.0538588	-10.430465	12.366969
0.418199	1.0564361	-10.488482	12.38754
0.41975826	1.0619129	-10.448122	12.379312
0.42287678	1.0767324	-10.432987	12.432794
0.42131752	1.079954	-10.480074	12.416337
0.418199	1.0834978	-10.454007	12.42868
0.42287678	1.0796318	-10.459894	12.403996
0.41975826	1.0889746	-10.459894	12.420452
0.418199	1.0892967	-10.444759	12.403996
0.42131752	1.0822091	-10.480914	12.432794
0.41975826	1.0699669	-10.444759	12.403996
0.41508049	1.0680339	-10.425419	12.403996
0.41663975	1.0715778	-10.442237	12.436908
0.42131752	1.0673896	-10.424579	12.40811
0.42599532	1.0635237	-10.457372	12.432794
0.42131752	1.0651345	-10.484279	12.420452
0.41975826	1.0841421	-10.424579	12.461593
0.42287678	1.0744772	-10.496049	12.420452
0.418199	1.0815648	-10.471665	12.416337
0.42287678	1.0741551	-10.494368	12.403996
0.41663975	1.0812427	-10.484279	12.436908
0.42131752	1.0783432	-10.389263	12.420452
0.418199	1.0744772	-10.448963	12.40811
0.41975826	1.0889746	-10.463257	12.432794
0.41508049	1.0822091	-10.438032	12.432794
0.41975826	1.0860751	-10.451485	12.424565
0.41663975	1.0741551	-10.395149	12.395768
0.41663975	1.0731885	-10.463257	12.416337
0.42131752	1.0776988	-10.441395	12.42868
0.42131752	1.0760881	-10.390103	12.416337
0.418199	1.0722221	-10.477551	12.403996
0.41508049	1.0677118	-10.450644	12.395768
0.41975826	1.0670675	-10.436351	12.412224
0.418199	1.064168	-10.493526	12.403996
0.41508049	1.0677118	-10.41617	12.38754
0.418199	1.0825313	-10.47671	12.436908
0.41663975	1.0825313	-10.461576	12.403996
0.42131752	1.0796318	-10.454007	12.424565
0.41975826	1.0735108	-10.462417	12.412224
0.41508049	1.0883303	-10.421215	12.453364
0.41663975	1.0754437	-10.465779	12.403996
0.418199	1.0789875	-10.451485	12.424565
0.418199	1.0744772	-10.487641	12.424565
0.41508049	1.0690005	-10.467461	12.416337
0.41663975	1.0731885	-10.443076	12.432794
0.418199	1.0702891	-10.490164	12.441021
0.41196194	1.0854307	-10.460734	12.457478
0.41663975	1.0815648	-10.486801	12.465706
0.41508049	1.0690005	-10.448963	12.40811
0.42287678	1.0831757	-10.34554	12.461593
0.42287678	1.0867194	-10.459894	12.445136
0.41975826	1.0802761	-10.49521	12.441021
0.41663975	1.0706112	-10.440554	12.412224
0.42131752	1.0699669	-10.448122	12.445136
0.42287678	1.0677118	-10.448963	12.420452
0.41663975	1.0760881	-10.489323	12.449249
0.41975826	1.0741551	-10.460734	12.436908
0.42443606	1.0909076	-10.378332	12.465706
0.42443606	1.0757658	-10.446441	12.441021
0.41975826	1.0902632	-10.441395	12.494504
0.42131752	1.0834978	-10.468302	12.420452
0.42131752	1.0870416	-10.450644	12.465706
0.41508049	1.0851086	-10.429624	12.457478
0.418199	1.0863973	-10.459053	12.46982
0.41663975	1.0741551	-10.444759	12.424565
0.41508049	1.0706112	-10.501095	12.42868
0.41663975	1.0574026	-10.442237	12.412224
0.42287678	1.064168	-10.387582	12.432794
0.41663975	1.0657789	-10.457372	12.445136
0.4135212	1.0744772	-10.479233	12.445136
0.42131752	1.0925183	-10.313587	12.506845
0.41663975	1.0931627	-10.441395	12.461593
0.41663975	1.0825313	-10.411966	12.453364
0.41663975	1.0909076	-10.451485	12.482162
0.4135212	1.0883303	-10.493526	12.46982
0.41508049	1.1021832	-10.792866	12.502732
0.41508049	1.0783432	-10.46662	12.441021
0.418199	1.079954	-10.45653	12.482162
0.418199	1.0744772	-10.451485	12.453364
0.41508049	1.0557917	-10.461576	12.441021
0.418199	1.0535367	-10.290044	12.461593
0.41663975	1.0680339	-10.471665	12.498618
0.41975826	1.0706112	-10.467461	12.498618
0.41508049	1.0702891	-10.482595	12.445136
0.418199	1.0664232	-10.437191	12.457478
0.41663975	1.0725442	-10.316951	12.453364
0.41040266	1.0828534	-10.459894	12.486277
0.40416563	1.0825313	-10.494368	12.46982
0.418199	1.0889746	-10.4456	12.482162
0.4135212	1.0873637	-10.46662	12.461593
0.418199	1.0699669	-10.414488	12.445136
0.41040266	1.0709335	-10.460734	12.436908
0.4135212	1.0841421	-10.443918	12.482162
0.41196194	1.0741551	-10.363197	12.449249
0.418199	1.0744772	-10.46662	12.46982
0.41975826	1.0764102	-10.437191	12.465706
0.41040266	1.0702891	-10.460734	12.453364
0.41196194	1.0638459	-10.425419	12.465706
0.41040266	1.0722221	-10.421215	12.457478
0.41040266	1.0683562	-10.473348	12.441021
0.4088434	1.0590134	-10.487641	12.436908
0.4088434	1.0786654	-10.470825	12.486277
0.41196194	1.0767324	-10.469144	12.436908
0.41040266	1.0844643	-10.353948	12.465706
0.4135212	1.0783432	-10.463257	12.46982
0.4088434	1.0844643	-10.463257	12.49039
0.4088434	1.0989616	-10.458212	12.494504
0.41040266	1.0967065	-10.490164	12.461593
0.40572491	1.0841421	-10.451485	12.46982
0.41196194	1.0944513	-10.45569	12.502732
0.41040266	1.0973508	-10.470825	12.486277
0.4088434	1.0715778	-10.394308	12.42868
0.40416563	1.0757658	-10.444759	12.486277
0.40728414	1.0751215	-10.478392	12.461593
0.4088434	1.0786654	-10.480074	12.494504
0.4088434	1.0657789	-10.435509	12.473933
0.4088434	1.0747994	-10.424579	12.482162
0.40260637	1.0615907	-10.459894	12.445136
0.40416563	1.0657789	-10.459894	12.46982
0.4088434	1.0664232	-10.438032	12.46982
0.40728414	1.0757658	-10.489323	12.515074
0.40572491	1.0844643	-10.481755	12.46982
0.39792857	1.0886524	-10.483438	12.478048
0.4088434	1.085753	-10.462417	12.473933
0.4088434	1.0809205	-10.48596	12.49039
0.40572491	1.0889746	-10.457372	12.498618
0.39948782	1.0941292	-10.478392	12.457478
0.40260637	1.0979952	-10.463257	12.49039
0.4088434	1.0770545	-10.472507	12.465706
0.40572491	1.0709335	-10.448963	12.453364
0.40260637	1.0648123	-10.459053	12.449249
0.40572491	1.0754437	-10.435509	12.46982
0.40260637	1.0683562	-10.470825	12.46982
0.40260637	1.0648123	-10.458212	12.457478
0.40260637	1.062235	-10.47671	12.453364
0.41040266	1.0731885	-10.479233	12.486277
0.41196194	1.0712556	-10.429624	12.461593
0.39948782	1.0690005	-10.477551	12.473933
0.40260637	1.0725442	-10.478392	12.486277
0.40572491	1.0809205	-10.468302	12.502732
0.4088434	1.0979952	-10.443918	12.498618
0.41040266	1.0896189	-10.373287	12.482162
0.4088434	1.081887	-10.45653	12.482162
0.40260637	1.0796318	-10.454848	12.461593
0.41196194	1.0725442	-10.927402	12.461593
0.40572491	1.0651345	-10.471665	12.461593
0.40572491	1.0757658	-10.464098	12.49039
0.40260637	1.0760881	-10.479233	12.482162
0.40572491	1.0735108	-10.464938	12.461593
0.41040266	1.0638459	-10.302656	12.46982
0.40416563	1.0651345	-10.454848	12.482162
0.40572491	1.0834978	-10.4456	12.498618
0.40416563	1.0735108	-10.498572	12.445136
0.40728414	1.0677118	-10.45653	12.453364
0.40572491	1.078021	-10.343858	12.49039
0.40104708	1.091874	-10.478392	12.515074
0.40260637	1.09574	-10.480914	12.498618
0.40572491	1.0789875	-10.454848	12.46982
0.39948782	1.0812427	-10.459053	12.457478
0.40104708	1.0812427	-10.343017	12.510961
0.4088434	1.0683562	-10.440554	12.449249
0.41040266	1.0809205	-10.480914	12.506845
0.41040266	1.0812427	-10.463257	12.49039
0.40728414	1.0757658	-10.464938	12.473933
0.4135212	1.0686783	-10.421215	12.46982
0.4135212	1.0586913	-10.414488	12.478048
0.40728414	1.0670675	-10.46662	12.461593
0.40260637	1.0690005	-10.491005	12.449249
0.40728414	1.0657789	-10.459053	12.453364
0.40728414	1.0673896	-10.349744	12.465706
0.40572491	1.0796318	-10.480914	12.535645
0.41196194	1.0834978	-10.453167	12.519189
0.40260637	1.0886524	-10.47671	12.502732
0.40728414	1.0699669	-10.457372	12.482162
0.40728414	1.0728664	-10.420374	12.494504
0.40572491	1.0738329	-10.451485	12.494504
0.40572491	1.0896189	-10.490164	12.519189
0.4088434	1.1031498	-10.465779	12.527416
0.4088434	1.0960622	-10.45569	12.531529
0.4088434	1.0809205	-10.436351	12.494504
0.40572491	1.0725442	-10.454007	12.478048
0.40728414	1.0693226	-10.461576	12.498618
0.41040266	1.060302	-10.480914	12.498618
0.40572491	1.0586913	-10.496049	12.486277
0.41196194	1.0706112	-10.401875	12.502732
0.41663975	1.0683562	-10.473348	12.498618
0.4135212	1.0760881	-10.452326	12.523302
0.41040266	1.0793097	-10.471665	12.502732
0.41040266	1.0892967	-10.475869	12.515074
0.40572491	1.0851086	-10.685239	12.482162
0.41663975	1.0870416	-10.475869	12.494504
0.40260637	1.0986395	-10.500254	12.523302
0.4088434	1.1086265	-10.489323	12.515074
0.40416563	1.0876859	-10.480914	12.478048
0.40728414	1.0686783	-10.41701	12.461593
0.4135212	1.058369	-10.461576	12.49039
0.40572491	1.079954	-10.454007	12.519189
0.4135212	1.0793097	-10.464098	12.510961
0.41196194	1.0693226	-10.467461	12.46982
0.41196194	1.0776988	-10.327041	12.515074
0.41040266	1.0793097	-10.46662	12.49039
0.41508049	1.0931627	-10.450644	12.523302
0.4135212	1.0892967	-10.454848	12.502732
0.40728414	1.0764102	-10.468302	12.46982
0.41040266	1.0757658	-10.421215	12.502732
0.41196194	1.0722221	-10.469984	12.535645
0.41508049	1.0822091	-10.472507	12.552101
0.41196194	1.0889746	-10.448122	12.535645
0.41040266	1.0844643	-10.473348	12.502732
0.4088434	1.0744772	-10.425419	12.510961
0.41196194	1.0812427	-10.458212	12.515074
0.41040266	1.0870416	-10.482595	12.506845
0.40728414	1.0863973	-10.441395	12.527416
0.41040266	1.0812427	-10.505299	12.506845
0.41196194	1.0886524	-10.480914	12.523302
0.4135212	1.079954	-10.460734	12.515074
0.41040266	1.089941	-10.49521	12.539758
0.41508049	1.0925183	-10.33629	12.547986
0.41196194	1.0986395	-10.462417	12.535645
0.4135212	1.0921962	-10.461576	12.502732
0.4135212	1.0786654	-10.464098	12.510961
0.41040266	1.0741551	-10.434669	12.502732
0.4135212	1.0863973	-10.459053	12.523302
0.41196194	1.0851086	-10.457372	12.494504
0.41508049	1.079954	-10.454848	12.515074
0.41040266	1.0947735	-10.454007	12.531529
0.4088434	1.1008946	-10.461576	12.519189
0.41040266	1.0915519	-10.453167	12.506845
0.41196194	1.0876859	-10.475869	12.519189
0.41040266	1.0822091	-10.447281	12.519189
0.4135212	1.079954	-10.436351	12.502732
0.4088434	1.078021	-10.490164	12.502732
0.4135212	1.08382	-10.493526	12.535645
0.4135212	1.0863973	-10.477551	12.531529
0.41040266	1.0805984	-10.468302	12.494504
0.4088434	1.0725442	-10.461576	12.46982
0.4088434	1.0728664	-10.454848	12.465706
0.40572491	1.0741551	-10.463257	12.502732
0.4088434	1.0863973	-10.488482	12.552101
0.40260637	1.0941292	-10.487641	12.531529
0.4088434	1.0992838	-10.443076	12.556214
0.41040266	1.0954179	-10.461576	12.519189
0.40416563	1.0912297	-10.440554	12.502732
0.40416563	1.0802761	-10.407762	12.510961
0.40572491	1.0718999	-10.438872	12.498618
0.40728414	1.0760881	-10.830704	12.510961
0.41040266	1.0783432	-10.468302	12.519189
0.41040266	1.0715778	-10.441395	12.510961
0.4135212	1.0731885	-10.33629	12.515074
0.40572491	1.0760881	-10.460734	12.510961
0.4088434	1.0760881	-10.468302	12.506845
0.40572491	1.0706112	-10.468302	12.49039
0.40572491	1.078021	-10.464098	12.519189
0.4088434	1.0902632	-10.709623	12.539758
0.40572491	1.0883303	-10.449803	12.523302
0.40416563	1.0876859	-10.467461	12.531529
0.4088434	1.0844643	-10.47671	12.502732
0.40572491	1.0983173	-10.461576	12.527416
0.41040266	1.0992838	-10.439713	12.531529
0.40572491	1.0863973	-10.502776	12.535645
0.40572491	1.0844643	-10.484279	12.523302
0.41196194	1.0773767	-10.436351	12.519189
0.40260637	1.0715778	-10.461576	12.498618
0.40728414	1.064168	-10.404398	12.49039
0.40416563	1.0599799	-10.497732	12.486277
0.4088434	1.0767324	-10.463257	12.535645
0.4135212	1.0751215	-10.429624	12.506845
0.40416563	1.078021	-10.471665	12.519189
0.4088434	1.0709335	-10.446441	12.498618
0.40416563	1.0667453	-10.459894	12.473933
0.4088434	1.0632015	-10.458212	12.49039
0.39792857	1.0767324	-10.472507	12.519189
0.40572491	1.0812427	-10.500254	12.535645
0.40728414	1.0786654	-10.480074	12.502732
0.40416563	1.088008	-10.48596	12.535645
0.4088434	1.0809205	-10.454007	12.510961
0.4088434	1.0970286	-10.690284	12.539758
0.40728414	1.0976729	-10.459894	12.535645
0.40572491	1.0976729	-10.480914	12.552101
0.40572491	1.0909076	-10.454007	12.535645
0.41196194	1.089941	-10.438872	12.535645
0.40416563	1.0851086	-10.379173	12.527416
0.40416563	1.0725442	-10.463257	12.506845
0.40572491	1.0680339	-10.459053	12.535645
0.40572491	1.0760881	-10.307702	12.539758
0.40728414	1.0909076	-10.451485	12.535645
0.4088434	1.0876859	-10.440554	12.531529
0.4088434	1.0851086	-10.465779	12.527416
0.4088434	1.079954	-10.422896	12.523302
0.4088434	1.0925183	-10.422896	12.556214
0.4088434	1.0925183	-10.474188	12.552101
0.40416563	1.1012168	-10.487641	12.535645
0.41196194	1.0876859	-10.461576	12.510961
0.41040266	1.0802761	-10.447281	12.523302
0.39948782	1.0902632	-10.408603	12.515074
0.39792857	1.0760881	-10.474188	12.510961
0.40416563	1.0815648	-10.442237	12.527416
0.40728414	1.0747994	-10.454007	12.527416
0.4088434	1.0744772	-10.447281	12.531529
0.40416563	1.0741551	-10.450644	12.519189
0.41040266	1.066101	-10.491845	12.515074
0.40416563	1.0696448	-10.454007	12.510961
0.40416563	1.0844643	-10.437191	12.523302
0.40728414	1.0834978	-10.471665	12.498618
0.4088434	1.0870416	-10.4456	12.539758
0.40572491	1.0789875	-10.474188	12.564442
0.40572491	1.0854307	-10.448122	12.543873
0.40416563	1.0844643	-10.422896	12.519189
0.40416563	1.0970286	-10.4456	12.556214
0.40572491	1.0844643	-10.457372	12.531529
0.40728414	1.0889746	-10.457372	12.539758
0.40416563	1.0854307	-10.487641	12.539758
0.40260637	1.0870416	-10.421215	12.564442
0.40728414	1.0909076	-10.458212	12.589127
0.40416563	1.0809205	-10.451485	12.535645
0.41040266	1.0847864	-10.439713	12.547986
0.39792857	1.0670675	-10.487641	12.531529
0.40416563	1.0673896	-10.242957	12.564442
0.4088434	1.0725442	-10.452326	12.531529
0.40260637	1.0680339	-10.462417	12.523302
0.40572491	1.0744772	-10.361515	12.543873
0.40416563	1.0809205	-10.47671	12.531529
0.40572491	1.0915519	-10.417851	12.556214
0.4088434	1.0883303	-10.435509	12.560328
0.41196194	1.1008946	-10.461576	12.576785
0.40728414	1.1028275	-10.452326	12.531529
0.40728414	1.089941	-10.444759	12.531529
0.4135212	1.079954	-10.432987	12.531529
0.40260637	1.0783432	-10.452326	12.535645
0.40728414	1.0667453	-10.475869	12.527416
0.39948782	1.0548253	-10.261456	12.506845
0.40260637	1.0606242	-10.453167	12.535645
0.40416563	1.0628793	-10.454007	12.531529
0.40728414	1.0731885	-10.472507	12.539758
0.4088434	1.0718999	-10.473348	12.535645
0.40572491	1.0847864	-10.464938	12.547986
0.4088434	1.1002502	-10.491005	12.609697
0.40416563	1.0889746	-10.464938	12.531529
0.40728414	1.089941	-10.448963	12.57267
0.40260637	1.0954179	-10.477551	12.57267
0.40104708	1.0941292	-10.463257	12.576785
0.4088434	1.0883303	-10.47671	12.547986
0.40572491	1.085753	-10.464938	12.556214
0.40572491	1.0896189	-10.329563	12.560328
0.40572491	1.0947735	-10.474188	12.576785
0.4088434	1.0979952	-10.447281	12.580898
0.40572491	1.0863973	-10.444759	12.564442
0.40572491	1.0802761	-10.443076	12.547986
0.40104708	1.0673896	-10.429624	12.535645
0.40572491	1.0667453	-10.446441	12.556214
0.40728414	1.0793097	-10.457372	12.576785
0.40104708	1.0789875	-10.491005	12.535645
0.40104708	1.0851086	-10.454007	12.564442
0.40572491	1.0896189	-10.81725	12.564442
0.4088434	1.0983173	-10.452326	12.589127
0.40260637	1.1008946	-10.475869	12.585013
0.40260637	1.09574	-10.459894	12.560328
0.40572491	1.0886524	-10.488482	12.552101
0.40104708	1.0876859	-10.386741	12.556214
0.40416563	1.089941	-10.443918	12.560328
0.40572491	1.0834978	-10.448963	12.547986
0.4088434	1.0747994	-10.458212	12.556214
0.40572491	1.0825313	-10.497732	12.601469
0.40572491	1.08382	-10.421215	12.585013
0.40728414	1.0873637	-10.442237	12.593241
0.40728414	1.0764102	-10.463257	12.568557
0.39948782	1.0883303	-10.464938	12.593241
0.40416563	1.0834978	-10.462417	12.57267
0.40728414	1.08382	-10.353107	12.547986
0.40416563	1.0802761	-10.490164	12.552101
0.39948782	1.0822091	-10.48596	12.543873
0.40572491	1.0793097	-10.411966	12.556214
0.40572491	1.0805984	-10.470825	12.564442
0.40728414	1.0834978	-10.424579	12.593241
0.40104708	1.1002502	-10.470825	12.593241
0.41040266	1.0979952	-10.448963	12.580898
0.40728414	1.0809205	-10.446441	12.556214
0.41040266	1.079954	-10.427941	12.564442
0.41508049	1.0854307	-10.430465	12.601469
0.40416563	1.0809205	-10.448122	12.57267
0.40104708	1.0876859	-10.464938	12.576785
0.4088434	1.0770545	-10.268183	12.568557
0.4088434	1.0815648	-10.450644	12.593241
0.40728414	1.0844643	-10.475869	12.593241
0.39792857	1.085753	-10.464098	12.57267
0.40728414	1.0941292	-10.451485	12.580898
0.39948782	1.0815648	-10.430465	12.589127
0.40416563	1.0925183	-10.459053	12.589127
0.40260637	1.0828534	-10.443918	12.564442
0.40104708	1.0834978	-10.472507	12.560328
0.40104708	1.0941292	-10.4456	12.609697
0.40260637	1.0822091	-10.314428	12.547986
0.39636928	1.0844643	-10.479233	12.556214
0.39792857	1.079954	-10.444759	12.552101
0.40416563	1.0863973	-10.410284	12.580898
0.39792857	1.0896189	-10.468302	12.576785
0.40104708	1.0702891	-10.550705	12.560328
0.40104708	1.0725442	-10.47671	12.576785
0.39792857	1.0764102	-10.485119	12.543873
0.40260637	1.0741551	-10.438872	12.57267
0.39948782	1.0744772	-10.472507	12.547986
0.40260637	1.0760881	-10.48596	12.564442
0.40260637	1.0873637	-10.459894	12.576785
0.40260637	1.0950956	-10.489323	12.593241
0.39636928	1.0770545	-10.427101	12.535645
0.40260637	1.0841421	-10.462417	12.589127
0.40416563	1.0744772	-10.464098	12.564442
0.40572491	1.0947735	-10.464938	12.622039
0.40416563	1.0960622	-10.462417	12.57267
0.40416563	1.091874	-10.422056	12.589127
0.40572491	1.0851086	-10.462417	12.57267
0.40572491	1.085753	-10.462417	12.568557
0.39792857	1.0883303	-10.430465	12.589127
0.40260637	1.089941	-10.489323	12.613811
0.40728414	1.0912297	-10.401875	12.609697
0.39948782	1.0747994	-10.467461	12.552101
0.40416563	1.0764102	-10.434669	12.57267
0.40104708	1.0667453	-10.339654	12.585013
0.40260637	1.0709335	-10.4456	12.556214
0.40104708	1.0796318	-10.484279	12.589127
0.39792857	1.0886524	-10.472507	12.601469
0.40416563	1.0905854	-10.448122	12.613811
0.40260637	1.0870416	-10.383377	12.593241
0.40572491	1.0921962	-10.471665	12.576785
0.40260637	1.0992838	-10.498572	12.597354
0.40416563	1.0967065	-10.48596	12.593241
0.4088434	1.0950956	-10.440554	12.576785
0.39792857	1.1025054	-10.411966	12.568557
0.40416563	1.0967065	-10.460734	12.593241
0.40416563	1.0960622	-10.454848	12.601469
0.39948782	1.0889746	-10.471665	12.605582
0.40416563	1.0841421	-10.454848	12.580898
0.39792857	1.0886524	-10.419534	12.593241
0.40104708	1.0786654	-10.467461	12.564442
0.39948782	1.0809205	-10.469984	12.589127
0.39792857	1.0747994	-10.463257	12.568557
0.40104708	1.0825313	-10.459053	12.609697
0.40572491	1.0854307	-10.307702	12.568557
0.40104708	1.1012168	-10.475869	12.597354
0.40104708	1.0947735	-10.464098	12.585013
0.39636928	1.0989616	-10.492686	12.634381
0.40416563	1.1092708	-10.480074	12.609697
0.39481002	1.1086265	-10.351425	12.589127
0.40104708	1.0909076	-10.454007	12.576785
0.40104708	1.0931627	-10.499413	12.613811
0.40104708	1.093807	-10.457372	12.609697
0.40260637	1.1012168	-10.470825	12.622039
0.40260637	1.0902632	-10.429624	12.597354
0.40104708	1.0776988	-10.431305	12.601469
0.40104708	1.0770545	-10.438872	12.593241
0.40104708	1.0793097	-10.41701	12.585013
0.39636928	1.0696448	-10.454007	12.564442
0.39792857	1.0809205	-10.42626	12.601469
0.40260637	1.0844643	-10.46662	12.597354
0.39948782	1.0889746	-10.497732	12.613811
0.40416563	1.091874	-10.421215	12.630266
0.40728414	1.1060492	-10.451485	12.650837
0.40416563	1.0976729	-10.374128	12.601469
0.40416563	1.0999281	-10.442237	12.593241
0.40416563	1.0854307	-10.447281	12.580898
0.39792857	1.0770545	-10.427101	12.576785
0.39948782	1.0876859	-10.493526	12.626153
0.40104708	1.0921962	-10.488482	12.613811
0.40572491	1.1063714	-10.451485	12.675522
0.40572491	1.0828534	-10.464098	12.580898
0.40104708	1.0851086	-10.42626	12.576785
0.40260637	1.08382	-10.458212	12.597354
0.39792857	1.0889746	-10.480074	12.630266
0.40416563	1.0941292	-10.463257	12.597354
0.40104708	1.0844643	-10.490164	12.580898
0.40260637	1.0883303	-10.376651	12.622039
0.39948782	1.0979952	-10.482595	12.634381
0.40416563	1.1015389	-10.438032	12.634381
0.40260637	1.0941292	-10.483438	12.622039
0.4088434	1.0915519	-10.486801	12.64261
0.39948782	1.0870416	-10.394308	12.630266
0.39792857	1.1008946	-10.4456	12.646723
0.39948782	1.0889746	-10.45653	12.597354
0.40416563	1.0967065	-10.484279	12.638494
0.39636928	1.0867194	-10.460734	12.601469
0.41040266	1.0741551	-10.249683	12.605582
0.40260637	1.0783432	-10.471665	12.626153
0.40728414	1.0825313	-10.480914	12.64261
0.39948782	1.0947735	-10.46662	12.650837
0.40416563	1.0812427	-10.457372	12.597354
0.40260637	1.0851086	-10.419534	12.626153
0.40260637	1.0996059	-10.479233	12.650837
0.40416563	1.1063714	-10.437191	12.64261
0.40416563	1.1034719	-10.478392	12.622039
0.39948782	1.1002502	-10.473348	12.617925
0.40260637	1.1015389	-10.431305	12.646723
0.39636928	1.1047605	-10.483438	12.630266
0.40260637	1.1105595	-10.48596	12.630266
0.39481002	1.0970286	-10.494368	12.597354
0.40104708	1.0876859	-10.487641	12.613811
0.40572491	1.0847864	-10.378332	12.622039
0.40104708	1.0873637	-10.480914	12.638494
0.40416563	1.081887	-10.477551	12.617925
0.40572491	1.0747994	-10.452326	12.617925
0.40260637	1.0757658	-10.448963	12.609697
0.40416563	1.0735108	-10.391786	12.589127
0.40104708	1.0860751	-10.454848	12.613811
0.39948782	1.0928406	-10.49521	12.613811
0.39792857	1.1060492	-10.496891	12.630266
0.40104708	1.1034719	-10.467461	12.634381
0.4088434	1.0992838	-10.423738	12.630266
0.40728414	1.1012168	-10.463257	12.638494
0.40416563	1.1034719	-10.470825	12.638494
0.40260637	1.0934849	-10.401875	12.630266
0.40416563	1.0883303	-10.448122	12.613811
0.40572491	1.0896189	-10.4456	12.622039
0.40104708	1.1041162	-10.449803	12.646723
0.39948782	1.1070157	-10.461576	12.634381
0.40572491	1.0992838	-10.647401	12.65495
0.40416563	1.0934849	-10.453167	12.622039
0.40260637	1.089941	-10.457372	12.622039
0.40728414	1.0963843	-10.462417	12.646723
0.40416563	1.089941	-10.468302	12.638494
0.40104708	1.0841421	-10.310225	12.593241
0.40572491	1.0979952	-10.464098	12.65495
0.40416563	1.0973508	-10.464098	12.646723
0.39948782	1.1012168	-10.438872	12.683749
0.39792857	1.0976729	-10.458212	12.638494
0.40104708	1.0986395	-10.442237	12.617925
0.39792857	1.0954179	-10.465779	12.622039
0.40104708	1.0892967	-10.454848	12.65495
0.40104708	1.1034719	-10.480914	12.65495
0.39948782	1.0947735	-10.461576	12.634381
0.39948782	1.09574	-10.281635	12.64261
0.39169151	1.0767324	-10.441395	12.626153
0.39792857	1.0715778	-10.440554	12.626153
0.40104708	1.066101	-10.45569	12.622039
0.40416563	1.0786654	-10.45653	12.634381
0.39792857	1.0809205	-10.369082	12.626153
0.40728414	1.093807	-10.458212	12.64261
0.39792857	1.0950956	-10.461576	12.638494
0.39792857	1.1012168	-10.46662	12.675522
0.39636928	1.1037941	-10.493526	12.630266
0.40572491	1.0941292	-10.339654	12.630266
0.39792857	1.0886524	-10.435509	12.605582
0.39792857	1.0934849	-10.475029	12.659065
0.39481002	1.1021832	-10.500254	12.65495
0.40260637	1.0986395	-10.459053	12.646723
0.39169151	1.0973508	-10.413648	12.663178
0.40572491	1.0873637	-10.450644	12.634381
0.40104708	1.0925183	-10.458212	12.659065
0.40416563	1.0873637	-10.451485	12.638494
0.39325073	1.0873637	-10.482595	12.634381
0.39636928	1.0809205	-10.297611	12.659065
0.39636928	1.0812427	-10.472507	12.630266
0.40416563	1.0712556	-10.461576	12.630266
0.39481002	1.0886524	-10.489323	12.64261
0.40260637	1.0896189	-10.469984	12.613811
0.40260637	1.0789875	-10.387582	12.613811
0.40572491	1.0809205	-10.449803	12.65495
0.39481002	1.0847864	-10.479233	12.638494
0.39792857	1.0986395	-10.471665	12.659065
0.39792857	1.089941	-10.450644	12.626153
0.39636928	1.0909076	-10.409443	12.638494
0.39948782	1.0860751	-10.442237	12.605582
0.39325073	1.0963843	-10.469984	12.64261
0.39325073	1.0876859	-10.488482	12.622039
0.39792857	1.0873637	-10.475029	12.622039
0.39948782	1.089941	-10.46662	12.650837
0.40260637	1.0909076	-10.45653	12.634381
0.39948782	1.085753	-10.461576	12.64261
0.40104708	1.0912297	-10.610404	12.634381
0.39636928	1.0992838	-10.434669	12.671407
0.39792857	1.093807	-10.422896	12.630266
0.39948782	1.0944513	-10.4456	12.646723
0.39792857	1.0960622	-10.457372	12.650837
0.39948782	1.0934849	-10.452326	12.646723
0.40416563	1.0963843	-10.462417	12.630266
0.39792857	1.0892967	-10.448963	12.650837
0.39169151	1.0934849	-10.480074	12.646723
0.39325073	1.0921962	-10.477551	12.667294
0.40572491	1.0809205	-10.448963	12.638494
0.39792857	1.089941	-10.468302	12.65495
0.40260637	1.0925183	-10.454848	12.667294
0.40416563	1.089941	-10.47671	12.65495
0.40260637	1.0892967	-10.47671	12.667294
0.40416563	1.0731885	-10.409443	12.663178
0.39792857	1.0902632	-10.464098	12.659065
0.39636928	1.0844643	-10.479233	12.630266
0.39481002	1.0912297	-10.472507	12.65495
0.40260637	1.0822091	-10.479233	12.663178
0.40260637	1.0812427	-10.343017	12.671407
0.39792857	1.0925183	-10.444759	12.696091
0.39792857	1.0883303	-10.461576	12.663178
0.39792857	1.0976729	-10.439713	12.667294
0.39636928	1.1050828	-10.472507	12.696091
0.39948782	1.109593	-10.554909	12.675522
0.39481002	1.1189357	-10.488482	12.712547
0.39792857	1.1179693	-10.479233	12.679635
0.40572491	1.1076601	-10.46662	12.683749
0.39792857	1.0928406	-10.459894	12.65495
0.40104708	1.0860751	-10.41701	12.663178
0.39792857	1.08382	-10.447281	12.675522
0.39636928	1.0915519	-10.459053	12.691978
0.40104708	1.0847864	-10.450644	12.65495
0.40104708	1.0828534	-10.458212	12.667294
0.39948782	1.08382	-10.459053	12.667294
0.39948782	1.0909076	-10.463257	12.675522
0.39948782	1.0967065	-10.471665	12.667294
0.39792857	1.0925183	-10.468302	12.650837
0.40260637	1.0983173	-10.45653	12.687862
0.39325073	1.1034719	-10.448963	12.663178
0.40260637	1.1079822	-10.494368	12.712547
0.40104708	1.0921962	-10.477551	12.683749
0.4088434	1.1047605	-10.47671	12.687862
0.39792857	1.0989616	-10.443918	12.675522
0.40260637	1.0973508	-10.474188	12.683749
0.39792857	1.1012168	-10.440554	12.700206
0.39013225	1.1005725	-10.49521	12.712547
0.39325073	1.1041162	-10.4456	12.708433
0.39636928	1.088008	-10.473348	12.679635
0.40572491	1.0973508	-10.454007	12.687862
0.40728414	1.0925183	-10.464098	12.687862
0.40416563	1.0976729	-10.487641	12.683749
0.41508049	1.0992838	-10.454007	12.691978
0.41196194	1.1005725	-10.464938	12.687862
0.418199	1.0989616	-10.444759	12.72489
0.4135212	1.0883303	-10.379173	12.663178
0.41663975	1.0925183	-10.437191	12.704319
0.418199	1.0989616	-10.457372	12.687862
0.418199	1.0976729	-10.432146	12.696091
0.42911386	1.0944513	-10.443918	12.683749
0.41663975	1.1163584	-10.454007	12.716661
0.41975826	1.0989616	-10.444759	12.671407
0.41508049	1.0983173	-10.458212	12.691978
0.41975826	1.0831757	-10.414488	12.667294
0.418199	1.0844643	-10.479233	12.696091
0.42911386	1.0947735	-10.461576	12.700206
0.42131752	1.093807	-10.464098	12.679635
0.42443606	1.09574	-10.440554	12.687862
0.418199	1.0873637	-10.440554	12.675522
0.42755461	1.0905854	-10.423738	12.683749
0.41508049	1.1028275	-10.452326	12.683749
0.42131752	1.0979952	-10.475869	12.667294
0.41663975	1.1079822	-10.469144	12.704319
0.42443606	1.1044384	-10.374128	12.679635
0.418199	1.1166806	-10.453167	12.712547
0.41975826	1.109593	-10.453167	12.679635
0.418199	1.1070157	-10.459894	12.708433
0.42287678	1.0941292	-10.464098	12.708433
0.42131752	1.0947735	-10.413648	12.691978
0.418199	1.0896189	-10.459053	12.696091
0.42131752	1.0934849	-10.468302	12.700206
0.42443606	1.0870416	-10.443076	12.716661
0.42287678	1.0928406	-10.46662	12.708433
0.42287678	1.0934849	-10.293407	12.696091
0.41975826	1.0915519	-10.467461	12.708433
0.42131752	1.0876859	-10.493526	12.720775
0.41975826	1.0921962	-10.423738	12.716661
0.41663975	1.091874	-10.454848	12.704319
0.42287678	1.091874	-10.432146	12.696091
0.418199	1.0986395	-10.480914	12.708433
0.42287678	1.0967065	-10.435509	12.691978
0.42131752	1.1124924	-10.403557	12.737231
0.418199	1.1092708	-10.475029	12.683749
0.42755461	1.1221573	-10.467461	12.745459
0.42287678	1.1031498	-10.472507	12.679635
0.41663975	1.0973508	-10.471665	12.704319
0.41663975	1.0867194	-10.431305	12.691978
0.41508049	1.088008	-10.491845	12.716661
0.41663975	1.0802761	-10.429624	12.683749
0.418199	1.0944513	-10.436351	12.691978
0.41663975	1.0912297	-10.459053	12.679635
0.42131752	1.0757658	-10.412807	12.671407
0.42443606	1.0854307	-10.425419	12.700206
0.41196194	1.0925183	-10.490164	12.700206
0.41975826	1.1002502	-10.761755	12.716661
0.418199	1.0886524	-10.446441	12.667294
0.41508049	1.0931627	-10.458212	12.671407
0.41508049	1.0986395	-10.464938	12.696091
0.4135212	1.0960622	-10.485119	12.708433
0.418199	1.1063714	-10.459894	12.720775
0.41508049	1.1066935	-10.488482	12.704319
0.42131752	1.113459	-10.505299	12.729003
0.42287678	1.1008946	-10.454007	12.708433
0.418199	1.1034719	-10.467461	12.729003
0.42443606	1.115392	-10.443076	12.753687
0.41975826	1.1092708	-10.474188	12.720775
0.42131752	1.0921962	-10.437191	12.720775
0.42131752	1.0928406	-10.447281	12.700206
0.41663975	1.0999281	-10.444759	12.696091
0.42131752	1.0909076	-10.434669	12.687862
0.42131752	1.0925183	-10.473348	12.691978
0.42131752	1.0886524	-10.487641	12.704319
0.418199	1.1018611	-10.45653	12.712547
0.418199	1.1034719	-10.457372	12.700206
0.41196194	1.1021832	-10.459053	12.696091
0.41508049	1.1050828	-10.475029	12.704319
0.41975826	1.0963843	-10.480074	12.691978
0.41663975	1.0999281	-10.431305	12.712547
0.42287678	1.0809205	-10.472507	12.696091
0.41663975	1.0793097	-10.475869	12.704319
0.418199	1.0886524	-10.469984	12.716661
0.41663975	1.093807	-10.479233	12.733118
0.42131752	1.1008946	-10.391786	12.720775
0.41508049	1.0883303	-10.47671	12.683749
0.418199	1.0983173	-10.438032	12.704319
0.41975826	1.09574	-10.446441	12.708433
0.41663975	1.1021832	-10.440554	12.696091
0.41663975	1.09574	-10.380855	12.683749
0.41663975	1.1002502	-10.464098	12.704319
0.41040266	1.0928406	-10.47671	12.704319
0.41663975	1.0947735	-10.33629	12.687862
0.41663975	1.0973508	-10.484279	12.696091
0.4135212	1.1018611	-10.45653	12.712547
0.42131752	1.1041162	-10.478392	12.749574
0.41508049	1.1057271	-10.440554	12.708433
0.41663975	1.0925183	-10.343017	12.704319
0.41663975	1.085753	-10.450644	12.708433
0.41975826	1.0802761	-10.438872	12.704319
0.4135212	1.0867194	-10.452326	12.716661
0.41975826	1.0776988	-10.498572	12.716661
0.41508049	1.078021	-10.414488	12.700206
0.41663975	1.09574	-10.433827	12.708433
0.41040266	1.0996059	-10.489323	12.687862
0.41508049	1.1044384	-10.470825	12.720775
0.41663975	1.1147476	-10.457372	12.745459
0.41508049	1.1141033	-10.459053	12.729003
0.41040266	1.1092708	-10.496891	12.696091
0.41663975	1.1018611	-10.479233	12.696091
0.4135212	1.0921962	-10.411966	12.691978
0.4135212	1.0925183	-10.472507	12.691978
0.41663975	1.0999281	-10.387582	12.700206
0.4135212	1.0963843	-10.478392	12.720775
0.418199	1.0979952	-10.461576	12.745459
0.41663975	1.09574	-10.446441	12.733118
0.418199	1.1102374	-10.454848	12.741345
0.41975826	1.0921962	-10.465779	12.700206
0.418199	1.0976729	-10.483438	12.737231
0.42287678	1.1012168	-10.448122	12.712547
0.41508049	1.0954179	-10.427101	12.691978
0.41508049	1.0931627	-10.472507	12.708433
0.41663975	1.0896189	-10.458212	12.687862
0.418199	1.1044384	-10.460734	12.720775
0.41040266	1.1031498	-10.450644	12.671407
0.41196194	1.0909076	-10.41701	12.663178
0.41508049	1.09574	-10.451485	12.696091
0.41663975	1.1018611	-10.475029	12.712547
0.42131752	1.0983173	-10.436351	12.708433
0.41975826	1.0950956	-10.448122	12.708433
0.41508049	1.0947735	-10.389263	12.700206
0.41975826	1.0896189	-10.4456	12.716661
0.41508049	1.1002502	-10.454007	12.729003
0.41508049	1.1025054	-10.444759	12.737231
0.42131752	1.1050828	-10.45569	12.716661
0.41508049	1.0905854	-10.479233	12.691978
0.41508049	1.0867194	-10.438872	12.691978
0.41663975	1.0870416	-10.470825	12.712547
0.41196194	1.0892967	-10.402717	12.691978
0.41975826	1.1041162	-10.475869	12.745459
0.42287678	1.1002502	-10.480914	12.691978
0.418199	1.1105595	-10.464938	12.761915
0.41508049	1.1131368	-10.459053	12.708433
0.41663975	1.1108817	-10.404398	12.741345
0.418199	1.0944513	-10.452326	12.712547
0.4135212	1.0954179	-10.472507	12.741345
0.41663975	1.0892967	-10.464098	12.704319
0.41663975	1.0999281	-10.477551	12.720775
0.41975826	1.081887	-10.447281	12.700206
0.41975826	1.081887	-10.462417	12.704319
0.41196194	1.0892967	-10.483438	12.72489
0.4088434	1.0967065	-10.48596	12.753687
0.4135212	1.0909076	-10.472507	12.696091
0.41040266	1.0809205	-10.396831	12.704319
0.41040266	1.0844643	-10.451485	12.687862
0.4135212	1.0973508	-10.459053	12.720775
0.41663975	1.1025054	-10.488482	12.72489
0.41508049	1.1028275	-10.450644	12.720775
0.42131752	1.1099151	-10.339654	12.720775
0.4135212	1.1092708	-10.446441	12.704319
0.41663975	1.1199023	-10.460734	12.745459
0.41040266	1.1099151	-10.463257	12.708433
0.4135212	1.0970286	-10.485119	12.696091
0.41508049	1.0989616	-10.318632	12.720775
0.418199	1.0963843	-10.471665	12.741345
0.41508049	1.0921962	-10.45653	12.716661
0.41663975	1.0870416	-10.434669	12.716661
0.4135212	1.0883303	-10.453167	12.720775
0.41663975	1.0886524	-10.430465	12.753687
0.41196194	1.0967065	-10.464938	12.733118
0.4135212	1.0844643	-10.471665	12.716661
0.4088434	1.0812427	-10.337131	12.708433
0.4088434	1.078021	-10.4456	12.716661
0.41196194	1.0883303	-10.483438	12.741345
0.418199	1.0941292	-10.463257	12.729003
0.41040266	1.0921962	-10.480074	12.716661
0.418199	1.0973508	-10.423738	12.720775
0.41196194	1.0976729	-10.446441	12.729003
0.41508049	1.113459	-10.491845	12.770144
0.41663975	1.1163584	-10.451485	12.745459
0.41040266	1.0999281	-10.480914	12.733118
0.4135212	1.1028275	-10.430465	12.729003
0.42131752	1.1060492	-10.444759	12.749574
0.4135212	1.0989616	-10.459053	12.753687
0.41040266	1.1060492	-10.478392	12.770144
0.41663975	1.0976729	-10.461576	12.72489
0.4088434	1.1008946	-10.447281	12.720775
0.4135212	1.0883303	-10.459894	12.712547
0.41196194	1.0886524	-10.450644	12.72489
0.41508049	1.0921962	-10.481755	12.741345
0.41196194	1.0983173	-10.47671	12.729003
0.4088434	1.1028275	-10.471665	12.753687
0.41508049	1.0986395	-10.461576	12.716661
0.40728414	1.093807	-10.454848	12.712547
0.41508049	1.1047605	-10.469144	12.761915
0.41508049	1.1047605	-10.451485	12.782486
0.4135212	1.1057271	-10.461576	12.76603
0.41508049	1.1176471	-10.480074	12.774258
0.41040266	1.1092708	-10.481755	12.757802
0.41975826	1.1050828	-10.321156	12.753687
0.4088434	1.0925183	-10.491845	12.749574
0.41196194	1.0915519	-10.444759	12.753687
0.41508049	1.0905854	-10.429624	12.733118
0.41508049	1.0809205	-10.448122	12.745459
0.41663975	1.0760881	-10.286681	12.729003
0.41508049	1.0925183	-10.46662	12.761915
0.41663975	1.1089487	-10.452326	12.786599
0.4088434	1.1228017	-10.461576	12.798943
0.41196194	1.1018611	-10.463257	12.733118
0.41196194	1.1124924	-10.448963	12.749574
0.4135212	1.1160363	-10.465779	12.76603
0.41196194	1.1205466	-10.462417	12.76603
0.41508049	1.1141033	-10.390945	12.733118
0.4135212	1.0983173	-10.460734	12.720775
0.4135212	1.0921962	-10.432146	12.774258
0.41508049	1.0905854	-10.467461	12.753687
0.41508049	1.0905854	-10.483438	12.782486
0.41663975	1.09574	-10.480914	12.753687
0.41196194	1.1008946	-10.411966	12.778371
0.41196194	1.0844643	-10.4456	12.712547
0.41508049	1.0841421	-10.458212	12.737231
0.4135212	1.093807	-10.481755	12.745459
0.41508049	1.1076601	-10.507821	12.770144
0.41508049	1.1037941	-10.45569	12.745459
0.40728414	1.1141033	-10.480914	12.76603
0.41508049	1.1189357	-10.471665	12.778371
0.41196194	1.1147476	-10.49521	12.76603
0.41508049	1.1137811	-10.454007	12.761915
0.41663975	1.1034719	-10.259773	12.745459
0.418199	1.0925183	-10.461576	12.737231
0.41196194	1.0921962	-10.464938	12.774258
0.41663975	1.1105595	-10.469984	12.815398
0.41663975	1.1150697	-10.474188	12.794827
0.41663975	1.1112038	-10.435509	12.782486
0.42131752	1.1054049	-10.448963	12.774258
0.41663975	1.1015389	-10.4456	12.749574
0.418199	1.0925183	-10.438032	12.753687
0.41663975	1.0873637	-10.464098	12.753687
0.41663975	1.0950956	-10.53557	12.770144
0.41508049	1.1028275	-10.436351	12.782486
0.418199	1.0970286	-10.454007	12.774258
0.42287678	1.1079822	-10.443076	12.815398
0.41196194	1.1163584	-10.478392	12.778371
0.418199	1.1147476	-10.261456	12.76603
0.41196194	1.1102374	-10.436351	12.757802
0.41663975	1.1066935	-10.481755	12.798943
0.41040266	1.1124924	-10.470825	12.794827
0.41975826	1.109593	-10.508663	12.786599
0.418199	1.1028275	-10.265659	12.753687
0.42911386	1.1037941	-10.434669	12.790714
0.42287678	1.0909076	-10.469144	12.76603
0.42287678	1.0963843	-10.36572	12.774258
0.41196194	1.0860751	-10.470825	12.733118
0.40572491	1.0889746	-10.46662	12.770144
0.41663975	1.093807	-10.452326	12.733118
0.42131752	1.1034719	-10.460734	12.774258
0.41975826	1.1228017	-10.360675	12.80717
0.41663975	1.1128147	-10.435509	12.757802
0.41663975	1.1037941	-10.305179	12.761915
0.41663975	1.09574	-10.47671	12.729003
0.41663975	1.0979952	-10.467461	12.76603
0.418199	1.0947735	-10.334609	12.741345
0.41040266	1.0973508	-10.475869	12.761915
0.4135212	1.1025054	-10.496049	12.786599
0.42287678	1.1099151	-10.454007	12.823627
0.4135212	1.1041162	-10.453167	12.782486
0.4135212	1.093807	-10.432146	12.757802
0.4135212	1.0941292	-10.48596	12.753687
0.418199	1.0912297	-10.459894	12.778371
0.418199	1.0883303	-10.438872	12.741345
0.41040266	1.0996059	-10.479233	12.770144
0.41196194	1.1054049	-10.454848	12.774258
0.41508049	1.115392	-10.461576	12.782486
0.418199	1.1070157	-10.424579	12.761915
0.4135212	1.0963843	-10.437191	12.749574
0.41663975	1.1070157	-10.471665	12.774258
0.41508049	1.1086265	-10.458212	12.803056
0.418199	1.1066935	-10.460734	12.753687
0.42131752	1.1021832	-10.454007	12.76603
0.41508049	1.0992838	-10.464938	12.757802
0.41508049	1.1005725	-10.441395	12.782486
0.41508049	1.0889746	-10.296771	12.753687
0.41663975	1.0876859	-10.493526	12.76603
0.41508049	1.0876859	-10.468302	12.76603
0.41508049	1.0928406	-10.463257	12.774258
0.41663975	1.0963843	-10.46662	12.774258
0.41040266	1.1012168	-10.418693	12.774258
0.41508049	1.0925183	-10.439713	12.745459
0.4135212	1.0909076	-10.457372	12.749574
0.41508049	1.0896189	-10.422896	12.76603
0.4135212	1.0963843	-10.47671	12.753687
0.41663975	1.1066935	-10.477551	12.803056
0.4088434	1.0999281	-10.458212	12.729003
0.41040266	1.1105595	-10.485119	12.753687
0.41508049	1.1008946	-10.432146	12.733118
0.4135212	1.1079822	-10.505299	12.778371
0.41663975	1.1034719	-10.386741	12.757802
0.41040266	1.1141033	-10.453167	12.798943
0.41663975	1.0983173	-10.45653	12.790714
0.41508049	1.0973508	-10.477551	12.786599
0.41663975	1.0954179	-10.435509	12.782486
0.41040266	1.0979952	-10.432987	12.741345
0.4135212	1.0996059	-10.464098	12.753687
0.41196194	1.1025054	-10.450644	12.774258
0.41196194	1.1163584	-10.478392	12.790714
0.41196194	1.1021832	-10.458212	12.749574
0.41508049	1.1076601	-10.475869	12.782486
0.41196194	1.091874	-10.472507	12.72489
0.41196194	1.1015389	-10.483438	12.757802
0.40572491	1.0967065	-10.329563	12.741345
0.4135212	1.1005725	-10.50614	12.761915
0.40728414	1.1021832	-10.282476	12.737231
0.4088434	1.1079822	-10.503617	12.76603
0.4088434	1.1034719	-10.436351	12.770144
0.40728414	1.1054049	-10.397672	12.786599
0.41663975	1.0934849	-10.436351	12.757802
0.4088434	1.089941	-10.42626	12.749574
0.4135212	1.0954179	-10.443918	12.774258
0.41040266	1.0931627	-10.464938	12.76603
0.4135212	1.1015389	-10.389263	12.778371
0.4135212	1.1057271	-10.467461	12.774258
0.41508049	1.1112038	-10.436351	12.786599
0.41508049	1.1192579	-10.454848	12.815398
0.40728414	1.1063714	-10.475029	12.761915
0.40260637	1.1041162	-10.452326	12.753687
0.4088434	1.09574	-10.474188	12.745459
0.4135212	1.0921962	-10.45653	12.76603
0.40416563	1.0983173	-10.471665	12.753687
0.41040266	1.093807	-10.464938	12.749574
0.41040266	1.0999281	-10.350584	12.76603
0.41040266	1.1028275	-10.448963	12.770144
0.4135212	1.1141033	-10.482595	12.811283
0.4088434	1.1124924	-10.441395	12.798943
0.41040266	1.1112038	-10.475029	12.794827
0.4088434	1.0941292	-10.464098	12.737231
0.40572491	1.09574	-10.494368	12.774258
0.4088434	1.0876859	-10.461576	12.745459
0.40572491	1.1050828	-10.491845	12.790714
0.40728414	1.1012168	-10.472507	12.76603
0.40416563	1.115392	-10.805479	12.778371
0.41975826	1.1076601	-10.438872	12.76603
0.4088434	1.1070157	-10.45653	12.778371
0.40728414	1.0999281	-10.472507	12.745459
0.41040266	1.093807	-10.475029	12.733118
0.418199	1.0992838	-10.451485	12.778371
0.4088434	1.1034719	-10.483438	12.76603
0.4088434	1.1199023	-10.485119	12.782486
0.41040266	1.1118481	-10.45569	12.794827
0.41040266	1.1147476	-10.478392	12.786599
0.41040266	1.1105595	-10.321156	12.823627
0.41040266	1.1050828	-10.446441	12.774258
0.40572491	1.1083044	-10.463257	12.782486
0.40572491	1.0941292	-10.468302	12.753687
0.4088434	1.1012168	-10.457372	12.786599
0.40572491	1.0915519	-10.313587	12.761915
0.40728414	1.1073378	-10.459053	12.794827
0.41040266	1.1208687	-10.444759	12.794827
0.4088434	1.1076601	-10.45653	12.737231
0.418199	1.1179693	-10.428782	12.782486
0.41196194	1.1121703	-10.69617	12.778371
0.41508049	1.11958	-10.469144	12.786599
0.4088434	1.1157141	-10.491005	12.741345
0.4135212	1.109593	-10.441395	12.745459
0.40572491	1.1008946	-10.442237	12.745459
0.41196194	1.1015389	-10.73653	12.782486
0.41508049	1.0925183	-10.45653	12.76603
0.41040266	1.0983173	-10.472507	12.80717
0.41040266	1.0873637	-10.443918	12.761915
0.4088434	1.0941292	-10.475029	12.786599
0.41040266	1.09574	-10.382536	12.753687
0.41196194	1.0870416	-10.45653	12.774258
0.41040266	1.1073378	-10.469984	12.790714
0.41040266	1.1066935	-10.473348	12.819511
0.40572491	1.1144254	-10.50614	12.790714
0.4088434	1.1060492	-10.488482	12.790714
0.418199	1.1060492	-10.462417	12.786599
0.4088434	1.113459	-10.440554	12.823627
0.4088434	1.0983173	-10.364879	12.757802
0.41040266	1.11958	-10.501095	12.811283
0.41508049	1.1108817	-10.460734	12.774258
0.4088434	1.1173249	-10.447281	12.811283
0.4088434	1.0999281	-10.443076	12.761915
0.4088434	1.1021832	-10.454007	12.803056
0.41040266	1.0996059	-10.443076	12.798943
0.4088434	1.0954179	-10.471665	12.770144
0.41040266	1.0992838	-10.479233	12.782486
0.41196194	1.093807	-10.478392	12.761915
0.4135212	1.0944513	-10.428782	12.774258
0.41508049	1.0950956	-10.474188	12.770144
0.4135212	1.0979952	-10.465779	12.778371
0.41196194	1.09574	-10.37581	12.770144
0.41663975	1.1002502	-10.463257	12.782486
0.41040266	1.1118481	-10.40608	12.80717
0.41196194	1.1066935	-10.470825	12.782486
0.41508049	1.1163584	-10.439713	12.790714
0.4135212	1.1157141	-10.273228	12.782486
0.4088434	1.111526	-10.444759	12.76603
0.418199	1.1079822	-10.657491	12.80717
0.41663975	1.1028275	-10.480074	12.798943
0.41508049	1.0925183	-10.47671	12.798943
0.41508049	1.0950956	-10.415329	12.790714
0.41196194	1.1002502	-10.452326	12.790714
0.41196194	1.1076601	-10.459053	12.823627
0.41508049	1.111526	-10.480914	12.82774
0.41196194	1.1170027	-10.453167	12.835968
0.41663975	1.1147476	-10.279954	12.80717
0.41508049	1.1131368	-10.438872	12.815398
0.41040266	1.1041162	-10.459053	12.786599
0.4088434	1.1070157	-10.460734	12.794827
0.4135212	1.1050828	-10.437191	12.803056
0.4135212	1.1021832	-10.454007	12.774258
0.41040266	1.0876859	-10.464938	12.782486
0.41196194	1.0889746	-10.448963	12.774258
0.4135212	1.1018611	-10.472507	12.815398
0.4088434	1.1054049	-10.496049	12.819511
0.4135212	1.1044384	-10.381696	12.815398
0.42287678	1.1028275	-10.442237	12.815398
0.41196194	1.089941	-10.458212	12.774258
0.41663975	1.1047605	-10.444759	12.82774
0.4088434	1.1066935	-10.471665	12.782486
0.4135212	1.1008946	-10.446441	12.790714
0.4135212	1.1008946	-10.475029	12.786599
0.41508049	1.1073378	-10.473348	12.819511
0.41040266	1.1105595	-10.443076	12.811283
0.41196194	1.1086265	-10.459894	12.798943
0.41040266	1.1237682	-10.401875	12.819511
0.4135212	1.1228017	-10.484279	12.80717
0.4135212	1.1150697	-10.45653	12.786599
0.4135212	1.1086265	-10.443076	12.76603
0.4088434	1.0970286	-10.474188	12.753687
0.41196194	1.1005725	-10.410284	12.782486
0.41196194	1.0876859	-10.492686	12.803056
0.41663975	1.1054049	-10.474188	12.852424
0.41196194	1.1028275	-10.480074	12.798943
0.41040266	1.1121703	-10.477551	12.82774
0.41508049	1.0905854	-10.425419	12.774258
0.41663975	1.1076601	-10.450644	12.811283
0.4088434	1.1176471	-10.468302	12.819511
0.4088434	1.11958	-10.423738	12.819511
0.41196194	1.1105595	-10.469984	12.798943
0.41508049	1.1031498	-10.342176	12.782486
0.41508049	1.1018611	-10.457372	12.803056
0.41508049	1.1018611	-10.45653	12.803056
0.4135212	1.1034719	-10.409443	12.782486
0.4135212	1.1073378	-10.484279	12.798943
0.41196194	1.1147476	-10.347221	12.790714
0.40572491	1.1150697	-10.440554	12.803056
0.418199	1.1041162	-10.446441	12.798943
0.41508049	1.1037941	-10.311065	12.819511
0.41508049	1.093807	-10.454848	12.831854
0.41663975	1.1018611	-10.450644	12.840082
0.4135212	1.0986395	-10.491005	12.794827
0.4088434	1.1060492	-10.501095	12.803056
0.41508049	1.0976729	-10.412807	12.815398
0.40728414	1.0909076	-10.475869	12.786599
0.41040266	1.1079822	-10.254729	12.856539
0.418199	1.1141033	-10.463257	12.82774
0.41663975	1.1034719	-10.45653	12.80717
0.41508049	1.093807	-10.41617	12.786599
0.418199	1.1028275	-10.444759	12.794827
0.4088434	1.0996059	-10.457372	12.782486
0.40572491	1.1034719	-10.482595	12.790714
0.4135212	1.1108817	-10.450644	12.798943
0.41508049	1.1063714	-10.443076	12.778371
0.41508049	1.1147476	-10.459894	12.82774
0.418199	1.1050828	-10.431305	12.803056
0.41196194	1.1086265	-10.482595	12.823627
0.41508049	1.1128147	-10.47671	12.831854
0.41196194	1.1105595	-10.427101	12.815398
0.418199	1.1102374	-10.457372	12.803056
0.41040266	1.109593	-10.459894	12.794827
0.4135212	1.1070157	-10.444759	12.798943
0.41663975	1.1131368	-10.478392	12.835968
0.41508049	1.1170027	-10.422896	12.815398
0.41508049	1.1121703	-10.448122	12.80717
0.41196194	1.109593	-10.461576	12.80717
0.4135212	1.1128147	-10.440554	12.831854
0.41663975	1.1137811	-10.4456	12.811283
0.41508049	1.0970286	-10.421215	12.757802
0.41196194	1.0989616	-10.462417	12.778371
0.4088434	1.1021832	-10.448122	12.798943
0.41663975	1.1070157	-10.449803	12.811283
0.4088434	1.1028275	-10.500254	12.803056
0.40728414	1.0973508	-10.460734	12.80717
0.4135212	1.1105595	-10.475029	12.844195
0.4135212	1.1050828	-10.436351	12.815398
0.4088434	1.1079822	-10.438872	12.774258
0.41040266	1.1015389	-10.453167	12.774258
0.40416563	1.0979952	-10.454007	12.774258
0.41663975	1.1121703	-10.457372	12.831854
0.42131752	1.1002502	-10.460734	12.770144
0.41508049	1.1054049	-10.440554	12.782486
0.41040266	1.0931627	-10.46662	12.749574
0.40728414	1.1076601	-10.448963	12.790714
0.41508049	1.109593	-10.449803	12.786599
0.42287678	1.1118481	-10.471665	12.803056
0.41196194	1.1102374	-10.440554	12.786599
0.41196194	1.1060492	-10.485119	12.770144
0.4088434	1.1008946	-10.422896	12.778371
0.41663975	1.0921962	-10.446441	12.794827
0.41040266	1.0889746	-10.483438	12.786599
0.41663975	1.1028275	-10.482595	12.794827
0.4135212	1.1005725	-10.46662	12.798943
0.4088434	1.0999281	-10.439713	12.80717
0.418199	1.0896189	-10.444759	12.761915
0.41663975	1.1050828	-10.475029	12.782486
0.4135212	1.1054049	-10.252206	12.794827
0.4135212	1.1186136	-10.471665	12.831854
0.418199	1.1205466	-10.459053	12.819511
0.41663975	1.1302114	-10.468302	12.815398
0.41196194	1.1202244	-10.430465	12.811283
0.41040266	1.1105595	-10.368242	12.80717
0.41196194	1.1057271	-10.450644	12.803056
0.4088434	1.1141033	-10.492686	12.811283
0.4088434	1.1089487	-10.47671	12.798943
0.4135212	1.0989616	-10.443918	12.790714
0.41663975	1.1073378	-10.311065	12.835968
0.41508049	1.0970286	-10.460734	12.803056
0.41040266	1.1018611	-10.432987	12.80717
0.41040266	1.0947735	-10.441395	12.786599
0.418199	1.0983173	-10.457372	12.786599
0.41196194	1.0999281	-10.377492	12.798943
0.41040266	1.1018611	-10.477551	12.823627
0.40260637	1.1089487	-10.475029	12.794827
0.40572491	1.1005725	-10.460734	12.778371
0.40728414	1.091874	-10.475869	12.770144
0.4088434	1.089941	-10.352266	12.782486
0.40728414	1.0973508	-10.471665	12.782486
0.41196194	1.1121703	-10.49521	12.823627
0.40260637	1.0999281	-10.496891	12.761915
0.4135212	1.0976729	-10.438032	12.80717
0.4088434	1.0873637	-10.321996	12.753687
0.41663975	1.0860751	-10.459894	12.798943
0.41508049	1.0825313	-10.459894	12.794827
0.41040266	1.0941292	-10.497732	12.840082
0.41196194	1.0921962	-10.448963	12.803056
0.4135212	1.0992838	-10.403557	12.811283
0.41508049	1.093807	-10.454007	12.798943
0.41663975	1.1105595	-10.440554	12.823627
0.41196194	1.1092708	-10.373287	12.82774
0.41196194	1.109593	-10.487641	12.798943
0.41040266	1.1089487	-10.432146	12.80717
0.4135212	1.0996059	-10.464098	12.782486
0.41040266	1.1063714	-10.486801	12.80717
0.41663975	1.0976729	-10.433827	12.794827
0.41040266	1.1141033	-10.471665	12.80717
0.4088434	1.0902632	-10.399353	12.761915
0.41196194	1.0986395	-10.491005	12.80717
0.41040266	1.0954179	-10.461576	12.811283
0.418199	1.1044384	-10.264819	12.831854
0.4135212	1.0999281	-10.471665	12.794827
0.41196194	1.0892967	-10.465779	12.778371
0.41196194	1.1034719	-10.461576	12.811283
0.4135212	1.1108817	-10.443918	12.80717
0.40572491	1.1099151	-10.4456	12.803056
0.40572491	1.1070157	-10.478392	12.790714
0.41196194	1.1128147	-10.475869	12.831854
0.41040266	1.109593	-10.434669	12.84831
0.4088434	1.1112038	-10.462417	12.823627
0.4088434	1.0976729	-10.40608	12.794827
0.41040266	1.1099151	-10.505299	12.794827
0.40416563	1.1131368	-10.474188	12.835968
0.4088434	1.0986395	-10.450644	12.786599
0.4135212	1.1083044	-10.477551	12.815398
0.41040266	1.1083044	-10.688601	12.80717
0.4088434	1.1063714	-10.438872	12.80717
0.40728414	1.0854307	-10.484279	12.80717
0.4088434	1.089941	-10.485119	12.84831
0.41040266	1.093807	-10.448963	12.815398
0.4088434	1.0986395	-10.370765	12.803056
0.4088434	1.0883303	-10.443918	12.794827
0.41040266	1.0963843	-10.464098	12.82774
0.41196194	1.0986395	-10.45653	12.844195
0.41040266	1.1112038	-10.448963	12.835968
0.40572491	1.11958	-10.374128	12.835968
0.40728414	1.1005725	-10.485119	12.794827
0.40728414	1.1083044	-10.474188	12.819511
0.41040266	1.1018611	-10.473348	12.803056
0.40572491	1.1089487	-10.491845	12.811283
0.4135212	1.1150697	-10.422896	12.819511
0.41196194	1.1066935	-10.469984	12.831854
0.41040266	1.1141033	-10.436351	12.852424
0.4135212	1.1173249	-10.459894	12.844195
0.41040266	1.1060492	-10.450644	12.815398
0.4088434	1.1028275	-10.417851	12.835968
0.41040266	1.1063714	-10.467461	12.819511
0.4088434	1.0992838	-10.462417	12.811283
0.41040266	1.1008946	-10.488482	12.803056
0.41040266	1.1144254	-10.462417	12.852424
0.4088434	1.1112038	-10.45569	12.80717
0.40572491	1.1089487	-10.467461	12.823627
0.40572491	1.1070157	-10.461576	12.794827
0.4088434	1.1073378	-10.433827	12.819511
0.40728414	1.1060492	-10.448963	12.774258
0.41040266	1.1005725	-10.459053	12.786599
0.40572491	1.1063714	-10.459894	12.794827
0.41040266	1.109593	-10.446441	12.823627
0.40728414	1.1066935	-10.553227	12.811283
0.40416563	1.1028275	-10.469144	12.80717
0.40728414	1.1079822	-10.335449	12.823627
0.41040266	1.1015389	-10.472507	12.798943
0.40104708	1.0996059	-10.473348	12.80717
0.41508049	1.1015389	-10.414488	12.811283
0.4088434	1.1060492	-10.475029	12.831854
0.40728414	1.115392	-10.370765	12.831854
0.41663975	1.1008946	-10.438032	12.790714
0.4135212	1.0992838	-10.42626	12.823627
0.4135212	1.0973508	-10.344698	12.852424
0.4135212	1.1025054	-10.50614	12.82774
0.40260637	1.0979952	-10.424579	12.794827
0.41508049	1.1121703	-10.454848	12.82774
0.41196194	1.1205466	-10.482595	12.864766
0.41508049	1.1269897	-10.444759	12.835968
0.40572491	1.1073378	-10.463257	12.803056
0.41663975	1.0876859	-10.428782	12.786599
0.41040266	1.0805984	-10.464098	12.815398
0.40728414	1.0805984	-10.452326	12.803056
0.4135212	1.0892967	-10.422056	12.831854
0.40416563	1.0979952	-10.501936	12.811283
0.40260637	1.0963843	-10.460734	12.815398
0.40260637	1.1044384	-10.334609	12.811283
0.4088434	1.1092708	-10.453167	12.823627
0.4088434	1.1192579	-10.457372	12.84831
0.39636928	1.109593	-10.469984	12.811283
0.40416563	1.0996059	-10.467461	12.798943
0.41040266	1.115392	-10.337131	12.840082
0.41508049	1.1205466	-10.475869	12.82774
0.4088434	1.1173249	-10.459894	12.80717
0.4088434	1.1218352	-10.470825	12.823627
0.4088434	1.1189357	-10.45569	12.815398
0.41196194	1.111526	-10.341335	12.831854
0.40572491	1.1182914	-10.462417	12.831854
0.4088434	1.1083044	-10.46662	12.811283
0.40416563	1.0967065	-10.640675	12.786599
0.4088434	1.0931627	-10.448122	12.844195
0.4088434	1.0841421	-10.454848	12.811283
0.4088434	1.0947735	-10.481755	12.823627
0.4088434	1.0912297	-10.442237	12.794827
0.4088434	1.0912297	-10.434669	12.798943
0.41040266	1.0883303	-10.452326	12.823627
0.41040266	1.1002502	-10.473348	12.823627
0.41040266	1.115392	-10.464098	12.82774
0.40416563	1.1086265	-10.487641	12.80717
0.41196194	1.1079822	-10.373287	12.840082
0.4088434	1.1031498	-10.486801	12.790714
0.40728414	1.1083044	-10.477551	12.840082
0.40572491	1.1015389	-10.490164	12.798943
0.40416563	1.1008946	-10.475869	12.823627
0.41508049	1.0921962	-10.323677	12.819511
0.40728414	1.1028275	-10.512026	12.860652
0.40728414	1.0905854	-10.442237	12.819511
0.4088434	1.0947735	-10.503617	12.823627
0.40416563	1.0992838	-10.460734	12.794827
0.40572491	1.1163584	-10.452326	12.840082
0.41508049	1.1144254	-10.430465	12.84831
0.41040266	1.1128147	-10.45653	12.840082
0.40728414	1.1066935	-10.452326	12.835968
0.40728414	1.1025054	-10.480074	12.840082
0.4088434	1.1047605	-10.480074	12.840082
0.41196194	1.1044384	-10.459053	12.80717
0.4088434	1.1186136	-10.491845	12.831854
0.40572491	1.1063714	-10.743257	12.819511
0.4135212	1.1192579	-10.474188	12.852424
0.40728414	1.1079822	-10.454007	12.831854
0.4135212	1.0928406	-10.434669	12.803056
0.40260637	1.0831757	-10.452326	12.794827
0.40572491	1.0809205	-10.427101	12.798943
0.40572491	1.0954179	-10.458212	12.840082
0.40728414	1.1054049	-10.465779	12.844195
0.4088434	1.111526	-10.481755	12.856539
0.40572491	1.1257011	-10.491845	12.877108
0.4088434	1.1208687	-10.435509	12.852424
0.41040266	1.121513	-10.443918	12.881223
0.40260637	1.1144254	-10.488482	12.84831
0.40260637	1.115392	-10.367401	12.84831
0.40416563	1.1228017	-10.479233	12.864766
0.40728414	1.1147476	-10.475029	12.860652
0.40572491	1.1086265	-10.491845	12.840082
0.41040266	1.1131368	-10.469984	12.840082
0.40260637	1.1092708	-10.342176	12.82774
0.40416563	1.0986395	-10.443076	12.852424
0.40728414	1.0979952	-10.465779	12.852424
0.41196194	1.1060492	-10.474188	12.877108
0.4088434	1.1121703	-10.462417	12.872994
0.40104708	1.1025054	-10.42626	12.840082
0.41040266	1.0970286	-10.454848	12.831854
0.41040266	1.0963843	-10.437191	12.831854
0.40416563	1.0973508	-10.484279	12.819511
0.40572491	1.0996059	-10.486801	12.844195
0.41040266	1.1060492	-10.442237	12.852424
0.41040266	1.1170027	-10.470825	12.864766
0.4088434	1.1269897	-10.464938	12.860652
0.40416563	1.115392	-10.438872	12.868879
0.40728414	1.1163584	-10.480914	12.840082
0.41040266	1.1192579	-10.389263	12.852424
0.41040266	1.1112038	-10.486801	12.82774
0.41196194	1.1073378	-10.45569	12.819511
0.41663975	1.1060492	-10.370765	12.835968
0.41508049	1.0967065	-10.500254	12.852424
0.41040266	1.1060492	-10.352266	12.844195
0.40572491	1.1015389	-10.446441	12.840082
0.41040266	1.0931627	-10.451485	12.819511
0.4088434	1.1073378	-10.437191	12.881223
0.4088434	1.0931627	-10.429624	12.840082
0.41040266	1.1108817	-10.457372	12.864766
0.4088434	1.1031498	-10.469984	12.819511
0.41196194	1.1050828	-10.454007	12.860652
0.40416563	1.1002502	-10.402717	12.868879
0.4135212	1.1144254	-10.469984	12.889451
0.40728414	1.1298892	-10.451485	12.840082
0.4135212	1.1289227	-10.459894	12.877108
0.41196194	1.1208687	-10.438032	12.84831
0.40728414	1.1131368	-10.451485	12.835968
0.41196194	1.1025054	-10.438032	12.82774
0.4135212	1.0989616	-10.472507	12.831854
0.40572491	1.0986395	-10.468302	12.852424
0.40416563	1.1102374	-10.491005	12.864766
0.4135212	1.1163584	-10.457372	12.877108
0.41196194	1.1089487	-10.492686	12.831854
0.41040266	1.0973508	-10.448963	12.852424
0.41040266	1.1050828	-10.463257	12.852424
0.41040266	1.0996059	-10.452326	12.819511
0.4135212	1.1086265	-10.384218	12.84831
0.4088434	1.1012168	-10.460734	12.835968
0.41663975	1.1131368	-10.434669	12.860652
0.41040266	1.1079822	-10.434669	12.840082
0.41508049	1.1089487	-10.442237	12.831854
0.40572491	1.1079822	-10.394308	12.835968
0.4088434	1.1137811	-10.464098	12.852424
0.4135212	1.1173249	-10.461576	12.860652
0.4088434	1.1054049	-10.408603	12.852424
0.41196194	1.1070157	-10.482595	12.84831
0.40572491	1.1050828	-10.491845	12.840082
0.40728414	1.113459	-10.459053	12.856539
0.4088434	1.1044384	-10.464098	12.82774
0.40572491	1.0989616	-10.319473	12.823627
0.4135212	1.1015389	-10.435509	12.852424
0.41040266	1.0944513	-10.486801	12.82774
0.4088434	1.1099151	-10.467461	12.885336
0.4088434	1.1099151	-10.443076	12.856539
0.41508049	1.1128147	-10.325359	12.852424
0.41040266	1.1070157	-10.437191	12.852424
0.40728414	1.1083044	-10.4456	12.872994
0.40728414	1.1037941	-10.468302	12.840082
0.40104708	1.0979952	-10.473348	12.82774
0.41663975	1.111526	-10.329563	12.860652
0.40728414	1.1054049	-10.471665	12.823627
0.4088434	1.115392	-10.475029	12.852424
0.4088434	1.1211909	-10.430465	12.860652
0.40572491	1.1176471	-10.48596	12.856539
0.40416563	1.1118481	-10.470825	12.868879
0.40260637	1.1037941	-10.468302	12.835968
0.4088434	1.1121703	-10.471665	12.860652
0.4135212	1.1086265	-10.316951	12.844195
0.40416563	1.1028275	-10.45569	12.840082
0.4088434	1.0950956	-10.42626	12.819511
0.40572491	1.1137811	-10.446441	12.856539
0.40416563	1.113459	-10.447281	12.852424
0.40104708	1.1221573	-10.342176	12.823627
0.41508049	1.1228017	-10.440554	12.860652
0.40260637	1.1112038	-10.452326	12.819511
0.41040266	1.1118481	-10.45569	12.835968
0.4088434	1.1192579	-10.465779	12.831854
0.40572491	1.1131368	-10.401875	12.823627
0.40572491	1.1112038	-10.464938	12.82774
0.4088434	1.1031498	-10.471665	12.831854
0.4088434	1.1070157	-10.460734	12.840082
0.41040266	1.1025054	-10.440554	12.815398
0.40416563	1.0960622	-10.474188	12.811283
0.40416563	1.1041162	-10.462417	12.864766
0.40572491	1.1160363	-10.486801	12.856539
0.41196194	1.1060492	-10.392627	12.844195
0.40572491	1.1066935	-10.462417	12.831854
0.40416563	1.1008946	-10.453167	12.82774
0.4088434	1.1063714	-10.486801	12.82774
0.40260637	1.1037941	-10.458212	12.84831
0.4088434	1.1124924	-10.438872	12.840082
0.40416563	1.1112038	-10.458212	12.823627
0.4088434	1.1073378	-10.444759	12.823627
0.41040266	1.1015389	-10.483438	12.82774
0.4088434	1.1102374	-10.447281	12.856539
0.40572491	1.1170027	-10.402717	12.864766
0.4088434	1.1163584	-10.491845	12.860652
0.4088434	1.1083044	-10.471665	12.844195
0.41196194	1.0992838	-10.427941	12.840082
0.40572491	1.0941292	-10.408603	12.803056
0.4088434	1.0844643	-10.427101	12.798943
0.40416563	1.088008	-10.464938	12.819511
0.40572491	1.1028275	-10.462417	12.877108
0.40572491	1.1060492	-10.397672	12.831854
0.4088434	1.1057271	-10.423738	12.840082
0.40728414	1.1108817	-10.464098	12.82774
0.41040266	1.1173249	-10.447281	12.872994
0.41196194	1.1112038	-10.459894	12.831854
0.40728414	1.1147476	-10.324518	12.860652
0.40572491	1.1160363	-10.45653	12.840082
0.40572491	1.1224796	-10.467461	12.84831
0.4088434	1.1047605	-10.442237	12.80717
0.40572491	1.1025054	-10.448963	12.852424
0.40572491	1.1128147	-10.394308	12.885336
0.40416563	1.1173249	-10.498572	12.856539
0.4088434	1.1137811	-10.446441	12.831854
0.40572491	1.1047605	-10.446441	12.852424
0.4088434	1.0976729	-10.458212	12.831854
0.41196194	1.1057271	-10.407762	12.852424
0.40572491	1.1005725	-10.452326	12.852424
0.40260637	1.1041162	-10.481755	12.852424
0.40572491	1.1041162	-10.429624	12.860652
0.4088434	1.109593	-10.435509	12.835968
0.40260637	1.0983173	-10.453167	12.840082
0.40104708	1.1005725	-10.464938	12.831854
0.40416563	1.1054049	-10.493526	12.84831
0.40104708	1.1105595	-10.427101	12.819511
0.4088434	1.1147476	-10.464098	12.852424
0.40728414	1.1086265	-10.478392	12.852424
0.40572491	1.1034719	-10.490164	12.872994
0.40416563	1.0973508	-10.467461	12.852424
0.4088434	1.0886524	-10.430465	12.835968
0.40260637	1.091874	-10.477551	12.823627
0.40572491	1.089941	-10.45569	12.860652
0.41040266	1.0973508	-10.435509	12.868879
0.41040266	1.089941	-10.447281	12.844195
0.40572491	1.0947735	-10.307702	12.84831
0.40260637	1.0915519	-10.47671	12.82774
0.40728414	1.111526	-10.464098	12.872994
0.41196194	1.1166806	-10.392627	12.877108
0.4088434	1.1286006	-10.496891	12.872994
0.40728414	1.1150697	-10.480074	12.840082
0.40572491	1.1189357	-10.474188	12.84831
0.40728414	1.1182914	-10.46662	12.835968
0.4088434	1.1057271	-10.439713	12.82774
0.40728414	1.1092708	-10.472507	12.852424
0.41040266	1.0963843	-10.439713	12.815398
0.40728414	1.1124924	-10.472507	12.889451
0.41196194	1.1031498	-10.464098	12.835968
0.4135212	1.1012168	-10.424579	12.823627
0.4088434	1.0889746	-10.459053	12.798943
0.40728414	1.0970286	-10.440554	12.84831
0.41040266	1.1128147	-10.464938	12.897678
0.41040266	1.1231239	-10.475029	12.881223
0.41040266	1.1173249	-10.324518	12.860652
0.4088434	1.1189357	-10.483438	12.852424
0.41040266	1.1163584	-10.4456	12.881223
0.4088434	1.1147476	-10.403557	12.864766
0.41040266	1.1118481	-10.467461	12.831854
0.40416563	1.1186136	-10.505299	12.84831
0.41040266	1.1205466	-10.480914	12.844195
0.41196194	1.1170027	-10.471665	12.885336
0.41040266	1.0970286	-10.394308	12.84831
0.41040266	1.1063714	-10.480914	12.864766
0.4135212	1.0979952	-10.464938	12.82774
0.4088434	1.1050828	-10.46662	12.860652
0.4088434	1.1066935	-10.469144	12.856539
0.41196194	1.1160363	-10.484279	12.889451
0.41663975	1.1099151	-10.439713	12.84831
0.40728414	1.1050828	-10.484279	12.852424
0.41663975	1.1025054	-10.451485	12.860652
0.4088434	1.1102374	-10.463257	12.877108
0.40728414	1.0967065	-10.2665	12.82774
0.40572491	1.0976729	-10.463257	12.82774
0.40728414	1.1063714	-10.449803	12.864766
0.40728414	1.0999281	-10.449803	12.82774
0.41508049	1.1257011	-10.459053	12.872994
0.40728414	1.1163584	-10.443076	12.84831
0.40728414	1.1250567	-10.48596	12.893564
0.4088434	1.11958	-10.464098	12.897678
0.40728414	1.1092708	-10.471665	12.860652
0.4088434	1.1192579	-10.475869	12.889451
0.4088434	1.1144254	-10.481755	12.84831
0.41196194	1.1005725	-10.472507	12.84831
0.40728414	1.0979952	-10.4456	12.82774
0.41663975	1.1083044	-10.405239	12.881223
0.4088434	1.1157141	-10.500254	12.889451
0.41040266	1.115392	-10.475869	12.860652
0.41196194	1.1141033	-10.442237	12.881223
0.40572491	1.109593	-10.464098	12.856539
0.41040266	1.1137811	-10.435509	12.881223
0.41196194	1.11958	-10.488482	12.881223
0.41508049	1.1186136	-10.494368	12.856539
0.4135212	1.1157141	-10.454007	12.877108
0.41663975	1.1144254	-10.473348	12.860652
0.418199	1.1099151	-10.293407	12.872994
0.41508049	1.1012168	-10.438032	12.860652
0.40728414	1.0963843	-10.480914	12.877108
0.40572491	1.1063714	-10.443918	12.885336
0.40728414	1.1089487	-10.483438	12.881223
0.41663975	1.1112038	-10.464098	12.864766
0.40728414	1.1102374	-10.474188	12.860652
0.40728414	1.115392	-10.463257	12.893564
0.4088434	1.1237682	-10.430465	12.893564
0.41196194	1.1205466	-10.463257	12.860652
0.41196194	1.1192579	-10.459894	12.877108
0.4088434	1.1170027	-10.463257	12.897678
0.41196194	1.1160363	-10.478392	12.881223
0.41196194	1.1150697	-10.427101	12.872994
0.40572491	1.1060492	-10.480914	12.844195
0.40572491	1.1070157	-10.4456	12.881223
0.41040266	1.1108817	-10.469984	12.885336
0.41975826	1.1186136	-10.432987	12.897678
0.41196194	1.1121703	-10.480074	12.872994
0.41508049	1.1047605	-10.454848	12.893564
0.4135212	1.1041162	-10.459894	12.864766
0.4135212	1.0989616	-10.31611	12.856539
0.4135212	1.0960622	-10.440554	12.856539
0.41508049	1.1089487	-10.494368	12.856539
0.41508049	1.1121703	-10.459053	12.872994
0.41975826	1.1163584	-10.472507	12.885336
0.41508049	1.1054049	-10.452326	12.877108
0.41508049	1.1224796	-10.471665	12.918248
0.41663975	1.1250567	-10.454007	12.905907
0.4088434	1.1105595	-10.469984	12.856539
0.41196194	1.1031498	-10.437191	12.872994
0.40416563	1.1131368	-10.47671	12.868879
0.41196194	1.1150697	-10.452326	12.889451
0.4088434	1.127634	-10.485119	12.918248
0.41508049	1.1208687	-10.489323	12.914135
0.4088434	1.1041162	-10.474188	12.864766
0.41040266	1.1160363	-10.407762	12.893564
0.4135212	1.1021832	-10.449803	12.856539
0.40572491	1.1012168	-10.49521	12.885336
0.41196194	1.1015389	-10.472507	12.893564
0.41040266	1.1060492	-10.442237	12.864766
0.41196194	1.0986395	-10.948421	12.885336
0.4135212	1.0986395	-10.443076	12.889451
0.41508049	1.1012168	-10.446441	12.877108
0.41196194	1.1147476	-10.488482	12.881223
0.4088434	1.1089487	-10.470825	12.852424
0.40572491	1.1102374	-10.399353	12.885336
0.41196194	1.1211909	-10.512026	12.885336
0.41196194	1.1228017	-10.487641	12.897678
0.41508049	1.1070157	-10.463257	12.852424
0.41663975	1.0992838	-10.470825	12.860652
0.41196194	1.0854307	-10.361515	12.840082
0.40728414	1.0896189	-10.472507	12.840082
0.41196194	1.0844643	-10.492686	12.840082
0.40728414	1.0999281	-10.490164	12.864766
0.4088434	1.1021832	-10.47671	12.84831
0.40728414	1.1073378	-10.470825	12.852424
0.41196194	1.109593	-10.4456	12.868879
0.41040266	1.1231239	-10.448122	12.877108
0.41040266	1.1166806	-10.623016	12.872994
0.40728414	1.1112038	-10.485119	12.868879
0.4088434	1.1141033	-10.468302	12.881223
0.41196194	1.1205466	-10.459894	12.885336
0.40416563	1.1221573	-10.483438	12.889451
0.41196194	1.1166806	-10.421215	12.877108
0.4088434	1.113459	-10.464098	12.877108
0.40416563	1.1102374	-10.412807	12.840082
0.40728414	1.1018611	-10.471665	12.844195
0.41196194	1.1092708	-10.469984	12.852424
0.40416563	1.1031498	-10.411124	12.860652
0.41196194	1.091874	-10.454007	12.840082
0.41040266	1.0873637	-10.469984	12.840082
0.41663975	1.0996059	-10.468302	12.864766
0.41040266	1.0941292	-10.458212	12.819511
0.40572491	1.0931627	-10.262297	12.835968
0.4088434	1.1008946	-10.459053	12.840082
0.4088434	1.1105595	-10.45653	12.84831
0.4088434	1.1257011	-10.463257	12.872994
0.41040266	1.123446	-10.469984	12.844195
0.4088434	1.1237682	-10.467461	12.872994
0.4088434	1.1147476	-10.460734	12.82774
0.4088434	1.113459	-10.471665	12.860652
0.40416563	1.1199023	-10.487641	12.856539
0.40260637	1.1034719	-10.461576	12.823627
0.41040266	1.0928406	-10.467461	12.840082
0.4088434	1.085753	-10.491005	12.840082
0.41508049	1.0931627	-10.459053	12.84831
0.40416563	1.1060492	-10.398513	12.877108
0.40260637	1.0989616	-10.471665	12.823627
0.40728414	1.0934849	-10.450644	12.811283
0.41196194	1.0912297	-10.440554	12.819511
0.4088434	1.0999281	-10.461576	12.844195
0.41040266	1.1018611	-10.351425	12.889451
0.41196194	1.1079822	-10.45653	12.852424
0.4088434	1.1131368	-10.463257	12.868879
0.40572491	1.0986395	-10.440554	12.819511
0.41196194	1.1021832	-10.452326	12.856539
0.40572491	1.111526	-10.467461	12.860652
0.40728414	1.1231239	-10.488482	12.84831
0.41196194	1.1070157	-10.47671	12.84831
0.40572491	1.1060492	-10.483438	12.864766
0.40728414	1.1166806	-10.45653	12.897678
0.4088434	1.11958	-10.342176	12.893564
0.40572491	1.1141033	-10.472507	12.864766
0.4088434	1.1086265	-10.454848	12.860652
0.40260637	1.1092708	-10.432987	12.864766
0.40572491	1.1141033	-10.454007	12.885336
0.4088434	1.1076601	-10.378332	12.860652
0.40416563	1.1054049	-10.512867	12.84831
0.41040266	1.1163584	-10.45569	12.893564
0.40416563	1.1176471	-10.438032	12.877108
0.40572491	1.1189357	-10.480074	12.881223
0.40416563	1.11958	-10.461576	12.877108
0.40260637	1.1128147	-10.461576	12.856539
0.40728414	1.1099151	-10.459053	12.860652
0.40416563	1.1008946	-10.409443	12.881223
0.41040266	1.0992838	-10.440554	12.84831
0.40572491	1.115392	-10.454848	12.877108
0.40416563	1.1079822	-10.449803	12.852424
0.41196194	1.1218352	-10.477551	12.905907
0.4088434	1.1108817	-10.405239	12.844195
0.40728414	1.1086265	-10.452326	12.856539
0.40104708	1.1057271	-10.439713	12.840082
0.4088434	1.093807	-10.447281	12.860652
0.40104708	1.1025054	-10.491005	12.864766
0.40260637	1.1002502	-10.404398	12.852424
0.4088434	1.1118481	-10.474188	12.877108
0.40104708	1.1247346	-10.472507	12.889451
0.4088434	1.1144254	-10.374128	12.889451
0.4088434	1.1189357	-10.438032	12.897678
0.39636928	1.1092708	-10.465779	12.856539
0.40416563	1.1144254	-10.484279	12.864766
0.40104708	1.1025054	-10.478392	12.860652
0.4088434	1.1073378	-10.313587	12.889451
0.40728414	1.1070157	-10.45569	12.901792
0.41196194	1.1131368	-10.448963	12.889451
0.41196194	1.1086265	-10.444759	12.893564
0.40728414	1.1034719	-10.439713	12.877108
0.40416563	1.1050828	-10.404398	12.889451
0.41040266	1.1102374	-10.48596	12.889451
0.40416563	1.1144254	-10.474188	12.881223
0.40260637	1.1186136	-10.475029	12.881223
0.40416563	1.1170027	-10.47671	12.905907
0.41040266	1.1112038	-10.298452	12.872994
0.40260637	1.11958	-10.497732	12.901792
0.40416563	1.1173249	-10.501936	12.864766
0.40416563	1.1176471	-10.420374	12.885336
0.40416563	1.1166806	-10.469984	12.889451
0.40260637	1.1279563	-10.432987	12.868879
0.4088434	1.1192579	-10.464098	12.872994
0.4088434	1.1137811	-10.473348	12.868879
0.40260637	1.11958	-10.327041	12.885336
0.40416563	1.1179693	-10.482595	12.905907
0.40416563	1.1289227	-10.459894	12.889451
0.40572491	1.1157141	-10.470825	12.889451
0.4088434	1.1147476	-10.462417	12.897678
0.40572491	1.1128147	-10.452326	12.877108
0.4088434	1.1005725	-10.433827	12.872994
0.40572491	1.1021832	-10.427941	12.877108
0.40572491	1.1012168	-10.469144	12.864766
0.40572491	1.1050828	-10.454007	12.889451
0.40728414	1.1147476	-10.316951	12.926476
0.40572491	1.1166806	-10.45569	12.893564
0.4088434	1.1286006	-10.488482	12.922363
0.40728414	1.115392	-10.454007	12.872994
0.40572491	1.1121703	-10.436351	12.914135
0.40572491	1.1060492	-10.423738	12.877108
0.41663975	1.1121703	-10.450644	12.934704
0.40260637	1.1105595	-10.482595	12.897678
0.40416563	1.113459	-10.339654	12.930591
0.40260637	1.1121703	-10.450644	12.877108
0.40416563	1.1231239	-10.482595	12.918248
0.4088434	1.1079822	-10.452326	12.877108
0.40416563	1.1063714	-10.493526	12.914135
0.40572491	1.0999281	-10.459053	12.893564
0.41508049	1.1028275	-10.459894	12.922363
0.4088434	1.1050828	-10.459053	12.889451
0.40728414	1.1066935	-10.467461	12.877108
0.40416563	1.1060492	-10.460734	12.905907
0.40104708	1.1247346	-10.444759	12.901792
0.4088434	1.1292449	-10.4456	12.897678
0.40572491	1.1157141	-10.451485	12.877108
0.40260637	1.1018611	-10.458212	12.864766
0.4088434	1.1076601	-10.472507	12.897678
0.4135212	1.1128147	-10.342176	12.905907
0.41040266	1.1173249	-10.504458	12.905907
0.39948782	1.0992838	-10.488482	12.868879
0.41040266	1.1083044	-10.451485	12.905907
0.40572491	1.1050828	-10.432146	12.877108
0.40572491	1.1128147	-10.443918	12.889451
0.4088434	1.1141033	-10.479233	12.881223
0.40416563	1.1108817	-10.475869	12.877108
0.41040266	1.1092708	-10.452326	12.91002
0.4135212	1.1044384	-10.451485	12.860652
0.41040266	1.0989616	-10.434669	12.885336
0.4088434	1.0999281	-10.470825	12.881223
0.41196194	1.111526	-10.481755	12.942932
0.40260637	1.1308557	-10.362356	12.918248
0.4088434	1.1218352	-10.452326	12.893564
0.40416563	1.1124924	-10.465779	12.881223
0.4088434	1.1063714	-10.457372	12.889451
0.40728414	1.1021832	-10.450644	12.905907
0.40416563	1.1063714	-10.411124	12.901792
0.40416563	1.1141033	-10.468302	12.918248
0.4088434	1.0992838	-10.42626	12.897678
0.40260637	1.1063714	-10.364879	12.91002
0.40572491	1.1160363	-10.432146	12.885336
0.4088434	1.1099151	-10.325359	12.897678
0.4088434	1.1079822	-10.422896	12.889451
0.40104708	1.1166806	-10.469984	12.91002
0.40572491	1.1166806	-10.434669	12.893564
0.40728414	1.1066935	-10.467461	12.872994
0.40416563	1.0986395	-10.440554	12.860652
0.4088434	1.0979952	-10.470825	12.860652
0.40416563	1.0986395	-10.480914	12.877108
0.40416563	1.1037941	-10.417851	12.905907
0.40572491	1.111526	-10.475029	12.897678
0.40728414	1.11958	-10.464938	12.901792
0.40572491	1.0992838	-10.444759	12.868879
0.41663975	1.1028275	-10.432146	12.930591
0.4135212	1.0954179	-10.396831	12.877108
0.40572491	1.1041162	-10.478392	12.897678
0.40572491	1.0979952	-10.477551	12.852424
0.40572491	1.0992838	-10.483438	12.881223
0.4088434	1.0954179	-10.448963	12.860652
0.4135212	1.1070157	-10.420374	12.893564
0.41196194	1.1128147	-10.430465	12.889451
0.40728414	1.1144254	-10.469984	12.914135
0.40572491	1.1176471	-10.432987	12.897678
0.41040266	1.1324666	-10.470825	12.918248
0.41040266	1.1244124	-10.425419	12.897678
0.41196194	1.1150697	-10.432146	12.922363
0.40260637	1.1089487	-10.475869	12.872994
0.41040266	1.1118481	-10.400194	12.914135
0.40572491	1.111526	-10.469144	12.91002
0.4088434	1.1112038	-10.470825	12.897678
0.41040266	1.0992838	-10.457372	12.877108
0.41196194	1.113459	-10.454848	12.901792
0.41663975	1.1112038	-10.411124	12.91002
0.41196194	1.1112038	-10.469144	12.905907
0.41040266	1.11958	-10.45653	12.889451
0.4088434	1.1121703	-10.432987	12.885336
0.41040266	1.1199023	-10.447281	12.914135
0.41040266	1.1031498	-10.474188	12.877108
0.41040266	1.1176471	-10.491845	12.897678
0.41196194	1.111526	-10.485119	12.905907
0.4088434	1.1170027	-10.471665	12.905907
0.41040266	1.1308557	-10.463257	12.918248
0.40260637	1.11958	-10.23623	12.881223
0.41508049	1.115392	-10.412807	12.889451
0.40572491	1.1141033	-10.439713	12.91002
0.41196194	1.1189357	-10.45653	12.926476
0.41196194	1.1124924	-10.449803	12.905907
0.4135212	1.093807	-10.459053	12.881223
0.40572491	1.0915519	-10.469144	12.889451
0.40260637	1.0973508	-10.479233	12.860652
0.40728414	1.1025054	-10.451485	12.877108
0.40416563	1.1066935	-10.484279	12.889451
0.4135212	1.1182914	-10.491005	12.901792
0.4088434	1.121513	-10.440554	12.897678
0.40728414	1.1131368	-10.465779	12.856539
0.4088434	1.1089487	-10.376651	12.881223
0.40104708	1.1086265	-10.483438	12.881223
0.40104708	1.1121703	-10.492686	12.889451
0.40728414	1.1015389	-10.472507	12.885336
0.40416563	1.0973508	-10.464938	12.893564
0.40260637	1.0963843	-10.443076	12.877108
0.4088434	1.1002502	-10.482595	12.905907
0.40572491	1.1021832	-10.432146	12.901792
0.40728414	1.1147476	-10.344698	12.942932
0.40416563	1.1286006	-10.454007	12.938819
0.40572491	1.115392	-10.458212	12.885336
0.41040266	1.1008946	-10.461576	12.889451
0.41040266	1.1118481	-10.467461	12.942932
0.40416563	1.1192579	-10.318632	12.893564
0.40572491	1.1131368	-10.479233	12.897678
0.40572491	1.1166806	-10.486801	12.905907
0.40728414	1.1273119	-10.458212	12.959389
0.40416563	1.1269897	-10.454848	12.885336
0.4088434	1.1269897	-10.348062	12.897678
0.40260637	1.1105595	-10.452326	12.885336
0.40416563	1.11958	-10.47671	12.926476
0.40728414	1.1199023	-10.405239	12.901792
0.40416563	1.1108817	-10.450644	12.893564
0.40728414	1.1070157	-10.339654	12.889451
0.40416563	1.0999281	-10.46662	12.893564
0.40416563	1.1083044	-10.460734	12.905907
0.40416563	1.1063714	-10.451485	12.905907
0.40260637	1.0989616	-10.469144	12.881223
0.41040266	1.1073378	-10.468302	12.91002
0.40260637	1.1008946	-10.46662	12.877108
0.4088434	1.113459	-10.464098	12.885336
0.40572491	1.111526	-10.448122	12.897678
0.41196194	1.1199023	-10.490164	12.889451
0.40416563	1.1331109	-10.477551	12.893564
0.4088434	1.1298892	-10.465779	12.889451
0.40728414	1.1186136	-10.423738	12.877108
0.40572491	1.1170027	-10.420374	12.905907
0.40572491	1.1144254	-10.433827	12.897678
0.4088434	1.1173249	-10.459053	12.905907
0.4088434	1.1050828	-10.433827	12.926476
0.39792857	1.1108817	-10.496891	12.893564
0.40416563	1.109593	-10.447281	12.922363
0.39948782	1.09574	-10.46662	12.877108
0.39948782	1.1021832	-10.479233	12.926476
0.40104708	1.1057271	-10.398513	12.872994
0.40416563	1.1008946	-10.467461	12.868879
0.40728414	1.113459	-10.447281	12.918248
0.40104708	1.1166806	-10.469144	12.91002
0.40572491	1.1250567	-10.477551	12.922363
0.40728414	1.1189357	-10.323677	12.901792
0.39948782	1.113459	-10.45569	12.877108
0.40416563	1.1302114	-10.464938	12.905907
0.40104708	1.1350439	-10.480914	12.893564
0.40572491	1.1350439	-10.469984	12.926476
0.41040266	1.1273119	-10.436351	12.893564
0.40416563	1.1199023	-10.461576	12.901792
0.40416563	1.1102374	-10.448963	12.864766
0.40728414	1.1102374	-10.440554	12.91002
0.40416563	1.1037941	-10.491845	12.889451
0.40572491	1.115392	-10.459053	12.934704
0.41040266	1.1160363	-10.430465	12.897678
0.4088434	1.1173249	-10.478392	12.901792
0.40572491	1.1066935	-10.358993	12.893564
0.40416563	1.1112038	-10.464938	12.885336
0.40728414	1.1205466	-10.428782	12.914135
0.40104708	1.1257011	-10.452326	12.918248
0.40572491	1.123446	-10.49521	12.897678
0.40416563	1.1166806	-10.372446	12.860652
0.41040266	1.1099151	-10.443918	12.877108
0.40260637	1.1124924	-10.497732	12.881223
0.40416563	1.125379	-10.481755	12.918248
0.40416563	1.1131368	-10.4456	12.893564
0.40416563	1.1144254	-10.393467	12.901792
0.40104708	1.1089487	-10.463257	12.918248
0.4135212	1.1054049	-10.431305	12.914135
0.4088434	1.1047605	-10.468302	12.901792
0.40572491	1.0873637	-10.462417	12.872994
0.40416563	1.0986395	-10.448122	12.897678
0.39948782	1.0973508	-10.478392	12.881223
0.40260637	1.1079822	-10.450644	12.918248
0.40260637	1.1121703	-10.481755	12.91002
0.39792857	1.1173249	-10.459053	12.922363
0.40260637	1.1028275	-10.337972	12.872994
0.40260637	1.0996059	-10.454007	12.864766
0.40416563	1.1012168	-10.440554	12.881223
0.40260637	1.1102374	-10.478392	12.905907
0.40104708	1.1247346	-10.467461	12.918248
0.40260637	1.1298892	-10.42626	12.901792
0.40416563	1.1376212	-10.460734	12.938819
0.40728414	1.1186136	-10.442237	12.905907
0.40104708	1.1260233	-10.471665	12.922363
0.4088434	1.111526	-10.444759	12.881223
0.40260637	1.1160363	-10.469984	12.901792
0.40260637	1.1073378	-10.494368	12.905907
0.40572491	1.1018611	-10.463257	12.860652
0.40416563	1.0989616	-10.438872	12.877108
0.40104708	1.1012168	-10.446441	12.881223
0.4088434	1.0996059	-10.473348	12.897678
0.40572491	1.1102374	-10.465779	12.905907
0.40260637	1.1224796	-10.441395	12.905907
0.40104708	1.1150697	-10.471665	12.881223
0.40260637	1.1144254	-10.471665	12.889451
0.40416563	1.1041162	-10.450644	12.868879
0.40728414	1.1131368	-10.444759	12.897678
0.40260637	1.1047605	-10.459894	12.889451
0.41040266	1.1044384	-10.442237	12.905907
0.4088434	1.1112038	-10.459894	12.930591
0.41196194	1.1240903	-10.478392	12.947047
0.40728414	1.1089487	-10.454007	12.922363
0.39792857	1.0954179	-10.465779	12.877108
0.40416563	1.0960622	-10.397672	12.897678
0.40728414	1.1037941	-10.447281	12.905907
0.40728414	1.1118481	-10.47671	12.938819
0.40104708	1.1160363	-10.364038	12.918248
0.40728414	1.125379	-10.459053	12.934704
0.41040266	1.1224796	-10.330404	12.914135
0.40728414	1.1221573	-10.458212	12.942932
0.41196194	1.1192579	-10.436351	12.91002
0.40260637	1.1170027	-10.440554	12.897678
0.40572491	1.1157141	-10.491845	12.893564
0.41040266	1.1057271	-10.446441	12.918248
0.40260637	1.1050828	-10.485119	12.901792
0.40260637	1.1060492	-10.478392	12.930591
0.40260637	1.0967065	-10.444759	12.889451
0.40416563	1.0912297	-10.459894	12.877108
0.40572491	1.0834978	-10.45569	12.889451
0.40728414	1.0973508	-10.480914	12.914135
0.40728414	1.111526	-10.47671	12.91002
0.40104708	1.1163584	-10.332927	12.930591
0.4088434	1.1060492	-10.453167	12.897678
0.40728414	1.1124924	-10.462417	12.918248
0.40728414	1.1102374	-10.448963	12.930591
0.39636928	1.121513	-10.486801	12.918248
0.40260637	1.1141033	-10.372446	12.905907
0.40260637	1.1202244	-10.497732	12.897678
0.41040266	1.1273119	-10.460734	12.922363
0.40416563	1.1199023	-10.411124	12.905907
0.40728414	1.1237682	-10.457372	12.938819
0.39948782	1.1228017	-10.482595	12.930591
0.41040266	1.1121703	-10.441395	12.947047
0.40104708	1.1108817	-10.448122	12.934704
0.41196194	1.0992838	-10.394308	12.922363
0.40572491	1.1144254	-10.49521	12.947047
0.40416563	1.1128147	-10.482595	12.959389
0.41040266	1.1060492	-10.370765	12.930591
0.40260637	1.0992838	-10.452326	12.905907
0.4088434	1.1057271	-10.427941	12.926476
0.4088434	1.1147476	-10.424579	12.938819
0.40416563	1.1221573	-10.460734	12.938819
0.39948782	1.1147476	-10.491845	12.926476
0.4088434	1.1318222	-10.458212	12.95116
0.4135212	1.1279563	-10.473348	12.938819
0.41663975	1.1305336	-10.380855	12.955275
0.41040266	1.1247346	-10.447281	12.914135
0.41040266	1.1163584	-10.451485	12.914135
0.40572491	1.1073378	-10.479233	12.897678
0.40572491	1.1034719	-10.458212	12.918248
0.40728414	1.1025054	-10.46662	12.930591
0.40260637	1.1063714	-10.47671	12.947047
0.40260637	1.113459	-10.509502	12.942932
0.4088434	1.1057271	-10.469984	12.918248
0.41040266	1.1163584	-10.42626	12.942932
0.4088434	1.1118481	-10.327882	12.901792
0.40572491	1.1086265	-10.475029	12.897678
0.40260637	1.1157141	-10.460734	12.922363
0.40572491	1.1286006	-10.480914	12.955275
0.40728414	1.133433	-10.503617	12.963503
0.4088434	1.1372989	-10.454007	12.947047
0.40416563	1.1305336	-10.454007	12.901792
0.41040266	1.1182914	-10.470825	12.893564
0.40728414	1.1079822	-10.450644	12.918248
0.4088434	1.1089487	-10.464098	12.91002
0.40572491	1.115392	-10.358151	12.934704
0.40572491	1.1150697	-10.485119	12.942932
0.40416563	1.113459	-10.460734	12.959389
0.40416563	1.1131368	-10.471665	12.942932
0.41196194	1.1282784	-10.448122	12.971731
0.40728414	1.1160363	-10.407762	12.926476
0.40572491	1.1099151	-10.49521	12.934704
0.40728414	1.1121703	-10.458212	12.926476
0.4088434	1.1015389	-10.449803	12.918248
0.4088434	1.1060492	-10.473348	12.942932
0.40260637	1.1105595	-10.311906	12.926476
0.40728414	1.1176471	-10.454007	12.938819
0.40572491	1.1163584	-10.4456	12.905907
0.41196194	1.1173249	-10.446441	12.926476
0.40416563	1.1211909	-10.461576	12.922363
0.40572491	1.11958	-10.463257	12.926476
0.40572491	1.115392	-10.465779	12.922363
0.40572491	1.1086265	-10.467461	12.95116
0.41040266	1.0967065	-10.471665	12.918248
0.40104708	1.1050828	-10.469144	12.926476
0.40260637	1.1083044	-10.311065	12.934704
0.40416563	1.1083044	-10.48596	12.930591
0.4088434	1.1025054	-10.454848	12.914135
0.40572491	1.1150697	-10.382536	12.922363
0.40572491	1.1263454	-10.46662	12.95116
0.40728414	1.1244124	-10.371606	12.91002
0.40728414	1.1202244	-10.474188	12.922363
0.40260637	1.1108817	-10.463257	12.905907
0.41040266	1.1199023	-10.360675	12.930591
0.40572491	1.1176471	-10.464938	12.942932
0.40416563	1.1237682	-10.418693	12.930591
0.40260637	1.1157141	-10.448963	12.889451
0.41040266	1.1015389	-10.465779	12.893564
0.40572491	1.1089487	-10.286681	12.922363
0.40104708	1.1089487	-10.514548	12.942932
0.40572491	1.1141033	-10.3262	12.95116
0.40416563	1.113459	-10.499413	12.930591
0.40572491	1.115392	-10.485119	12.947047
0.40728414	1.1131368	-10.438032	12.918248
0.40572491	1.1028275	-10.447281	12.930591
0.41040266	1.0999281	-10.446441	12.897678
0.41040266	1.111526	-10.464938	12.930591
0.40260637	1.1160363	-10.464098	12.914135
0.41196194	1.1137811	-10.348062	12.905907
0.4088434	1.1179693	-10.441395	12.959389
0.40572491	1.1186136	-10.471665	12.918248
0.40260637	1.1286006	-10.461576	12.922363
0.40728414	1.1092708	-10.465779	12.897678
0.40260637	1.1025054	-10.425419	12.889451
0.4088434	1.0996059	-10.439713	12.885336
0.40416563	1.0973508	-10.475029	12.905907
0.40416563	1.1018611	-10.45569	12.930591
0.4088434	1.1050828	-10.469144	12.914135
0.40572491	1.1021832	-10.330404	12.91002
0.41663975	1.1015389	-10.422056	12.918248
0.40416563	1.1102374	-10.464938	12.95116
0.41040266	1.1144254	-10.479233	12.938819
0.40260637	1.1224796	-10.454007	12.91002
0.4088434	1.1086265	-10.450644	12.889451
0.39792857	1.1131368	-10.434669	12.930591
0.40416563	1.1089487	-10.441395	12.934704
0.40260637	1.1147476	-10.498572	12.905907
0.40572491	1.1102374	-10.478392	12.914135
0.40572491	1.0976729	-10.443918	12.877108
0.40104708	1.1108817	-10.431305	12.897678
0.40572491	1.1121703	-10.454007	12.905907
0.40416563	1.1199023	-10.469984	12.922363
0.40104708	1.1144254	-10.468302	12.938819
0.40572491	1.115392	-10.421215	12.95116
0.40260637	1.1089487	-10.448122	12.938819
0.40572491	1.1141033	-10.485119	12.922363
0.4088434	1.1079822	-10.430465	12.959389
0.40572491	1.1034719	-10.475029	12.922363
0.40260637	1.1079822	-10.469984	12.922363
0.39792857	1.1063714	-10.458212	12.930591
0.40260637	1.1147476	-10.464938	12.938819
0.40416563	1.1044384	-10.454007	12.91002
0.40728414	1.1073378	-10.479233	12.922363
0.40260637	1.1102374	-10.470825	12.934704
0.40728414	1.1070157	-10.458212	12.926476
0.40572491	1.1150697	-10.480914	12.914135
0.41040266	1.1089487	-10.474188	12.922363
0.40572491	1.123446	-10.431305	12.947047
0.39948782	1.1269897	-10.475029	12.942932
0.40416563	1.1211909	-10.349744	12.922363
0.40728414	1.115392	-10.478392	12.926476
0.40572491	1.1047605	-10.454007	12.942932
0.40572491	1.0915519	-10.449803	12.905907
0.40416563	1.0970286	-10.486801	12.926476
0.4088434	1.0892967	-10.374128	12.897678
0.40260637	1.0960622	-10.496049	12.926476
0.40104708	1.1002502	-10.459053	12.918248
0.40260637	1.1131368	-10.41617	12.930591
0.40572491	1.1205466	-10.469984	12.934704
0.40728414	1.127634	-10.379173	12.955275
0.40416563	1.1311779	-10.478392	12.922363
0.40416563	1.125379	-10.442237	12.901792
0.40416563	1.1182914	-10.458212	12.901792
0.40728414	1.1244124	-10.461576	12.922363
0.40572491	1.1202244	-10.465779	12.918248
0.40260637	1.1192579	-10.464938	12.918248
0.40416563	1.1163584	-10.465779	12.930591
0.40260637	1.1182914	-10.421215	12.963503
0.4088434	1.1166806	-10.427101	12.947047
0.40728414	1.1128147	-10.451485	12.922363
0.40728414	1.1079822	-10.473348	12.922363
0.4088434	1.0979952	-10.467461	12.955275
0.40416563	1.1050828	-10.434669	12.918248
0.40416563	1.1118481	-10.478392	12.938819
0.39792857	1.1163584	-10.462417	12.942932
0.40572491	1.1147476	-10.467461	12.922363
0.41040266	1.121513	-10.464938	12.938819
0.40728414	1.1221573	-10.303497	12.959389
0.40104708	1.1170027	-10.480074	12.901792
0.40572491	1.1137811	-10.454007	12.889451
0.40260637	1.1112038	-10.475029	12.922363
0.40416563	1.1160363	-10.501095	12.918248
0.40416563	1.1269897	-10.472507	12.975844
0.40572491	1.1160363	-10.45569	12.922363
0.40572491	1.127634	-10.45569	12.971731
0.4135212	1.1086265	-10.40608	12.926476
0.4135212	1.1144254	-10.432987	12.942932
0.41040266	1.1173249	-10.369082	12.947047
0.40572491	1.121513	-10.45569	12.947047
0.40572491	1.1112038	-10.440554	12.91002
0.41196194	1.0983173	-10.435509	12.926476
0.41040266	1.1044384	-10.458212	12.918248
0.4088434	1.1079822	-10.42626	12.922363
0.4088434	1.11958	-10.479233	12.922363
0.4088434	1.1260233	-10.464098	12.967616
0.4135212	1.125379	-10.446441	12.930591
0.40572491	1.1286006	-10.454848	12.942932
0.40416563	1.1292449	-10.427941	12.91002
0.4135212	1.1231239	-10.461576	12.926476
0.40104708	1.1108817	-10.483438	12.881223
0.40416563	1.1199023	-10.362356	12.955275
0.40104708	1.1063714	-10.453167	12.930591
0.41040266	1.1076601	-10.471665	12.934704
0.40572491	1.0934849	-10.479233	12.901792
0.4088434	1.0963843	-10.463257	12.914135
0.40572491	1.1131368	-10.234549	12.947047
0.40416563	1.115392	-10.462417	12.947047
0.40416563	1.1282784	-10.471665	12.947047
0.4088434	1.1186136	-10.433827	12.91002
0.40572491	1.1192579	-10.463257	12.926476
0.40260637	1.1179693	-10.383377	12.926476
0.40572491	1.1083044	-10.484279	12.914135
0.4088434	1.1160363	-10.491845	12.942932
0.40260637	1.1208687	-10.461576	12.922363
0.40104708	1.1247346	-10.507821	12.938819
0.4088434	1.1163584	-10.3859	12.91002
0.40260637	1.1121703	-10.46662	12.942932
0.40416563	1.1205466	-10.479233	12.984073
0.40104708	1.1266676	-10.491845	12.959389
0.4088434	1.1157141	-10.441395	12.930591
0.40416563	1.1044384	-10.260614	12.901792
0.40416563	1.0979952	-10.447281	12.918248
0.40260637	1.0996059	-10.496891	12.893564
0.4088434	1.0983173	-10.459053	12.914135
0.40416563	1.1179693	-10.462417	12.95116
0.40260637	1.1118481	-10.367401	12.922363
0.40572491	1.1286006	-10.459894	12.938819
0.4088434	1.1205466	-10.458212	12.922363
0.40728414	1.1321443	-10.420374	12.930591
0.40416563	1.1218352	-10.446441	12.934704
0.39948782	1.1218352	-10.316951	12.926476
0.4088434	1.1089487	-10.454007	12.914135
0.40572491	1.1089487	-10.486801	12.91002
0.40572491	1.109593	-10.413648	12.918248
0.40416563	1.1028275	-10.450644	12.922363
0.40572491	1.1050828	-10.430465	12.95116
0.40416563	1.115392	-10.45569	12.959389
0.40572491	1.1141033	-10.437191	12.930591
0.41040266	1.1108817	-10.905539	12.922363
0.41040266	1.1025054	-10.454007	12.914135
0.40416563	1.109593	-10.358993	12.967616
0.39636928	1.1015389	-10.474188	12.918248
0.40260637	1.1182914	-10.464938	12.930591
0.40572491	1.1092708	-10.396831	12.914135
0.39792857	1.1160363	-10.496891	12.926476
0.40416563	1.1092708	-10.444759	12.91002
0.40416563	1.1141033	-10.491005	12.91002
0.40104708	1.1124924	-10.470825	12.91002
0.39948782	1.1141033	-10.464098	12.926476
0.39948782	1.1192579	-10.47671	12.95116
0.39481002	1.1063714	-10.465779	12.918248
0.39792857	1.1076601	-10.449803	12.922363
0.39948782	1.1021832	-10.449803	12.938819
0.39325073	1.0967065	-10.491005	12.897678
0.40260637	1.1063714	-10.453167	12.914135
0.40260637	1.1144254	-10.485119	12.955275
0.4088434	1.1141033	-10.382536	12.942932
0.40260637	1.1121703	-10.45653	12.942932
0.40572491	1.1083044	-10.45653	12.918248
0.4088434	1.121513	-10.454848	12.967616
0.40572491	1.1266676	-10.440554	12.942932
0.4088434	1.1356882	-10.465779	12.959389
0.40260637	1.1266676	-10.480914	12.91002
0.41040266	1.1150697	-10.473348	12.918248
0.4088434	1.121513	-10.473348	12.926476
0.41040266	1.1150697	-10.451485	12.922363
0.4135212	1.1182914	-10.438872	12.926476
0.4088434	1.1031498	-10.451485	12.922363
0.41508049	1.111526	-10.4456	12.955275
0.40572491	1.1131368	-10.434669	12.955275
0.4088434	1.1005725	-10.472507	12.938819
0.41040266	1.093807	-10.459053	12.930591
0.40728414	1.1057271	-10.444759	12.914135
0.41196194	1.123446	-10.461576	12.955275
0.41040266	1.1228017	-10.361515	12.922363
0.40416563	1.1128147	-10.496891	12.938819
0.4088434	1.1260233	-10.614609	12.95116
0.41040266	1.1379433	-10.468302	12.975844
0.4088434	1.1286006	-10.418693	12.934704
0.41508049	1.1160363	-10.430465	12.942932
0.40728414	1.1092708	-10.464938	12.922363
0.41040266	1.1247346	-10.487641	12.955275
0.4135212	1.1218352	-10.501095	12.963503
0.40572491	1.115392	-10.46662	12.938819
0.40416563	1.0989616	-10.327882	12.922363
0.41196194	1.1012168	-10.437191	12.938819
0.4135212	1.1054049	-10.450644	12.959389
0.4088434	1.1037941	-10.490164	12.938819
0.418199	1.1186136	-10.471665	12.959389
0.40416563	1.1108817	-10.454848	12.930591
0.4088434	1.1050828	-10.433827	12.947047
0.41040266	1.1121703	-10.448122	12.942932
0.41196194	1.1144254	-10.467461	12.938819
0.41040266	1.1189357	-10.48596	12.942932
0.4088434	1.1108817	-10.461576	12.934704
0.418199	1.1160363	-10.457372	12.938819
0.40572491	1.1012168	-10.480914	12.918248
0.40572491	1.115392	-10.474188	12.930591
0.40728414	1.1121703	-10.459053	12.922363
0.40728414	1.1189357	-10.295089	12.926476
0.4088434	1.1247346	-10.451485	12.967616
0.40572491	1.127634	-10.480914	12.930591
0.41040266	1.1321443	-10.460734	13.000528
0.4135212	1.1324666	-10.461576	12.975844
0.4088434	1.1327887	-10.419534	12.967616
0.40416563	1.1176471	-10.458212	12.930591
0.41040266	1.1221573	-10.453167	12.967616
0.40260637	1.1202244	-10.463257	12.95116
0.41040266	1.1211909	-10.47671	12.971731
0.4135212	1.1170027	-10.36572	12.959389
0.41196194	1.1221573	-10.472507	12.947047
0.41508049	1.11958	-10.42626	12.942932
0.41196194	1.123446	-10.475029	12.95116
0.40572491	1.123446	-10.453167	12.955275
0.40728414	1.1189357	-10.459053	12.930591
0.4088434	1.1163584	-10.458212	12.934704
0.40728414	1.111526	-10.459053	12.938819
0.4135212	1.1047605	-10.479233	12.988187
0.41040266	1.1025054	-10.472507	12.938819
0.40572491	1.109593	-10.37581	12.938819
0.40728414	1.1131368	-10.45653	12.934704
0.41040266	1.1186136	-10.464098	12.963503
0.40572491	1.1102374	-10.380855	12.930591
0.4088434	1.1176471	-10.432987	12.947047
0.4088434	1.1112038	-10.888721	12.926476
0.4135212	1.1186136	-10.461576	12.959389
0.4088434	1.1070157	-10.457372	12.926476
0.40260637	1.1218352	-10.444759	12.947047
0.4088434	1.115392	-10.464938	12.918248
0.4135212	1.1218352	-10.482595	12.984073
0.4088434	1.1157141	-10.448122	12.930591
0.41040266	1.127634	-10.45569	12.967616
0.40416563	1.1208687	-10.376651	12.947047
0.4135212	1.1121703	-10.454848	12.934704
0.4135212	1.0992838	-10.390945	12.914135
0.40260637	1.1044384	-10.465779	12.926476
0.41040266	1.1070157	-10.46662	12.942932
0.41040266	1.1034719	-10.422056	12.922363
0.41040266	1.1028275	-10.472507	12.955275
0.40416563	1.1118481	-10.486801	12.95116
0.41040266	1.1257011	-10.432146	13.004643
0.40728414	1.1228017	-10.444759	12.934704
0.40572491	1.1282784	-10.45569	12.959389
0.4088434	1.127634	-10.458212	12.942932
0.42287678	1.1343995	-10.438872	12.988187
0.40260637	1.1382655	-10.465779	12.955275
0.40572491	1.1321443	-10.467461	12.942932
0.40728414	1.111526	-10.429624	12.893564
0.40728414	1.1173249	-10.472507	12.959389
0.41040266	1.1205466	-10.468302	12.971731
0.4088434	1.1221573	-10.491005	12.95116
0.4088434	1.1121703	-10.45653	12.942932
0.40728414	1.1163584	-10.451485	12.967616
0.41196194	1.11958	-10.452326	12.955275
0.40728414	1.1105595	-10.467461	12.938819
0.4088434	1.1199023	-10.484279	12.975844
0.40416563	1.1250567	-10.472507	12.947047
0.4088434	1.1302114	-10.349744	12.971731
0.41196194	1.113459	-10.446441	12.955275
0.41196194	1.1182914	-10.451485	12.971731
0.4088434	1.1221573	-10.277431	12.947047
0.4088434	1.1137811	-10.461576	12.91002
0.4088434	1.0976729	-10.427941	12.914135
0.4135212	1.1182914	-10.471665	12.947047
0.41508049	1.1366546	-10.477551	12.971731
0.4088434	1.1405206	-10.417851	12.963503
0.4088434	1.1450309	-10.485119	12.971731
0.40728414	1.1247346	-10.480914	12.947047
0.41508049	1.1121703	-10.434669	12.95116
0.41040266	1.1147476	-10.491005	12.942932
0.40104708	1.1118481	-10.36572	12.926476
0.4088434	1.1202244	-10.483438	12.971731
0.39948782	1.1163584	-10.480074	12.955275
0.41663975	1.1182914	-10.279114	12.975844
0.41040266	1.11958	-10.436351	12.963503
0.4088434	1.1224796	-10.431305	12.975844
0.40416563	1.1279563	-10.487641	12.967616
0.40572491	1.1221573	-10.473348	12.95116
0.41196194	1.1221573	-10.323677	12.959389
0.41196194	1.123446	-10.480914	12.967616
0.40260637	1.1331109	-10.45653	12.975844
0.40104708	1.1231239	-10.45653	12.938819
0.41040266	1.1041162	-10.448963	12.926476
0.4088434	1.0979952	-10.344698	12.926476
0.4088434	1.1044384	-10.485119	12.947047
0.40104708	1.1025054	-10.479233	12.955275
0.40728414	1.1118481	-10.472507	12.942932
0.40572491	1.1021832	-10.475029	12.914135
0.4088434	1.1173249	-10.448963	12.971731
0.41196194	1.1121703	-10.452326	12.942932
0.40572491	1.1221573	-10.469984	12.963503
0.40104708	1.1157141	-10.465779	12.914135
0.39948782	1.1021832	-10.464098	12.922363
0.40572491	1.111526	-10.4456	12.942932
0.40728414	1.1228017	-10.464098	12.963503
0.41040266	1.1292449	-10.465779	12.95116
0.40728414	1.1266676	-10.412807	12.926476
0.40728414	1.1279563	-10.452326	12.942932
0.40572491	1.1231239	-10.432987	12.967616
0.40572491	1.1118481	-10.465779	12.947047
0.40416563	1.1060492	-10.464938	12.918248
0.40416563	1.1186136	-10.354789	12.95116
0.4088434	1.1144254	-10.453167	12.959389
0.40104708	1.1157141	-10.486801	12.930591
0.4088434	1.1224796	-10.474188	12.963503
0.4135212	1.1076601	-10.438032	12.942932
0.40728414	1.1131368	-10.369924	12.942932
0.41196194	1.1112038	-10.475869	12.95116
0.40572491	1.1163584	-10.454007	12.967616
0.40572491	1.1205466	-10.460734	12.959389
0.4088434	1.1369768	-10.47671	12.984073
0.40572491	1.1279563	-10.369924	12.942932
0.40572491	1.1176471	-10.431305	12.922363
0.40416563	1.1231239	-10.450644	12.942932
0.40416563	1.1166806	-10.457372	12.91002
0.40104708	1.1092708	-10.505299	12.922363
0.40260637	1.1005725	-10.443076	12.930591
0.39948782	1.1076601	-10.479233	12.95116
0.40260637	1.1089487	-10.465779	12.930591
0.40728414	1.0976729	-10.322837	12.942932
0.40104708	1.1047605	-10.477551	12.95116
0.39636928	1.0973508	-10.454848	12.914135
0.40572491	1.0915519	-10.427941	12.918248
0.40572491	1.0944513	-10.441395	12.934704
0.40572491	1.1079822	-10.319473	12.95116
0.40572491	1.1118481	-10.46662	12.955275
0.41040266	1.1199023	-10.463257	12.947047
0.40416563	1.1021832	-10.443918	12.926476
0.40572491	1.1137811	-10.457372	12.942932
0.41040266	1.109593	-10.821454	12.963503
0.4088434	1.1231239	-10.487641	12.947047
0.40728414	1.11958	-10.449803	12.934704
0.40104708	1.1202244	-10.482595	12.95116
0.40572491	1.1170027	-10.451485	12.934704
0.4088434	1.1205466	-10.434669	12.95116
0.40416563	1.1028275	-10.442237	12.914135
0.40416563	1.1002502	-10.480914	12.905907
0.40728414	1.1018611	-10.395989	12.922363
0.39792857	1.1012168	-10.443918	12.91002
0.40728414	1.1092708	-10.464938	12.979959
0.40416563	1.1066935	-10.448963	12.95116
0.40728414	1.1292449	-10.46662	12.979959
0.40728414	1.1192579	-10.393467	12.934704
0.40572491	1.127634	-10.460734	12.971731
0.4088434	1.1389098	-10.464098	12.967616
0.40260637	1.1440644	-10.492686	12.955275
0.4088434	1.125379	-10.427101	12.930591
0.40260637	1.1105595	-10.348062	12.926476
0.4088434	1.1070157	-10.452326	12.975844
0.39948782	1.1186136	-10.469984	12.963503
0.40416563	1.0992838	-10.469984	12.963503
0.39948782	1.1076601	-10.478392	12.963503
0.41040266	1.1131368	-10.463257	12.9923
0.40728414	1.1083044	-10.465779	12.947047
0.40260637	1.1025054	-10.443076	12.955275
0.40104708	1.0973508	-10.374969	12.938819
0.40572491	1.1015389	-10.442237	12.926476
0.40416563	1.0996059	-10.422056	12.942932
0.4088434	1.0989616	-10.467461	12.955275
0.40260637	1.1102374	-10.494368	12.963503
0.41040266	1.1108817	-10.400194	12.955275
0.40416563	1.121513	-10.45653	12.963503
0.4088434	1.1286006	-10.481755	12.971731
0.40572491	1.1166806	-10.443918	12.930591
0.4088434	1.1044384	-10.463257	12.922363
0.4088434	1.0979952	-10.36572	12.938819
0.40728414	1.1005725	-10.478392	12.971731
0.40572491	1.0963843	-10.447281	12.942932
0.4088434	1.1005725	-10.473348	12.922363
0.41040266	1.0831757	-10.436351	12.918248
0.4088434	1.0921962	-10.632266	12.930591
0.40728414	1.1089487	-10.463257	12.959389
0.4088434	1.1166806	-10.479233	12.955275
0.40572491	1.1173249	-10.471665	12.963503
0.4135212	1.1266676	-10.472507	12.984073
0.40728414	1.1240903	-10.422896	12.996415
0.41040266	1.1347216	-10.47671	12.988187
0.40728414	1.1347216	-10.493526	12.963503
0.40416563	1.1363325	-10.353107	12.959389
0.4088434	1.1273119	-10.427941	12.971731
0.41196194	1.11958	-10.483438	12.930591
0.41196194	1.1186136	-10.463257	12.975844
0.4088434	1.1144254	-10.479233	12.975844
0.41508049	1.1147476	-10.443076	12.95116
0.41040266	1.1092708	-10.447281	12.95116
0.40728414	1.1086265	-10.437191	12.947047
0.40728414	1.1057271	-10.444759	12.963503
0.4088434	1.0973508	-10.474188	12.988187
0.40572491	1.1269897	-10.335449	13.008757
0.4088434	1.1286006	-10.452326	12.979959
0.4088434	1.1163584	-10.442237	12.95116
0.40260637	1.1121703	-10.459053	12.959389
0.40416563	1.1173249	-10.463257	12.963503
0.4135212	1.1430979	-10.379173	13.025212
0.4135212	1.1318222	-10.471665	12.971731
0.40572491	1.133433	-10.459894	12.979959
0.41196194	1.1205466	-10.977851	12.938819
0.41196194	1.1182914	-10.468302	13.004643
0.4088434	1.1208687	-10.480914	12.9923
0.40728414	1.123446	-10.469984	12.996415
0.40728414	1.1157141	-10.463257	12.979959
0.4088434	1.1205466	-10.434669	12.975844
0.4088434	1.1079822	-10.453167	12.959389
0.40260637	1.1099151	-10.451485	12.95116
0.40104708	1.1108817	-10.480914	12.95116
0.4088434	1.1163584	-10.467461	12.971731
0.4088434	1.1218352	-10.411124	12.979959
0.40728414	1.1260233	-10.470825	12.971731
0.4088434	1.1211909	-10.443918	12.975844
0.41196194	1.1257011	-10.475029	12.9923
0.4088434	1.1311779	-10.451485	13.004643
0.40260637	1.1376212	-10.597791	12.975844
0.4088434	1.1289227	-10.443918	12.942932
0.40572491	1.1205466	-10.465779	12.95116
0.40416563	1.1218352	-10.36572	12.955275
0.40416563	1.1350439	-10.459894	12.984073
0.40572491	1.1269897	-10.411966	12.967616
0.40260637	1.1112038	-10.477551	12.963503
0.40572491	1.1060492	-10.444759	12.959389
0.40728414	1.121513	-10.418693	12.996415
0.4088434	1.1089487	-10.463257	12.95116
0.40416563	1.0992838	-10.483438	12.926476
0.41040266	1.1112038	-10.465779	12.975844
0.40416563	1.1173249	-10.477551	12.942932
0.40416563	1.1240903	-10.381696	12.975844
0.41040266	1.123446	-10.467461	12.988187
0.4088434	1.1231239	-10.48596	12.971731
0.418199	1.1372989	-10.461576	12.9923
0.40728414	1.1237682	-10.473348	12.930591
0.40260637	1.1273119	-10.427101	12.984073
0.40572491	1.1273119	-10.465779	12.959389
0.40416563	1.129567	-10.461576	12.967616
0.4135212	1.1112038	-10.450644	12.95116
0.40728414	1.1221573	-10.460734	12.979959
0.40104708	1.1250567	-10.330404	12.971731
0.40572491	1.1144254	-10.473348	12.926476
0.41040266	1.1160363	-10.451485	12.984073
0.40572491	1.1102374	-10.448963	12.963503
0.4088434	1.1208687	-10.498572	12.975844
0.40728414	1.1192579	-10.454007	12.947047
0.40416563	1.1221573	-10.461576	12.942932
0.40104708	1.1137811	-10.435509	12.947047
0.40728414	1.1121703	-10.469984	12.947047
0.39792857	1.123446	-10.440554	12.984073
0.40416563	1.1199023	-10.50614	13.004643
0.40104708	1.1273119	-10.462417	12.967616
0.40416563	1.1160363	-10.451485	12.955275
0.40728414	1.1192579	-10.270704	12.955275
0.40572491	1.1244124	-10.454848	12.9923
0.40728414	1.1147476	-10.470825	12.942932
0.4088434	1.1224796	-10.450644	12.979959
0.40572491	1.1160363	-10.475869	12.963503
0.40104708	1.1221573	-10.473348	12.996415
0.40416563	1.1102374	-10.444759	12.955275
0.40728414	1.1076601	-10.465779	12.959389
0.40728414	1.1131368	-10.471665	12.959389
0.41196194	1.1266676	-10.485119	13.000528
0.40572491	1.1218352	-10.377492	12.959389
0.4135212	1.1170027	-10.437191	12.967616
0.40416563	1.127634	-10.442237	12.959389
0.40572491	1.1250567	-10.45569	12.984073
0.40260637	1.1244124	-10.464938	12.959389
0.40572491	1.113459	-10.463257	12.955275
0.40260637	1.1166806	-10.471665	12.95116
0.40572491	1.1157141	-10.444759	12.95116
0.41196194	1.1128147	-10.435509	12.959389
0.4088434	1.1160363	-10.470825	12.963503
0.4088434	1.1218352	-10.425419	12.975844
0.40260637	1.11958	-10.464938	12.959389
0.40728414	1.113459	-10.465779	12.95116
0.4088434	1.1083044	-10.425419	12.959389
0.40416563	1.1054049	-10.480074	12.947047
0.40728414	1.111526	-10.460734	12.938819
0.40572491	1.1189357	-10.471665	12.95116
0.41196194	1.1144254	-10.475869	12.947047
0.41196194	1.1228017	-10.432987	12.975844
0.41040266	1.1385876	-10.427941	13.000528
0.40260637	1.1401985	-10.454007	12.963503
0.41040266	1.1376212	-10.464938	12.996415
0.40572491	1.1331109	-10.448122	13.004643
0.40260637	1.1408428	-10.597791	13.025212
0.40416563	1.1311779	-10.481755	12.971731
0.40260637	1.1260233	-10.488482	12.979959
0.40572491	1.1102374	-10.432146	12.979959
0.4088434	1.1070157	-10.493526	12.971731
0.40728414	1.115392	-10.394308	12.988187
0.40572491	1.1108817	-10.446441	12.971731
0.40416563	1.111526	-10.472507	12.9923
0.4088434	1.1063714	-10.343017	12.942932
0.40104708	1.0909076	-10.458212	12.938819
0.40572491	1.0999281	-10.559113	12.963503
0.40416563	1.1128147	-10.46662	12.971731
0.40260637	1.1186136	-10.458212	12.971731
0.4088434	1.1092708	-10.300975	12.979959
0.4088434	1.1118481	-10.444759	12.955275
0.41196194	1.1131368	-10.438872	12.984073
0.40260637	1.1121703	-10.491005	12.955275
0.40728414	1.1286006	-10.452326	12.963503
0.41196194	1.1369768	-10.45653	13.025212
0.4088434	1.1379433	-10.486801	12.984073
0.4088434	1.1250567	-10.45653	12.963503
0.41040266	1.1131368	-10.421215	12.955275
0.40416563	1.1144254	-10.475869	12.988187
0.40260637	1.1202244	-10.40692	12.955275
0.40260637	1.1186136	-10.477551	12.967616
0.40728414	1.1063714	-10.45569	12.955275
0.4088434	1.1121703	-10.443918	12.975844
0.4088434	1.1057271	-10.443918	12.947047
0.40572491	1.1031498	-10.386741	12.95116
0.40572491	1.1089487	-10.470825	12.984073
0.4088434	1.1224796	-10.472507	13.012872
0.40728414	1.1376212	-10.688601	13.004643
0.40260637	1.133433	-10.496891	12.9923
0.40416563	1.1318222	-10.436351	12.971731
0.40416563	1.1318222	-10.480074	12.984073
0.40104708	1.1279563	-10.452326	12.979959
0.40572491	1.1237682	-10.434669	12.988187
0.40728414	1.1147476	-10.459894	12.988187
0.41040266	1.1002502	-10.419534	12.947047
0.41040266	1.0986395	-10.432987	12.959389
0.40572491	1.1050828	-10.475869	12.971731
0.40572491	1.1012168	-10.450644	12.959389
0.4088434	1.1179693	-10.444759	12.988187
0.40728414	1.1173249	-10.436351	12.959389
0.40572491	1.1247346	-10.452326	12.984073
0.40260637	1.1179693	-10.461576	12.975844
0.40260637	1.1102374	-10.449803	12.959389
0.40260637	1.1112038	-10.471665	12.975844
0.40416563	1.1150697	-10.497732	12.967616
0.40728414	1.1176471	-10.431305	12.963503
0.40260637	1.1189357	-10.483438	12.955275
0.40260637	1.1131368	-10.386741	12.955275
0.40728414	1.1137811	-10.482595	12.975844
0.40728414	1.1221573	-10.467461	13.029327
0.39948782	1.1205466	-10.474188	12.967616
0.4088434	1.1199023	-10.446441	12.988187
0.40572491	1.1044384	-10.437191	12.955275
0.40728414	1.1034719	-10.486801	12.975844
0.40416563	1.0954179	-10.425419	12.942932
0.40728414	1.0979952	-10.491845	12.934704
0.40416563	1.1034719	-10.475869	12.95116
0.40104708	1.0999281	-10.465779	12.942932
0.40260637	1.1211909	-10.48596	12.979959
0.40572491	1.123446	-10.461576	13.000528
0.39948782	1.1269897	-10.31611	12.955275
0.40416563	1.1224796	-10.460734	12.963503
0.40416563	1.1173249	-10.446441	12.947047
0.4088434	1.1208687	-10.324518	12.971731
0.40416563	1.1250567	-10.472507	12.975844
0.41196194	1.121513	-10.448122	12.975844
0.40260637	1.1118481	-10.474188	12.955275
0.40416563	1.1224796	-10.46662	12.984073
0.40572491	1.1147476	-10.393467	12.967616
0.40104708	1.1182914	-10.491005	12.9923
0.40416563	1.1028275	-10.475029	12.930591
0.39792857	1.115392	-10.501936	12.9923
0.40104708	1.1060492	-10.458212	12.984073
0.40260637	1.1089487	-10.458212	12.971731
0.41508049	1.1076601	-10.446441	12.963503
0.4088434	1.1141033	-10.467461	12.996415
0.40728414	1.1189357	-10.433827	13.016985
0.4088434	1.1398762	-10.470825	13.008757
0.40728414	1.1337552	-10.268183	12.963503
0.40572491	1.1327887	-10.48596	12.959389
0.40572491	1.1089487	-10.45653	12.955275
0.40572491	1.1012168	-10.362356	12.947047
0.40416563	1.109593	-10.483438	12.975844
0.40728414	1.109593	-10.249683	12.971731
0.40260637	1.1102374	-10.472507	12.963503
0.39948782	1.109593	-10.4456	12.975844
0.40104708	1.1131368	-10.341335	12.971731
0.40104708	1.1292449	-10.489323	12.9923
0.40260637	1.1144254	-10.483438	12.938819
0.40572491	1.1173249	-10.484279	12.942932
0.40260637	1.1286006	-10.467461	12.975844
0.40416563	1.1302114	-10.292566	12.967616
0.40572491	1.1250567	-10.491845	12.971731
0.40260637	1.1205466	-10.432987	12.975844
0.40728414	1.1315	-10.438032	13.000528
0.41040266	1.11958	-10.431305	12.971731
0.41196194	1.1186136	-10.367401	12.988187
0.40728414	1.1137811	-10.467461	12.955275
0.40572491	1.1324666	-10.468302	13.021099
0.40416563	1.1144254	-10.444759	12.979959
0.4135212	1.1089487	-10.459053	12.975844
0.39948782	1.1012168	-10.459894	12.963503
0.40728414	1.1086265	-10.483438	12.979959
0.39792857	1.1041162	-10.459053	12.979959
0.4088434	1.11958	-10.373287	12.975844
0.40416563	1.1218352	-10.469144	12.975844
0.40260637	1.1211909	-10.458212	12.959389
0.40728414	1.1173249	-10.449803	12.959389
0.40104708	1.129567	-10.487641	12.984073
0.40104708	1.1315	-10.431305	12.996415
0.40728414	1.1356882	-10.483438	12.971731
0.39792857	1.1340773	-10.47671	13.021099
0.40416563	1.1189357	-10.463257	12.963503
0.40728414	1.1228017	-10.483438	13.004643
0.4088434	1.11958	-10.444759	12.988187
0.40416563	1.1208687	-10.478392	12.984073
0.40104708	1.1137811	-10.433827	12.971731
0.4088434	1.1083044	-10.428782	12.975844
0.4088434	1.1205466	-10.435509	13.004643
0.40572491	1.1237682	-10.435509	12.979959
0.4088434	1.1166806	-10.434669	12.975844
0.40416563	1.1160363	-10.468302	12.942932
0.40104708	1.1231239	-10.474188	13.000528
0.40104708	1.1147476	-10.444759	12.967616
0.4088434	1.1257011	-10.380855	12.9923
0.40728414	1.1247346	-10.474188	12.984073
0.4088434	1.1211909	-10.467461	12.996415
0.4088434	1.1205466	-10.430465	12.979959
0.40260637	1.1327887	-10.427101	12.988187
0.40104708	1.1379433	-10.418693	12.988187
0.40416563	1.1279563	-10.488482	12.9923
0.40728414	1.121513	-10.45653	12.971731
0.40572491	1.1218352	-10.395149	12.988187
0.4088434	1.1224796	-10.473348	13.004643
0.41040266	1.1318222	-10.34638	13.029327
0.40416563	1.1202244	-10.463257	12.975844
0.40572491	1.1189357	-10.448122	12.975844
0.40728414	1.1070157	-10.401875	12.959389
0.4088434	1.1173249	-10.45653	12.988187
0.40728414	1.1228017	-10.464938	13.008757
0.40728414	1.127634	-10.431305	13.000528
0.40416563	1.1150697	-10.45653	12.979959
0.4088434	1.1199023	-10.433827	12.979959
0.40572491	1.1228017	-10.481755	12.9923
0.4088434	1.1286006	-10.440554	12.984073
0.4088434	1.1221573	-10.45569	12.975844
0.39948782	1.1224796	-10.467461	12.959389
0.40416563	1.1179693	-10.731484	12.967616
0.40728414	1.123446	-10.449803	12.996415
0.41663975	1.1128147	-10.40692	13.000528
0.40728414	1.1118481	-10.393467	12.988187
0.40572491	1.1079822	-10.464098	12.95116
0.40728414	1.1105595	-10.417851	12.988187
0.4088434	1.11958	-10.460734	13.008757
0.40416563	1.1205466	-10.458212	12.975844
0.4135212	1.1269897	-10.443918	12.975844
0.40572491	1.1244124	-10.454848	12.975844
0.41196194	1.1218352	-10.392627	12.984073
0.40572491	1.1160363	-10.440554	12.967616
0.40728414	1.127634	-10.45653	12.971731
0.4088434	1.1192579	-10.379173	12.967616
0.40572491	1.1163584	-10.451485	12.984073
0.40728414	1.1192579	-10.453167	12.988187
0.40572491	1.1347216	-10.480074	13.029327
0.40416563	1.1372989	-10.477551	13.021099
0.40260637	1.1311779	-10.281635	12.9923
0.4088434	1.1266676	-10.443076	13.000528
0.41196194	1.1118481	-10.463257	12.971731
0.41196194	1.1160363	-10.432146	13.008757
0.40572491	1.1105595	-10.482595	12.988187
0.39948782	1.1144254	-10.457372	12.975844
0.4088434	1.1092708	-10.436351	12.984073
0.40728414	1.1018611	-10.428782	12.979959
0.4088434	1.1089487	-10.454007	12.984073
0.39792857	1.1150697	-10.454848	12.988187
0.39792857	1.1170027	-10.294249	12.971731
0.40416563	1.1112038	-10.470825	12.979959
0.40728414	1.1170027	-10.448963	12.979959
0.40260637	1.1318222	-10.498572	13.029327
0.40260637	1.1289227	-10.504458	12.979959
0.40104708	1.1315	-10.403557	13.012872
0.41196194	1.1073378	-10.450644	12.967616
0.40728414	1.0973508	-10.465779	12.984073
0.41040266	1.109593	-10.443076	13.004643
0.40416563	1.1228017	-10.494368	13.041669
0.41040266	1.1099151	-10.35647	12.979959
0.41196194	1.1189357	-10.432146	13.004643
0.40728414	1.1086265	-10.430465	12.971731
0.40728414	1.1286006	-10.451485	13.045783
0.40416563	1.1205466	-10.451485	12.971731
0.39792857	1.1244124	-10.364879	12.988187
0.40260637	1.1189357	-10.469144	12.971731
0.40572491	1.109593	-10.467461	12.971731
0.40572491	1.1157141	-10.462417	12.979959
0.40260637	1.1102374	-10.477551	12.975844
0.40572491	1.123446	-10.34638	12.9923
0.40728414	1.1170027	-10.425419	12.955275
0.41196194	1.1228017	-10.434669	13.008757
0.41040266	1.1131368	-10.46662	12.9923
0.40260637	1.123446	-10.505299	13.049897
0.39948782	1.1108817	-10.347221	12.971731
0.4088434	1.1160363	-10.471665	12.9923
0.41040266	1.1141033	-10.464098	12.984073
0.40572491	1.123446	-10.432987	13.012872
0.40104708	1.1199023	-10.487641	12.959389
0.40104708	1.1202244	-10.348903	12.959389
0.40572491	1.1137811	-10.451485	12.959389
0.40416563	1.1147476	-10.458212	12.9923
0.4135212	1.1112038	-10.657491	12.942932
0.40572491	1.115392	-10.478392	12.938819
0.4088434	1.123446	-10.467461	12.955275
0.40416563	1.1318222	-10.511186	12.9923
0.40260637	1.129567	-10.438032	12.963503
0.40572491	1.1340773	-10.41617	12.95116
0.40260637	1.1176471	-10.4456	12.947047
0.40572491	1.115392	-10.446441	12.955275
0.40416563	1.1083044	-10.477551	12.955275
0.39792857	1.1160363	-10.487641	12.963503
0.40416563	1.1141033	-10.389263	12.963503
0.40260637	1.1086265	-10.475029	12.930591
0.40416563	1.1060492	-10.464098	12.942932
0.40260637	1.1089487	-10.444759	12.959389
0.40728414	1.0989616	-10.484279	12.934704
0.40104708	1.093807	-10.380855	12.91002
0.40416563	1.1028275	-10.446441	12.938819
0.39948782	1.1099151	-10.488482	12.930591
0.40572491	1.1279563	-10.488482	12.959389
0.40728414	1.1347216	-10.470825	12.963503
0.40416563	1.1331109	-10.410284	12.955275
0.40572491	1.1247346	-10.459894	12.959389
0.40416563	1.1176471	-10.444759	12.988187
0.40572491	1.1166806	-10.465779	12.9923
0.40572491	1.1260233	-10.49521	13.012872
0.40104708	1.1137811	-10.425419	12.963503
0.4088434	1.111526	-10.443918	13.004643
0.40728414	1.1147476	-10.431305	12.9923
0.40416563	1.115392	-10.462417	12.979959
0.40728414	1.1150697	-10.468302	12.947047
0.39948782	1.121513	-10.34638	13.000528
0.40260637	1.1137811	-10.463257	12.959389
0.40728414	1.1240903	-10.477551	13.012872
0.40416563	1.1305336	-10.479233	12.996415
0.40416563	1.1237682	-10.463257	12.955275
0.40104708	1.1266676	-10.448122	12.975844
0.40416563	1.1163584	-10.317792	12.942932
0.40416563	1.1266676	-10.429624	12.988187
0.40260637	1.1192579	-10.469984	12.963503
0.39948782	1.1205466	-10.475869	12.971731
0.40728414	1.1141033	-10.448963	12.979959
0.40260637	1.1237682	-10.448963	13.000528
0.40728414	1.1131368	-10.443918	12.963503
0.39792857	1.1083044	-10.485119	12.959389
0.40416563	1.1028275	-10.427941	12.971731
0.40260637	1.1128147	-10.482595	12.975844
0.40572491	1.1279563	-10.469144	12.996415
0.40572491	1.1121703	-10.454007	12.971731
0.40416563	1.1063714	-10.429624	12.971731
0.4088434	1.1021832	-10.343858	12.996415
0.40416563	1.1083044	-10.494368	13.000528
0.40416563	1.113459	-10.459894	12.984073
0.41040266	1.1247346	-10.469144	12.979959
0.41040266	1.1318222	-10.493526	13.008757
0.40728414	1.1240903	-10.40692	12.967616
0.40728414	1.1257011	-10.459894	12.975844
0.40416563	1.1279563	-10.438872	12.9923
0.40260637	1.1279563	-10.47671	13.000528
0.4088434	1.1199023	-10.463257	12.9923
0.40104708	1.115392	-10.420374	13.004643
0.40416563	1.1057271	-10.459053	12.984073
0.40572491	1.1028275	-10.457372	12.971731
0.40572491	1.0986395	-10.471665	12.975844
0.40104708	1.113459	-10.45653	12.9923
0.41040266	1.121513	-10.287521	13.016985
0.40728414	1.1208687	-10.452326	12.9923
0.40728414	1.1231239	-10.417851	13.004643
0.4088434	1.1218352	-10.432987	13.004643
0.40104708	1.1343995	-10.450644	13.016985
0.4088434	1.1366546	-10.357311	13.008757
0.40572491	1.1350439	-10.471665	13.012872
0.40728414	1.1379433	-10.491845	12.996415
0.40260637	1.121513	-10.443918	12.9923
0.40728414	1.1347216	-10.470825	13.025212
0.40728414	1.113459	-10.325359	12.984073
0.40728414	1.1166806	-10.442237	12.9923
0.41040266	1.1092708	-10.432146	13.025212
0.40728414	1.1047605	-10.340494	12.979959
0.4088434	1.1008946	-10.447281	12.988187
0.40260637	1.0941292	-10.4456	12.959389
0.40260637	1.1086265	-10.467461	13.029327
0.40260637	1.1060492	-10.475869	12.984073
0.40572491	1.1189357	-10.373287	13.012872
0.40416563	1.1211909	-10.457372	12.9923
0.41040266	1.121513	-10.480914	13.008757
0.40728414	1.1247346	-10.472507	13.025212
0.40104708	1.1260233	-10.497732	12.979959
0.40416563	1.123446	-10.370765	12.984073
0.40728414	1.1105595	-10.474188	12.971731
0.40416563	1.1163584	-10.484279	12.984073
0.4088434	1.111526	-10.364879	13.000528
0.40416563	1.1205466	-10.48596	13.037556
0.4088434	1.1092708	-10.359834	13.025212
0.4088434	1.1157141	-10.440554	13.025212
0.40572491	1.1112038	-10.459053	13.008757
0.40728414	1.1083044	-10.434669	13.008757
0.4088434	1.1105595	-10.459053	13.004643
0.4088434	1.1086265	-10.482595	12.9923
0.4088434	1.1179693	-10.442237	13.021099
0.39948782	1.1237682	-10.468302	13.037556
0.41196194	1.1318222	-10.488482	13.037556
0.40260637	1.1308557	-10.468302	13.016985
0.40416563	1.1395541	-10.461576	13.037556
0.41040266	1.1430979	-10.464098	13.049897
0.40416563	1.1385876	-10.470825	13.029327
0.39636928	1.1189357	-10.4456	13.004643
0.40260637	1.1160363	-10.441395	13.000528
0.40416563	1.1112038	-10.478392	13.004643
0.40728414	1.1192579	-10.477551	13.06224
0.40728414	1.1028275	-10.459053	13.008757
0.4088434	1.113459	-10.431305	13.029327
0.40416563	1.1041162	-10.45569	13.012872
0.4088434	1.1186136	-10.490164	13.037556
0.39948782	1.125379	-10.302656	13.021099
0.40572491	1.1224796	-10.458212	13.029327
0.4088434	1.1324666	-10.353948	13.025212
0.4088434	1.125379	-10.461576	13.008757
0.40260637	1.1205466	-10.453167	13.008757
0.41040266	1.1141033	-10.320314	13.016985
0.40416563	1.1179693	-10.458212	13.012872
0.40572491	1.1308557	-10.470825	13.054011
0.40416563	1.1257011	-10.485119	13.008757
0.40728414	1.1311779	-10.444759	13.025212
0.40416563	1.1250567	-10.337972	13.021099
0.40728414	1.1199023	-10.451485	13.037556
0.41040266	1.1244124	-10.439713	13.06224
0.41040266	1.1257011	-10.514548	13.074581
0.39948782	1.1118481	-10.448122	13.025212
0.4088434	1.1102374	-10.242957	13.041669
0.39792857	1.109593	-10.463257	12.988187
0.39948782	1.1182914	-10.496891	13.037556
0.40572491	1.1192579	-10.444759	13.012872
0.40260637	1.1282784	-10.488482	13.054011
0.4088434	1.1447088	-10.42626	13.058125
0.40572491	1.1482525	-10.435509	13.054011
0.40728414	1.1337552	-10.458212	13.016985
0.40416563	1.1398762	-10.443918	13.045783
0.40416563	1.1282784	-10.459894	13.008757
0.40572491	1.1298892	-10.46662	13.054011
0.40728414	1.1118481	-10.436351	12.988187
0.40572491	1.109593	-10.463257	13.008757
0.40416563	1.1137811	-10.432146	13.004643
0.40104708	1.1025054	-10.464098	13.004643
0.40416563	1.111526	-10.282476	13.025212
0.4088434	1.1202244	-10.487641	13.045783
0.40728414	1.1192579	-10.443076	13.025212
0.40260637	1.1218352	-10.347221	13.029327
0.41040266	1.1173249	-10.427941	13.000528
0.40260637	1.129567	-10.458212	13.045783
0.40260637	1.1298892	-10.451485	13.041669
0.40260637	1.1379433	-10.468302	13.049897
0.39792857	1.1398762	-10.41701	13.008757
0.40260637	1.1395541	-10.468302	13.012872
0.40260637	1.1305336	-10.458212	12.988187
0.40104708	1.1263454	-10.471665	12.971731
0.40572491	1.1247346	-10.469984	12.988187
0.4088434	1.1189357	-10.443918	12.979959
0.41196194	1.1170027	-10.432146	13.012872
0.40104708	1.1150697	-10.471665	12.9923
0.40416563	1.1173249	-10.489323	13.029327
0.39948782	1.1163584	-10.477551	13.016985
0.4088434	1.1205466	-10.309383	13.045783
0.40416563	1.1182914	-10.488482	13.000528
0.40572491	1.1079822	-10.478392	12.975844
0.4088434	1.1099151	-10.377492	12.9923
0.4088434	1.1144254	-10.442237	12.967616
0.40728414	1.1247346	-10.353948	13.000528
0.40416563	1.1250567	-10.475869	12.984073
0.4088434	1.1192579	-10.460734	13.000528
0.40728414	1.1327887	-10.443076	13.008757
0.41040266	1.1327887	-10.471665	12.9923
0.40416563	1.125379	-10.454848	12.988187
0.40104708	1.1208687	-10.472507	12.988187
0.40728414	1.1182914	-10.471665	12.988187
0.40416563	1.1202244	-10.37581	12.975844
0.4088434	1.1050828	-10.457372	12.988187
0.40572491	1.0999281	-10.436351	12.9923
0.40728414	1.1108817	-10.438032	13.004643
0.40572491	1.1112038	-10.442237	12.984073
0.4088434	1.1047605	-10.601996	12.955275
0.40416563	1.1063714	-10.471665	12.988187
0.40572491	1.1189357	-10.438872	12.996415
0.40728414	1.123446	-10.435509	13.008757
0.40728414	1.1279563	-10.454007	12.9923
0.40416563	1.1298892	-10.440554	13.033441
0.41040266	1.1218352	-10.438032	12.984073
0.41508049	1.1269897	-10.442237	13.025212
0.40728414	1.1221573	-10.436351	12.988187
0.40416563	1.1189357	-10.458212	12.9923
0.40728414	1.1034719	-10.443918	12.959389
0.40260637	1.1044384	-10.444759	12.975844
0.4088434	1.1112038	-10.448963	13.016985
0.39948782	1.109593	-10.407762	13.000528
0.40572491	1.1102374	-10.454848	13.012872
0.40104708	1.1102374	-10.459053	13.012872
0.4088434	1.1163584	-10.458212	13.021099
0.40260637	1.1150697	-10.470825	13.000528
0.39948782	1.1137811	-10.443076	13.004643
0.41040266	1.1221573	-10.471665	13.000528
0.40416563	1.113459	-10.480074	13.021099
0.40416563	1.1160363	-10.467461	13.025212
0.40416563	1.1260233	-10.50614	13.021099
0.40104708	1.1182914	-10.424579	13.008757
0.39792857	1.1192579	-10.444759	13.008757
0.39948782	1.1137811	-10.45653	12.984073
0.40572491	1.1205466	-10.464938	13.000528
0.40416563	1.1160363	-10.475029	12.988187
0.40416563	1.11958	-10.46662	13.049897
0.40416563	1.125379	-10.450644	13.025212
0.40416563	1.1266676	-10.487641	13.012872
0.40104708	1.1192579	-10.297611	13.004643
0.40416563	1.123446	-10.427941	13.045783
0.40728414	1.1041162	-10.435509	12.988187
0.40728414	1.1086265	-10.47671	13.000528
0.40260637	1.1005725	-10.47671	12.9923
0.40260637	1.1041162	-10.452326	12.9923
0.40260637	1.1047605	-10.432987	12.9923
0.40416563	1.1166806	-10.465779	12.996415
0.40572491	1.1327887	-10.462417	13.037556
0.40104708	1.1482525	-10.483438	13.037556
0.4088434	1.1337552	-10.437191	12.996415
0.40104708	1.1331109	-10.443076	12.984073
0.39948782	1.1205466	-10.458212	12.979959
0.40416563	1.125379	-10.306861	12.9923
0.40416563	1.1128147	-10.477551	12.971731
0.39792857	1.1192579	-10.434669	13.008757
0.40104708	1.1147476	-10.492686	13.012872
0.4088434	1.1192579	-10.472507	13.029327
0.40260637	1.1244124	-10.396831	13.029327
0.40416563	1.1208687	-10.451485	13.008757
0.39948782	1.11958	-10.472507	13.000528
0.39948782	1.1144254	-10.487641	12.988187
0.40416563	1.1247346	-10.475869	13.016985
0.39948782	1.1157141	-10.41701	12.9923
0.39636928	1.1221573	-10.493526	13.049897
0.40416563	1.1298892	-10.449803	13.008757
0.40728414	1.127634	-10.475029	13.008757
0.40572491	1.1186136	-10.432146	12.984073
0.40572491	1.1144254	-10.3859	13.016985
0.40104708	1.1083044	-10.459053	12.988187
0.39792857	1.1170027	-10.479233	13.008757
0.40104708	1.1147476	-10.485119	13.000528
0.40260637	1.1079822	-10.473348	12.988187
0.41040266	1.0970286	-10.433827	13.000528
0.39948782	1.0983173	-10.492686	12.984073
0.40104708	1.1163584	-10.475869	13.021099
0.40416563	1.1144254	-10.413648	12.9923
0.39481002	1.1189357	-10.475029	12.988187
0.40260637	1.1228017	-10.3262	13.004643
0.39792857	1.1263454	-10.469144	13.021099
0.40572491	1.1421314	-10.484279	13.033441
0.39325073	1.1324666	-10.376651	13.021099
0.39325073	1.127634	-10.480914	12.988187
0.39792857	1.1337552	-10.450644	13.016985
0.40572491	1.127634	-10.437191	13.008757
0.40104708	1.1269897	-10.491845	13.012872
0.40104708	1.1166806	-10.420374	12.963503
0.40260637	1.1173249	-10.457372	13.016985
0.40260637	1.1144254	-10.45569	12.996415
0.40572491	1.1199023	-10.380855	13.029327
0.40572491	1.1266676	-10.458212	13.054011
0.39792857	1.1289227	-10.488482	13.037556
0.40260637	1.1173249	-10.438872	12.9923
0.39792857	1.1189357	-10.477551	13.008757
0.39948782	1.1086265	-10.45569	13.000528
0.40572491	1.1282784	-10.472507	13.025212
0.39792857	1.121513	-10.460734	12.9923
0.39792857	1.1170027	-10.454007	13.000528
0.40260637	1.1263454	-10.444759	13.012872
0.40416563	1.1360103	-10.312746	13.041669
0.40416563	1.1456752	-10.443076	13.054011
0.40416563	1.1524407	-10.464938	13.033441
0.40572491	1.1337552	-10.461576	12.996415
0.40572491	1.1176471	-10.474188	12.996415
0.39792857	1.1192579	-10.349744	13.029327
0.4088434	1.1137811	-10.483438	13.025212
0.4088434	1.1231239	-10.485119	13.037556
0.40572491	1.1131368	-10.454007	12.9923
0.41040266	1.1192579	-10.438032	13.029327
0.40260637	1.113459	-10.432146	13.004643
0.4088434	1.1083044	-10.427101	12.9923
0.39948782	1.1102374	-10.461576	13.004643
0.40572491	1.1247346	-10.323677	13.021099
0.40572491	1.1237682	-10.468302	13.037556
0.40416563	1.1302114	-10.407762	13.058125
0.40104708	1.125379	-10.489323	13.012872
0.40572491	1.1350439	-10.475029	13.021099
0.40260637	1.1292449	-10.405239	12.988187
0.40260637	1.1118481	-10.432146	13.012872
0.40104708	1.1073378	-10.436351	12.9923
0.40416563	1.1250567	-10.477551	13.037556
0.40572491	1.1311779	-10.471665	13.037556
0.39792857	1.135366	-10.473348	13.025212
0.40416563	1.1221573	-10.471665	13.025212
0.39792857	1.1240903	-10.451485	13.037556
0.40416563	1.1228017	-10.454007	13.025212
0.39481002	1.1173249	-10.494368	13.037556
0.40104708	1.123446	-10.432987	13.012872
0.39636928	1.1266676	-10.465779	13.021099
0.40416563	1.1289227	-10.464098	13.045783
0.40104708	1.1421314	-10.425419	13.058125
0.40104708	1.1414871	-10.467461	13.049897
0.40104708	1.1372989	-10.35647	13.021099
0.40572491	1.1437422	-10.469144	13.029327
0.40260637	1.1269897	-10.439713	13.016985
0.40416563	1.1350439	-10.438872	13.041669
0.40572491	1.1292449	-10.444759	13.033441
0.40104708	1.1202244	-10.450644	13.033441
0.39325073	1.1170027	-10.447281	13.016985
0.39948782	1.1021832	-10.430465	12.9923
0.40260637	1.1054049	-10.451485	12.996415
0.39948782	1.1224796	-10.480914	13.058125
0.39636928	1.127634	-10.488482	13.025212
0.39636928	1.1247346	-10.473348	13.008757
0.40572491	1.1260233	-10.450644	13.021099
0.39948782	1.1240903	-10.353107	13.025212
0.39792857	1.1273119	-10.483438	13.016985
0.39792857	1.1318222	-10.463257	13.029327
0.40104708	1.1221573	-10.57593	12.9923
0.39792857	1.1163584	-10.440554	13.025212
0.40104708	1.127634	-10.45653	13.041669
0.40104708	1.1369768	-10.477551	13.041669
0.40572491	1.1318222	-10.464098	13.008757
0.39792857	1.1221573	-10.415329	12.988187
0.40572491	1.1050828	-10.460734	12.967616
0.40104708	1.1076601	-10.4456	12.984073
0.40416563	1.1121703	-10.491845	13.000528
0.40572491	1.1128147	-10.491845	13.021099
0.40104708	1.1131368	-10.465779	13.008757
0.39792857	1.1092708	-10.411966	13.008757
0.39013225	1.1160363	-10.45569	13.025212
0.38857296	1.1205466	-10.462417	13.008757
0.3870137	1.1282784	-10.465779	13.025212
0.3823359	1.1260233	-10.460734	12.9923
0.38857296	1.11958	-10.471665	13.016985
0.39169151	1.1282784	-10.446441	13.021099
0.39013225	1.1411649	-10.423738	13.012872
0.39325073	1.1421314	-10.465779	13.008757
0.39792857	1.1221573	-10.485119	13.000528
0.40104708	1.1124924	-10.454848	12.975844
0.40416563	1.115392	-10.446441	13.016985
0.4088434	1.129567	-10.437191	13.045783
0.40728414	1.1305336	-10.51623	13.045783
0.40728414	1.1186136	-10.470825	13.000528
0.40416563	1.1247346	-10.454007	13.004643
0.4135212	1.1099151	-10.449803	13.008757
0.4135212	1.1112038	-10.462417	13.037556
0.41040266	1.111526	-10.478392	13.016985
0.41508049	1.1118481	-10.475869	13.025212
0.41196194	1.1118481	-10.371606	13.025212
0.41663975	1.1047605	-10.431305	12.9923
0.40728414	1.1218352	-10.492686	13.021099
0.4135212	1.1308557	-10.471665	13.037556
0.41508049	1.129567	-10.819773	13.029327
0.41663975	1.1266676	-10.473348	13.029327
0.4135212	1.1401985	-10.477551	13.033441
0.4135212	1.1202244	-10.437191	12.979959
0.41663975	1.1118481	-10.449803	13.016985
0.4135212	1.1182914	-10.492686	13.033441
0.4135212	1.1054049	-10.480914	13.000528
0.41508049	1.1237682	-10.470825	13.025212
0.41663975	1.11958	-10.470825	13.037556
0.4135212	1.1118481	-10.448122	13.000528
0.41040266	1.1099151	-10.382536	13.012872
0.41040266	1.1128147	-10.439713	13.021099
0.41040266	1.1282784	-10.483438	13.037556
0.4135212	1.125379	-10.490164	13.025212
0.41975826	1.1305336	-10.382536	13.037556
0.41508049	1.1337552	-10.395149	13.06224
0.41196194	1.1469638	-10.464098	13.082808
