Fout	Lin	Lout	sono
1.6765263	0.48878554	10.387154	14.304673
1.6702893	0.77099991	10.388836	14.308787
1.6718485	0.94690078	10.387154	14.329357
1.6718485	1.060302	10.389676	14.349928
1.6656115	1.1350439	10.387995	14.345813
1.66873	1.1804688	10.386312	14.362269
1.6671708	1.196577	10.386312	14.333472
1.6702893	1.2081748	10.387154	14.345813
1.6702893	1.2175176	10.388836	14.337585
1.6765263	1.2136517	10.387154	14.333472
1.6702893	1.2113965	10.386312	14.333472
1.6765263	1.2065641	10.387154	14.329357
1.6702893	1.2094635	10.387995	14.3417
1.66873	1.2197727	10.388836	14.30056
1.6702893	1.2265382	10.387154	14.333472
1.6702893	1.23427	10.387995	14.337585
1.6702893	1.2436128	10.386312	14.337585
1.6656115	1.2300819	10.387995	14.345813
1.6656115	1.21043	10.387995	14.308787
1.6671708	1.1904559	10.387995	14.321129
1.6702893	1.2049532	10.389676	14.321129
1.6656115	1.2001208	10.387154	14.337585
1.6734078	1.2081748	10.387995	14.321129
1.6749671	1.2165511	10.387154	14.337585
1.6702893	1.224283	10.387995	14.329357
1.6702893	1.2297598	10.387995	14.308787
1.6718485	1.2139738	10.388836	14.312901
1.6702893	1.2126851	10.386312	14.312901
1.66873	1.2155846	10.387995	14.321129
1.6702893	1.2181619	10.387154	14.308787
1.6702893	1.2088192	10.387154	14.325244
1.66873	1.2094635	10.387154	14.321129
1.6718485	1.2200949	10.387995	14.358156
1.6718485	1.2229943	10.388836	14.325244
1.6734078	1.2278268	10.387995	14.349928
1.6702893	1.2313706	10.386312	14.337585
1.66873	1.2146181	10.388836	14.317016
1.66873	1.22235	10.387995	14.325244
1.6765263	1.232337	10.386312	14.337585
1.66873	1.2329813	10.387154	14.312901
1.6702893	1.2420019	10.388836	14.325244
1.6671708	1.2265382	10.387154	14.3417
1.6656115	1.2394246	10.387995	14.345813
1.6656115	1.2326592	10.387154	14.349928
1.6749671	1.2378138	10.388836	14.337585
1.6734078	1.2236387	10.389676	14.325244
1.66873	1.2300819	10.388836	14.3417
1.6702893	1.2191284	10.388836	14.329357
1.6734078	1.2088192	10.386312	14.321129
1.6765263	1.2246052	10.386312	14.333472
1.6718485	1.2307262	10.387995	14.337585
1.6702893	1.2297598	10.388836	14.333472
1.6734078	1.2191284	10.387154	14.312901
1.6734078	1.2110744	10.385472	14.308787
1.6734078	1.1985099	10.386312	14.304673
1.6702893	1.1997986	10.389676	14.279989
1.6702893	1.1949662	10.387995	14.292332
1.6671708	1.192711	10.387154	14.30056
1.6671708	1.2146181	10.388836	14.374612
1.6718485	1.2246052	10.387995	14.354041
1.6718485	1.2197727	10.387154	14.329357
1.6734078	1.2236387	10.387154	14.317016
1.66873	1.2410355	10.389676	14.362269
1.66873	1.218484	10.385472	14.304673
1.66873	1.2207392	10.389676	14.333472
1.6624929	1.2200949	10.387154	14.312901
1.6734078	1.2217057	10.387154	14.333472
1.6702893	1.212363	10.387995	14.321129
1.6734078	1.2149403	10.387154	14.349928
1.6749671	1.2365252	10.388836	14.354041
1.6718485	1.2378138	10.387154	14.358156
1.66873	1.2284712	10.388836	14.337585
1.66873	1.2178397	10.387995	14.321129
1.6734078	1.226216	10.387995	14.3417
1.6718485	1.224283	10.387995	14.312901
1.6765263	1.2271825	10.387995	14.337585
1.6749671	1.2275046	10.386312	14.329357
1.6702893	1.2178397	10.388836	14.317016
1.6656115	1.2155846	10.387154	14.30056
1.6718485	1.2146181	10.388836	14.30056
1.6640522	1.212363	10.387154	14.308787
1.6734078	1.2171954	10.386312	14.3417
1.6702893	1.2191284	10.388836	14.304673
1.6702893	1.2094635	10.387154	14.304673
1.6671708	1.2316927	10.387154	14.354041
1.6702893	1.232337	10.387154	14.345813
1.66873	1.2300819	10.387995	14.333472
1.6640522	1.2200949	10.389676	14.308787
1.6718485	1.22235	10.386312	14.345813
1.6702893	1.2291155	10.386312	14.329357
1.6702893	1.2120408	10.387995	14.312901
1.6671708	1.2004429	10.387154	14.312901
1.6702893	1.2094635	10.388836	14.329357
1.6749671	1.2220279	10.389676	14.337585
1.66873	1.2236387	10.387995	14.312901
1.6749671	1.2252495	10.387995	14.321129
1.6718485	1.2316927	10.387154	14.333472
1.6796449	1.2352365	10.388836	14.325244
1.6702893	1.2374916	10.387995	14.308787
1.66873	1.2291155	10.386312	14.358156
1.6702893	1.2368473	10.388836	14.3417
1.6718485	1.2188063	10.386312	14.312901
1.6702893	1.2297598	10.387995	14.329357
1.6749671	1.220417	10.387995	14.345813
1.66873	1.2033424	10.386312	14.30056
1.66873	1.1933553	10.387995	14.30056
1.66873	1.2030202	10.387995	14.30056
1.6702893	1.2046311	10.387154	14.312901
1.6702893	1.208497	10.387995	14.30056
1.6702893	1.2268603	10.388836	14.312901
1.6702893	1.2287933	10.389676	14.325244
1.6702893	1.2484452	10.387995	14.333472
1.6702893	1.2526333	10.387995	14.321129
1.6702893	1.2458678	10.387154	14.333472
1.6734078	1.2300819	10.386312	14.333472
1.6656115	1.2155846	10.387995	14.30056
1.6734078	1.2091414	10.387154	14.333472
1.6702893	1.2165511	10.390517	14.329357
1.6671708	1.2130073	10.387154	14.345813
1.6671708	1.2014095	10.387995	14.308787
1.66873	1.2075305	10.386312	14.321129
1.66873	1.2136517	10.389676	14.304673
1.6734078	1.2146181	10.387154	14.304673
1.66873	1.2152624	10.388836	14.317016
1.6671708	1.2316927	10.387154	14.317016
1.6702893	1.2410355	10.386312	14.362269
1.6734078	1.2287933	10.386312	14.317016
1.6734078	1.2252495	10.387154	14.308787
1.6702893	1.2210613	10.387995	14.312901
1.6718485	1.2365252	10.387995	14.349928
1.6718485	1.2326592	10.388836	14.325244
1.6656115	1.2281489	10.387995	14.308787
1.6718485	1.2130073	10.387995	14.30056
1.6702893	1.2226722	10.387995	14.321129
1.66873	1.230404	10.386312	14.333472
1.6749671	1.2310483	10.388836	14.308787
1.6718485	1.2333035	10.386312	14.325244
1.6734078	1.2239609	10.386312	14.292332
1.6749671	1.2249273	10.387995	14.312901
1.66873	1.232337	10.387154	14.30056
1.66873	1.2175176	10.387995	14.304673
1.6656115	1.2130073	10.387995	14.304673
1.6671708	1.2113965	10.387995	14.333472
1.6702893	1.226216	10.386312	14.354041
1.6671708	1.2239609	10.390517	14.345813
1.6718485	1.2294376	10.388836	14.321129
1.6702893	1.2416798	10.386312	14.325244
1.6734078	1.2407132	10.387995	14.304673
1.66873	1.2378138	10.387154	14.304673
1.66873	1.2391025	10.387995	14.317016
1.6734078	1.2217057	10.387995	14.308787
1.66873	1.2226722	10.387995	14.345813
1.6656115	1.2094635	10.388836	14.312901
1.6656115	1.2188063	10.387154	14.304673
1.6734078	1.2091414	10.388836	14.312901
1.6702893	1.2107521	10.389676	14.317016
1.6734078	1.208497	10.387995	14.292332
1.6734078	1.1978656	10.386312	14.304673
1.66873	1.2133294	10.388836	14.317016
1.6671708	1.2133294	10.390517	14.304673
1.6702893	1.2117187	10.389676	14.312901
1.6640522	1.2287933	10.387995	14.329357
1.6734078	1.2229943	10.387995	14.308787
1.6702893	1.2378138	10.389676	14.321129
1.6734078	1.2352365	10.386312	14.329357
1.6702893	1.2316927	10.387995	14.321129
1.6702893	1.2278268	10.387995	14.345813
1.6656115	1.214296	10.387995	14.292332
1.6702893	1.2097857	10.385472	14.304673
1.6718485	1.2081748	10.387995	14.3417
1.6702893	1.2313706	10.389676	14.362269
1.6734078	1.2339479	10.387154	14.337585
1.6702893	1.2278268	10.388836	14.333472
1.6671708	1.2294376	10.387154	14.329357
1.6702893	1.2165511	10.386312	14.304673
1.6718485	1.2178397	10.388836	14.321129
1.6718485	1.2136517	10.389676	14.304673
1.6671708	1.224283	10.389676	14.345813
1.6671708	1.2297598	10.388836	14.321129
1.6702893	1.232337	10.387995	14.333472
1.6734078	1.2429684	10.387995	14.304673
1.6593744	1.2278268	10.388836	14.308787
1.6702893	1.2374916	10.389676	14.317016
1.6718485	1.2294376	10.387995	14.312901
1.6702893	1.2197727	10.387154	14.337585
1.6671708	1.2130073	10.387154	14.333472
1.6656115	1.216229	10.387995	14.321129
1.6702893	1.2255716	10.388836	14.312901
1.6734078	1.2310483	10.387154	14.325244
1.66873	1.2300819	10.387995	14.321129
1.6702893	1.2378138	10.387154	14.325244
1.6702893	1.2371695	10.387995	14.312901
1.6702893	1.2265382	10.387995	14.329357
1.6640522	1.2171954	10.387995	14.30056
1.66873	1.2278268	10.390517	14.304673
1.6749671	1.2194506	10.388836	14.30056
1.6702893	1.2291155	10.388836	14.3417
1.6702893	1.2281489	10.387154	14.3417
1.6734078	1.2400689	10.387995	14.333472
1.6718485	1.2333035	10.385472	14.325244
1.6656115	1.2297598	10.387995	14.337585
1.6718485	1.2268603	10.387995	14.329357
1.6671708	1.2171954	10.388836	14.30056
1.6718485	1.220417	10.389676	14.325244
1.6640522	1.2146181	10.387154	14.321129
1.66873	1.2220279	10.389676	14.312901
1.6734078	1.2020538	10.390517	14.279989
1.6734078	1.2275046	10.388836	14.345813
1.6718485	1.2091414	10.388836	14.30056
1.6656115	1.2155846	10.388836	14.308787
1.6718485	1.2126851	10.387995	14.304673
1.6765263	1.2178397	10.387154	14.345813
1.6749671	1.22235	10.388836	14.312901
1.66873	1.2110744	10.387995	14.308787
1.6656115	1.2017316	10.388836	14.288217
1.6718485	1.2101078	10.387995	14.308787
1.6718485	1.2168733	10.388836	14.317016
1.6702893	1.2152624	10.387995	14.30056
1.6718485	1.2088192	10.389676	14.337585
1.6765263	1.2120408	10.387995	14.325244
1.6718485	1.2117187	10.387995	14.30056
1.6702893	1.2101078	10.387995	14.30056
1.6702893	1.2120408	10.389676	14.312901
1.6656115	1.216229	10.388836	14.308787
1.6671708	1.2307262	10.387995	14.317016
1.6734078	1.2339479	10.387154	14.321129
1.6702893	1.2278268	10.386312	14.337585
1.6702893	1.2233166	10.387154	14.337585
1.6702893	1.2368473	10.387995	14.3417
1.6624929	1.232337	10.387995	14.30056
1.6656115	1.2165511	10.387154	14.308787
1.6734078	1.2152624	10.388836	14.325244
1.6718485	1.2258939	10.386312	14.329357
1.6718485	1.2391025	10.385472	14.358156
1.6702893	1.2287933	10.387154	14.329357
1.6702893	1.2349143	10.388836	14.321129
1.6671708	1.2339479	10.387995	14.333472
1.6671708	1.2220279	10.387154	14.333472
1.6718485	1.2117187	10.387995	14.308787
1.66873	1.214296	10.387995	14.296445
1.6734078	1.2046311	10.390517	14.30056
1.6718485	1.2194506	10.388836	14.321129
1.6734078	1.2352365	10.387995	14.325244
1.6734078	1.2378138	10.390517	14.3417
1.6734078	1.2233166	10.387154	14.304673
1.6656115	1.2397468	10.387995	14.312901
1.6702893	1.2474787	10.386312	14.308787
1.6734078	1.2449014	10.387995	14.312901
1.6702893	1.2374916	10.387995	14.325244
1.66873	1.2278268	10.387995	14.325244
1.6702893	1.2374916	10.386312	14.345813
1.6624929	1.2374916	10.387154	14.321129
1.6718485	1.220417	10.387995	14.3417
1.66873	1.1943219	10.387995	14.292332
1.6702893	1.2178397	10.387154	14.329357
1.6702893	1.2178397	10.389676	14.30056
1.6640522	1.2117187	10.387995	14.312901
1.6765263	1.2126851	10.387995	14.325244
1.6796449	1.2055975	10.387154	14.325244
1.6702893	1.2200949	10.387154	14.349928
1.6671708	1.2236387	10.387995	14.317016
1.6734078	1.2291155	10.385472	14.345813
1.6702893	1.2381359	10.386312	14.337585
1.6734078	1.2413576	10.387995	14.329357
1.6656115	1.2497338	10.386312	14.337585
1.6734078	1.2478008	10.386312	14.325244
1.66873	1.2265382	10.387154	14.321129
1.6718485	1.224283	10.386312	14.321129
1.6718485	1.2249273	10.387154	14.345813
1.6671708	1.2133294	10.387154	14.329357
1.6702893	1.2136517	10.386312	14.321129
1.6702893	1.218484	10.387995	14.321129
1.6718485	1.2236387	10.389676	14.312901
1.6671708	1.2336257	10.385472	14.333472
1.6656115	1.2284712	10.387154	14.321129
1.66873	1.2197727	10.388836	14.304673
1.6702893	1.2181619	10.386312	14.312901
1.6671708	1.2197727	10.387995	14.30056
1.6734078	1.216229	10.387995	14.325244
1.6718485	1.2039868	10.387154	14.292332
1.6671708	1.2217057	10.387995	14.325244
1.6702893	1.2313706	10.387995	14.312901
1.6656115	1.2339479	10.387995	14.317016
1.66873	1.2284712	10.387995	14.308787
1.6734078	1.2271825	10.387154	14.329357
1.6780856	1.23427	10.387154	14.362269
1.6718485	1.2217057	10.387154	14.321129
1.6702893	1.2120408	10.388836	14.325244
1.6624929	1.2107521	10.389676	14.30056
1.6718485	1.2101078	10.387154	14.312901
1.66873	1.218484	10.388836	14.317016
1.6656115	1.218484	10.386312	14.325244
1.6702893	1.2294376	10.386312	14.333472
1.6734078	1.2316927	10.387154	14.354041
1.66873	1.2442571	10.388836	14.329357
1.6749671	1.2455457	10.387154	14.325244
1.6702893	1.2229943	10.386312	14.30056
1.6671708	1.2210613	10.387154	14.3417
1.6702893	1.2200949	10.387154	14.288217
1.6734078	1.2236387	10.387154	14.329357
1.6749671	1.2236387	10.388836	14.345813
1.66873	1.2229943	10.387154	14.321129
1.6671708	1.2310483	10.387995	14.308787
1.6718485	1.2252495	10.387995	14.308787
1.6656115	1.2268603	10.388836	14.317016
1.6734078	1.2210613	10.387154	14.30056
1.6702893	1.2271825	10.388836	14.279989
1.6702893	1.2355586	10.386312	14.312901
1.6656115	1.2188063	10.388836	14.30056
1.6718485	1.2181619	10.387154	14.345813
1.6718485	1.2365252	10.387154	14.337585
1.6765263	1.2329813	10.388836	14.329357
1.66873	1.2294376	10.388836	14.30056
1.66873	1.2275046	10.387154	14.312901
1.66873	1.2226722	10.386312	14.337585
1.6734078	1.2265382	10.388836	14.325244
1.6718485	1.2252495	10.389676	14.321129
1.66873	1.2197727	10.385472	14.308787
1.6702893	1.218484	10.388836	14.308787
1.66873	1.2213836	10.387154	14.354041
1.66873	1.2291155	10.387995	14.317016
1.66873	1.2110744	10.388836	14.30056
1.6702893	1.2226722	10.386312	14.325244
1.6765263	1.2062418	10.388836	14.284103
1.6671708	1.2213836	10.385472	14.317016
1.66873	1.2217057	10.387995	14.312901
1.6656115	1.2207392	10.388836	14.312901
1.6656115	1.2268603	10.387154	14.312901
1.6702893	1.2091414	10.387995	14.304673
1.6656115	1.2352365	10.386312	14.321129
1.6718485	1.2210613	10.388836	14.296445
1.6702893	1.2175176	10.387995	14.321129
1.66873	1.2297598	10.387995	14.329357
1.6671708	1.2155846	10.389676	14.30056
1.6702893	1.2175176	10.387154	14.321129
1.6656115	1.224283	10.387154	14.333472
1.6749671	1.2407132	10.385472	14.354041
1.6640522	1.2400689	10.386312	14.329357
1.6702893	1.2271825	10.387995	14.317016
1.6671708	1.2194506	10.387995	14.296445
1.66873	1.2255716	10.386312	14.308787
1.6702893	1.2275046	10.387995	14.337585
1.6734078	1.2275046	10.387995	14.3417
1.6671708	1.2278268	10.386312	14.333472
1.6734078	1.2265382	10.387154	14.329357
1.66873	1.22235	10.387154	14.329357
1.6718485	1.2226722	10.388836	14.325244
1.6671708	1.2381359	10.388836	14.321129
1.6702893	1.2365252	10.387154	14.308787
1.6702893	1.2239609	10.388836	14.308787
1.6718485	1.2097857	10.386312	14.317016
1.66873	1.212363	10.387995	14.333472
1.66873	1.2072084	10.387995	14.317016
1.66873	1.2094635	10.387995	14.325244
1.6718485	1.2126851	10.387995	14.312901
1.6796449	1.216229	10.387995	14.312901
1.6671708	1.2339479	10.387154	14.321129
1.66873	1.2381359	10.387995	14.304673
1.6702893	1.2191284	10.387995	14.296445
1.6734078	1.2371695	10.386312	14.3417
1.66873	1.2378138	10.387154	14.337585
1.6718485	1.2432905	10.387154	14.308787
1.6702893	1.2188063	10.387995	14.292332
1.6734078	1.2126851	10.388836	14.296445
1.6734078	1.2188063	10.387995	14.337585
1.6734078	1.2339479	10.389676	14.317016
1.6734078	1.2310483	10.387154	14.333472
1.6718485	1.23427	10.387154	14.3417
1.6702893	1.230404	10.386312	14.337585
1.6640522	1.232337	10.387995	14.329357
1.6671708	1.216229	10.387995	14.308787
1.6734078	1.2081748	10.387154	14.321129
1.6718485	1.2213836	10.387995	14.325244
1.6702893	1.2017316	10.389676	14.292332
1.66873	1.22235	10.388836	14.325244
1.66873	1.2265382	10.387154	14.333472
1.6749671	1.2268603	10.388836	14.317016
1.6718485	1.216229	10.388836	14.308787
1.6702893	1.218484	10.388836	14.304673
1.6765263	1.22235	10.387995	14.325244
1.6702893	1.2168733	10.388836	14.30056
1.6734078	1.2097857	10.387154	14.312901
1.6734078	1.212363	10.386312	14.333472
1.6702893	1.2165511	10.387995	14.317016
1.66873	1.2133294	10.387154	14.312901
1.6765263	1.1939996	10.387154	14.312901
1.6749671	1.2043089	10.386312	14.3417
1.6656115	1.2068862	10.388836	14.312901
1.6702893	1.2101078	10.388836	14.292332
1.6718485	1.216229	10.387154	14.312901
1.6702893	1.2275046	10.388836	14.321129
1.6671708	1.2284712	10.388836	14.308787
1.6671708	1.2287933	10.386312	14.321129
1.6656115	1.2474787	10.389676	14.366385
1.6734078	1.2552106	10.387995	14.354041
1.6702893	1.2445792	10.389676	14.325244
1.6718485	1.2449014	10.387995	14.337585
1.6718485	1.232337	10.387154	14.325244
1.66873	1.2313706	10.387154	14.312901
1.66873	1.2217057	10.387995	14.321129
1.6656115	1.2152624	10.389676	14.304673
1.6718485	1.2210613	10.388836	14.362269
1.6656115	1.2329813	10.388836	14.337585
1.66873	1.2326592	10.387995	14.325244
1.6702893	1.2159067	10.387154	14.308787
1.6671708	1.2287933	10.388836	14.354041
1.6640522	1.2384582	10.388836	14.312901
1.66873	1.2265382	10.387995	14.312901
1.6624929	1.2149403	10.387154	14.317016
1.6702893	1.2181619	10.387995	14.312901
1.66873	1.2378138	10.388836	14.317016
1.6749671	1.218484	10.386312	14.296445
1.66873	1.2352365	10.388836	14.3417
1.6671708	1.2333035	10.387995	14.296445
1.66873	1.232337	10.387995	14.308787
1.66873	1.2217057	10.387154	14.296445
1.66873	1.2220279	10.386312	14.30056
1.6671708	1.2239609	10.387154	14.292332
1.66873	1.2297598	10.388836	14.325244
1.6702893	1.2352365	10.389676	14.325244
1.6702893	1.2265382	10.387154	14.333472
1.6749671	1.2226722	10.385472	14.321129
1.6702893	1.220417	10.387154	14.325244
1.6702893	1.2136517	10.387154	14.30056
1.6671708	1.1917446	10.387154	14.279989
1.6702893	1.2159067	10.387154	14.337585
1.6671708	1.2175176	10.389676	14.317016
1.6718485	1.2171954	10.388836	14.333472
1.66873	1.2294376	10.387995	14.308787
1.6718485	1.236203	10.387995	14.337585
1.66873	1.2442571	10.387995	14.325244
1.6718485	1.2371695	10.388836	14.337585
1.66873	1.2275046	10.387154	14.308787
1.6702893	1.230404	10.386312	14.337585
1.66873	1.2294376	10.387154	14.337585
1.6640522	1.2255716	10.388836	14.333472
1.6749671	1.2171954	10.387154	14.325244
1.6671708	1.218484	10.388836	14.304673
1.66873	1.2281489	10.387154	14.333472
1.66873	1.2371695	10.386312	14.329357
1.6702893	1.2168733	10.387995	14.312901
1.6671708	1.2326592	10.386312	14.329357
1.6702893	1.2329813	10.385472	14.333472
1.6656115	1.2345922	10.387995	14.321129
1.6702893	1.2468344	10.386312	14.329357
1.6702893	1.2439349	10.387995	14.296445
1.6702893	1.2374916	10.388836	14.325244
1.6702893	1.2255716	10.386312	14.312901
1.6640522	1.2159067	10.387995	14.317016
1.6671708	1.2149403	10.387154	14.325244
1.6765263	1.21043	10.386312	14.317016
1.6718485	1.2126851	10.386312	14.337585
1.6749671	1.22235	10.387154	14.321129
1.6656115	1.2133294	10.388836	14.30056
1.6718485	1.2287933	10.388836	14.317016
1.6671708	1.2197727	10.385472	14.296445
1.6671708	1.2297598	10.385472	14.3417
1.6718485	1.2371695	10.386312	14.329357
1.6734078	1.2326592	10.387154	14.321129
1.6702893	1.2220279	10.387154	14.312901
1.6640522	1.2049532	10.387995	14.304673
1.6718485	1.2300819	10.387154	14.312901
1.6702893	1.2281489	10.389676	14.329357
1.6702893	1.224283	10.386312	14.317016
1.66873	1.2130073	10.388836	14.321129
1.6671708	1.2130073	10.387995	14.284103
1.6718485	1.2239609	10.387154	14.317016
1.6718485	1.2065641	10.386312	14.304673
1.66873	1.2146181	10.386312	14.358156
1.6656115	1.2117187	10.387995	14.304673
1.6702893	1.220417	10.387154	14.321129
1.6718485	1.2171954	10.388836	14.292332
1.6702893	1.2165511	10.387154	14.329357
1.6702893	1.2130073	10.387995	14.292332
1.6702893	1.2110744	10.387154	14.317016
1.66873	1.2220279	10.385472	14.329357
1.6671708	1.2297598	10.386312	14.325244
1.6765263	1.214296	10.389676	14.296445
1.6656115	1.2397468	10.387995	14.325244
1.6702893	1.2307262	10.387995	14.312901
1.6671708	1.2387803	10.387154	14.321129
1.66873	1.2378138	10.387154	14.304673
1.66873	1.2268603	10.387995	14.3417
1.6718485	1.2275046	10.385472	14.3417
1.6671708	1.2213836	10.386312	14.317016
1.6749671	1.2271825	10.385472	14.325244
1.6671708	1.2046311	10.387154	14.308787
1.6702893	1.2043089	10.387154	14.337585
1.6702893	1.2036645	10.387995	14.292332
1.6734078	1.2097857	10.389676	14.292332
1.6718485	1.2210613	10.388836	14.321129
1.6702893	1.2126851	10.388836	14.304673
1.6702893	1.2065641	10.388836	14.30056
1.6671708	1.2175176	10.387995	14.321129
1.6718485	1.2117187	10.388836	14.325244
1.6702893	1.2246052	10.389676	14.304673
1.6671708	1.2055975	10.387995	14.288217
1.6780856	1.2194506	10.388836	14.304673
1.6702893	1.2097857	10.389676	14.317016
1.6718485	1.2117187	10.387154	14.325244
1.6702893	1.1985099	10.387995	14.304673
1.6671708	1.2068862	10.387995	14.325244
1.6702893	1.2284712	10.387154	14.333472
1.6671708	1.2229943	10.389676	14.308787
1.6718485	1.2278268	10.385472	14.349928
1.6702893	1.2297598	10.387995	14.329357
1.6702893	1.2403911	10.388836	14.329357
1.6718485	1.2391025	10.385472	14.329357
1.6702893	1.2300819	10.387995	14.312901
1.6640522	1.22235	10.385472	14.370498
1.6656115	1.2316927	10.388836	14.321129
1.6640522	1.2384582	10.387995	14.312901
1.66873	1.2420019	10.389676	14.321129
1.6702893	1.248123	10.387995	14.349928
1.6734078	1.2532777	10.387995	14.321129
1.66873	1.2606874	10.387995	14.329357
1.6718485	1.2287933	10.387995	14.321129
1.66873	1.2281489	10.387154	14.333472
1.6765263	1.2007651	10.387154	14.296445
1.6671708	1.2055975	10.388836	14.317016
1.6734078	1.2065641	10.386312	14.333472
1.6702893	1.2110744	10.388836	14.329357
1.6702893	1.2287933	10.387995	14.325244
1.6702893	1.2255716	10.387995	14.30056
1.6702893	1.2426462	10.387995	14.325244
1.6656115	1.248123	10.387995	14.325244
1.6671708	1.236203	10.386312	14.312901
1.6702893	1.232337	10.387154	14.312901
1.6671708	1.2278268	10.386312	14.312901
1.6718485	1.2191284	10.387995	14.296445
1.66873	1.2249273	10.387995	14.312901
1.6734078	1.2236387	10.386312	14.312901
1.6702893	1.2291155	10.385472	14.308787
1.6734078	1.2255716	10.387154	14.3417
1.6718485	1.2294376	10.387995	14.325244
1.6702893	1.2310483	10.388836	14.354041
1.6718485	1.2181619	10.387995	14.312901
1.6718485	1.232337	10.387154	14.308787
1.6671708	1.2265382	10.387154	14.312901
1.6656115	1.2278268	10.386312	14.345813
1.6656115	1.2278268	10.387995	14.304673
1.6734078	1.2229943	10.387154	14.312901
1.6702893	1.2471565	10.387154	14.366385
1.6656115	1.2426462	10.387154	14.325244
1.6718485	1.2297598	10.388836	14.308787
1.6671708	1.2268603	10.387995	14.333472
1.6656115	1.2294376	10.387995	14.321129
1.6749671	1.2316927	10.387995	14.304673
1.6702893	1.2191284	10.388836	14.30056
1.6702893	1.2233166	10.387995	14.304673
1.6718485	1.2075305	10.387154	14.3417
1.6718485	1.2233166	10.387154	14.317016
1.6656115	1.2226722	10.387995	14.329357
1.6734078	1.2188063	10.385472	14.333472
1.6734078	1.2133294	10.387154	14.333472
1.6702893	1.2146181	10.387995	14.30056
1.6765263	1.2265382	10.388836	14.308787
1.66873	1.2171954	10.387154	14.321129
1.66873	1.2291155	10.388836	14.3417
1.66873	1.232337	10.387995	14.312901
1.6734078	1.2461901	10.387995	14.345813
1.6671708	1.2442571	10.387995	14.3417
1.6734078	1.2236387	10.390517	14.308787
1.6718485	1.2146181	10.385472	14.30056
1.6702893	1.2326592	10.387995	14.317016
1.6640522	1.2365252	10.389676	14.337585
1.6718485	1.2352365	10.387995	14.3417
1.6656115	1.2442571	10.385472	14.333472
1.6749671	1.2391025	10.387154	14.3417
1.66873	1.2336257	10.387154	14.30056
1.6702893	1.2329813	10.388836	14.321129
1.6702893	1.2062418	10.388836	14.284103
1.6640522	1.2188063	10.388836	14.325244
1.6624929	1.2229943	10.387154	14.312901
1.6640522	1.2246052	10.387154	14.3417
1.6702893	1.2159067	10.387995	14.308787
1.6702893	1.2268603	10.387995	14.354041
1.6702893	1.2371695	10.390517	14.321129
1.6671708	1.2368473	10.387154	14.325244
1.6656115	1.2394246	10.389676	14.325244
1.6734078	1.2349143	10.388836	14.329357
1.6656115	1.2358809	10.388836	14.30056
1.6609336	1.2268603	10.386312	14.312901
1.6640522	1.2191284	10.388836	14.304673
1.6702893	1.2120408	10.387995	14.292332
1.6671708	1.2255716	10.387995	14.321129
1.6671708	1.2181619	10.386312	14.312901
1.6624929	1.2217057	10.387995	14.321129
1.6702893	1.2258939	10.386312	14.317016
1.6718485	1.2339479	10.389676	14.312901
1.6671708	1.2458678	10.387995	14.312901
1.6749671	1.2355586	10.387995	14.362269
1.6702893	1.2239609	10.387154	14.333472
1.6702893	1.2268603	10.387995	14.312901
1.6671708	1.22235	10.388836	14.317016
1.66873	1.216229	10.387154	14.3417
1.6656115	1.2233166	10.386312	14.304673
1.66873	1.2310483	10.387154	14.312901
1.6671708	1.2294376	10.388836	14.30056
1.66873	1.2384582	10.389676	14.329357
1.6718485	1.2478008	10.386312	14.362269
1.6656115	1.2287933	10.387995	14.308787
1.6702893	1.2246052	10.387154	14.333472
1.6640522	1.2197727	10.386312	14.337585
1.6640522	1.2191284	10.387995	14.317016
1.6671708	1.2049532	10.387154	14.312901
1.66873	1.21043	10.387154	14.321129
1.6734078	1.2246052	10.387154	14.325244
1.6702893	1.2207392	10.387154	14.321129
1.6702893	1.2152624	10.387995	14.308787
1.66873	1.2316927	10.387154	14.312901
1.6796449	1.2333035	10.387154	14.321129
1.66873	1.2316927	10.387995	14.30056
1.6734078	1.2133294	10.387995	14.284103
1.6734078	1.2088192	10.387995	14.308787
1.66873	1.2300819	10.387995	14.3417
1.6640522	1.2255716	10.387995	14.308787
1.6624929	1.2146181	10.387995	14.333472
1.6671708	1.2149403	10.385472	14.337585
1.6656115	1.2191284	10.388836	14.337585
1.66873	1.2316927	10.386312	14.325244
1.66873	1.2146181	10.387995	14.325244
1.66873	1.2113965	10.387154	14.321129
1.6718485	1.2194506	10.387154	14.312901
1.6656115	1.2107521	10.388836	14.292332
1.6702893	1.2159067	10.388836	14.312901
1.6718485	1.2171954	10.387995	14.329357
1.66873	1.2326592	10.387995	14.354041
1.6656115	1.2458678	10.387995	14.345813
1.6609336	1.2458678	10.386312	14.312901
1.6656115	1.2465122	10.388836	14.304673
1.66873	1.2226722	10.387995	14.284103
1.66873	1.2345922	10.387995	14.329357
1.6624929	1.2278268	10.387995	14.325244
1.6671708	1.2171954	10.387995	14.329357
1.6702893	1.2094635	10.387995	14.325244
1.6640522	1.2007651	10.389676	14.321129
1.6656115	1.214296	10.387995	14.321129
1.6702893	1.2049532	10.387995	14.304673
1.66873	1.2014095	10.387154	14.292332
1.6702893	1.2081748	10.387995	14.284103
1.66873	1.2265382	10.386312	14.321129
1.6656115	1.2329813	10.391358	14.329357
1.6671708	1.2278268	10.385472	14.3417
1.6702893	1.2326592	10.387154	14.333472
1.66873	1.2397468	10.387995	14.329357
1.66873	1.2442571	10.387154	14.325244
1.6702893	1.2365252	10.387154	14.333472
1.66873	1.2233166	10.389676	14.288217
1.6640522	1.224283	10.387995	14.304673
1.6734078	1.218484	10.390517	14.325244
1.6656115	1.2139738	10.387995	14.329357
1.6702893	1.2072084	10.387995	14.321129
1.6702893	1.2200949	10.386312	14.3417
1.6624929	1.212363	10.386312	14.317016
1.6656115	1.2152624	10.388836	14.304673
1.6656115	1.2159067	10.387995	14.30056
1.6702893	1.2139738	10.388836	14.308787
1.6718485	1.224283	10.387995	14.358156
1.6702893	1.2043089	10.388836	14.30056
1.66873	1.218484	10.389676	14.312901
1.6702893	1.2152624	10.388836	14.317016
1.6656115	1.2352365	10.389676	14.3417
1.6702893	1.2117187	10.387995	14.279989
1.66873	1.2068862	10.385472	14.30056
1.6734078	1.2072084	10.387995	14.30056
1.6734078	1.1978656	10.388836	14.288217
1.6734078	1.2168733	10.387995	14.325244
1.6656115	1.2126851	10.388836	14.308787
1.6702893	1.2078527	10.388836	14.329357
1.6702893	1.21043	10.386312	14.329357
1.6640522	1.2043089	10.391358	14.296445
1.6702893	1.2139738	10.387154	14.321129
1.6702893	1.2165511	10.387154	14.325244
1.6656115	1.2358809	10.387995	14.312901
1.6702893	1.2436128	10.387154	14.345813
1.6718485	1.2507004	10.388836	14.329357
1.6640522	1.2381359	10.386312	14.3417
1.6671708	1.226216	10.388836	14.304673
1.6671708	1.2329813	10.387995	14.329357
1.6734078	1.2255716	10.387154	14.333472
1.66873	1.2210613	10.389676	14.333472
1.66873	1.2152624	10.388836	14.30056
1.6702893	1.2252495	10.387995	14.321129
1.6656115	1.2287933	10.386312	14.345813
1.6702893	1.2297598	10.389676	14.312901
1.6702893	1.2255716	10.388836	14.312901
1.6749671	1.2294376	10.388836	14.321129
1.66873	1.224283	10.387995	14.325244
1.6718485	1.2020538	10.388836	14.275876
1.6624929	1.2088192	10.387995	14.312901
1.66873	1.224283	10.385472	14.321129
1.6718485	1.230404	10.387154	14.3417
1.6671708	1.2229943	10.387154	14.308787
1.6702893	1.2316927	10.388836	14.337585
1.66873	1.2423241	10.388836	14.304673
1.6718485	1.236203	10.388836	14.317016
1.6702893	1.2200949	10.387154	14.317016
1.6702893	1.2246052	10.387995	14.312901
1.6656115	1.2374916	10.389676	14.370498
1.6671708	1.2268603	10.387154	14.337585
1.6718485	1.2149403	10.387995	14.308787
1.66873	1.2297598	10.388836	14.333472
1.6718485	1.2374916	10.387995	14.345813
1.6671708	1.2271825	10.387154	14.329357
1.6702893	1.2371695	10.387995	14.333472
1.66873	1.2368473	10.386312	14.321129
1.6702893	1.2368473	10.389676	14.308787
1.6702893	1.2394246	10.386312	14.337585
1.66873	1.2146181	10.387995	14.30056
1.6765263	1.2146181	10.387995	14.308787
1.6671708	1.2207392	10.388836	14.3417
1.6718485	1.2326592	10.387995	14.325244
1.6671708	1.232337	10.387154	14.312901
1.6640522	1.2349143	10.388836	14.312901
1.6656115	1.224283	10.388836	14.312901
1.6702893	1.23427	10.387995	14.345813
1.6656115	1.2297598	10.387995	14.325244
1.6656115	1.2287933	10.387154	14.333472
1.66873	1.2355586	10.387154	14.3417
1.66873	1.2210613	10.385472	14.304673
1.66873	1.2426462	10.387995	14.337585
1.6718485	1.2387803	10.386312	14.329357
1.6702893	1.2291155	10.387995	14.304673
1.6656115	1.2255716	10.386312	14.312901
1.6671708	1.2287933	10.386312	14.362269
1.6656115	1.2326592	10.387995	14.333472
1.6702893	1.2420019	10.386312	14.3417
1.6702893	1.2413576	10.388836	14.325244
1.6656115	1.2391025	10.387154	14.333472
1.6702893	1.2571436	10.387995	14.354041
1.6671708	1.2452235	10.387995	14.308787
1.6702893	1.2403911	10.387154	14.325244
1.6671708	1.2226722	10.387995	14.317016
1.6656115	1.2181619	10.387995	14.333472
1.6609336	1.2107521	10.387154	14.325244
1.66873	1.2062418	10.389676	14.30056
1.6624929	1.2036645	10.386312	14.312901
1.66873	1.2075305	10.387154	14.308787
1.6656115	1.2213836	10.389676	14.325244
1.6624929	1.2275046	10.387995	14.3417
1.6671708	1.2265382	10.386312	14.312901
1.6656115	1.2068862	10.387154	14.308787
1.6702893	1.2207392	10.387154	14.325244
1.6640522	1.230404	10.386312	14.345813
1.6609336	1.2284712	10.387154	14.308787
1.6656115	1.2207392	10.388836	14.317016
1.6734078	1.220417	10.387154	14.292332
1.6749671	1.2365252	10.388836	14.308787
1.6671708	1.2113965	10.386312	14.296445
1.6656115	1.2168733	10.387154	14.321129
1.6671708	1.2168733	10.387154	14.329357
1.66873	1.2130073	10.387154	14.304673
1.6624929	1.2149403	10.388836	14.325244
1.6640522	1.2001208	10.387154	14.288217
1.6624929	1.2194506	10.387154	14.329357
1.66873	1.216229	10.387995	14.308787
1.66873	1.2291155	10.387995	14.337585
1.6734078	1.2316927	10.389676	14.333472
1.66873	1.2326592	10.389676	14.321129
1.6702893	1.226216	10.389676	14.312901
1.6624929	1.2217057	10.386312	14.329357
1.6734078	1.2188063	10.387995	14.304673
1.6656115	1.224283	10.387995	14.296445
1.66873	1.232337	10.387154	14.333472
1.6671708	1.2236387	10.387995	14.325244
1.6718485	1.2291155	10.385472	14.349928
1.66873	1.2355586	10.388836	14.329357
1.6702893	1.2371695	10.386312	14.337585
1.6702893	1.2200949	10.387154	14.321129
1.6656115	1.2246052	10.387154	14.3417
1.6640522	1.2349143	10.388836	14.312901
1.66873	1.2210613	10.387154	14.292332
1.6656115	1.216229	10.386312	14.304673
1.6702893	1.2068862	10.388836	14.30056
1.6702893	1.2229943	10.389676	14.304673
1.6640522	1.214296	10.387154	14.312901
1.6702893	1.2149403	10.387995	14.30056
1.6671708	1.2078527	10.389676	14.284103
1.6702893	1.2236387	10.387995	14.30056
1.66873	1.2220279	10.387995	14.308787
1.6671708	1.2294376	10.388836	14.308787
1.6656115	1.2371695	10.387154	14.329357
1.66873	1.23427	10.387995	14.329357
1.6624929	1.216229	10.387154	14.329357
1.6624929	1.2188063	10.387995	14.358156
1.6718485	1.2004429	10.387995	14.292332
1.6718485	1.216229	10.386312	14.337585
1.66873	1.218484	10.387154	14.312901
1.66873	1.224283	10.389676	14.337585
1.6734078	1.2378138	10.387154	14.321129
1.6702893	1.2413576	10.388836	14.325244
1.6656115	1.2420019	10.386312	14.3417
1.6671708	1.2281489	10.387995	14.317016
1.6702893	1.2320149	10.389676	14.325244
1.6718485	1.2207392	10.388836	14.304673
1.6656115	1.2210613	10.386312	14.325244
1.66873	1.2281489	10.387995	14.312901
1.6671708	1.2175176	10.387995	14.288217
1.6656115	1.2307262	10.387995	14.312901
1.6656115	1.2246052	10.387995	14.317016
1.6702893	1.2165511	10.385472	14.325244
1.6718485	1.2107521	10.387995	14.325244
1.6656115	1.216229	10.387995	14.312901
1.6640522	1.2146181	10.389676	14.308787
1.6702893	1.2039868	10.386312	14.288217
1.66873	1.2249273	10.388836	14.279989
1.6702893	1.2229943	10.387154	14.321129
1.66873	1.2329813	10.387154	14.317016
1.66873	1.2329813	10.388836	14.337585
1.6734078	1.2333035	10.388836	14.349928
1.6702893	1.2297598	10.387995	14.358156
1.6671708	1.2120408	10.388836	14.304673
1.6702893	1.2155846	10.389676	14.325244
1.6609336	1.2200949	10.387154	14.333472
1.6656115	1.2229943	10.386312	14.325244
1.6702893	1.2329813	10.388836	14.333472
1.6656115	1.2384582	10.387995	14.325244
1.6640522	1.2329813	10.388836	14.325244
1.66873	1.2265382	10.387154	14.325244
1.6702893	1.2226722	10.388836	14.329357
1.6656115	1.2420019	10.386312	14.349928
1.66873	1.218484	10.387995	14.296445
1.66873	1.2188063	10.387995	14.317016
1.6671708	1.216229	10.388836	14.317016
1.6718485	1.2226722	10.386312	14.329357
1.6609336	1.2339479	10.387995	14.354041
1.6702893	1.224283	10.387995	14.308787
1.6671708	1.2371695	10.386312	14.329357
1.66873	1.22235	10.387995	14.308787
1.6718485	1.2291155	10.388836	14.3417
1.66873	1.2284712	10.386312	14.312901
1.6656115	1.2171954	10.387154	14.296445
1.66873	1.2394246	10.387154	14.366385
1.6718485	1.2133294	10.387154	14.317016
1.6640522	1.2194506	10.387995	14.308787
1.6702893	1.218484	10.386312	14.3417
1.6702893	1.2268603	10.388836	14.349928
1.66873	1.2258939	10.387995	14.325244
1.6702893	1.220417	10.385472	14.312901
1.6656115	1.2307262	10.388836	14.3417
1.66873	1.2300819	10.386312	14.317016
1.6734078	1.2191284	10.385472	14.317016
1.6656115	1.2265382	10.385472	14.3417
1.6624929	1.2368473	10.388836	14.325244
1.6734078	1.23427	10.388836	14.296445
1.6656115	1.2365252	10.386312	14.325244
1.6640522	1.2236387	10.388836	14.304673
1.66873	1.220417	10.387154	14.304673
1.6702893	1.2033424	10.389676	14.296445
1.6671708	1.2110744	10.388836	14.321129
1.6624929	1.2126851	10.386312	14.329357
1.6671708	1.2236387	10.387154	14.366385
1.6656115	1.2316927	10.388836	14.321129
1.6656115	1.2178397	10.386312	14.304673
1.66873	1.2152624	10.386312	14.30056
1.6624929	1.2081748	10.387154	14.325244
1.6671708	1.2139738	10.389676	14.312901
1.66873	1.2255716	10.386312	14.333472
1.6656115	1.2316927	10.386312	14.317016
1.6718485	1.2207392	10.387154	14.304673
1.6656115	1.218484	10.388836	14.304673
1.6656115	1.2449014	10.387154	14.317016
1.66873	1.2455457	10.386312	14.325244
1.6656115	1.2358809	10.387154	14.317016
1.66873	1.2287933	10.387995	14.321129
1.6702893	1.2194506	10.387154	14.312901
1.6640522	1.2178397	10.389676	14.3417
1.6671708	1.2026981	10.387995	14.308787
1.6656115	1.2107521	10.387154	14.333472
1.6734078	1.2159067	10.387995	14.325244
1.6656115	1.2300819	10.387995	14.349928
1.6671708	1.2101078	10.389676	14.288217
1.6671708	1.2307262	10.389676	14.321129
1.6702893	1.2217057	10.389676	14.333472
1.6734078	1.2275046	10.386312	14.337585
1.66873	1.2339479	10.387995	14.325244
1.6624929	1.2394246	10.387995	14.312901
1.6656115	1.2326592	10.385472	14.333472
1.6702893	1.232337	10.387154	14.321129
1.66873	1.2258939	10.387154	14.292332
1.6718485	1.208497	10.387995	14.304673
1.6624929	1.2287933	10.387995	14.333472
1.66873	1.2220279	10.387995	14.317016
1.6624929	1.2271825	10.387154	14.321129
1.66873	1.2368473	10.389676	14.325244
1.6624929	1.2271825	10.387154	14.317016
1.6624929	1.2378138	10.385472	14.321129
1.6640522	1.218484	10.388836	14.30056
1.6671708	1.236203	10.386312	14.325244
1.6656115	1.2326592	10.385472	14.312901
1.6656115	1.2197727	10.387154	14.308787
1.66873	1.2271825	10.386312	14.337585
1.6656115	1.2333035	10.387154	14.358156
1.66873	1.2403911	10.388836	14.337585
1.6640522	1.2320149	10.387154	14.325244
1.6656115	1.2307262	10.385472	14.325244
1.6656115	1.2368473	10.385472	14.3417
1.6624929	1.2552106	10.387154	14.345813
1.6656115	1.2329813	10.389676	14.308787
1.66873	1.2210613	10.386312	14.321129
1.66873	1.2326592	10.386312	14.362269
1.6656115	1.220417	10.388836	14.304673
1.6702893	1.2171954	10.388836	14.304673
1.6702893	1.2043089	10.387995	14.321129
1.6656115	1.2091414	10.389676	14.317016
1.6671708	1.2252495	10.387995	14.312901
1.6671708	1.2300819	10.388836	14.304673
1.6702893	1.2246052	10.386312	14.30056
1.6656115	1.220417	10.388836	14.312901
1.6702893	1.2300819	10.387995	14.333472
1.6702893	1.226216	10.387995	14.308787
1.6702893	1.2217057	10.387995	14.30056
1.6718485	1.2059197	10.387154	14.292332
1.6702893	1.2152624	10.388836	14.308787
1.6702893	1.2297598	10.387995	14.325244
1.6624929	1.2281489	10.388836	14.312901
1.6640522	1.2175176	10.388836	14.296445
1.66873	1.2126851	10.386312	14.292332
1.6656115	1.216229	10.386312	14.325244
1.6718485	1.2107521	10.386312	14.312901
1.6702893	1.2200949	10.387995	14.333472
1.6718485	1.2110744	10.388836	14.312901
1.6671708	1.2171954	10.387995	14.321129
1.6609336	1.2249273	10.389676	14.329357
1.6656115	1.2200949	10.388836	14.292332
1.6656115	1.216229	10.387995	14.333472
1.6640522	1.2152624	10.387154	14.296445
1.6671708	1.2271825	10.386312	14.337585
1.6656115	1.2297598	10.388836	14.325244
1.6640522	1.2339479	10.388836	14.337585
1.6734078	1.2210613	10.387154	14.304673
1.66873	1.2233166	10.387995	14.312901
1.6671708	1.2236387	10.387995	14.325244
1.6656115	1.2291155	10.386312	14.370498
1.6702893	1.226216	10.387995	14.312901
1.6702893	1.2165511	10.389676	14.304673
1.6671708	1.2110744	10.387154	14.325244
1.6656115	1.220417	10.387995	14.3417
1.66873	1.2146181	10.387995	14.317016
1.6640522	1.2046311	10.387154	14.292332
1.6624929	1.2078527	10.388836	14.317016
1.6671708	1.2297598	10.386312	14.329357
1.6640522	1.2194506	10.386312	14.288217
1.6656115	1.2139738	10.387154	14.308787
1.6624929	1.2307262	10.388836	14.312901
1.6656115	1.2420019	10.388836	14.296445
1.6671708	1.2207392	10.386312	14.308787
1.6640522	1.2175176	10.387154	14.308787
1.6624929	1.218484	10.387995	14.308787
1.6702893	1.2197727	10.387154	14.329357
1.6656115	1.2017316	10.387995	14.312901
1.6624929	1.2036645	10.389676	14.325244
1.6656115	1.218484	10.387995	14.329357
1.6671708	1.2188063	10.389676	14.30056
1.6624929	1.2055975	10.387995	14.296445
1.6624929	1.2110744	10.387154	14.308787
1.6656115	1.2139738	10.388836	14.304673
1.6671708	1.236203	10.387995	14.345813
1.6702893	1.2410355	10.387154	14.337585
1.66873	1.2368473	10.385472	14.362269
1.6702893	1.2300819	10.388836	14.329357
1.66873	1.2374916	10.387154	14.329357
1.6671708	1.2410355	10.386312	14.325244
1.6624929	1.2252495	10.387154	14.321129
1.6749671	1.2416798	10.387995	14.317016
1.6702893	1.2246052	10.387995	14.288217
1.6734078	1.2310483	10.388836	14.337585
1.66873	1.2413576	10.385472	14.337585
1.6734078	1.226216	10.387995	14.325244
1.6640522	1.236203	10.386312	14.325244
1.6671708	1.2413576	10.387995	14.321129
1.66873	1.2291155	10.386312	14.296445
1.6656115	1.2120408	10.388836	14.288217
1.6671708	1.218484	10.386312	14.308787
1.6656115	1.2410355	10.388836	14.374612
1.6609336	1.2291155	10.387995	14.308787
1.6624929	1.2326592	10.387154	14.337585
1.6671708	1.2171954	10.388836	14.296445
1.66873	1.2329813	10.387154	14.354041
1.6671708	1.2391025	10.387154	14.329357
1.6656115	1.2278268	10.387995	14.337585
1.6671708	1.2229943	10.387154	14.337585
1.6624929	1.220417	10.387995	14.325244
1.6640522	1.2291155	10.390517	14.325244
1.6640522	1.220417	10.389676	14.333472
1.6656115	1.22235	10.387154	14.337585
1.6640522	1.2229943	10.386312	14.321129
1.6656115	1.2278268	10.388836	14.321129
1.6640522	1.220417	10.387995	14.308787
1.6702893	1.2014095	10.387995	14.308787
1.6656115	1.2175176	10.387995	14.317016
1.6718485	1.2220279	10.387154	14.3417
1.6702893	1.2297598	10.389676	14.317016
1.6702893	1.2246052	10.387995	14.317016
1.6609336	1.2329813	10.387154	14.325244
1.6640522	1.232337	10.385472	14.321129
1.66873	1.2349143	10.387995	14.312901
1.6671708	1.236203	10.388836	14.292332
1.6640522	1.2239609	10.388836	14.329357
1.6656115	1.2284712	10.387995	14.321129
1.6656115	1.2287933	10.387995	14.354041
1.6702893	1.2268603	10.388836	14.321129
1.6656115	1.2017316	10.387995	14.308787
1.6671708	1.2181619	10.387154	14.358156
1.6702893	1.2210613	10.386312	14.366385
1.6702893	1.2139738	10.387995	14.317016
1.6656115	1.2200949	10.386312	14.345813
1.6624929	1.2281489	10.387995	14.358156
1.6671708	1.2336257	10.386312	14.325244
1.6702893	1.2458678	10.386312	14.345813
1.6765263	1.251989	10.387154	14.333472
1.6874412	1.250056	10.387995	14.312901
1.7139487	1.2458678	10.38295	14.321129
1.7778785	1.2468344	10.380426	14.308787
1.8729938	1.2291155	10.375382	14.271761
2.0008538	1.226216	10.366133	14.279989
2.1365099	1.2110744	10.357724	14.210052
2.3142662	1.2120408	10.345111	14.23062
2.4920223	1.1862677	10.335021	14.131884
2.6697788	1.1933553	10.327454	14.140112
2.8646872	1.1991543	10.321568	14.074287
3.0705104	1.1956105	10.317363	14.012578
3.2981634	1.2101078	10.310637	13.983779
3.5382905	1.214296	10.302228	13.959095
3.7893326	1.2113965	10.297183	13.909727
4.0466118	1.1991543	10.293819	13.835674
4.3350763	1.1898116	10.287933	13.798649
4.597033	1.1849791	10.282888	13.72871
4.927598	1.1817575	10.277843	13.667
5.2285366	1.1769251	10.271957	13.654657
5.5700164	1.1833683	10.268594	13.642316
5.886548	1.1772472	10.263549	13.580605
6.2217908	1.1691931	10.258504	13.547692
6.5632706	1.1682266	10.254299	13.498324
6.8314648	1.1524407	10.254299	13.448956
7.1433187	1.1505077	10.257663	13.424273
7.5346956	1.1575953	10.25514	13.407816
7.7982121	1.1382655	10.25598	13.358448
8.1443701	1.1476082	10.256822	13.333763
8.4094458	1.1363325	10.256822	13.276167
8.8366861	1.127634	10.25598	13.24737
9.1017628	1.1286006	10.25598	13.251483
9.4713097	1.1360103	10.254299	13.181545
9.7738085	1.1211909	10.253458	13.136292
10.127764	1.1166806	10.254299	13.099265
10.427143	1.1199023	10.254299	13.091037
10.762386	1.1105595	10.25514	13.054011
11.091393	1.1060492	10.256822	13.016985
11.407926	1.0954179	10.256822	12.963503
11.729136	1.0954179	10.25514	12.967616
12.048787	1.1092708	10.25598	12.938819
12.36532	1.1141033	10.258504	12.938819
12.672497	1.1083044	10.259344	12.885336
12.974996	1.0950956	10.259344	12.844195
13.282172	1.09574	10.259344	12.84831
13.586231	1.1018611	10.262708	12.80717
13.880935	1.1192579	10.262708	12.815398
14.183434	1.1182914	10.26523	12.803056
14.465663	1.1231239	10.266071	12.778371
14.746332	1.133433	10.266071	12.757802
15.019205	1.1311779	10.271116	12.733118
15.29052	1.1173249	10.27448	12.687862
15.554037	1.1273119	10.273639	12.696091
15.809758	1.1282784	10.277843	12.65495
16.059242	1.1070157	10.281207	12.626153
16.299372	1.1124924	10.28457	12.626153
16.534822	1.1092708	10.283729	12.622039
16.764036	1.0870416	10.288774	12.597354
16.979218	1.0809205	10.292137	12.564442
17.199074	1.0909076	10.296342	12.556214
17.408018	1.0747994	10.298023	12.519189
17.609165	1.0767324	10.300547	12.531529
17.810312	1.0586913	10.302228	12.473933
17.997425	1.0593356	10.303909	12.498618
18.173624	1.0741551	10.308114	12.519189
18.346704	1.0747994	10.312318	12.473933
18.518225	1.0757658	10.313158	12.46982
18.680391	1.0654566	10.31484	12.453364
18.840996	1.0706112	10.318204	12.436908
18.990686	1.0735108	10.320726	12.424565
19.132582	1.0776988	10.32409	12.403996
19.276035	1.0747994	10.32409	12.40811
19.408575	1.0696448	10.327454	12.40811
19.533316	1.0664232	10.331657	12.379312
19.65806	1.0487041	10.33418	12.362856
19.787479	1.0470934	10.335021	12.366969
19.901306	1.0499928	10.336702	12.366969
20.016695	1.0615907	10.338384	12.342285
20.127401	1.0474155	10.340066	12.354628
20.234993	1.0728664	10.341747	12.371084
20.342583	1.0912297	10.341747	12.371084
20.440819	1.0693226	10.34427	12.325829
20.543732	1.0896189	10.345111	12.334057
20.632608	1.0909076	10.348475	12.329944
20.733961	1.0783432	10.347633	12.297031
20.822842	1.0776988	10.348475	12.292916
20.916399	1.0751215	10.350156	12.280575
20.985008	1.0712556	10.349316	12.297031
21.009956	1.0499928	10.345952	12.239435
21.016193	1.052248	10.339226	12.272347
21.003717	1.0557917	10.328294	12.255891
20.978769	1.0548253	10.318204	12.268232
20.955381	1.0632015	10.308114	12.251777
20.938229	1.0648123	10.298864	12.231207
20.93511	1.060302	10.290456	12.218864
20.93199	1.0612686	10.283729	12.202408
20.947584	1.0564361	10.277002	12.185952
20.956942	1.0448383	10.273639	12.185952
20.967855	1.066101	10.26523	12.206523
20.975651	1.0680339	10.259344	12.173611
20.977211	1.0776988	10.250936	12.15304
20.970974	1.0892967	10.240846	12.190066
20.966295	1.0776988	10.233278	12.185952
20.964737	1.079954	10.221506	12.140698
20.963177	1.0686783	10.214779	12.15304
20.9585	1.0696448	10.204689	12.161268
20.956942	1.0693226	10.195439	12.165382
20.963177	1.0474155	10.187032	12.13247
20.963177	1.064168	10.179463	12.128357
20.955381	1.0451604	10.170214	12.107786
20.956942	1.0390394	10.160124	12.091331
20.955381	1.0464491	10.152556	12.074874
20.956942	1.0435497	10.144147	12.074874
20.952263	1.0564361	10.134057	12.136585
20.960058	1.0615907	10.128171	12.066646
20.963177	1.0448383	10.11724	12.070761
20.963177	1.0470934	10.107991	12.058418
20.967855	1.054181	10.102946	12.078989
20.964737	1.0516037	10.092014	12.054305
20.963177	1.0458047	10.084447	12.033734
20.961617	1.0570804	10.074357	12.033734
20.963177	1.0564361	10.06679	12.021393
20.961617	1.0599799	10.05754	12.021393
20.969416	1.0580469	10.049131	12.02962
20.966295	1.044194	10.041564	12.009049
20.964737	1.0509593	10.030632	12.017278
20.961617	1.0358177	10.021383	11.976137
20.963177	1.0467712	10.012135	11.96791
20.966295	1.0477377	10.004566	12.004936
20.9585	1.0445161	9.9953175	11.972024
20.961617	1.0532144	9.9852266	11.988481
20.967855	1.0416167	9.9759779	11.963797
20.963177	1.0493485	9.9658871	11.984365
20.961617	1.042261	9.9566383	11.939112
20.963177	1.0412945	9.9473886	11.955568
20.9585	1.0313075	9.9389801	11.910314
20.960058	1.0342069	9.9280491	11.930884
20.964737	1.0242199	9.9187994	11.918541
20.967855	1.0171323	9.9087095	11.902085
20.955381	1.0155214	9.900301	11.943225
20.955381	1.0255085	9.8918924	11.902085
20.961617	1.0203539	9.8834839	11.869173
20.966295	1.0139107	9.8733931	11.877401
20.961617	1.0313075	9.8649845	11.877401
20.966295	1.0322739	9.8548946	11.885629
20.970974	1.0216426	9.8439636	11.840376
20.961617	1.0306631	9.8338737	11.852716
20.963177	1.0184209	9.8263063	11.840376
20.955381	1.0306631	9.8153744	11.844489
20.961617	1.0406501	9.8052845	11.832148
20.966295	1.0400058	9.7960348	11.828032
20.960058	1.038395	9.7859449	11.823919
20.960058	1.042261	9.7775364	11.799235
20.9585	1.0329182	9.7666054	11.799235
20.961617	1.0184209	9.7573557	11.786893
20.963177	1.0116554	9.7472658	11.786893
20.952263	1.0071452	9.7388573	11.799235
20.956942	1.0048901	9.7279263	11.791007
20.9585	1.0026349	9.7169952	11.799235
20.961617	1.0097225	9.7094278	11.758095
20.961617	1.0110111	9.699338	11.758095
20.964737	1.0148771	9.6926107	11.753981
20.961617	1.0103668	9.6808386	11.725183
20.963177	1.020676	9.6707487	11.753981
20.961617	1.0113333	9.6631804	11.725183
20.9585	1.0258306	9.6556129	11.733411
20.961617	1.0290523	9.6455231	11.700499
20.964737	1.0177766	9.6337509	11.69227
20.963177	1.0142328	9.6245022	11.6717
20.960058	1.0193874	9.6160936	11.69227
20.964737	1.0229312	9.6076841	11.696384
20.960058	1.0267972	9.5975943	11.688156
20.963177	1.0197096	9.5866632	11.679928
20.964737	1.0319518	9.5782547	11.679928
20.960058	1.0396837	9.5673237	11.679928
20.960058	1.0139107	9.5572338	11.647016
20.966295	1.0058565	9.5479841	11.63056
20.961617	1.0103668	9.5378942	11.60999
20.956942	1.0042458	9.5294857	11.601762
20.960058	1.0071452	9.5219183	11.601762
20.970974	1.0293745	9.5109873	11.638787
20.953821	1.024542	9.4992151	11.614103
20.9585	1.0174544	9.4891243	11.60999
20.956942	1.0325961	9.4798756	11.618218
20.960058	1.0300188	9.4706259	11.634674
20.955381	1.0119777	9.460536	11.577078
20.960058	1.0132663	9.4529686	11.585306
20.967855	1.0142328	9.4428778	11.560622
20.964737	1.0055344	9.433629	11.572964
20.960058	1.0061787	9.422698	11.568851
20.963177	1.0139107	9.4134483	11.560622
20.961617	1.0119777	9.4033585	11.556508
20.9585	1.0074674	9.3957901	11.531824
20.963177	1.0071452	9.3840189	11.540051
20.960058	1.0061787	9.3772917	11.494798
20.9585	0.99909115	9.3646793	11.515368
20.9585	0.98684895	9.3562698	11.498912
20.961617	0.99458086	9.3470211	11.50714
20.960058	1.0039235	9.3377714	11.490684
20.961617	0.99844682	9.3293629	11.50714
20.960058	1.0174544	9.3184319	11.490684
20.963177	1.0139107	9.3075008	11.466
20.970974	1.0155214	9.2990923	11.482455
20.966295	1.0203539	9.2881613	11.503026
20.961617	1.0113333	9.2797527	11.437201
20.950703	1.0039235	9.270504	11.44543
20.963177	0.98684895	9.2620945	11.433087
20.961617	0.99071491	9.2511644	11.424859
20.960058	0.98362732	9.2444372	11.412518
20.956942	0.99007058	9.2343473	11.424859
20.956942	0.99135923	9.2250977	11.433087
20.956942	1.0000576	9.2150078	11.416631
20.961617	1.0065008	9.204917	11.416631
20.960058	1.0039235	9.1965084	11.416631
20.963177	1.014555	9.1881008	11.404289
20.966295	1.0116554	9.1788511	11.412518
20.961617	1.008756	9.1712837	11.387833
20.964737	0.99264789	9.1586704	11.363149
20.963177	0.99715817	9.1502619	11.379605
20.961617	0.99200356	9.140172	11.350807
20.964737	0.9916814	9.1326046	11.354921
20.963177	0.98427165	9.1208324	11.363149
20.961617	0.98137218	9.1115828	11.342579
20.9585	0.99393654	9.1023331	11.371377
20.960058	0.9916814	9.0914021	11.313781
20.960058	0.98298299	9.0838346	11.322009
20.960058	0.98717111	9.0737448	11.326122
20.955381	0.99651384	9.0644951	11.297324
20.964737	1.0052122	9.0544052	11.305552
20.966295	1.0010241	9.0468369	11.297324
20.956942	1.0032792	9.036747	11.289097
20.9585	1.0216426	9.0274982	11.301438
20.964737	1.0235755	9.0182486	11.297324
20.961617	1.0139107	9.00984	11.25207
20.961617	1.0248642	9.0005903	11.280869
20.956942	1.0074674	8.9896593	11.260299
20.961617	0.9942587	8.982933	11.25207
20.960058	1.0065008	8.9728422	11.264412
20.963177	0.99458086	8.9652748	11.239728
20.953821	0.98040569	8.9543438	11.239728
20.961617	0.98845977	8.9484577	11.268526
20.960058	0.98845977	8.9408903	11.235614
20.9585	0.98684895	8.9299593	11.223272
20.963177	0.98652679	8.9207096	11.219158
20.963177	0.97911704	8.9097786	11.235614
20.960058	0.97815055	8.9022112	11.19036
20.963177	0.98266083	8.8946438	11.194474
20.963177	0.98523813	8.8853941	11.186246
20.963177	0.97782838	8.8753042	11.19036
20.964737	0.98523813	8.8668947	11.182132
20.961617	0.98652679	8.8559647	11.161562
20.956942	0.96945214	8.8492374	11.153334
20.963177	0.96945214	8.8391476	11.136878
20.9585	0.99297005	8.830739	11.16979
20.961617	0.98588246	8.819808	11.116307
20.956942	0.97460675	8.8139219	11.12865
20.963177	0.95978725	8.8038311	11.120421
20.966295	0.97299594	8.7945824	11.140991
20.966295	0.95463264	8.787015	11.112193
20.961617	0.96010941	8.7802877	11.091623
20.964737	0.97492892	8.7685156	11.120421
20.964737	0.96365321	8.7609482	11.099852
20.963177	0.96043158	8.7516985	11.103966
20.961617	0.97267377	8.7441311	11.116307
20.9585	0.97267377	8.7357225	11.099852
20.961617	0.96300888	8.7247915	11.071054
20.953821	0.9733181	8.7172241	11.112193
20.960058	0.96848565	8.7088156	11.066939
20.956942	0.96751916	8.6995659	11.034027
20.960058	0.96333104	8.6911583	11.038141
20.9585	0.95141107	8.6835899	11.050483
20.969416	0.96816349	8.6726589	11.04637
20.9585	0.94722295	8.6642513	11.017571
20.964737	0.95012242	8.6558418	11.029913
20.9585	0.96494186	8.6440697	11.062825
20.961617	0.95559913	8.6381845	11.021685
20.960058	0.97235161	8.6280947	11.029913
20.961617	0.96300888	8.6205263	11.017571
20.961617	0.96204239	8.6095953	10.997001
20.960058	0.98105001	8.6037092	11.005229
20.961617	0.97718406	8.596983	11.001115
20.960058	0.97202945	8.5885735	11.017571
20.961617	0.98717111	8.5784836	10.992887
20.956942	0.98427165	8.570076	10.980545
20.963177	0.97460675	8.5616665	10.964088
20.960058	0.97718406	8.5557804	10.968203
20.961617	0.97009647	8.5456905	10.935291
20.963177	0.9584986	8.5381231	10.931177
20.963177	0.96816349	8.5322371	10.968203
20.9585	0.96268672	8.5221472	10.939405
20.960058	0.96333104	8.5128975	10.94352
20.956942	0.95688778	8.5053301	10.94352
20.960058	0.96365321	8.4952402	10.968203
20.960058	0.96751916	8.4876728	10.931177
20.960058	0.95527697	8.4792633	10.906493
20.956942	0.96365321	8.4716959	10.906493
20.960058	0.97138512	8.4649696	10.922949
20.9585	0.95463264	8.4565601	10.881809
20.963177	0.94561213	8.4481525	10.890037
20.969416	0.95559913	8.4405842	10.902379
20.964737	0.95173317	8.4330168	10.877695
20.960058	0.95463264	8.4246082	10.869467
20.961617	0.94722295	8.4161997	10.861238
20.961617	0.94432348	8.4077911	10.865353
20.963177	0.94722295	8.3985424	10.869467
20.9585	0.93433642	8.3918152	10.848897
20.955381	0.94367915	8.3842478	10.861238
20.956942	0.95076674	8.3766804	10.861238
20.955381	0.93433642	8.3665895	10.820099
20.961617	0.93304777	8.3598633	10.828327
20.967855	0.9459343	8.3514547	10.824213
20.960058	0.93884671	8.342205	10.83244
20.953821	0.93755805	8.3380013	10.803642
20.966295	0.95044458	8.3287516	10.803642
20.966295	0.95946509	8.3211842	10.815985
20.9585	0.94915593	8.3127756	10.783072
20.961617	0.9523775	8.3060484	10.807756
20.953821	0.9523775	8.2993212	10.795415
20.956942	0.96590835	8.2900724	10.799528
20.961617	0.96494186	8.282505	10.791301
20.960058	0.95946509	8.2757778	10.787187
20.9585	0.97267377	8.2665281	10.795415
20.963177	0.96300888	8.2598019	10.799528
20.955381	0.94625646	8.2513933	10.766617
20.9585	0.94818944	8.2438259	10.762503
20.960058	0.95044458	8.238781	10.746046
20.953821	0.94013536	8.22785	10.754274
20.963177	0.95076674	8.2228041	10.737818
20.964737	0.95688778	8.2152367	10.737818
20.963177	0.96977431	8.2068281	10.754274
20.9585	0.95978725	8.2034645	10.72959
20.964737	0.96204239	8.1925344	10.741932
20.960058	0.96429753	8.1866484	10.713134
20.960058	0.95592129	8.1773987	10.721362
20.956942	0.94625646	8.1689901	10.692564
20.961617	0.95785427	8.1631041	10.696678
20.952263	0.93079263	8.1555367	10.671994
20.963177	0.92273855	8.1504917	10.680222
20.961617	0.92241639	8.1437645	10.66788
20.953821	0.91855043	8.1361971	10.671994
20.961617	0.9240272	8.1252661	10.680222
20.966295	0.92177206	8.1210613	10.655538
20.961617	0.92241639	8.1151752	10.671994
20.9585	0.92724884	8.1059265	10.647309
20.961617	0.91307366	8.0983591	10.639082
20.9585	0.91951692	8.0907917	10.680222
20.9585	0.93949103	8.0874281	10.659652
20.960058	0.93594724	8.0748148	10.647309
20.9585	0.94625646	8.0714521	10.684336
20.960058	0.95334399	8.0638838	10.655538
20.960058	0.9336921	8.0571575	10.60617
20.961617	0.92467153	8.0504303	10.614397
20.963177	0.92853749	8.0428629	10.651423
20.9585	0.93594724	8.0352955	10.62674
20.961617	0.93820238	8.0277281	10.597941
20.963177	0.93884671	8.0226822	10.630854
20.964737	0.93208128	8.0142746	10.602056
20.960058	0.94013536	8.0083885	10.610284
20.960058	0.92982614	8.0008202	10.589713
20.961617	0.92338288	7.9966159	10.585599
20.960058	0.94561213	7.9882078	10.614397
20.9585	0.95044458	7.9814811	10.581486
20.961617	0.93916887	7.9764357	10.577372
20.9585	0.94657862	7.9688683	10.585599
20.961617	0.95559913	7.9629822	10.581486
20.956942	0.95334399	7.9554148	10.560915
20.956942	0.94142401	7.9528918	10.536231
20.964737	0.94432348	7.9419613	10.540345
20.964737	0.95624346	7.9360752	10.556801
20.966295	0.93111479	7.9310298	10.536231
20.9585	0.92918181	7.9251437	10.548573
20.956942	0.93916887	7.9200988	10.556801
20.9585	0.91758394	7.9091678	10.532117
20.955381	0.90952986	7.9066453	10.540345
20.960058	0.9214499	7.8982368	10.577372
20.960058	0.90695256	7.8898282	10.536231
20.9585	0.91210717	7.8856239	10.536231
20.955381	0.91049635	7.880579	10.486863
20.9585	0.90373093	7.8738523	10.540345
20.961617	0.91146284	7.8688068	10.49509
20.963177	0.90759689	7.8620801	10.478635
20.956942	0.90824121	7.8570352	10.523889
20.961617	0.93884671	7.8511491	10.519775
20.963177	0.92885965	7.8444223	10.478635
20.961617	0.92660451	7.8376956	10.474521
20.961617	0.91468447	7.8326502	10.474521
20.964737	0.91629529	7.8259234	10.482749
20.964737	0.92789316	7.8191967	10.462178
20.955381	0.91951692	7.8158336	10.449837
20.963177	0.91436231	7.8065839	10.507433
20.960058	0.93304777	7.8015389	10.482749
20.955381	0.92273855	7.7973351	10.470407
20.955381	0.92112774	7.7906084	10.470407
20.963177	0.93047047	7.785563	10.466292
20.9585	0.92789316	7.777154	10.445723
20.961617	0.91597313	7.7737908	10.441608
20.967855	0.92273855	7.7679052	10.453951
20.961617	0.92853749	7.7620192	10.453951
20.956942	0.92724884	7.7561331	10.445723
20.963177	0.91790611	7.7519293	10.441608
20.9585	0.93304777	7.7468839	10.470407
20.960058	0.927571	7.7384753	10.425153
20.955381	0.90630823	7.734271	10.404582
20.961617	0.92177206	7.7283854	10.437494
20.956942	0.91565096	7.72334	10.416924
20.961617	0.90340877	7.7191358	10.408696
20.963177	0.90340877	7.712409	10.416924
20.960058	0.91629529	7.7073636	10.404582
20.9585	0.91114068	7.7031598	10.416924
20.9585	0.90276444	7.6997962	10.388126
20.9585	0.9214499	7.6922288	10.396355
20.966295	0.91500664	7.6888657	10.392241
20.960058	0.90824121	7.6838202	10.379898
20.955381	0.92370504	7.6779342	10.384012
20.961617	0.91855043	7.6720486	10.37167
20.963177	0.91855043	7.6653218	10.388126
20.9585	0.91661745	7.6611171	10.379898
20.953821	0.92016125	7.6577539	10.363442
20.960058	0.92112774	7.652709	10.33053
20.961617	0.92692667	7.6493454	10.388126
20.956942	0.927571	7.6409369	10.338758
20.961617	0.93111479	7.6358919	10.37167
20.956942	0.92821532	7.6333694	10.3511
20.961617	0.92660451	7.6291652	10.37167
20.9585	0.9214499	7.6266427	10.355214
20.960058	0.92048341	7.6190743	10.342872
20.960058	0.91951692	7.6148705	10.355214
20.963177	0.90952986	7.6098256	10.33053
20.955381	0.90501958	7.6030989	10.326416
20.961617	0.89760983	7.6030989	10.326416
20.953821	0.91114068	7.5963721	10.37167
20.9585	0.90791905	7.5896454	10.326416
20.961617	0.90856338	7.5862818	10.33053
20.960058	0.90824121	7.5812368	10.342872
20.961617	0.90888554	7.5778732	10.3511
20.961617	0.91242933	7.5719872	10.334644
20.963177	0.91855043	7.5711465	10.297618
20.960058	0.91597313	7.5652604	10.318188
20.955381	0.90147579	7.5593743	10.301732
20.960058	0.91146284	7.557693	10.314074
20.960058	0.91307366	7.5501256	10.326416
20.9585	0.90695256	7.5484433	10.326416
20.956942	0.9240272	7.5442395	10.33053
20.963177	0.91790611	7.5391941	10.297618
20.9585	0.91017419	7.5366712	10.297618
20.960058	0.90888554	7.5316267	10.305846
20.963177	0.90340877	7.5274224	10.281161
20.955381	0.9127515	7.522377	10.305846
20.961617	0.90824121	7.5198545	10.272934
20.960058	0.90985203	7.5164909	10.301732
20.960058	0.9301483	7.5122871	10.301732
20.955381	0.9214499	7.5072422	10.297618
20.961617	0.91565096	7.5038786	10.272934
20.966295	0.9214499	7.5021968	10.297618
20.963177	0.92112774	7.4979925	10.281161
20.960058	0.92434937	7.4946294	10.277048
20.961617	0.92467153	7.4912658	10.309959
20.960058	0.90727472	7.4870615	10.24825
20.956942	0.90566391	7.4811759	10.244136
20.9585	0.89438826	7.478653	10.240023
20.960058	0.90727472	7.4744492	10.281161
20.964737	0.91210717	7.4702444	10.244136
20.955381	0.89889848	7.4668808	10.235909
20.956942	0.91629529	7.4635177	10.260592
20.953821	0.92531586	7.4609957	10.260592
20.9585	0.91951692	7.4559503	10.256477
20.9585	0.90598607	7.4559503	10.240023
20.964737	0.9240272	7.4525867	10.252364
20.960058	0.90824121	7.4467006	10.223566
20.960058	0.90695256	7.4458599	10.223566
20.966295	0.91468447	7.4433374	10.219452
20.956942	0.91081852	7.4391332	10.252364
20.955381	0.91371799	7.43577	10.240023
20.966295	0.9153288	7.4324064	10.240023
20.956942	0.9127515	7.429884	10.22768
20.964737	0.90083146	7.424839	10.22768
20.9585	0.90276444	7.4239979	10.215338
20.952263	0.90952986	7.4214754	10.20711
20.9585	0.90018713	7.4181123	10.202996
20.9585	0.90469742	7.4139075	10.198882
20.9585	0.91339582	7.4105444	10.235909
20.963177	0.9153288	7.4088626	10.211224
20.961617	0.91726178	7.4054995	10.223566
20.961617	0.927571	7.4038172	10.223566
20.956942	0.9240272	7.3979311	10.215338
20.956942	0.91307366	7.3962498	10.198882
20.9585	0.90985203	7.394568	10.20711
20.963177	0.90276444	7.3912044	10.182425
20.955381	0.8844012	7.389523	10.190654
20.961617	0.87505847	7.3878412	10.174198
20.956942	0.86829305	7.3861599	10.16597
20.956942	0.87634712	7.3819556	10.190654
20.960058	0.8782801	7.3802738	10.18654
20.961617	0.87602496	7.3802738	10.174198
20.961617	0.87409198	7.3752289	10.149513
20.969416	0.8757028	7.3718657	10.161856
20.956942	0.8757028	7.3710241	10.16597
20.966295	0.87892443	7.3685021	10.182425
20.961617	0.86829305	7.3685021	10.128943
20.963177	0.87119251	7.3642974	10.149513
20.961617	0.87956876	7.3600936	10.1454
20.9585	0.88858932	7.3600936	10.133058
20.961617	0.89245528	7.3592529	10.116602
20.956942	0.89116663	7.3558893	10.153627
20.956942	0.89535475	7.3542075	10.149513
20.963177	0.91146284	7.3508439	10.174198
20.960058	0.88730067	7.3491626	10.1454
20.961617	0.90630823	7.3474808	10.16597
20.9585	0.91468447	7.3432765	10.174198
20.961617	0.89760983	7.3432765	10.124829
20.960058	0.89116663	7.3424358	10.141286
20.961617	0.88085741	7.3390722	10.120715
20.963177	0.872159	7.3390722	10.157742
20.9585	0.87312549	7.3357091	10.120715
20.956942	0.86764872	7.334868	10.141286
20.963177	0.88279039	7.3331861	10.141286
20.961617	0.88762283	7.329823	10.178312
20.9585	0.88858932	7.3281407	10.157742
20.956942	0.88987797	7.3281407	10.141286
20.960058	0.88730067	7.3239369	10.149513
20.960058	0.88633418	7.3239369	10.149513
20.964737	0.89438826	7.3222547	10.153627
20.960058	0.89986497	7.321414	10.178312
20.960058	0.89535475	7.3205733	10.149513
20.961617	0.89793199	7.3172102	10.161856
20.961617	0.89535475	7.3155279	10.133058
20.956942	0.89793199	7.3146873	10.120715
20.956942	0.88536769	7.3130059	10.128943
20.960058	0.88697851	7.3138466	10.104259
20.955381	0.90534174	7.3088012	10.1454
20.955381	0.90952986	7.3088012	10.133058
20.963177	0.91436231	7.3062792	10.157742
20.960058	0.91339582	7.3071198	10.16597
20.960058	0.91307366	7.3037567	10.149513
20.961617	0.91758394	7.3045974	10.16597
20.953821	0.90018713	7.3037567	10.124829
20.960058	0.90791905	7.302916	10.1454
20.9585	0.89986497	7.302916	10.124829
20.956942	0.88117957	7.3012338	10.161856
20.961617	0.89181095	7.2978706	10.133058
20.955381	0.887945	7.2987113	10.133058
20.961617	0.88987797	7.2953477	10.149513
20.9585	0.9030866	7.29703	10.178312
20.9585	0.90244228	7.294507	10.133058
20.960058	0.90212011	7.294507	10.157742
20.963177	0.9153288	7.2919846	10.128943
20.961617	0.90340877	7.2911439	10.116602
20.961617	0.89889848	7.2911439	10.116602
20.960058	0.9066304	7.2919846	10.128943
20.963177	0.91081852	7.2903032	10.133058
20.960058	0.90437526	7.2894626	10.112488
20.966295	0.92434937	7.2886209	10.141286
20.961617	0.91919476	7.2886209	10.091917
20.961617	0.92724884	7.2852578	10.1454
20.960058	0.92853749	7.2852578	10.149513
20.960058	0.92724884	7.286099	10.112488
20.9585	0.9214499	7.2844172	10.133058
20.961617	0.91017419	7.2827358	10.153627
20.964737	0.91242933	7.2810535	10.153627
20.960058	0.89277744	7.2852578	10.108374
20.9585	0.89342177	7.2818942	10.116602
20.955381	0.88053524	7.2810535	10.120715
20.961617	0.87280333	7.2802129	10.112488
20.960058	0.87087035	7.2810535	10.120715
20.955381	0.86861521	7.2810535	10.141286
20.961617	0.88279039	7.2802129	10.141286
20.961617	0.8905223	7.2785311	10.124829
20.961617	0.88601202	7.2802129	10.116602
20.963177	0.89438826	7.2776904	10.170084
20.961617	0.89632124	7.2793722	10.116602
20.956942	0.90115362	7.2768497	10.141286
20.956942	0.89567691	7.2776904	10.141286
20.9585	0.88214606	7.2793722	10.116602
20.963177	0.89309961	7.2768497	10.137172
20.960058	0.89148879	7.2751675	10.116602
20.966295	0.8782801	7.2776904	10.104259
20.963177	0.88536769	7.2776904	10.108374
20.961617	0.89020014	7.2743268	10.104259
20.956942	0.88021308	7.2760081	10.124829
20.960058	0.90244228	7.2751675	10.141286
20.960058	0.91855043	7.2751675	10.124829
20.960058	0.89760983	7.2768497	10.112488
20.966295	0.90985203	7.2751675	10.133058
20.960058	0.92241639	7.2743268	10.182425
20.9585	0.91178501	7.2751675	10.133058
20.960058	0.89793199	7.2760081	10.116602
20.961617	0.8844012	7.2751675	10.116602
20.9585	0.89696556	7.2751675	10.137172
20.961617	0.89599907	7.2768497	10.128943
20.956942	0.89503258	7.2768497	10.141286
20.955381	0.89181095	7.2734861	10.133058
20.9585	0.89857632	7.2751675	10.153627
20.963177	0.88858932	7.2734861	10.133058
20.961617	0.8782801	7.2776904	10.124829
20.960058	0.88633418	7.2734861	10.137172
20.953821	0.89535475	7.2760081	10.1454
20.961617	0.88762283	7.2760081	10.116602
20.955381	0.8940661	7.2751675	10.120715
20.9585	0.88730067	7.2760081	10.120715
20.963177	0.887945	7.2760081	10.120715
20.966295	0.90405309	7.2776904	10.137172
20.955381	0.91500664	7.2760081	10.124829
20.9585	0.90244228	7.2768497	10.112488
20.963177	0.90018713	7.2751675	10.116602
20.963177	0.90985203	7.2751675	10.128943
20.963177	0.90824121	7.2776904	10.133058
20.961617	0.89438826	7.2793722	10.108374
20.955381	0.88730067	7.2776904	10.104259
20.961617	0.8905223	7.2776904	10.112488
20.9585	0.89277744	7.2776904	10.133058
20.960058	0.88826716	7.2776904	10.124829
20.9585	0.89438826	7.2785311	10.120715
20.956942	0.89148879	7.2776904	10.141286
20.960058	0.88891149	7.2776904	10.137172
20.961617	0.90083146	7.2802129	10.141286
20.960058	0.89471042	7.2793722	10.133058
20.966295	0.89181095	7.2802129	10.141286
20.960058	0.91307366	7.2827358	10.141286
20.961617	0.91307366	7.2827358	10.120715
20.961617	0.90083146	7.2810535	10.124829
20.961617	0.90985203	7.2852578	10.133058
20.963177	0.92467153	7.2835765	10.161856
20.960058	0.91404015	7.2835765	10.141286
20.963177	0.90373093	7.2835765	10.128943
20.966295	0.90018713	7.286099	10.170084
20.961617	0.91049635	7.2852578	10.116602
20.9585	0.88407904	7.286099	10.100145
20.966295	0.88311255	7.2869396	10.108374
20.956942	0.90018713	7.2869396	10.141286
20.955381	0.88053524	7.2869396	10.112488
20.955381	0.88311255	7.2877803	10.124829
20.966295	0.8905223	7.2903032	10.120715
20.9585	0.88601202	7.2886209	10.120715
20.961617	0.88858932	7.2894626	10.128943
20.960058	0.88987797	7.2911439	10.112488
20.963177	0.88504553	7.2919846	10.112488
20.9585	0.87151468	7.2911439	10.08369
20.953821	0.87666929	7.2928257	10.108374
20.961617	0.87763578	7.2953477	10.153627
20.9585	0.88987797	7.2953477	10.124829
20.960058	0.87795794	7.2961893	10.1454
20.956942	0.87409198	7.29703	10.153627
20.9585	0.89922065	7.294507	10.178312
20.963177	0.88955581	7.29703	10.141286
20.964737	0.88504553	7.3012338	10.141286
20.961617	0.88730067	7.3012338	10.124829
20.9585	0.89116663	7.3003931	10.178312
20.955381	0.89020014	7.3012338	10.141286
20.956942	0.88246822	7.302916	10.137172
20.964737	0.88665634	7.3037567	10.124829
20.960058	0.88504553	7.305438	10.157742
20.956942	0.88568985	7.3079605	10.128943
20.956942	0.90083146	7.3071198	10.133058
20.956942	0.90179795	7.3071198	10.124829
20.961617	0.90276444	7.3062792	10.153627
20.955381	0.91114068	7.3088012	10.124829
20.963177	0.9092077	7.3113241	10.124829
20.960058	0.89309961	7.3121648	10.120715
20.963177	0.9127515	7.3121648	10.153627
20.963177	0.91887259	7.3138466	10.141286
20.952263	0.91693962	7.3155279	10.141286
20.961617	0.91951692	7.3163695	10.133058
20.961617	0.91951692	7.3180509	10.141286
20.966295	0.92080557	7.3172102	10.137172
20.961617	0.91597313	7.3197327	10.16597
20.963177	0.92434937	7.3205733	10.202996
20.960058	0.90566391	7.321414	10.141286
20.956942	0.90276444	7.3222547	10.153627
20.966295	0.90759689	7.3239369	10.157742
20.961617	0.90695256	7.3256187	10.170084
20.964737	0.90212011	7.3256187	10.153627
20.956942	0.90212011	7.3281407	10.161856
20.953821	0.90018713	7.3264594	10.190654
20.960058	0.89696556	7.3273001	10.178312
20.960058	0.89374393	7.329823	10.161856
20.960058	0.89503258	7.329823	10.18654
20.9585	0.8940661	7.3331861	10.182425
20.963177	0.88858932	7.3315043	10.157742
20.963177	0.89889848	7.334868	10.1454
20.961617	0.8818239	7.3365498	10.1454
20.9585	0.88633418	7.3365498	10.153627
20.9585	0.90405309	7.340754	10.161856
20.960058	0.90437526	7.3415947	10.161856
20.955381	0.90501958	7.340754	10.157742
20.964737	0.90791905	7.3415947	10.149513
20.9585	0.91661745	7.3432765	10.141286
20.960058	0.90566391	7.3441172	10.161856
20.9585	0.90018713	7.3474808	10.157742
20.963177	0.91758394	7.3474808	10.174198
20.960058	0.90695256	7.3508439	10.178312
20.966295	0.8966434	7.3508439	10.178312
20.961617	0.9127515	7.3525262	10.211224
20.961617	0.90212011	7.3542075	10.18654
20.961617	0.89213312	7.3558893	10.174198
20.9585	0.90373093	7.3584113	10.182425
20.964737	0.88987797	7.3600936	10.18654
20.960058	0.89084446	7.3592529	10.178312
20.961617	0.8966434	7.3617749	10.16597
20.963177	0.90147579	7.3626161	10.18654
20.9585	0.9153288	7.3642974	10.161856
20.955381	0.90952986	7.3668203	10.16597
20.9585	0.90630823	7.3651381	10.153627
20.953821	0.92209423	7.3701835	10.198882
20.963177	0.9153288	7.3718657	10.161856
20.9585	0.91855043	7.3718657	10.178312
20.961617	0.90695256	7.3743877	10.194768
20.961617	0.90856338	7.3760695	10.22768
20.963177	0.90437526	7.3760695	10.190654
20.960058	0.88375688	7.3802738	10.178312
20.963177	0.88858932	7.3785925	10.190654
20.955381	0.90598607	7.3819556	10.22768
20.9585	0.89567691	7.3844776	10.178312
20.960058	0.8966434	7.3870006	10.178312
20.960058	0.90952986	7.3870006	10.202996
20.963177	0.89471042	7.3886824	10.182425
20.955381	0.89245528	7.392046	10.157742
20.966295	0.90469742	7.3954091	10.194768
20.966295	0.89922065	7.3954091	10.194768
20.960058	0.90888554	7.3970904	10.215338
20.9585	0.90695256	7.3979311	10.223566
20.956942	0.91017419	7.400454	10.219452
20.952263	0.92467153	7.400454	10.215338
20.956942	0.90469742	7.4029765	10.198882
20.956942	0.8966434	7.4063401	10.223566
20.9585	0.90598607	7.4080215	10.235909
20.956942	0.89020014	7.4122262	10.190654
20.956942	0.8782801	7.4139075	10.20711
20.961617	0.89020014	7.4155893	10.231794
20.961617	0.88858932	7.4189529	10.223566
20.9585	0.89020014	7.4214754	10.219452
20.955381	0.89438826	7.4239979	10.211224
20.960058	0.87763578	7.4256797	10.194768
20.9585	0.90179795	7.427361	10.272934
20.961617	0.88697851	7.429884	10.198882
20.963177	0.89148879	7.4340878	10.219452
20.961617	0.90469742	7.4349294	10.219452
20.961617	0.9005093	7.4382925	10.240023
20.9585	0.88762283	7.4399738	10.223566
20.960058	0.90340877	7.4424968	10.252364
20.9585	0.89213312	7.4450192	10.244136
20.961617	0.89535475	7.4492235	10.223566
20.9585	0.89342177	7.4500642	10.231794
20.967855	0.89245528	7.451746	10.231794
20.961617	0.89696556	7.4542689	10.22768
20.953821	0.88472337	7.4576321	10.223566
20.961617	0.88117957	7.462677	10.231794
20.956942	0.89599907	7.462677	10.260592
20.961617	0.88858932	7.4677224	10.281161
20.966295	0.88891149	7.4719262	10.24825
20.955381	0.90695256	7.4736075	10.260592
20.956942	0.90276444	7.4769711	10.26882
20.960058	0.90888554	7.4794936	10.293504
20.955381	0.93304777	7.4836979	10.28939
20.963177	0.92241639	7.4870615	10.260592
20.953821	0.92112774	7.489584	10.272934
20.956942	0.90856338	7.4937882	10.281161
20.955381	0.9127515	7.4979925	10.297618
20.963177	0.92563802	7.5013561	10.28939
20.961617	0.90952986	7.5047197	10.293504
20.955381	0.90501958	7.5064011	10.281161
20.9585	0.92531586	7.5122871	10.314074
20.963177	0.91307366	7.5148096	10.26882
20.960058	0.88987797	7.5198545	10.272934
20.9585	0.89696556	7.5240593	10.293504
20.953821	0.90276444	7.5257406	10.309959
20.961617	0.90469742	7.533308	10.309959
20.956942	0.90179795	7.5358305	10.301732
20.953821	0.90824121	7.5400352	10.305846
20.9585	0.90469742	7.5442395	10.318188
20.9585	0.90695256	7.5501256	10.301732
20.960058	0.90695256	7.5551701	10.318188
20.955381	0.90727472	7.5593743	10.322302
20.956942	0.90824121	7.5618968	10.338758
20.950703	0.91049635	7.5694647	10.375784
20.955381	0.92692667	7.5753508	10.359328
20.9585	0.9030866	7.5820775	10.318188
20.961617	0.90405309	7.5888042	10.334644
20.960058	0.90534174	7.593009	10.384012
20.952263	0.91081852	7.5997357	10.355214
20.955381	0.91887259	7.6056209	10.359328
20.956942	0.9153288	7.6106663	10.367557
20.960058	0.91822827	7.617393	10.392241
20.955381	0.93272561	7.6241198	10.375784
20.9585	0.92434937	7.6325288	10.367557
20.955381	0.93240345	7.6384139	10.421039
20.9585	0.94464564	7.6459823	10.388126
20.955381	0.9301483	7.655231	10.416924
20.955381	0.93401426	7.6602764	10.429267
20.9585	0.93272561	7.6703668	10.441608
20.960058	0.9240272	7.6779342	10.441608
20.952263	0.92273855	7.6871834	10.441608
20.950703	0.92370504	7.6955924	10.445723
20.949142	0.93079263	7.7065229	10.458065
20.950703	0.93433642	7.7140903	10.445723
20.950703	0.92885965	7.7275443	10.458065
20.949142	0.92982614	7.7393165	10.486863
20.950703	0.94367915	7.7485657	10.486863
20.950703	0.9362694	7.7628598	10.486863
20.949142	0.93820238	7.7754726	10.511547
20.947584	0.94947809	7.7880855	10.552688
20.952263	0.93336993	7.8023796	10.503319
20.947584	0.94464564	7.8158336	10.552688
20.949142	0.94818944	7.8309689	10.552688
20.942907	0.93594724	7.8435817	10.577372
20.950703	0.93079263	7.8595572	10.585599
20.949142	0.93498075	7.878056	10.593827
20.949142	0.92660451	7.8948731	10.602056
20.947584	0.92563802	7.9108496	10.581486
20.944468	0.91339582	7.9285069	10.593827
20.949142	0.91597313	7.9478464	10.62674
20.949142	0.92531586	7.9663453	10.630854
20.944468	0.927571	7.9840031	10.663766
20.947584	0.93047047	8.0050249	10.676107
20.947584	0.94980025	8.0243645	10.70902
20.949142	0.94335699	8.0445442	10.70902
20.947584	0.95173317	8.0664062	10.704906
20.950703	0.9336921	8.0891094	10.700792
20.947584	0.93659157	8.1109715	10.737818
20.956942	0.95559913	8.1345148	10.774844
20.952263	0.95431048	8.1563778	10.758389
20.953821	0.9398132	8.1807623	10.791301
20.9585	0.95431048	8.2043056	10.807756
20.953821	0.93820238	8.2270088	10.807756
20.961617	0.93047047	8.2522345	10.836555
20.9585	0.94915593	8.2774601	10.853011
20.955381	0.94980025	8.3010035	10.902379
20.955381	0.93659157	8.3270702	10.885923
20.953821	0.94786727	8.3514547	10.898265
20.956942	0.94818944	8.3766804	10.902379
20.953821	0.94432348	8.3993826	10.947633
20.956942	0.93498075	8.4271307	10.947633
20.955381	0.96172023	8.4515162	11.021685
20.955381	0.9584986	8.4759007	11.001115
20.969416	0.96043158	8.5019665	11.021685
20.963177	0.95946509	8.5255098	11.034027
20.955381	0.96687484	8.5524178	11.050483
20.952263	0.96816349	8.5776434	11.04637
20.9585	0.96365321	8.6037092	11.058711
20.955381	0.97299594	8.629776	11.112193
20.963177	0.96526402	8.6558418	11.14922
20.963177	0.95656562	8.6827488	11.140991
20.961617	0.96977431	8.7079744	11.153334
20.963177	0.96977431	8.7332001	11.182132
20.956942	0.96655267	8.7575846	11.178018
20.955381	0.98137218	8.7853336	11.227386
20.956942	0.98620462	8.8105583	11.215044
20.963177	0.98459381	8.8374653	11.235614
20.956942	1.0052122	8.8626909	11.289097
20.961617	0.99844682	8.8887577	11.280869
20.963177	1.0155214	8.9148235	11.301438
20.963177	1.0148771	8.9408903	11.313781
20.964737	1.0139107	8.966116	11.326122
20.955381	1.0061787	8.9913416	11.371377
20.960058	0.99941331	9.0182486	11.379605
20.960058	0.99715817	9.0426331	11.391947
20.966295	0.9978025	9.0686989	11.44543
20.963177	0.98491597	9.0939255	11.428973
20.961617	0.98974842	9.1216726	11.449543
20.960058	0.98427165	9.1460581	11.482455
20.960058	0.98137218	9.1712837	11.50714
20.963177	0.98008353	9.1956682	11.494798
20.956942	0.99039274	9.2208939	11.52771
20.9585	0.99586952	9.2511644	11.54828
20.966295	0.99586952	9.2738667	11.560622
20.964737	1.0036014	9.2999334	11.585306
20.955381	1.0103668	9.3259993	11.626447
20.960058	1.0142328	9.3529072	11.638787
20.9585	1.0177766	9.378973	11.622332
20.960058	1.016488	9.4033585	11.663472
20.963177	1.0119777	9.4302654	11.647016
20.964737	1.022609	9.4563313	11.721068
20.963177	1.0232533	9.4840794	11.716955
20.966295	1.0174544	9.5084639	11.753981
20.963177	1.018743	9.5336905	11.758095
20.960058	1.0139107	9.5605974	11.749867
20.960058	1.0174544	9.5875044	11.762208
20.963177	1.0110111	9.6144114	11.786893
20.960058	1.0077895	9.6413193	11.807464
20.966295	1.0303409	9.6648626	11.828032
20.963177	1.0248642	9.6917696	11.86506
20.963177	1.0200317	9.7169952	11.889744
20.961617	1.0400058	9.7439022	11.930884
20.9585	1.0419388	9.769969	11.930884
20.961617	1.042261	9.796876	11.922656
20.964737	1.0480598	9.8221016	11.959682
20.956942	1.0454826	9.8473272	11.980252
20.964737	1.0548253	9.8725529	11.980252
20.969416	1.0445161	9.9036636	11.996709
20.9585	1.0593356	9.9280491	12.021393
20.961617	1.060302	9.9524336	12.02962
20.9585	1.0432274	9.9793406	12.054305
20.963177	1.0599799	10.006248	12.083102
20.961617	1.0551474	10.033155	12.087217
20.9585	1.0538588	10.05754	12.124243
20.966295	1.0545031	10.085288	12.12013
20.963177	1.0680339	10.110514	12.15304
20.963177	1.0577247	10.13658	12.181839
20.9585	1.0557917	10.16685	12.169496
20.960058	1.0789875	10.190394	12.218864
20.964737	1.058369	10.216461	12.198295
20.9585	1.0599799	10.243368	12.247663
20.966295	1.0648123	10.269435	12.231207
20.964737	1.0696448	10.295501	12.247663
20.966295	1.0619129	10.321568	12.280575
20.961617	1.0628793	10.347633	12.272347
20.967855	1.0635237	10.372859	12.297031
20.967855	1.0593356	10.400607	12.346399
20.964737	1.0496707	10.425833	12.371084
20.963177	1.0683562	10.449376	12.379312
20.955381	1.0747994	10.477125	12.38754
20.966295	1.0651345	10.500669	12.395768
20.961617	1.0693226	10.528417	12.436908
20.961617	1.0921962	10.552802	12.457478
20.963177	1.0673896	10.578028	12.436908
20.963177	1.0809205	10.604094	12.486277
20.964737	1.0934849	10.629319	12.506845
20.964737	1.08382	10.655386	12.494504
20.963177	1.0783432	10.680611	12.510961
20.964737	1.08382	10.705836	12.531529
20.917959	1.0786654	10.729381	12.560328
20.645082	1.0725442	10.735266	12.568557
20.24279	1.0776988	10.715086	12.589127
19.731344	1.0828534	10.682293	12.64261
19.198071	1.085753	10.653704	12.617925
18.711576	1.0876859	10.633523	12.630266
18.26874	1.0770545	10.615866	12.589127
17.886717	1.0760881	10.600731	12.617925
17.542116	1.0786654	10.58055	12.605582
17.203753	1.0667453	10.563733	12.585013
16.910608	1.0828534	10.544393	12.601469
16.648649	1.0944513	10.530099	12.613811
16.431911	1.0847864	10.513281	12.613811
16.227646	1.0967065	10.498986	12.617925
16.048328	1.1166806	10.486374	12.64261
15.876807	1.1105595	10.476283	12.622039
15.727118	1.1131368	10.467034	12.630266
15.585222	1.1244124	10.457786	12.64261
15.471396	1.115392	10.451059	12.65495
15.366923	1.1041162	10.445172	12.638494
15.274926	1.1034719	10.439286	12.650837
15.175133	1.0883303	10.431719	12.64261
15.100288	1.0786654	10.429196	12.650837
15.020765	1.0635237	10.426674	12.630266
14.952156	1.0722221	10.421629	12.64261
14.885107	1.0690005	10.420788	12.630266
14.83677	1.0709335	10.417424	12.622039
14.783755	1.0844643	10.414902	12.646723
14.735417	1.0757658	10.412379	12.64261
14.687079	1.0844643	10.409857	12.679635
14.638742	1.0902632	10.407334	12.650837
14.599761	1.085753	10.406493	12.646723
14.562337	1.0950956	10.403971	12.675522
14.529593	1.0960622	10.404812	12.700206
14.498407	1.0896189	10.402289	12.667294
14.465663	1.0802761	10.404812	12.650837
14.429799	1.089941	10.398926	12.675522
14.393936	1.0822091	10.401448	12.659065
14.359632	1.0812427	10.402289	12.634381
14.331565	1.0725442	10.401448	12.667294
14.301939	1.0805984	10.401448	12.667294
14.262957	1.0999281	10.400607	12.708433
14.233331	1.0889746	10.400607	12.683749
14.199026	1.1002502	10.401448	12.659065
14.158484	1.1237682	10.398926	12.770144
14.135097	1.1182914	10.400607	12.708433
14.099234	1.1224796	10.399766	12.712547
14.069607	1.1244124	10.400607	12.733118
14.032185	1.1315	10.399766	12.741345
14.011913	1.1199023	10.398926	12.708433
13.980727	1.109593	10.399766	12.696091
13.949542	1.1163584	10.398926	12.691978
13.919916	1.0954179	10.399766	12.700206
13.893409	1.0805984	10.398085	12.716661
13.870019	1.0834978	10.400607	12.708433
13.838834	1.0764102	10.400607	12.712547
13.818563	1.0812427	10.398085	12.708433
13.795175	1.0886524	10.399766	12.708433
13.770226	1.0834978	10.397243	12.704319
13.73904	1.078021	10.398085	12.708433
13.718769	1.0983173	10.396403	12.72489
13.695381	1.0931627	10.396403	12.745459
13.673551	1.1002502	10.397243	12.753687
13.65172	1.1028275	10.398926	12.749574
13.633009	1.1034719	10.396403	12.749574
13.604943	1.1054049	10.395562	12.720775
13.575316	1.1089487	10.395562	12.729003
13.558165	1.0944513	10.398085	12.753687
13.52542	1.0931627	10.400607	12.733118
13.506708	1.0996059	10.397243	12.761915
13.478642	1.0886524	10.399766	12.761915
13.450575	1.0902632	10.397243	12.757802
13.425627	1.0947735	10.399766	12.749574
13.399118	1.0947735	10.398926	12.745459
13.372611	1.1105595	10.398926	12.811283
13.336747	1.1179693	10.398085	12.76603
13.313358	1.1221573	10.397243	12.774258
13.283731	1.1218352	10.398926	12.778371
13.250987	1.1331109	10.399766	12.790714
13.227598	1.1308557	10.398926	12.798943
13.201091	1.1179693	10.400607	12.794827
13.160549	1.1260233	10.400607	12.786599
13.134042	1.1231239	10.400607	12.774258
13.107534	1.0989616	10.401448	12.757802
13.070112	1.11958	10.401448	12.782486
13.042045	1.0986395	10.401448	12.794827
13.013977	1.0915519	10.400607	12.76603
12.973436	1.1150697	10.399766	12.811283
12.946928	1.1057271	10.399766	12.803056
12.918862	1.1037941	10.400607	12.840082
12.890795	1.1160363	10.401448	12.786599
12.853372	1.1060492	10.398926	12.798943
12.822186	1.1008946	10.398926	12.811283
12.789442	1.1141033	10.399766	12.794827
12.766053	1.1018611	10.401448	12.811283
12.737986	1.1070157	10.399766	12.844195
12.705241	1.121513	10.399766	12.831854
12.674056	1.1173249	10.401448	12.852424
12.64287	1.1157141	10.400607	12.831854
12.614803	1.1279563	10.398926	12.835968
12.588296	1.1327887	10.400607	12.835968
12.558669	1.1376212	10.400607	12.840082
12.530603	1.1237682	10.399766	12.823627
12.502536	1.1405206	10.398085	12.881223
12.47135	1.1440644	10.398926	12.877108
12.440165	1.1385876	10.400607	12.864766
12.410539	1.135366	10.398085	12.864766
12.391828	1.1302114	10.398085	12.860652
12.368438	1.1401985	10.398926	12.860652
12.335693	1.123446	10.399766	12.844195
12.304508	1.1179693	10.401448	12.840082
12.281118	1.1327887	10.399766	12.877108
12.253052	1.1182914	10.400607	12.868879
12.229663	1.1070157	10.399766	12.856539
12.201595	1.1369768	10.402289	12.893564
12.17041	1.1289227	10.398926	12.877108
12.142343	1.1147476	10.399766	12.844195
12.123631	1.1340773	10.400607	12.868879
12.086209	1.1170027	10.398926	12.856539
12.056582	1.1047605	10.400607	12.868879
12.033195	1.1166806	10.400607	12.872994
12.005127	1.1102374	10.398926	12.893564
11.97862	1.1083044	10.398926	12.893564
11.942757	1.1205466	10.400607	12.897678
11.908452	1.1112038	10.399766	12.864766
11.881945	1.1092708	10.400607	12.901792
11.85076	1.1269897	10.400607	12.91002
11.818015	1.1389098	10.399766	12.905907
11.78371	1.1108817	10.398085	12.885336
11.757203	1.1305336	10.401448	12.91002
11.730696	1.1305336	10.399766	12.934704
11.69951	1.1144254	10.399766	12.889451
11.668324	1.1263454	10.400607	12.934704
11.635579	1.1273119	10.402289	12.918248
11.607513	1.111526	10.400607	12.901792
11.577887	1.1121703	10.399766	12.905907
11.549819	1.1044384	10.399766	12.901792
11.513956	1.1070157	10.399766	12.918248
11.490568	1.1063714	10.398085	12.938819
11.459381	1.1089487	10.401448	12.926476
11.425077	1.113459	10.398926	12.91002
11.400129	1.111526	10.400607	12.91002
11.372062	1.1025054	10.398085	12.926476
11.347114	1.1208687	10.398926	12.91002
11.31281	1.1282784	10.399766	12.942932
11.289421	1.1286006	10.400607	12.934704
11.261353	1.1289227	10.398926	12.95116
11.234846	1.11958	10.400607	12.930591
11.20522	1.1163584	10.401448	12.930591
11.178713	1.1179693	10.398926	12.947047
11.150645	1.1321443	10.398926	12.975844
11.128816	1.1398762	10.400607	12.938819
11.09919	1.1273119	10.399766	12.975844
11.071122	1.125379	10.399766	12.959389
11.043056	1.1221573	10.398926	12.955275
11.018107	1.1182914	10.400607	12.959389
10.988482	1.111526	10.398926	12.979959
10.961974	1.1224796	10.398085	12.959389
10.941703	1.1221573	10.401448	12.963503
10.902721	1.1250567	10.399766	12.959389
10.882451	1.127634	10.398926	12.984073
10.851266	1.115392	10.399766	12.95116
10.826317	1.1092708	10.400607	12.963503
10.801369	1.1144254	10.399766	12.963503
10.770184	1.1160363	10.399766	12.979959
10.742116	1.1244124	10.398085	12.984073
10.718727	1.1092708	10.398926	12.955275
10.689101	1.1079822	10.398085	12.975844
10.657916	1.109593	10.398085	12.955275
10.632967	1.1092708	10.399766	13.000528
10.597104	1.0989616	10.398085	12.988187
10.567478	1.1005725	10.400607	13.016985
10.540971	1.1118481	10.399766	13.008757
10.511344	1.1034719	10.398926	12.988187
10.477039	1.1028275	10.398085	12.988187
10.452091	1.1099151	10.400607	13.025212
10.414669	1.0989616	10.398926	12.9923
10.389721	1.0944513	10.399766	12.9923
10.364772	1.093807	10.398926	13.004643
10.333587	1.0921962	10.400607	13.016985
10.308639	1.1070157	10.398926	13.029327
10.28369	1.1286006	10.400607	13.037556
10.252505	1.1166806	10.400607	13.012872
10.224438	1.1086265	10.399766	12.9923
10.191693	1.1363325	10.399766	13.037556
10.171423	1.127634	10.398926	13.008757
10.143355	1.1192579	10.399766	13.037556
10.123085	1.1260233	10.397243	13.037556
10.08878	1.1318222	10.398926	13.054011
10.066952	1.1092708	10.396403	13.025212
10.046681	1.1118481	10.398085	13.025212
10.013936	1.121513	10.398085	13.025212
9.9905472	1.1179693	10.398085	13.041669
9.9640388	1.113459	10.400607	13.041669
9.94065	1.1350439	10.397243	13.049897
9.9219389	1.11958	10.398926	13.045783
9.9001093	1.1266676	10.398085	13.070468
9.8720417	1.1508298	10.398085	13.10338
9.8517714	1.1321443	10.397243	13.049897
9.8221455	1.1269897	10.396403	13.045783
9.7956381	1.127634	10.396403	13.037556
9.7816048	1.1218352	10.396403	13.058125
9.7613344	1.1224796	10.395562	13.029327
9.7285891	1.1360103	10.398926	13.099265
9.709878	1.11958	10.396403	13.078695
9.6849298	1.125379	10.398085	13.06224
9.6568632	1.127634	10.397243	13.078695
9.6350327	1.1083044	10.398085	13.058125
9.6038475	1.1347216	10.397243	13.095152
9.5757809	1.1228017	10.400607	13.066353
9.5539513	1.1166806	10.399766	13.078695
9.5243244	1.1376212	10.396403	13.111608
9.5024948	1.1427758	10.399766	13.111608
9.4713097	1.1257011	10.398926	13.078695
9.4448023	1.1202244	10.399766	13.078695
9.418294	1.1112038	10.399766	13.070468
9.3964643	1.1189357	10.399766	13.115721
9.3652792	1.1131368	10.398926	13.086924
9.3450089	1.1079822	10.398926	13.086924
9.3138237	1.1089487	10.398085	13.111608
9.2888746	1.111526	10.398926	13.095152
9.2654858	1.1028275	10.398085	13.099265
9.2358599	1.1047605	10.398926	13.107493
9.212471	1.1124924	10.398085	13.123949
9.1844034	1.1108817	10.398085	13.082808
9.1610146	1.1221573	10.397243	13.10338
9.1345072	1.1224796	10.396403	13.082808
9.1126776	1.111526	10.398926	13.091037
9.0861692	1.1050828	10.398926	13.111608
9.0596619	1.1205466	10.398085	13.095152
9.036273	1.11958	10.399766	13.115721
9.0097647	1.1321443	10.398085	13.119836
8.9894953	1.1389098	10.398926	13.123949
8.9614277	1.1311779	10.394722	13.152746
8.9349203	1.1327887	10.398926	13.123949
8.9115314	1.1372989	10.397243	13.136292
8.8928204	1.1118481	10.398085	13.123949
8.8725491	1.1211909	10.394722	13.140406
8.8460417	1.1221573	10.396403	13.160975
8.8288898	1.1231239	10.398085	13.148633
8.799264	1.1157141	10.398085	13.136292
8.7789936	1.115392	10.396403	13.123949
8.7556047	1.11958	10.397243	13.160975
8.7322149	1.1286006	10.396403	13.136292
8.7119446	1.1331109	10.397243	13.156861
8.6885557	1.1273119	10.395562	13.160975
8.6698446	1.1366546	10.396403	13.14452
8.6448965	1.1434201	10.395562	13.189774
8.6308622	1.133433	10.397243	13.140406
8.5996771	1.1437422	10.395562	13.160975
8.5762882	1.1247346	10.394722	13.156861
8.5591364	1.1286006	10.396403	13.160975
8.5373058	1.1456752	10.395562	13.160975
8.5217133	1.1395541	10.396403	13.160975
8.4936466	1.1350439	10.39388	13.152746
8.4811726	1.1501855	10.396403	13.173318
8.4546652	1.1537293	10.398085	13.160975
8.4312763	1.1318222	10.395562	13.169203
8.4156828	1.1440644	10.395562	13.189774
8.3938532	1.1488968	10.396403	13.218571
8.3657866	1.1575953	10.394722	13.206229
8.3455162	1.1588839	10.396403	13.206229
8.3314829	1.1476082	10.39388	13.189774
8.3049746	1.161139	10.395562	13.202115
8.289382	1.1582396	10.395562	13.218571
8.2722301	1.1401985	10.396403	13.160975
8.2550783	1.151152	10.39388	13.193887
8.2301302	1.1485747	10.395562	13.210343
8.2114182	1.1385876	10.395562	13.185658
8.1942673	1.1476082	10.39304	13.218571
8.1708775	1.1440644	10.398085	13.218571
8.1630812	1.1360103	10.39388	13.214458
8.1334553	1.1398762	10.39304	13.210343
8.1147442	1.135366	10.398926	13.193887
8.0960331	1.1340773	10.394722	13.218571
8.071084	1.149219	10.395562	13.226799
8.0461359	1.1508298	10.395562	13.210343
8.0352211	1.1637163	10.394722	13.235027
8.0149508	1.1775694	10.394722	13.235027
7.9946804	1.1585617	10.396403	13.226799
7.9775281	1.1656493	10.396403	13.226799
7.9712911	1.1598504	10.394722	13.193887
7.9634953	1.1350439	10.394722	13.193887
7.9494615	1.1527628	10.392199	13.24737
7.9323096	1.1653272	10.39304	13.226799
7.9182758	1.135366	10.39304	13.218571
7.8917685	1.1244124	10.39388	13.235027
7.8855314	1.1427758	10.39388	13.255598
7.8637013	1.1199023	10.391358	13.230914
7.8465495	1.125379	10.39388	13.230914
7.8325157	1.1318222	10.395562	13.239141
7.8106861	1.115392	10.39388	13.239141
7.7950935	1.1228017	10.396403	13.24737
7.776382	1.1360103	10.395562	13.263826
7.7623491	1.1218352	10.39388	13.243255
7.7389598	1.1247346	10.396403	13.24737
7.7202482	1.1453531	10.397243	13.26794
7.6999784	1.1363325	10.394722	13.24737
7.682826	1.1376212	10.394722	13.272054
7.664115	1.1456752	10.396403	13.235027
7.6407261	1.1440644	10.395562	13.255598
7.6251335	1.1469638	10.395562	13.251483
7.6064219	1.1450309	10.395562	13.263826
7.5830326	1.1472861	10.394722	13.284395
7.5658813	1.1456752	10.394722	13.255598
7.5456104	1.1363325	10.397243	13.276167
7.5206618	1.1308557	10.395562	13.255598
7.500392	1.1421314	10.396403	13.255598
7.4957137	1.1327887	10.396403	13.243255
7.4723248	1.1331109	10.39304	13.292624
7.4629693	1.1427758	10.394722	13.276167
7.4349022	1.1305336	10.395562	13.263826
7.4255466	1.127634	10.394722	13.280282
7.39748	1.1408428	10.394722	13.28851
7.3834462	1.1434201	10.396403	13.284395
7.3709722	1.1363325	10.395562	13.292624
7.336668	1.1311779	10.395562	13.255598
7.3319907	1.1385876	10.397243	13.28851
7.3070421	1.1427758	10.395562	13.284395
7.288331	1.1385876	10.395562	13.28851
7.2696199	1.1453531	10.395562	13.333763
7.2571459	1.1321443	10.396403	13.296738
7.2384343	1.1321443	10.394722	13.300852
7.2197232	1.1421314	10.395562	13.304966
7.1978936	1.1372989	10.395562	13.317307
7.1745043	1.1350439	10.394722	13.300852
7.1589112	1.1427758	10.396403	13.300852
7.1402001	1.1517963	10.395562	13.313194
7.1308446	1.1508298	10.394722	13.32965
7.1058965	1.1559844	10.394722	13.321423
7.0887446	1.1563066	10.39388	13.296738
7.066915	1.1617833	10.39388	13.325536
7.051322	1.1534071	10.394722	13.300852
7.0341697	1.1543736	10.39388	13.300852
7.0138998	1.1501855	10.392199	13.292624
7.0014257	1.1498634	10.39388	13.321423
6.9842734	1.1521184	10.39304	13.300852
6.9577661	1.1440644	10.39388	13.28851
6.945292	1.1479304	10.394722	13.317307
6.9328175	1.1411649	10.39388	13.313194
6.9078693	1.1305336	10.395562	13.321423
6.8985138	1.1418092	10.395562	13.325536
6.8766842	1.1418092	10.39388	13.321423
6.8579726	1.1521184	10.39388	13.333763
6.8454986	1.1621056	10.397243	13.337878
6.823669	1.1543736	10.396403	13.309079
6.8065166	1.1685488	10.39388	13.366675
6.7940426	1.1727369	10.396403	13.333763
6.775331	1.1688709	10.39388	13.325536
6.7644167	1.1685488	10.394722	13.35022
6.7394681	1.1708039	10.395562	13.362562
6.726994	1.1627499	10.39388	13.32965
6.71452	1.1521184	10.394722	13.341991
6.6989274	1.156951	10.395562	13.358448
6.6817751	1.1543736	10.394722	13.346107
6.663064	1.1514741	10.39388	13.366675
6.647471	1.1476082	10.394722	13.341991
6.6303196	1.1327887	10.39388	13.309079
6.6194043	1.1401985	10.39388	13.35022
6.5975742	1.1298892	10.39388	13.333763
6.5835414	1.1405206	10.394722	13.354335
6.5757446	1.1505077	10.394722	13.379019
6.5523558	1.1476082	10.39388	13.358448
6.5352035	1.153085	10.395562	13.346107
6.5211706	1.1440644	10.392199	13.337878
6.5102553	1.1430979	10.39388	13.366675
6.4946628	1.151152	10.39304	13.366675
6.4759517	1.1498634	10.39304	13.35022
6.4634771	1.1505077	10.39304	13.366675
6.4494443	1.1372989	10.39388	13.362562
6.4307327	1.1411649	10.39388	13.362562
6.426055	1.1289227	10.392199	13.37079
6.4104619	1.1286006	10.39304	13.37079
6.3917508	1.1263454	10.39388	13.35022
6.3792768	1.1315	10.39388	13.379019
6.3668027	1.1327887	10.39388	13.366675
6.3496509	1.1398762	10.39388	13.387247
6.3340583	1.1469638	10.394722	13.362562
6.323143	1.1479304	10.394722	13.403703
6.3137875	1.159206	10.394722	13.39136
6.2950764	1.1714482	10.39388	13.383132
6.2779245	1.1617833	10.392199	13.39136
6.2670093	1.1517963	10.39304	13.383132
6.2576537	1.1662936	10.39304	13.403703
6.2420611	1.163072	10.39388	13.399588
6.2280278	1.1482525	10.39304	13.366675
6.2124352	1.1559844	10.392199	13.395474
6.1952829	1.1559844	10.391358	13.440728
6.1859274	1.1482525	10.394722	13.39136
6.1750126	1.1414871	10.39388	13.387247
6.1516232	1.1379433	10.39388	13.379019
6.1453862	1.1398762	10.392199	13.395474
6.1282349	1.1408428	10.39304	13.383132
6.1142011	1.1363325	10.39388	13.379019
6.1001678	1.1540514	10.394722	13.424273
6.0908122	1.1469638	10.39304	13.428387
6.0752196	1.149219	10.394722	13.407816
6.0674229	1.1643606	10.39304	13.411931
6.0471525	1.1717705	10.39304	13.4325
6.0362372	1.1675823	10.39388	13.420158
6.0222044	1.1711261	10.39388	13.420158
6.0066118	1.1711261	10.39304	13.403703
5.9910188	1.1627499	10.39304	13.4325
5.9816632	1.1653272	10.39304	13.411931
5.9676294	1.1604947	10.395562	13.407816
5.9551554	1.1566287	10.39388	13.424273
5.944241	1.1598504	10.39304	13.453071
5.9317665	1.1566287	10.391358	13.424273
5.9192924	1.1724148	10.392199	13.440728
5.9083781	1.1785358	10.39388	13.440728
5.8990221	1.1653272	10.392199	13.403703
5.880311	1.1740255	10.39388	13.4325
5.8693957	1.1772472	10.392199	13.428387
5.8553629	1.1749921	10.391358	13.453071
5.8475661	1.1749921	10.392199	13.424273
5.8413291	1.1791801	10.39304	13.416044
5.8241773	1.1582396	10.392199	13.407816
5.816381	1.155018	10.390517	13.4325
5.8101435	1.1708039	10.391358	13.444843
5.7898736	1.1572731	10.39304	13.436615
5.7820768	1.1479304	10.391358	13.420158
5.7696028	1.1405206	10.392199	13.4325
5.7680435	1.1508298	10.39304	13.4325
5.7508917	1.1411649	10.391358	13.428387
5.7352986	1.1479304	10.39304	13.453071
5.7306213	1.1701596	10.391358	13.461299
5.7150288	1.1501855	10.391358	13.420158
5.6994357	1.1501855	10.39388	13.4325
5.6947579	1.1488968	10.39388	13.465412
5.6854019	1.1440644	10.391358	13.448956
5.6698093	1.153085	10.39304	13.469527
5.6542168	1.1572731	10.395562	13.453071
5.6464205	1.1514741	10.392199	13.477756
5.6308279	1.1382655	10.39304	13.428387
5.6136756	1.1398762	10.392199	13.457184
5.6058798	1.1356882	10.392199	13.461299
5.598083	1.1440644	10.39388	13.469527
5.5871682	1.1517963	10.391358	13.481869
5.5684571	1.1427758	10.391358	13.453071
5.5606604	1.1447088	10.392199	13.465412
5.549746	1.161139	10.391358	13.494211
5.5341535	1.1505077	10.391358	13.461299
5.5279164	1.1575953	10.391358	13.490096
5.5154419	1.1720926	10.391358	13.510667
5.5045271	1.1653272	10.39304	13.461299
5.4873753	1.1627499	10.391358	13.481869
5.482697	1.1720926	10.390517	13.494211
5.4655457	1.1621056	10.392199	13.47364
5.4546304	1.1575953	10.392199	13.47364
5.4405971	1.1708039	10.39304	13.485983
5.4328012	1.1624277	10.391358	13.477756
5.4187675	1.1653272	10.391358	13.490096
5.4094119	1.1485747	10.39388	13.469527
5.3969374	1.1585617	10.391358	13.485983
5.3891416	1.163072	10.391358	13.518895
5.3704305	1.1501855	10.39304	13.485983
5.3595152	1.1543736	10.391358	13.485983
5.3501596	1.1456752	10.392199	13.461299
5.3423634	1.1595283	10.392199	13.514781
5.3298893	1.159206	10.392199	13.490096
5.3205338	1.1679045	10.39388	13.490096
5.3096185	1.159206	10.394722	13.485983
5.2955852	1.155018	10.391358	13.481869
5.2893481	1.1685488	10.389676	13.498324
5.2768741	1.1682266	10.392199	13.490096
5.2628403	1.1653272	10.392199	13.47364
5.2566032	1.1598504	10.39304	13.465412
5.2410107	1.1640385	10.391358	13.498324
5.2347736	1.1637163	10.392199	13.494211
5.2191811	1.1724148	10.391358	13.543579
5.2082663	1.1582396	10.39388	13.494211
5.1957922	1.1566287	10.392199	13.514781
5.1879954	1.1563066	10.392199	13.485983
5.1801996	1.1472861	10.391358	13.514781
5.1724029	1.1501855	10.391358	13.490096
5.1583695	1.1517963	10.391358	13.490096
5.1458955	1.1640385	10.391358	13.506553
5.142777	1.1656493	10.392199	13.510667
5.1287432	1.151152	10.390517	13.485983
5.1225061	1.1669379	10.39388	13.535352
5.1084728	1.1766028	10.391358	13.539465
5.1022358	1.1733812	10.392199	13.531237
5.0928802	1.1704818	10.392199	13.518895
5.0772877	1.1572731	10.391358	13.510667
5.0726094	1.1582396	10.389676	13.523008
5.0570173	1.1537293	10.391358	13.514781
5.046102	1.1559844	10.391358	13.527123
5.0367465	1.1434201	10.392199	13.510667
5.033628	1.1414871	10.389676	13.539465
5.0211539	1.1418092	10.39304	13.510667
5.0102391	1.1527628	10.39304	13.523008
5.0008836	1.1447088	10.391358	13.506553
4.9946465	1.1376212	10.39388	13.523008
4.9837313	1.1482525	10.392199	13.535352
4.9728169	1.1559844	10.391358	13.535352
4.9587831	1.1598504	10.388836	13.551807
4.9556646	1.1733812	10.390517	13.564149
4.9494276	1.1962548	10.392199	13.560036
4.933835	1.1875564	10.390517	13.535352
4.9291573	1.182724	10.388836	13.543579
4.918242	1.1753142	10.392199	13.510667
4.9073277	1.1714482	10.391358	13.518895
4.9026494	1.1856234	10.389676	13.551807
4.8854976	1.1708039	10.390517	13.543579
4.8777013	1.178858	10.391358	13.551807
4.8667865	1.1746699	10.392199	13.551807
4.8621082	1.1543736	10.391358	13.535352
4.8480754	1.1633942	10.391358	13.539465
4.8387198	1.1695153	10.39304	13.518895
4.8371606	1.1685488	10.39304	13.564149
4.8246861	1.1743478	10.390517	13.588833
4.8137712	1.1717705	10.391358	13.551807
4.805975	1.1691931	10.391358	13.564149
4.8044157	1.1859456	10.389676	13.58472
4.7888231	1.1778915	10.391358	13.580605
4.7841454	1.1875564	10.392199	13.564149
4.7716713	1.1749921	10.392199	13.539465
4.7669935	1.1682266	10.391358	13.543579
4.754519	1.188845	10.391358	13.560036
4.7420449	1.1914223	10.390517	13.560036
4.7404857	1.1740255	10.390517	13.568264
4.7311301	1.1817575	10.391358	13.560036
4.7186561	1.1817575	10.389676	13.580605
4.7093005	1.156951	10.392199	13.555921
4.7046227	1.1621056	10.389676	13.568264
4.6983852	1.1579174	10.391358	13.551807
4.6812334	1.1453531	10.391358	13.543579
4.6765556	1.1546957	10.391358	13.572377
4.6734371	1.1604947	10.391358	13.555921
4.6625223	1.1659715	10.390517	13.568264
4.6562853	1.1556623	10.392199	13.555921
4.6469297	1.1601726	10.391358	13.555921
4.6360145	1.1743478	10.392199	13.572377
4.6250997	1.1553401	10.388836	13.551807
4.6204219	1.1653272	10.389676	13.580605
4.6095071	1.1766028	10.391358	13.576491
4.6048298	1.1820797	10.392199	13.613517
4.5939145	1.1646829	10.392199	13.576491
4.5876775	1.1720926	10.391358	13.58472
4.5752034	1.1817575	10.390517	13.597061
4.5720849	1.1711261	10.391358	13.617632
4.5627294	1.1785358	10.392199	13.580605
4.5549331	1.1840127	10.390517	13.580605
4.5518146	1.1711261	10.392199	13.580605
4.5346622	1.1737034	10.39304	13.572377
4.5253067	1.159206	10.389676	13.580605
4.5253067	1.1456752	10.392199	13.568264
4.5112734	1.151152	10.391358	13.58472
4.5097141	1.1566287	10.391358	13.588833
4.4956808	1.1575953	10.391358	13.560036
4.4941216	1.1495411	10.389676	13.576491
4.4863253	1.155018	10.390517	13.588833
4.47541	1.1495411	10.392199	13.568264
4.4676137	1.1427758	10.391358	13.580605
4.4582582	1.1527628	10.391358	13.605289
4.4551396	1.1559844	10.392199	13.601176
4.4442248	1.1517963	10.389676	13.58472
4.4442248	1.1685488	10.392199	13.588833
4.4317508	1.1566287	10.392199	13.580605
4.4223952	1.1524407	10.392199	13.601176
4.4145985	1.1575953	10.391358	13.580605
4.4083614	1.1598504	10.391358	13.605289
4.4052429	1.1843348	10.391358	13.646429
4.3974466	1.1743478	10.391358	13.58472
4.3865318	1.1524407	10.39304	13.601176
4.3740578	1.1791801	10.391358	13.601176
4.3662615	1.1659715	10.389676	13.601176
4.3647022	1.1737034	10.391358	13.605289
4.3522277	1.1904559	10.388836	13.609404
4.3459907	1.1733812	10.390517	13.621745
4.3444314	1.1766028	10.389676	13.629973
4.3350763	1.1679045	10.391358	13.605289
4.3288393	1.1604947	10.388836	13.629973
4.321043	1.1653272	10.391358	13.62586
4.314806	1.1559844	10.39304	13.588833
4.3038907	1.153085	10.390517	13.58472
4.3023314	1.1659715	10.391358	13.638202
4.2898574	1.1582396	10.390517	13.634088
4.2867389	1.1778915	10.391358	13.629973
4.2742648	1.1930332	10.391358	13.629973
4.269587	1.1849791	10.390517	13.621745
4.2586722	1.1904559	10.389676	13.642316
4.2617908	1.2014095	10.390517	13.62586
4.247757	1.1914223	10.389676	13.609404
4.2399607	1.180791	10.390517	13.588833
4.2337236	1.1814353	10.390517	13.613517
4.2259274	1.1843348	10.391358	13.646429
4.2259274	1.153085	10.390517	13.62586
4.2181311	1.1556623	10.391358	13.638202
4.2040977	1.1714482	10.389676	13.642316
4.2009792	1.1643606	10.389676	13.646429
4.1947422	1.1585617	10.391358	13.617632
4.1869454	1.1769251	10.391358	13.642316
4.1807084	1.1711261	10.389676	13.621745
4.1807084	1.1685488	10.389676	13.62586
4.1697936	1.1662936	10.390517	13.629973
4.1604381	1.1772472	10.392199	13.662886
4.1557603	1.1691931	10.390517	13.629973
4.1448455	1.1733812	10.389676	13.629973
4.1448455	1.1885229	10.389676	13.658772
4.1370492	1.1682266	10.389676	13.634088
4.1308122	1.1685488	10.39304	13.629973
4.1230154	1.1730591	10.388836	13.642316
4.1152191	1.156951	10.388836	13.642316
4.1121006	1.1488968	10.388836	13.654657
4.1043048	1.1434201	10.390517	13.62586
4.0980678	1.1405206	10.391358	13.654657
4.0902715	1.1505077	10.388836	13.650544
4.0824747	1.1514741	10.391358	13.642316
4.0809155	1.1604947	10.388836	13.650544
4.0715599	1.1756364	10.389676	13.638202
4.0622044	1.1675823	10.390517	13.629973
4.0559673	1.1743478	10.391358	13.646429
4.0590858	1.1708039	10.391358	13.638202
4.048171	1.1791801	10.391358	13.646429
4.0325785	1.1801467	10.391358	13.675228
4.0310192	1.1878786	10.390517	13.646429
4.02946	1.1759585	10.391358	13.629973
4.0216632	1.1714482	10.389676	13.667
4.0123076	1.1595283	10.389676	13.638202
4.0076299	1.1775694	10.389676	13.662886
4.0013928	1.1575953	10.391358	13.667
3.990478	1.1546957	10.392199	13.679341
3.990478	1.153085	10.391358	13.654657
3.9811225	1.1440644	10.389676	13.650544
3.9764445	1.1453531	10.391358	13.667
3.9748852	1.1563066	10.387995	13.654657
3.9639704	1.1585617	10.390517	13.658772
3.9577334	1.1737034	10.388836	13.68757
3.9592927	1.1691931	10.39304	13.667
3.9468184	1.1675823	10.389676	13.662886
3.9359035	1.1782137	10.390517	13.662886
3.9359035	1.178858	10.391358	13.662886
3.9281073	1.1804688	10.391358	13.675228
3.9234295	1.1798245	10.391358	13.634088
3.9187517	1.1685488	10.389676	13.642316
3.9187517	1.1682266	10.388836	13.667
3.9047182	1.1785358	10.390517	13.691685
3.8984811	1.1875564	10.391358	13.683456
3.8922441	1.180791	10.390517	13.671113
3.8891256	1.1627499	10.389676	13.650544
3.8813295	1.1714482	10.389676	13.704025
3.8766515	1.1749921	10.390517	13.691685
3.873533	1.1753142	10.389676	13.712254
3.8657367	1.180791	10.388836	13.695798
3.861059	1.1875564	10.390517	13.699912
3.8579404	1.1688709	10.391358	13.679341
3.8485847	1.1679045	10.389676	13.683456
3.8470254	1.1817575	10.390517	13.704025
3.8392291	1.1862677	10.389676	13.683456
3.8376698	1.1882007	10.389676	13.683456
3.820518	1.1798245	10.391358	13.654657
3.8283143	1.1833683	10.390517	13.679341
3.8220773	1.1830461	10.390517	13.691685
3.81584	1.1811131	10.387995	13.704025
3.8033659	1.1914223	10.390517	13.695798
3.8002474	1.1972213	10.390517	13.68757
3.7940104	1.1714482	10.389676	13.650544
3.7924511	1.1588839	10.388836	13.695798
3.7862139	1.1817575	10.389676	13.712254
3.7799768	1.1679045	10.387995	13.679341
3.7768583	1.1621056	10.389676	13.695798
3.7737398	1.1688709	10.388836	13.683456
3.762825	1.1791801	10.390517	13.732824
3.756588	1.1637163	10.390517	13.679341
3.7550285	1.1559844	10.390517	13.675228
3.7441137	1.1521184	10.392199	13.667
3.7456729	1.1672602	10.39304	13.68757
3.7409952	1.1679045	10.389676	13.699912
3.7300804	1.1646829	10.391358	13.695798
3.7285211	1.1724148	10.389676	13.70814
3.7222838	1.1688709	10.387995	13.695798
3.7160468	1.1534071	10.391358	13.68757
3.7082505	1.1582396	10.390517	13.675228
3.7020135	1.163072	10.388836	13.704025
3.705132	1.1711261	10.390517	13.683456
3.6973357	1.1447088	10.390517	13.679341
3.6895392	1.1733812	10.389676	13.716369
3.6864207	1.1714482	10.392199	13.720482
3.6801836	1.1737034	10.388836	13.724597
3.6755061	1.1801467	10.389676	13.70814
3.6723876	1.1968992	10.388836	13.720482
3.6661506	1.1975435	10.388836	13.72871
3.6599135	1.1849791	10.389676	13.699912
3.656795	1.1898116	10.388836	13.716369
3.64588	1.1959326	10.391358	13.732824
3.64588	1.1856234	10.389676	13.716369
3.6412022	1.1885229	10.388836	13.736938
3.6380837	1.180791	10.388836	13.704025
3.6271689	1.1801467	10.389676	13.724597
3.6271689	1.1766028	10.390517	13.68757
3.6209316	1.1672602	10.389676	13.68757
3.6178131	1.1869121	10.388836	13.70814
3.6100168	1.1746699	10.389676	13.704025
3.6084576	1.1769251	10.389676	13.720482
3.6022205	1.1920667	10.387995	13.716369
3.599102	1.1679045	10.388836	13.70814
3.5928648	1.1714482	10.389676	13.70814
3.5850685	1.1766028	10.387995	13.70814
3.5803907	1.1714482	10.389676	13.72871
3.5866277	1.1801467	10.388836	13.716369
3.5772722	1.1749921	10.389676	13.736938
3.5710351	1.1756364	10.389676	13.724597
3.5663574	1.1659715	10.390517	13.720482
3.5616794	1.1608169	10.389676	13.753394
3.5570016	1.1659715	10.390517	13.732824
3.5570016	1.1617833	10.388836	13.736938
3.547646	1.1662936	10.389676	13.720482
3.5429683	1.161139	10.389676	13.72871
3.5320535	1.1766028	10.391358	13.724597
3.535172	1.1869121	10.391358	13.72871
3.5289347	1.1911002	10.388836	13.749281
3.5258162	1.2072084	10.391358	13.749281
3.5211384	1.2094635	10.389676	13.741053
3.5195792	1.2149403	10.387995	13.765737
3.5117829	1.2081748	10.390517	13.72871
3.4993086	1.1730591	10.389676	13.704025
3.5055459	1.1701596	10.389676	13.70814
3.4961901	1.1559844	10.391358	13.716369
3.4977493	1.1662936	10.388836	13.765737
3.4961901	1.1637163	10.389676	13.712254
3.4852753	1.1527628	10.388836	13.736938
3.4930716	1.1617833	10.390517	13.72871
3.7144876	1.1466417	10.382109	13.724597
3.5554423	1.1595283	10.372859	13.761622
3.6708283	1.165005	10.378745	13.745166
3.6552355	1.1659715	10.377904	13.749281
3.6723876	1.1804688	10.378745	13.76985
3.6645913	1.194644	10.378745	13.790421
3.6817429	1.1769251	10.38295	13.761622
3.6692691	1.1749921	10.38295	13.782193
3.6926577	1.1746699	10.386312	13.749281
3.6723876	1.1801467	10.387995	13.749281
3.6786244	1.1769251	10.387995	13.753394
3.6614728	1.1704818	10.388836	13.76985
3.6614728	1.1698375	10.388836	13.765737
3.6599135	1.1737034	10.389676	13.773965
3.6474392	1.151152	10.390517	13.761622
3.64588	1.1708039	10.388836	13.806877
3.6318467	1.1833683	10.389676	13.790421
3.6256096	1.1730591	10.390517	13.761622
3.6162539	1.1882007	10.390517	13.786306
3.6084576	1.192711	10.391358	13.782193
3.5975428	1.1901337	10.392199	13.773965
3.5944242	1.1952883	10.391358	13.786306
3.5897462	1.1778915	10.390517	13.782193
3.5803907	1.18659	10.390517	13.786306
3.5632389	1.1775694	10.389676	13.736938
3.5632389	1.1711261	10.391358	13.765737
3.5538831	1.188845	10.389676	13.782193
3.5492053	1.182724	10.391358	13.765737
3.5382905	1.1859456	10.389676	13.790421
3.5320535	1.1943219	10.390517	13.819219
3.5242569	1.1811131	10.390517	13.794534
3.5164607	1.1956105	10.390517	13.835674
3.5102236	1.1617833	10.392199	13.786306
3.4977493	1.1656493	10.390517	13.798649
3.4915123	1.1601726	10.390517	13.778078
3.4852753	1.1633942	10.389676	13.802762
3.4774792	1.1675823	10.39304	13.782193
3.4774792	1.1653272	10.391358	13.798649
3.4634459	1.1759585	10.391358	13.782193
3.4618864	1.1762807	10.390517	13.798649
3.4525309	1.1962548	10.389676	13.806877
3.4431753	1.2046311	10.391358	13.786306
3.4384975	1.1988322	10.389676	13.802762
3.4384975	1.2065641	10.391358	13.794534
3.435379	1.2023759	10.388836	13.778078
3.4166677	1.196577	10.389676	13.794534
3.4151084	1.1772472	10.390517	13.773965
3.4057529	1.188845	10.390517	13.794534
3.4041936	1.1730591	10.389676	13.798649
3.3979564	1.1659715	10.390517	13.790421
3.3979564	1.1617833	10.390517	13.786306
3.3886008	1.149219	10.389676	13.778078
3.377686	1.1656493	10.389676	13.802762
3.3792453	1.1566287	10.388836	13.786306
3.371449	1.1595283	10.388836	13.790421
3.3730083	1.1801467	10.390517	13.798649
3.3636525	1.182724	10.391358	13.815105
3.3574154	1.1894894	10.391358	13.81099
3.3558562	1.1817575	10.392199	13.786306
3.3574154	1.1775694	10.390517	13.794534
3.3480599	1.192711	10.389676	13.81099
3.3433821	1.1691931	10.391358	13.798649
3.3402636	1.1891673	10.391358	13.802762
3.3402636	1.1981878	10.388836	13.856245
3.3293486	1.1975435	10.389676	13.819219
3.3324671	1.1791801	10.388836	13.802762
3.3215523	1.1756364	10.389676	13.819219
3.3168745	1.1775694	10.389676	13.839789
3.3121967	1.1695153	10.389676	13.802762
3.3106375	1.1682266	10.389676	13.794534
3.2997224	1.165005	10.388836	13.798649
3.2950449	1.1737034	10.389676	13.823333
3.2997224	1.1646829	10.389676	13.802762
3.2934856	1.1669379	10.389676	13.798649
3.2841301	1.1659715	10.388836	13.81099
3.2794523	1.1814353	10.388836	13.819219
3.2810116	1.1962548	10.391358	13.790421
3.2794523	1.2004429	10.391358	13.81099
3.271656	1.1988322	10.389676	13.819219
3.2638595	1.1920667	10.389676	13.815105
3.2638595	1.196577	10.387995	13.823333
3.2623003	1.1939996	10.391358	13.81099
3.2560632	1.1772472	10.388836	13.839789
3.2451484	1.1833683	10.388836	13.835674
3.2498262	1.196577	10.387995	13.864473
3.2482669	1.1849791	10.388836	13.806877
3.2342334	1.1695153	10.388836	13.794534
3.2311149	1.1820797	10.388836	13.819219
3.2326741	1.2017316	10.388836	13.852131
3.2279963	1.1878786	10.387154	13.864473
3.2248778	1.1756364	10.388836	13.823333
3.2202001	1.1724148	10.387995	13.815105
3.2170815	1.1856234	10.388836	13.831561
3.2155223	1.1717705	10.386312	13.848017
3.2108445	1.1656493	10.388836	13.823333
3.2046072	1.1795024	10.391358	13.81099
3.203048	1.1824018	10.388836	13.831561
3.1999295	1.1875564	10.389676	13.827446
3.1983702	1.1988322	10.388836	13.819219
3.1905739	1.2088192	10.390517	13.835674
3.1921332	1.2117187	10.387154	13.827446
3.1827776	1.216229	10.388836	13.827446
3.1874554	1.2171954	10.387154	13.827446
3.1796591	1.1869121	10.391358	13.81099
3.1749811	1.1859456	10.391358	13.831561
3.1734219	1.1778915	10.389676	13.81099
3.1687441	1.1882007	10.390517	13.835674
3.1703033	1.1840127	10.388836	13.823333
3.1718626	1.1801467	10.386312	13.852131
3.1578293	1.2039868	10.388836	13.848017
3.1531515	1.2097857	10.388836	13.835674
3.1547108	1.2094635	10.389676	13.848017
3.1515923	1.1985099	10.390517	13.852131
3.143796	1.1968992	10.391358	13.848017
3.139118	1.1840127	10.392199	13.831561
3.1453552	1.1730591	10.387154	13.860358
3.1375587	1.1843348	10.388836	13.848017
3.1359994	1.1939996	10.389676	13.848017
3.1313217	1.1814353	10.388836	13.823333
3.1297624	1.1849791	10.387154	13.868587
3.1172886	1.1968992	10.388836	13.860358
3.1235254	1.2065641	10.387995	13.852131
3.1188478	1.1914223	10.390517	13.839789
3.1141701	1.1923889	10.387154	13.864473
3.1141701	1.1904559	10.387995	13.852131
3.103255	1.178858	10.387995	13.835674
3.1048143	1.1759585	10.388836	13.856245
3.1001365	1.1756364	10.387995	13.839789
3.1001365	1.1840127	10.388836	13.843903
3.0923402	1.1872343	10.389676	13.843903
3.0923402	1.1869121	10.387995	13.856245
3.0829847	1.1891673	10.389676	13.843903
3.0923402	1.1801467	10.389676	13.827446
3.0845439	1.1856234	10.391358	13.843903
3.0829847	1.1952883	10.388836	13.868587
3.0829847	1.2004429	10.390517	13.827446
3.0705104	1.1843348	10.387154	13.815105
3.0751884	1.2023759	10.387995	13.852131
3.0627141	1.2043089	10.387995	13.860358
3.0673919	1.2014095	10.390517	13.860358
3.0627141	1.2072084	10.389676	13.848017
3.0642734	1.1856234	10.389676	13.827446
3.0517993	1.2033424	10.388836	13.843903
3.0517993	1.1956105	10.387154	13.843903
3.0549178	1.2004429	10.389676	13.860358
3.0455623	1.2017316	10.389676	13.885042
3.0486808	1.1949662	10.387154	13.852131
3.0486808	1.190778	10.389676	13.839789
3.0377657	1.1659715	10.388836	13.843903
3.0362065	1.1759585	10.389676	13.864473
3.0315287	1.1920667	10.389676	13.876815
3.0346472	1.1914223	10.388836	13.864473
3.0299695	1.1917446	10.391358	13.856245
3.0268509	1.1811131	10.387995	13.827446
3.0237324	1.1914223	10.388836	13.864473
3.0206139	1.1962548	10.387995	13.868587
3.0159361	1.182724	10.388836	13.876815
3.0159361	1.2010872	10.388836	13.876815
3.0112581	1.2052754	10.389676	13.860358
3.0096989	1.192711	10.387995	13.843903
3.0034618	1.1804688	10.389676	13.876815
3.0034618	1.1833683	10.391358	13.827446
2.9941063	1.1811131	10.391358	13.831561
2.9987841	1.1833683	10.389676	13.864473
2.9987841	1.1749921	10.387154	13.864473
2.9956656	1.1875564	10.388836	13.885042
2.98631	1.1930332	10.389676	13.872702
2.9847507	1.1830461	10.387995	13.872702
2.9800727	1.1898116	10.387995	13.848017
2.9785135	1.1778915	10.388836	13.843903
2.9800727	1.1772472	10.390517	13.827446
2.9738357	1.1633942	10.388836	13.872702
2.9675987	1.1614612	10.388836	13.864473
2.9785135	1.1743478	10.387995	13.872702
2.9707172	1.1849791	10.387154	13.868587
2.9660394	1.2014095	10.387995	13.905614
2.9629209	1.2136517	10.387995	13.905614
2.9582431	1.2010872	10.388836	13.868587
2.9566839	1.2120408	10.387995	13.868587
2.9520063	1.2052754	10.389676	13.876815
2.9582431	1.2139738	10.389676	13.913841
2.9473286	1.1956105	10.388836	13.864473
2.9488878	1.18659	10.386312	13.897386
2.9488878	1.178858	10.387154	13.880929
2.9442101	1.1698375	10.389676	13.868587
2.9442101	1.1601726	10.386312	13.876815
2.9426506	1.1553401	10.388836	13.868587
2.9410913	1.1720926	10.387995	13.856245
2.9364135	1.1778915	10.388836	13.872702
2.9301765	1.1894894	10.388836	13.868587
2.9301765	1.1978656	10.388836	13.876815
2.927058	1.1885229	10.390517	13.827446
2.9239395	1.2017316	10.388836	13.876815
2.9177024	1.1836904	10.387995	13.831561
2.9177024	1.1975435	10.387995	13.876815
2.9177024	1.1985099	10.388836	13.876815
2.9161432	1.1833683	10.389676	13.872702
2.9114652	1.1920667	10.387154	13.913841
2.9161432	1.1730591	10.388836	13.876815
2.9083467	1.1856234	10.388836	13.872702
2.9021096	1.1817575	10.387995	13.868587
2.8989911	1.180791	10.389676	13.889157
2.9005504	1.194644	10.389676	13.880929
2.9005504	1.1740255	10.387995	13.852131
2.8896356	1.1933553	10.388836	13.868587
2.8896356	1.1859456	10.387154	13.876815
2.8911948	1.1843348	10.387995	13.89327
2.8896356	1.2014095	10.391358	13.885042
2.8849578	1.2007651	10.390517	13.897386
2.8818393	1.2010872	10.389676	13.880929
2.8771613	1.1962548	10.387154	13.889157
2.8740427	1.2075305	10.388836	13.89327
2.8740427	1.2052754	10.387995	13.913841
2.875602	1.1749921	10.388836	13.876815
2.8724835	1.188845	10.389676	13.89327
2.875602	1.1811131	10.387995	13.872702
2.8662465	1.1753142	10.388836	13.917954
2.8631279	1.1704818	10.388836	13.864473
2.8646872	1.1843348	10.389676	13.876815
2.8600094	1.1791801	10.389676	13.872702
2.8600094	1.1704818	10.390517	13.868587
2.8506539	1.1878786	10.388836	13.880929
2.8568909	1.1962548	10.387995	13.909727
2.8537724	1.2094635	10.388836	13.909727
2.8475351	1.1914223	10.387995	13.876815
2.8475351	1.1824018	10.387995	13.876815
2.8412981	1.1849791	10.389676	13.864473
2.8475351	1.1762807	10.387154	13.889157
2.8397388	1.1782137	10.389676	13.885042
2.8366203	1.1720926	10.389676	13.876815
2.8350611	1.1672602	10.388836	13.889157
2.828824	1.1869121	10.387154	13.89327
2.8319426	1.1688709	10.388836	13.885042
2.8319426	1.1701596	10.392199	13.876815
2.8241463	1.1859456	10.389676	13.876815
2.828824	1.1869121	10.388836	13.864473
2.8257055	1.1853013	10.389676	13.864473
2.822587	1.1911002	10.387154	13.885042
2.8241463	1.1923889	10.388836	13.92207
2.8210278	1.2026981	10.388836	13.901499
2.8163497	1.1833683	10.388836	13.872702
2.8085535	1.1824018	10.387995	13.864473
2.811672	1.2039868	10.387154	13.934411
2.811672	1.1891673	10.387995	13.864473
2.8069942	1.1708039	10.390517	13.848017
2.8023164	1.180791	10.389676	13.876815
2.8038757	1.1772472	10.390517	13.864473
2.7991979	1.1849791	10.389676	13.876815
2.7960794	1.1801467	10.387995	13.876815
2.7914016	1.1772472	10.387995	13.897386
2.7960794	1.1985099	10.388836	13.930298
2.7914016	1.1949662	10.388836	13.926183
2.7914016	1.1711261	10.388836	13.885042
2.7882833	1.1633942	10.387995	13.901499
2.7820463	1.163072	10.387995	13.901499
2.7789276	1.1749921	10.388836	13.917954
2.7742498	1.1817575	10.389676	13.913841
2.7867241	1.1930332	10.388836	13.930298
2.7789276	1.1988322	10.387995	13.897386
2.775809	1.2059197	10.387995	13.889157
2.7789276	1.2075305	10.387154	13.897386
2.769572	1.2014095	10.387154	13.876815
2.7648942	1.2046311	10.389676	13.909727
2.769572	1.208497	10.387154	13.909727
2.769572	1.1898116	10.387995	13.926183
2.763335	1.1749921	10.385472	13.89327
2.7602165	1.1820797	10.387995	13.901499
2.7664535	1.1817575	10.389676	13.913841
2.7555387	1.180791	10.388836	13.934411
2.7539794	1.178858	10.388836	13.885042
2.7555387	1.1952883	10.388836	13.89327
2.7602165	1.1943219	10.386312	13.880929
2.7493014	1.1856234	10.388836	13.901499
2.7555387	1.2036645	10.389676	13.930298
2.7461829	1.2030202	10.387995	13.905614
2.7477422	1.1972213	10.389676	13.901499
2.7430644	1.1811131	10.387154	13.876815
2.7415051	1.1869121	10.387154	13.897386
2.7368274	1.1901337	10.391358	13.89327
2.7368274	1.1914223	10.388836	13.946754
2.7383866	1.1743478	10.387995	13.89327
2.7352681	1.1798245	10.389676	13.897386
2.7352681	1.188845	10.387154	13.913841
2.7368274	1.1749921	10.388836	13.934411
2.7321496	1.1882007	10.388836	13.909727
2.7290311	1.1882007	10.388836	13.897386
2.7227941	1.188845	10.388836	13.876815
2.718116	1.2049532	10.388836	13.909727
2.7196755	1.1923889	10.388836	13.89327
2.7227941	1.192711	10.388836	13.89327
2.7134383	1.1830461	10.389676	13.885042
2.718116	1.1772472	10.388836	13.89327
2.718116	1.1772472	10.389676	13.876815
2.711879	1.1714482	10.388836	13.889157
2.711879	1.1901337	10.387154	13.901499
2.711879	1.1849791	10.391358	13.917954
2.7040827	1.1775694	10.387995	13.926183
2.7072012	1.1814353	10.390517	13.92207
2.705642	1.1898116	10.389676	13.946754
2.7025235	1.1943219	10.388836	13.92207
2.699405	1.178858	10.387154	13.89327
2.6978457	1.2023759	10.387995	13.934411
2.6962864	1.2023759	10.388836	13.913841
2.6853714	1.1943219	10.389676	13.901499
2.6916087	1.1746699	10.387154	13.876815
2.6884902	1.1997986	10.387154	13.950867
2.6869307	1.2091414	10.389676	13.934411
2.6916087	1.2055975	10.389676	13.950867
2.6869307	1.2107521	10.387995	13.913841
2.6884902	1.2149403	10.387154	13.959095
2.6791344	1.2155846	10.386312	13.901499
2.6791344	1.1997986	10.389676	13.897386
2.6822529	1.1717705	10.388836	13.885042
2.6744566	1.1869121	10.390517	13.934411
2.6791344	1.1817575	10.388836	13.930298
2.6744566	1.182724	10.388836	13.950867
2.6728973	1.1762807	10.387995	13.901499
2.6666603	1.1811131	10.387995	13.926183
2.6713381	1.1901337	10.387995	13.897386
2.6728973	1.1704818	10.387995	13.909727
2.6697788	1.182724	10.389676	13.934411
2.6635418	1.1930332	10.388836	13.930298
2.6604233	1.1949662	10.387995	13.92207
2.6619825	1.188845	10.387154	13.913841
2.6604233	1.1817575	10.388836	13.92207
2.654186	1.192711	10.388836	13.897386
2.658864	1.196577	10.387995	13.909727
2.654186	1.1952883	10.386312	13.917954
2.6573048	1.2126851	10.387995	13.897386
2.6510675	1.2049532	10.388836	13.905614
2.654186	1.2159067	10.390517	13.917954
2.6495082	1.190778	10.388836	13.905614
2.6495082	1.1817575	10.387154	13.917954
2.6448305	1.1859456	10.387995	13.942639
2.6448305	1.1869121	10.388836	13.92207
2.641712	1.1804688	10.387154	13.942639
2.641712	1.1682266	10.388836	13.926183
2.6354749	1.1862677	10.389676	13.934411
2.6370342	1.1997986	10.387995	13.946754
2.6323566	1.2001208	10.388836	13.934411
2.6370342	1.21043	10.388836	13.950867
2.6339159	1.224283	10.386312	13.959095
2.6292381	1.216229	10.391358	13.926183
2.6307974	1.2049532	10.387154	13.946754
2.6292381	1.2113965	10.387995	13.942639
2.6276789	1.1968992	10.388836	13.926183
2.6230011	1.1737034	10.387995	13.930298
2.6183231	1.1817575	10.389676	13.926183
2.6167638	1.1759585	10.388836	13.946754
2.6198826	1.1778915	10.387154	13.942639
2.6214418	1.1598504	10.388836	13.930298
2.6214418	1.1875564	10.387995	13.92207
2.6136453	1.1920667	10.387154	13.917954
2.6136453	1.190778	10.388836	13.926183
2.6136453	1.1843348	10.388836	13.909727
2.6136453	1.1994765	10.387154	13.942639
2.6105268	1.1956105	10.391358	13.926183
2.6089675	1.1849791	10.389676	13.917954
2.6089675	1.1882007	10.388836	13.909727
2.6074083	1.2078527	10.387154	13.92207
2.6089675	1.2072084	10.387995	13.950867
2.6042898	1.2113965	10.388836	13.954982
2.599612	1.2136517	10.386312	13.954982
2.5964935	1.2110744	10.388836	13.934411
2.593375	1.216229	10.388836	13.959095
2.5949342	1.1853013	10.389676	13.934411
2.5949342	1.1798245	10.387995	13.926183
2.5949342	1.1956105	10.388836	13.959095
2.593375	1.1814353	10.389676	13.926183
2.5886972	1.1923889	10.387154	13.971437
2.5902565	1.2014095	10.387154	13.938526
2.593375	1.196577	10.387154	13.946754
2.5902565	1.2039868	10.388836	13.954982
2.5902565	1.1923889	10.388836	13.930298
2.5840192	1.1914223	10.392199	13.917954
2.5809007	1.1956105	10.387995	13.942639
2.5871377	1.2081748	10.387154	13.950867
2.5855784	1.1949662	10.387995	13.917954
2.5809007	1.1814353	10.387154	13.938526
2.5793414	1.1901337	10.388836	13.942639
2.5746636	1.1972213	10.387995	13.967323
2.5762229	1.1972213	10.388836	13.946754
2.5715451	1.1962548	10.387995	13.959095
2.5699859	1.1875564	10.387995	13.913841
2.5684266	1.194644	10.389676	13.950867
2.5653081	1.1833683	10.388836	13.92207
2.5715451	1.1749921	10.387154	13.942639
2.5668674	1.1708039	10.388836	13.934411
2.5637488	1.1743478	10.389676	13.942639
2.5590711	1.1817575	10.387995	13.967323
2.5590711	1.190778	10.388836	13.950867
2.5637488	1.2075305	10.387995	13.979666
2.5637488	1.2017316	10.388836	13.917954
2.5559523	1.2197727	10.387995	13.950867
2.5559523	1.2110744	10.388836	13.938526
2.5590711	1.2152624	10.387995	13.954982
2.5559523	1.2023759	10.387154	13.96321
2.5559523	1.2030202	10.387154	13.950867
2.5512745	1.2004429	10.387995	13.954982
2.5528338	1.1875564	10.388836	13.954982
2.5497153	1.1872343	10.387995	13.959095
2.5434783	1.1804688	10.387154	13.950867
2.5434783	1.1801467	10.387995	13.930298
2.5465968	1.1917446	10.387154	13.967323
2.5372412	1.1962548	10.388836	13.959095
2.5388005	1.1972213	10.387995	13.950867
2.541919	1.208497	10.387995	13.971437
2.5403597	1.2188063	10.387995	13.96321
2.5372412	1.2088192	10.387154	13.954982
2.5403597	1.2155846	10.386312	13.954982
2.5388005	1.2229943	10.385472	13.979666
2.5325634	1.2210613	10.387995	13.926183
2.5341227	1.2117187	10.386312	13.942639
2.5294449	1.1985099	10.387995	13.934411
2.5341227	1.2052754	10.388836	13.946754
2.5310042	1.1833683	10.389676	13.950867
2.5278857	1.1714482	10.388836	13.917954
2.5294449	1.1701596	10.387995	13.967323
2.5278857	1.1759585	10.387154	13.954982
2.5294449	1.1785358	10.387154	13.959095
2.5263264	1.1939996	10.387995	13.950867
2.5232077	1.192711	10.388836	13.909727
2.5216484	1.1968992	10.387995	13.942639
2.5232077	1.2113965	10.388836	13.971437
2.5232077	1.2191284	10.387154	13.96321
2.5200891	1.2175176	10.389676	13.946754
2.5169706	1.1988322	10.387154	13.942639
2.5200891	1.188845	10.387154	13.938526
2.5122929	1.1997986	10.386312	13.946754
2.5154114	1.2010872	10.388836	13.954982
2.5091743	1.1914223	10.388836	13.942639
2.5076151	1.1891673	10.388836	13.950867
2.5076151	1.2010872	10.389676	13.975552
2.5091743	1.1869121	10.388836	13.959095
2.5107336	1.180791	10.388836	13.954982
2.5060558	1.1811131	10.387154	13.930298
2.5044966	1.1923889	10.391358	13.959095
2.4982595	1.1891673	10.387154	13.938526
2.5044966	1.2001208	10.387995	13.96321
2.5076151	1.2004429	10.387995	13.96321
2.4998188	1.2010872	10.386312	13.950867
2.4998188	1.2055975	10.388836	13.946754
2.4998188	1.2094635	10.390517	13.946754
2.495141	1.2010872	10.389676	13.950867
2.4935815	1.1981878	10.387995	13.96321
2.4982595	1.18659	10.388836	13.954982
2.4967003	1.1724148	10.391358	13.954982
2.4935815	1.1720926	10.389676	13.992007
2.4873445	1.1714482	10.387995	13.96321
2.4935815	1.1724148	10.387995	13.975552
2.4889038	1.192711	10.387995	13.975552
2.4889038	1.1933553	10.388836	13.971437
2.4857852	1.1885229	10.388836	13.938526
2.4857852	1.178858	10.388836	13.930298
2.4764299	1.2001208	10.386312	14.012578
2.4826667	1.2046311	10.387995	13.983779
2.4795485	1.196577	10.389676	13.967323
2.4764299	1.1956105	10.387995	13.979666
2.4811077	1.1952883	10.388836	13.967323
2.484226	1.2033424	10.387995	13.979666
2.4795485	1.1920667	10.387995	13.954982
2.4795485	1.1911002	10.388836	13.959095
2.4764299	1.1972213	10.387995	13.967323
2.4748707	1.1878786	10.387995	13.971437
2.4764299	1.1975435	10.386312	13.979666
2.4717522	1.178858	10.386312	13.971437
2.4717522	1.1914223	10.388836	13.950867
2.4748707	1.1875564	10.389676	13.938526
2.4748707	1.188845	10.387995	13.959095
2.4701929	1.2020538	10.387154	13.979666
2.4686337	1.2094635	10.388836	13.967323
2.4717522	1.1997986	10.388836	13.971437
2.4670744	1.2107521	10.386312	14.000236
2.4608374	1.1933553	10.387154	13.992007
2.4670744	1.1804688	10.387154	13.954982
2.4592781	1.1814353	10.387995	13.946754
2.4655151	1.1820797	10.387995	13.967323
2.4577188	1.1962548	10.388836	13.983779
2.4561596	1.188845	10.388836	13.967323
2.4608374	1.192711	10.387154	13.967323
2.4592781	1.2020538	10.387154	13.975552
2.4499223	1.1975435	10.387995	13.959095
2.4577188	1.1972213	10.388836	13.971437
2.4561596	1.188845	10.388836	13.946754
2.4546001	1.2043089	10.388836	13.971437
2.4499223	1.2033424	10.387154	13.975552
2.4514816	1.2059197	10.388836	13.983779
2.4436853	1.2175176	10.386312	13.971437
2.4468038	1.194644	10.388836	13.975552
2.4483631	1.2001208	10.386312	13.959095
2.4483631	1.1997986	10.389676	13.959095
2.4514816	1.1978656	10.387995	13.975552
2.4483631	1.2036645	10.386312	13.996122
2.4483631	1.1849791	10.388836	13.942639
2.4390075	1.2043089	10.387995	13.950867
2.4390075	1.1939996	10.387154	13.971437
2.4390075	1.1875564	10.387995	13.975552
2.4452446	1.2023759	10.387154	13.996122
2.442126	1.2062418	10.387154	13.996122
2.4327705	1.1952883	10.388836	13.987894
2.4343297	1.1817575	10.387995	13.979666
2.4374483	1.192711	10.388836	13.975552
2.4312112	1.1901337	10.387995	13.975552
2.4343297	1.1840127	10.387995	14.000236
2.429652	1.1836904	10.386312	13.979666
2.4265335	1.1904559	10.388836	13.992007
2.4312112	1.1997986	10.387154	13.979666
2.435889	1.1962548	10.386312	13.987894
2.4280927	1.1830461	10.388836	13.96321
2.4343297	1.1920667	10.389676	14.000236
2.4327705	1.1898116	10.388836	13.954982
2.424974	1.1811131	10.386312	13.96321
2.4234147	1.1959326	10.387154	14.000236
2.4265335	1.1981878	10.386312	13.983779
2.4202962	1.192711	10.388836	14.012578
2.4202962	1.1849791	10.389676	13.971437
2.4218554	1.1659715	10.389676	13.959095
2.4234147	1.182724	10.389676	13.954982
2.4187369	1.184657	10.388836	14.008463
2.4171777	1.1959326	10.389676	13.959095
2.4156184	1.212363	10.387995	13.996122
2.4187369	1.2110744	10.389676	13.967323
2.4140592	1.2110744	10.388836	13.975552
2.4124999	1.2068862	10.387995	13.971437
2.4187369	1.2046311	10.388836	13.959095
2.4124999	1.1920667	10.388836	13.954982
2.4124999	1.1737034	10.387995	13.971437
2.4031444	1.1720926	10.389676	13.942639
2.4078221	1.1714482	10.389676	13.983779
2.4078221	1.1698375	10.387995	13.996122
2.4109406	1.1772472	10.387995	13.992007
2.4078221	1.1994765	10.387154	14.008463
2.4047036	1.190778	10.388836	13.975552
2.4062629	1.1985099	10.387154	13.996122
2.4015851	1.2023759	10.387154	13.971437
2.4109406	1.1959326	10.387995	13.959095
2.4047036	1.1959326	10.387995	13.975552
2.3969073	1.1801467	10.388836	13.979666
2.4078221	1.1911002	10.386312	13.987894
2.3969073	1.1930332	10.388836	13.979666
2.4031444	1.2023759	10.387154	14.00435
2.3953481	1.1939996	10.387995	13.967323
2.3953481	1.1894894	10.387154	13.975552
2.3984666	1.2046311	10.387995	13.975552
2.3937888	1.1820797	10.387154	13.983779
2.3922293	1.1956105	10.389676	13.975552
2.3875515	1.1988322	10.388836	13.983779
2.3953481	1.1862677	10.387995	13.983779
2.3891108	1.1911002	10.387995	13.975552
2.3891108	1.1772472	10.387995	13.967323
2.3875515	1.1962548	10.391358	14.00435
2.3953481	1.2036645	10.387995	13.979666
2.384433	1.2046311	10.387995	13.967323
2.3859923	1.2117187	10.388836	13.954982
2.384433	1.1856234	10.387995	13.959095
2.3906701	1.1904559	10.388836	14.016691
2.3875515	1.2065641	10.387995	14.008463
2.3766367	1.2049532	10.388836	14.00435
2.3828738	1.1920667	10.388836	13.971437
2.3828738	1.1968992	10.387995	14.008463
2.3859923	1.2120408	10.385472	13.983779
2.3859923	1.1904559	10.387154	13.975552
2.384433	1.1930332	10.389676	13.996122
2.3813145	1.1840127	10.390517	13.975552
2.3766367	1.1856234	10.388836	13.996122
2.3797553	1.1824018	10.388836	13.996122
2.3828738	1.1791801	10.387995	13.983779
2.371959	1.1914223	10.387995	14.016691
2.3766367	1.1743478	10.388836	13.979666
2.3735182	1.1836904	10.387995	13.979666
2.3750775	1.1936775	10.387995	14.016691
2.3750775	1.1956105	10.388836	13.987894
2.371959	1.2113965	10.388836	14.008463
2.3703997	1.2068862	10.389676	14.00435
2.3735182	1.2178397	10.386312	14.000236
2.3688405	1.2258939	10.388836	14.012578
2.3750775	1.2233166	10.388836	13.979666
2.3703997	1.2297598	10.385472	13.996122
2.3641627	1.2139738	10.388836	13.983779
2.3688405	1.216229	10.388836	13.996122
2.3641627	1.2113965	10.388836	13.975552
2.3672812	1.2007651	10.388836	14.033148
2.3594849	1.1762807	10.387154	13.992007
2.3641627	1.1843348	10.386312	14.016691
2.3579257	1.1920667	10.387154	13.983779
2.3641627	1.1836904	10.386312	14.020806
2.3610442	1.1859456	10.386312	14.012578
2.3579257	1.1901337	10.387995	13.996122
2.3579257	1.2007651	10.387154	14.016691
2.3548071	1.2075305	10.388836	14.02492
2.3594849	1.2017316	10.387154	14.008463
2.3516886	1.2059197	10.388836	14.012578
2.3563664	1.1894894	10.388836	13.96321
2.3516886	1.1975435	10.389676	13.996122
2.3532479	1.1878786	10.389676	13.992007
2.3548071	1.2004429	10.388836	14.008463
2.3579257	1.1975435	10.387995	14.016691
2.3563664	1.1988322	10.388836	14.008463
2.3485701	1.2046311	10.386312	14.008463
2.3548071	1.1981878	10.387995	13.992007
2.3485701	1.2026981	10.389676	14.02492
2.3470109	1.1923889	10.389676	13.971437
2.3516886	1.18659	10.386312	13.979666
2.3470109	1.1830461	10.387154	13.979666
2.3485701	1.1685488	10.388836	13.967323
2.3423328	1.1756364	10.387154	13.983779
2.3438923	1.1714482	10.387154	13.975552
2.3470109	1.1856234	10.387995	14.008463
2.3438923	1.2046311	10.387995	13.975552
2.3470109	1.2049532	10.387154	14.008463
2.3438923	1.1978656	10.387154	13.979666
2.3392143	1.2136517	10.387995	14.029035
2.3454516	1.2133294	10.388836	13.992007
2.3376551	1.2110744	10.388836	14.012578
2.3345366	1.2030202	10.387995	14.00435
2.3376551	1.2055975	10.387995	14.012578
2.3392143	1.1962548	10.386312	13.996122
2.3345366	1.1949662	10.389676	14.00435
2.3345366	1.1772472	10.389676	13.983779
2.3438923	1.1894894	10.389676	13.959095
2.3376551	1.2023759	10.388836	14.000236
2.3376551	1.208497	10.387154	14.012578
2.3345366	1.1991543	10.386312	14.020806
2.3360958	1.2133294	10.387995	14.008463
2.3282995	1.2213836	10.387154	14.000236
2.3298588	1.2155846	10.385472	14.016691
2.3360958	1.2023759	10.387995	13.987894
2.3360958	1.1869121	10.388836	13.979666
2.331418	1.1904559	10.387995	14.00435
2.3282995	1.1939996	10.387154	14.008463
2.3329773	1.1923889	10.389676	14.012578
2.3267403	1.1901337	10.387995	14.00435
2.331418	1.2113965	10.387995	14.033148
2.3298588	1.2081748	10.388836	14.000236
2.3298588	1.2136517	10.387995	13.979666
2.3267403	1.2055975	10.387995	13.975552
2.3298588	1.2133294	10.387154	13.992007
2.3267403	1.2120408	10.387154	14.049603
2.3220625	1.18659	10.387995	13.996122
2.3205032	1.1988322	10.385472	14.02492
2.325181	1.2055975	10.388836	14.008463
2.318944	1.2139738	10.387995	14.049603
2.3220625	1.2014095	10.388836	14.00435
2.318944	1.2033424	10.388836	13.987894
2.318944	1.2181619	10.386312	14.008463
2.3220625	1.1930332	10.389676	14.000236
2.3142662	1.1798245	10.387995	13.996122
2.3220625	1.1939996	10.387995	14.029035
2.318944	1.1894894	10.391358	14.008463
2.3220625	1.1914223	10.388836	14.029035
2.318944	1.1875564	10.387154	14.00435
2.318944	1.1981878	10.386312	14.016691
2.3142662	1.2026981	10.387995	14.008463
2.3127069	1.2110744	10.386312	14.008463
2.318944	1.1804688	10.388836	13.996122
2.3127069	1.1968992	10.387154	14.02492
2.3158255	1.2146181	10.389676	14.020806
2.3095882	1.2155846	10.387154	14.02492
2.3095882	1.2097857	10.387995	14.008463
2.3080289	1.2062418	10.385472	14.016691
2.3127069	1.2088192	10.387154	13.975552
2.3064697	1.2026981	10.387995	13.987894
2.3095882	1.1862677	10.388836	13.996122
2.3095882	1.2007651	10.388836	14.04549
2.3080289	1.1959326	10.389676	14.02492
2.3064697	1.1882007	10.388836	14.008463
2.3049104	1.1753142	10.386312	14.00435
2.3017919	1.1933553	10.387995	14.061946
2.3049104	1.2046311	10.387154	14.029035
2.3064697	1.1901337	10.389676	14.02492
2.3017919	1.2043089	10.388836	14.012578
2.3017919	1.1972213	10.388836	14.00435
2.3049104	1.2007651	10.387995	14.000236
2.3064697	1.2139738	10.387154	14.020806
2.2986736	1.2130073	10.387995	14.02492
2.3002326	1.220417	10.388836	14.012578
2.2939959	1.2239609	10.388836	14.016691
2.2986736	1.2139738	10.387995	14.008463
2.3049104	1.2149403	10.385472	14.057832
2.2971144	1.21043	10.387995	14.012578
2.2924364	1.2139738	10.388836	14.033148
2.2939959	1.1904559	10.388836	14.008463
2.2955551	1.1901337	10.387995	14.02492
2.2939959	1.1795024	10.386312	13.983779
2.2924364	1.1804688	10.387154	14.008463
2.2939959	1.184657	10.388836	14.00435
2.2924364	1.1824018	10.390517	13.983779
2.2924364	1.1949662	10.388836	13.983779
2.2877586	1.188845	10.388836	14.008463
2.2877586	1.2072084	10.387995	14.020806
2.2908771	1.2017316	10.387995	13.996122
2.2908771	1.2049532	10.387154	13.992007
2.2893178	1.1933553	10.387995	14.000236
2.2908771	1.1882007	10.389676	14.012578
2.2893178	1.21043	10.387995	14.029035
2.2877586	1.1933553	10.388836	14.008463
2.2877586	1.1804688	10.387995	14.008463
2.2815216	1.1853013	10.388836	14.00435
2.2877586	1.1798245	10.388836	13.996122
2.2877586	1.1872343	10.387995	14.02492
2.2846401	1.1778915	10.386312	14.008463
2.2893178	1.1836904	10.387154	13.979666
2.2861993	1.2049532	10.387995	14.012578
2.278403	1.1952883	10.387995	14.016691
2.2799623	1.18659	10.387154	14.02492
2.2846401	1.1798245	10.388836	14.00435
2.2815216	1.1994765	10.388836	14.033148
2.278403	1.2007651	10.386312	14.02492
2.2815216	1.2036645	10.387154	14.04549
2.2815216	1.2110744	10.387995	14.00435
2.2799623	1.2130073	10.387995	14.00435
2.278403	1.2110744	10.387995	14.00435
2.278403	1.2133294	10.387154	14.029035
2.2737253	1.214296	10.388836	14.02492
2.2768438	1.2117187	10.387154	14.012578
2.2737253	1.2004429	10.388836	14.000236
2.2768438	1.1795024	10.388836	14.008463
2.2799623	1.1849791	10.388836	14.012578
2.278403	1.1804688	10.387154	13.996122
2.2752845	1.196577	10.389676	14.016691
2.2752845	1.1869121	10.387995	14.00435
2.2690475	1.2014095	10.386312	14.041375
2.2737253	1.2078527	10.386312	14.012578
2.2737253	1.1930332	10.387154	14.016691
2.272166	1.2017316	10.390517	14.02492
2.2690475	1.2081748	10.387995	14.033148
2.2690475	1.2126851	10.387154	14.020806
2.2690475	1.2007651	10.388836	13.996122
2.2706068	1.1869121	10.388836	14.00435
2.2706068	1.192711	10.388836	14.016691
2.272166	1.2072084	10.389676	14.061946
2.2674882	1.216229	10.388836	14.02492
2.2690475	1.2146181	10.387154	14.029035
2.2674882	1.1968992	10.387995	13.996122
2.2643697	1.2001208	10.385472	14.053719
2.2674882	1.184657	10.389676	14.00435
2.2628105	1.1733812	10.390517	14.00435
2.261251	1.1608169	10.387995	14.000236
2.2628105	1.1708039	10.387154	14.029035
2.2674882	1.1914223	10.387154	14.04549
2.2596917	1.1972213	10.389676	14.016691
2.2628105	1.1914223	10.387154	14.012578
2.2628105	1.2126851	10.388836	14.016691
2.2628105	1.216229	10.387154	14.008463
2.2596917	1.2075305	10.388836	13.996122
2.261251	1.2046311	10.388836	14.029035
2.2581325	1.1994765	10.387995	14.012578
2.261251	1.1972213	10.387154	14.016691
2.2565732	1.1930332	10.388836	14.02492
2.2596917	1.188845	10.389676	14.06606
2.2518954	1.1820797	10.388836	14.012578
2.2565732	1.1608169	10.389676	13.987894
2.2534547	1.1836904	10.387995	14.02492
2.2518954	1.1968992	10.386312	14.041375
2.2550139	1.1956105	10.388836	14.016691
2.2534547	1.1904559	10.389676	14.029035
2.2518954	1.2101078	10.386312	14.049603
2.2487769	1.2088192	10.388836	14.00435
2.2550139	1.2001208	10.389676	14.041375
2.2550139	1.2026981	10.387995	14.012578
2.2503362	1.2030202	10.387154	14.037262
2.2503362	1.2091414	10.386312	14.016691
2.2518954	1.2020538	10.387154	14.016691
2.2550139	1.2014095	10.385472	14.037262
2.2518954	1.1901337	10.387154	14.012578
2.2456584	1.1766028	10.389676	14.00435
2.2472177	1.1608169	10.390517	13.992007
2.2440991	1.1720926	10.386312	14.02492
2.2487769	1.178858	10.388836	14.012578
2.2456584	1.1840127	10.387995	14.037262
2.2518954	1.1988322	10.389676	14.012578
2.2487769	1.2068862	10.388836	14.053719
2.2456584	1.2065641	10.387995	14.008463
2.2456584	1.2197727	10.387154	14.037262
2.2440991	1.2265382	10.388836	14.04549
2.2440991	1.2191284	10.387154	14.041375
2.2425399	1.1949662	10.388836	14.020806
2.2456584	1.2043089	10.387154	14.016691
2.2440991	1.2059197	10.386312	14.020806
2.2378621	1.194644	10.387995	14.020806
2.2378621	1.180791	10.388836	14.02492
2.2409806	1.1720926	10.387995	14.033148
2.2440991	1.1843348	10.387995	14.041375
2.2394214	1.1875564	10.389676	14.041375
2.2394214	1.1891673	10.388836	14.02492
2.2487769	1.1856234	10.387154	14.012578
2.2440991	1.1904559	10.387154	14.02492
2.2394214	1.1972213	10.386312	14.02492
2.2394214	1.2001208	10.387154	14.041375
2.2440991	1.21043	10.386312	14.037262
2.2347436	1.1933553	10.387154	14.037262
2.2347436	1.2094635	10.387995	14.029035
2.2331843	1.2200949	10.385472	14.033148
2.2331843	1.2165511	10.387995	14.02492
2.2394214	1.1997986	10.387154	14.029035
2.2331843	1.1766028	10.389676	13.996122
2.2331843	1.1814353	10.387154	14.029035
2.2394214	1.1662936	10.388836	14.029035
2.2363029	1.1733812	10.388836	14.020806
2.2331843	1.1756364	10.385472	14.037262
2.2347436	1.1824018	10.389676	14.016691
2.2394214	1.1920667	10.387154	14.029035
2.2347436	1.1972213	10.386312	14.008463
2.2269473	1.2146181	10.386312	14.029035
2.2347436	1.2220279	10.387995	14.061946
2.2363029	1.2188063	10.388836	14.04549
2.2253881	1.2059197	10.387995	14.033148
2.2300656	1.2097857	10.387995	14.053719
2.2300656	1.2236387	10.386312	14.061946
2.2300656	1.226216	10.389676	14.04549
2.2253881	1.2068862	10.386312	14.02492
2.2238288	1.2023759	10.387995	14.016691
2.2300656	1.212363	10.387154	14.057832
2.2363029	1.1956105	10.384631	14.041375
2.2269473	1.1885229	10.387995	14.02492
2.2285063	1.1804688	10.386312	14.029035
2.2269473	1.1853013	10.387995	14.04549
2.2269473	1.1891673	10.388836	14.016691
2.2269473	1.1743478	10.388836	14.008463
2.2285063	1.1775694	10.389676	13.992007
2.2253881	1.1904559	10.386312	14.02492
2.2222695	1.2004429	10.387995	14.02492
2.2238288	1.2146181	10.387154	14.049603
2.2238288	1.2020538	10.387154	14.020806
2.2238288	1.2033424	10.387995	14.016691
2.2222695	1.2033424	10.388836	14.02492
2.2222695	1.1959326	10.388836	14.016691
2.2238288	1.1878786	10.387154	14.012578
2.2207103	1.188845	10.389676	14.008463
2.2222695	1.1952883	10.387995	14.016691
2.2222695	1.1988322	10.386312	14.020806
2.219151	1.1836904	10.387154	14.033148
2.2144732	1.1997986	10.387995	14.033148
2.219151	1.2120408	10.387154	14.04549
2.2175918	1.2107521	10.389676	14.029035
2.2175918	1.2117187	10.388836	14.057832
2.212914	1.2033424	10.389676	14.020806
2.2144732	1.2120408	10.387154	14.02492
2.2160325	1.2046311	10.386312	14.041375
2.2144732	1.2055975	10.387154	14.041375
2.219151	1.2175176	10.387995	14.053719
2.2207103	1.1917446	10.387154	14.012578
2.219151	1.2020538	10.387995	14.04549
2.2113545	1.1833683	10.388836	13.987894
2.212914	1.1859456	10.387154	14.020806
2.2097952	1.2004429	10.387154	14.041375
2.2097952	1.1933553	10.388836	14.037262
2.2113545	1.1956105	10.388836	14.04549
2.212914	1.1804688	10.388836	14.02492
2.212914	1.194644	10.387154	14.057832
2.208236	1.192711	10.387995	14.037262
2.2113545	1.2062418	10.386312	14.041375
2.2113545	1.1972213	10.387995	14.02492
2.212914	1.1914223	10.388836	14.037262
2.2004397	1.2020538	10.387995	14.020806
2.2113545	1.2097857	10.387995	14.033148
2.2113545	1.2081748	10.388836	14.049603
2.2097952	1.1988322	10.387154	14.04549
2.2019989	1.1894894	10.388836	14.008463
2.2097952	1.1994765	10.388836	14.029035
2.2113545	1.184657	10.389676	14.02492
2.2051175	1.1766028	10.389676	14.008463
2.208236	1.1952883	10.388836	14.04549
2.2066767	1.2017316	10.387995	14.041375
2.2019989	1.1904559	10.389676	14.049603
2.2019989	1.1956105	10.387154	14.049603
2.1988804	1.1882007	10.388836	14.033148
2.2066767	1.192711	10.388836	14.033148
2.2097952	1.1766028	10.387995	14.029035
2.2051175	1.1749921	10.387995	14.02492
2.2066767	1.190778	10.387995	14.04549
2.2035582	1.1939996	10.387995	14.053719
2.1988804	1.194644	10.388836	14.033148
2.2051175	1.2091414	10.386312	14.06606
2.2004397	1.2097857	10.388836	14.041375
2.2004397	1.2255716	10.387995	14.061946
2.1957619	1.2165511	10.389676	14.037262
2.1973212	1.2110744	10.388836	14.029035
2.1988804	1.2033424	10.384631	14.041375
2.2019989	1.1952883	10.387154	14.06606
2.1926434	1.1849791	10.388836	14.037262
2.2004397	1.1717705	10.388836	14.033148
2.1957619	1.1669379	10.387154	14.029035
2.1942027	1.163072	10.387995	14.049603
2.2004397	1.1978656	10.386312	14.06606
2.1926434	1.2065641	10.387995	14.02492
2.1957619	1.1978656	10.387995	14.012578
2.1957619	1.2020538	10.387154	14.029035
2.1942027	1.2133294	10.387154	14.053719
2.1973212	1.216229	10.387154	14.061946
2.1926434	1.2023759	10.385472	14.06606
2.1957619	1.216229	10.386312	14.049603
2.1942027	1.2068862	10.386312	14.057832
2.1973212	1.1988322	10.388836	14.041375
2.1973212	1.1930332	10.389676	14.020806
2.1957619	1.1833683	10.387995	14.029035
2.1942027	1.1991543	10.387995	14.06606
2.1988804	1.1911002	10.388836	14.049603
2.1942027	1.2020538	10.386312	14.074287
2.1895249	1.1930332	10.388836	14.020806
2.1832879	1.1882007	10.388836	14.049603
2.1942027	1.1917446	10.391358	14.04549
2.1926434	1.1923889	10.386312	14.070174
2.1910841	1.1994765	10.388836	14.02492
2.1879656	1.1972213	10.387154	14.029035
2.1942027	1.2010872	10.387995	14.049603
2.1926434	1.2126851	10.386312	14.061946
2.1879656	1.1985099	10.387154	14.029035
2.1926434	1.2088192	10.388836	14.037262
2.1895249	1.21043	10.388836	14.029035
2.1879656	1.2107521	10.388836	14.041375
2.1864064	1.2010872	10.387154	14.008463
2.1879656	1.1991543	10.387154	14.029035
2.1942027	1.2139738	10.387154	14.061946
2.1864064	1.21043	10.387995	14.053719
2.1879656	1.2088192	10.386312	14.06606
2.1895249	1.2117187	10.386312	14.061946
2.1864064	1.2168733	10.387995	14.061946
2.1848471	1.2117187	10.389676	14.049603
2.1817286	1.1914223	10.388836	14.02492
2.1848471	1.2088192	10.387154	14.06606
2.1817286	1.2026981	10.387995	14.037262
2.1832879	1.2197727	10.387154	14.04549
2.1801691	1.2046311	10.388836	14.04549
2.1864064	1.2107521	10.387154	14.061946
2.1832879	1.2207392	10.387995	14.04549
2.1864064	1.216229	10.389676	14.02492
2.1832879	1.2133294	10.387995	14.041375
2.1801691	1.2139738	10.387154	14.029035
2.1817286	1.2052754	10.389676	14.041375
2.1848471	1.2017316	10.388836	14.04549
2.1817286	1.1904559	10.386312	14.049603
2.1864064	1.2059197	10.386312	14.053719
2.1801691	1.1985099	10.387995	14.053719
2.1801691	1.1901337	10.388836	14.041375
2.1848471	1.1824018	10.387995	14.020806
2.1832879	1.1933553	10.388836	14.049603
2.1723728	1.2088192	10.388836	14.037262
2.1786098	1.2068862	10.389676	14.049603
2.1801691	1.216229	10.388836	14.074287
2.1770506	1.2200949	10.388836	14.049603
2.1723728	1.2175176	10.388836	14.02492
2.1786098	1.2171954	10.387154	14.02492
2.1723728	1.2014095	10.388836	14.049603
2.1770506	1.2065641	10.387154	14.053719
2.1786098	1.2120408	10.386312	14.057832
2.1817286	1.1988322	10.385472	14.057832
2.1739321	1.1920667	10.388836	14.049603
2.1739321	1.1853013	10.386312	14.037262
2.1754913	1.2036645	10.387995	14.074287
2.1754913	1.2081748	10.387154	14.04549
2.1754913	1.1991543	10.387995	14.041375
2.1754913	1.1917446	10.387995	14.016691
2.1692543	1.2049532	10.388836	14.04549
2.1723728	1.2033424	10.387154	14.053719
2.1708136	1.2001208	10.388836	14.057832
2.1754913	1.1994765	10.387995	14.053719
2.1692543	1.2126851	10.388836	14.070174
2.1786098	1.2065641	10.387154	14.029035
2.1739321	1.2078527	10.387154	14.04549
2.1739321	1.2017316	10.388836	14.02492
2.1708136	1.2181619	10.388836	14.029035
2.1723728	1.2246052	10.386312	14.049603
2.1754913	1.2246052	10.387995	14.070174
2.1598988	1.2226722	10.387995	14.057832
2.167695	1.2220279	10.388836	14.06606
2.167695	1.214296	10.389676	14.029035
2.1661358	1.1952883	10.386312	14.041375
2.1739321	1.1920667	10.387154	14.020806
2.1661358	1.1801467	10.389676	14.02492
2.167695	1.1920667	10.384631	14.029035
2.1692543	1.2007651	10.388836	14.06606
2.1692543	1.1911002	10.385472	14.061946
2.1708136	1.1939996	10.387154	14.053719
2.167695	1.2036645	10.387995	14.049603
2.1708136	1.2088192	10.387154	14.053719
2.1739321	1.2097857	10.387154	14.049603
2.1630173	1.2110744	10.388836	14.041375
2.1692543	1.2120408	10.387154	14.057832
2.1630173	1.1956105	10.387154	14.049603
2.1692543	1.190778	10.387995	14.074287
2.161458	1.1991543	10.386312	14.057832
2.1708136	1.2126851	10.385472	14.078403
2.1598988	1.1949662	10.388836	14.049603
2.1692543	1.2075305	10.385472	14.061946
2.1598988	1.2168733	10.386312	14.033148
2.1661358	1.2120408	10.387995	14.033148
2.161458	1.2068862	10.389676	14.041375
2.161458	1.1972213	10.387995	14.033148
2.1598988	1.2130073	10.387154	14.049603
2.1583395	1.2094635	10.388836	14.033148
2.1583395	1.2033424	10.388836	14.061946
2.1598988	1.2020538	10.385472	14.029035
2.1567802	1.2068862	10.386312	14.061946
2.161458	1.2165511	10.387154	14.029035
2.1598988	1.2036645	10.388836	14.020806
2.1630173	1.1923889	10.388836	14.02492
2.161458	1.1988322	10.387154	14.04549
2.1583395	1.2039868	10.387154	14.029035
2.155221	1.2101078	10.390517	14.061946
2.148984	1.1911002	10.387995	14.033148
2.1583395	1.1923889	10.387995	14.053719
2.1567802	1.1930332	10.387995	14.020806
2.155221	1.18659	10.386312	14.037262
2.1567802	1.1869121	10.386312	14.061946
2.148984	1.2088192	10.387154	14.082516
2.1598988	1.2194506	10.387154	14.082516
2.1583395	1.1997986	10.387154	14.041375
2.155221	1.196577	10.388836	14.020806
2.155221	1.2039868	10.387154	14.037262
2.155221	1.2168733	10.385472	14.082516
2.1583395	1.1968992	10.385472	14.041375
2.155221	1.1894894	10.387154	14.04549
2.161458	1.2059197	10.388836	14.06606
2.155221	1.2036645	10.386312	14.074287
2.155221	1.2094635	10.387995	14.061946
2.1505432	1.2139738	10.385472	14.074287
2.148984	1.2226722	10.387995	14.090744
2.1505432	1.2297598	10.387995	14.057832
2.1567802	1.1952883	10.388836	14.029035
2.1521025	1.1975435	10.387154	14.049603
2.1521025	1.1936775	10.387154	14.061946
2.148984	1.2046311	10.387154	14.053719
2.155221	1.2168733	10.387995	14.057832
2.1521025	1.2046311	10.387154	14.049603
2.1505432	1.2197727	10.387154	14.078403
2.1443062	1.2107521	10.387995	14.029035
2.155221	1.2249273	10.385472	14.070174
2.1474247	1.2091414	10.387995	14.041375
2.1521025	1.2097857	10.387154	14.061946
2.1505432	1.2139738	10.388836	14.086631
2.1474247	1.1943219	10.387154	14.049603
2.1505432	1.1939996	10.387154	14.094858
2.1474247	1.1778915	10.387995	14.04549
2.1443062	1.1914223	10.388836	14.049603
2.1521025	1.2036645	10.388836	14.057832
2.1521025	1.2059197	10.387995	14.078403
2.1458654	1.2165511	10.388836	14.057832
2.1411877	1.2159067	10.387154	14.074287
2.1427469	1.2294376	10.388836	14.090744
2.1521025	1.226216	10.387154	14.070174
2.1474247	1.230404	10.388836	14.061946
2.1505432	1.2178397	10.387995	14.061946
2.1474247	1.1988322	10.387154	14.04549
2.148984	1.1962548	10.387995	14.053719
2.1458654	1.1968992	10.387154	14.04549
2.1411877	1.2017316	10.387154	14.06606
2.1427469	1.192711	10.387995	14.090744
2.1505432	1.2110744	10.387154	14.061946
2.1458654	1.2023759	10.390517	14.037262
2.1396284	1.1952883	10.387995	14.04549
2.1443062	1.2055975	10.387154	14.078403
2.1411877	1.2117187	10.387995	14.061946
2.1427469	1.2139738	10.389676	14.053719
2.1396284	1.2055975	10.386312	14.057832
2.1396284	1.1933553	10.387995	14.04549
2.1443062	1.1997986	10.388836	14.074287
2.1443062	1.2171954	10.386312	14.090744
2.1443062	1.2310483	10.388836	14.111315
2.1380692	1.2181619	10.387154	14.061946
2.1380692	1.2217057	10.388836	14.070174
2.1427469	1.2120408	10.389676	14.041375
2.1380692	1.2075305	10.388836	14.078403
2.1380692	1.182724	10.388836	14.037262
2.1396284	1.2017316	10.387154	14.094858
2.1396284	1.2020538	10.387995	14.074287
2.1396284	1.1949662	10.385472	14.074287
2.1365099	1.1978656	10.387995	14.04549
2.1427469	1.2062418	10.388836	14.061946
2.1349506	1.2175176	10.387995	14.049603
2.1411877	1.2097857	10.385472	14.078403
2.1349506	1.216229	10.386312	14.057832
2.1333914	1.2165511	10.388836	14.06606
2.1396284	1.216229	10.388836	14.061946
2.1380692	1.2194506	10.385472	14.061946
2.1396284	1.1988322	10.389676	14.049603
2.1365099	1.2165511	10.387995	14.061946
2.1380692	1.212363	10.386312	14.057832
2.1427469	1.2207392	10.386312	14.06606
2.1365099	1.2133294	10.386312	14.057832
2.1380692	1.2036645	10.387154	14.061946
2.1349506	1.2020538	10.387154	14.033148
2.1365099	1.1775694	10.389676	14.037262
2.1349506	1.1978656	10.386312	14.090744
2.1302726	1.1791801	10.387995	14.037262
2.1333914	1.1849791	10.387154	14.049603
2.1349506	1.18659	10.388836	14.041375
2.1302726	1.2023759	10.391358	14.049603
2.1287134	1.196577	10.389676	14.070174
2.1333914	1.1956105	10.386312	14.074287
2.1333914	1.1936775	10.389676	14.049603
2.1365099	1.2055975	10.387154	14.053719
2.1302726	1.2062418	10.387154	14.086631
2.1333914	1.1936775	10.387995	14.041375
2.1380692	1.1836904	10.387995	14.041375
2.1349506	1.1843348	10.388836	14.057832
2.1287134	1.1778915	10.387154	14.037262
2.1349506	1.1785358	10.387154	14.06606
2.1271541	1.1901337	10.387154	14.078403
2.1349506	1.1972213	10.387995	14.06606
2.1349506	1.2049532	10.387995	14.053719
2.1302726	1.2075305	10.387995	14.053719
2.1302726	1.196577	10.387154	14.049603
2.1349506	1.1959326	10.386312	14.06606
2.1302726	1.2055975	10.387154	14.057832
2.1255949	1.1994765	10.387154	14.06606
2.1333914	1.2088192	10.388836	14.057832
2.1318321	1.2094635	10.386312	14.029035
2.1302726	1.2120408	10.389676	14.037262
2.1318321	1.1991543	10.386312	14.033148
2.1224763	1.1985099	10.387995	14.037262
2.1302726	1.2078527	10.387154	14.082516
2.1240356	1.1988322	10.387154	14.070174
2.1318321	1.2068862	10.387995	14.078403
2.1318321	1.1894894	10.387154	14.078403
2.1318321	1.1968992	10.386312	14.061946
2.1302726	1.2023759	10.387995	14.06606
2.1271541	1.2120408	10.387995	14.070174
2.1318321	1.2133294	10.387154	14.086631
2.1287134	1.2030202	10.387154	14.057832
2.1318321	1.2110744	10.388836	14.057832
2.1302726	1.2052754	10.387995	14.061946
2.1255949	1.1939996	10.387154	14.04549
2.1302726	1.1914223	10.388836	14.053719
2.1271541	1.1949662	10.387995	14.037262
2.1271541	1.1962548	10.389676	14.070174
2.1271541	1.2081748	10.388836	14.049603
2.1271541	1.2171954	10.387154	14.057832
2.1240356	1.2107521	10.387995	14.041375
2.1302726	1.1972213	10.387154	14.078403
2.1240356	1.2126851	10.388836	14.061946
2.1240356	1.2039868	10.390517	14.053719
2.1255949	1.1949662	10.387995	14.053719
2.1240356	1.2030202	10.387154	14.078403
2.1240356	1.2010872	10.387154	14.053719
2.1240356	1.2220279	10.387995	14.057832
2.1193578	1.2062418	10.387995	14.02492
2.1209171	1.2010872	10.387995	14.016691
2.1255949	1.2065641	10.388836	14.090744
2.1209171	1.2036645	10.387995	14.070174
2.1193578	1.1843348	10.387995	14.061946
2.1255949	1.1943219	10.385472	14.06606
2.1177986	1.2033424	10.387995	14.070174
2.1209171	1.2020538	10.387154	14.070174
2.1240356	1.2014095	10.387995	14.070174
2.1240356	1.2033424	10.387995	14.049603
2.1209171	1.2120408	10.388836	14.086631
2.1255949	1.2120408	10.387995	14.074287
2.1193578	1.2014095	10.386312	14.070174
2.1224763	1.2120408	10.387154	14.098971
2.1162393	1.192711	10.387995	14.070174
2.1162393	1.1862677	10.387995	14.049603
2.1240356	1.18659	10.387154	14.06606
2.1224763	1.2081748	10.387995	14.078403
2.1193578	1.1975435	10.387995	14.049603
2.1209171	1.1911002	10.386312	14.074287
2.1255949	1.2113965	10.386312	14.074287
2.1193578	1.2113965	10.388836	14.061946
2.1177986	1.2052754	10.388836	14.037262
2.1177986	1.1878786	10.387995	14.053719
2.1193578	1.2062418	10.387995	14.04549
2.1131208	1.2246052	10.388836	14.049603
2.1162393	1.220417	10.386312	14.070174
2.1146801	1.2194506	10.388836	14.06606
2.1146801	1.2252495	10.387154	14.090744
2.1193578	1.2291155	10.388836	14.041375
2.1115615	1.2120408	10.386312	14.049603
2.1193578	1.1898116	10.389676	14.04549
2.1193578	1.1840127	10.388836	14.061946
2.1146801	1.18659	10.386312	14.053719
2.1131208	1.1943219	10.385472	14.1072
2.1146801	1.1914223	10.387995	14.057832
2.1177986	1.2020538	10.387995	14.078403
2.1146801	1.2117187	10.387995	14.049603
2.1131208	1.2126851	10.387995	14.090744
2.1177986	1.2120408	10.388836	14.057832
2.1131208	1.2275046	10.388836	14.082516
2.108443	1.2139738	10.389676	14.049603
2.1177986	1.2055975	10.386312	14.053719
2.108443	1.2049532	10.388836	14.070174
2.1068838	1.1962548	10.387995	14.057832
2.1068838	1.1978656	10.387154	14.074287
2.1146801	1.180791	10.386312	14.053719
2.1131208	1.2004429	10.387995	14.049603
2.1146801	1.1849791	10.389676	14.029035
2.1053245	1.208497	10.387995	14.074287
2.1100023	1.2033424	10.386312	14.041375
2.1115615	1.2081748	10.388836	14.078403
2.1053245	1.2307262	10.387154	14.103086
2.1068838	1.2113965	10.388836	14.04549
2.1100023	1.2049532	10.387154	14.033148
2.108443	1.194644	10.387995	14.04549
2.1068838	1.2107521	10.388836	14.049603
2.1053245	1.2065641	10.387995	14.041375
2.1037652	1.2010872	10.388836	14.029035
2.108443	1.2094635	10.388836	14.061946
2.1068838	1.2178397	10.386312	14.111315
2.1131208	1.2065641	10.387995	14.070174
2.1068838	1.1952883	10.387154	14.078403
2.108443	1.1882007	10.387995	14.061946
2.1053245	1.2097857	10.388836	14.094858
2.1053245	1.2072084	10.386312	14.061946
2.1115615	1.1972213	10.387995	14.04549
2.102206	1.2072084	10.387154	14.070174
2.102206	1.2049532	10.388836	14.053719
2.1006467	1.2068862	10.388836	14.061946
2.1053245	1.1997986	10.387154	14.057832
2.1053245	1.2020538	10.387995	14.082516
2.108443	1.214296	10.388836	14.057832
2.1006467	1.2004429	10.387995	14.041375
2.108443	1.1962548	10.387154	14.049603
2.102206	1.208497	10.386312	14.086631
2.1053245	1.2091414	10.388836	14.041375
2.1053245	1.2159067	10.387154	14.057832
2.1068838	1.2033424	10.386312	14.070174
2.1053245	1.1978656	10.388836	14.078403
2.1068838	1.2023759	10.388836	14.053719
2.1115615	1.2023759	10.387154	14.078403
2.097528	1.1962548	10.386312	14.04549
2.1037652	1.1891673	10.387154	14.02492
2.0990872	1.1824018	10.387995	14.033148
2.1053245	1.1904559	10.388836	14.04549
2.1037652	1.2046311	10.387995	14.070174
2.1006467	1.2152624	10.388836	14.078403
2.1053245	1.232337	10.389676	14.078403
2.0959687	1.2407132	10.387995	14.074287
2.1100023	1.2265382	10.385472	14.078403
2.1053245	1.2220279	10.389676	14.061946
2.0990872	1.2117187	10.385472	14.06606
2.0959687	1.2146181	10.387154	14.090744
2.0944095	1.1891673	10.387154	14.049603
2.1053245	1.1991543	10.387995	14.090744
2.1053245	1.1853013	10.387995	14.057832
2.0959687	1.1875564	10.388836	14.06606
2.102206	1.196577	10.388836	14.061946
2.097528	1.1968992	10.387154	14.070174
2.102206	1.2072084	10.387995	14.070174
2.0990872	1.2043089	10.386312	14.082516
2.0990872	1.2171954	10.387154	14.061946
2.102206	1.2265382	10.386312	14.086631
2.1037652	1.2072084	10.388836	14.06606
2.0990872	1.2297598	10.385472	14.12777
2.097528	1.2175176	10.387154	14.057832
2.1006467	1.2229943	10.387154	14.070174
2.0944095	1.2097857	10.387995	14.04549
2.1006467	1.2065641	10.386312	14.061946
2.097528	1.2046311	10.387995	14.057832
2.0990872	1.2010872	10.387154	14.070174
2.097528	1.2094635	10.387154	14.078403
2.102206	1.1981878	10.385472	14.053719
2.0990872	1.192711	10.386312	14.078403
2.097528	1.2049532	10.386312	14.082516
2.0928502	1.2007651	10.387995	14.070174
2.0990872	1.194644	10.389676	14.074287
2.0959687	1.2004429	10.387995	14.086631
2.1006467	1.2059197	10.390517	14.078403
2.102206	1.21043	10.389676	14.061946
2.1037652	1.2055975	10.388836	14.082516
2.091291	1.2065641	10.389676	14.061946
2.0928502	1.2133294	10.389676	14.070174
2.1006467	1.2088192	10.388836	14.070174
2.0944095	1.1920667	10.387995	14.057832
2.0944095	1.1972213	10.389676	14.061946
2.0959687	1.2030202	10.387154	14.1072
2.0959687	1.2010872	10.388836	14.078403
2.097528	1.1785358	10.388836	14.061946
2.0944095	1.1875564	10.388836	14.082516
2.097528	1.1853013	10.388836	14.078403
2.097528	1.1791801	10.387995	14.070174
2.0959687	1.1862677	10.387995	14.074287
2.097528	1.178858	10.388836	14.04549
2.0959687	1.2020538	10.387995	14.086631
2.0928502	1.2175176	10.387154	14.074287
2.0866134	1.2081748	10.389676	14.078403
2.0990872	1.1968992	10.387995	14.033148
2.0866134	1.2113965	10.387995	14.061946
2.0959687	1.2155846	10.387154	14.074287
2.097528	1.2207392	10.386312	14.078403
2.091291	1.2059197	10.387154	14.078403
2.0897317	1.2155846	10.386312	14.094858
2.091291	1.212363	10.386312	14.078403
2.091291	1.1985099	10.387995	14.078403
2.0881724	1.2001208	10.388836	14.12777
2.0866134	1.1885229	10.388836	14.070174
2.0928502	1.2081748	10.387154	14.082516
2.0928502	1.1997986	10.387995	14.070174
2.091291	1.1904559	10.387154	14.04549
2.0897317	1.2107521	10.387154	14.086631
2.0881724	1.2233166	10.387995	14.103086
2.0959687	1.2178397	10.386312	14.103086
2.0928502	1.2059197	10.385472	14.078403
2.0881724	1.2039868	10.387154	14.061946
2.0850542	1.2120408	10.387995	14.074287
2.0881724	1.196577	10.388836	14.082516
2.0897317	1.1991543	10.387154	14.078403
2.0944095	1.2081748	10.388836	14.078403
2.0959687	1.2168733	10.387995	14.086631
2.0928502	1.2062418	10.388836	14.06606
2.0897317	1.2159067	10.387154	14.090744
2.0881724	1.2110744	10.387995	14.074287
2.0834949	1.2091414	10.387154	14.078403
2.0834949	1.2110744	10.389676	14.057832
2.0897317	1.2010872	10.387154	14.06606
2.091291	1.1930332	10.386312	14.04549
2.0866134	1.190778	10.387995	14.074287
2.091291	1.1869121	10.386312	14.057832
2.0881724	1.1801467	10.388836	14.061946
2.0819356	1.1943219	10.388836	14.090744
2.0881724	1.2133294	10.388836	14.1072
2.0850542	1.2181619	10.387154	14.078403
2.0866134	1.2171954	10.389676	14.078403
2.0881724	1.218484	10.387154	14.082516
2.0850542	1.2255716	10.387154	14.094858
2.0881724	1.2152624	10.387154	14.074287
2.0834949	1.2007651	10.385472	14.082516
2.0850542	1.2078527	10.387154	14.1072
2.0850542	1.2017316	10.387154	14.078403
2.0850542	1.2113965	10.387995	14.078403
2.0834949	1.208497	10.387154	14.082516
2.0881724	1.2072084	10.388836	14.078403
2.0866134	1.214296	10.387154	14.06606
2.0803761	1.226216	10.387995	14.082516
2.091291	1.21043	10.387995	14.074287
2.0803761	1.2149403	10.385472	14.1072
2.0834949	1.2068862	10.386312	14.061946
2.0834949	1.2139738	10.387995	14.078403
2.0819356	1.2094635	10.388836	14.074287
2.0866134	1.1968992	10.388836	14.070174
2.0834949	1.208497	10.387154	14.074287
2.0772576	1.2110744	10.385472	14.074287
2.0834949	1.2014095	10.387995	14.090744
2.0819356	1.2126851	10.387154	14.074287
2.0834949	1.2110744	10.387154	14.061946
2.0788169	1.2068862	10.388836	14.053719
2.0866134	1.2171954	10.388836	14.103086
2.0866134	1.196577	10.388836	14.049603
2.0803761	1.1978656	10.389676	14.074287
2.0772576	1.212363	10.387154	14.090744
2.0819356	1.2101078	10.387154	14.103086
2.0803761	1.2081748	10.387995	14.090744
2.0803761	1.2072084	10.387995	14.090744
2.0756984	1.2226722	10.388836	14.094858
2.0788169	1.2239609	10.387995	14.078403
2.0803761	1.2178397	10.387154	14.070174
2.0819356	1.2159067	10.387154	14.090744
2.0756984	1.2110744	10.389676	14.086631
2.0819356	1.2168733	10.388836	14.082516
2.0788169	1.1985099	10.389676	14.074287
2.0788169	1.1894894	10.386312	14.074287
2.0803761	1.2055975	10.388836	14.111315
2.0788169	1.2017316	10.387154	14.078403
2.0788169	1.1914223	10.387995	14.082516
2.0741391	1.1981878	10.387154	14.074287
2.0788169	1.2052754	10.389676	14.074287
2.0756984	1.2139738	10.388836	14.082516
2.0756984	1.214296	10.386312	14.086631
2.0803761	1.2033424	10.387154	14.082516
2.0788169	1.2126851	10.387995	14.086631
2.0756984	1.2030202	10.388836	14.057832
2.0788169	1.2091414	10.388836	14.049603
2.0772576	1.2055975	10.387995	14.070174
2.0772576	1.2126851	10.387154	14.082516
2.0756984	1.2217057	10.388836	14.078403
2.0772576	1.2091414	10.387154	14.1072
2.0756984	1.2088192	10.388836	14.094858
2.0788169	1.2039868	10.386312	14.1072
2.0725799	1.2117187	10.387995	14.090744
2.0756984	1.2120408	10.389676	14.070174
2.0741391	1.1975435	10.387154	14.094858
2.0772576	1.2017316	10.386312	14.06606
2.0741391	1.1997986	10.388836	14.078403
2.0803761	1.2030202	10.387995	14.090744
2.0803761	1.1956105	10.388836	14.082516
2.0819356	1.2059197	10.388836	14.098971
2.0756984	1.1962548	10.387154	14.070174
2.0710206	1.2014095	10.387154	14.103086
2.0725799	1.2039868	10.387154	14.094858
2.0694613	1.208497	10.386312	14.078403
2.0694613	1.2220279	10.387995	14.057832
2.0756984	1.2168733	10.386312	14.074287
2.0725799	1.2194506	10.388836	14.090744
2.0694613	1.2284712	10.387995	14.098971
2.0710206	1.2055975	10.386312	14.078403
2.0694613	1.2107521	10.386312	14.082516
2.0772576	1.2033424	10.387154	14.074287
2.0756984	1.1994765	10.389676	14.061946
2.0710206	1.1975435	10.387995	14.053719
2.0725799	1.1956105	10.386312	14.06606
2.0679021	1.2007651	10.386312	14.061946
2.0647836	1.1898116	10.388836	14.053719
2.0741391	1.2091414	10.387995	14.1072
2.0756984	1.2030202	10.387154	14.090744
2.0694613	1.2081748	10.386312	14.090744
2.0694613	1.2133294	10.387995	14.090744
2.0741391	1.2094635	10.387154	14.094858
2.0694613	1.1962548	10.387154	14.053719
2.0741391	1.2020538	10.386312	14.090744
2.0741391	1.2036645	10.388836	14.090744
2.0647836	1.2101078	10.385472	14.098971
2.0694613	1.1956105	10.387154	14.06606
2.0772576	1.1849791	10.387154	14.06606
2.0741391	1.2020538	10.389676	14.090744
2.0694613	1.2020538	10.387995	14.061946
2.0772576	1.2072084	10.388836	14.074287
2.0710206	1.1933553	10.387995	14.06606
2.0741391	1.2178397	10.388836	14.086631
2.0710206	1.2043089	10.388836	14.074287
2.0679021	1.1891673	10.385472	14.074287
2.0756984	1.2062418	10.387154	14.090744
2.0741391	1.2043089	10.388836	14.082516
2.0679021	1.2088192	10.388836	14.061946
2.0710206	1.1923889	10.387154	14.041375
2.0663428	1.184657	10.388836	14.049603
2.0694613	1.1936775	10.387995	14.070174
2.0694613	1.2014095	10.387995	14.090744
2.0725799	1.2059197	10.387995	14.06606
2.0694613	1.1894894	10.388836	14.078403
2.0679021	1.2030202	10.389676	14.06606
2.0663428	1.2101078	10.386312	14.074287
2.0679021	1.2081748	10.388836	14.074287
2.0694613	1.2046311	10.388836	14.074287
2.0679021	1.1836904	10.387995	14.057832
2.0725799	1.1978656	10.388836	14.082516
2.0663428	1.2088192	10.387154	14.103086
2.0647836	1.2081748	10.388836	14.061946
2.0647836	1.194644	10.387154	14.070174
2.0616651	1.1978656	10.387154	14.090744
2.0585465	1.2033424	10.387154	14.06606
2.0647836	1.1962548	10.387154	14.070174
2.0679021	1.2059197	10.387995	14.070174
2.0710206	1.2075305	10.386312	14.078403
2.0647836	1.2226722	10.387995	14.115428
2.0632243	1.2281489	10.387995	14.082516
2.0647836	1.2181619	10.386312	14.070174
2.0616651	1.2094635	10.387995	14.074287
2.0647836	1.1981878	10.388836	14.086631
2.0632243	1.1933553	10.388836	14.061946
2.0647836	1.1901337	10.388836	14.061946
2.0694613	1.1991543	10.386312	14.090744
2.0632243	1.1943219	10.387154	14.074287
2.0679021	1.2039868	10.388836	14.086631
2.0647836	1.2171954	10.384631	14.086631
2.0710206	1.2152624	10.387995	14.061946
2.0632243	1.2136517	10.386312	14.061946
2.0647836	1.21043	10.386312	14.061946
2.0616651	1.2168733	10.387995	14.074287
2.0632243	1.2004429	10.388836	14.078403
2.0616651	1.2065641	10.387154	14.078403
2.0632243	1.192711	10.387154	14.074287
2.0632243	1.2055975	10.387995	14.082516
2.0647836	1.1917446	10.387154	14.070174
2.0585465	1.1891673	10.387995	14.082516
2.0679021	1.2033424	10.387154	14.078403
2.0679021	1.1849791	10.386312	14.074287
2.0632243	1.1914223	10.386312	14.070174
2.0601058	1.1898116	10.387995	14.078403
2.0569873	1.2036645	10.389676	14.090744
2.0601058	1.2094635	10.387154	14.103086
2.0616651	1.2081748	10.387154	14.06606
2.0585465	1.2133294	10.387995	14.06606
2.0601058	1.2046311	10.388836	14.06606
2.0632243	1.2146181	10.388836	14.078403
2.0616651	1.2139738	10.385472	14.090744
2.0632243	1.2055975	10.387154	14.061946
2.0616651	1.2039868	10.387154	14.090744
2.0569873	1.178858	10.388836	14.037262
2.0632243	1.1727369	10.387995	14.061946
2.0601058	1.1817575	10.388836	14.061946
2.0616651	1.1898116	10.387154	14.090744
2.0616651	1.1911002	10.385472	14.061946
2.0585465	1.2059197	10.385472	14.057832
2.0647836	1.2078527	10.387154	14.053719
2.0601058	1.2117187	10.387154	14.090744
2.0616651	1.2068862	10.389676	14.070174
2.0569873	1.2149403	10.387995	14.082516
2.0569873	1.2036645	10.386312	14.06606
2.0616651	1.2039868	10.389676	14.115428
2.0585465	1.2126851	10.387154	14.090744
2.0585465	1.2110744	10.385472	14.057832
2.0585465	1.218484	10.385472	14.098971
2.0585465	1.2004429	10.388836	14.074287
2.0616651	1.1798245	10.387154	14.070174
2.0632243	1.1875564	10.388836	14.06606
2.0569873	1.1836904	10.388836	14.082516
2.0538688	1.1801467	10.387154	14.078403
2.0569873	1.1679045	10.388836	14.061946
2.0585465	1.1949662	10.388836	14.074287
2.0601058	1.2017316	10.387154	14.061946
2.0632243	1.2039868	10.387154	14.070174
2.055428	1.1975435	10.388836	14.078403
2.0601058	1.2120408	10.387154	14.111315
2.0632243	1.2072084	10.387995	14.086631
2.0569873	1.194644	10.388836	14.049603
2.0569873	1.1991543	10.385472	14.070174
2.055428	1.1843348	10.387995	14.053719
2.0601058	1.1862677	10.387995	14.070174
2.0585465	1.182724	10.388836	14.074287
2.0569873	1.1885229	10.388836	14.070174
2.0538688	1.2049532	10.386312	14.115428
2.055428	1.1981878	10.387154	14.057832
2.0507503	1.2001208	10.389676	14.053719
2.055428	1.2091414	10.387995	14.057832
2.055428	1.2072084	10.389676	14.094858
2.055428	1.1956105	10.386312	14.082516
2.0538688	1.1991543	10.387154	14.078403
2.0569873	1.1968992	10.387154	14.086631
2.0569873	1.1914223	10.387995	14.06606
2.0569873	1.1930332	10.385472	14.078403
2.0538688	1.1891673	10.388836	14.074287
2.0523095	1.2097857	10.388836	14.086631
2.0569873	1.2081748	10.387995	14.074287
2.0523095	1.2168733	10.388836	14.086631
2.0523095	1.2033424	10.386312	14.070174
2.0491908	1.2168733	10.389676	14.1072
2.055428	1.2229943	10.389676	14.094858
2.0523095	1.214296	10.387154	14.082516
2.0569873	1.2200949	10.387154	14.090744
2.0507503	1.224283	10.387995	14.1072
2.0507503	1.2101078	10.387995	14.04549
2.0507503	1.2007651	10.389676	14.06606
2.0491908	1.2004429	10.386312	14.061946
2.0507503	1.1956105	10.387154	14.086631
2.0507503	1.1785358	10.388836	14.053719
2.0601058	1.1853013	10.389676	14.086631
2.0476315	1.1943219	10.387995	14.078403
2.0491908	1.1952883	10.387995	14.061946
2.0569873	1.2023759	10.387995	14.057832
2.0491908	1.2200949	10.387995	14.082516
2.044513	1.2065641	10.387995	14.061946
2.055428	1.2171954	10.387154	14.086631
2.055428	1.2001208	10.387154	14.086631
2.0476315	1.2007651	10.386312	14.082516
2.0523095	1.21043	10.387995	14.090744
2.0476315	1.192711	10.388836	14.06606
2.0476315	1.1849791	10.386312	14.082516
2.0507503	1.1708039	10.388836	14.061946
2.0507503	1.1875564	10.388836	14.06606
2.0476315	1.1759585	10.387995	14.06606
2.0476315	1.1904559	10.386312	14.090744
2.0523095	1.208497	10.387154	14.123656
2.0491908	1.2004429	10.387995	14.082516
2.0507503	1.212363	10.388836	14.090744
2.0507503	1.2094635	10.385472	14.094858
2.0491908	1.220417	10.388836	14.1072
2.0507503	1.2284712	10.387154	14.082516
2.0476315	1.2307262	10.388836	14.090744
2.0507503	1.2275046	10.388836	14.070174
2.0538688	1.2072084	10.387154	14.090744
2.0523095	1.2194506	10.388836	14.098971
2.0507503	1.2152624	10.386312	14.082516
2.0491908	1.2065641	10.385472	14.094858
2.0507503	1.1956105	10.387154	14.074287
2.0507503	1.1936775	10.387154	14.049603
2.0491908	1.2014095	10.387154	14.074287
2.0460722	1.2039868	10.387154	14.070174
2.0507503	1.18659	10.386312	14.061946
2.0538688	1.1991543	10.387154	14.078403
2.0460722	1.2088192	10.388836	14.057832
2.0507503	1.2023759	10.387995	14.094858
2.044513	1.1904559	10.387154	14.049603
2.0476315	1.1920667	10.387154	14.086631
2.044513	1.1956105	10.388836	14.06606
2.0476315	1.2007651	10.387154	14.103086
2.0460722	1.2007651	10.387995	14.086631
2.0538688	1.2014095	10.385472	14.086631
2.0476315	1.2068862	10.386312	14.103086
2.044513	1.2117187	10.387995	14.082516
2.0538688	1.2052754	10.388836	14.06606
2.044513	1.2088192	10.389676	14.086631
2.0460722	1.1972213	10.387995	14.078403
2.0523095	1.1885229	10.387154	14.070174
2.044513	1.182724	10.387995	14.078403
2.0507503	1.1949662	10.386312	14.098971
2.0476315	1.2036645	10.388836	14.078403
2.0507503	1.2046311	10.388836	14.082516
2.0476315	1.2152624	10.387995	14.086631
2.0429537	1.2133294	10.388836	14.061946
2.0413945	1.22235	10.387154	14.078403
2.0460722	1.2113965	10.387154	14.082516
2.0507503	1.2197727	10.387154	14.094858
2.0429537	1.22235	10.387154	14.123656
2.0476315	1.1923889	10.386312	14.078403
2.0491908	1.1904559	10.387995	14.078403
2.0491908	1.1698375	10.386312	14.049603
2.0460722	1.1785358	10.387995	14.090744
2.0398352	1.1804688	10.388836	14.061946
2.0507503	1.1811131	10.389676	14.078403
2.0429537	1.1904559	10.387154	14.094858
2.0491908	1.1914223	10.387995	14.082516
2.044513	1.21043	10.385472	14.1072
2.0476315	1.1920667	10.385472	14.082516
2.0476315	1.208497	10.387154	14.123656
2.0460722	1.2004429	10.387995	14.082516
2.0460722	1.1914223	10.387154	14.082516
2.0429537	1.2049532	10.387154	14.070174
2.0429537	1.2049532	10.387154	14.082516
2.0429537	1.2155846	10.387154	14.098971
2.0429537	1.2139738	10.387154	14.082516
2.0429537	1.1824018	10.391358	14.061946
2.0413945	1.2014095	10.387995	14.111315
2.044513	1.1968992	10.389676	14.082516
2.0413945	1.1997986	10.389676	14.074287
2.0413945	1.1930332	10.387154	14.06606
2.0429537	1.196577	10.389676	14.06606
2.0429537	1.2049532	10.388836	14.086631
2.0476315	1.2159067	10.387995	14.098971
2.044513	1.1997986	10.389676	14.111315
2.038276	1.1994765	10.387995	14.078403
2.044513	1.216229	10.387995	14.086631
2.044513	1.2120408	10.389676	14.078403
2.0429537	1.1962548	10.388836	14.090744
2.0413945	1.1869121	10.387995	14.053719
2.038276	1.1914223	10.388836	14.053719
2.038276	1.2081748	10.387154	14.103086
2.0351574	1.18659	10.387995	14.082516
2.038276	1.2088192	10.387154	14.12777
2.038276	1.2136517	10.387995	14.078403
2.0367167	1.2097857	10.387995	14.094858
2.0413945	1.2110744	10.387154	14.090744
2.0413945	1.1956105	10.387154	14.086631
2.0351574	1.1933553	10.387154	14.078403
2.0335982	1.1914223	10.388836	14.098971
2.0367167	1.188845	10.387154	14.090744
2.0398352	1.182724	10.387995	14.090744
2.0413945	1.1836904	10.387154	14.094858
2.0429537	1.2181619	10.387154	14.144227
2.038276	1.2197727	10.385472	14.090744
2.0398352	1.2065641	10.390517	14.070174
2.0460722	1.216229	10.387154	14.090744
2.0398352	1.2246052	10.386312	14.1072
2.038276	1.212363	10.385472	14.090744
2.0398352	1.2007651	10.387154	14.094858
2.038276	1.1894894	10.388836	14.098971
2.0367167	1.1930332	10.387995	14.103086
2.0398352	1.1943219	10.387995	14.090744
2.0335982	1.1920667	10.387995	14.078403
2.0367167	1.1914223	10.387995	14.090744
2.0367167	1.2007651	10.388836	14.090744
2.0367167	1.2226722	10.387154	14.111315
2.0351574	1.2072084	10.387995	14.078403
2.0398352	1.196577	10.387154	14.078403
2.0398352	1.1923889	10.387154	14.078403
2.0398352	1.1981878	10.387995	14.094858
2.0335982	1.1911002	10.387995	14.086631
2.0367167	1.1972213	10.388836	14.103086
2.0398352	1.1894894	10.387995	14.082516
2.038276	1.1968992	10.386312	14.111315
2.038276	1.2046311	10.387995	14.12777
2.0367167	1.216229	10.387154	14.094858
2.0351574	1.2075305	10.388836	14.111315
2.0304797	1.2059197	10.388836	14.086631
2.0398352	1.22235	10.385472	14.131884
2.038276	1.1991543	10.388836	14.074287
2.0351574	1.1972213	10.387995	14.094858
2.0351574	1.216229	10.387995	14.135999
2.0367167	1.220417	10.386312	14.1072
2.038276	1.2139738	10.387154	14.111315
2.0398352	1.2207392	10.385472	14.1072
2.038276	1.2374916	10.388836	14.103086
2.0351574	1.2326592	10.387154	14.103086
2.0413945	1.22235	10.384631	14.103086
2.0335982	1.2139738	10.390517	14.074287
2.0367167	1.2268603	10.385472	14.144227
2.0429537	1.2236387	10.387995	14.12777
2.0335982	1.1959326	10.387995	14.078403
2.0289204	1.2052754	10.387995	14.115428
2.0304797	1.2120408	10.387154	14.103086
2.0335982	1.2010872	10.388836	14.06606
2.038276	1.2007651	10.387995	14.086631
2.0367167	1.1949662	10.387995	14.053719
2.0335982	1.2004429	10.387154	14.086631
2.0289204	1.2175176	10.387995	14.098971
2.0351574	1.22235	10.388836	14.119543
2.0367167	1.212363	10.387154	14.115428
2.0335982	1.2175176	10.389676	14.090744
2.0320389	1.2107521	10.388836	14.078403
2.0351574	1.2043089	10.387154	14.098971
2.0335982	1.212363	10.387995	14.115428
2.0351574	1.1904559	10.387995	14.070174
2.0335982	1.2001208	10.387154	14.098971
2.0335982	1.1930332	10.388836	14.090744
2.0335982	1.196577	10.387995	14.094858
2.0335982	1.1972213	10.388836	14.098971
2.0335982	1.2030202	10.387995	14.1072
2.0367167	1.1997986	10.388836	14.090744
2.0273612	1.1795024	10.387154	14.070174
2.0335982	1.1882007	10.387995	14.070174
2.0367167	1.1997986	10.386312	14.078403
2.038276	1.1962548	10.387995	14.111315
2.0335982	1.1904559	10.384631	14.094858
2.0273612	1.2072084	10.386312	14.098971
2.0335982	1.2229943	10.387995	14.098971
2.0289204	1.2155846	10.389676	14.103086
2.0273612	1.2017316	10.387154	14.070174
2.0304797	1.2007651	10.386312	14.06606
2.0320389	1.2165511	10.386312	14.103086
2.0351574	1.2110744	10.386312	14.090744
2.0289204	1.2030202	10.387995	14.103086
2.0304797	1.2004429	10.388836	14.090744
2.0335982	1.1994765	10.387995	14.111315
2.038276	1.2017316	10.387995	14.094858
2.0304797	1.2004429	10.387154	14.098971
2.0304797	1.2149403	10.387995	14.086631
2.0351574	1.2146181	10.387995	14.111315
2.0320389	1.2200949	10.387154	14.111315
2.0351574	1.2326592	10.385472	14.123656
2.0351574	1.220417	10.387995	14.1072
2.0320389	1.216229	10.387995	14.090744
2.0304797	1.2197727	10.388836	14.086631
2.0367167	1.2197727	10.387154	14.086631
2.0351574	1.2146181	10.388836	14.061946
2.0320389	1.216229	10.387154	14.086631
2.0289204	1.2139738	10.389676	14.082516
2.0273612	1.192711	10.390517	14.086631
2.0320389	1.1994765	10.389676	14.12777
2.0320389	1.1743478	10.385472	14.074287
2.0304797	1.1923889	10.387995	14.078403
2.0304797	1.2004429	10.387995	14.082516
2.0351574	1.1956105	10.388836	14.098971
2.0351574	1.1859456	10.388836	14.061946
2.0273612	1.1943219	10.387995	14.094858
2.0289204	1.2043089	10.388836	14.078403
2.0304797	1.2055975	10.386312	14.090744
2.0289204	1.2033424	10.387995	14.090744
2.0304797	1.2049532	10.388836	14.090744
2.0273612	1.188845	10.388836	14.086631
2.0226834	1.1878786	10.387995	14.086631
2.0273612	1.192711	10.387154	14.098971
2.0273612	1.2081748	10.385472	14.111315
2.0320389	1.2039868	10.387154	14.135999
2.0258019	1.2126851	10.385472	14.12777
2.0304797	1.218484	10.389676	14.1072
2.0304797	1.2146181	10.387995	14.1072
2.0335982	1.2126851	10.387995	14.111315
2.0320389	1.2101078	10.387995	14.1072
2.0304797	1.212363	10.387154	14.098971
2.0258019	1.2062418	10.387995	14.098971
2.0335982	1.1885229	10.388836	14.082516
2.0289204	1.2036645	10.388836	14.1072
2.0320389	1.2030202	10.386312	14.090744
2.0242426	1.2130073	10.387154	14.103086
2.0273612	1.1988322	10.387995	14.090744
2.0320389	1.2149403	10.388836	14.115428
2.0258019	1.2149403	10.387995	14.078403
2.0242426	1.2010872	10.387154	14.098971
2.0258019	1.1872343	10.390517	14.053719
2.0258019	1.1988322	10.385472	14.098971
2.0273612	1.2126851	10.387154	14.123656
2.0304797	1.2062418	10.386312	14.098971
2.0242426	1.2010872	10.388836	14.094858
2.0304797	1.2072084	10.387995	14.074287
2.0304797	1.212363	10.388836	14.078403
2.0289204	1.2126851	10.387995	14.078403
2.0242426	1.2275046	10.386312	14.103086
2.0242426	1.220417	10.386312	14.12777
2.0304797	1.224283	10.387995	14.12777
2.0258019	1.2059197	10.389676	14.098971
2.0242426	1.1972213	10.388836	14.090744
2.0258019	1.2126851	10.389676	14.111315
2.0242426	1.2036645	10.387154	14.131884
2.0273612	1.2126851	10.388836	14.090744
2.0211241	1.2059197	10.388836	14.086631
2.0242426	1.2181619	10.388836	14.111315
2.0258019	1.2152624	10.386312	14.115428
2.0242426	1.2133294	10.387995	14.115428
2.0304797	1.2007651	10.388836	14.082516
2.0273612	1.1936775	10.387154	14.1072
2.0258019	1.2081748	10.387995	14.090744
2.0211241	1.2226722	10.387995	14.119543
2.0242426	1.2226722	10.388836	14.111315
2.0226834	1.2178397	10.387995	14.111315
2.0242426	1.212363	10.388836	14.115428
2.0242426	1.2217057	10.388836	14.1072
2.0195649	1.2136517	10.387154	14.1072
2.0226834	1.2110744	10.386312	14.140112
2.0242426	1.2020538	10.387995	14.090744
2.0258019	1.1923889	10.385472	14.06606
2.0289204	1.2020538	10.386312	14.111315
2.0258019	1.2149403	10.387995	14.103086
2.0180056	1.2030202	10.387995	14.086631
2.0258019	1.2120408	10.387154	14.086631
2.0258019	1.220417	10.387154	14.119543
2.0195649	1.2168733	10.387995	14.119543
2.0242426	1.2014095	10.387995	14.094858
2.0211241	1.1856234	10.387154	14.1072
2.0226834	1.1972213	10.387154	14.12777
2.0195649	1.1949662	10.389676	14.078403
2.0242426	1.2007651	10.388836	14.1072
2.0211241	1.1997986	10.387995	14.111315
2.0226834	1.2023759	10.387154	14.123656
2.0195649	1.2258939	10.387995	14.115428
2.0148871	1.220417	10.386312	14.12777
2.0226834	1.2152624	10.386312	14.111315
2.0133278	1.1985099	10.387995	14.074287
2.0195649	1.2110744	10.387154	14.111315
2.0164464	1.2252495	10.388836	14.094858
2.0180056	1.2046311	10.386312	14.1072
2.0195649	1.208497	10.389676	14.119543
2.0195649	1.21043	10.387154	14.094858
2.0195649	1.2217057	10.389676	14.094858
2.0180056	1.1988322	10.388836	14.094858
2.0148871	1.2030202	10.388836	14.094858
2.0195649	1.2036645	10.387995	14.078403
2.0195649	1.192711	10.388836	14.082516
2.0258019	1.1859456	10.387995	14.078403
2.0164464	1.1972213	10.386312	14.078403
2.0211241	1.2101078	10.387995	14.094858
2.0211241	1.2258939	10.387995	14.12777
2.0226834	1.2300819	10.386312	14.078403
2.0226834	1.2384582	10.387154	14.098971
2.0195649	1.2291155	10.387995	14.070174
2.0180056	1.2117187	10.387995	14.115428
2.0195649	1.2149403	10.387995	14.103086
2.0180056	1.2136517	10.387154	14.1072
2.0258019	1.2107521	10.388836	14.098971
2.0195649	1.1830461	10.386312	14.103086
2.0180056	1.182724	10.384631	14.103086
2.0180056	1.2010872	10.387995	14.090744
2.0226834	1.2065641	10.387995	14.094858
2.0195649	1.1985099	10.387995	14.082516
2.0148871	1.190778	10.387154	14.074287
2.0195649	1.2049532	10.387995	14.098971
2.0211241	1.1939996	10.388836	14.078403
2.0164464	1.21043	10.386312	14.1072
2.0148871	1.2094635	10.387995	14.098971
2.0211241	1.2101078	10.386312	14.078403
2.0226834	1.2175176	10.387995	14.090744
2.0211241	1.2023759	10.390517	14.057832
2.0148871	1.190778	10.387154	14.061946
2.0195649	1.1749921	10.388836	14.070174
2.0148871	1.1717705	10.387995	14.070174
2.0164464	1.1840127	10.387995	14.082516
2.0164464	1.1775694	10.387154	14.074287
2.0133278	1.1862677	10.387995	14.041375
2.0164464	1.1820797	10.387995	14.037262
2.0180056	1.194644	10.387995	14.057832
2.0148871	1.1859456	10.388836	14.029035
2.0195649	1.1904559	10.388836	14.06606
2.0180056	1.1939996	10.387995	14.094858
2.0180056	1.2020538	10.387154	14.090744
2.0148871	1.2081748	10.387154	14.094858
2.0148871	1.2197727	10.387995	14.111315
2.0195649	1.2033424	10.386312	14.078403
2.0195649	1.1885229	10.385472	14.04549
2.0133278	1.2107521	10.388836	14.061946
2.0164464	1.1978656	10.387995	14.074287
2.0148871	1.2039868	10.389676	14.078403
2.0180056	1.1968992	10.388836	14.06606
2.0148871	1.2004429	10.389676	14.061946
2.0148871	1.2075305	10.389676	14.082516
2.0211241	1.2049532	10.387154	14.074287
2.0180056	1.2220279	10.387995	14.119543
2.0148871	1.2139738	10.388836	14.098971
2.0117686	1.2271825	10.387995	14.090744
2.0148871	1.2062418	10.389676	14.06606
2.0180056	1.1901337	10.387154	14.082516
2.0180056	1.2033424	10.387995	14.119543
2.0180056	1.194644	10.386312	14.090744
2.0180056	1.2110744	10.387154	14.1072
2.0117686	1.2062418	10.388836	14.094858
2.0102093	1.214296	10.387154	14.1072
2.0180056	1.2210613	10.389676	14.090744
2.0086501	1.2065641	10.387154	14.061946
2.0117686	1.2107521	10.387995	14.098971
2.0117686	1.2200949	10.389676	14.090744
2.0148871	1.2113965	10.387154	14.094858
2.0148871	1.2081748	10.387154	14.090744
2.0117686	1.2039868	10.389676	14.1072
2.0117686	1.2059197	10.388836	14.090744
2.0180056	1.2023759	10.387154	14.090744
2.0117686	1.1978656	10.387995	14.082516
2.0195649	1.2146181	10.387995	14.111315
2.0195649	1.1985099	10.386312	14.078403
2.0102093	1.2149403	10.387995	14.103086
2.0148871	1.1997986	10.387995	14.078403
2.0102093	1.1972213	10.388836	14.070174
2.0117686	1.2159067	10.388836	14.090744
2.0117686	1.1968992	10.389676	14.078403
2.0102093	1.2075305	10.388836	14.1072
2.0164464	1.2030202	10.387995	14.090744
2.0133278	1.2133294	10.387995	14.115428
2.0117686	1.2175176	10.387154	14.115428
2.0164464	1.1981878	10.387154	14.115428
2.0117686	1.2094635	10.387995	14.103086
2.0133278	1.1988322	10.387995	14.090744
2.0055315	1.1956105	10.387154	14.082516
2.0055315	1.1991543	10.385472	14.074287
2.0102093	1.1988322	10.385472	14.103086
2.0164464	1.2017316	10.387995	14.090744
2.0070908	1.2146181	10.387995	14.094858
2.0070908	1.2255716	10.386312	14.1072
2.0102093	1.2197727	10.387995	14.078403
2.0133278	1.2316927	10.387154	14.094858
2.0133278	1.2271825	10.388836	14.06606
2.0133278	1.2113965	10.387154	14.090744
2.0164464	1.2033424	10.386312	14.098971
2.0133278	1.2014095	10.389676	14.090744
2.0117686	1.2081748	10.386312	14.119543
2.0102093	1.1956105	10.385472	14.094858
2.0117686	1.188845	10.389676	14.103086
2.0133278	1.2149403	10.387154	14.115428
2.0133278	1.2159067	10.387154	14.090744
2.0102093	1.2023759	10.386312	14.078403
2.0055315	1.2059197	10.388836	14.090744
2.0070908	1.2146181	10.386312	14.123656
2.0164464	1.2117187	10.390517	14.082516
2.0117686	1.212363	10.388836	14.103086
2.0086501	1.2007651	10.387154	14.090744
2.0148871	1.2171954	10.387995	14.111315
2.0055315	1.2291155	10.389676	14.098971
2.0133278	1.2329813	10.389676	14.078403
2.0148871	1.2120408	10.387995	14.078403
2.0086501	1.220417	10.387154	14.090744
2.0164464	1.2088192	10.386312	14.082516
2.0055315	1.1872343	10.388836	14.078403
2.0086501	1.1869121	10.386312	14.074287
2.0102093	1.1885229	10.388836	14.103086
2.0102093	1.1833683	10.386312	14.078403
2.0086501	1.1820797	10.387154	14.082516
2.0117686	1.1904559	10.387995	14.057832
2.0117686	1.196577	10.387995	14.086631
2.0039723	1.1930332	10.387154	14.074287
2.0070908	1.214296	10.387995	14.111315
2.0133278	1.2200949	10.388836	14.135999
2.0195649	1.2239609	10.387154	14.103086
2.0148871	1.2075305	10.387154	14.094858
2.0102093	1.208497	10.388836	14.1072
2.0117686	1.2072084	10.388836	14.1072
2.0117686	1.1988322	10.389676	14.057832
2.0133278	1.2049532	10.387154	14.098971
2.0117686	1.1956105	10.386312	14.111315
2.0102093	1.2072084	10.387995	14.115428
2.002413	1.1911002	10.387154	14.090744
2.0070908	1.1939996	10.388836	14.098971
2.0133278	1.1956105	10.386312	14.1072
2.0102093	1.1882007	10.387995	14.086631
2.0086501	1.1975435	10.389676	14.086631
2.0102093	1.184657	10.387154	14.090744
2.0117686	1.1869121	10.387995	14.082516
2.0086501	1.1917446	10.389676	14.098971
2.0102093	1.2059197	10.386312	14.090744
2.0117686	1.2130073	10.387154	14.094858
2.0117686	1.2110744	10.388836	14.103086
2.0102093	1.2062418	10.388836	14.082516
2.0055315	1.214296	10.386312	14.090744
2.0117686	1.216229	10.387995	14.115428
2.0039723	1.2094635	10.387995	14.098971
2.0070908	1.2072084	10.387154	14.078403
2.0008538	1.2136517	10.385472	14.086631
2.0102093	1.2036645	10.387154	14.1072
2.0086501	1.196577	10.387154	14.090744
2.0117686	1.1856234	10.387995	14.082516
2.0070908	1.2030202	10.387154	14.1072
2.0070908	1.2055975	10.388836	14.103086
2.0102093	1.1930332	10.387995	14.074287
2.0070908	1.2059197	10.388836	14.090744
2.0102093	1.214296	10.387154	14.098971
2.0102093	1.2268603	10.387995	14.094858
2.0055315	1.2113965	10.387995	14.090744
2.0133278	1.2213836	10.385472	14.103086
2.0102093	1.2194506	10.385472	14.115428
2.002413	1.2220279	10.387995	14.090744
2.0055315	1.2181619	10.387995	14.090744
2.0086501	1.2046311	10.387154	14.082516
2.0070908	1.2097857	10.389676	14.115428
2.0086501	1.2062418	10.387995	14.094858
2.0070908	1.2043089	10.388836	14.111315
2.0070908	1.2001208	10.387154	14.090744
2.0055315	1.1994765	10.387995	14.123656
2.002413	1.2014095	10.387995	14.070174
2.0008538	1.2014095	10.388836	14.094858
2.002413	1.2120408	10.387995	14.103086
2.0055315	1.2217057	10.387154	14.12777
2.0070908	1.2159067	10.388836	14.074287
2.002413	1.2226722	10.387995	14.090744
1.9977351	1.2178397	10.389676	14.086631
1.9992944	1.2049532	10.387995	14.06606
2.002413	1.2165511	10.387995	14.103086
2.0102093	1.2081748	10.386312	14.090744
2.0039723	1.1869121	10.387995	14.078403
2.0055315	1.1882007	10.388836	14.094858
2.002413	1.1875564	10.387995	14.086631
1.9992944	1.1875564	10.387154	14.103086
2.0070908	1.190778	10.388836	14.111315
2.0039723	1.1978656	10.387995	14.103086
1.9946166	1.1988322	10.388836	14.094858
2.0070908	1.1962548	10.387154	14.078403
2.002413	1.1968992	10.388836	14.090744
2.002413	1.1894894	10.387995	14.098971
2.0055315	1.1933553	10.391358	14.103086
1.9977351	1.194644	10.389676	14.1072
2.002413	1.1862677	10.387995	14.090744
2.0055315	1.2052754	10.388836	14.1072
2.002413	1.2217057	10.387995	14.074287
2.0055315	1.224283	10.388836	14.1072
2.002413	1.220417	10.386312	14.086631
1.9992944	1.2094635	10.388836	14.082516
2.0008538	1.2152624	10.387154	14.1072
2.0055315	1.2017316	10.387154	14.078403
1.9992944	1.1949662	10.387154	14.082516
1.9977351	1.1933553	10.386312	14.070174
2.0055315	1.1911002	10.389676	14.057832
2.0055315	1.2030202	10.387154	14.078403
2.0055315	1.1988322	10.387154	14.070174
2.0008538	1.1956105	10.387154	14.06606
1.9977351	1.218484	10.387995	14.115428
1.9977351	1.2320149	10.387154	14.111315
1.9992944	1.2329813	10.388836	14.103086
1.9992944	1.2014095	10.388836	14.070174
1.9992944	1.2026981	10.388836	14.123656
2.002413	1.2236387	10.387154	14.1072
2.0055315	1.2152624	10.386312	14.098971
2.0008538	1.1930332	10.386312	14.094858
2.0039723	1.2075305	10.385472	14.119543
1.9946166	1.2191284	10.385472	14.1072
1.9961759	1.2043089	10.388836	14.078403
2.0008538	1.216229	10.388836	14.12777
2.0039723	1.208497	10.387995	14.090744
1.9946166	1.2046311	10.387995	14.082516
1.9992944	1.2020538	10.388836	14.086631
1.9992944	1.1859456	10.388836	14.078403
2.0008538	1.1772472	10.387154	14.082516
2.0008538	1.1766028	10.387154	14.111315
2.0008538	1.2094635	10.388836	14.1072
2.0008538	1.2017316	10.386312	14.078403
2.0008538	1.2120408	10.389676	14.090744
2.0039723	1.2191284	10.386312	14.082516
2.002413	1.216229	10.387154	14.078403
2.0008538	1.2155846	10.385472	14.078403
2.002413	1.2014095	10.387995	14.078403
2.0055315	1.2072084	10.389676	14.103086
1.9946166	1.2188063	10.388836	14.144227
2.0008538	1.2062418	10.389676	14.090744
1.9992944	1.1872343	10.387154	14.061946
1.9977351	1.1801467	10.388836	14.061946
1.9992944	1.1997986	10.388836	14.123656
2.0039723	1.2165511	10.388836	14.115428
1.9977351	1.2081748	10.388836	14.111315
2.002413	1.2081748	10.387154	14.123656
2.0055315	1.2055975	10.387995	14.090744
2.0008538	1.2075305	10.388836	14.090744
1.991498	1.2001208	10.389676	14.090744
2.002413	1.218484	10.387995	14.115428
2.002413	1.2117187	10.389676	14.078403
2.002413	1.208497	10.387995	14.094858
1.9946166	1.1997986	10.388836	14.082516
2.0008538	1.2200949	10.387154	14.123656
2.0039723	1.218484	10.387995	14.094858
1.9946166	1.1956105	10.389676	14.082516
2.0008538	1.2101078	10.387154	14.123656
2.0008538	1.1930332	10.388836	14.082516
1.9992944	1.1997986	10.387154	14.078403
2.0008538	1.2004429	10.388836	14.094858
1.9977351	1.2062418	10.386312	14.098971
2.0008538	1.2130073	10.386312	14.1072
2.002413	1.2043089	10.387154	14.090744
2.0008538	1.2271825	10.387995	14.1072
1.9992944	1.2094635	10.387154	14.1072
2.0008538	1.2113965	10.387154	14.094858
1.9977351	1.2097857	10.387995	14.090744
1.9977351	1.2136517	10.386312	14.090744
1.9992944	1.2217057	10.387154	14.119543
1.9977351	1.1981878	10.386312	14.070174
1.9946166	1.2265382	10.386312	14.152455
1.991498	1.2275046	10.386312	14.119543
1.9961759	1.220417	10.387995	14.1072
1.9992944	1.2072084	10.387154	14.094858
1.9930574	1.1878786	10.387995	14.078403
2.0008538	1.2017316	10.388836	14.103086
2.0008538	1.1939996	10.388836	14.06606
2.0008538	1.1991543	10.388836	14.103086
1.9992944	1.1985099	10.387154	14.090744
1.9946166	1.2113965	10.388836	14.140112
1.9992944	1.2120408	10.387154	14.103086
2.0008538	1.2133294	10.389676	14.1072
1.9992944	1.2191284	10.387154	14.111315
2.0008538	1.2110744	10.389676	14.111315
1.9977351	1.2275046	10.389676	14.094858
2.0008538	1.2194506	10.389676	14.061946
1.9977351	1.2126851	10.385472	14.090744
1.9977351	1.1991543	10.388836	14.094858
1.9961759	1.1943219	10.385472	14.098971
1.9992944	1.1991543	10.387154	14.111315
1.9946166	1.1862677	10.387995	14.086631
1.9868202	1.1917446	10.387995	14.086631
1.9946166	1.1901337	10.387995	14.082516
2.0008538	1.1923889	10.387154	14.06606
2.0008538	1.1878786	10.387154	14.070174
1.9961759	1.1959326	10.387995	14.074287
1.9992944	1.2023759	10.387995	14.098971
1.9977351	1.2120408	10.387154	14.086631
1.991498	1.2191284	10.388836	14.094858
1.9946166	1.216229	10.387995	14.098971
1.9992944	1.2059197	10.387154	14.086631
2.0008538	1.2146181	10.387154	14.094858
1.9946166	1.2252495	10.387995	14.111315
1.9899387	1.2097857	10.387995	14.111315
1.991498	1.2213836	10.386312	14.12777
1.9946166	1.1997986	10.389676	14.111315
1.9977351	1.2175176	10.387995	14.123656
1.9946166	1.2091414	10.387995	14.078403
1.9977351	1.1978656	10.386312	14.098971
2.0008538	1.2097857	10.386312	14.131884
1.991498	1.2059197	10.387154	14.082516
1.991498	1.2255716	10.387154	14.115428
1.9868202	1.1994765	10.389676	14.078403
1.9883795	1.2094635	10.388836	14.090744
1.9883795	1.214296	10.389676	14.098971
1.991498	1.2159067	10.389676	14.094858
1.9930574	1.2165511	10.387154	14.103086
1.9946166	1.1981878	10.388836	14.070174
1.991498	1.2023759	10.388836	14.078403
1.9946166	1.2046311	10.386312	14.094858
1.9961759	1.1943219	10.387995	14.115428
1.991498	1.2130073	10.387995	14.098971
1.9930574	1.1923889	10.388836	14.070174
1.991498	1.1952883	10.389676	14.078403
1.985261	1.1801467	10.390517	14.090744
1.9930574	1.1814353	10.386312	14.082516
1.9930574	1.1759585	10.390517	14.078403
1.9961759	1.1872343	10.387995	14.115428
1.9899387	1.1962548	10.387995	14.103086
1.9899387	1.2055975	10.389676	14.098971
1.9930574	1.2175176	10.387154	14.119543
1.9946166	1.2220279	10.386312	14.094858
1.9930574	1.2233166	10.386312	14.078403
1.9899387	1.2210613	10.387995	14.086631
1.9930574	1.2188063	10.386312	14.061946
1.9946166	1.2120408	10.387154	14.12777
1.9868202	1.2091414	10.389676	14.086631
1.9883795	1.1962548	10.387995	14.086631
1.9946166	1.1859456	10.388836	14.074287
1.9961759	1.1904559	10.387154	14.103086
1.9946166	1.1901337	10.387154	14.098971
1.9977351	1.2010872	10.389676	14.111315
1.991498	1.1930332	10.388836	14.078403
1.9930574	1.1978656	10.387995	14.074287
1.9977351	1.1859456	10.387154	14.078403
1.9883795	1.194644	10.385472	14.082516
1.9992944	1.2059197	10.388836	14.123656
1.9899387	1.2133294	10.387995	14.123656
1.991498	1.2217057	10.387154	14.115428
1.9899387	1.2149403	10.387995	14.103086
1.9883795	1.2220279	10.387154	14.103086
1.9930574	1.2001208	10.388836	14.049603
1.9899387	1.1830461	10.387995	14.061946
1.9930574	1.1911002	10.387154	14.103086
1.9899387	1.1949662	10.387154	14.1072
1.9946166	1.1952883	10.388836	14.111315
1.991498	1.1875564	10.387995	14.078403
1.9946166	1.1943219	10.387154	14.090744
1.9930574	1.2030202	10.387995	14.086631
1.9961759	1.2255716	10.386312	14.135999
1.9899387	1.2217057	10.387154	14.098971
1.9883795	1.2146181	10.387995	14.131884
1.991498	1.2120408	10.387995	14.098971
1.9868202	1.2101078	10.387154	14.090744
1.991498	1.2043089	10.386312	14.086631
1.985261	1.1968992	10.387154	14.1072
1.985261	1.1943219	10.386312	14.086631
1.9946166	1.1859456	10.387995	14.070174
1.9883795	1.2030202	10.388836	14.094858
1.9946166	1.2033424	10.387154	14.103086
1.9930574	1.2033424	10.387995	14.115428
1.9868202	1.2030202	10.387995	14.12777
1.9899387	1.2088192	10.388836	14.123656
1.9868202	1.2236387	10.387154	14.131884
1.9883795	1.2210613	10.387154	14.111315
1.9946166	1.212363	10.386312	14.090744
1.9899387	1.2136517	10.386312	14.111315
1.991498	1.23427	10.387995	14.123656
1.991498	1.2020538	10.388836	14.094858
1.9868202	1.2026981	10.388836	14.111315
1.985261	1.2036645	10.386312	14.111315
1.9837017	1.216229	10.387154	14.12777
1.991498	1.216229	10.387154	14.135999
1.9899387	1.2088192	10.385472	14.103086
1.9899387	1.2252495	10.387995	14.090744
1.991498	1.2287933	10.387154	14.119543
1.9821424	1.2371695	10.389676	14.111315
1.985261	1.2381359	10.388836	14.160683
1.9899387	1.2229943	10.386312	14.12777
1.985261	1.1911002	10.388836	14.090744
1.9837017	1.2039868	10.388836	14.115428
1.9774647	1.1962548	10.388836	14.115428
1.9899387	1.1981878	10.385472	14.1072
1.9883795	1.1975435	10.388836	14.103086
1.9868202	1.1959326	10.387995	14.115428
1.9946166	1.2088192	10.388836	14.103086
1.985261	1.2200949	10.388836	14.119543
1.985261	1.2213836	10.386312	14.103086
1.9899387	1.2168733	10.387154	14.12777
1.985261	1.230404	10.387995	14.098971
1.9821424	1.2391025	10.388836	14.111315
1.9899387	1.2152624	10.386312	14.082516
1.9883795	1.2268603	10.387154	14.144227
1.9930574	1.2126851	10.387154	14.090744
1.9899387	1.2120408	10.387995	14.111315
1.9883795	1.1972213	10.386312	14.098971
1.9899387	1.192711	10.389676	14.123656
1.9883795	1.1891673	10.388836	14.098971
1.9868202	1.1840127	10.387995	14.086631
1.9837017	1.1869121	10.388836	14.082516
1.9883795	1.1962548	10.387995	14.111315
1.985261	1.208497	10.387995	14.111315
1.9837017	1.216229	10.388836	14.115428
1.9837017	1.2358809	10.387154	14.14834
1.991498	1.2371695	10.387995	14.135999
1.9883795	1.2271825	10.387154	14.090744
1.9899387	1.2255716	10.386312	14.123656
1.9821424	1.2239609	10.387995	14.115428
1.9868202	1.2062418	10.388836	14.090744
1.985261	1.2046311	10.387154	14.123656
1.9868202	1.1911002	10.388836	14.1072
1.9899387	1.1894894	10.385472	14.123656
1.9883795	1.2078527	10.387154	14.119543
1.9868202	1.2068862	10.388836	14.135999
1.991498	1.2091414	10.388836	14.103086
1.9899387	1.2033424	10.387154	14.090744
1.9821424	1.2110744	10.387995	14.094858
1.985261	1.1978656	10.387995	14.078403
1.9868202	1.2023759	10.388836	14.144227
1.9883795	1.2088192	10.387154	14.098971
1.9883795	1.1981878	10.388836	14.086631
1.9868202	1.208497	10.388836	14.115428
1.9837017	1.2110744	10.387995	14.111315
1.9837017	1.208497	10.386312	14.090744
1.985261	1.192711	10.388836	14.090744
1.9837017	1.1824018	10.388836	14.074287
1.9821424	1.2055975	10.387995	14.1072
1.9868202	1.1997986	10.388836	14.1072
1.985261	1.1994765	10.388836	14.103086
1.9821424	1.1939996	10.388836	14.098971
1.9805832	1.2146181	10.386312	14.12777
1.9868202	1.2094635	10.387995	14.090744
1.9899387	1.1985099	10.386312	14.090744
1.9790239	1.2078527	10.387154	14.12777
1.9821424	1.2194506	10.387154	14.12777
1.9774647	1.2159067	10.388836	14.131884
1.9821424	1.2075305	10.387995	14.103086
1.985261	1.2059197	10.385472	14.119543
1.985261	1.2046311	10.386312	14.082516
1.9837017	1.214296	10.387995	14.098971
1.985261	1.1936775	10.386312	14.090744
1.9946166	1.2113965	10.388836	14.103086
1.985261	1.2152624	10.387154	14.098971
1.9805832	1.2194506	10.387995	14.12777
1.9821424	1.2049532	10.386312	14.123656
1.985261	1.1936775	10.387154	14.094858
1.985261	1.2010872	10.386312	14.098971
1.9805832	1.1917446	10.388836	14.103086
1.9837017	1.2097857	10.387154	14.12777
1.9805832	1.2191284	10.386312	14.1072
1.9805832	1.2159067	10.387154	14.098971
1.9837017	1.2265382	10.388836	14.115428
1.9774647	1.2091414	10.387154	14.078403
1.9790239	1.214296	10.386312	14.111315
1.9805832	1.1991543	10.387995	14.098971
1.9821424	1.1997986	10.387154	14.115428
1.9821424	1.2010872	10.387995	14.123656
1.9790239	1.1939996	10.387995	14.098971
1.9821424	1.1933553	10.388836	14.090744
1.9805832	1.2072084	10.389676	14.140112
1.985261	1.2175176	10.387154	14.115428
1.985261	1.2194506	10.386312	14.123656
1.9821424	1.2188063	10.387995	14.111315
1.9774647	1.2036645	10.386312	14.115428
1.9805832	1.2033424	10.387995	14.094858
1.9774647	1.2049532	10.387154	14.094858
1.9837017	1.2001208	10.388836	14.115428
1.9774647	1.218484	10.388836	14.1072
1.9759053	1.2101078	10.389676	14.103086
1.9868202	1.226216	10.387995	14.135999
1.9805832	1.2287933	10.387154	14.14834
1.985261	1.2268603	10.388836	14.111315
1.9821424	1.2168733	10.387995	14.086631
1.9868202	1.2055975	10.388836	14.111315
1.9821424	1.2152624	10.387995	14.115428
1.9868202	1.1878786	10.389676	14.082516
1.985261	1.1994765	10.387154	14.115428
1.9837017	1.1988322	10.386312	14.103086
1.9837017	1.1994765	10.387154	14.098971
1.9821424	1.1917446	10.387995	14.086631
1.985261	1.1759585	10.388836	14.090744
1.9837017	1.1891673	10.387995	14.1072
1.9790239	1.2046311	10.387995	14.090744
1.9774647	1.1968992	10.387995	14.082516
1.9837017	1.1930332	10.385472	14.115428
1.9774647	1.1959326	10.387995	14.14834
1.9821424	1.2171954	10.389676	14.123656
1.9821424	1.2091414	10.387154	14.111315
1.9805832	1.2139738	10.388836	14.12777
1.9774647	1.2149403	10.387154	14.12777
1.9774647	1.2268603	10.389676	14.103086
1.985261	1.216229	10.386312	14.115428
1.9821424	1.2130073	10.387995	14.111315
1.9759053	1.2049532	10.387995	14.119543
1.9805832	1.1917446	10.389676	14.090744
1.9759053	1.2107521	10.388836	14.123656
1.9774647	1.2039868	10.387154	14.135999
1.9837017	1.2152624	10.387995	14.119543
1.9759053	1.2239609	10.387154	14.1072
1.9821424	1.2191284	10.387995	14.078403
1.9774647	1.2181619	10.390517	14.131884
1.9805832	1.2091414	10.387154	14.1072
1.9821424	1.2197727	10.387995	14.12777
1.9774647	1.2039868	10.388836	14.1072
1.9821424	1.2055975	10.388836	14.123656
1.9774647	1.1875564	10.386312	14.082516
1.9805832	1.178858	10.386312	14.082516
1.9805832	1.2004429	10.387995	14.103086
1.974346	1.2155846	10.388836	14.12777
1.9790239	1.2120408	10.388836	14.098971
1.9790239	1.2097857	10.387995	14.1072
1.9805832	1.216229	10.388836	14.111315
1.9837017	1.2120408	10.388836	14.115428
1.9790239	1.1872343	10.387995	14.103086
1.9759053	1.194644	10.387154	14.12777
1.9774647	1.1981878	10.386312	14.115428
1.9805832	1.2088192	10.387154	14.111315
1.9821424	1.1923889	10.388836	14.086631
1.9805832	1.2113965	10.387154	14.12777
1.9790239	1.2210613	10.387995	14.1072
1.9774647	1.2365252	10.386312	14.144227
1.9805832	1.2146181	10.387154	14.090744
1.974346	1.2149403	10.388836	14.119543
1.9805832	1.2213836	10.387995	14.123656
1.974346	1.2081748	10.387154	14.090744
1.9727868	1.1891673	10.388836	14.078403
1.9805832	1.1801467	10.388836	14.115428
1.9805832	1.1875564	10.387995	14.111315
1.9790239	1.196577	10.387995	14.1072
1.9790239	1.2043089	10.387995	14.1072
1.9790239	1.2120408	10.387995	14.140112
1.9790239	1.2113965	10.387995	14.119543
1.9805832	1.2229943	10.387995	14.119543
1.9774647	1.2275046	10.385472	14.115428
1.9790239	1.2197727	10.385472	14.115428
1.9805832	1.218484	10.387154	14.131884
1.9837017	1.2113965	10.387154	14.094858
1.974346	1.2236387	10.388836	14.1072
1.9759053	1.2229943	10.386312	14.115428
1.9759053	1.2159067	10.387995	14.103086
1.9821424	1.2265382	10.386312	14.115428
1.9774647	1.2316927	10.387154	14.123656
1.9790239	1.22235	10.386312	14.115428
1.9821424	1.22235	10.387154	14.131884
