Fout	Lin	Lout	sono
1.8386899	0.47493255	9.7027006	14.144227
1.8386899	0.76552314	9.7018595	14.131884
1.8418084	0.94013536	9.7010193	14.135999
1.8386899	1.0596577	9.7027006	14.131884
1.8324529	1.1054049	9.7035418	14.111315
1.8371307	1.1286006	9.7035418	14.111315
1.8355714	1.1685488	9.7052231	14.144227
1.8402492	1.2049532	9.7027006	14.164796
1.8355714	1.2136517	9.7035418	14.123656
1.8324529	1.21043	9.7035418	14.12777
1.8386899	1.1975435	9.7018595	14.140112
1.8293343	1.1930332	9.7018595	14.098971
1.8262157	1.1836904	9.7043829	14.098971
1.8340122	1.1862677	9.7018595	14.1072
1.8371307	1.1894894	9.7018595	14.115428
1.8293343	1.1891673	9.7018595	14.156569
1.8340122	1.2194506	9.7052231	14.140112
1.8262157	1.2213836	9.7027006	14.119543
1.827775	1.2258939	9.7027006	14.12777
1.8355714	1.2136517	9.7027006	14.123656
1.8246565	1.2213836	9.7035418	14.103086
1.827775	1.2345922	9.7018595	14.119543
1.8308936	1.216229	9.7035418	14.115428
1.827775	1.194644	9.7043829	14.103086
1.8246565	1.2010872	9.7035418	14.1072
1.8262157	1.2055975	9.7052231	14.115428
1.8246565	1.2120408	9.7035418	14.156569
1.8246565	1.2043089	9.7027006	14.123656
1.8262157	1.2046311	9.7027006	14.12777
1.8184195	1.2188063	9.7027006	14.131884
1.8246565	1.2094635	9.7052231	14.123656
1.8246565	1.2113965	9.7010193	14.144227
1.8230972	1.1933553	9.7027006	14.115428
1.8230972	1.212363	9.7027006	14.156569
1.8153011	1.216229	9.7043829	14.119543
1.8199787	1.220417	9.7043829	14.144227
1.8184195	1.2249273	9.7018595	14.135999
1.8121825	1.2265382	9.7043829	14.156569
1.8121825	1.2255716	9.7018595	14.103086
1.8121825	1.2146181	9.7035418	14.111315
1.8153011	1.2014095	9.7027006	14.131884
1.8168603	1.1914223	9.7010193	14.12777
1.8106232	1.1949662	9.7018595	14.123656
1.8075047	1.2062418	9.7035418	14.135999
1.8075047	1.1943219	9.7027006	14.140112
1.8137418	1.2023759	9.7027006	14.111315
1.8043861	1.2010872	9.7018595	14.098971
1.8059454	1.2107521	9.7035418	14.115428
1.8090639	1.2207392	9.7035418	14.131884
1.8028269	1.2152624	9.7035418	14.14834
1.8059454	1.2152624	9.7035418	14.119543
1.8012676	1.216229	9.7027006	14.135999
1.8028269	1.2175176	9.7027006	14.111315
1.8028269	1.2068862	9.7018595	14.111315
1.7981491	1.1962548	9.7027006	14.111315
1.8012676	1.2155846	9.7035418	14.152455
1.8012676	1.2181619	9.7018595	14.14834
1.7981491	1.2136517	9.7027006	14.164796
1.7934712	1.1920667	9.7027006	14.135999
1.791912	1.2023759	9.7018595	14.140112
1.7903527	1.2049532	9.7018595	14.140112
1.7903527	1.2113965	9.7043829	14.135999
1.7856749	1.2046311	9.7027006	14.14834
1.7872342	1.2043089	9.7035418	14.123656
1.7841157	1.216229	9.7018595	14.135999
1.7872342	1.2155846	9.7027006	14.14834
1.7887934	1.2159067	9.7027006	14.152455
1.7887934	1.208497	9.7010193	14.14834
1.7825564	1.21043	9.7018595	14.156569
1.7887934	1.1997986	9.7018595	14.131884
1.7825564	1.216229	9.7035418	14.135999
1.7856749	1.1988322	9.7018595	14.131884
1.7809972	1.2052754	9.7027006	14.14834
1.7809972	1.2088192	9.699338	14.193595
1.7794378	1.1972213	9.7035418	14.131884
1.7825564	1.2191284	9.7027006	14.164796
1.7763193	1.21043	9.7010193	14.173024
1.77476	1.2255716	9.7018595	14.164796
1.7716415	1.220417	9.7010193	14.14834
1.7716415	1.2233166	9.7035418	14.14834
1.7700822	1.2271825	9.7035418	14.164796
1.768523	1.2139738	9.7035418	14.152455
1.7638451	1.2088192	9.7018595	14.131884
1.768523	1.2065641	9.7043829	14.156569
1.77476	1.218484	9.7010193	14.210052
1.7622858	1.2139738	9.7027006	14.160683
1.7638451	1.2194506	9.7043829	14.156569
1.7654045	1.2091414	9.7035418	14.144227
1.7622858	1.2149403	9.7027006	14.177139
1.7622858	1.2133294	9.7027006	14.156569
1.7544895	1.22235	9.7043829	14.164796
1.7498119	1.2049532	9.7035418	14.164796
1.7560488	1.1869121	9.7018595	14.144227
1.7498119	1.2023759	9.7018595	14.185367
1.7560488	1.1994765	9.7043829	14.168911
1.7482526	1.1956105	9.7035418	14.168911
1.7498119	1.1869121	9.7035418	14.135999
1.7466934	1.2052754	9.7027006	14.14834
1.7466934	1.2281489	9.7035418	14.205936
1.7498119	1.226216	9.7027006	14.177139
1.7451341	1.2374916	9.7018595	14.193595
1.7420155	1.2371695	9.7027006	14.189481
1.7404562	1.2368473	9.7018595	14.181252
1.7404562	1.212363	9.7035418	14.160683
1.7404562	1.2065641	9.7043829	14.156569
1.7373377	1.2088192	9.7035418	14.168911
1.7311007	1.2014095	9.7043829	14.156569
1.738897	1.2068862	9.7027006	14.173024
1.7373377	1.1981878	9.7027006	14.160683
1.7311007	1.1917446	9.7027006	14.156569
1.7248635	1.1952883	9.7027006	14.164796
1.727982	1.1975435	9.7018595	14.156569
1.7248635	1.192711	9.7043829	14.160683
1.7295413	1.188845	9.7018595	14.177139
1.721745	1.2033424	9.7043829	14.185367
1.721745	1.2155846	9.7027006	14.201823
1.7264228	1.2126851	9.7035418	14.193595
1.7201858	1.2278268	9.7035418	14.201823
1.715508	1.2171954	9.7018595	14.189481
1.7139487	1.2391025	9.7018595	14.214165
1.7123893	1.2236387	9.7018595	14.197708
1.7092708	1.2075305	9.7027006	14.177139
1.7092708	1.212363	9.7018595	14.197708
1.7077116	1.2075305	9.7027006	14.181252
1.7092708	1.2136517	9.7027006	14.197708
1.7045931	1.2030202	9.7035418	14.181252
1.7139487	1.1981878	9.7035418	14.189481
1.7092708	1.1930332	9.7018595	14.201823
1.7061523	1.1949662	9.7043829	14.181252
1.7030338	1.1978656	9.7035418	14.168911
1.7014745	1.2030202	9.7027006	14.181252
1.7061523	1.2175176	9.7035418	14.234735
1.6983559	1.1991543	9.7035418	14.193595
1.6952374	1.2159067	9.7027006	14.210052
1.7061523	1.2081748	9.7027006	14.201823
1.6952374	1.2252495	9.7035418	14.222392
1.6936781	1.2175176	9.7027006	14.201823
1.7014745	1.216229	9.7035418	14.205936
1.6921189	1.2255716	9.7027006	14.226507
1.6936781	1.2149403	9.7010193	14.193595
1.6952374	1.2130073	9.7027006	14.193595
1.6921189	1.21043	9.7018595	14.193595
1.6983559	1.2030202	9.7018595	14.222392
1.6999153	1.2055975	9.7035418	14.189481
1.6983559	1.2033424	9.7035418	14.177139
1.6936781	1.1939996	9.7018595	14.189481
1.6999153	1.2026981	9.7027006	14.181252
1.7030338	1.2088192	9.7018595	14.197708
1.6999153	1.2159067	9.7027006	14.197708
1.6999153	1.2200949	9.7018595	14.23062
1.6999153	1.2188063	9.7027006	14.210052
1.6999153	1.2023759	9.7027006	14.193595
1.7045931	1.2165511	9.7027006	14.177139
1.7030338	1.2226722	9.7018595	14.23062
1.7014745	1.2059197	9.7010193	14.189481
1.7030338	1.2072084	9.7010193	14.210052
1.7045931	1.2010872	9.7010193	14.210052
1.7077116	1.2130073	9.7018595	14.214165
1.7092708	1.1981878	9.7027006	14.189481
1.7123893	1.2065641	9.7018595	14.205936
1.7108301	1.2088192	9.7027006	14.238849
1.7077116	1.2181619	9.7010193	14.226507
1.7123893	1.2329813	9.7035418	14.234735
1.7123893	1.2252495	9.7018595	14.210052
1.7061523	1.2220279	9.7027006	14.218279
1.7092708	1.2217057	9.7035418	14.218279
1.7139487	1.232337	9.7018595	14.214165
1.715508	1.2246052	9.7001781	14.226507
1.7123893	1.2117187	9.7027006	14.201823
1.715508	1.2081748	9.7027006	14.205936
1.7123893	1.2091414	9.7035418	14.160683
1.7201858	1.2194506	9.7035418	14.226507
1.7170672	1.2213836	9.7027006	14.197708
1.7170672	1.2275046	9.7018595	14.226507
1.7248635	1.2268603	9.7018595	14.210052
1.7201858	1.2133294	9.7035418	14.193595
1.7201858	1.2043089	9.7010193	14.193595
1.715508	1.2014095	9.7027006	14.181252
1.715508	1.2120408	9.7027006	14.197708
1.721745	1.2004429	9.7027006	14.160683
1.7201858	1.2072084	9.7027006	14.177139
1.7170672	1.2178397	9.7018595	14.177139
1.7201858	1.22235	9.7035418	14.164796
1.7186265	1.2307262	9.7027006	14.185367
1.7201858	1.214296	9.7035418	14.168911
1.7233043	1.1991543	9.7035418	14.156569
1.7233043	1.2075305	9.7035418	14.164796
1.7201858	1.1978656	9.7035418	14.164796
1.7201858	1.1956105	9.7043829	14.164796
1.7139487	1.1981878	9.7027006	14.218279
1.7201858	1.216229	9.7027006	14.197708
1.7201858	1.2078527	9.7035418	14.185367
1.7186265	1.21043	9.7027006	14.193595
1.7264228	1.1891673	9.7035418	14.156569
1.7201858	1.2059197	9.7035418	14.181252
1.7233043	1.2036645	9.7018595	14.177139
1.7233043	1.214296	9.7035418	14.160683
1.7248635	1.2020538	9.7018595	14.173024
1.721745	1.2026981	9.7027006	14.173024
1.715508	1.212363	9.7035418	14.168911
1.7186265	1.2130073	9.7018595	14.222392
1.7233043	1.2059197	9.7027006	14.197708
1.715508	1.2149403	9.7018595	14.205936
1.721745	1.2175176	9.7018595	14.181252
1.721745	1.22235	9.7018595	14.197708
1.7264228	1.224283	9.7010193	14.189481
1.7186265	1.2278268	9.7018595	14.205936
1.721745	1.2252495	9.7018595	14.226507
1.715508	1.208497	9.7035418	14.189481
1.721745	1.1853013	9.7035418	14.177139
1.7201858	1.18659	9.7027006	14.193595
1.7233043	1.1994765	9.7018595	14.238849
1.7186265	1.2023759	9.7027006	14.181252
1.7201858	1.2068862	9.7018595	14.185367
1.7170672	1.2159067	9.7035418	14.189481
1.7186265	1.2316927	9.7035418	14.222392
1.715508	1.2249273	9.7027006	14.189481
1.7170672	1.22235	9.7001781	14.205936
1.7123893	1.2287933	9.7018595	14.214165
1.7123893	1.2200949	9.7018595	14.168911
1.715508	1.2194506	9.7035418	14.177139
1.7170672	1.214296	9.7018595	14.177139
1.721745	1.2130073	9.7035418	14.197708
1.7186265	1.2023759	9.7018595	14.181252
1.7092708	1.2039868	9.7027006	14.185367
1.721745	1.2036645	9.7027006	14.181252
1.715508	1.1923889	9.7035418	14.164796
1.715508	1.2036645	9.7027006	14.164796
1.715508	1.2133294	9.7027006	14.185367
1.7123893	1.230404	9.7010193	14.238849
1.715508	1.2213836	9.7018595	14.168911
1.7077116	1.1978656	9.7018595	14.160683
1.7108301	1.1975435	9.7018595	14.193595
1.7139487	1.1994765	9.7027006	14.193595
1.7061523	1.21043	9.7027006	14.197708
1.7108301	1.2072084	9.7043829	14.177139
1.7108301	1.2175176	9.7018595	14.197708
1.7092708	1.2188063	9.7035418	14.210052
1.715508	1.2213836	9.7035418	14.177139
1.7014745	1.2355586	9.7027006	14.210052
1.7061523	1.2345922	9.7018595	14.205936
1.7030338	1.2168733	9.7043829	14.193595
1.7077116	1.2113965	9.7035418	14.193595
1.7108301	1.2091414	9.7027006	14.197708
1.7014745	1.2139738	9.7018595	14.193595
1.7092708	1.1975435	9.7027006	14.181252
1.7061523	1.194644	9.7052231	14.164796
1.7061523	1.2239609	9.7043829	14.23062
1.6983559	1.2217057	9.7035418	14.189481
1.6967967	1.2284712	9.7027006	14.181252
1.7061523	1.2139738	9.7043829	14.177139
1.6983559	1.2284712	9.7027006	14.181252
1.7014745	1.2210613	9.7027006	14.177139
1.7061523	1.208497	9.7043829	14.168911
1.6921189	1.2126851	9.7035418	14.177139
1.7061523	1.2097857	9.7018595	14.177139
1.7014745	1.2210613	9.7035418	14.193595
1.7014745	1.216229	9.7027006	14.177139
1.7014745	1.2226722	9.7001781	14.238849
1.6983559	1.2072084	9.7027006	14.185367
1.7014745	1.2094635	9.7027006	14.189481
1.7030338	1.2091414	9.7035418	14.193595
1.7061523	1.2107521	9.7043829	14.197708
1.6983559	1.2165511	9.7035418	14.201823
1.6983559	1.2229943	9.7043829	14.197708
1.7061523	1.2291155	9.7035418	14.226507
1.7014745	1.2287933	9.7018595	14.193595
1.7014745	1.2213836	9.7018595	14.193595
1.7030338	1.2062418	9.7027006	14.185367
1.7030338	1.2107521	9.7018595	14.226507
1.7061523	1.2171954	9.7018595	14.185367
1.7186265	1.2155846	9.7010193	14.193595
1.7139487	1.216229	9.7035418	14.214165
1.721745	1.2001208	9.7001781	14.181252
1.727982	1.2113965	9.699338	14.193595
1.7357785	1.2107521	9.7010193	14.189481
1.7482526	1.2094635	9.699338	14.214165
1.7591673	1.2030202	9.7018595	14.168911
1.7654045	1.1904559	9.6984968	14.14834
1.7763193	1.1972213	9.7010193	14.131884
1.7809972	1.2075305	9.7001781	14.140112
1.7981491	1.208497	9.7001781	14.152455
1.8075047	1.2226722	9.6984968	14.14834
1.821538	1.224283	9.6984968	14.131884
1.8246565	1.2236387	9.6984968	14.119543
1.8402492	1.2097857	9.6968145	14.094858
1.8496048	1.2072084	9.699338	14.090744
1.8605196	1.2110744	9.699338	14.12777
1.8698753	1.2091414	9.7010193	14.098971
1.8776717	1.2175176	9.699338	14.1072
1.8901457	1.2239609	9.6968145	14.123656
1.9010606	1.2316927	9.6968145	14.12777
1.9057384	1.2249273	9.699338	14.103086
1.9182125	1.214296	9.7010193	14.090744
1.9260088	1.2036645	9.6976557	14.090744
1.9369237	1.1943219	9.7010193	14.070174
1.9400423	1.1811131	9.6984968	14.057832
1.9493979	1.1904559	9.6968145	14.090744
1.9587533	1.2046311	9.7001781	14.090744
1.968109	1.2097857	9.699338	14.070174
1.9634312	1.208497	9.699338	14.082516
1.9712275	1.2068862	9.699338	14.078403
1.9805832	1.2233166	9.7001781	14.103086
1.9837017	1.2194506	9.7027006	14.053719
1.985261	1.2023759	9.7010193	14.049603
1.9946166	1.2101078	9.7010193	14.094858
1.9930574	1.2046311	9.699338	14.078403
1.9992944	1.1994765	9.7018595	14.070174
2.002413	1.1914223	9.6984968	14.06606
2.002413	1.2007651	9.7001781	14.061946
2.0055315	1.2039868	9.7018595	14.041375
2.0102093	1.1985099	9.7018595	14.049603
2.0086501	1.2010872	9.7010193	14.02492
2.0148871	1.1988322	9.7010193	14.041375
2.0133278	1.1930332	9.7018595	14.033148
2.0226834	1.1885229	9.7027006	14.041375
2.0148871	1.2062418	9.699338	14.090744
2.0180056	1.2149403	9.7018595	14.070174
2.0133278	1.2133294	9.7018595	14.078403
2.0148871	1.2255716	9.7018595	14.070174
2.0195649	1.2159067	9.7010193	14.082516
2.0211241	1.2252495	9.7035418	14.06606
2.0195649	1.2146181	9.7010193	14.06606
2.0211241	1.1959326	9.7043829	14.070174
2.0211241	1.2133294	9.7018595	14.078403
2.0242426	1.2130073	9.7018595	14.057832
2.0242426	1.21043	9.7052231	14.057832
2.0289204	1.1914223	9.7035418	14.061946
2.0273612	1.2039868	9.7018595	14.053719
2.0335982	1.2059197	9.7010193	14.04549
2.0273612	1.1930332	9.7018595	14.049603
2.0304797	1.1939996	9.7018595	14.04549
2.0304797	1.2046311	9.7027006	14.070174
2.0367167	1.2126851	9.7018595	14.057832
2.0367167	1.1991543	9.7018595	14.070174
2.0476315	1.1872343	9.7010193	14.02492
2.0413945	1.196577	9.7018595	14.041375
2.0491908	1.2023759	9.7018595	14.033148
2.044513	1.2017316	9.7018595	14.049603
2.0507503	1.192711	9.7010193	14.029035
2.0523095	1.2039868	9.7010193	14.061946
2.0523095	1.2007651	9.7027006	14.033148
2.0507503	1.2010872	9.7035418	14.041375
2.0507503	1.196577	9.7027006	14.020806
2.0538688	1.1991543	9.7027006	14.008463
2.0601058	1.21043	9.7027006	14.041375
2.0569873	1.2046311	9.7027006	14.016691
2.0585465	1.2023759	9.7027006	14.04549
2.0585465	1.2036645	9.7035418	14.04549
2.0616651	1.2136517	9.7001781	14.053719
2.0647836	1.2088192	9.7010193	14.037262
2.0663428	1.2068862	9.7035418	14.04549
2.0647836	1.2007651	9.7018595	14.016691
2.0663428	1.1901337	9.7018595	14.012578
2.0694613	1.1949662	9.7018595	14.020806
2.0710206	1.1859456	9.7018595	14.012578
2.0694613	1.190778	9.7018595	14.016691
2.0725799	1.1914223	9.7018595	14.037262
2.0725799	1.2113965	9.7027006	14.06606
2.0710206	1.1930332	9.7035418	14.029035
2.0725799	1.1856234	9.7027006	14.020806
2.0741391	1.1843348	9.7018595	14.033148
2.0756984	1.1923889	9.7027006	14.02492
2.0772576	1.2020538	9.7027006	14.041375
2.0756984	1.1985099	9.7010193	14.037262
2.0772576	1.1923889	9.7018595	14.033148
2.0772576	1.2139738	9.7027006	14.04549
2.0772576	1.2081748	9.7010193	14.016691
2.0756984	1.2043089	9.7027006	14.020806
2.0788169	1.1994765	9.7027006	14.029035
2.0756984	1.194644	9.7018595	13.996122
2.0788169	1.1985099	9.7035418	14.00435
2.0772576	1.1904559	9.7027006	14.016691
2.0772576	1.1720926	9.7035418	13.987894
2.0756984	1.1817575	9.7001781	14.053719
2.0756984	1.18659	9.7018595	14.02492
2.0710206	1.2020538	9.7035418	14.037262
2.0710206	1.1972213	9.7018595	14.020806
2.0756984	1.1920667	9.7027006	14.020806
2.0756984	1.2068862	9.7027006	14.037262
2.0788169	1.190778	9.7027006	14.020806
2.0756984	1.1930332	9.7010193	14.057832
2.0741391	1.184657	9.7035418	14.016691
2.0710206	1.1956105	9.7027006	14.029035
2.0725799	1.2097857	9.7027006	14.041375
2.0725799	1.2097857	9.7018595	14.06606
2.0694613	1.2171954	9.7035418	14.033148
2.0725799	1.218484	9.7043829	14.02492
2.0741391	1.2130073	9.7035418	14.016691
2.0694613	1.2113965	9.7027006	14.037262
2.0679021	1.2068862	9.7052231	14.02492
2.0694613	1.1991543	9.7001781	14.033148
2.0679021	1.1952883	9.7043829	14.04549
2.0601058	1.2039868	9.7018595	14.029035
2.0647836	1.1988322	9.7043829	14.029035
2.0663428	1.1766028	9.7018595	14.00435
2.0632243	1.1853013	9.7035418	14.029035
2.0710206	1.1920667	9.7018595	14.020806
2.0616651	1.1843348	9.7027006	14.02492
2.0632243	1.180791	9.7027006	14.033148
2.0601058	1.1824018	9.7043829	14.00435
2.0616651	1.18659	9.7027006	14.008463
2.055428	1.1959326	9.7035418	14.012578
2.0616651	1.1914223	9.7018595	14.02492
2.0616651	1.192711	9.7018595	14.016691
2.0569873	1.2165511	9.7027006	14.053719
2.0601058	1.2149403	9.7027006	14.049603
2.0523095	1.2094635	9.7018595	14.041375
2.0507503	1.184657	9.7043829	14.02492
2.055428	1.1933553	9.7027006	14.049603
2.0523095	1.180791	9.7035418	14.029035
2.044513	1.1795024	9.7043829	14.012578
2.0491908	1.1659715	9.7027006	14.016691
2.0523095	1.1801467	9.7043829	14.037262
2.0585465	1.194644	9.7035418	14.041375
2.0507503	1.2049532	9.7035418	14.041375
2.0507503	1.2072084	9.7027006	14.016691
2.0460722	1.2113965	9.7010193	14.057832
2.0429537	1.2155846	9.7035418	14.049603
2.0460722	1.2175176	9.7010193	14.04549
2.0460722	1.2033424	9.7018595	14.041375
2.044513	1.2010872	9.7035418	14.04549
2.0460722	1.2020538	9.7035418	14.037262
2.044513	1.2030202	9.7027006	14.041375
2.0398352	1.196577	9.7010193	14.061946
2.0429537	1.1759585	9.7018595	14.02492
2.0460722	1.1753142	9.7027006	14.029035
2.038276	1.1840127	9.7010193	14.04549
2.0367167	1.1714482	9.7043829	14.02492
2.0367167	1.1714482	9.7035418	14.008463
2.0351574	1.1894894	9.7043829	14.02492
2.0367167	1.184657	9.7027006	14.029035
2.038276	1.1956105	9.7027006	14.06606
2.0335982	1.2007651	9.7018595	14.049603
2.0335982	1.2023759	9.7027006	14.049603
2.0304797	1.2152624	9.7018595	14.061946
2.0351574	1.2010872	9.7035418	14.053719
2.0335982	1.1943219	9.7043829	14.029035
2.0289204	1.1898116	9.7035418	14.02492
2.0320389	1.2068862	9.7018595	14.074287
2.0289204	1.1775694	9.7027006	14.02492
2.0242426	1.1911002	9.7027006	14.06606
2.0273612	1.1962548	9.7035418	14.053719
2.0211241	1.18659	9.7018595	14.057832
2.0148871	1.188845	9.7027006	14.016691
2.0242426	1.18659	9.7018595	14.033148
2.0195649	1.1962548	9.7027006	14.02492
2.0258019	1.1914223	9.7010193	14.029035
2.0211241	1.1985099	9.7010193	14.041375
2.0226834	1.2078527	9.7018595	14.06606
2.0180056	1.2094635	9.7018595	14.074287
2.0195649	1.2126851	9.7018595	14.029035
2.0211241	1.2033424	9.7035418	14.02492
2.0226834	1.2229943	9.7027006	14.06606
2.0133278	1.2110744	9.7035418	14.061946
2.0180056	1.2055975	9.7027006	14.037262
2.0117686	1.1949662	9.7035418	14.020806
2.0164464	1.192711	9.7027006	14.061946
2.0117686	1.1785358	9.7043829	14.037262
2.0102093	1.1817575	9.7035418	14.037262
2.0117686	1.194644	9.7027006	14.037262
2.0133278	1.2117187	9.7035418	14.057832
2.0070908	1.2171954	9.7010193	14.049603
2.0086501	1.214296	9.7027006	14.037262
2.0055315	1.2139738	9.7018595	14.049603
2.0086501	1.2039868	9.7027006	14.061946
2.0055315	1.2020538	9.7018595	14.041375
1.9977351	1.1898116	9.7043829	14.037262
2.002413	1.1917446	9.7035418	14.053719
2.002413	1.2078527	9.7018595	14.037262
1.9992944	1.2088192	9.7052231	14.041375
2.0008538	1.2023759	9.7035418	14.033148
2.0039723	1.2023759	9.7035418	14.02492
1.9977351	1.1901337	9.7027006	14.04549
1.9961759	1.2033424	9.7035418	14.049603
1.9977351	1.1904559	9.7018595	14.053719
2.002413	1.2026981	9.7010193	14.061946
1.9992944	1.1824018	9.7035418	14.029035
1.9946166	1.1778915	9.7018595	14.037262
1.9977351	1.180791	9.7027006	14.037262
2.0008538	1.1901337	9.7027006	14.041375
1.9992944	1.1972213	9.7018595	14.04549
2.0008538	1.1894894	9.7035418	14.020806
1.9992944	1.2171954	9.7018595	14.061946
1.9992944	1.2268603	9.7035418	14.049603
1.9961759	1.2055975	9.7035418	14.04549
1.9946166	1.1875564	9.7018595	14.016691
1.9977351	1.2020538	9.7018595	14.037262
1.9992944	1.2072084	9.7052231	14.02492
2.0008538	1.2094635	9.7035418	14.04549
1.9992944	1.1997986	9.7027006	14.057832
2.0008538	1.2155846	9.7018595	14.074287
1.9992944	1.2146181	9.7027006	14.04549
1.9930574	1.2130073	9.7027006	14.037262
1.9961759	1.188845	9.7043829	14.029035
1.9946166	1.1853013	9.7027006	14.049603
1.9977351	1.2081748	9.7018595	14.037262
1.9977351	1.2001208	9.7035418	14.070174
1.9946166	1.1959326	9.7035418	14.041375
1.9992944	1.1968992	9.7010193	14.049603
2.002413	1.2107521	9.7027006	14.049603
2.0039723	1.2246052	9.7035418	14.082516
2.0008538	1.2165511	9.7027006	14.049603
2.0055315	1.2278268	9.7018595	14.053719
2.0055315	1.2117187	9.7018595	14.037262
2.0102093	1.2068862	9.7018595	14.033148
2.0102093	1.2059197	9.7010193	14.033148
2.0055315	1.1985099	9.7018595	14.053719
2.0086501	1.1930332	9.7018595	14.061946
2.0117686	1.1894894	9.7027006	14.053719
2.0102093	1.2072084	9.7035418	14.057832
2.0070908	1.2007651	9.7027006	14.041375
2.0102093	1.1968992	9.7018595	14.057832
2.0086501	1.1994765	9.7035418	14.02492
2.0117686	1.2049532	9.7010193	14.041375
2.0164464	1.2055975	9.7027006	14.04549
2.0226834	1.2033424	9.7018595	14.029035
2.0164464	1.2081748	9.7035418	14.041375
2.0226834	1.2265382	9.7010193	14.070174
2.0242426	1.2226722	9.7027006	14.037262
2.0273612	1.2229943	9.7018595	14.041375
2.0211241	1.2107521	9.7035418	14.04549
2.0289204	1.2033424	9.7010193	14.049603
2.0273612	1.1991543	9.7027006	14.04549
2.0320389	1.1840127	9.7010193	14.049603
2.038276	1.188845	9.7018595	14.057832
2.0398352	1.1782137	9.7027006	14.041375
2.0398352	1.1843348	9.7027006	14.02492
2.0429537	1.1930332	9.7035418	14.033148
2.0460722	1.1949662	9.7027006	14.016691
2.055428	1.1859456	9.7018595	14.00435
2.0491908	1.1820797	9.7010193	14.02492
2.0569873	1.188845	9.7010193	14.041375
2.0647836	1.1920667	9.7027006	14.02492
2.0585465	1.1914223	9.7018595	14.012578
2.0632243	1.1923889	9.7018595	14.00435
2.0663428	1.1911002	9.7010193	14.008463
2.0679021	1.2146181	9.7001781	14.008463
2.0756984	1.1994765	9.7010193	14.008463
2.0710206	1.2046311	9.7018595	14.029035
2.0772576	1.2030202	9.7010193	14.02492
2.091291	1.2081748	9.7027006	14.000236
2.091291	1.2065641	9.7001781	14.00435
2.097528	1.1991543	9.7018595	14.016691
2.0866134	1.1894894	9.7027006	13.996122
2.0897317	1.1878786	9.7027006	14.00435
2.0990872	1.2004429	9.7018595	14.008463
2.0990872	1.1978656	9.7018595	14.00435
2.102206	1.1920667	9.7027006	14.02492
2.0990872	1.1981878	9.7018595	14.016691
2.1068838	1.2068862	9.7010193	14.037262
2.102206	1.2101078	9.7018595	14.016691
2.1100023	1.2136517	9.7018595	14.02492
2.1115615	1.2097857	9.7035418	13.983779
2.1131208	1.2146181	9.7035418	14.008463
2.1146801	1.2287933	9.7018595	14.037262
2.1146801	1.2233166	9.7001781	14.02492
2.1224763	1.2213836	9.7018595	14.02492
2.1146801	1.2101078	9.7010193	13.996122
2.1193578	1.1988322	9.7027006	14.008463
2.1240356	1.1801467	9.7027006	13.992007
2.1224763	1.1875564	9.7010193	13.992007
2.1255949	1.1988322	9.7018595	14.02492
2.1302726	1.188845	9.7018595	13.983779
2.1302726	1.2072084	9.7027006	14.000236
2.1255949	1.2020538	9.7035418	13.983779
2.1255949	1.2055975	9.7043829	14.008463
2.1365099	1.196577	9.7027006	14.00435
2.1333914	1.2036645	9.7035418	14.008463
2.1302726	1.2113965	9.7027006	14.000236
2.1271541	1.1988322	9.7018595	14.012578
2.1365099	1.1914223	9.7010193	13.971437
2.1302726	1.1901337	9.7018595	13.987894
2.1302726	1.1959326	9.7035418	14.008463
2.1333914	1.1746699	9.7035418	13.967323
2.1302726	1.1708039	9.7018595	13.996122
2.1302726	1.1824018	9.7018595	13.996122
2.1271541	1.1882007	9.7018595	14.000236
2.1318321	1.1766028	9.7018595	13.96321
2.1318321	1.180791	9.7043829	13.983779
2.1333914	1.1936775	9.7018595	14.020806
2.1333914	1.1917446	9.7010193	14.000236
2.1333914	1.2081748	9.7035418	14.012578
2.1365099	1.2001208	9.7010193	14.016691
2.1349506	1.2020538	9.7018595	14.016691
2.1333914	1.2039868	9.7043829	14.029035
2.1365099	1.2036645	9.7010193	14.00435
2.1333914	1.1956105	9.7027006	13.979666
2.1302726	1.2052754	9.7001781	14.037262
2.1318321	1.2068862	9.7027006	14.020806
2.1255949	1.2075305	9.7043829	14.012578
2.1271541	1.2178397	9.7018595	14.029035
2.1271541	1.2258939	9.7010193	14.037262
2.1287134	1.2236387	9.7027006	14.00435
2.1271541	1.2149403	9.7010193	14.00435
2.1209171	1.2120408	9.7018595	14.008463
2.1224763	1.2068862	9.7018595	13.983779
2.1209171	1.1956105	9.7018595	14.000236
2.1224763	1.1859456	9.7043829	13.992007
2.1224763	1.1762807	9.7018595	13.996122
2.1240356	1.188845	9.7027006	13.992007
2.1193578	1.1959326	9.7035418	14.012578
2.1240356	1.1952883	9.7035418	14.012578
2.1162393	1.1824018	9.7018595	13.96321
2.1177986	1.2062418	9.7027006	14.000236
2.1146801	1.2049532	9.7018595	13.996122
2.1146801	1.2046311	9.7027006	14.029035
2.1177986	1.2001208	9.7035418	13.996122
2.1131208	1.1949662	9.7018595	14.00435
2.1146801	1.2113965	9.7010193	14.020806
2.1068838	1.2010872	9.7018595	14.00435
2.108443	1.1801467	9.7010193	13.996122
2.1037652	1.1769251	9.7035418	14.008463
2.1053245	1.1778915	9.7027006	14.00435
2.1115615	1.1811131	9.7027006	13.996122
2.1100023	1.1762807	9.7027006	14.000236
2.1068838	1.1972213	9.7035418	14.000236
2.1053245	1.2052754	9.7018595	14.033148
2.1053245	1.218484	9.7027006	14.012578
2.1068838	1.2297598	9.7018595	14.012578
2.1068838	1.2239609	9.7018595	14.012578
2.1115615	1.2188063	9.7010193	13.992007
2.1037652	1.2165511	9.7035418	14.012578
2.1053245	1.2007651	9.7027006	14.012578
2.0990872	1.1952883	9.7043829	14.053719
2.0990872	1.188845	9.7027006	14.02492
2.102206	1.1875564	9.7018595	14.041375
2.1006467	1.1830461	9.7027006	14.008463
2.091291	1.1875564	9.7027006	14.041375
2.1006467	1.1923889	9.7035418	13.996122
2.1006467	1.1911002	9.7027006	13.992007
2.0959687	1.1978656	9.7027006	14.012578
2.1037652	1.2075305	9.7027006	14.029035
2.097528	1.2091414	9.7035418	14.029035
2.102206	1.2200949	9.7043829	14.020806
2.0944095	1.2101078	9.7018595	14.02492
2.0944095	1.2139738	9.7018595	14.012578
2.0897317	1.1975435	9.7010193	13.979666
2.091291	1.192711	9.7043829	14.00435
2.091291	1.1885229	9.7035418	14.020806
2.091291	1.1875564	9.7027006	14.02492
2.0944095	1.2068862	9.7035418	14.029035
2.0881724	1.1801467	9.7027006	14.037262
2.0897317	1.1872343	9.7018595	14.016691
2.0866134	1.1869121	9.7018595	14.020806
2.0850542	1.2043089	9.7035418	14.016691
2.0881724	1.2046311	9.7027006	14.033148
2.0803761	1.1981878	9.7010193	14.000236
2.0803761	1.2020538	9.7027006	14.020806
2.0897317	1.1923889	9.7027006	13.996122
2.0850542	1.1943219	9.7010193	14.016691
2.0834949	1.1952883	9.7010193	14.029035
2.0772576	1.1833683	9.7027006	13.996122
2.0819356	1.1959326	9.7035418	14.016691
2.0803761	1.2078527	9.7027006	14.020806
2.0725799	1.2017316	9.7018595	14.00435
2.0741391	1.1833683	9.7043829	13.996122
2.0725799	1.1833683	9.7035418	14.000236
2.0803761	1.1968992	9.7043829	14.016691
2.0710206	1.1840127	9.7018595	14.00435
2.0741391	1.1762807	9.7035418	14.00435
2.0694613	1.1939996	9.7035418	14.00435
2.0616651	1.2043089	9.7027006	14.000236
2.0647836	1.2101078	9.7035418	13.987894
2.0741391	1.2052754	9.7027006	14.00435
2.0725799	1.2065641	9.7018595	13.987894
2.0710206	1.2094635	9.7043829	14.000236
2.0616651	1.2110744	9.7027006	14.000236
2.0616651	1.2117187	9.7043829	13.975552
2.0663428	1.1872343	9.7035418	13.975552
2.0632243	1.190778	9.7018595	14.00435
2.0647836	1.192711	9.7027006	13.996122
2.0647836	1.1978656	9.7027006	14.000236
2.0538688	1.2014095	9.7027006	14.016691
2.0585465	1.2036645	9.7069054	14.008463
2.055428	1.2133294	9.7043829	14.049603
2.0523095	1.1949662	9.7035418	14.000236
2.0601058	1.1978656	9.7027006	14.000236
2.0507503	1.194644	9.7027006	14.00435
2.0538688	1.1862677	9.7018595	13.983779
2.0476315	1.1882007	9.7035418	13.996122
2.0507503	1.2062418	9.7018595	14.00435
2.0569873	1.2030202	9.7035418	14.029035
2.0460722	1.2055975	9.7027006	13.996122
2.038276	1.2175176	9.7018595	14.00435
2.0429537	1.2181619	9.7027006	13.996122
2.0460722	1.2200949	9.7035418	14.02492
2.0398352	1.2101078	9.7027006	14.008463
2.0476315	1.2120408	9.7043829	14.029035
2.0367167	1.212363	9.7035418	14.04549
2.044513	1.2113965	9.7035418	14.049603
2.0429537	1.2107521	9.7027006	14.02492
2.0413945	1.192711	9.7027006	14.02492
2.038276	1.2113965	9.7043829	14.053719
2.0351574	1.1914223	9.7043829	13.987894
2.0320389	1.1875564	9.7027006	14.016691
2.0320389	1.1843348	9.7027006	14.00435
2.0273612	1.1820797	9.7043829	14.033148
2.0304797	1.2088192	9.7018595	14.053719
2.0320389	1.192711	9.7035418	14.033148
2.0304797	1.2062418	9.7027006	14.057832
2.0273612	1.1952883	9.7018595	14.033148
2.0242426	1.2091414	9.7043829	14.029035
2.0273612	1.2171954	9.7018595	14.053719
2.0211241	1.2036645	9.7010193	14.04549
2.0195649	1.2101078	9.7052231	14.02492
2.0258019	1.2072084	9.7027006	14.029035
2.0258019	1.21043	9.7018595	14.04549
2.0133278	1.1968992	9.7035418	14.02492
2.0117686	1.1859456	9.7018595	14.04549
2.0102093	1.1943219	9.7027006	14.057832
2.0133278	1.1988322	9.7018595	14.041375
2.0117686	1.1968992	9.7027006	14.016691
2.0102093	1.1840127	9.7035418	13.996122
2.0117686	1.1978656	9.7035418	14.029035
2.0008538	1.1920667	9.7035418	14.008463
2.0055315	1.2043089	9.7052231	14.049603
2.002413	1.1985099	9.7035418	14.029035
2.0039723	1.2130073	9.7052231	14.033148
2.002413	1.2065641	9.7027006	14.008463
1.9992944	1.2097857	9.7052231	14.02492
1.991498	1.2078527	9.7043829	14.008463
1.9868202	1.2133294	9.7052231	14.057832
1.9883795	1.214296	9.7043829	14.029035
1.985261	1.1836904	9.7035418	14.00435
1.9868202	1.1759585	9.7027006	14.016691
1.9883795	1.1817575	9.7027006	14.041375
1.9868202	1.180791	9.7035418	14.061946
1.985261	1.1853013	9.7035418	14.041375
1.985261	1.1836904	9.7027006	14.053719
1.974346	1.1917446	9.7035418	14.037262
1.974346	1.1985099	9.7043829	14.053719
1.9774647	1.2101078	9.7027006	14.037262
1.9774647	1.2213836	9.7052231	14.090744
1.9696683	1.1997986	9.7018595	14.041375
1.968109	1.2155846	9.7027006	14.053719
1.968109	1.2017316	9.7035418	14.029035
1.9649905	1.1939996	9.7027006	14.049603
1.9649905	1.1891673	9.7035418	14.04549
1.9665498	1.188845	9.7035418	14.04549
1.961872	1.1962548	9.7027006	14.070174
1.961872	1.1843348	9.7018595	14.037262
1.9587533	1.1859456	9.7018595	14.057832
1.9603126	1.1824018	9.7035418	14.02492
1.9603126	1.2036645	9.7035418	14.090744
1.9634312	1.1920667	9.7035418	14.016691
1.9603126	1.1785358	9.7027006	14.033148
1.9603126	1.1824018	9.7018595	14.04549
1.9571941	1.2081748	9.7035418	14.053719
1.9493979	1.2039868	9.7027006	14.053719
1.9525163	1.1994765	9.7035418	14.041375
1.9603126	1.2136517	9.7027006	14.078403
1.9556348	1.2101078	9.7027006	14.037262
1.9587533	1.2188063	9.7018595	14.053719
1.9556348	1.2097857	9.7035418	14.02492
1.9540756	1.1978656	9.7035418	14.012578
1.9556348	1.1985099	9.7010193	14.061946
1.9556348	1.1988322	9.7018595	14.061946
1.9556348	1.2091414	9.7018595	14.078403
1.9493979	1.2020538	9.7010193	14.057832
1.9525163	1.21043	9.7035418	14.061946
1.9478387	1.2194506	9.7035418	14.053719
1.9462794	1.2278268	9.7027006	14.078403
1.9571941	1.2281489	9.7018595	14.070174
1.9478387	1.1988322	9.7035418	14.04549
1.9447201	1.2171954	9.7010193	14.078403
1.9478387	1.2175176	9.7035418	14.061946
1.9462794	1.196577	9.7027006	14.057832
1.9509572	1.1997986	9.7035418	14.086631
1.9462794	1.1843348	9.7035418	14.053719
1.9462794	1.1959326	9.7010193	14.04549
1.9462794	1.2072084	9.7018595	14.057832
1.9478387	1.2055975	9.7035418	14.057832
1.9447201	1.2030202	9.7018595	14.061946
1.9447201	1.1968992	9.7035418	14.057832
1.9416015	1.1933553	9.7018595	14.04549
1.9447201	1.182724	9.7010193	14.049603
1.9369237	1.1882007	9.7052231	14.049603
1.9400423	1.1904559	9.7035418	14.053719
1.9462794	1.2014095	9.7035418	14.061946
1.9493979	1.2068862	9.7010193	14.090744
1.9400423	1.2068862	9.7010193	14.049603
1.9369237	1.2088192	9.7035418	14.049603
1.9431609	1.2133294	9.7027006	14.037262
1.938483	1.2126851	9.7035418	14.04549
1.9431609	1.1914223	9.7027006	14.053719
1.938483	1.1943219	9.7027006	14.074287
1.9369237	1.1875564	9.7035418	14.04549
1.938483	1.1853013	9.7018595	14.04549
1.9306867	1.1882007	9.7035418	14.049603
1.9338052	1.1991543	9.7035418	14.074287
1.9353645	1.2168733	9.7043829	14.111315
1.9338052	1.2146181	9.7010193	14.06606
1.9291275	1.212363	9.7035418	14.074287
1.938483	1.212363	9.7035418	14.074287
1.9291275	1.216229	9.7027006	14.057832
1.9306867	1.2165511	9.7018595	14.078403
1.9306867	1.2059197	9.7027006	14.061946
1.932246	1.1943219	9.7018595	14.103086
1.9291275	1.2059197	9.7027006	14.086631
1.9275682	1.2026981	9.7043829	14.074287
1.921331	1.2017316	9.7027006	14.074287
1.9275682	1.2039868	9.7010193	14.1072
1.9228903	1.2075305	9.7018595	14.082516
1.9228903	1.2236387	9.7018595	14.082516
1.9306867	1.2210613	9.7027006	14.074287
1.9182125	1.2107521	9.7027006	14.06606
1.921331	1.2155846	9.7018595	14.098971
1.9182125	1.2168733	9.7035418	14.074287
1.9182125	1.2030202	9.7052231	14.086631
1.915094	1.1930332	9.7018595	14.082516
1.9197718	1.1943219	9.7027006	14.057832
1.9166533	1.1972213	9.7043829	14.061946
1.9182125	1.2033424	9.7018595	14.053719
1.9119755	1.2023759	9.7018595	14.049603
1.9088569	1.1985099	9.7018595	14.070174
1.915094	1.2155846	9.7027006	14.090744
1.9072976	1.2026981	9.7018595	14.057832
1.9088569	1.2278268	9.7010193	14.094858
1.9088569	1.2136517	9.7027006	14.078403
1.9057384	1.2030202	9.7035418	14.078403
1.9041791	1.212363	9.7018595	14.070174
1.9072976	1.208497	9.7001781	14.070174
1.9057384	1.2088192	9.7027006	14.061946
1.9057384	1.2017316	9.7010193	14.090744
1.9026198	1.21043	9.7018595	14.053719
1.9041791	1.2017316	9.7018595	14.061946
1.9026198	1.1959326	9.7027006	14.070174
1.8995013	1.1882007	9.7035418	14.057832
1.8963828	1.1869121	9.7027006	14.037262
1.8979421	1.1985099	9.7027006	14.041375
1.8948234	1.1959326	9.7027006	14.078403
1.8901457	1.2010872	9.7043829	14.061946
1.8948234	1.1943219	9.7052231	14.04549
1.8932642	1.2036645	9.7052231	14.057832
1.8979421	1.2120408	9.7018595	14.053719
1.8948234	1.2120408	9.7035418	14.06606
1.8917049	1.22235	9.7018595	14.061946
1.8917049	1.2252495	9.7018595	14.061946
1.8870271	1.2213836	9.7035418	14.033148
1.8885864	1.1901337	9.7027006	14.04549
1.8917049	1.1901337	9.7027006	14.061946
1.8854679	1.188845	9.7035418	14.06606
1.8839087	1.1830461	9.7018595	14.04549
1.879231	1.1782137	9.7035418	14.070174
1.879231	1.1756364	9.7035418	14.033148
1.8870271	1.2001208	9.7027006	14.074287
1.8761123	1.2017316	9.7052231	14.070174
1.8776717	1.2065641	9.7027006	14.090744
1.8823495	1.2130073	9.7018595	14.090744
1.879231	1.214296	9.7035418	14.061946
1.8776717	1.2094635	9.7035418	14.053719
1.879231	1.2030202	9.7035418	14.049603
1.8729938	1.2155846	9.7018595	14.061946
1.8745531	1.2181619	9.7018595	14.061946
1.8761123	1.2210613	9.7018595	14.04549
1.8776717	1.2152624	9.7035418	14.074287
1.8729938	1.2004429	9.7035418	14.04549
1.8729938	1.2043089	9.7018595	14.057832
1.8683161	1.1901337	9.7018595	14.06606
1.8651975	1.182724	9.7027006	14.061946
1.8745531	1.1843348	9.7035418	14.041375
1.8683161	1.1997986	9.7018595	14.053719
1.8667568	1.2007651	9.7027006	14.061946
1.8605196	1.1959326	9.7018595	14.053719
1.8589604	1.2065641	9.7035418	14.04549
1.8651975	1.2117187	9.7027006	14.057832
1.8589604	1.2165511	9.7027006	14.086631
1.8605196	1.2088192	9.7035418	14.06606
1.8636383	1.2065641	9.7035418	14.078403
1.8574011	1.2062418	9.7027006	14.049603
1.8589604	1.2120408	9.7018595	14.103086
1.8574011	1.2068862	9.7052231	14.061946
1.8558419	1.1901337	9.7018595	14.074287
1.8558419	1.1981878	9.7010193	14.111315
1.8605196	1.218484	9.7027006	14.123656
1.8542826	1.2171954	9.7027006	14.103086
1.8527234	1.2117187	9.7001781	14.078403
1.8511641	1.2023759	9.7001781	14.111315
1.844927	1.2139738	9.7052231	14.070174
1.8433677	1.2107521	9.7027006	14.090744
1.8496048	1.2110744	9.7035418	14.082516
1.8464863	1.2155846	9.7052231	14.078403
1.8464863	1.2033424	9.7010193	14.078403
1.8433677	1.2139738	9.7027006	14.094858
1.844927	1.2094635	9.7027006	14.082516
1.8433677	1.1920667	9.7035418	14.057832
1.8418084	1.1840127	9.7035418	14.070174
1.844927	1.1991543	9.7043829	14.070174
1.8402492	1.2026981	9.7035418	14.049603
1.8355714	1.2030202	9.7027006	14.090744
1.8402492	1.2081748	9.7018595	14.078403
1.8324529	1.2039868	9.7018595	14.090744
1.8340122	1.1994765	9.7043829	14.053719
1.8355714	1.1978656	9.7018595	14.06606
1.8324529	1.1885229	9.7035418	14.057832
1.8324529	1.1930332	9.7027006	14.078403
1.8340122	1.1904559	9.7035418	14.049603
1.8293343	1.2094635	9.7043829	14.1072
1.8324529	1.2133294	9.7027006	14.078403
1.827775	1.2159067	9.7035418	14.053719
1.8308936	1.2178397	9.7018595	14.04549
1.8308936	1.2039868	9.7018595	14.086631
1.8340122	1.2226722	9.7027006	14.086631
1.8340122	1.2265382	9.7010193	14.103086
1.8308936	1.1978656	9.7027006	14.06606
1.8308936	1.1949662	9.7027006	14.082516
1.8308936	1.1869121	9.7027006	14.098971
1.8324529	1.1933553	9.7035418	14.082516
1.8293343	1.1762807	9.7027006	14.070174
1.8293343	1.1904559	9.7027006	14.103086
1.8340122	1.1914223	9.7027006	14.049603
1.8371307	1.2033424	9.7027006	14.086631
1.8371307	1.2052754	9.7010193	14.061946
1.8293343	1.2072084	9.7035418	14.103086
1.8340122	1.216229	9.7010193	14.078403
1.8371307	1.2194506	9.7027006	14.082516
1.8324529	1.226216	9.7027006	14.078403
1.8308936	1.212363	9.7035418	14.111315
1.8355714	1.2078527	9.7018595	14.078403
1.8355714	1.1991543	9.7010193	14.061946
1.8355714	1.1975435	9.7027006	14.057832
1.8324529	1.1939996	9.7027006	14.074287
1.8308936	1.1840127	9.7018595	14.074287
1.8308936	1.1985099	9.7018595	14.074287
1.8340122	1.1939996	9.7018595	14.086631
1.8262157	1.1972213	9.7010193	14.06606
1.8355714	1.1875564	9.7027006	14.074287
1.8371307	1.1952883	9.7035418	14.049603
1.8324529	1.1978656	9.7027006	14.098971
1.8340122	1.196577	9.7018595	14.053719
1.8355714	1.1849791	9.7035418	14.074287
1.8402492	1.2026981	9.7027006	14.090744
1.8418084	1.208497	9.7018595	14.111315
1.844927	1.216229	9.7027006	14.090744
1.844927	1.2229943	9.7027006	14.078403
1.8511641	1.2252495	9.7010193	14.1072
1.8496048	1.2278268	9.7010193	14.090744
1.8589604	1.216229	9.7010193	14.090744
1.8574011	1.2072084	9.7027006	14.078403
1.8574011	1.2159067	9.7001781	14.090744
1.8527234	1.2152624	9.7010193	14.094858
1.8636383	1.1952883	9.7018595	14.061946
1.8667568	1.1939996	9.7010193	14.082516
1.8636383	1.2007651	9.7018595	14.074287
1.8761123	1.194644	9.7018595	14.053719
1.8698753	1.1911002	9.7027006	14.057832
1.8776717	1.1872343	9.7010193	14.049603
1.879231	1.2001208	9.7010193	14.074287
1.8839087	1.1968992	9.7010193	14.041375
1.8839087	1.2033424	9.7001781	14.06606
1.8917049	1.2081748	9.7010193	14.04549
1.8839087	1.224283	9.7018595	14.078403
1.8901457	1.218484	9.7001781	14.04549
1.8963828	1.2130073	9.7010193	14.06606
1.8948234	1.2007651	9.7018595	14.029035
1.8979421	1.1956105	9.7027006	14.070174
1.9026198	1.18659	9.7027006	14.041375
1.9041791	1.1843348	9.7018595	14.053719
1.9057384	1.1962548	9.7018595	14.049603
1.9057384	1.2001208	9.7010193	14.078403
1.9104161	1.1952883	9.7035418	14.061946
1.9119755	1.2039868	9.7018595	14.049603
1.9135348	1.2097857	9.7018595	14.04549
1.9088569	1.2039868	9.7010193	14.061946
1.9197718	1.2081748	9.7018595	14.094858
1.9119755	1.21043	9.7027006	14.082516
1.9119755	1.1981878	9.7010193	14.053719
1.9197718	1.2049532	9.7027006	14.070174
1.921331	1.194644	9.7035418	14.033148
1.921331	1.190778	9.7027006	14.057832
1.9228903	1.194644	9.7001781	14.04549
1.921331	1.2059197	9.7027006	14.090744
1.9228903	1.2030202	9.7027006	14.057832
1.9291275	1.1975435	9.7035418	14.057832
1.9306867	1.21043	9.7018595	14.074287
1.9275682	1.2033424	9.7018595	14.094858
1.9275682	1.2065641	9.7027006	14.078403
1.9275682	1.1878786	9.7027006	14.029035
1.9275682	1.1849791	9.7010193	14.057832
1.9275682	1.1917446	9.699338	14.029035
1.9260088	1.1853013	9.7043829	14.04549
1.9260088	1.1894894	9.7035418	14.057832
1.9260088	1.194644	9.7027006	14.074287
1.9291275	1.2001208	9.7035418	14.04549
1.9260088	1.2052754	9.7035418	14.04549
1.9306867	1.2117187	9.7027006	14.049603
1.9306867	1.22235	9.7035418	14.078403
1.9291275	1.2268603	9.7001781	14.057832
1.9291275	1.2136517	9.7035418	14.041375
1.9306867	1.2001208	9.7035418	14.070174
1.932246	1.1898116	9.7018595	14.074287
1.9275682	1.1711261	9.7027006	14.053719
1.9306867	1.1785358	9.7043829	14.06606
1.9275682	1.1753142	9.7035418	14.074287
1.9306867	1.1824018	9.7035418	14.037262
1.932246	1.1824018	9.7010193	14.06606
1.9244496	1.196577	9.7018595	14.074287
1.9306867	1.1939996	9.7043829	14.061946
1.9260088	1.2055975	9.7018595	14.070174
1.9275682	1.2014095	9.7035418	14.06606
1.9244496	1.2120408	9.7035418	14.111315
1.9260088	1.2159067	9.7027006	14.06606
1.9260088	1.2017316	9.7027006	14.070174
1.9244496	1.2194506	9.7027006	14.070174
1.9275682	1.1991543	9.7027006	14.074287
1.921331	1.2043089	9.7035418	14.078403
1.9275682	1.1811131	9.7035418	14.049603
1.9291275	1.178858	9.7027006	14.074287
1.9228903	1.1930332	9.7035418	14.074287
1.9244496	1.1917446	9.7027006	14.078403
1.9369237	1.2020538	9.7018595	14.049603
1.9665498	1.1853013	9.7010193	14.033148
2.0273612	1.2036645	9.6976557	14.020806
2.1380692	1.208497	9.6909285	14.008463
2.2893178	1.1859456	9.6799984	13.996122
2.4717522	1.192711	9.6657028	13.975552
2.6838121	1.1920667	9.6522493	13.917954
2.9192617	1.192711	9.6371145	13.89327
3.1625071	1.1740255	9.623661	13.860358
3.4197862	1.1804688	9.6169338	13.839789
3.6848614	1.1978656	9.6076841	13.815105
3.9780037	1.1949662	9.601799	13.765737
4.3085685	1.1849791	9.5925493	13.732824
4.6250997	1.1804688	9.584981	13.662886
4.9946465	1.1814353	9.5782547	13.613517
5.3719893	1.1698375	9.569006	13.572377
5.7571287	1.1579174	9.5631199	13.527123
6.1921644	1.1585617	9.55303	13.490096
6.5960155	1.1566287	9.5429392	13.444843
6.9141064	1.1395541	9.5336905	13.399588
7.1557927	1.1411649	9.5168734	13.358448
7.4177504	1.1514741	9.4748306	13.32965
7.403717	1.1505077	9.4134483	13.272054
7.4317837	1.1411649	9.3293629	13.251483
7.2696199	1.1456752	9.2318239	13.177431
7.1058965	1.1482525	9.1283998	13.140406
6.9406137	1.1292449	9.031702	13.049897
6.8158722	1.1305336	8.939209	12.996415
6.7956018	1.1176471	8.857646	12.947047
6.8174319	1.1063714	8.7878551	12.881223
6.9141064	1.1012168	8.7172241	12.84831
7.006103	1.0915519	8.6440697	12.770144
7.0778294	1.0706112	8.5709162	12.691978
7.1292858	1.0667453	8.4834681	12.646723
7.1168113	1.0535367	8.3943377	12.597354
7.0762706	1.0638459	8.3001633	12.523302
7.0092216	1.0570804	8.2017832	12.457478
6.9530878	1.0612686	8.1042452	12.432794
6.9187841	1.056114	8.0134325	12.366969
6.9109879	1.0525701	7.9226217	12.297031
6.9250212	1.0432274	7.8368549	12.222979
6.9655619	1.0670675	7.750247	12.218864
7.0076628	1.0487041	7.6644807	12.087217
7.0326109	1.0438718	7.5745096	12.033734
7.0528812	1.0516037	7.4811759	12.004936
7.0388479	1.0412945	7.383637	11.914428
7.0107813	1.0238976	7.2886209	11.86506
6.9967475	1.0277636	7.1885605	11.803349
6.9811549	1.024542	7.0893402	11.762208
6.9733586	1.0161657	6.9918013	11.688156
6.9749179	1.0258306	6.8925819	11.618218
6.9780364	1.0119777	6.7984066	11.54828
6.9827142	1.0110111	6.700027	11.50714
6.9889512	1.0193874	6.6016483	11.424859
6.9905105	1.0084338	6.5007463	11.342579
6.9951882	0.9916814	6.4040489	11.27264
7.0014257	0.99619168	6.3023062	11.219158
6.9920697	0.98942626	6.2022452	11.132764
6.993629	0.98684895	6.0996618	11.079282
6.9858327	0.9733181	5.9987602	11.009343
6.9795957	0.96300888	5.8953362	10.910607
6.9842734	0.967197	5.7952752	10.865353
6.9795957	0.95044458	5.6918511	10.799528
6.9795957	0.94818944	5.5909495	10.75016
6.9842734	0.94947809	5.4900475	10.68845
6.9842734	0.93111479	5.3849421	10.622625
6.9827142	0.91887259	5.2823586	10.577372
6.9811549	0.92241639	5.1831388	10.490977
6.9827142	0.91887259	5.0771918	10.429267
6.9842734	0.90824121	4.9737678	10.355214
6.9873919	0.91597313	4.8711843	10.326416
6.9967475	0.90824121	4.7694421	10.240023
6.9951882	0.90791905	4.6626544	10.178312
6.9858327	0.91790611	4.557549	10.104259
6.9827142	0.90115362	4.4541249	10.026093
6.9749179	0.89471042	4.3473372	9.9561548
6.9733586	0.89986497	4.2430725	9.882102
6.9733586	0.88407904	4.1362848	9.8162775
6.9795957	0.87376982	4.0345426	9.7463398
6.9827142	0.88021308	3.928596	9.7216549
6.9811549	0.86281627	3.8234901	9.6188059
6.9842734	0.85637301	3.7200663	9.5653229
6.9827142	0.86217195	3.6141198	9.4830427
6.9780364	0.8421979	3.5106955	9.4007626
6.9749179	0.84252006	3.4055901	9.3308239
6.9764771	0.83382165	3.2996435	9.2691135
6.9811549	0.81642485	3.193697	9.1991749
6.9811549	0.81578052	3.0902729	9.1456928
6.9780364	0.82480109	2.9851673	9.1086664
6.9780364	0.81900215	2.879221	9.0222731
6.9733586	0.82834488	2.774956	8.9729042
6.9749179	0.82061297	2.6690094	8.8988523
6.9749179	0.82834488	2.5647447	8.8700542
6.9717989	0.8238346	2.46048	8.7877741
6.9717989	0.82286811	2.3553743	8.7301769
6.9717989	0.81674701	2.2527914	8.6849232
6.9655619	0.81127024	2.1451633	8.627327
6.9655619	0.79580647	2.0425801	8.54916
6.9686804	0.79516214	1.940838	8.4956789
6.9686804	0.78324211	1.8374141	8.4668808
6.9671216	0.76520097	1.7365128	8.3516884
6.9780364	0.76326799	1.6330889	8.3187761
6.9749179	0.76745611	1.5288242	8.2694073
6.9764771	0.75746912	1.4296046	8.2035828
6.9655619	0.75618047	1.3270217	8.1501007
6.9702401	0.74039447	1.2252796	8.0883904
6.9624434	0.74393827	1.1243783	8.0554781
6.9562063	0.73846149	1.0243179	7.9649706
6.951529	0.7323404	0.9250983	7.9238305
6.9546475	0.71397716	0.82671958	7.8662338
6.9562063	0.71139985	0.72750002	7.833322
6.9577661	0.71397716	0.63248467	7.7757254
6.9562063	0.70721173	0.53578764	7.7181292
6.9577661	0.69819117	0.44077232	7.6646471
6.9624434	0.68337166	0.34659785	7.5947084
6.9655619	0.67886144	0.25074172	7.5535684
6.9546475	0.67467332	0.1557264	7.4836307
6.9546475	0.67499548	0.064915322	7.4424906
6.9468508	0.66823006	-0.027577441	7.389008
6.945292	0.66565275	-0.11838851	7.347868
6.9468508	0.65695435	-0.21004042	7.2861576
6.9484105	0.66339761	-0.29748809	7.2655873
6.9468508	0.66468626	-0.38409492	7.2244473
6.9468508	0.66017598	-0.47154263	7.1956491
6.9499693	0.65663218	-0.55646777	7.1339388
6.9499693	0.65695435	-0.63887036	7.0927987
6.9499693	0.64374572	-0.72463632	7.0269752
6.951529	0.6421349	-0.80703896	7.0022907
6.9499693	0.64761162	-0.88691902	6.9981766
6.9499693	0.64922243	-0.96763992	6.9488087
6.9437323	0.6460008	-1.0483608	6.8994403
6.951529	0.62924838	-1.1265593	6.8583002
6.9484105	0.63247001	-1.2039168	6.8418441
6.9468508	0.62924838	-1.2779108	6.7842474
6.9437323	0.61829484	-1.3561093	6.7513356
6.9437323	0.61120725	-1.4284217	6.7184234
6.935936	0.62248296	-1.5024158	6.6937389
6.9374952	0.61636186	-1.571365	6.6402569
6.9374952	0.62248296	-1.640314	6.6361427
6.9343767	0.63472515	-1.7101039	6.6238008
6.939055	0.62795973	-1.7782121	6.566205
6.9421735	0.62634891	-1.8421162	6.5374069
6.9499693	0.63247001	-1.9034977	6.5003805
6.9499693	0.61410671	-1.9699241	6.4674687
6.9530878	0.61797267	-2.0338283	6.4181004
6.951529	0.62602675	-2.0943689	6.4222145
6.9374952	0.60798568	-2.1540685	6.381074
6.935936	0.60444188	-2.2137685	6.3358197
6.9343767	0.59284401	-2.2684231	6.3070216
6.9343767	0.57931316	-2.3213964	6.2823377
6.9265804	0.58511209	-2.3777325	6.2823377
6.9265804	0.58930022	-2.4273424	6.2576532
6.935936	0.58962238	-2.4769521	6.2288551
6.939055	0.5902667	-2.5282433	6.2206273
6.939055	0.6060527	-2.5770123	6.2288551
6.9406137	0.60057592	-2.6207361	6.1794868
6.9421735	0.60669702	-2.6678231	6.1630311
6.9421735	0.61346239	-2.7123878	6.1630311
6.9374952	0.61378455	-2.7544298	6.1342335
6.9421735	0.61636186	-2.7964721	6.1383476
6.9437323	0.60991865	-2.8368323	6.0848651
6.9374952	0.6124959	-2.8755112	6.1260056
6.935936	0.60089809	-2.912508	6.0930934
6.9374952	0.59413266	-2.9469826	6.0519528
6.9374952	0.58543426	-2.9822979	6.056067
6.935936	0.58317912	-3.0159316	6.043725
6.9343767	0.57641375	-3.0462022	6.0108128
6.9406137	0.58285695	-3.0756316	6.0025849
6.9328175	0.58607858	-3.1059017	6.0190411
6.935936	0.58027965	-3.1311271	5.9737864
6.9421735	0.59413266	-3.1597154	5.9943566
6.951529	0.58446777	-3.1832592	5.9737864
6.9484105	0.58414561	-3.2042801	5.9491024
6.9530878	0.58027965	-3.2295055	5.9244184
6.9530878	0.56642669	-3.2522082	5.9161901
6.9562063	0.57351428	-3.2732291	5.9244184
6.9530878	0.58736724	-3.2942502	5.9326463
6.945292	0.56481588	-3.3177938	5.8791642
6.9484105	0.56449372	-3.3346107	5.899734
6.9484105	0.57641375	-3.35395	5.8750501
6.945292	0.55289584	-3.3674037	5.8709359
6.9421735	0.54000938	-3.3842201	5.8832779
6.945292	0.55160719	-3.3976738	5.8750501
6.951529	0.53743207	-3.4111273	5.8503661
6.951529	0.53163314	-3.4245808	5.8503661
6.9593248	0.54000938	-3.438875	5.8297958
6.9577661	0.53710991	-3.4481242	5.8503661
6.9640031	0.54097587	-3.4624188	5.83391
6.9546475	0.55547315	-3.4725087	5.8256817
6.9624434	0.55547315	-3.4825988	5.8215675
6.9608846	0.55482882	-3.4960523	5.8215675
6.9671216	0.56223857	-3.506983	5.8174539
6.9655619	0.55160719	-3.5137098	5.7968836
6.9593248	0.54774123	-3.5221183	5.7927694
6.9546475	0.54838556	-3.5313678	5.7680855
6.9577661	0.54194236	-3.540617	5.7968836
6.9624434	0.54645258	-3.5473437	5.7886558
6.9624434	0.5445196	-3.5540705	5.7886558
6.9577661	0.53678775	-3.5633197	5.7763133
6.9640031	0.54709691	-3.5700464	5.7639713
6.9655619	0.52615637	-3.5742505	5.7475152
6.9655619	0.53388828	-3.5826588	5.7845416
6.9655619	0.53904289	-3.5860224	5.7475152
6.9702401	0.5380764	-3.59359	5.7187181
6.9655619	0.54580826	-3.6011574	5.7804275
6.9624434	0.56256074	-3.6078842	5.743402
6.9593248	0.54741907	-3.6112475	5.73106
6.9655619	0.54902989	-3.6204967	5.73106
6.9624434	0.5567618	-3.6247013	5.7557435
6.9577661	0.55160719	-3.6280646	5.7187181
6.9624434	0.55192935	-3.6339502	5.73106
6.9608846	0.56546021	-3.6373136	5.7351742
6.9608846	0.55225152	-3.6431994	5.73106
6.9671216	0.54290885	-3.6440406	5.7063761
6.9764771	0.53453261	-3.6490855	5.7063761
6.9749179	0.53356612	-3.6524489	5.7392879
6.9764771	0.52776718	-3.6558123	5.6858058
6.9764771	0.53453261	-3.6600163	5.6775775
6.9702401	0.53710991	-3.6650615	5.6981478
6.9733586	0.53163314	-3.6709473	5.6528935
6.9671216	0.53839856	-3.6743107	5.6816916
6.9671216	0.54774123	-3.6801968	5.7022619
6.9655619	0.54580826	-3.6844008	5.6693497
6.9640031	0.54838556	-3.6886051	5.7022619
6.9640031	0.53292179	-3.6911275	5.6775775
6.9671216	0.53517693	-3.6928091	5.6652355
6.9671216	0.53614342	-3.6978543	5.6775775
6.9749179	0.52873367	-3.7012177	5.6528935
6.9749179	0.53292179	-3.704581	5.6652355
6.9764771	0.53839856	-3.7071035	5.6611218
6.9795957	0.54387534	-3.7104669	5.6899199
6.9702401	0.54709691	-3.7138302	5.6570077
6.9733586	0.53356612	-3.7197163	5.6323233
6.9780364	0.54129803	-3.7222385	5.6570077
6.9655619	0.55031854	-3.7256021	5.6405516
6.9671216	0.5445196	-3.7281244	5.6364374
6.9640031	0.54065371	-3.7331696	5.6446657
6.9671216	0.55740613	-3.7356923	5.6858058
6.9624434	0.54162019	-3.7407372	5.6323233
6.9655619	0.54258668	-3.7432597	5.6528935
6.9686804	0.56320506	-3.7432597	5.6652355
6.9733586	0.55547315	-3.746623	5.6282096
6.9780364	0.54838556	-3.7491457	5.6240954
6.9827142	0.56320506	-3.7525091	5.6570077
6.9764771	0.55160719	-3.7550316	5.6570077
6.9733586	0.54226452	-3.7609172	5.6323233
6.9749179	0.54580826	-3.7617583	5.6528935
6.9671216	0.55515099	-3.7659624	5.6282096
6.9655619	0.5380764	-3.7693257	5.6199813
6.9671216	0.54387534	-3.7743707	5.6364374
6.9624434	0.5445196	-3.7718484	5.6240954
6.9624434	0.53453261	-3.7785752	5.6076393
6.9608846	0.54774123	-3.7802567	5.6158671
6.9608846	0.56481588	-3.7819386	5.6199813
6.9655619	0.55740613	-3.784461	5.6117535
6.9702401	0.55772829	-3.784461	5.6528935
6.9749179	0.56997049	-3.7878244	5.6117535
6.9795957	0.56191641	-3.7886651	5.5952973
6.9764771	0.55386233	-3.7911878	5.5994115
6.9795957	0.55805045	-3.79371	5.6199813
6.9717989	0.5380764	-3.7945511	5.5788412
6.9780364	0.54870772	-3.7987552	5.5994115
6.9671216	0.54902989	-3.8038001	5.6035252
6.9702401	0.52970016	-3.8063228	5.5829554
6.9624434	0.52390122	-3.8071637	5.5788412
6.9593248	0.53517693	-3.8105271	5.6158671
6.9640031	0.52744502	-3.8122087	5.6117535
6.9593248	0.52680069	-3.8122087	5.5706129
6.9655619	0.51649147	-3.8147314	5.5664992
6.9671216	0.51681364	-3.815572	5.5788412
6.9717989	0.51681364	-3.8164127	5.5706129
6.9749179	0.51906878	-3.8197761	5.5747271
6.9717989	0.52357906	-3.8206172	5.5664992
6.9795957	0.529378	-3.8239806	5.5952973
6.9795957	0.53872073	-3.8248212	5.5952973
6.9702401	0.53453261	-3.8298662	5.5582709
6.9702401	0.53163314	-3.831548	5.5664992
6.9686804	0.52003527	-3.8340707	5.5747271
6.9671216	0.5197131	-3.8365932	5.5582709
6.9640031	0.50811529	-3.8374341	5.5418148
6.9686804	0.51906878	-3.8391156	5.5788412
6.9686804	0.51455849	-3.8407974	5.5664992
6.9655619	0.51133692	-3.8416381	5.545929
6.9717989	0.51455849	-3.8441608	5.5377011
6.9733586	0.50972611	-3.8441608	5.5541573
6.9780364	0.52035743	-3.8458426	5.5664992
6.9780364	0.52551204	-3.8500466	5.5706129
6.9764771	0.52293473	-3.8525689	5.5377011
6.9702401	0.51649147	-3.85341	5.5294728
6.9702401	0.53066665	-3.857614	5.5582709
6.9671216	0.5319553	-3.8618183	5.5253587
6.9671216	0.52744502	-3.8618183	5.5377011
6.9655619	0.53453261	-3.8635001	5.533587
6.9593248	0.5354991	-3.8677042	5.5294728
6.9640031	0.52712286	-3.869386	5.5253587
6.9655619	0.53582126	-3.8702269	5.5706129
6.9624434	0.53098881	-3.8710675	5.5582709
6.9671216	0.53872073	-3.8735902	5.587069
6.9717989	0.53292179	-3.8735902	5.5500431
6.9749179	0.51391417	-3.8744309	5.5418148
6.9717989	0.50618231	-3.8761127	5.5418148
6.9780364	0.51649147	-3.8803167	5.545929
6.9749179	0.51520282	-3.8794761	5.5377011
6.9671216	0.52196825	-3.8819983	5.533587
6.9733586	0.52551204	-3.8836801	5.5377011
6.9671216	0.52647853	-3.8853617	5.5253587
6.9608846	0.53259963	-3.8878844	5.5664992
6.9671216	0.52873367	-3.8904068	5.5253587
6.9624434	0.53066665	-3.8904068	5.5377011
6.9655619	0.52680069	-3.8912477	5.5500431
6.9624434	0.52132392	-3.8929296	5.521245
6.9702401	0.51584715	-3.8929296	5.5171309
6.9717989	0.51939094	-3.8946114	5.5377011
6.9749179	0.51230341	-3.895452	5.5623851
6.9764771	0.51520282	-3.8962929	5.5047889
6.9764771	0.51198125	-3.8988154	5.533587
6.9780364	0.51004827	-3.900497	5.5294728
6.9717989	0.50199419	-3.9021788	5.533587
6.9655619	0.5106926	-3.9055421	5.521245
6.9686804	0.52776718	-3.9080644	5.5294728
6.9671216	0.52035743	-3.9080644	5.521245
6.9624434	0.51616931	-3.9097462	5.5253587
6.9655619	0.53131098	-3.9097462	5.5418148
6.9686804	0.53259963	-3.9114277	5.545929
6.9702401	0.53678775	-3.9131095	5.5541573
6.9717989	0.52744502	-3.9139504	5.5130167
6.9780364	0.53163314	-3.9139504	5.533587
6.9764771	0.5354991	-3.9189956	5.5253587
6.9795957	0.5380764	-3.9173138	5.5253587
6.9717989	0.52003527	-3.9198363	5.5130167
6.9702401	0.51004827	-3.9240408	5.5089025
6.9702401	0.52293473	-3.9257224	5.5294728
6.9655619	0.51745796	-3.9274042	5.5006747
6.9686804	0.52744502	-3.9290857	5.533587
6.9671216	0.53324395	-3.9307675	5.521245
6.9640031	0.52132392	-3.9316082	5.521245
6.9640031	0.52357906	-3.9358125	5.521245
6.9655619	0.53292179	-3.9332898	5.5130167
6.9717989	0.52841151	-3.9358125	5.521245
6.9717989	0.52422339	-3.9358125	5.5253587
6.9717989	0.52970016	-3.9366531	5.521245
6.9749179	0.52647853	-3.9391756	5.5089025
6.9764771	0.52841151	-3.9408572	5.5253587
6.9702401	0.52229041	-3.9408572	5.5089025
6.9717989	0.5232569	-3.9408572	5.4924469
6.9749179	0.52390122	-3.9467432	5.5294728
6.9733586	0.51165909	-3.9467432	5.4883327
6.9717989	0.5045715	-3.9492657	5.4842186
6.9593248	0.51552498	-3.9501069	5.4883327
6.9640031	0.50006121	-3.9501069	5.4883327
6.9655619	0.51584715	-3.9526291	5.4883327
6.9640031	0.52712286	-3.9517884	5.5171309
6.9686804	0.51681364	-3.9534702	5.4965606
6.9717989	0.51616931	-3.9543109	5.521245
6.9733586	0.52680069	-3.9559925	5.521245
6.9780364	0.52905583	-3.9543109	5.5130167
6.9764771	0.52808934	-3.9551518	5.5006747
6.9764771	0.54000938	-3.9585152	5.5089025
6.9749179	0.53872073	-3.960197	5.4842186
6.9733586	0.52680069	-3.9635603	5.4924469
6.9624434	0.52905583	-3.9660826	5.4924469
6.9671216	0.52970016	-3.9652419	5.4842186
6.9655619	0.52003527	-3.9660826	5.4842186
6.9655619	0.52229041	-3.9694459	5.4924469
6.9733586	0.53421044	-3.9694459	5.5253587
6.9640031	0.52100176	-3.9711277	5.4677625
6.9702401	0.52229041	-3.9702868	5.4842186
6.9749179	0.53936505	-3.9694459	5.4883327
6.9717989	0.53388828	-3.9728093	5.4883327
6.9780364	0.53066665	-3.9728093	5.4842186
6.9795957	0.53292179	-3.9744911	5.4801044
6.9733586	0.53292179	-3.9786952	5.5047889
6.9749179	0.5319553	-3.9786952	5.4801044
6.9733586	0.54097587	-3.980377	5.4718766
6.9702401	0.54323101	-3.9828997	5.4842186
6.9702401	0.53098881	-3.9837403	5.4924469
6.9608846	0.53904289	-3.9854219	5.4471922
6.9640031	0.53421044	-3.986263	5.4677625
6.9655619	0.52680069	-3.986263	5.4718766
6.9655619	0.51262558	-3.9871037	5.4389644
6.9686804	0.52132392	-3.9904671	5.4842186
6.9764771	0.5171358	-3.9896264	5.4801044
6.9764771	0.51391417	-3.9896264	5.4924469
6.9764771	0.50070554	-3.991308	5.4677625
6.9749179	0.51101476	-3.9946713	5.4759908
6.9795957	0.50618231	-3.9929898	5.4554205
6.9749179	0.51939094	-3.995512	5.4883327
6.9671216	0.53163314	-3.9988754	5.4677625
6.9671216	0.52841151	-3.9980347	5.4595346
6.9717989	0.52776718	-4.0005569	5.4718766
6.9671216	0.53582126	-4.0022388	5.4718766
6.9655619	0.53743207	-4.0030794	5.4718766
6.9624434	0.52486771	-4.0039206	5.4389644
6.9640031	0.52776718	-4.0039206	5.4759908
6.9733586	0.52035743	-4.006443	5.4513063
6.9764771	0.52422339	-4.0056024	5.4718766
6.9749179	0.52712286	-4.006443	5.4595346
6.9795957	0.51842445	-4.006443	5.4389644
6.9842734	0.51584715	-4.0081248	5.4513063
6.9764771	0.51552498	-4.0089655	5.4595346
6.9733586	0.52454555	-4.0123291	5.4554205
6.9671216	0.52873367	-4.0123291	5.4513063
6.9686804	0.53098881	-4.0148516	5.4513063
6.9640031	0.53131098	-4.0165329	5.4389644
6.9624434	0.52454555	-4.0165329	5.4389644
6.9655619	0.52841151	-4.017374	5.4430785
6.9686804	0.55225152	-4.0190558	5.4595346
6.9671216	0.53292179	-4.0198965	5.4389644
6.9640031	0.53131098	-4.0207376	5.4471922
6.9733586	0.53710991	-4.0198965	5.4389644
6.9733586	0.52841151	-4.0198965	5.4183941
6.9811549	0.52196825	-4.0207376	5.4842186
6.9780364	0.53453261	-4.022419	5.4595346
6.9811549	0.52164608	-4.0232596	5.4471922
6.9764771	0.5071488	-4.0241008	5.4513063
6.9733586	0.50908178	-4.0291457	5.4636483
6.9764771	0.50586015	-4.0266232	5.4430785
6.9702401	0.50199419	-4.0299869	5.4595346
6.9640031	0.51133692	-4.0308275	5.4430785
6.9655619	0.5171358	-4.03335	5.4348502
6.9640031	0.51326984	-4.0325089	5.4307365
6.9655619	0.53131098	-4.0341907	5.4924469
6.9671216	0.52970016	-4.0350318	5.4554205
6.9671216	0.52776718	-4.0358725	5.4554205
6.9749179	0.52808934	-4.0358725	5.4718766
6.9764771	0.52841151	-4.0350318	5.4389644
6.9795957	0.52100176	-4.0375543	5.4348502
6.9749179	0.51745796	-4.0400767	5.4513063
6.9749179	0.53163314	-4.0383949	5.4595346
6.9749179	0.5197131	-4.0409174	5.4595346
6.9717989	0.49877256	-4.044281	5.4307365
6.9686804	0.5258342	-4.0451217	5.4554205
6.9702401	0.5071488	-4.0434403	5.4389644
6.9655619	0.50424933	-4.0468035	5.4554205
6.9671216	0.52647853	-4.0468035	5.4430785
6.9671216	0.52873367	-4.0476441	5.4430785
6.9671216	0.51262558	-4.0484853	5.4430785
6.9702401	0.53582126	-4.0484853	5.4759908
6.9717989	0.52551204	-4.0493259	5.4636483
6.9749179	0.54000938	-4.0510077	5.4883327
6.9733586	0.54290885	-4.0526891	5.4965606
6.9733586	0.53614342	-4.0535302	5.4471922
6.9749179	0.53872073	-4.0543709	5.4554205
6.9733586	0.54000938	-4.0568938	5.4677625
6.9702401	0.52808934	-4.0577345	5.4348502
6.9702401	0.52905583	-4.0577345	5.4554205
6.9671216	0.52905583	-4.0619383	5.4636483
6.9671216	0.52712286	-4.060257	5.4759908
6.9655619	0.54097587	-4.0585752	5.4554205
6.9686804	0.5319553	-4.0619383	5.4677625
6.9749179	0.52680069	-4.0594163	5.4389644
6.9795957	0.53904289	-4.0636201	5.4759908
6.9780364	0.52712286	-4.0619383	5.4595346
6.9795957	0.529378	-4.0627794	5.4636483
6.9749179	0.5319553	-4.0627794	5.4471922
6.9764771	0.52454555	-4.0644612	5.4471922
6.9717989	0.52712286	-4.066143	5.4389644
6.9702401	0.53356612	-4.0678244	5.4348502
6.9717989	0.52422339	-4.0695062	5.4389644
6.9686804	0.53163314	-4.0695062	5.4513063
6.9686804	0.53259963	-4.0737104	5.4513063
6.9640031	0.51423633	-4.0728698	5.4348502
6.9608846	0.51326984	-4.0745511	5.4348502
6.9686804	0.51778013	-4.0745511	5.4183941
6.9640031	0.50360501	-4.0745511	5.4225082
6.9702401	0.51552498	-4.0745511	5.4759908
6.9717989	0.52164608	-4.0762329	5.4513063
6.9749179	0.51552498	-4.0770736	5.4513063
6.9780364	0.53066665	-4.0770736	5.4595346
6.9764771	0.53034449	-4.0779147	5.4759908
6.9733586	0.52873367	-4.0795965	5.4389644
6.9702401	0.53678775	-4.0812778	5.4636483
6.9764771	0.53453261	-4.0846415	5.4554205
6.9655619	0.53872073	-4.0821185	5.4430785
6.9686804	0.54774123	-4.0871639	5.4759908
6.9655619	0.54065371	-4.0854821	5.4554205
6.9686804	0.53034449	-4.0880046	5.4430785
6.9624434	0.53968722	-4.0871639	5.4348502
6.9686804	0.53098881	-4.0888457	5.4389644
6.9686804	0.52712286	-4.0896864	5.4554205
6.9717989	0.53356612	-4.0880046	5.4677625
6.9764771	0.52035743	-4.0896864	5.4307365
6.9764771	0.51810229	-4.0905271	5.4389644
6.9749179	0.53743207	-4.0896864	5.4636483
6.9733586	0.52196825	-4.0913677	5.4471922
6.9717989	0.5258342	-4.0947313	5.4471922
6.9717989	0.53968722	-4.0964131	5.4513063
6.9671216	0.52776718	-4.0972538	5.4471922
6.9686804	0.53002232	-4.0980945	5.4183941
6.9671216	0.55160719	-4.0997763	5.4513063
6.9702401	0.52970016	-4.0989356	5.4060521
6.9640031	0.53517693	-4.0989356	5.4389644
6.9702401	0.55096287	-4.1006174	5.4348502
6.9702401	0.52970016	-4.0989356	5.4307365
6.9764771	0.52808934	-4.0997763	5.4225082
6.9733586	0.53775424	-4.1006174	5.4430785
6.9717989	0.52712286	-4.1022992	5.4389644
6.9702401	0.53968722	-4.1006174	5.4513063
6.9702401	0.53292179	-4.1039805	5.4513063
6.9749179	0.53034449	-4.1056623	5.4471922
6.9655619	0.53324395	-4.1039805	5.4430785
6.9624434	0.53388828	-4.1073442	5.4183941
6.9671216	0.53904289	-4.106503	5.4636483
6.9686804	0.55354017	-4.109026	5.4677625
6.9655619	0.55289584	-4.1098666	5.4513063
6.9686804	0.5567618	-4.1073442	5.4595346
6.9686804	0.56610453	-4.1098666	5.4759908
6.9686804	0.55257368	-4.1107073	5.4225082
6.9733586	0.56159425	-4.1098666	5.4513063
6.9749179	0.54677474	-4.1115484	5.4554205
6.9780364	0.54290885	-4.1123891	5.4389644
6.9780364	0.54323101	-4.1132298	5.4513063
6.9764771	0.53936505	-4.1140709	5.4389644
6.9702401	0.5354991	-4.1174345	5.4266224
6.9686804	0.54194236	-4.1174345	5.4471922
6.9702401	0.52680069	-4.1191158	5.4348502
6.9640031	0.53034449	-4.1199565	5.4389644
6.9624434	0.54065371	-4.1199565	5.4266224
6.9640031	0.51616931	-4.1191158	5.401938
6.9655619	0.51520282	-4.1182752	5.4225082
6.9702401	0.53743207	-4.1199565	5.4307365
6.9686804	0.52615637	-4.1199565	5.4183941
6.9640031	0.51616931	-4.1199565	5.4348502
6.9702401	0.5319553	-4.1199565	5.4554205
6.9671216	0.52873367	-4.1174345	5.4266224
6.9671216	0.5197131	-4.1191158	5.4430785
6.9702401	0.52454555	-4.1174345	5.4348502
6.9717989	0.52357906	-4.1165934	5.4430785
6.9686804	0.51649147	-4.1165934	5.4266224
6.9686804	0.51391417	-4.1140709	5.4266224
6.9717989	0.49812824	-4.1140709	5.4225082
6.9655619	0.49522877	-4.1115484	5.4225082
6.9686804	0.50521582	-4.1107073	5.4389644
6.9671216	0.50747097	-4.1098666	5.4595346
6.9655619	0.49973905	-4.1073442	5.4348502
6.9671216	0.5106926	-4.1048212	5.4266224
6.9702401	0.51874661	-4.1031399	5.4677625
6.9686804	0.50843745	-4.1014581	5.4266224
6.9671216	0.51198125	-4.0980945	5.4677625
6.9717989	0.50972611	-4.0989356	5.4266224
6.9702401	0.50553799	-4.0972538	5.4595346
6.9780364	0.51616931	-4.0947313	5.4513063
6.9749179	0.51939094	-4.0922089	5.4389644
6.9686804	0.50747097	-4.0905271	5.4348502
6.9702401	0.51262558	-4.0863233	5.4266224
6.9702401	0.50070554	-4.0846415	5.4307365
6.9733586	0.50328285	-4.0829597	5.4471922
6.9702401	0.49329579	-4.0812778	5.4389644
6.9702401	0.50199419	-4.0787554	5.4225082
6.9671216	0.50650448	-4.0770736	5.4636483
6.9702401	0.50908178	-4.0745511	5.4389644
6.9655619	0.51262558	-4.0728698	5.4348502
6.9702401	0.51520282	-4.0695062	5.4430785
6.9749179	0.50263852	-4.0678244	5.4430785
6.9733586	0.52551204	-4.0636201	5.4595346
6.9686804	0.53098881	-4.0619383	5.4842186
6.9671216	0.52873367	-4.060257	5.4842186
6.9686804	0.54097587	-4.0585752	5.4842186
6.9671216	0.53646559	-4.0526891	5.4718766
6.9655619	0.51262558	-4.0501671	5.4513063
6.9702401	0.53324395	-4.0501671	5.5130167
6.9671216	0.53227746	-4.0451217	5.4677625
6.9655619	0.51842445	-4.0425992	5.4389644
6.9702401	0.52615637	-4.0409174	5.4883327
6.9717989	0.52164608	-4.0367136	5.4677625
6.9640031	0.51778013	-4.0350318	5.4842186
6.9655619	0.53163314	-4.0316682	5.5047889
6.9686804	0.53453261	-4.0283051	5.5089025
6.9686804	0.52293473	-4.0266232	5.4842186
6.9686804	0.52035743	-4.0241008	5.4759908
6.9686804	0.53131098	-4.0198965	5.4924469
6.9733586	0.52647853	-4.017374	5.4718766
6.9702401	0.52003527	-4.0131698	5.4883327
6.9624434	0.53034449	-4.0106473	5.4842186
6.9671216	0.53904289	-4.0056024	5.5047889
6.9686804	0.54000938	-4.0005569	5.4924469
6.9671216	0.53614342	-3.9988754	5.4718766
6.9686804	0.52615637	-3.9938304	5.4842186
6.9717989	0.52841151	-3.9904671	5.4759908
6.9671216	0.53066665	-3.9871037	5.4883327
6.9702401	0.53356612	-3.9820585	5.5377011
6.9671216	0.52196825	-3.9795363	5.5130167
6.9655619	0.53002232	-3.9761729	5.5253587
6.9702401	0.52970016	-3.9728093	5.521245
6.9655619	0.53002232	-3.9669237	5.5047889
6.9655619	0.53453261	-3.9610376	5.521245
6.9655619	0.54548609	-3.9559925	5.545929
6.9655619	0.53710991	-3.9517884	5.5377011
6.9655619	0.54290885	-3.9492657	5.545929
6.9717989	0.54677474	-3.9442208	5.5500431
6.9717989	0.54387534	-3.9366531	5.545929
6.9686804	0.529378	-3.9316082	5.5500431
6.9686804	0.53872073	-3.9274042	5.5377011
6.9686804	0.54129803	-3.9231997	5.5582709
6.9655619	0.53227746	-3.9173138	5.5418148
6.9640031	0.53936505	-3.9097462	5.5664992
6.9655619	0.54097587	-3.9047015	5.5994115
6.9640031	0.53131098	-3.8971336	5.5664992
6.9671216	0.55354017	-3.8912477	5.587069
6.9640031	0.55160719	-3.8853617	5.587069
6.9640031	0.53614342	-3.8761127	5.5952973
6.9655619	0.54999638	-3.8710675	5.587069
6.9608846	0.53163314	-3.8609774	5.5747271
6.9593248	0.52808934	-3.85341	5.6076393
6.9608846	0.55128503	-3.8441608	5.6076393
6.9640031	0.53936505	-3.8357522	5.5911832
6.9624434	0.54355317	-3.8265028	5.6076393
6.9577661	0.55708396	-3.8189354	5.6323233
6.9546475	0.54967421	-3.8088453	5.5952973
6.9530878	0.5380764	-3.7962327	5.6199813
6.9530878	0.55515099	-3.7853017	5.6446657
6.9530878	0.55772829	-3.7743707	5.6528935
6.9468508	0.5445196	-3.7609172	5.6405516
6.9530878	0.54645258	-3.746623	5.6528935
6.9484105	0.54645258	-3.7323289	5.6693497
6.9484105	0.53324395	-3.7180345	5.6487794
6.9484105	0.54129803	-3.7020583	5.6858058
6.9468508	0.54999638	-3.6844008	5.6899199
6.9374952	0.55128503	-3.6650615	5.7187181
6.9343767	0.57093698	-3.6457222	5.7146039
6.9343767	0.57480294	-3.6230195	5.7269459
6.9296989	0.58189046	-3.5986347	5.7680855
6.9281397	0.56513804	-3.5734098	5.7269459
6.9296989	0.57641375	-3.5431392	5.7557435
6.9265804	0.57061481	-3.5162325	5.7680855
6.9203434	0.5751251	-3.4834397	5.7845416
6.9125471	0.58092397	-3.449806	5.7968836
6.9125471	0.5815683	-3.4128089	5.7845416
6.9094281	0.5815683	-3.3716078	5.8051119
6.8985138	0.58124614	-3.3287246	5.8544798
6.8985138	0.58994454	-3.2866828	5.8750501
6.9000726	0.5751251	-3.2353914	5.846252
6.9016323	0.57963532	-3.1840999	5.9079623
6.890717	0.56642669	-3.1286044	5.887392
6.8969541	0.55708396	-3.0705864	5.9244184
6.9000726	0.56352723	-3.0108867	5.9491024
6.8953953	0.56256074	-2.9453011	6.0066986
6.8938355	0.56127208	-2.8763518	5.9984708
6.8953953	0.58060181	-2.808244	6.0972071
6.8969541	0.58189046	-2.732568	6.0972071
6.8953953	0.57673585	-2.6535289	6.1260056
6.9016323	0.59091103	-2.5736489	6.1836009
6.8985138	0.60218674	-2.4904056	6.2165132
6.9078693	0.5876894	-2.402117	6.2329693
6.9109879	0.58221263	-2.3163512	6.2782235
6.9125471	0.57576942	-2.2255404	6.3234777
6.9094281	0.57866883	-2.1313658	6.35639
6.9094281	0.57351428	-2.0363507	6.4016442
6.9078693	0.58189046	-1.9337679	6.4674687
6.9094281	0.57802451	-1.8353895	6.512723
6.9078693	0.58640075	-1.7277616	6.5579772
6.9031911	0.59155536	-1.6234971	6.6196866
6.8953953	0.59574348	-1.5099834	6.6443706
6.9000726	0.60315323	-1.3973105	6.7101951
6.8922768	0.6060527	-1.2821151	6.8007035
6.890717	0.61539537	-1.1593521	6.8295016
6.88448	0.6124959	-1.0349073	6.8706422
6.8860397	0.62892622	-0.90878093	6.9652648
6.88448	0.63214785	-0.77508688	7.0269752
6.8813615	0.63826895	-0.6397112	7.0557723
6.878243	0.64277923	-0.49929044	7.1380529
6.8751245	0.64986676	-0.35634714	7.2285614
6.8673282	0.64052409	-0.20751791	7.2861576
6.8673282	0.66114247	-0.05532527	7.3807802
6.8642097	0.67596197	0.10107159	7.4754028
6.8610911	0.67499548	0.2641952	7.5659103
6.8642097	0.68498248	0.42984137	7.660533
6.8626504	0.68820411	0.60221434	7.7510414
6.8610911	0.70237929	0.77710974	7.870348
6.8595319	0.72428632	0.95789117	7.9649706
6.8595319	0.71462148	1.1428769	8.0554781
6.8610911	0.73523986	1.3303851	8.2118111
6.8657689	0.75746912	1.5254608	8.3064337
6.8673282	0.75199234	1.7230593	8.3846006
6.8766842	0.75811344	1.9248619	8.5203619
6.8766842	0.76101285	2.1317098	8.6108704
6.8875985	0.77132207	2.3410802	8.7918873
6.8875985	0.78549725	2.5521321	8.890624
6.8922768	0.80611563	2.7682292	9.0346146
6.8985138	0.80998158	2.9876897	9.1786051
6.9063096	0.80418265	3.208832	9.3020258
6.9094281	0.8177135	3.4308155	9.437789
6.9265804	0.82866704	3.6578438	9.6105776
6.9296989	0.84284222	3.8873944	9.7504539
6.9484105	0.8486411	4.1135821	9.8903303
6.9562063	0.87151468	4.3422923	10.054892
6.9764771	0.89213312	4.5710025	10.215338
6.9905105	0.88665634	4.7971902	10.326416
7.0076628	0.90437526	5.0242186	10.503319
7.0263739	0.91017419	5.2470427	10.639082
7.045085	0.91951692	5.4681859	10.795415
7.0700336	0.93530291	5.6859651	10.955861
7.0949817	0.94657862	5.8953362	11.112193
7.1121335	0.95656562	6.1038666	11.231501
7.1433187	0.96333104	6.3031473	11.404289
7.1713858	0.98008353	6.4931788	11.52771
7.1932154	0.98878193	6.675643	11.667586
7.2166047	0.98427165	6.8446531	11.786893
7.2384343	1.0058565	7.0060964	11.930884
7.2462306	1.020676	7.1566076	12.021393
7.2524676	1.0348512	7.2936664	12.136585
7.2587047	1.0348512	7.4181123	12.227092
7.2477903	1.056114	7.5358305	12.334057
7.2462306	1.0657789	7.6375732	12.424565
7.2290788	1.0722221	7.7300668	12.510961
7.2072492	1.0989616	7.8141518	12.580898
7.1823006	1.0925183	7.8881464	12.630266
7.160471	1.0896189	7.9554148	12.679635
7.1339631	1.1057271	8.0167961	12.729003
7.1121335	1.0967065	8.0722923	12.774258
7.0965405	1.0851086	8.1244249	12.786599
7.0653553	1.1034719	8.1740351	12.84831
7.0544405	1.1079822	8.216918	12.91002
7.0326109	1.0996059	8.2631655	12.893564
7.0294924	1.1028275	8.3010035	12.947047
7.0170183	1.1086265	8.342205	12.975844
7.0154586	1.0979952	8.3825665	12.984073
7.0092216	1.0963843	8.4161997	13.008757
7.0076628	1.091874	8.4540377	13.029327
7.0138998	1.1050828	8.4901943	13.045783
7.0154586	1.1063714	8.5229874	13.091037
7.0154586	1.113459	8.5532589	13.107493
7.0092216	1.1124924	8.5877333	13.107493
7.0092216	1.1186136	8.6154814	13.160975
7.0123401	1.1147476	8.6449108	13.185658
7.006103	1.1250567	8.6726589	13.185658
7.0014257	1.1321443	8.6978846	13.226799
6.9967475	1.1311779	8.7256327	13.239141
6.9983072	1.1347216	8.7516985	13.243255
6.9983072	1.1327887	8.7752428	13.259711
6.9951882	1.1221573	8.8004684	13.292624
6.999866	1.135366	8.8214893	13.304966
6.9873919	1.1269897	8.8458738	13.300852
6.9873919	1.1321443	8.8677368	13.317307
6.9905105	1.1343995	8.890439	13.35022
6.9920697	1.1324666	8.9114609	13.32965
6.9951882	1.135366	8.9299593	13.37079
6.9983072	1.1385876	8.9509802	13.383132
6.9889512	1.1472861	8.9703197	13.395474
6.9920697	1.1479304	8.9896593	13.424273
6.9842734	1.1514741	9.0081587	13.395474
6.9905105	1.1556623	9.0266571	13.428387
6.9889512	1.1476082	9.0443153	13.407816
6.993629	1.1553401	9.0644951	13.428387
6.9889512	1.1546957	9.0821533	13.4325
6.993629	1.1534071	9.0964479	13.469527
6.9795957	1.1624277	9.1141052	13.461299
6.9842734	1.1627499	9.1300812	13.498324
6.9842734	1.1466417	9.1452169	13.494211
6.9842734	1.1495411	9.162034	13.494211
6.9889512	1.1521184	9.1788511	13.514781
6.9873919	1.1559844	9.1931448	13.518895
6.9889512	1.1505077	9.2091217	13.527123
6.9873919	1.1556623	9.2208939	13.551807
6.9889512	1.1508298	9.2360287	13.555921
6.9889512	1.1521184	9.2503233	13.551807
6.9873919	1.1521184	9.2629356	13.576491
6.9795957	1.1624277	9.2763901	13.588833
6.9795957	1.1614612	9.2932062	13.555921
6.9827142	1.1582396	9.3041372	13.605289
6.9795957	1.1534071	9.3159094	13.588833
6.9827142	1.1495411	9.330204	13.588833
6.9827142	1.1421314	9.3419762	13.613517
6.9795957	1.1514741	9.3554296	13.617632
6.9749179	1.1476082	9.3663607	13.621745
6.9827142	1.1495411	9.3798141	13.662886
6.9827142	1.1598504	9.3915863	13.650544
6.9780364	1.1553401	9.4033585	13.638202
6.9842734	1.1685488	9.4134483	13.667
6.9827142	1.1691931	9.4252195	13.675228
6.9842734	1.1785358	9.4369917	13.70814
6.9842734	1.1782137	9.4479227	13.691685
6.9842734	1.184657	9.4580126	13.695798
6.9873919	1.1904559	9.4706259	13.68757
6.9842734	1.1956105	9.4798756	13.716369
6.9905105	1.1869121	9.4924879	13.683456
6.9811549	1.1904559	9.5042601	13.683456
6.9858327	1.1956105	9.5135088	13.732824
6.9889512	1.1911002	9.5227585	13.712254
6.9842734	1.188845	9.5328484	13.732824
6.9780364	1.194644	9.542098	13.753394
6.9780364	1.1988322	9.5521879	13.773965
6.9780364	1.1885229	9.5622787	13.749281
6.9811549	1.1933553	9.5706873	13.778078
6.9811549	1.2020538	9.579937	13.782193
6.9811549	1.188845	9.5900269	13.773965
6.9780364	1.1875564	9.5975943	13.782193
6.9795957	1.1972213	9.6085253	13.778078
6.9795957	1.1894894	9.6186161	13.806877
6.9858327	1.1814353	9.6261835	13.790421
6.9780364	1.1872343	9.6362734	13.794534
6.9795957	1.1914223	9.6463633	13.778078
6.9858327	1.1882007	9.6547728	13.819219
6.9780364	1.2030202	9.6623402	13.823333
6.9780364	1.1962548	9.67243	13.782193
6.9842734	1.1753142	9.6808386	13.798649
6.9873919	1.1956105	9.688406	13.852131
6.9827142	1.192711	9.6968145	13.819219
6.9873919	1.1804688	9.7052231	13.831561
6.9842734	1.188845	9.7119503	13.872702
6.9827142	1.1878786	9.721199	13.819219
6.9858327	1.1801467	9.7262449	13.827446
6.9842734	1.1843348	9.7354946	13.831561
6.9811549	1.1882007	9.7455845	13.831561
6.9780364	1.182724	9.7523108	13.852131
6.9780364	1.1956105	9.7581968	13.885042
6.9842734	1.1933553	9.7666054	13.856245
6.9780364	1.178858	9.7741737	13.852131
6.9842734	1.1898116	9.7817411	13.868587
6.9764771	1.1830461	9.7893085	13.831561
6.9811549	1.1904559	9.7985582	13.856245
6.9827142	1.1920667	9.8036032	13.868587
6.9811549	1.1840127	9.8120117	13.876815
6.9842734	1.1972213	9.8195791	13.909727
6.9842734	1.2033424	9.8263063	13.917954
6.9811549	1.1956105	9.8338737	13.897386
6.9780364	1.2049532	9.8414412	13.909727
6.9827142	1.1949662	9.8464861	13.89327
6.9764771	1.1956105	9.8565769	13.889157
6.9795957	1.2055975	9.8590994	13.913841
6.9858327	1.1930332	9.8700304	13.89327
6.9795957	1.1956105	9.8767567	13.92207
6.9749179	1.1975435	9.8818026	13.889157
6.9842734	1.188845	9.8902102	13.913841
6.9764771	1.1824018	9.8977785	13.905614
6.9624434	1.18659	9.9011421	13.909727
6.84238	1.1840127	9.9011421	13.905614
6.7051644	1.1859456	9.8851652	13.901499
6.5585928	1.192711	9.8582582	13.946754
6.4369698	1.1849791	9.8246241	13.917954
6.3044319	1.1882007	9.796876	13.934411
6.1703348	1.1820797	9.7800589	13.909727
6.0487118	1.1724148	9.7674456	13.889157
5.9489188	1.1704818	9.759038	13.885042
5.874074	1.1772472	9.7506294	13.889157
5.816381	1.1798245	9.7464247	13.880929
5.7696028	1.1769251	9.7371759	13.852131
5.7290616	1.1814353	9.7304487	13.876815
5.6994357	1.194644	9.7245626	13.885042
5.6682506	1.1939996	9.7228813	13.901499
5.643302	1.2001208	9.7169952	13.876815
5.6245909	1.2107521	9.7161551	13.885042
5.5996428	1.2117187	9.715313	13.889157
5.5965242	1.2017316	9.7119503	13.897386
5.5668979	1.2081748	9.710269	13.885042
5.5715756	1.2139738	9.7094278	13.913841
5.5559831	1.2017316	9.7077456	13.909727
5.5513048	1.2043089	9.7052231	13.897386
5.5466275	1.2030202	9.7043829	13.913841
5.5325937	1.1952883	9.7060642	13.901499
5.5247974	1.1975435	9.7052231	13.92207
5.5232382	1.196577	9.7035418	13.89327
5.5123234	1.1737034	9.7060642	13.872702
5.5092049	1.1859456	9.7035418	13.885042
5.4998493	1.178858	9.7052231	13.89327
5.4967308	1.1891673	9.7052231	13.917954
5.4904938	1.1930332	9.7052231	13.889157
5.4795785	1.1914223	9.7052231	13.909727
5.47646	1.2014095	9.7060642	13.880929
5.4686642	1.1972213	9.7035418	13.880929
5.4655457	1.1859456	9.7052231	13.868587
5.4561896	1.2068862	9.7043829	13.901499
5.4499526	1.1978656	9.7035418	13.89327
5.4359198	1.2010872	9.7043829	13.917954
5.4265642	1.2039868	9.7060642	13.917954
5.4250045	1.1981878	9.7052231	13.917954
5.4140897	1.1817575	9.7060642	13.872702
5.4078526	1.1772472	9.7060642	13.897386
5.4047341	1.1801467	9.7060642	13.885042
5.3922601	1.1930332	9.7060642	13.917954
5.3875818	1.1778915	9.7043829	13.905614
5.3719893	1.18659	9.7052231	13.926183
5.3688707	1.2017316	9.7043829	13.926183
5.3548374	1.1878786	9.7043829	13.901499
5.3423634	1.182724	9.7052231	13.889157
5.3408041	1.1988322	9.7060642	13.901499
5.3314481	1.1878786	9.7060642	13.885042
5.3205338	1.1843348	9.7060642	13.905614
5.312737	1.1891673	9.7052231	13.909727
5.3049412	1.1920667	9.7052231	13.901499
5.2971444	1.1820797	9.7060642	13.889157
5.2893481	1.1820797	9.7043829	13.913841
5.2799926	1.1894894	9.7052231	13.913841
5.2737556	1.1849791	9.7052231	13.89327
5.2659588	1.1698375	9.7077456	13.880929
5.2628403	1.1830461	9.7060642	13.897386
5.2488074	1.1762807	9.7035418	13.89327
5.2425704	1.1772472	9.7060642	13.885042
5.2378922	1.1901337	9.7060642	13.905614
5.2285366	1.1875564	9.7052231	13.885042
5.2207403	1.1720926	9.7077456	13.889157
5.209825	1.1766028	9.7052231	13.89327
5.2020292	1.1795024	9.7069054	13.913841
5.1895552	1.192711	9.7060642	13.897386
5.1848769	1.1836904	9.7052231	13.897386
5.1786399	1.1894894	9.7060642	13.909727
5.1692843	1.1820797	9.7052231	13.89327
5.1692843	1.1740255	9.7069054	13.917954
5.1614881	1.1708039	9.7052231	13.917954
5.1505728	1.1882007	9.7060642	13.930298
5.1396585	1.1862677	9.7060642	13.930298
5.1349802	1.2007651	9.7069054	13.950867
5.1271844	1.1949662	9.7052231	13.926183
5.1162691	1.1988322	9.7052231	13.92207
5.1147103	1.1885229	9.7069054	13.92207
5.1006765	1.1869121	9.7069054	13.926183
5.0928802	1.2001208	9.7060642	13.930298
5.0866432	1.2081748	9.7060642	13.930298
5.0835247	1.1991543	9.7069054	13.950867
5.0679321	1.2014095	9.7052231	13.930298
5.0616951	1.2030202	9.7035418	13.909727
5.0492206	1.1985099	9.7052231	13.913841
5.0492206	1.1901337	9.7035418	13.917954
5.039865	1.1859456	9.7043829	13.92207
5.0320692	1.1814353	9.7069054	13.92207
5.0180354	1.1801467	9.7052231	13.938526
5.0149169	1.1939996	9.7035418	13.92207
5.0055614	1.1898116	9.7060642	13.92207
4.9962058	1.1962548	9.7052231	13.942639
4.9930873	1.1997986	9.7052231	13.959095
4.9821725	1.1991543	9.7052231	13.913841
4.9743757	1.196577	9.7060642	13.930298
4.9681387	1.2023759	9.7060642	13.942639
4.9587831	1.2139738	9.7069054	13.942639
4.9541059	1.208497	9.7035418	13.917954
4.9447498	1.1988322	9.7043829	13.917954
4.9353943	1.2033424	9.7060642	13.942639
4.927598	1.2023759	9.7043829	13.917954
4.9166832	1.2033424	9.7052231	13.938526
4.9151235	1.2039868	9.7069054	13.954982
4.9073277	1.1988322	9.7043829	13.950867
4.8979721	1.2043089	9.7035418	13.967323
4.8901753	1.2033424	9.7052231	13.959095
4.8901753	1.1975435	9.7060642	13.942639
4.8745828	1.1853013	9.7052231	13.926183
4.8667865	1.1901337	9.7043829	13.930298
4.8621082	1.18659	9.7060642	13.942639
4.8589897	1.194644	9.7069054	13.92207
4.8465157	1.2059197	9.7069054	13.950867
4.8433971	1.1878786	9.7052231	13.930298
4.8402786	1.192711	9.7052231	13.954982
4.8324828	1.2165511	9.7043829	13.950867
4.8262453	1.2178397	9.7052231	13.946754
4.818449	1.212363	9.7052231	13.959095
4.8137712	1.2039868	9.7052231	13.930298
4.8137712	1.2049532	9.7052231	13.946754
4.8044157	1.2075305	9.7043829	13.959095
4.7997379	1.192711	9.7035418	13.938526
4.7903824	1.2075305	9.7027006	13.950867
4.7919416	1.1911002	9.7035418	13.950867
4.7888231	1.1830461	9.7035418	13.942639
4.7825861	1.1875564	9.7027006	13.950867
4.7732306	1.1904559	9.7035418	13.92207
4.7623153	1.1911002	9.7027006	13.942639
4.7669935	1.1914223	9.7027006	13.959095
4.7560782	1.1991543	9.7043829	13.979666
4.754519	1.1936775	9.7052231	13.934411
4.7404857	1.2046311	9.7052231	13.96321
4.7389264	1.190778	9.7043829	13.946754
4.7342486	1.2043089	9.7052231	13.992007
4.7311301	1.2075305	9.7027006	13.971437
4.7217746	1.1943219	9.7052231	13.942639
4.7170968	1.2075305	9.7052231	13.996122
4.7093005	1.1904559	9.7043829	13.942639
4.7030635	1.1978656	9.7052231	13.967323
4.6952667	1.2001208	9.7052231	13.950867
4.6937075	1.2062418	9.7052231	13.975552
4.6812334	1.1882007	9.7043829	13.942639
4.6749964	1.1817575	9.7052231	13.934411
4.6687593	1.1956105	9.7043829	13.950867
4.6687593	1.2017316	9.7035418	13.96321
4.6594038	1.1911002	9.7035418	13.950867
4.654726	1.2110744	9.7060642	13.96321
4.6453705	1.2194506	9.7052231	13.983779
4.6438112	1.2004429	9.7052231	13.954982
4.6360145	1.1939996	9.7035418	13.930298
4.6250997	1.2062418	9.7027006	13.950867
4.6204219	1.2026981	9.7052231	13.971437
4.6110663	1.1981878	9.7035418	13.950867
4.6079478	1.2094635	9.7052231	13.950867
4.6063886	1.2110744	9.7069054	13.967323
4.5954738	1.1875564	9.7052231	13.934411
4.5892367	1.1930332	9.7077456	13.946754
4.5829997	1.1949662	9.7043829	13.92207
4.5767627	1.1923889	9.7052231	13.967323
4.5720849	1.196577	9.7052231	13.930298
4.5658479	1.2072084	9.7035418	13.950867
4.5533738	1.1949662	9.7060642	13.938526
4.5564923	1.1894894	9.7035418	13.959095
4.5596108	1.1859456	9.7052231	13.971437
4.5611701	1.2055975	9.7043829	13.959095
4.5611701	1.2046311	9.7027006	13.959095
4.5627294	1.1849791	9.7018595	13.930298
4.5720849	1.2030202	9.7001781	13.967323
4.590796	1.1975435	9.7018595	13.946754
4.6063886	1.1911002	9.7001781	13.938526
4.590796	1.1943219	9.699338	13.938526
4.6173034	1.1836904	9.699338	13.946754
4.6063886	1.1952883	9.7001781	13.954982
4.6219811	1.1743478	9.699338	13.92207
4.6328959	1.1798245	9.7010193	13.926183
4.6141849	1.1930332	9.7001781	13.913841
4.6344552	1.1853013	9.7018595	13.905614
4.6282182	1.190778	9.7010193	13.934411
4.6328959	1.1959326	9.7027006	13.905614
4.6313367	1.1791801	9.7010193	13.905614
4.6297774	1.188845	9.7018595	13.930298
4.6328959	1.1785358	9.7027006	13.905614
4.6344552	1.1830461	9.7052231	13.901499
4.6328959	1.1772472	9.7035418	13.89327
4.6438112	1.1737034	9.7018595	13.880929
4.6375737	1.1720926	9.7035418	13.864473
4.6344552	1.1682266	9.7010193	13.876815
4.639133	1.1598504	9.7010193	13.909727
4.6500483	1.180791	9.7027006	13.897386
4.6375737	1.1833683	9.7027006	13.901499
4.6360145	1.180791	9.7043829	13.876815
4.642252	1.2030202	9.7018595	13.938526
4.6375737	1.1991543	9.7018595	13.89327
4.6328959	1.2010872	9.7035418	13.885042
4.6438112	1.1894894	9.7018595	13.885042
4.6406927	1.2030202	9.7027006	13.897386
4.6406927	1.2068862	9.7027006	13.885042
4.642252	1.2059197	9.7035418	13.885042
4.6438112	1.2178397	9.7027006	13.905614
4.639133	1.2017316	9.7010193	13.872702
4.642252	1.196577	9.7001781	13.864473
4.6375737	1.2065641	9.7027006	13.868587
4.6375737	1.1714482	9.7027006	13.819219
4.6375737	1.1662936	9.7035418	13.868587
4.6328959	1.1830461	9.7035418	13.864473
4.6344552	1.1778915	9.7027006	13.876815
4.6328959	1.1653272	9.7027006	13.856245
4.6313367	1.1824018	9.7043829	13.856245
4.6250997	1.1917446	9.7035418	13.856245
4.6219811	1.1811131	9.7027006	13.860358
4.6157441	1.1811131	9.7043829	13.843903
4.6188626	1.1939996	9.7035418	13.856245
4.6188626	1.2039868	9.7027006	13.880929
4.6141849	1.1891673	9.7035418	13.852131
4.6095071	1.1795024	9.7027006	13.819219
4.6095071	1.1968992	9.7027006	13.848017
4.6141849	1.178858	9.7027006	13.835674
4.6063886	1.1801467	9.7035418	13.831561
4.6001515	1.196577	9.7035418	13.839789
4.597033	1.1939996	9.7035418	13.864473
4.597033	1.184657	9.7018595	13.848017
4.5829997	1.1875564	9.7052231	13.848017
4.5798812	1.1801467	9.7043829	13.839789
4.5767627	1.1714482	9.7052231	13.848017
4.5783219	1.1824018	9.7035418	13.856245
4.5705256	1.1695153	9.7052231	13.839789
4.5705256	1.1943219	9.7027006	13.852131
4.5689664	1.18659	9.7035418	13.856245
4.5596108	1.1778915	9.7035418	13.827446
4.5549331	1.2043089	9.7035418	13.889157
4.5533738	1.194644	9.7027006	13.852131
4.5471368	1.1920667	9.7052231	13.831561
4.542459	1.1894894	9.7043829	13.848017
4.5408998	1.180791	9.7035418	13.823333
4.5346622	1.1756364	9.7035418	13.815105
4.5299845	1.1772472	9.7043829	13.839789
4.5253067	1.1733812	9.7043829	13.835674
4.5237474	1.1923889	9.7035418	13.872702
4.5175104	1.1704818	9.7027006	13.839789
4.5143919	1.1704818	9.7060642	13.835674
4.5081549	1.1862677	9.7027006	13.876815
4.5019178	1.1875564	9.7035418	13.848017
4.4941216	1.2017316	9.7035418	13.843903
4.4894438	1.2136517	9.7027006	13.856245
4.4863253	1.22235	9.7060642	13.852131
4.4816475	1.2278268	9.7035418	13.876815
4.478529	1.2152624	9.7052231	13.827446
4.4738507	1.1997986	9.7043829	13.806877
4.4660544	1.1978656	9.7052231	13.831561
4.4660544	1.1959326	9.7018595	13.860358
4.4520211	1.1952883	9.7035418	13.848017
4.4520211	1.1820797	9.7052231	13.819219
4.4504619	1.1714482	9.7035418	13.843903
4.4442248	1.1701596	9.7035418	13.848017
4.4379878	1.1595283	9.7035418	13.852131
4.43331	1.1656493	9.7043829	13.852131
4.4301915	1.1624277	9.7035418	13.872702
4.420836	1.1546957	9.7027006	13.843903
4.4145985	1.1720926	9.7035418	13.864473
4.4114799	1.1820797	9.7035418	13.839789
4.4036837	1.1662936	9.7035418	13.815105
4.4021244	1.1604947	9.7052231	13.823333
4.3990059	1.1869121	9.7052231	13.839789
4.3927689	1.178858	9.7060642	13.843903
4.3896503	1.1798245	9.7060642	13.839789
4.3834133	1.1914223	9.7027006	13.835674
4.3771763	1.1943219	9.7052231	13.831561
4.375617	1.1891673	9.7035418	13.835674
4.36938	1.1791801	9.7035418	13.831561
4.3647022	1.2055975	9.7043829	13.852131
4.3584652	1.218484	9.7018595	13.885042
4.3491092	1.1972213	9.7043829	13.856245
4.3475499	1.2055975	9.7035418	13.843903
4.3413134	1.1911002	9.7035418	13.827446
4.3428726	1.1814353	9.7052231	13.843903
4.3350763	1.1885229	9.7052231	13.831561
4.3257208	1.2043089	9.7052231	13.823333
4.321043	1.196577	9.7043829	13.827446
4.3194838	1.1801467	9.7043829	13.831561
4.3194838	1.1814353	9.7035418	13.843903
4.3132463	1.1743478	9.7052231	13.839789
4.30545	1.1843348	9.7027006	13.864473
4.3023314	1.1701596	9.7043829	13.806877
4.2914166	1.159206	9.7043829	13.839789
4.2898574	1.1727369	9.7052231	13.843903
4.2867389	1.1737034	9.7035418	13.860358
4.2789426	1.1756364	9.7052231	13.852131
4.2805018	1.1627499	9.7052231	13.848017
4.2805018	1.1701596	9.7027006	13.864473
4.2680278	1.1856234	9.7043829	13.864473
4.2617908	1.1753142	9.7035418	13.827446
4.257113	1.1740255	9.7043829	13.843903
4.2524347	1.194644	9.7035418	13.831561
4.2461977	1.2036645	9.7018595	13.856245
4.247757	1.1972213	9.7035418	13.852131
4.2352829	1.1936775	9.7035418	13.848017
4.2306051	1.2049532	9.7043829	13.860358
4.2228088	1.2049532	9.7052231	13.848017
4.2212496	1.1862677	9.7035418	13.839789
4.2196903	1.2072084	9.7043829	13.839789
4.2150126	1.2097857	9.7027006	13.835674
4.211894	1.196577	9.7052231	13.823333
4.2040977	1.194644	9.7060642	13.823333
4.2009792	1.1972213	9.7035418	13.848017
4.1978607	1.1949662	9.7052231	13.848017
4.1900644	1.1898116	9.7043829	13.827446
4.1822677	1.1824018	9.7060642	13.843903
4.1838269	1.184657	9.7060642	13.843903
4.1807084	1.1756364	9.7035418	13.856245
4.1760306	1.1740255	9.7035418	13.848017
4.1697936	1.1727369	9.7052231	13.839789
4.1635566	1.1653272	9.7027006	13.843903
4.1604381	1.1733812	9.7052231	13.856245
4.1573195	1.1701596	9.7035418	13.848017
4.147964	1.1711261	9.7052231	13.843903
4.147964	1.1778915	9.7043829	13.860358
4.1401677	1.1862677	9.7052231	13.835674
4.1339307	1.1856234	9.7027006	13.835674
4.1230154	1.1720926	9.7043829	13.798649
4.1261339	1.1891673	9.7052231	13.848017
4.1230154	1.1814353	9.7043829	13.835674
4.1183376	1.1817575	9.7035418	13.872702
4.1167784	1.1749921	9.7035418	13.852131
4.1058636	1.1930332	9.7043829	13.89327
4.1027455	1.2030202	9.7052231	13.880929
4.0965085	1.1801467	9.7052231	13.868587
4.09339	1.18659	9.7035418	13.827446
4.09339	1.1930332	9.7035418	13.848017
4.0902715	1.1811131	9.7035418	13.839789
4.084034	1.1894894	9.7035418	13.864473
4.0762377	1.1956105	9.7043829	13.839789
4.0809155	1.2059197	9.7035418	13.864473
4.0715599	1.18659	9.7060642	13.839789
4.0668821	1.1811131	9.7043829	13.823333
4.0653229	1.1959326	9.7043829	13.835674
4.0559673	1.1978656	9.7027006	13.868587
4.0528488	1.1862677	9.7027006	13.852131
4.0466118	1.1759585	9.7035418	13.864473
4.0403748	1.1791801	9.7052231	13.880929
4.0388155	1.1782137	9.7035418	13.860358
4.0279007	1.1633942	9.7052231	13.843903
4.0279007	1.155018	9.7052231	13.831561
4.0325785	1.1682266	9.7052231	13.843903
4.0247817	1.1775694	9.7043829	13.876815
4.0169854	1.1833683	9.7077456	13.848017
4.0185447	1.1968992	9.7035418	13.876815
4.0107484	1.214296	9.7027006	13.876815
4.0045114	1.2110744	9.7052231	13.864473
4.0060706	1.218484	9.7035418	13.876815
3.9967151	1.2033424	9.7035418	13.827446
3.9982743	1.2210613	9.7035418	13.864473
3.9873595	1.1952883	9.7027006	13.839789
3.9811225	1.1811131	9.7043829	13.843903
3.9764445	1.1843348	9.7043829	13.860358
3.9764445	1.1785358	9.7027006	13.872702
3.9748852	1.1608169	9.7035418	13.856245
3.9686482	1.1643606	9.7060642	13.860358
3.9686482	1.1637163	9.7035418	13.876815
3.9608519	1.1769251	9.7052231	13.852131
3.9546149	1.1643606	9.7043829	13.848017
3.9514964	1.1737034	9.7052231	13.856245
3.9468184	1.1843348	9.7060642	13.880929
3.9436998	1.1869121	9.7035418	13.885042
3.9390221	1.1872343	9.7052231	13.856245
3.9359035	1.192711	9.7043829	13.848017
3.9312258	1.1933553	9.7035418	13.89327
3.932785	1.2023759	9.7035418	13.872702
3.9234295	1.1968992	9.7052231	13.885042
3.920311	1.1814353	9.7052231	13.856245
3.9140737	1.1968992	9.7052231	13.885042
3.9140737	1.1853013	9.7035418	13.880929
3.9140737	1.1869121	9.7035418	13.885042
3.9000404	1.1830461	9.7043829	13.901499
3.8984811	1.1962548	9.7052231	13.880929
3.8922441	1.1997986	9.7027006	13.876815
3.8938034	1.180791	9.7027006	13.876815
3.8860068	1.1894894	9.7043829	13.89327
3.8766515	1.2023759	9.7052231	13.876815
3.8750923	1.1917446	9.7027006	13.885042
3.8719738	1.1708039	9.7035418	13.872702
3.8719738	1.1956105	9.7052231	13.89327
3.8641775	1.1956105	9.7027006	13.876815
3.8641775	1.1894894	9.7043829	13.880929
3.8532627	1.1853013	9.7052231	13.880929
3.8563812	1.1952883	9.7052231	13.864473
3.8485847	1.1920667	9.7069054	13.860358
3.8485847	1.1762807	9.7027006	13.872702
3.8392291	1.2030202	9.7035418	13.89327
3.8376698	1.2081748	9.7035418	13.880929
3.8329921	1.1804688	9.7035418	13.876815
3.8251958	1.1720926	9.7052231	13.880929
3.8220773	1.1598504	9.7052231	13.835674
3.8173993	1.1601726	9.7035418	13.860358
3.81584	1.1646829	9.7043829	13.864473
3.8127215	1.1662936	9.7052231	13.885042
3.8080437	1.1653272	9.7018595	13.885042
3.7986882	1.1688709	9.7035418	13.885042
3.8018067	1.1853013	9.7018595	13.913841
3.7971289	1.1917446	9.7027006	13.897386
3.7908919	1.1939996	9.7043829	13.89327
3.7924511	1.1933553	9.7043829	13.876815
3.7877734	1.2004429	9.7043829	13.901499
3.7830954	1.1962548	9.7035418	13.864473
3.7815361	1.1962548	9.7035418	13.889157
3.7784176	1.2055975	9.7035418	13.913841
3.7721806	1.2033424	9.7043829	13.889157
3.7768583	1.1737034	9.7035418	13.876815
3.7706213	1.1811131	9.7035418	13.872702
3.7752991	1.1733812	9.7035418	13.872702
3.7737398	1.1698375	9.7035418	13.872702
3.7721806	1.1720926	9.7018595	13.872702
3.7706213	1.1682266	9.7027006	13.885042
3.7721806	1.1746699	9.7043829	13.880929
3.7721806	1.1791801	9.7035418	13.905614
3.769062	1.1766028	9.7010193	13.897386
3.7706213	1.1994765	9.7035418	13.901499
3.7675028	1.1872343	9.7027006	13.872702
3.7721806	1.1904559	9.7018595	13.868587
3.7675028	1.1936775	9.7018595	13.885042
3.7675028	1.1762807	9.7052231	13.889157
3.7643843	1.1772472	9.7035418	13.872702
3.7550285	1.1662936	9.7027006	13.876815
3.7597065	1.1682266	9.7035418	13.876815
3.7581472	1.1766028	9.7035418	13.876815
3.7597065	1.1730591	9.7043829	13.880929
3.7581472	1.1843348	9.7027006	13.89327
3.75191	1.1753142	9.7035418	13.885042
3.7534692	1.192711	9.7035418	13.89327
3.7487915	1.2014095	9.7018595	13.901499
3.7550285	1.1923889	9.7027006	13.897386
3.7487915	1.2001208	9.7035418	13.934411
3.7472322	1.2017316	9.7035418	13.901499
3.7503507	1.1939996	9.7018595	13.876815
3.7441137	1.1762807	9.7027006	13.872702
3.7456729	1.1743478	9.7035418	13.89327
3.7409952	1.1981878	9.7035418	13.89327
3.7331989	1.1930332	9.7035418	13.889157
3.7363174	1.1746699	9.7035418	13.901499
3.7347581	1.1820797	9.7027006	13.880929
3.7316396	1.1882007	9.7027006	13.89327
3.7254026	1.1746699	9.7027006	13.89327
3.7300804	1.1672602	9.7027006	13.909727
3.7316396	1.1901337	9.7027006	13.885042
3.7254026	1.1894894	9.7035418	13.889157
3.7222838	1.1801467	9.7035418	13.868587
3.7191653	1.1930332	9.7027006	13.885042
3.7238431	1.1972213	9.7035418	13.885042
3.7129283	1.2043089	9.7027006	13.897386
3.7098098	1.1911002	9.7027006	13.885042
3.7082505	1.2068862	9.7027006	13.885042
3.711369	1.2007651	9.7035418	13.872702
3.7082505	1.1943219	9.7027006	13.860358
3.7066913	1.1985099	9.7035418	13.880929
3.698895	1.2068862	9.7043829	13.901499
3.7020135	1.2055975	9.7035418	13.897386
3.6973357	1.2046311	9.7035418	13.905614
3.6910985	1.1904559	9.7027006	13.909727
3.6926577	1.2001208	9.7027006	13.901499
3.6910985	1.1869121	9.7027006	13.860358
3.6910985	1.1830461	9.7027006	13.913841
3.6817429	1.1894894	9.7018595	13.880929
3.6786244	1.1749921	9.7035418	13.885042
3.6817429	1.188845	9.7027006	13.913841
3.6723876	1.1814353	9.7043829	13.885042
3.6692691	1.1891673	9.7018595	13.905614
3.6677098	1.1978656	9.7043829	13.89327
3.6723876	1.1917446	9.7027006	13.885042
3.6661506	1.188845	9.7027006	13.889157
3.6583543	1.2026981	9.7027006	13.889157
3.6583543	1.2072084	9.7035418	13.89327
3.6614728	1.1956105	9.7035418	13.901499
3.6552355	1.18659	9.7027006	13.913841
3.6536763	1.1943219	9.7035418	13.901499
3.6489985	1.1991543	9.7027006	13.901499
3.6412022	1.1894894	9.7035418	13.89327
3.64588	1.1798245	9.7035418	13.876815
3.6412022	1.2004429	9.7027006	13.92207
3.6365244	1.1962548	9.7035418	13.885042
3.6365244	1.1914223	9.7027006	13.876815
3.6349652	1.196577	9.7035418	13.897386
3.6380837	1.2081748	9.7052231	13.901499
3.6302874	1.2043089	9.7035418	13.909727
3.6224909	1.2023759	9.7043829	13.880929
3.6193724	1.1968992	9.7027006	13.897386
3.6209316	1.2136517	9.7043829	13.926183
3.6162539	1.1956105	9.7043829	13.889157
3.6146946	1.1843348	9.7043829	13.909727
3.6100168	1.1798245	9.7035418	13.905614
3.6100168	1.1727369	9.7035418	13.950867
3.6053391	1.1762807	9.7010193	13.901499
3.6037798	1.1720926	9.7035418	13.89327
3.599102	1.165005	9.7043829	13.889157
3.599102	1.1759585	9.7052231	13.913841
3.6022205	1.1817575	9.7035418	13.880929
3.5959835	1.1833683	9.7027006	13.897386
3.588187	1.1939996	9.7027006	13.934411
3.5819499	1.2078527	9.7027006	13.909727
3.5850685	1.2014095	9.7043829	13.905614
3.5757129	1.1920667	9.7027006	13.889157
3.5772722	1.2107521	9.7027006	13.938526
3.5803907	1.2059197	9.7018595	13.917954
3.5725944	1.1801467	9.7018595	13.89327
3.5694759	1.1714482	9.7035418	13.885042
3.5647981	1.1856234	9.7035418	13.89327
3.5663574	1.1756364	9.7035418	13.885042
3.5679166	1.1637163	9.7035418	13.897386
3.5601201	1.178858	9.7010193	13.917954
3.5663574	1.1869121	9.7035418	13.905614
3.5554423	1.2007651	9.7052231	13.885042
3.5538831	1.1785358	9.7027006	13.864473
3.5538831	1.182724	9.7035418	13.889157
3.5507646	1.2014095	9.7027006	13.89327
3.5445275	1.1959326	9.7035418	13.905614
3.541409	1.1804688	9.7035418	13.909727
3.5367312	1.1833683	9.7052231	13.897386
3.535172	1.1840127	9.7052231	13.913841
3.535172	1.1785358	9.7035418	13.905614
3.5320535	1.1785358	9.7035418	13.905614
3.5273755	1.1840127	9.7027006	13.897386
3.5195792	1.1875564	9.7035418	13.905614
3.5273755	1.1875564	9.7027006	13.917954
3.5226977	1.1956105	9.7018595	13.92207
3.5242569	1.2052754	9.7043829	13.917954
3.5149014	1.2059197	9.7035418	13.905614
3.5102236	1.2136517	9.7018595	13.942639
3.5071051	1.2055975	9.7027006	13.913841
3.5086644	1.2165511	9.7043829	13.917954
3.5039866	1.2126851	9.7043829	13.917954
3.5117829	1.1949662	9.7035418	13.92207
3.4977493	1.1836904	9.7035418	13.89327
3.5008681	1.1917446	9.7027006	13.913841
3.4946308	1.1894894	9.7035418	13.909727
3.4915123	1.1869121	9.7027006	13.905614
3.4993086	1.1704818	9.7043829	13.89327
3.4915123	1.1856234	9.7035418	13.930298
3.4868345	1.188845	9.7018595	13.930298
3.4837162	1.192711	9.7035418	13.934411
3.482157	1.1853013	9.7027006	13.913841
3.4837162	1.1904559	9.7018595	13.917954
3.4790385	1.1820797	9.7035418	13.909727
3.47592	1.1724148	9.7035418	13.917954
3.47592	1.1872343	9.7035418	13.917954
3.4696829	1.1862677	9.7043829	13.926183
3.4681237	1.1849791	9.7027006	13.917954
3.4665644	1.180791	9.7052231	13.913841
3.4665644	1.1894894	9.7018595	13.926183
3.4665644	1.2017316	9.7043829	13.959095
3.4587679	1.1975435	9.7018595	13.946754
3.4540901	1.2120408	9.7027006	13.930298
3.4540901	1.1894894	9.7027006	13.917954
3.4462938	1.2030202	9.7052231	13.934411
3.4447346	1.196577	9.7035418	13.89327
3.4431753	1.1778915	9.7018595	13.909727
3.4447346	1.1972213	9.7027006	13.954982
3.4416161	1.1878786	9.7035418	13.92207
3.4322605	1.1862677	9.7043829	13.917954
3.435379	1.1814353	9.7035418	13.905614
3.4338198	1.1833683	9.7027006	13.946754
3.4291418	1.2065641	9.7043829	13.942639
3.4291418	1.1801467	9.7027006	13.905614
3.4260232	1.1891673	9.7035418	13.917954
3.4213455	1.182724	9.7027006	13.897386
3.4197862	1.1901337	9.7035418	13.913841
3.4229047	1.1997986	9.7027006	13.913841
3.4213455	1.1894894	9.7043829	13.942639
3.4119899	1.2097857	9.7043829	13.934411
3.4119899	1.2152624	9.7027006	13.913841
3.4104307	1.2081748	9.7027006	13.901499
3.4135492	1.1981878	9.7027006	13.930298
3.3995156	1.2043089	9.7027006	13.909727
3.4041936	1.2126851	9.7035418	13.930298
3.3932786	1.190778	9.7052231	13.930298
3.4041936	1.1859456	9.7027006	13.930298
3.3948379	1.1682266	9.7018595	13.930298
3.3948379	1.1666158	9.7035418	13.930298
3.3886008	1.1724148	9.7035418	13.946754
3.3854823	1.1795024	9.7018595	13.938526
3.3839231	1.1917446	9.7043829	13.926183
3.3839231	1.1923889	9.7043829	13.934411
3.3839231	1.2094635	9.7035418	13.946754
3.3839231	1.2249273	9.7035418	13.950867
3.3792453	1.2146181	9.7035418	13.913841
3.3761268	1.2075305	9.7027006	13.92207
3.3745675	1.2088192	9.7035418	13.913841
3.3698897	1.2062418	9.7018595	13.938526
3.366771	1.1875564	9.7043829	13.905614
3.371449	1.165005	9.7043829	13.913841
3.366771	1.1824018	9.7043829	13.946754
3.3652117	1.1782137	9.7027006	13.938526
3.3652117	1.1836904	9.7035418	13.946754
3.3574154	1.1769251	9.7060642	13.909727
3.3496192	1.1949662	9.7060642	13.926183
3.3527377	1.1939996	9.7035418	13.930298
3.3496192	1.1917446	9.7027006	13.930298
3.3465006	1.1920667	9.7027006	13.930298
3.3465006	1.2017316	9.7027006	13.930298
3.3418229	1.2001208	9.7027006	13.938526
3.3465006	1.1943219	9.7027006	13.96321
3.3449414	1.1885229	9.7035418	13.917954
3.3371449	1.1994765	9.7035418	13.938526
3.3387043	1.1968992	9.7027006	13.917954
3.3371449	1.1962548	9.7027006	13.942639
3.3355856	1.2088192	9.7018595	13.934411
3.32623	1.214296	9.7052231	13.959095
3.3277893	1.2007651	9.7035418	13.971437
3.319993	1.2091414	9.7018595	13.954982
3.3231115	1.1869121	9.7018595	13.926183
3.3246708	1.1853013	9.7043829	13.930298
3.319993	1.1814353	9.7035418	13.950867
3.313756	1.1904559	9.7043829	13.959095
3.313756	1.2062418	9.7027006	13.938526
3.3121967	1.1869121	9.7043829	13.959095
3.3121967	1.1917446	9.7018595	13.926183
3.3028409	1.1853013	9.7052231	13.942639
3.2997224	1.1824018	9.7035418	13.959095
3.3028409	1.2030202	9.7035418	13.987894
3.3012817	1.1943219	9.7035418	13.96321
3.2919264	1.18659	9.7027006	13.926183
3.2919264	1.1704818	9.7035418	13.926183
3.2950449	1.1856234	9.7035418	13.942639
3.2997224	1.196577	9.7018595	13.954982
3.2903671	1.2001208	9.7052231	13.954982
3.2919264	1.2039868	9.7035418	13.975552
3.2966042	1.212363	9.7035418	13.954982
3.2934856	1.224283	9.7052231	13.975552
3.2903671	1.2133294	9.7018595	13.938526
3.2825708	1.1830461	9.7027006	13.930298
3.2903671	1.1778915	9.7010193	13.930298
3.2872486	1.1743478	9.7052231	13.930298
3.2825708	1.1817575	9.7035418	13.975552
3.2872486	1.1875564	9.7052231	13.959095
3.2794523	1.1840127	9.7010193	13.967323
3.2825708	1.1933553	9.7035418	13.942639
3.2732153	1.194644	9.7052231	13.942639
3.2794523	1.1920667	9.7043829	13.930298
3.2825708	1.1882007	9.7052231	13.92207
3.2700968	1.2001208	9.7027006	13.950867
3.2700968	1.2010872	9.7035418	13.971437
3.271656	1.2055975	9.7027006	13.967323
3.266978	1.1798245	9.7035418	13.946754
3.2700968	1.1943219	9.7027006	13.975552
3.2623003	1.180791	9.7052231	13.938526
3.2591817	1.1824018	9.7043829	13.954982
3.260741	1.1785358	9.7043829	13.946754
3.254504	1.1775694	9.7052231	13.959095
3.2513855	1.1917446	9.7035418	13.971437
3.2529447	1.1978656	9.7035418	13.983779
3.2498262	1.1882007	9.7043829	13.96321
3.2451484	1.1930332	9.7010193	13.979666
3.2435892	1.2023759	9.7043829	13.954982
3.2435892	1.2081748	9.7043829	13.950867
3.2420299	1.2046311	9.7027006	13.971437
3.2435892	1.2110744	9.7027006	13.96321
3.2373519	1.2258939	9.7027006	13.996122
3.2357926	1.2072084	9.7035418	13.954982
3.2279963	1.1988322	9.7018595	13.946754
3.2279963	1.1985099	9.7035418	13.975552
3.2233186	1.1956105	9.7035418	13.967323
3.2233186	1.1798245	9.7027006	13.967323
3.2186408	1.1759585	9.7052231	13.946754
3.2217593	1.1698375	9.7035418	13.959095
3.2155223	1.1762807	9.7035418	13.983779
3.2124038	1.18659	9.7027006	14.012578
3.2092853	1.1972213	9.7010193	13.96321
3.2124038	1.2055975	9.7052231	13.96321
3.2061667	1.1894894	9.7035418	13.938526
3.2046072	1.2139738	9.7027006	14.00435
3.213963	1.2200949	9.7027006	13.975552
3.2061667	1.2213836	9.7018595	13.979666
3.2092853	1.2039868	9.7043829	13.971437
3.2061667	1.2043089	9.7035418	13.946754
3.2092853	1.2091414	9.7027006	13.979666
3.203048	1.1952883	9.7035418	13.971437
3.1999295	1.1923889	9.7027006	13.996122
3.203048	1.1824018	9.7018595	13.959095
3.203048	1.1898116	9.7027006	13.971437
3.203048	1.1759585	9.7018595	13.959095
3.2108445	1.1675823	9.7018595	13.938526
3.1999295	1.1682266	9.7018595	13.950867
3.2061667	1.1833683	9.7027006	13.96321
3.2061667	1.1959326	9.7018595	13.979666
3.2155223	1.1869121	9.7018595	13.959095
3.2155223	1.2072084	9.7027006	13.959095
3.2170815	1.2171954	9.7010193	13.967323
3.2155223	1.2136517	9.7018595	13.971437
3.213963	1.212363	9.7043829	13.954982
3.2170815	1.2055975	9.7018595	13.946754
3.2124038	1.2072084	9.7027006	13.975552
3.2061667	1.1824018	9.7018595	13.954982
3.2186408	1.1682266	9.7027006	13.946754
3.2108445	1.1685488	9.7018595	13.979666
3.2155223	1.1720926	9.7027006	13.967323
3.2186408	1.159206	9.7027006	13.950867
3.2108445	1.1801467	9.7027006	13.954982
3.2155223	1.1804688	9.7043829	13.946754
3.213963	1.1901337	9.7043829	13.950867
3.2186408	1.2072084	9.7035418	13.979666
3.2233186	1.2200949	9.7010193	13.987894
3.2217593	1.2146181	9.7027006	13.975552
3.2155223	1.1985099	9.7018595	13.950867
3.2155223	1.1917446	9.7018595	13.950867
3.2124038	1.196577	9.7018595	13.959095
3.213963	1.1840127	9.7027006	13.959095
3.2170815	1.1749921	9.7027006	13.942639
3.2155223	1.1656493	9.7027006	13.96321
3.2155223	1.1791801	9.7043829	13.975552
3.2155223	1.1646829	9.7035418	13.942639
3.2124038	1.1669379	9.7018595	13.954982
3.2155223	1.1698375	9.7001781	13.96321
3.213963	1.1782137	9.7052231	13.930298
3.2124038	1.1817575	9.7035418	13.917954
3.2092853	1.1836904	9.7027006	13.959095
3.2155223	1.2039868	9.7010193	13.967323
3.2108445	1.22235	9.7018595	13.983779
3.2155223	1.2191284	9.7027006	13.959095
3.2092853	1.2165511	9.7018595	13.959095
3.207726	1.2052754	9.7027006	13.942639
3.2046072	1.2133294	9.7027006	13.996122
3.2061667	1.1985099	9.7035418	13.938526
3.2046072	1.1782137	9.7010193	13.954982
3.2046072	1.1717705	9.7018595	14.000236
3.2092853	1.182724	9.7018595	14.000236
3.203048	1.1911002	9.7027006	13.983779
3.2061667	1.1798245	9.7027006	13.954982
3.196811	1.1840127	9.7043829	13.983779
3.203048	1.196577	9.7018595	13.946754
3.1921332	1.2059197	9.7035418	13.971437
3.1952517	1.2010872	9.7010193	13.959095
3.2014887	1.2146181	9.7010193	13.975552
3.196811	1.2039868	9.7018595	13.975552
3.1905739	1.2252495	9.7018595	14.000236
3.1874554	1.2094635	9.7027006	13.975552
3.1936924	1.2004429	9.7035418	13.954982
3.1936924	1.1933553	9.7027006	13.946754
3.1921332	1.1840127	9.7035418	13.96321
3.1858962	1.2014095	9.7018595	13.967323
3.1921332	1.1824018	9.7027006	13.959095
3.1890147	1.1840127	9.7035418	13.950867
3.1858962	1.1753142	9.7027006	13.96321
3.1827776	1.180791	9.7027006	13.987894
3.1812184	1.1933553	9.7043829	13.950867
3.1765406	1.1885229	9.7035418	13.975552
3.1780999	1.1920667	9.7035418	13.96321
3.1780999	1.2055975	9.7018595	13.959095
3.1765406	1.2020538	9.7027006	13.938526
3.1765406	1.2046311	9.7035418	13.979666
3.1687441	1.1936775	9.7027006	13.967323
3.1718626	1.2007651	9.7052231	13.967323
3.1671848	1.2001208	9.7035418	13.96321
3.1734219	1.1952883	9.7018595	13.971437
3.1703033	1.1898116	9.7035418	13.959095
3.1703033	1.1798245	9.7035418	13.959095
3.1656256	1.1904559	9.7027006	13.959095
3.1625071	1.182724	9.7043829	13.979666
3.1609478	1.1853013	9.7018595	13.975552
3.1625071	1.1968992	9.7035418	13.979666
3.1640663	1.2078527	9.7018595	13.996122
3.15627	1.1939996	9.7035418	13.959095
3.1578293	1.1914223	9.7035418	13.971437
3.1609478	1.1898116	9.7027006	13.975552
3.1593885	1.2036645	9.7018595	13.996122
3.1593885	1.1978656	9.7035418	13.971437
3.1531515	1.192711	9.7035418	13.979666
3.1484737	1.2091414	9.7027006	13.975552
3.1469145	1.2075305	9.7043829	13.946754
3.1422365	1.2004429	9.7035418	13.946754
3.143796	1.1911002	9.7010193	13.967323
3.1453552	1.2059197	9.7027006	13.971437
3.1453552	1.2168733	9.7052231	13.959095
3.1422365	1.1914223	9.7001781	13.950867
3.143796	1.1872343	9.7018595	13.959095
3.1344402	1.180791	9.7035418	13.975552
3.1422365	1.188845	9.7035418	13.971437
3.1375587	1.1772472	9.7052231	13.959095
3.1375587	1.1669379	9.7027006	13.942639
3.1344402	1.1746699	9.7035418	13.946754
3.1313217	1.1830461	9.7043829	13.959095
3.1313217	1.1968992	9.7027006	13.967323
3.1359994	1.2046311	9.7035418	14.008463
3.1282032	1.2065641	9.7052231	13.96321
3.1297624	1.2068862	9.699338	13.967323
3.1219664	1.2049532	9.7027006	13.975552
3.1250846	1.2146181	9.7027006	13.979666
3.1235254	1.1985099	9.7043829	13.975552
3.1188478	1.1856234	9.7043829	13.942639
3.1172886	1.1862677	9.7035418	13.967323
3.1188478	1.1801467	9.7027006	13.934411
3.1188478	1.1749921	9.7027006	13.975552
3.1172886	1.1695153	9.7027006	13.967323
3.1172886	1.1978656	9.7052231	14.012578
3.1157293	1.1878786	9.7035418	13.954982
3.1094923	1.1843348	9.7027006	13.942639
3.107933	1.1795024	9.7018595	13.938526
3.1110516	1.1833683	9.7027006	13.971437
3.107933	1.2062418	9.7043829	13.971437
3.1063738	1.188845	9.7027006	13.967323
3.1063738	1.2004429	9.7027006	13.992007
3.1063738	1.1862677	9.7018595	13.959095
3.1048143	1.2088192	9.7027006	13.975552
3.103255	1.2007651	9.7027006	13.942639
3.103255	1.1930332	9.7027006	13.979666
3.0985773	1.2078527	9.7010193	13.983779
3.103255	1.1801467	9.7018595	13.942639
3.0985773	1.1872343	9.7035418	13.938526
3.090781	1.1753142	9.7035418	13.96321
3.0938995	1.1737034	9.7027006	13.987894
3.097018	1.1882007	9.7027006	13.992007
3.0923402	1.190778	9.7010193	13.996122
3.0923402	1.1911002	9.7052231	13.954982
3.0845439	1.1914223	9.7018595	13.971437
3.0861032	1.2023759	9.7027006	13.975552
3.090781	1.2149403	9.7018595	13.971437
3.0861032	1.2152624	9.7001781	13.992007
3.0845439	1.2171954	9.7018595	13.987894
3.0783069	1.2278268	9.7052231	14.00435
3.0798662	1.2255716	9.7052231	13.96321
3.0783069	1.2107521	9.7043829	13.975552
3.0798662	1.194644	9.7035418	13.959095
3.0767477	1.212363	9.7027006	14.012578
3.0783069	1.192711	9.7035418	13.946754
3.0736289	1.1762807	9.7018595	13.975552
3.0720696	1.1778915	9.7010193	13.983779
3.0783069	1.2033424	9.7035418	14.012578
3.0751884	1.1891673	9.7043829	13.975552
3.0720696	1.1859456	9.7027006	13.983779
3.0751884	1.1782137	9.7027006	13.967323
3.0658326	1.1843348	9.7027006	13.959095
3.0658326	1.1824018	9.7043829	13.942639
3.0627141	1.1824018	9.7035418	13.987894
3.0642734	1.1968992	9.7027006	13.992007
3.0627141	1.218484	9.7018595	14.008463
3.0611548	1.2146181	9.7027006	13.975552
3.0595956	1.2120408	9.7035418	13.967323
3.0642734	1.1917446	9.7018595	13.950867
3.0595956	1.2068862	9.7027006	13.992007
3.0549178	1.1859456	9.7043829	13.950867
3.0533586	1.1894894	9.7052231	14.016691
3.0486808	1.1830461	9.7043829	13.967323
3.0486808	1.1669379	9.7035418	13.987894
3.0517993	1.1798245	9.7027006	13.975552
3.0424435	1.1914223	9.7052231	14.008463
3.0455623	1.1914223	9.7052231	13.987894
3.044003	1.2072084	9.7052231	14.00435
3.0455623	1.2165511	9.7027006	13.987894
3.0424435	1.2120408	9.7018595	13.975552
3.044003	1.1898116	9.7035418	13.96321
3.044003	1.1943219	9.7018595	13.987894
3.0424435	1.2059197	9.7027006	13.996122
3.0346472	1.2088192	9.7035418	14.00435
3.0346472	1.2036645	9.7027006	13.979666
3.0362065	1.208497	9.7035418	13.987894
3.0299695	1.2117187	9.7018595	13.996122
3.033088	1.2091414	9.7018595	13.979666
3.0346472	1.2081748	9.7027006	13.959095
3.0299695	1.1981878	9.7043829	13.983779
3.0299695	1.2101078	9.7018595	13.996122
3.0252917	1.1914223	9.7035418	13.950867
3.0221732	1.1791801	9.7027006	13.959095
3.0237324	1.184657	9.7027006	13.996122
3.0237324	1.1778915	9.7018595	13.983779
3.0221732	1.1875564	9.7027006	13.971437
3.0252917	1.1875564	9.7035418	13.975552
3.0174954	1.1975435	9.7018595	13.983779
3.0190547	1.2107521	9.7035418	13.996122
3.0206139	1.2175176	9.7043829	13.996122
3.0159361	1.2239609	9.7018595	14.00435
3.0174954	1.2287933	9.7018595	14.00435
3.0112581	1.2329813	9.7027006	14.000236
3.0112581	1.2287933	9.7018595	13.983779
3.0096989	1.2117187	9.7035418	13.975552
3.0096989	1.1923889	9.7010193	13.979666
3.0065804	1.1949662	9.7043829	13.967323
3.0050211	1.1849791	9.7027006	13.979666
3.0034618	1.1759585	9.7035418	13.983779
3.0003433	1.1740255	9.7027006	13.971437
3.0050211	1.190778	9.7027006	13.983779
3.0050211	1.1920667	9.7027006	13.975552
3.0003433	1.1875564	9.7043829	13.987894
3.0003433	1.1952883	9.7035418	14.00435
3.0003433	1.2094635	9.7018595	13.983779
2.9956656	1.2091414	9.7035418	13.996122
2.9972248	1.1997986	9.7018595	13.992007
2.9941063	1.1875564	9.7018595	13.971437
2.9909878	1.1811131	9.7027006	13.96321
2.9878693	1.1936775	9.7018595	13.971437
2.9956656	1.1985099	9.7027006	13.983779
2.9878693	1.2062418	9.7027006	14.00435
2.9878693	1.216229	9.7035418	14.012578
2.9878693	1.21043	9.7027006	13.992007
2.98631	1.2120408	9.7018595	14.016691
2.9800727	1.188845	9.7035418	13.967323
2.9816322	1.2030202	9.7027006	13.987894
2.98631	1.1840127	9.7035418	13.959095
2.9769542	1.1753142	9.7027006	13.979666
2.975395	1.1762807	9.7043829	14.012578
2.9738357	1.1817575	9.7035418	14.020806
2.9785135	1.2001208	9.7027006	14.020806
2.9738357	1.1933553	9.7035418	14.012578
2.975395	1.1911002	9.7035418	14.012578
2.9738357	1.2072084	9.7035418	14.008463
2.9675987	1.2007651	9.7052231	13.975552
2.9660394	1.2130073	9.7035418	14.000236
2.9629209	1.1985099	9.7035418	13.979666
2.9629209	1.2146181	9.7027006	14.016691
2.9707172	1.2055975	9.7043829	13.992007
2.9613616	1.1994765	9.7027006	14.033148
2.9629209	1.188845	9.7035418	13.979666
2.9582431	1.2120408	9.7035418	14.037262
2.9551246	1.21043	9.7035418	13.987894
2.9613616	1.2001208	9.7018595	14.02492
2.9535654	1.1994765	9.7043829	13.983779
2.9551246	1.2039868	9.7035418	13.979666
2.9457693	1.1959326	9.7027006	13.992007
2.9473286	1.1804688	9.7027006	13.979666
2.9426506	1.1782137	9.7035418	13.987894
2.9504471	1.2017316	9.7027006	13.992007
2.9426506	1.2017316	9.7069054	14.016691
2.9426506	1.2046311	9.7018595	13.992007
2.9457693	1.1985099	9.7018595	13.992007
2.9488878	1.2020538	9.7043829	13.996122
2.939532	1.2081748	9.7027006	13.987894
2.9379728	1.194644	9.7018595	13.983779
2.939532	1.2059197	9.7027006	14.016691
2.933295	1.1849791	9.7027006	14.008463
2.9364135	1.1917446	9.7027006	14.000236
2.9348543	1.2072084	9.7035418	14.02492
2.9301765	1.1949662	9.7035418	14.016691
2.927058	1.2030202	9.7043829	13.992007
2.9286172	1.2004429	9.7027006	14.00435
2.9286172	1.2078527	9.7035418	14.016691
2.9177024	1.2101078	9.7027006	14.020806
2.9223802	1.1911002	9.7027006	14.000236
2.9223802	1.2068862	9.7035418	14.00435
2.9145839	1.1920667	9.7027006	14.00435
2.920821	1.1978656	9.7043829	14.012578
2.9130247	1.1898116	9.7035418	13.996122
2.9145839	1.2052754	9.7027006	14.041375
2.9192617	1.2010872	9.7035418	14.016691
2.9099059	1.2004429	9.7018595	14.016691
2.9099059	1.2130073	9.7027006	14.029035
2.9177024	1.2030202	9.7035418	13.996122
2.9099059	1.2110744	9.7035418	14.016691
2.9021096	1.1988322	9.7052231	13.983779
2.9099059	1.2020538	9.7027006	14.012578
2.9036689	1.1997986	9.7018595	13.996122
2.9005504	1.1914223	9.7060642	14.020806
2.8974319	1.1891673	9.7052231	13.979666
2.8974319	1.1972213	9.7052231	14.029035
2.8958726	1.2055975	9.7018595	14.008463
2.8943133	1.2097857	9.7043829	14.012578
2.8911948	1.216229	9.7043829	14.000236
2.8896356	1.2217057	9.7035418	14.04549
2.8911948	1.2043089	9.7035418	14.02492
2.8911948	1.2149403	9.7043829	14.016691
2.8849578	1.2030202	9.7027006	14.012578
2.8927541	1.1917446	9.7027006	14.029035
2.8787205	1.1862677	9.7035418	14.049603
2.8818393	1.1775694	9.7035418	14.029035
2.875602	1.184657	9.7010193	14.037262
2.8787205	1.1853013	9.7027006	14.02492
2.8724835	1.1882007	9.7027006	14.012578
2.875602	1.1814353	9.7035418	13.996122
2.8724835	1.1956105	9.7035418	14.033148
2.8631279	1.2091414	9.7043829	14.061946
2.869365	1.190778	9.7027006	14.02492
2.8709242	1.192711	9.7027006	14.037262
2.8600094	1.2039868	9.7027006	14.037262
2.8584502	1.192711	9.7035418	14.057832
2.8600094	1.2059197	9.7035418	14.02492
2.8600094	1.1872343	9.7035418	14.00435
2.8553317	1.1862677	9.7027006	14.041375
2.8568909	1.190778	9.7052231	14.029035
2.8631279	1.180791	9.7035418	14.02492
2.8553317	1.1962548	9.7018595	14.053719
2.8537724	1.2007651	9.7018595	14.057832
2.8459759	1.2039868	9.7043829	14.012578
2.8506539	1.1994765	9.7035418	14.008463
2.8490944	1.188845	9.7027006	14.020806
2.8412981	1.2052754	9.7027006	14.016691
2.8475351	1.1981878	9.7043829	14.012578
2.8428574	1.2030202	9.7035418	14.008463
2.8350611	1.1985099	9.7027006	14.020806
2.8366203	1.1994765	9.7027006	14.04549
2.8397388	1.214296	9.7052231	14.04549
2.8350611	1.1959326	9.7035418	14.041375
2.828824	1.2059197	9.7060642	14.070174
2.828824	1.1830461	9.7035418	14.02492
2.822587	1.1917446	9.7052231	14.02492
2.828824	1.2039868	9.7027006	14.082516
2.8241463	1.2026981	9.7043829	14.037262
2.8272648	1.1991543	9.7035418	14.049603
2.8210278	1.1917446	9.7027006	14.02492
2.8147905	1.2081748	9.7018595	14.04549
2.817909	1.2023759	9.7018595	14.04549
2.8194685	1.1801467	9.7027006	14.02492
2.8163497	1.1836904	9.7018595	14.041375
2.8194685	1.1856234	9.7035418	14.033148
2.817909	1.1869121	9.7027006	14.057832
2.8132312	1.1997986	9.7018595	14.053719
2.8069942	1.2136517	9.7035418	14.061946
2.811672	1.2075305	9.7035418	14.020806
2.8085535	1.2126851	9.7043829	14.029035
2.8023164	1.2023759	9.7043829	14.016691
2.8054349	1.2020538	9.7027006	14.053719
2.8023164	1.2091414	9.7027006	14.061946
2.8023164	1.218484	9.7018595	14.070174
2.7991979	1.2001208	9.7027006	14.02492
2.7976387	1.184657	9.7027006	14.012578
2.7976387	1.1869121	9.7035418	14.02492
2.7945201	1.1662936	9.7035418	14.008463
2.7960794	1.1882007	9.7035418	14.04549
2.7960794	1.1914223	9.7027006	14.04549
2.7929609	1.1978656	9.7027006	14.06606
2.7929609	1.2026981	9.7035418	14.061946
2.7945201	1.2068862	9.7035418	14.049603
2.7945201	1.2091414	9.7052231	14.037262
2.7867241	1.2036645	9.7018595	14.074287
2.7882833	1.2181619	9.7035418	14.049603
2.7836056	1.2271825	9.7010193	14.033148
2.7820463	1.2149403	9.7035418	14.02492
2.7789276	1.2030202	9.7035418	14.041375
2.7804868	1.2033424	9.7035418	14.074287
2.7836056	1.2078527	9.7018595	14.06606
2.7789276	1.1914223	9.7027006	14.04549
2.775809	1.1704818	9.7035418	14.037262
2.7726905	1.1659715	9.7027006	14.074287
2.7726905	1.1804688	9.7035418	14.04549
2.7726905	1.1939996	9.7052231	14.06606
2.7726905	1.2030202	9.7027006	14.070174
2.7680128	1.208497	9.7052231	14.053719
2.7711313	1.2139738	9.7018595	14.057832
2.769572	1.2155846	9.7027006	14.053719
2.7664535	1.2291155	9.7018595	14.098971
2.7680128	1.2268603	9.7010193	14.057832
2.763335	1.196577	9.7018595	14.020806
2.7648942	1.1997986	9.7018595	14.02492
2.7602165	1.192711	9.7035418	14.008463
2.7617757	1.1914223	9.7027006	14.029035
2.7586572	1.1811131	9.7027006	14.033148
2.757098	1.1682266	9.7035418	14.04549
2.7586572	1.1911002	9.7052231	14.041375
2.7524202	1.1882007	9.7027006	14.029035
2.7586572	1.1904559	9.7027006	14.02492
2.7524202	1.1730591	9.7043829	14.041375
2.757098	1.190778	9.7027006	14.049603
2.7508609	1.1843348	9.7035418	14.029035
2.7477422	1.1917446	9.7027006	14.061946
2.7446237	1.2055975	9.7035418	14.070174
2.7508609	1.2030202	9.7018595	14.049603
2.7493014	1.2249273	9.7018595	14.082516
2.7477422	1.2133294	9.7035418	14.074287
2.7493014	1.1978656	9.7043829	14.057832
2.7399459	1.1882007	9.7027006	14.04549
2.7415051	1.2010872	9.7027006	14.082516
2.7446237	1.196577	9.7001781	14.090744
2.7368274	1.1994765	9.7043829	14.090744
2.7383866	1.2088192	9.7043829	14.061946
2.7368274	1.2039868	9.7035418	14.049603
2.7383866	1.2068862	9.7018595	14.074287
2.7337089	1.2175176	9.7027006	14.082516
2.7368274	1.226216	9.7043829	14.090744
2.7305903	1.21043	9.7052231	14.086631
2.7274718	1.2139738	9.7027006	14.074287
2.7290311	1.2046311	9.7010193	14.06606
2.7305903	1.196577	9.7010193	14.078403
2.7321496	1.2026981	9.7035418	14.06606
2.7305903	1.194644	9.7060642	14.053719
2.7321496	1.2068862	9.7027006	14.074287
2.7243533	1.2023759	9.7035418	14.06606
2.7337089	1.2020538	9.7018595	14.078403
2.7352681	1.2094635	9.7035418	14.086631
2.7383866	1.1959326	9.7035418	14.049603
2.7415051	1.212363	9.7035418	14.098971
2.7321496	1.1978656	9.7027006	14.061946
2.7430644	1.212363	9.7010193	14.078403
2.7399459	1.2036645	9.7027006	14.061946
2.7446237	1.2133294	9.7027006	14.049603
2.7430644	1.2046311	9.7018595	14.04549
2.7430644	1.2007651	9.7027006	14.061946
2.7477422	1.2165511	9.7035418	14.098971
2.7508609	1.2039868	9.7027006	14.06606
2.757098	1.2046311	9.7010193	14.074287
2.7524202	1.2007651	9.7035418	14.061946
2.757098	1.2030202	9.7027006	14.06606
2.757098	1.196577	9.7043829	14.02492
2.7539794	1.1991543	9.7010193	14.049603
2.7586572	1.2036645	9.7018595	14.049603
2.7586572	1.2149403	9.7027006	14.070174
2.763335	1.2194506	9.7018595	14.074287
2.7602165	1.2200949	9.699338	14.098971
2.7602165	1.2133294	9.7018595	14.082516
2.7648942	1.1933553	9.7027006	14.041375
2.7648942	1.1917446	9.7018595	14.049603
2.7742498	1.1830461	9.7010193	14.041375
2.7680128	1.1894894	9.7018595	14.04549
2.7680128	1.1936775	9.7010193	14.04549
2.769572	1.2107521	9.7027006	14.082516
2.769572	1.2165511	9.7027006	14.061946
2.7726905	1.2117187	9.7035418	14.04549
2.7742498	1.2297598	9.7027006	14.070174
2.775809	1.2075305	9.7018595	14.037262
2.7789276	1.2101078	9.7027006	14.049603
2.7742498	1.2020538	9.7018595	14.016691
2.7851648	1.2007651	9.7018595	14.033148
2.7914016	1.208497	9.7010193	14.074287
2.7898426	1.1901337	9.7018595	14.033148
2.7867241	1.2023759	9.7018595	14.053719
2.7991979	1.1972213	9.7001781	14.04549
2.7976387	1.1878786	9.7027006	14.061946
2.7991979	1.2026981	9.699338	14.02492
2.8023164	1.1801467	9.7010193	14.00435
2.8069942	1.1849791	9.7010193	14.008463
2.8101127	1.1975435	9.7010193	14.049603
2.8163497	1.1904559	9.7010193	14.02492
2.817909	1.208497	9.7027006	14.029035
2.8257055	1.2239609	9.7010193	14.049603
2.8241463	1.216229	9.7018595	14.02492
2.8241463	1.2149403	9.7001781	14.016691
2.8303833	1.22235	9.7010193	14.037262
2.8350611	1.2197727	9.7027006	14.02492
2.8366203	1.1920667	9.7010193	14.008463
2.8397388	1.1869121	9.7018595	14.02492
2.8459759	1.1985099	9.7010193	14.033148
2.8475351	1.1862677	9.7010193	14.008463
2.8459759	1.1882007	9.7010193	14.008463
2.8506539	1.1679045	9.7018595	13.950867
2.8522131	1.1840127	9.7010193	14.000236
2.8506539	1.1978656	9.7018595	14.016691
2.8584502	1.1949662	9.7010193	14.037262
2.8584502	1.2030202	9.7001781	14.020806
2.8584502	1.1878786	9.7018595	14.033148
2.8600094	1.1972213	9.7035418	14.012578
2.8646872	1.1952883	9.7018595	14.02492
2.8646872	1.1997986	9.7027006	14.012578
2.8662465	1.2075305	9.7010193	14.00435
2.8724835	1.2113965	9.7027006	14.008463
2.8724835	1.2165511	9.7027006	14.008463
2.8802798	1.212363	9.699338	14.061946
2.875602	1.2146181	9.7027006	14.02492
2.8740427	1.2159067	9.7018595	14.02492
2.8724835	1.2065641	9.7035418	14.00435
2.8771613	1.2097857	9.7018595	14.049603
2.8802798	1.1795024	9.7027006	13.979666
2.8771613	1.1782137	9.7018595	13.975552
2.8787205	1.1679045	9.7027006	14.00435
2.8802798	1.1833683	9.7018595	14.00435
2.8818393	1.192711	9.7027006	14.012578
2.8802798	1.1917446	9.7018595	14.008463
2.8896356	1.2152624	9.7018595	14.04549
2.8802798	1.2171954	9.7018595	14.000236
2.8833985	1.2072084	9.7027006	13.979666
2.8802798	1.2026981	9.7018595	13.979666
2.8787205	1.2152624	9.7018595	14.00435
2.8849578	1.22235	9.7027006	14.00435
2.8802798	1.2049532	9.7035418	13.992007
2.8849578	1.2194506	9.7010193	14.029035
2.8849578	1.1991543	9.7035418	13.971437
2.8833985	1.2068862	9.7018595	13.992007
2.8802798	1.1988322	9.7035418	13.983779
2.8833985	1.1956105	9.7027006	14.02492
2.8818393	1.21043	9.7043829	14.000236
2.8833985	1.1885229	9.7035418	13.979666
2.886517	1.1981878	9.7027006	14.000236
2.8802798	1.1917446	9.7027006	14.016691
2.8833985	1.1975435	9.7035418	14.00435
2.886517	1.2088192	9.7018595	14.00435
2.8849578	1.2046311	9.7018595	14.016691
2.8833985	1.2110744	9.7027006	14.000236
2.8818393	1.1939996	9.7027006	13.975552
2.8880763	1.2010872	9.7035418	13.971437
2.8740427	1.194644	9.7018595	13.979666
2.8802798	1.1862677	9.7018595	14.000236
2.875602	1.1843348	9.7035418	13.983779
2.8802798	1.1930332	9.7027006	14.016691
2.8818393	1.1978656	9.7018595	13.992007
2.8818393	1.1875564	9.7010193	14.00435
2.8740427	1.1856234	9.7043829	13.971437
2.8740427	1.2014095	9.7010193	14.029035
2.8740427	1.2052754	9.7027006	13.971437
2.8724835	1.1994765	9.7018595	14.008463
2.875602	1.2036645	9.7027006	14.008463
2.8787205	1.2239609	9.7027006	14.016691
2.8771613	1.216229	9.7035418	14.00435
2.8724835	1.2097857	9.7052231	13.996122
2.8724835	1.1911002	9.7035418	13.96321
2.8740427	1.1849791	9.7052231	13.946754
2.8724835	1.2049532	9.7035418	13.983779
2.8678057	1.1878786	9.7018595	14.008463
2.8678057	1.18659	9.7027006	14.012578
2.8724835	1.2001208	9.7027006	14.029035
2.8678057	1.2075305	9.7052231	14.00435
2.8709242	1.2081748	9.7018595	14.02492
2.8631279	1.178858	9.7035418	13.959095
2.8662465	1.1985099	9.7018595	14.020806
2.8662465	1.1875564	9.7027006	13.975552
2.8600094	1.192711	9.7018595	14.029035
2.8662465	1.1772472	9.7027006	13.975552
2.8646872	1.1708039	9.7018595	13.996122
2.8584502	1.1862677	9.7052231	13.987894
2.8600094	1.1997986	9.7043829	14.016691
2.8678057	1.194644	9.7035418	13.996122
2.8631279	1.1962548	9.7027006	13.987894
2.8631279	1.2117187	9.7035418	14.00435
2.8600094	1.2075305	9.7018595	14.000236
2.8584502	1.1988322	9.7035418	14.00435
2.8553317	1.1978656	9.7018595	14.00435
2.8553317	1.2094635	9.7018595	14.037262
2.8553317	1.2036645	9.7018595	13.987894
2.8553317	1.1978656	9.7027006	14.008463
2.8522131	1.2171954	9.7027006	13.996122
2.8490944	1.2155846	9.7027006	14.00435
2.8522131	1.2120408	9.7018595	13.983779
2.8506539	1.2075305	9.7027006	13.983779
2.8506539	1.21043	9.7027006	14.008463
2.8506539	1.2213836	9.7027006	14.00435
2.8506539	1.2101078	9.7027006	14.000236
2.8475351	1.1994765	9.7035418	14.000236
2.8397388	1.1956105	9.7027006	14.012578
2.8428574	1.1859456	9.7027006	13.987894
2.8350611	1.2059197	9.7018595	14.016691
2.8412981	1.1869121	9.7035418	13.996122
2.8350611	1.1814353	9.7035418	13.992007
2.8428574	1.2020538	9.7035418	14.020806
2.8428574	1.1991543	9.7035418	13.983779
2.8444166	1.1894894	9.7027006	13.996122
2.8381796	1.1836904	9.7027006	13.975552
2.8350611	1.2059197	9.7018595	14.000236
2.8366203	1.1994765	9.7018595	13.996122
2.8303833	1.194644	9.7052231	13.996122
2.828824	1.1804688	9.7018595	13.987894
2.8350611	1.1843348	9.7027006	13.992007
2.8319426	1.2020538	9.7010193	14.012578
2.822587	1.2017316	9.7027006	14.000236
2.8366203	1.1824018	9.7035418	13.96321
2.828824	1.1923889	9.7027006	13.967323
2.8319426	1.2072084	9.7035418	14.00435
2.8257055	1.1894894	9.7018595	13.983779
2.822587	1.1872343	9.7010193	14.012578
2.8241463	1.1997986	9.7027006	13.992007
2.822587	1.192711	9.7035418	13.996122
2.828824	1.1943219	9.7052231	14.000236
2.817909	1.1801467	9.7027006	13.979666
2.8257055	1.1862677	9.7010193	13.975552
2.822587	1.1991543	9.7027006	13.971437
2.8194685	1.1943219	9.7027006	13.979666
2.817909	1.2052754	9.7018595	14.00435
2.8147905	1.214296	9.7035418	14.016691
2.817909	1.2149403	9.7043829	14.012578
2.811672	1.2275046	9.7018595	14.02492
2.8147905	1.2072084	9.7027006	14.00435
2.8163497	1.2097857	9.7018595	13.983779
2.8163497	1.188845	9.7035418	13.983779
2.8147905	1.1923889	9.7035418	13.983779
2.8147905	1.1775694	9.7027006	14.02492
2.8194685	1.1840127	9.7018595	14.037262
2.8069942	1.1943219	9.7027006	14.016691
2.8101127	1.1943219	9.7001781	14.016691
2.8054349	1.1914223	9.7035418	14.041375
2.8038757	1.2030202	9.7018595	14.02492
2.8023164	1.2136517	9.7035418	14.008463
2.8038757	1.1959326	9.7027006	13.996122
2.8101127	1.1981878	9.7018595	14.029035
2.8038757	1.2155846	9.7018595	14.029035
2.7991979	1.2213836	9.7010193	14.029035
2.8023164	1.2191284	9.7010193	14.04549
2.8038757	1.2036645	9.7035418	14.000236
2.8023164	1.2113965	9.7018595	14.037262
2.8007572	1.2258939	9.7018595	14.02492
2.8007572	1.214296	9.7027006	14.04549
2.7945201	1.2091414	9.7010193	13.996122
2.7960794	1.1988322	9.699338	14.00435
2.7945201	1.2030202	9.7027006	14.033148
2.7945201	1.1959326	9.7018595	14.016691
2.7960794	1.1936775	9.7018595	14.00435
2.7898426	1.1972213	9.7027006	14.016691
2.7929609	1.2043089	9.7052231	14.053719
2.7898426	1.2072084	9.7027006	14.00435
2.7836056	1.1930332	9.7043829	14.016691
2.7867241	1.1952883	9.7035418	14.020806
2.7867241	1.1962548	9.7027006	14.012578
2.7867241	1.2055975	9.7027006	14.02492
2.7836056	1.208497	9.7027006	14.012578
2.7851648	1.1968992	9.7035418	14.008463
2.7882833	1.2075305	9.7018595	14.008463
2.7804868	1.2049532	9.7035418	14.000236
2.7773683	1.2068862	9.7018595	14.000236
2.7804868	1.2178397	9.7018595	14.016691
2.7820463	1.2046311	9.7027006	14.016691
2.7804868	1.2159067	9.7027006	14.029035
2.7804868	1.1994765	9.7035418	14.016691
2.7773683	1.1930332	9.7010193	14.020806
2.775809	1.1817575	9.7027006	14.00435
2.7773683	1.1904559	9.7035418	14.02492
2.7711313	1.1914223	9.7035418	14.008463
2.7711313	1.182724	9.7035418	14.00435
2.769572	1.2026981	9.7035418	14.016691
2.7726905	1.1949662	9.7018595	13.996122
2.7742498	1.2023759	9.7018595	14.012578
2.769572	1.2065641	9.7027006	14.02492
2.7680128	1.2200949	9.7018595	14.04549
2.7664535	1.2275046	9.7035418	14.012578
2.763335	1.1920667	9.7018595	13.975552
2.763335	1.1853013	9.7035418	13.967323
2.7664535	1.1782137	9.7027006	14.000236
2.7664535	1.192711	9.7018595	14.057832
2.763335	1.1856234	9.7035418	14.02492
2.757098	1.1930332	9.7035418	14.020806
2.7555387	1.2007651	9.7027006	14.008463
2.7602165	1.1853013	9.7027006	14.000236
2.7493014	1.2046311	9.7035418	14.016691
2.7555387	1.2197727	9.7027006	14.041375
2.7539794	1.2191284	9.7035418	14.020806
2.7539794	1.2091414	9.7035418	14.008463
2.7539794	1.1949662	9.7027006	14.00435
2.7493014	1.2136517	9.7027006	14.037262
2.7539794	1.2094635	9.7027006	14.04549
2.7461829	1.2055975	9.7027006	14.00435
2.7508609	1.2175176	9.7027006	14.016691
2.7493014	1.2200949	9.7018595	14.008463
2.7446237	1.2107521	9.7018595	14.000236
2.7430644	1.1997986	9.7010193	14.020806
2.7430644	1.1962548	9.7027006	14.029035
2.7461829	1.2068862	9.7010193	14.074287
2.7493014	1.1949662	9.7027006	14.053719
2.7399459	1.1820797	9.7035418	14.033148
2.7383866	1.1891673	9.7027006	14.020806
2.7446237	1.1988322	9.7018595	14.049603
2.7430644	1.2014095	9.7035418	14.008463
2.7368274	1.2023759	9.7010193	14.041375
2.7383866	1.2200949	9.7001781	14.074287
2.7383866	1.2294376	9.7043829	14.037262
2.7399459	1.2281489	9.7010193	14.033148
2.7321496	1.2252495	9.7018595	14.000236
2.7321496	1.2168733	9.7018595	14.057832
2.7383866	1.2213836	9.7010193	14.041375
2.7337089	1.2049532	9.7043829	14.00435
2.7274718	1.2097857	9.7018595	14.037262
2.7321496	1.1959326	9.7001781	14.020806
2.7259126	1.18659	9.7027006	14.049603
2.7274718	1.2030202	9.7052231	14.041375
2.7196755	1.1891673	9.7035418	14.029035
2.7196755	1.1914223	9.7027006	14.016691
2.7196755	1.1933553	9.7027006	14.029035
2.7243533	1.2068862	9.7027006	14.037262
2.7243533	1.2159067	9.7027006	14.020806
2.7212348	1.2171954	9.7035418	14.04549
2.7165568	1.2149403	9.7035418	14.029035
2.7134383	1.2271825	9.7027006	14.04549
2.7196755	1.2378138	9.7027006	14.041375
2.7103198	1.2368473	9.7060642	14.037262
2.718116	1.214296	9.7027006	14.020806
2.7134383	1.2210613	9.7018595	14.049603
2.711879	1.2023759	9.7027006	14.008463
2.7103198	1.180791	9.7035418	14.029035
2.705642	1.1804688	9.7018595	14.016691
2.7040827	1.1949662	9.7035418	14.049603
2.705642	1.1956105	9.7035418	14.029035
2.7040827	1.2001208	9.7018595	14.02492
2.7009642	1.1933553	9.7027006	14.012578
2.7040827	1.2007651	9.7018595	14.008463
2.7009642	1.1972213	9.7052231	14.016691
2.7009642	1.2188063	9.7018595	14.04549
2.7025235	1.22235	9.7001781	14.070174
2.699405	1.2039868	9.7027006	14.053719
2.6931679	1.2065641	9.7018595	14.057832
2.6931679	1.2046311	9.7027006	14.04549
2.699405	1.2094635	9.7035418	14.037262
2.6947272	1.1836904	9.7052231	14.02492
2.6962864	1.1811131	9.7027006	14.053719
2.7025235	1.2052754	9.7010193	14.078403
2.7040827	1.2088192	9.7027006	14.049603
2.7025235	1.2094635	9.7010193	14.057832
2.7009642	1.1849791	9.7027006	14.02492
2.705642	1.1988322	9.7010193	14.057832
2.705642	1.1936775	9.7018595	14.016691
2.7072012	1.1920667	9.7018595	14.029035
2.7087605	1.2020538	9.6984968	14.04549
2.7009642	1.2033424	9.7018595	14.029035
2.7087605	1.2155846	9.7018595	14.033148
2.705642	1.2007651	9.7027006	14.020806
2.7040827	1.192711	9.7027006	14.041375
2.705642	1.2075305	9.7018595	14.053719
2.7072012	1.1997986	9.7018595	14.049603
2.7103198	1.2023759	9.7018595	14.020806
2.711879	1.1997986	9.7035418	14.049603
2.7072012	1.2149403	9.7018595	14.029035
2.7040827	1.2181619	9.7043829	14.016691
2.7103198	1.220417	9.699338	14.061946
2.7134383	1.2229943	9.7027006	14.04549
2.711879	1.2200949	9.7018595	14.029035
2.711879	1.2020538	9.7001781	14.008463
2.7196755	1.194644	9.7018595	14.029035
2.7165568	1.1991543	9.7018595	14.029035
2.7103198	1.1853013	9.7027006	14.016691
2.7165568	1.1782137	9.7035418	14.016691
2.7134383	1.1743478	9.7018595	14.016691
2.7103198	1.1798245	9.7043829	14.008463
2.7134383	1.1920667	9.699338	14.049603
2.7212348	1.1904559	9.7010193	14.049603
2.7227941	1.2072084	9.7027006	14.029035
2.7212348	1.2017316	9.7027006	13.996122
2.7149975	1.1978656	9.7027006	14.00435
2.7165568	1.1939996	9.7010193	14.049603
2.7227941	1.2094635	9.7027006	14.06606
2.718116	1.2097857	9.7027006	14.041375
2.7165568	1.2049532	9.7027006	14.029035
2.718116	1.1898116	9.7035418	14.012578
2.7196755	1.1830461	9.7027006	14.012578
2.7212348	1.1882007	9.7010193	14.04549
2.7227941	1.1862677	9.7027006	14.037262
2.718116	1.1862677	9.7027006	14.02492
2.718116	1.182724	9.7018595	14.02492
2.7149975	1.196577	9.7035418	14.020806
2.7196755	1.2020538	9.7018595	14.02492
2.7165568	1.208497	9.7018595	14.02492
2.7243533	1.2094635	9.7035418	14.033148
2.7212348	1.2133294	9.7027006	14.016691
2.718116	1.2213836	9.7035418	14.037262
2.7134383	1.21043	9.7018595	14.00435
2.718116	1.2117187	9.7018595	14.020806
2.718116	1.1901337	9.7010193	14.016691
2.7165568	1.1740255	9.7018595	14.020806
2.7165568	1.1604947	9.7043829	14.02492
2.7149975	1.1720926	9.7027006	14.016691
2.711879	1.1759585	9.7027006	14.041375
2.718116	1.1840127	9.7018595	14.041375
2.7149975	1.1985099	9.7035418	14.037262
2.711879	1.1972213	9.7035418	14.02492
2.711879	1.2101078	9.7035418	14.02492
2.7087605	1.2052754	9.7018595	14.041375
2.7134383	1.218484	9.7018595	14.053719
2.7134383	1.2120408	9.7018595	14.061946
2.711879	1.2065641	9.7018595	14.037262
2.711879	1.2113965	9.7035418	14.029035
2.711879	1.2094635	9.7018595	14.020806
2.711879	1.2110744	9.7035418	14.037262
2.7087605	1.1968992	9.7018595	14.012578
2.711879	1.1917446	9.7018595	14.04549
2.7103198	1.1978656	9.7018595	14.06606
2.7103198	1.1994765	9.7035418	14.037262
2.7025235	1.2033424	9.7018595	14.033148
2.7134383	1.2004429	9.7027006	14.049603
2.7040827	1.2059197	9.7018595	14.049603
2.7087605	1.2194506	9.7018595	14.049603
2.7103198	1.2268603	9.7018595	14.029035
2.699405	1.2139738	9.7027006	14.037262
2.6978457	1.2146181	9.7010193	14.033148
2.7009642	1.2155846	9.7027006	14.029035
2.7009642	1.1981878	9.7052231	14.016691
2.699405	1.1853013	9.7018595	14.041375
2.7040827	1.1730591	9.7035418	14.012578
2.7040827	1.1759585	9.7001781	14.037262
2.7072012	1.1968992	9.7010193	14.04549
2.7040827	1.2010872	9.7018595	14.02492
2.699405	1.2026981	9.7035418	14.041375
2.6978457	1.2014095	9.7052231	14.012578
2.6947272	1.2062418	9.7027006	14.041375
2.7009642	1.2126851	9.7018595	14.041375
2.6931679	1.2229943	9.7027006	14.049603
2.6931679	1.2036645	9.7027006	14.033148
2.6931679	1.2120408	9.7027006	14.061946
2.6931679	1.1959326	9.7035418	14.012578
2.6869307	1.1891673	9.7018595	14.02492
2.6916087	1.1914223	9.7035418	14.033148
2.6931679	1.1959326	9.7027006	14.041375
2.6900494	1.208497	9.7035418	14.02492
2.6962864	1.1943219	9.7027006	14.033148
2.6884902	1.2010872	9.7018595	14.016691
2.6884902	1.1956105	9.7035418	14.00435
2.6853714	1.1898116	9.7035418	14.00435
2.6916087	1.2078527	9.7035418	14.049603
2.6853714	1.2072084	9.7027006	14.041375
2.6806936	1.2059197	9.7043829	14.02492
2.6838121	1.1933553	9.7010193	14.012578
2.6822529	1.2062418	9.7018595	14.029035
2.6838121	1.2101078	9.7027006	14.033148
2.6838121	1.1985099	9.7027006	14.008463
2.6822529	1.2043089	9.7027006	14.00435
2.6806936	1.1981878	9.7035418	14.008463
2.6853714	1.2001208	9.7018595	14.037262
2.6822529	1.1968992	9.7035418	14.037262
2.6838121	1.2007651	9.7035418	14.04549
2.6791344	1.2175176	9.7035418	14.037262
2.6806936	1.2194506	9.7018595	14.029035
2.6744566	1.2059197	9.7018595	14.016691
2.6713381	1.1991543	9.7035418	14.02492
2.6728973	1.2149403	9.7018595	14.04549
2.6728973	1.2152624	9.7035418	14.02492
2.6775751	1.2078527	9.7027006	14.049603
2.6791344	1.2059197	9.7027006	14.070174
2.6682196	1.2075305	9.7027006	14.06606
2.6713381	1.2181619	9.7018595	14.057832
2.6728973	1.2139738	9.7010193	14.020806
2.6697788	1.1991543	9.7018595	14.000236
2.6697788	1.2146181	9.7018595	14.057832
2.6682196	1.214296	9.7018595	14.04549
2.6682196	1.212363	9.7018595	14.090744
2.6728973	1.214296	9.7010193	14.053719
2.6682196	1.1939996	9.7035418	14.029035
2.6651011	1.2046311	9.7035418	14.041375
2.6682196	1.196577	9.7027006	14.061946
2.6619825	1.1978656	9.7027006	14.02492
2.6604233	1.2155846	9.7035418	14.041375
2.6635418	1.2120408	9.7018595	14.049603
2.6619825	1.2175176	9.7035418	14.04549
2.6635418	1.2284712	9.7010193	14.082516
2.658864	1.2255716	9.7027006	14.037262
2.6651011	1.2065641	9.7027006	14.037262
2.6635418	1.1936775	9.7043829	14.04549
2.6604233	1.1795024	9.7027006	14.033148
2.658864	1.1833683	9.7027006	14.037262
2.658864	1.1843348	9.7027006	14.04549
2.6635418	1.1785358	9.7010193	14.041375
2.6604233	1.1972213	9.7035418	14.04549
2.6557453	1.1956105	9.7052231	14.053719
2.6635418	1.2097857	9.7027006	14.049603
2.6635418	1.2152624	9.7027006	14.041375
2.6666603	1.2149403	9.7010193	14.049603
2.6682196	1.2152624	9.7018595	14.057832
2.6604233	1.1959326	9.7027006	14.029035
2.6682196	1.1988322	9.7018595	14.029035
2.6635418	1.188845	9.7018595	14.049603
2.6666603	1.2001208	9.7027006	14.04549
2.6635418	1.2014095	9.7010193	14.041375
2.6682196	1.1817575	9.7010193	14.029035
2.6744566	1.2036645	9.7010193	14.057832
2.6682196	1.1795024	9.7018595	14.00435
2.6728973	1.1878786	9.7001781	14.020806
2.6760159	1.1917446	9.7001781	14.033148
2.6744566	1.1901337	9.7027006	14.049603
2.6806936	1.2097857	9.7018595	14.06606
2.6697788	1.1981878	9.7027006	14.053719
2.6744566	1.1962548	9.7027006	14.016691
2.6728973	1.1988322	9.7018595	14.016691
2.6728973	1.2097857	9.7018595	14.016691
2.6791344	1.2120408	9.699338	14.012578
2.6791344	1.2062418	9.7027006	14.06606
2.6760159	1.2062418	9.7010193	14.029035
2.6791344	1.1978656	9.7010193	14.033148
2.6744566	1.2007651	9.7035418	14.029035
2.6791344	1.1914223	9.7027006	14.049603
2.6791344	1.1869121	9.7043829	14.008463
2.6791344	1.1985099	9.7027006	14.049603
2.6744566	1.1920667	9.7018595	14.016691
2.6822529	1.1949662	9.7010193	14.041375
2.6838121	1.1875564	9.7018595	14.012578
2.6806936	1.2030202	9.7043829	14.041375
2.6760159	1.2059197	9.7018595	14.078403
2.6775751	1.2001208	9.7018595	14.029035
2.6838121	1.1933553	9.7010193	14.029035
2.6869307	1.2075305	9.699338	14.020806
2.6838121	1.2113965	9.7035418	14.02492
2.6822529	1.2120408	9.7018595	14.049603
2.6853714	1.2159067	9.7001781	14.041375
2.6806936	1.2149403	9.7027006	14.057832
2.6760159	1.2236387	9.7010193	14.041375
2.6822529	1.2126851	9.7010193	14.041375
2.6791344	1.2010872	9.7027006	14.029035
2.6853714	1.2068862	9.7001781	14.061946
2.6760159	1.2023759	9.7010193	14.020806
2.6791344	1.2136517	9.7018595	14.02492
2.6853714	1.1978656	9.7010193	14.033148
2.6822529	1.1891673	9.7027006	14.008463
2.6806936	1.2030202	9.7035418	14.016691
2.6806936	1.2113965	9.7018595	14.037262
2.6822529	1.2168733	9.7035418	14.04549
2.6760159	1.2036645	9.7027006	14.012578
2.6806936	1.2023759	9.7010193	14.029035
2.6806936	1.2139738	9.7018595	14.049603
2.6744566	1.1885229	9.7027006	14.00435
2.6775751	1.1872343	9.7027006	14.016691
2.6853714	1.1936775	9.7035418	14.033148
2.6775751	1.1820797	9.7018595	14.04549
2.6791344	1.2001208	9.7027006	14.061946
2.6806936	1.1985099	9.7001781	14.029035
2.6806936	1.194644	9.7018595	14.016691
2.6760159	1.194644	9.7027006	14.029035
2.6760159	1.1914223	9.7027006	14.012578
2.6775751	1.1894894	9.7018595	14.012578
2.6791344	1.2065641	9.7060642	14.037262
2.6806936	1.2055975	9.7027006	14.037262
2.6728973	1.2020538	9.7035418	14.041375
2.6728973	1.1917446	9.7027006	14.02492
2.6728973	1.2043089	9.7010193	14.037262
2.6728973	1.2178397	9.7035418	14.029035
2.6760159	1.2255716	9.7027006	14.041375
2.6806936	1.2194506	9.7010193	14.02492
2.6728973	1.2229943	9.7018595	14.029035
2.6744566	1.2072084	9.7027006	14.000236
2.6713381	1.196577	9.7035418	14.029035
2.6666603	1.1875564	9.7043829	14.029035
2.6728973	1.1901337	9.7018595	14.016691
2.6666603	1.1772472	9.7043829	13.992007
2.6728973	1.1778915	9.7035418	13.987894
2.6728973	1.1795024	9.7027006	14.033148
2.6682196	1.1695153	9.7027006	14.00435
2.6697788	1.1911002	9.7027006	14.041375
2.6651011	1.1849791	9.7027006	14.012578
2.6682196	1.190778	9.7035418	14.057832
2.6713381	1.212363	9.7018595	14.04549
2.6682196	1.2175176	9.7027006	14.029035
2.6651011	1.2046311	9.7027006	14.02492
2.6713381	1.184657	9.7027006	14.000236
2.6760159	1.1904559	9.7018595	14.033148
2.6666603	1.2007651	9.7027006	14.049603
2.6728973	1.2033424	9.7018595	14.074287
2.6604233	1.194644	9.7018595	14.04549
2.6651011	1.2072084	9.7027006	14.037262
2.6666603	1.2226722	9.7027006	14.049603
2.6635418	1.218484	9.7010193	14.020806
2.6604233	1.2039868	9.7018595	14.012578
2.658864	1.2126851	9.7027006	14.029035
2.6604233	1.2297598	9.7018595	14.098971
2.658864	1.2126851	9.7010193	14.029035
2.6573048	1.2026981	9.7027006	14.041375
2.6573048	1.1975435	9.7010193	14.033148
2.6573048	1.194644	9.7027006	14.061946
2.6604233	1.2075305	9.7018595	14.033148
2.658864	1.2026981	9.7018595	14.020806
2.6619825	1.2014095	9.7035418	14.033148
2.6557453	1.2088192	9.7018595	14.04549
2.6557453	1.1985099	9.7035418	14.033148
2.6573048	1.2010872	9.7010193	14.041375
2.6619825	1.1917446	9.7010193	14.061946
2.654186	1.2004429	9.7018595	14.049603
2.6557453	1.2039868	9.7027006	14.053719
2.654186	1.1782137	9.7018595	14.029035
2.6526268	1.1869121	9.7043829	14.049603
2.6510675	1.1891673	9.7035418	14.037262
2.647949	1.1975435	9.7052231	14.029035
2.6526268	1.1894894	9.7018595	14.070174
2.641712	1.1904559	9.7027006	14.04549
2.6510675	1.2139738	9.7027006	14.070174
2.6463897	1.2046311	9.7018595	14.029035
2.647949	1.2033424	9.7052231	14.074287
2.6463897	1.1878786	9.7027006	14.02492
2.6510675	1.2113965	9.7043829	14.070174
2.6463897	1.2030202	9.7027006	14.037262
2.641712	1.1978656	9.7035418	14.06606
2.6463897	1.1911002	9.7018595	14.037262
2.6495082	1.1936775	9.7018595	14.041375
2.6448305	1.2014095	9.7043829	14.037262
2.6448305	1.196577	9.7027006	14.04549
2.6463897	1.2007651	9.7027006	14.033148
2.6463897	1.2065641	9.7018595	14.049603
2.6448305	1.2081748	9.7018595	14.02492
2.6401527	1.1988322	9.7027006	14.037262
2.641712	1.18659	9.7035418	14.029035
2.6432712	1.2117187	9.7027006	14.057832
2.6432712	1.2059197	9.7027006	14.041375
2.6401527	1.2168733	9.7018595	14.057832
2.6307974	1.2068862	9.7027006	14.020806
2.6385934	1.2030202	9.7035418	14.053719
2.6401527	1.2117187	9.7035418	14.020806
2.6370342	1.2030202	9.7035418	14.070174
2.641712	1.2055975	9.7018595	14.053719
2.6339159	1.1853013	9.7035418	14.02492
2.6323566	1.1972213	9.7018595	14.049603
2.6339159	1.1917446	9.7018595	14.041375
2.6292381	1.2010872	9.7043829	14.06606
2.6323566	1.2146181	9.7035418	14.04549
2.6339159	1.2088192	9.7018595	14.04549
2.6370342	1.2194506	9.7035418	14.061946
2.6323566	1.2059197	9.7018595	14.074287
2.6385934	1.1978656	9.7010193	14.049603
2.6354749	1.214296	9.7018595	14.061946
2.6307974	1.2165511	9.7018595	14.074287
2.6261196	1.2110744	9.7035418	14.020806
2.6276789	1.2014095	9.7018595	14.029035
2.6261196	1.1988322	9.7027006	14.029035
2.6230011	1.1972213	9.7043829	14.053719
2.6245604	1.2007651	9.7027006	14.033148
2.6323566	1.2130073	9.7018595	14.074287
2.6230011	1.212363	9.7035418	14.049603
2.6245604	1.2046311	9.7035418	14.057832
2.6230011	1.2004429	9.7035418	14.029035
2.6198826	1.1997986	9.7035418	14.029035
2.6214418	1.1882007	9.7035418	14.029035
2.6276789	1.194644	9.7043829	14.049603
2.6183231	1.1943219	9.7010193	14.037262
2.6214418	1.2062418	9.7018595	14.06606
2.6167638	1.2175176	9.7027006	14.04549
2.6245604	1.2181619	9.7010193	14.053719
2.6136453	1.21043	9.7027006	14.033148
2.6167638	1.2226722	9.7027006	14.06606
2.6183231	1.2075305	9.7035418	14.06606
2.6167638	1.2055975	9.7043829	14.049603
2.6120861	1.1994765	9.7027006	14.041375
2.6136453	1.2052754	9.7052231	14.061946
2.6167638	1.1968992	9.7035418	14.057832
2.6167638	1.192711	9.7035418	14.049603
2.6136453	1.2020538	9.7018595	14.057832
2.6136453	1.2126851	9.7027006	14.078403
2.6105268	1.21043	9.7027006	14.02492
2.6152046	1.1766028	9.7035418	14.016691
2.6105268	1.1936775	9.7035418	14.06606
2.6136453	1.2046311	9.7035418	14.04549
2.6105268	1.2023759	9.7027006	14.070174
2.6089675	1.1824018	9.7027006	14.037262
2.6074083	1.2014095	9.7010193	14.061946
2.6011713	1.2026981	9.7052231	14.029035
2.6011713	1.1981878	9.7018595	14.033148
2.6074083	1.1840127	9.7035418	14.029035
2.6120861	1.1981878	9.7010193	14.057832
2.6042898	1.2010872	9.7035418	14.033148
2.6074083	1.1930332	9.7018595	14.037262
2.605849	1.1849791	9.7018595	14.033148
2.6011713	1.1688709	9.7035418	14.016691
2.6011713	1.1930332	9.7018595	14.06606
2.605849	1.1817575	9.7018595	14.020806
2.605849	1.1804688	9.7027006	14.020806
2.6011713	1.1994765	9.7027006	14.029035
2.6042898	1.1952883	9.7001781	14.057832
2.6011713	1.2023759	9.7035418	14.049603
2.5980527	1.1901337	9.7052231	14.049603
2.5949342	1.1901337	9.7035418	14.041375
2.599612	1.1817575	9.7018595	14.049603
2.593375	1.2030202	9.7027006	14.074287
2.5918157	1.2052754	9.7035418	14.041375
2.5980527	1.1917446	9.7027006	14.041375
2.5886972	1.1991543	9.7043829	14.029035
2.5918157	1.1933553	9.7035418	14.04549
2.593375	1.1975435	9.7018595	14.053719
2.5886972	1.1985099	9.7027006	14.049603
2.5918157	1.1830461	9.7043829	14.02492
2.5918157	1.1862677	9.7010193	14.033148
2.5902565	1.1804688	9.7035418	14.020806
2.5902565	1.1759585	9.7035418	14.041375
2.5840192	1.18659	9.7035418	14.070174
2.5871377	1.1875564	9.7035418	14.049603
2.5886972	1.1972213	9.7060642	14.037262
2.5918157	1.2120408	9.7035418	14.070174
2.5886972	1.2081748	9.7052231	14.06606
2.5871377	1.2091414	9.7027006	14.057832
2.5840192	1.2081748	9.7035418	14.041375
2.593375	1.2033424	9.7018595	14.029035
2.5886972	1.2072084	9.7027006	14.049603
2.5824599	1.1856234	9.7027006	14.037262
2.5871377	1.1762807	9.7035418	14.02492
2.5840192	1.1695153	9.7027006	14.061946
2.5809007	1.1798245	9.7027006	14.04549
2.5871377	1.1820797	9.7010193	14.057832
2.5840192	1.1956105	9.7035418	14.078403
2.5762229	1.1985099	9.7035418	14.086631
2.5840192	1.1981878	9.7010193	14.04549
2.5855784	1.1894894	9.7035418	14.049603
2.5793414	1.1766028	9.7027006	14.074287
2.5809007	1.2030202	9.7018595	14.086631
2.5777822	1.216229	9.7027006	14.082516
2.5762229	1.2052754	9.7018595	14.057832
2.5762229	1.2136517	9.7027006	14.098971
2.5793414	1.2133294	9.7027006	14.061946
2.5731044	1.2155846	9.7027006	14.049603
2.5746636	1.1914223	9.7043829	14.049603
2.5762229	1.1856234	9.7010193	14.049603
2.5762229	1.1804688	9.7018595	14.06606
2.5715451	1.1820797	9.7018595	14.049603
2.5731044	1.1904559	9.7043829	14.078403
2.5746636	1.2030202	9.7018595	14.070174
2.5715451	1.2133294	9.7027006	14.041375
2.5731044	1.2110744	9.7052231	14.049603
2.5699859	1.2146181	9.7035418	14.041375
2.5684266	1.2249273	9.7018595	14.094858
2.5699859	1.2239609	9.7035418	14.078403
2.5684266	1.2171954	9.7018595	14.078403
2.5731044	1.1975435	9.7035418	14.029035
2.5699859	1.1920667	9.7043829	14.053719
2.5668674	1.18659	9.7043829	14.049603
2.5637488	1.2014095	9.7027006	14.070174
2.5668674	1.1988322	9.7010193	14.049603
2.5653081	1.2168733	9.7035418	14.098971
2.5621896	1.216229	9.7027006	14.086631
2.5606303	1.2101078	9.7052231	14.057832
2.5621896	1.1952883	9.7010193	14.061946
2.5621896	1.2033424	9.7018595	14.103086
2.5621896	1.2120408	9.7027006	14.070174
2.5575118	1.2007651	9.7052231	14.04549
2.5606303	1.2020538	9.7027006	14.04549
2.5668674	1.2133294	9.7010193	14.078403
2.5606303	1.2207392	9.7035418	14.078403
2.5575118	1.1994765	9.7035418	14.070174
2.5653081	1.1997986	9.7027006	14.06606
2.5575118	1.1894894	9.7010193	14.053719
2.5590711	1.2030202	9.7052231	14.04549
2.5543931	1.2033424	9.7010193	14.074287
2.5590711	1.1981878	9.7018595	14.070174
2.5590711	1.1943219	9.7052231	14.06606
2.5450375	1.1985099	9.7035418	14.070174
2.5528338	1.2055975	9.7035418	14.086631
2.5559523	1.2107521	9.7027006	14.086631
2.5543931	1.2101078	9.7010193	14.1072
2.5543931	1.1997986	9.7027006	14.049603
2.5450375	1.1994765	9.7035418	14.06606
2.5465968	1.194644	9.7043829	14.053719
2.5497153	1.1817575	9.7052231	14.029035
2.541919	1.1782137	9.7018595	14.061946
2.5497153	1.1911002	9.7035418	14.090744
2.548156	1.21043	9.7027006	14.094858
2.5434783	1.2226722	9.7035418	14.074287
2.5465968	1.2246052	9.7043829	14.082516
2.541919	1.2246052	9.7018595	14.098971
2.5434783	1.2326592	9.7018595	14.111315
2.5434783	1.232337	9.7018595	14.086631
2.541919	1.1985099	9.7027006	14.053719
2.541919	1.1923889	9.7018595	14.082516
2.5450375	1.1956105	9.7035418	14.078403
2.5434783	1.2094635	9.7018595	14.082516
2.5450375	1.1901337	9.7027006	14.061946
2.5450375	1.1843348	9.7018595	14.082516
2.5372412	1.192711	9.7035418	14.041375
2.5465968	1.1911002	9.7027006	14.037262
2.5403597	1.1894894	9.7027006	14.041375
2.5450375	1.1952883	9.7018595	14.061946
2.5497153	1.208497	9.7027006	14.04549
2.5465968	1.2020538	9.7018595	14.041375
2.5543931	1.2043089	9.7027006	14.037262
2.5434783	1.2175176	9.7010193	14.049603
2.548156	1.2159067	9.7018595	14.037262
2.548156	1.2168733	9.699338	14.049603
2.5512745	1.2039868	9.7027006	14.012578
2.5512745	1.194644	9.7018595	14.020806
2.5528338	1.1878786	9.7027006	14.02492
2.5512745	1.1917446	9.7018595	14.053719
2.5559523	1.1988322	9.7027006	14.053719
2.5543931	1.1991543	9.7018595	14.037262
2.5543931	1.2020538	9.7018595	14.033148
2.5606303	1.1997986	9.7027006	14.02492
2.5606303	1.1991543	9.7018595	14.033148
2.5497153	1.2107521	9.7035418	14.04549
2.5637488	1.2188063	9.7010193	14.078403
2.5590711	1.2036645	9.7018595	14.061946
2.5575118	1.2233166	9.7010193	14.082516
2.5575118	1.2110744	9.7027006	14.074287
2.5590711	1.2078527	9.7018595	14.061946
2.5621896	1.2014095	9.7027006	14.04549
2.5559523	1.2023759	9.7018595	14.061946
2.5621896	1.2139738	9.7060642	14.049603
2.5653081	1.2017316	9.7010193	14.082516
2.5621896	1.2101078	9.7052231	14.06606
2.5637488	1.1875564	9.7027006	14.061946
2.5653081	1.1914223	9.7027006	14.057832
2.5621896	1.18659	9.7018595	14.057832
2.5637488	1.196577	9.7010193	14.057832
2.5637488	1.1904559	9.7018595	14.057832
2.5699859	1.1849791	9.7035418	14.049603
2.5668674	1.1849791	9.7027006	14.04549
2.5653081	1.2001208	9.7010193	14.070174
2.5606303	1.188845	9.7043829	14.049603
2.5637488	1.1920667	9.7018595	14.078403
2.5637488	1.1914223	9.7027006	14.033148
2.5637488	1.2094635	9.7052231	14.049603
2.5684266	1.2126851	9.7027006	14.078403
2.5668674	1.2055975	9.7010193	14.041375
2.5653081	1.2159067	9.7010193	14.061946
2.5668674	1.2152624	9.7018595	14.061946
2.5731044	1.2094635	9.7018595	14.082516
2.5684266	1.1968992	9.7001781	14.061946
2.5699859	1.1959326	9.7027006	14.049603
2.5699859	1.2001208	9.7027006	14.04549
2.5621896	1.1833683	9.7035418	14.057832
2.5699859	1.1817575	9.7018595	14.061946
2.5731044	1.2033424	9.7018595	14.070174
2.5668674	1.2097857	9.7018595	14.090744
2.5699859	1.2049532	9.7018595	14.049603
2.5699859	1.2052754	9.7035418	14.057832
2.5746636	1.2026981	9.7018595	14.049603
2.5621896	1.212363	9.7010193	14.090744
2.5715451	1.2014095	9.7027006	14.053719
2.5653081	1.2072084	9.7035418	14.074287
2.5684266	1.1943219	9.7018595	14.057832
2.5606303	1.190778	9.7035418	14.06606
2.5653081	1.182724	9.7035418	14.04549
2.5684266	1.1936775	9.7027006	14.057832
2.5637488	1.1882007	9.7018595	14.053719
2.5684266	1.2010872	9.7018595	14.074287
2.5637488	1.2107521	9.7035418	14.061946
2.5731044	1.2175176	9.7001781	14.070174
2.5621896	1.2155846	9.7035418	14.070174
2.5668674	1.2117187	9.7018595	14.053719
2.5606303	1.2126851	9.7027006	14.049603
2.5543931	1.2200949	9.7027006	14.074287
2.5590711	1.2078527	9.7018595	14.04549
2.5668674	1.2036645	9.7018595	14.049603
2.5621896	1.2023759	9.7027006	14.090744
2.5575118	1.2139738	9.7018595	14.049603
2.5590711	1.1959326	9.7027006	14.029035
2.5637488	1.1956105	9.7043829	14.020806
2.5621896	1.2049532	9.7018595	14.070174
2.5621896	1.2033424	9.7052231	14.06606
2.5590711	1.2120408	9.7043829	14.074287
2.5606303	1.1962548	9.7035418	14.070174
2.5606303	1.2120408	9.7027006	14.098971
2.5559523	1.2017316	9.7027006	14.053719
2.5543931	1.2055975	9.7035418	14.057832
2.5543931	1.2152624	9.7018595	14.049603
2.5543931	1.2120408	9.7027006	14.086631
2.5559523	1.2168733	9.7027006	14.070174
2.5575118	1.2075305	9.7027006	14.061946
2.5575118	1.218484	9.7027006	14.06606
2.5512745	1.1988322	9.7035418	14.070174
2.5559523	1.1917446	9.7035418	14.053719
2.5590711	1.2046311	9.7018595	14.06606
2.5512745	1.2091414	9.7035418	14.070174
2.5528338	1.216229	9.7052231	14.070174
2.5606303	1.1968992	9.7027006	14.049603
2.5497153	1.2139738	9.7027006	14.061946
2.5497153	1.2136517	9.7027006	14.103086
2.5528338	1.2059197	9.7027006	14.074287
2.5512745	1.2081748	9.7027006	14.053719
2.5512745	1.2217057	9.7018595	14.090744
2.548156	1.2210613	9.7010193	14.049603
2.5512745	1.21043	9.7043829	14.057832
2.5497153	1.2094635	9.7018595	14.049603
2.5450375	1.2181619	9.7027006	14.098971
2.548156	1.2181619	9.7035418	14.04549
2.5434783	1.1972213	9.7043829	14.033148
2.5434783	1.1878786	9.7043829	14.041375
2.535682	1.2065641	9.7043829	14.086631
2.541919	1.2014095	9.7027006	14.074287
2.5450375	1.2139738	9.7018595	14.06606
2.5434783	1.1988322	9.7035418	14.061946
2.535682	1.1991543	9.7043829	14.04549
2.5434783	1.1978656	9.7035418	14.061946
2.5388005	1.2043089	9.7018595	14.061946
2.5434783	1.2171954	9.7018595	14.111315
2.5372412	1.1962548	9.7018595	14.049603
2.5434783	1.2159067	9.7018595	14.061946
2.5388005	1.2113965	9.7035418	14.04549
2.5310042	1.1885229	9.7027006	14.033148
2.5388005	1.1882007	9.7035418	14.053719
2.535682	1.18659	9.7027006	14.057832
2.535682	1.2026981	9.7035418	14.078403
2.535682	1.1920667	9.7035418	14.04549
2.5388005	1.1975435	9.7018595	14.049603
2.535682	1.2168733	9.7035418	14.06606
2.5294449	1.2181619	9.7018595	14.078403
2.5325634	1.2146181	9.7027006	14.061946
2.5310042	1.21043	9.7035418	14.053719
2.535682	1.2059197	9.7018595	14.053719
2.5325634	1.1862677	9.7035418	14.041375
2.535682	1.1836904	9.7035418	14.049603
2.5341227	1.1824018	9.7018595	14.06606
2.5310042	1.2007651	9.7043829	14.074287
2.5294449	1.1997986	9.7027006	14.02492
2.5278857	1.1968992	9.7035418	14.033148
2.5278857	1.2136517	9.7027006	14.078403
2.5263264	1.214296	9.7035418	14.06606
2.5294449	1.2239609	9.7027006	14.078403
2.5278857	1.2078527	9.7027006	14.06606
2.5200891	1.1862677	9.7035418	14.049603
2.5278857	1.1901337	9.7035418	14.06606
2.5278857	1.196577	9.7018595	14.070174
2.5247669	1.1914223	9.7027006	14.057832
2.5263264	1.1901337	9.7018595	14.086631
2.5278857	1.1882007	9.7043829	14.078403
2.5247669	1.2036645	9.7027006	14.082516
2.5216484	1.2023759	9.7010193	14.070174
2.5278857	1.2081748	9.7035418	14.061946
2.5232077	1.212363	9.7018595	14.082516
2.5247669	1.2130073	9.7018595	14.090744
2.5200891	1.2149403	9.699338	14.090744
2.5247669	1.1972213	9.7010193	14.049603
2.5200891	1.1875564	9.7018595	14.070174
2.5154114	1.2081748	9.7027006	14.098971
2.5185299	1.214296	9.7027006	14.094858
2.5247669	1.2075305	9.7035418	14.074287
2.5185299	1.2072084	9.7018595	14.061946
2.5232077	1.2200949	9.7027006	14.078403
2.5154114	1.2146181	9.7027006	14.037262
2.5185299	1.1994765	9.7010193	14.070174
2.5138521	1.1962548	9.7018595	14.074287
2.5200891	1.2097857	9.7018595	14.103086
2.5185299	1.2043089	9.7027006	14.074287
2.5185299	1.1933553	9.7027006	14.06606
2.5185299	1.1836904	9.7018595	14.070174
2.5154114	1.2007651	9.7027006	14.098971
2.5185299	1.2072084	9.7018595	14.090744
2.5122929	1.1991543	9.7018595	14.06606
2.5185299	1.2152624	9.7018595	14.094858
2.5091743	1.218484	9.7027006	14.086631
2.5122929	1.220417	9.7035418	14.090744
2.5091743	1.2178397	9.7043829	14.094858
2.5076151	1.2046311	9.7027006	14.090744
2.5122929	1.2152624	9.7052231	14.078403
2.5122929	1.1923889	9.7010193	14.061946
2.5154114	1.2078527	9.7027006	14.082516
2.5091743	1.1930332	9.7027006	14.053719
2.5138521	1.1820797	9.7027006	14.061946
2.5044966	1.2052754	9.7035418	14.094858
2.5044966	1.2136517	9.7018595	14.115428
2.5076151	1.2068862	9.7035418	14.078403
2.5029373	1.1917446	9.7010193	14.078403
2.5091743	1.1930332	9.7027006	14.06606
2.5013781	1.1968992	9.7018595	14.078403
2.4982595	1.192711	9.7018595	14.070174
2.5060558	1.2004429	9.7018595	14.061946
2.5060558	1.2101078	9.7018595	14.086631
2.5044966	1.2194506	9.7018595	14.070174
2.5013781	1.2030202	9.7043829	14.074287
2.5044966	1.2017316	9.7027006	14.057832
2.5107336	1.2133294	9.7027006	14.098971
2.5044966	1.2107521	9.7018595	14.078403
2.5044966	1.1869121	9.7010193	14.049603
2.5013781	1.1836904	9.7027006	14.061946
2.5044966	1.2026981	9.7035418	14.090744
2.4982595	1.1911002	9.7018595	14.090744
2.4967003	1.2020538	9.7035418	14.082516
2.4935815	1.184657	9.7027006	14.078403
2.5044966	1.1859456	9.7027006	14.057832
2.4967003	1.1968992	9.7027006	14.074287
2.4967003	1.190778	9.7035418	14.06606
2.4982595	1.2023759	9.7035418	14.094858
2.4967003	1.1952883	9.7018595	14.078403
2.4982595	1.1901337	9.7018595	14.06606
2.4967003	1.216229	9.7035418	14.098971
2.4967003	1.2043089	9.7035418	14.070174
2.4935815	1.214296	9.7018595	14.086631
2.4982595	1.2010872	9.7027006	14.061946
2.4967003	1.2133294	9.7035418	14.086631
2.4920223	1.2039868	9.7018595	14.082516
2.495141	1.18659	9.7018595	14.061946
2.4935815	1.1917446	9.7035418	14.074287
2.4935815	1.1878786	9.7018595	14.098971
2.4889038	1.1830461	9.7027006	14.074287
2.4889038	1.1843348	9.7052231	14.06606
2.4873445	1.194644	9.7018595	14.057832
2.4857852	1.1882007	9.7010193	14.057832
2.4873445	1.1991543	9.7027006	14.061946
2.484226	1.2049532	9.7035418	14.078403
2.4826667	1.2072084	9.7010193	14.111315
2.4873445	1.2110744	9.7018595	14.078403
2.484226	1.1997986	9.7018595	14.057832
2.4889038	1.1869121	9.7027006	14.041375
2.4889038	1.1856234	9.7035418	14.086631
2.4857852	1.1962548	9.7027006	14.103086
2.4857852	1.1872343	9.7018595	14.06606
2.4826667	1.1943219	9.7001781	14.090744
2.4748707	1.2072084	9.7052231	14.078403
2.4857852	1.1997986	9.7018595	14.078403
2.4795485	1.2094635	9.7035418	14.090744
2.4826667	1.2246052	9.7035418	14.12777
2.4795485	1.22235	9.7027006	14.082516
2.4826667	1.2014095	9.7027006	14.06606
2.4795485	1.1914223	9.7035418	14.070174
2.4811077	1.2117187	9.7018595	14.082516
2.4795485	1.2007651	9.7035418	14.082516
2.4779892	1.1885229	9.7027006	14.074287
2.4795485	1.1988322	9.7018595	14.078403
2.4826667	1.2055975	9.7018595	14.082516
2.484226	1.2094635	9.7035418	14.070174
2.4826667	1.1956105	9.7018595	14.070174
2.484226	1.2062418	9.7027006	14.090744
2.4873445	1.2052754	9.7018595	14.061946
2.4857852	1.2023759	9.7001781	14.070174
2.4857852	1.1949662	9.7010193	14.090744
2.4889038	1.1775694	9.7010193	14.061946
2.490463	1.1930332	9.7043829	14.053719
2.4920223	1.1933553	9.7018595	14.033148
2.4967003	1.1759585	9.7035418	14.06606
2.4967003	1.1917446	9.7018595	14.074287
2.4935815	1.1991543	9.7035418	14.057832
2.4982595	1.2007651	9.7018595	14.061946
2.4935815	1.208497	9.7018595	14.074287
2.4967003	1.1994765	9.7043829	14.061946
2.5013781	1.2130073	9.7018595	14.078403
2.4935815	1.2094635	9.7018595	14.078403
2.4982595	1.2059197	9.7035418	14.078403
2.4967003	1.2155846	9.7027006	14.082516
2.4967003	1.192711	9.7027006	14.057832
2.4967003	1.2107521	9.7027006	14.086631
2.5044966	1.1949662	9.7018595	14.06606
2.4982595	1.2017316	9.7018595	14.078403
2.4982595	1.1801467	9.7001781	14.057832
2.5060558	1.1882007	9.7018595	14.070174
2.4967003	1.1869121	9.7027006	14.053719
2.5013781	1.1939996	9.7035418	14.074287
2.5029373	1.2001208	9.7043829	14.078403
2.5076151	1.2068862	9.7027006	14.057832
2.4998188	1.2107521	9.7027006	14.078403
2.5029373	1.208497	9.7010193	14.086631
2.5029373	1.1975435	9.7018595	14.090744
2.4982595	1.2007651	9.7010193	14.078403
2.5029373	1.1920667	9.7035418	14.070174
2.5107336	1.2101078	9.7027006	14.103086
2.5107336	1.2055975	9.7035418	14.04549
2.5091743	1.2081748	9.7027006	14.074287
2.5107336	1.2155846	9.7018595	14.04549
2.5122929	1.2217057	9.7001781	14.086631
2.5060558	1.2120408	9.7043829	14.061946
2.5107336	1.2107521	9.7010193	14.057832
2.5076151	1.1978656	9.7035418	14.037262
2.5060558	1.2065641	9.7027006	14.115428
2.5107336	1.2075305	9.7018595	14.082516
2.5091743	1.1972213	9.7018595	14.070174
2.5107336	1.188845	9.7035418	14.04549
2.5091743	1.1901337	9.7035418	14.04549
2.5107336	1.1994765	9.7018595	14.070174
2.5076151	1.1901337	9.7018595	14.078403
2.5091743	1.2072084	9.7018595	14.135999
2.5076151	1.2110744	9.7035418	14.06606
2.5060558	1.2065641	9.7018595	14.049603
2.5060558	1.2072084	9.7043829	14.049603
2.5044966	1.2030202	9.7018595	14.078403
2.5060558	1.2155846	9.7027006	14.094858
2.5060558	1.2136517	9.7010193	14.086631
2.5076151	1.2194506	9.7027006	14.094858
2.5091743	1.2117187	9.7027006	14.061946
2.5029373	1.2068862	9.7027006	14.049603
2.5076151	1.2107521	9.7010193	14.090744
2.5154114	1.1972213	9.7018595	14.094858
2.5122929	1.2001208	9.7018595	14.090744
2.5076151	1.1959326	9.7027006	14.082516
2.5122929	1.1972213	9.7027006	14.074287
2.5107336	1.1985099	9.7027006	14.078403
2.5091743	1.2136517	9.7010193	14.078403
2.5091743	1.2110744	9.7035418	14.061946
2.5091743	1.2133294	9.7035418	14.061946
2.5107336	1.2229943	9.7035418	14.070174
2.5076151	1.2210613	9.7018595	14.070174
2.5029373	1.212363	9.7035418	14.049603
2.5107336	1.196577	9.7027006	14.061946
2.5044966	1.1785358	9.7027006	14.053719
2.5076151	1.1795024	9.7027006	14.074287
2.5060558	1.1920667	9.7018595	14.098971
2.5107336	1.192711	9.7035418	14.070174
2.5107336	1.1817575	9.7018595	14.053719
2.5060558	1.1962548	9.7027006	14.074287
2.5122929	1.1917446	9.7043829	14.057832
2.5138521	1.1975435	9.7027006	14.041375
2.5122929	1.182724	9.7027006	14.057832
2.5122929	1.2049532	9.7027006	14.070174
2.5169706	1.2062418	9.7035418	14.061946
2.5138521	1.2113965	9.7027006	14.070174
2.5200891	1.1930332	9.7035418	14.04549
2.5185299	1.192711	9.7018595	14.049603
2.5200891	1.2120408	9.7027006	14.061946
2.5200891	1.2120408	9.7018595	14.06606
2.5247669	1.2004429	9.7001781	14.06606
2.5216484	1.1988322	9.7027006	14.070174
2.5278857	1.21043	9.7027006	14.057832
2.5263264	1.2065641	9.7018595	14.078403
2.5310042	1.2110744	9.7018595	14.053719
2.548156	1.2188063	9.7010193	14.082516
2.5512745	1.218484	9.7027006	14.053719
2.5543931	1.2252495	9.7027006	14.041375
2.5653081	1.2213836	9.7018595	14.061946
2.5731044	1.2287933	9.6984968	14.053719
2.5731044	1.214296	9.699338	14.037262
2.5809007	1.2030202	9.7010193	14.033148
2.593375	1.1894894	9.699338	14.049603
2.5980527	1.2062418	9.7001781	14.037262
2.6042898	1.1994765	9.699338	14.029035
2.6120861	1.1936775	9.699338	14.029035
2.6261196	1.2094635	9.6984968	14.029035
2.6230011	1.2094635	9.7010193	14.029035
2.6323566	1.2043089	9.7001781	14.008463
2.6448305	1.1849791	9.7001781	14.037262
2.6448305	1.2049532	9.699338	14.033148
2.6526268	1.2165511	9.7001781	14.033148
2.6604233	1.1959326	9.699338	13.987894
2.6651011	1.1978656	9.7010193	14.02492
2.6697788	1.1943219	9.7018595	13.987894
2.6760159	1.21043	9.699338	14.016691
2.6791344	1.1824018	9.7001781	13.996122
2.6900494	1.1943219	9.7001781	14.016691
2.6884902	1.1972213	9.7001781	14.000236
2.6947272	1.2062418	9.699338	14.008463
2.6962864	1.218484	9.7018595	14.012578
2.7040827	1.2159067	9.7010193	13.987894
2.7072012	1.2181619	9.7010193	13.992007
2.7149975	1.2236387	9.7001781	14.00435
2.7227941	1.2081748	9.7027006	13.975552
2.7274718	1.2049532	9.7010193	13.979666
2.7227941	1.1959326	9.7018595	13.938526
2.7259126	1.1949662	9.7010193	13.996122
2.7321496	1.1898116	9.7027006	13.946754
2.7368274	1.1695153	9.7027006	13.954982
2.7352681	1.1817575	9.699338	13.959095
2.7352681	1.163072	9.7018595	13.942639
2.7399459	1.1695153	9.7001781	13.996122
2.7399459	1.1875564	9.7018595	13.979666
2.7415051	1.1936775	9.7018595	13.987894
2.7430644	1.1997986	9.7018595	13.979666
2.7430644	1.1997986	9.7035418	13.971437
2.7461829	1.1972213	9.7035418	13.96321
2.7555387	1.2149403	9.7018595	13.996122
2.7508609	1.184657	9.7018595	13.959095
2.7508609	1.2052754	9.7018595	13.996122
2.7493014	1.1878786	9.7010193	13.967323
2.7602165	1.1875564	9.7027006	13.959095
2.7555387	1.1814353	9.7035418	13.975552
2.7539794	1.1766028	9.7018595	13.971437
2.7539794	1.1756364	9.7035418	13.954982
2.7539794	1.1766028	9.7018595	13.967323
2.7508609	1.1904559	9.7018595	13.959095
2.7539794	1.1817575	9.7035418	13.938526
2.7493014	1.1968992	9.7018595	14.00435
2.7508609	1.2107521	9.7001781	13.992007
2.7539794	1.2126851	9.7010193	13.96321
2.757098	1.2081748	9.7052231	13.946754
2.7477422	1.2055975	9.7010193	13.946754
2.7539794	1.2059197	9.7018595	13.950867
2.7493014	1.2120408	9.7018595	13.954982
2.7555387	1.1930332	9.7018595	13.979666
2.7508609	1.1904559	9.7035418	13.942639
2.7524202	1.2023759	9.7035418	13.983779
2.757098	1.1985099	9.7027006	13.971437
2.7508609	1.1991543	9.7018595	14.008463
2.7508609	1.1885229	9.7018595	13.96321
2.7586572	1.2001208	9.7027006	13.975552
2.7524202	1.1975435	9.7018595	13.942639
2.757098	1.1933553	9.7018595	13.971437
2.7539794	1.2052754	9.7035418	13.979666
2.7555387	1.2139738	9.7018595	13.996122
2.7539794	1.2052754	9.7043829	14.000236
2.7555387	1.192711	9.7035418	13.954982
2.7602165	1.1875564	9.7027006	13.959095
2.7602165	1.1968992	9.7010193	13.971437
2.7602165	1.2117187	9.7027006	14.016691
2.763335	1.220417	9.7018595	13.983779
2.7555387	1.2133294	9.7018595	13.983779
2.757098	1.2110744	9.7018595	13.983779
2.7664535	1.2068862	9.7027006	13.959095
2.7602165	1.1878786	9.7018595	13.954982
2.7664535	1.1914223	9.7018595	13.96321
2.769572	1.1862677	9.7035418	13.979666
2.769572	1.1688709	9.7018595	13.950867
2.7648942	1.1714482	9.7018595	13.934411
2.7711313	1.1772472	9.7001781	13.975552
2.7680128	1.1820797	9.7027006	13.967323
2.7773683	1.1891673	9.7010193	13.975552
2.775809	1.194644	9.7027006	13.946754
2.7726905	1.1952883	9.7018595	13.950867
2.775809	1.1972213	9.7018595	13.938526
2.775809	1.2030202	9.7027006	13.938526
2.7836056	1.2026981	9.7018595	13.930298
2.7789276	1.2097857	9.7052231	13.934411
2.7820463	1.1795024	9.7027006	13.938526
2.7773683	1.1994765	9.7027006	13.971437
2.7836056	1.1717705	9.7018595	13.938526
2.7867241	1.1840127	9.7018595	13.942639
2.7836056	1.1772472	9.7027006	13.926183
2.7836056	1.1720926	9.7001781	13.946754
2.7789276	1.1804688	9.7043829	13.950867
2.7836056	1.1695153	9.7010193	13.946754
2.7882833	1.1762807	9.7010193	13.959095
2.7867241	1.1724148	9.7010193	13.959095
2.7898426	1.1759585	9.7027006	13.954982
2.7929609	1.1943219	9.7027006	13.954982
2.7898426	1.1923889	9.7027006	13.96321
2.7914016	1.1949662	9.7018595	13.942639
2.7898426	1.184657	9.7018595	13.926183
2.7789276	1.1856234	9.7001781	13.917954
2.7914016	1.2010872	9.7018595	13.96321
2.7898426	1.1978656	9.7043829	13.979666
2.7882833	1.2081748	9.7027006	13.967323
2.7789276	1.2052754	9.7035418	13.96321
2.7836056	1.2094635	9.7018595	13.954982
2.7929609	1.1904559	9.7027006	13.934411
2.7867241	1.1853013	9.7018595	13.938526
2.7945201	1.182724	9.7027006	13.930298
2.7914016	1.1824018	9.7018595	13.942639
2.7867241	1.1898116	9.7035418	13.959095
2.7914016	1.1885229	9.7027006	13.934411
2.7867241	1.2030202	9.7018595	13.946754
2.7882833	1.2007651	9.7027006	13.971437
2.7898426	1.1962548	9.7001781	13.954982
2.7851648	1.1991543	9.7035418	13.959095
2.7882833	1.196577	9.7010193	13.938526
2.7851648	1.2055975	9.7035418	13.946754
2.7851648	1.192711	9.7035418	13.946754
2.7867241	1.1981878	9.7018595	13.96321
2.7929609	1.190778	9.7027006	13.959095
2.7804868	1.1972213	9.7010193	13.950867
2.7836056	1.1943219	9.7027006	13.954982
2.7804868	1.1766028	9.7035418	13.942639
2.7836056	1.2017316	9.7018595	13.996122
2.7742498	1.1930332	9.7027006	13.938526
2.7820463	1.1911002	9.7018595	13.946754
2.7773683	1.1914223	9.7027006	13.971437
2.7773683	1.1959326	9.7018595	13.959095
2.7773683	1.2033424	9.7035418	13.954982
2.7742498	1.2101078	9.7027006	13.967323
2.7726905	1.1981878	9.7035418	13.950867
2.775809	1.2097857	9.7035418	13.975552
2.7726905	1.2139738	9.7027006	13.938526
2.7773683	1.2130073	9.7027006	13.954982
2.7726905	1.1978656	9.7027006	13.942639
2.7726905	1.2017316	9.7018595	13.946754
2.7789276	1.2030202	9.7027006	13.96321
2.7726905	1.1872343	9.7043829	13.967323
2.7726905	1.1820797	9.7052231	13.946754
2.7617757	1.1801467	9.7035418	13.92207
2.7726905	1.1933553	9.7052231	13.92207
2.7711313	1.1933553	9.7027006	13.950867
2.769572	1.1795024	9.7035418	13.930298
2.7680128	1.188845	9.7060642	13.946754
2.775809	1.1997986	9.7027006	13.959095
2.7680128	1.1862677	9.7043829	13.954982
2.7648942	1.1785358	9.7052231	13.930298
2.763335	1.182724	9.7027006	13.959095
2.7617757	1.1859456	9.7043829	13.950867
2.7617757	1.1778915	9.7018595	13.942639
2.7602165	1.1769251	9.7052231	13.954982
2.7602165	1.178858	9.7052231	13.934411
2.7664535	1.1949662	9.7035418	13.96321
2.7664535	1.196577	9.7018595	13.950867
2.7555387	1.2014095	9.7043829	13.959095
2.7617757	1.2014095	9.7018595	13.959095
2.7555387	1.216229	9.7043829	13.971437
2.7524202	1.2117187	9.7043829	13.934411
2.7539794	1.1830461	9.7027006	13.926183
2.757098	1.1923889	9.7027006	13.967323
2.7508609	1.1930332	9.7010193	13.967323
2.7555387	1.2010872	9.7027006	13.971437
2.7493014	1.2055975	9.7035418	13.954982
2.7539794	1.1994765	9.7018595	13.938526
2.7539794	1.2149403	9.7035418	13.938526
2.7493014	1.2146181	9.7018595	13.946754
2.7446237	1.2072084	9.7052231	13.946754
2.7508609	1.2081748	9.7018595	13.950867
2.7430644	1.2149403	9.7018595	13.946754
2.7493014	1.1975435	9.7027006	13.934411
2.7446237	1.1714482	9.7027006	13.950867
2.7430644	1.1691931	9.7018595	13.946754
2.7415051	1.1962548	9.7027006	13.96321
2.7430644	1.1975435	9.7010193	13.954982
2.7477422	1.194644	9.7035418	13.946754
2.7383866	1.2001208	9.7035418	13.954982
2.7368274	1.2065641	9.7027006	13.959095
2.7430644	1.2049532	9.7027006	13.996122
2.7368274	1.1981878	9.7018595	13.96321
2.7352681	1.1968992	9.7018595	13.975552
2.7352681	1.2020538	9.7018595	13.967323
2.7430644	1.1891673	9.7010193	13.971437
2.7430644	1.1869121	9.7035418	13.971437
2.7368274	1.1856234	9.7018595	13.96321
2.7352681	1.1911002	9.7043829	13.975552
2.7337089	1.1968992	9.7010193	13.975552
2.7321496	1.1985099	9.7035418	13.983779
2.7305903	1.2007651	9.7035418	13.975552
2.7352681	1.2081748	9.7018595	14.000236
2.7290311	1.1939996	9.7043829	13.942639
2.7274718	1.1939996	9.7018595	13.975552
2.7290311	1.188845	9.7035418	13.959095
2.7274718	1.2075305	9.7018595	13.992007
2.7243533	1.2126851	9.7035418	13.959095
2.7227941	1.2075305	9.7027006	13.979666
2.7274718	1.1959326	9.7027006	13.96321
2.7243533	1.1843348	9.7035418	13.934411
2.7212348	1.1917446	9.7035418	13.934411
2.7243533	1.1782137	9.7035418	13.938526
2.7212348	1.1772472	9.7027006	13.950867
2.7243533	1.1872343	9.7035418	13.967323
2.718116	1.192711	9.7035418	13.959095
2.7165568	1.1740255	9.7035418	13.971437
2.718116	1.1749921	9.7027006	13.967323
2.718116	1.1795024	9.7035418	13.979666
2.711879	1.190778	9.7052231	13.96321
2.7072012	1.194644	9.7027006	13.967323
2.7103198	1.1814353	9.7035418	13.946754
2.711879	1.1943219	9.7027006	13.975552
2.7087605	1.2055975	9.7027006	13.967323
2.7087605	1.1849791	9.7027006	13.959095
2.7072012	1.21043	9.7018595	14.00435
2.7087605	1.2001208	9.7018595	13.971437
2.7087605	1.2039868	9.7035418	13.959095
2.705642	1.2007651	9.7043829	13.946754
2.699405	1.192711	9.7027006	13.971437
2.7009642	1.2068862	9.7027006	13.971437
2.705642	1.1911002	9.7035418	13.987894
2.7040827	1.192711	9.7027006	13.96321
2.7009642	1.1849791	9.7027006	13.983779
2.6931679	1.1901337	9.7027006	13.971437
2.699405	1.1901337	9.7018595	13.946754
2.7025235	1.1914223	9.7027006	13.96321
2.699405	1.1914223	9.7027006	13.954982
2.6947272	1.1749921	9.7035418	13.946754
2.6900494	1.1923889	9.7052231	13.954982
2.6884902	1.2078527	9.7018595	13.971437
2.6916087	1.1985099	9.7027006	13.950867
2.6962864	1.2020538	9.7035418	13.992007
2.6900494	1.2081748	9.7027006	13.975552
2.6931679	1.2188063	9.7035418	13.987894
2.6900494	1.2036645	9.7018595	13.975552
2.6838121	1.1943219	9.7027006	13.975552
2.6853714	1.192711	9.7010193	13.946754
2.6853714	1.190778	9.7027006	13.975552
2.6869307	1.1917446	9.7027006	14.008463
2.6853714	1.1991543	9.7027006	13.996122
2.6838121	1.1991543	9.7027006	13.971437
2.6791344	1.1901337	9.7043829	13.950867
2.6775751	1.1959326	9.7043829	13.992007
2.6838121	1.1904559	9.7018595	13.950867
2.6791344	1.1917446	9.7027006	13.975552
2.6728973	1.1975435	9.7035418	13.979666
2.6760159	1.1811131	9.7043829	13.950867
2.6744566	1.1911002	9.7052231	13.971437
2.6760159	1.1859456	9.7035418	13.954982
2.6744566	1.1923889	9.7027006	13.996122
2.6744566	1.1836904	9.7052231	13.959095
2.6697788	1.2017316	9.7010193	13.983779
2.6713381	1.2001208	9.7018595	13.959095
2.6682196	1.1968992	9.7027006	13.983779
2.6666603	1.188845	9.7027006	13.946754
2.6728973	1.196577	9.7035418	13.992007
2.6666603	1.1991543	9.7035418	13.996122
2.6651011	1.1917446	9.7027006	13.983779
2.6666603	1.1756364	9.7035418	13.954982
2.6651011	1.194644	9.7043829	13.959095
2.6619825	1.1904559	9.7043829	14.008463
2.6635418	1.1891673	9.7035418	13.987894
2.6573048	1.2072084	9.7035418	14.012578
2.6604233	1.2155846	9.7027006	14.008463
2.6526268	1.21043	9.7035418	13.987894
2.6526268	1.1978656	9.7027006	13.975552
2.6619825	1.2007651	9.7027006	13.975552
2.658864	1.2194506	9.7018595	14.008463
2.654186	1.1917446	9.7027006	13.96321
2.6495082	1.180791	9.7027006	13.975552
2.6495082	1.1914223	9.7018595	13.983779
2.6463897	1.1914223	9.7027006	13.992007
2.647949	1.1824018	9.7027006	13.983779
2.641712	1.1617833	9.7052231	13.971437
2.6510675	1.1782137	9.7027006	13.992007
2.6463897	1.1875564	9.7052231	13.959095
2.647949	1.1920667	9.7043829	13.987894
2.6432712	1.2033424	9.7018595	13.983779
2.6323566	1.1911002	9.7027006	14.00435
2.6370342	1.2101078	9.7052231	13.987894
2.6323566	1.2043089	9.7035418	13.979666
2.6401527	1.1988322	9.7027006	13.983779
2.6261196	1.2020538	9.7027006	13.971437
2.6323566	1.2007651	9.7027006	13.979666
2.6292381	1.2055975	9.7035418	13.967323
2.6245604	1.1762807	9.7027006	13.950867
2.6292381	1.1853013	9.7043829	13.967323
2.6245604	1.1939996	9.7027006	13.996122
2.6276789	1.1901337	9.7010193	13.975552
2.6230011	1.1939996	9.7018595	14.02492
2.6214418	1.1817575	9.7018595	13.987894
2.6230011	1.1988322	9.7035418	14.012578
2.6214418	1.1956105	9.7035418	14.00435
2.6167638	1.2046311	9.7027006	14.012578
2.6152046	1.2175176	9.7018595	14.008463
2.6120861	1.1959326	9.7035418	13.979666
2.6167638	1.2062418	9.7035418	14.016691
2.6120861	1.1997986	9.7035418	14.00435
2.6105268	1.190778	9.7035418	13.996122
2.6011713	1.1949662	9.7027006	14.012578
2.6074083	1.2046311	9.7010193	14.033148
2.6074083	1.2120408	9.7035418	13.992007
2.6011713	1.2049532	9.7027006	13.975552
2.6042898	1.2133294	9.7027006	14.000236
2.6011713	1.216229	9.7035418	14.02492
2.593375	1.2181619	9.7060642	14.008463
2.5964935	1.2236387	9.7052231	14.020806
2.5949342	1.2094635	9.7018595	14.008463
2.593375	1.1904559	9.7027006	13.996122
2.5980527	1.1920667	9.7018595	13.979666
2.593375	1.1830461	9.7035418	13.979666
2.593375	1.1978656	9.7018595	14.008463
2.599612	1.1869121	9.7027006	13.983779
2.5902565	1.1904559	9.7027006	14.016691
2.5949342	1.2246052	9.7018595	14.041375
2.5886972	1.2107521	9.7027006	13.996122
2.593375	1.2155846	9.7035418	13.992007
2.5964935	1.1988322	9.7035418	13.979666
2.5886972	1.2101078	9.7027006	14.016691
2.5949342	1.2236387	9.7027006	14.016691
2.593375	1.208497	9.7001781	14.012578
2.5949342	1.21043	9.7010193	14.020806
2.593375	1.2101078	9.7018595	14.029035
2.5949342	1.2130073	9.7018595	14.012578
2.5964935	1.1939996	9.7018595	13.983779
2.5918157	1.1894894	9.7035418	14.008463
2.593375	1.1891673	9.7018595	14.00435
2.5902565	1.1949662	9.7018595	14.000236
2.5964935	1.2081748	9.7027006	14.029035
2.593375	1.2081748	9.7027006	13.996122
2.5949342	1.2113965	9.7035418	13.996122
2.593375	1.2081748	9.7035418	14.00435
2.599612	1.214296	9.7018595	14.008463
2.5980527	1.2249273	9.7018595	14.02492
2.6042898	1.2313706	9.7027006	14.00435
2.5964935	1.2062418	9.7027006	13.971437
2.5949342	1.2020538	9.7043829	14.008463
2.5949342	1.1994765	9.7035418	13.996122
2.5964935	1.1911002	9.7035418	14.016691
2.6011713	1.1872343	9.7010193	14.000236
2.593375	1.1720926	9.7010193	14.000236
2.5918157	1.1914223	9.7027006	13.983779
2.599612	1.190778	9.7035418	13.971437
2.5980527	1.1956105	9.7035418	13.979666
2.5918157	1.1978656	9.7027006	13.992007
2.5964935	1.2055975	9.7018595	13.971437
2.5980527	1.2146181	9.7010193	13.987894
2.5902565	1.1923889	9.7027006	14.029035
2.5980527	1.2065641	9.7018595	13.996122
2.5871377	1.2175176	9.7018595	14.020806
2.593375	1.2059197	9.7018595	13.992007
2.5964935	1.2007651	9.7027006	14.008463
2.593375	1.1772472	9.7018595	13.967323
2.5902565	1.1911002	9.7027006	13.992007
2.5964935	1.1856234	9.7018595	14.02492
2.5964935	1.1901337	9.7018595	14.008463
2.5918157	1.180791	9.7018595	14.00435
2.593375	1.1875564	9.7018595	14.000236
2.593375	1.1956105	9.7018595	14.020806
2.5964935	1.1972213	9.7027006	13.987894
2.5918157	1.2113965	9.7035418	14.008463
2.5949342	1.2117187	9.7027006	14.000236
2.593375	1.2120408	9.7018595	13.996122
2.5886972	1.1985099	9.7027006	13.992007
2.5902565	1.1968992	9.7035418	13.971437
2.593375	1.1824018	9.7027006	14.000236
2.5918157	1.1791801	9.7027006	13.992007
2.5855784	1.1878786	9.7027006	13.996122
2.5871377	1.1930332	9.7035418	14.000236
2.5949342	1.1956105	9.7018595	13.987894
2.5902565	1.1991543	9.7018595	13.996122
2.5886972	1.2014095	9.7035418	13.996122
2.5902565	1.2039868	9.7001781	14.012578
2.5886972	1.2020538	9.7010193	14.00435
2.5871377	1.1894894	9.7018595	13.975552
2.5840192	1.1972213	9.7018595	13.996122
2.5855784	1.2039868	9.7010193	14.029035
2.5855784	1.2110744	9.7010193	14.008463
2.5809007	1.2007651	9.7027006	14.000236
2.5793414	1.1862677	9.7035418	13.996122
2.5793414	1.2039868	9.7027006	14.008463
2.5793414	1.2026981	9.7010193	14.008463
2.5840192	1.2120408	9.7018595	14.00435
2.5855784	1.1978656	9.7035418	13.996122
2.5762229	1.2023759	9.7018595	13.996122
2.5809007	1.1862677	9.7043829	13.975552
2.5731044	1.1753142	9.7027006	14.000236
2.5809007	1.1943219	9.7010193	14.008463
2.5777822	1.2097857	9.7027006	14.029035
2.5746636	1.2036645	9.7027006	14.016691
2.5809007	1.1943219	9.7027006	14.008463
2.5777822	1.1911002	9.7001781	13.975552
2.5762229	1.1943219	9.7035418	14.000236
2.5715451	1.178858	9.7035418	13.979666
2.5731044	1.1708039	9.7043829	14.012578
2.5777822	1.1669379	9.7027006	14.000236
2.5731044	1.1914223	9.7018595	14.033148
2.5715451	1.1994765	9.7018595	14.00435
2.5699859	1.1923889	9.7043829	14.008463
2.5731044	1.1943219	9.7018595	13.996122
2.5731044	1.2094635	9.7027006	14.037262
2.5715451	1.2068862	9.7035418	14.00435
2.5653081	1.2149403	9.7027006	14.02492
2.5606303	1.2146181	9.7027006	13.987894
2.5684266	1.1814353	9.7027006	13.996122
2.5699859	1.1820797	9.7027006	14.033148
2.5637488	1.180791	9.7043829	14.016691
2.5699859	1.1904559	9.7035418	14.020806
2.5699859	1.1833683	9.7018595	14.020806
2.5606303	1.2014095	9.7018595	14.041375
2.5684266	1.2178397	9.7043829	14.02492
2.5621896	1.2001208	9.7027006	14.012578
2.5668674	1.2136517	9.7035418	14.033148
2.5637488	1.2072084	9.7010193	14.00435
2.5668674	1.2139738	9.7069054	14.012578
2.5606303	1.2249273	9.7010193	14.037262
2.5575118	1.2139738	9.7035418	14.057832
2.5653081	1.2217057	9.7018595	14.037262
2.5559523	1.2065641	9.7027006	14.008463
2.5637488	1.2007651	9.7027006	13.996122
2.5575118	1.1814353	9.7035418	13.996122
2.5528338	1.1904559	9.7035418	14.020806
2.5590711	1.192711	9.7018595	14.008463
2.5543931	1.178858	9.7018595	14.020806
2.5528338	1.1898116	9.7035418	14.000236
2.5543931	1.1894894	9.7027006	14.041375
2.5543931	1.1943219	9.7035418	13.983779
2.5590711	1.2081748	9.7018595	14.02492
2.548156	1.2088192	9.7035418	14.00435
2.5497153	1.2159067	9.7035418	14.00435
2.5512745	1.1936775	9.7018595	14.000236
2.548156	1.208497	9.7043829	14.00435
2.5543931	1.2139738	9.7018595	14.020806
2.5512745	1.2030202	9.7018595	14.008463
2.5465968	1.182724	9.7027006	14.00435
2.5434783	1.1885229	9.7035418	13.992007
2.5497153	1.1968992	9.7027006	14.029035
2.5497153	1.1939996	9.7027006	14.00435
2.5434783	1.1743478	9.7035418	14.012578
2.5497153	1.1869121	9.7027006	14.02492
2.541919	1.1939996	9.7052231	14.00435
2.5434783	1.2007651	9.7035418	14.029035
2.5512745	1.1911002	9.7035418	14.012578
2.5403597	1.1882007	9.7027006	14.000236
2.541919	1.2043089	9.7001781	14.016691
2.541919	1.2120408	9.7010193	14.029035
2.5372412	1.2101078	9.7027006	14.041375
2.5434783	1.2065641	9.7035418	14.016691
2.5325634	1.2207392	9.7035418	14.020806
2.541919	1.2278268	9.7027006	14.041375
2.5388005	1.2130073	9.7027006	14.00435
2.5388005	1.2291155	9.7035418	14.02492
2.5403597	1.2165511	9.7035418	14.00435
2.5310042	1.2088192	9.7027006	14.008463
2.5372412	1.2049532	9.7035418	14.008463
2.5325634	1.1878786	9.7035418	14.016691
2.535682	1.196577	9.7027006	14.020806
2.5372412	1.1936775	9.7027006	14.008463
2.5372412	1.1833683	9.7010193	14.00435
2.5325634	1.1824018	9.7035418	13.987894
2.5263264	1.1920667	9.7027006	13.971437
2.5216484	1.2120408	9.7035418	14.008463
2.5263264	1.2049532	9.7027006	14.012578
2.5325634	1.2146181	9.7027006	14.053719
2.5232077	1.2014095	9.7010193	14.029035
2.5247669	1.1994765	9.7027006	14.016691
2.5263264	1.1885229	9.7027006	14.016691
2.5263264	1.1962548	9.7027006	14.049603
2.5216484	1.1968992	9.7027006	14.029035
2.5232077	1.1901337	9.7018595	13.992007
2.5247669	1.2007651	9.7018595	14.033148
2.5216484	1.2014095	9.7027006	14.020806
2.5247669	1.208497	9.7018595	14.02492
2.5185299	1.2055975	9.7035418	14.012578
2.5278857	1.2094635	9.7035418	14.049603
2.5247669	1.2130073	9.7027006	14.016691
2.5216484	1.2049532	9.7018595	14.016691
2.5294449	1.2036645	9.7018595	14.008463
2.5278857	1.1904559	9.7010193	14.000236
2.5278857	1.1962548	9.7018595	14.016691
2.5247669	1.1904559	9.7043829	14.00435
2.5232077	1.1962548	9.7018595	14.053719
2.5247669	1.2088192	9.7027006	14.00435
2.5263264	1.1875564	9.7018595	13.992007
2.5200891	1.2001208	9.7035418	13.983779
2.5263264	1.1833683	9.7018595	14.012578
2.5232077	1.1833683	9.7035418	14.000236
2.5341227	1.1875564	9.7035418	14.008463
2.5216484	1.1985099	9.7018595	14.02492
2.5294449	1.2001208	9.7035418	14.000236
2.5247669	1.1962548	9.7035418	14.016691
2.5294449	1.1920667	9.7027006	14.012578
2.5341227	1.2039868	9.7018595	14.037262
2.5325634	1.192711	9.7018595	14.033148
2.5310042	1.1991543	9.7027006	14.016691
2.5325634	1.2017316	9.7035418	14.016691
2.5310042	1.2065641	9.7010193	14.012578
2.5294449	1.196577	9.7027006	14.037262
2.5263264	1.1939996	9.7018595	14.012578
2.535682	1.2020538	9.7035418	14.016691
2.5310042	1.2088192	9.7010193	14.020806
2.5341227	1.1962548	9.7035418	14.00435
2.5341227	1.1817575	9.7018595	13.975552
2.5294449	1.2020538	9.7035418	14.012578
2.5294449	1.1898116	9.7027006	14.00435
2.5325634	1.1904559	9.7027006	14.016691
2.5388005	1.1824018	9.7018595	14.008463
2.5341227	1.1859456	9.7010193	14.016691
2.5341227	1.2046311	9.7018595	14.029035
2.5294449	1.1985099	9.7043829	13.996122
2.5278857	1.1997986	9.7018595	14.020806
2.5341227	1.2039868	9.7018595	14.008463
2.5200891	1.2159067	9.7027006	14.029035
2.5278857	1.1875564	9.7010193	14.000236
2.5278857	1.1843348	9.7052231	14.008463
2.5263264	1.1904559	9.7018595	14.008463
2.5341227	1.1836904	9.7018595	14.00435
2.5325634	1.188845	9.7018595	13.987894
2.5325634	1.1833683	9.7035418	13.971437
2.5294449	1.1859456	9.7027006	14.00435
2.5310042	1.2030202	9.7035418	14.02492
2.5294449	1.2117187	9.7010193	14.049603
2.5310042	1.2094635	9.7027006	14.020806
2.5325634	1.2062418	9.7027006	14.020806
2.5294449	1.2136517	9.7043829	14.037262
2.5278857	1.2149403	9.7018595	14.033148
2.5278857	1.196577	9.7035418	14.008463
2.5341227	1.1917446	9.7027006	14.008463
2.5263264	1.2004429	9.7010193	14.029035
2.5263264	1.1904559	9.7010193	14.008463
2.5200891	1.2001208	9.7043829	14.041375
2.5247669	1.1840127	9.7035418	13.987894
2.5294449	1.1994765	9.7018595	14.029035
2.5263264	1.2149403	9.7035418	14.016691
2.5278857	1.2088192	9.7010193	14.029035
2.5247669	1.2020538	9.7035418	14.008463
2.5278857	1.2149403	9.7035418	14.012578
2.5232077	1.2133294	9.7018595	14.016691
2.5278857	1.2010872	9.7018595	14.029035
2.5200891	1.1939996	9.7035418	14.029035
2.5185299	1.1849791	9.7035418	13.987894
2.5247669	1.1939996	9.7027006	14.020806
2.5263264	1.1923889	9.7018595	13.987894
2.5216484	1.2149403	9.7027006	14.074287
2.5232077	1.2159067	9.7027006	14.020806
2.5278857	1.2155846	9.7027006	14.008463
2.5278857	1.212363	9.7035418	14.016691
2.5185299	1.2091414	9.7027006	14.020806
2.5216484	1.2052754	9.7018595	14.016691
2.5263264	1.2020538	9.7018595	14.033148
2.5216484	1.1943219	9.7027006	14.049603
2.5216484	1.1817575	9.7027006	14.016691
2.5216484	1.1962548	9.7010193	14.041375
2.5200891	1.2049532	9.7010193	14.033148
2.5216484	1.2039868	9.7018595	14.037262
2.5200891	1.2036645	9.7018595	14.041375
2.5169706	1.2126851	9.7018595	14.041375
2.5122929	1.2191284	9.7018595	14.04549
2.5154114	1.2039868	9.7027006	14.033148
2.5122929	1.1746699	9.7035418	14.000236
2.5091743	1.1859456	9.7018595	14.00435
2.5013781	1.194644	9.7043829	14.041375
2.4935815	1.2017316	9.7010193	14.041375
2.4873445	1.2030202	9.7018595	14.037262
2.4873445	1.2026981	9.7018595	14.020806
2.4873445	1.2168733	9.7010193	14.02492
2.4811077	1.2200949	9.7001781	14.02492
2.4857852	1.2017316	9.6976557	14.016691
2.4857852	1.2068862	9.6976557	14.037262
2.4811077	1.2200949	9.699338	14.016691
2.4811077	1.2052754	9.6984968	14.016691
2.4764299	1.1830461	9.699338	14.016691
2.4795485	1.1817575	9.6976557	14.016691
2.4748707	1.1959326	9.6968145	14.041375
2.4748707	1.1859456	9.6959743	14.00435
2.4795485	1.1878786	9.6968145	14.029035
2.4779892	1.188845	9.6968145	14.000236
2.4701929	1.2007651	9.699338	14.033148
2.4764299	1.2007651	9.699338	14.020806
2.4748707	1.2110744	9.6968145	14.074287
2.4717522	1.2020538	9.6976557	14.033148
2.4686337	1.2059197	9.6976557	14.041375
2.4686337	1.2068862	9.6984968	14.016691
2.4701929	1.2136517	9.6976557	14.057832
2.4733114	1.1994765	9.699338	14.037262
2.4686337	1.2052754	9.6951332	14.041375
2.4748707	1.2252495	9.6976557	14.053719
2.4686337	1.2191284	9.6959743	14.02492
2.4733114	1.1985099	9.699338	14.020806
2.4686337	1.2094635	9.6968145	14.049603
2.4670744	1.2155846	9.6984968	14.061946
2.4686337	1.216229	9.699338	14.033148
2.4717522	1.2065641	9.6976557	14.033148
2.4701929	1.1959326	9.6959743	14.00435
2.4670744	1.2117187	9.6959743	14.049603
2.4701929	1.2101078	9.6976557	14.016691
2.4686337	1.1962548	9.6976557	14.00435
2.4733114	1.21043	9.6959743	14.070174
2.4764299	1.2130073	9.6976557	14.029035
2.4779892	1.2068862	9.6984968	14.033148
2.4748707	1.2149403	9.6968145	14.041375
2.4779892	1.1952883	9.6968145	14.029035
2.4811077	1.2075305	9.6968145	14.029035
2.4748707	1.194644	9.6951332	14.02492
2.4779892	1.1988322	9.6968145	14.02492
2.4826667	1.2001208	9.6951332	14.041375
2.4795485	1.2049532	9.6959743	14.049603
2.484226	1.216229	9.6968145	14.053719
2.4873445	1.194644	9.6968145	14.037262
2.4795485	1.2068862	9.6959743	14.033148
2.4795485	1.2046311	9.6959743	14.016691
2.4826667	1.2178397	9.6942921	14.049603
2.4795485	1.2213836	9.6959743	14.053719
2.4764299	1.2072084	9.6984968	14.033148
2.4748707	1.2297598	9.6951332	14.061946
2.4795485	1.2239609	9.6959743	14.02492
2.4811077	1.2197727	9.6951332	14.037262
2.4826667	1.2026981	9.6968145	14.020806
2.4764299	1.1985099	9.6942921	14.02492
2.4748707	1.2059197	9.6934519	14.049603
2.4779892	1.1962548	9.6976557	14.012578
2.4795485	1.1904559	9.6951332	14.037262
2.4811077	1.1853013	9.6942921	14.041375
2.4811077	1.1968992	9.6959743	14.037262
2.4795485	1.2091414	9.6951332	14.037262
2.4811077	1.2110744	9.6942921	14.02492
2.4748707	1.2017316	9.6951332	14.008463
2.4686337	1.2152624	9.6934519	14.016691
2.4701929	1.220417	9.6942921	14.029035
2.4686337	1.2039868	9.6934519	14.008463
2.4623966	1.2020538	9.6926107	14.00435
2.4655151	1.196577	9.6917696	13.996122
2.4639559	1.1943219	9.6892471	14.008463
2.4655151	1.1901337	9.6892471	14.00435
2.4655151	1.1943219	9.6892471	13.996122
2.4592781	1.2055975	9.6909285	14.012578
2.4577188	1.1975435	9.6909285	14.029035
2.4577188	1.2046311	9.6900883	14.041375
2.4546001	1.1933553	9.688406	14.008463
2.4546001	1.1904559	9.6875658	14.008463
2.4546001	1.1968992	9.688406	14.029035
2.4577188	1.1904559	9.6875658	14.02492
2.4561596	1.1959326	9.688406	14.029035
2.4530408	1.1762807	9.688406	13.996122
2.4499223	1.1791801	9.6858835	14.012578
2.4483631	1.1824018	9.6892471	14.012578
2.4577188	1.2039868	9.688406	14.033148
2.4530408	1.1991543	9.6900883	14.00435
2.4530408	1.1914223	9.688406	14.049603
2.4546001	1.2039868	9.6875658	14.008463
2.4499223	1.2191284	9.688406	14.016691
2.4514816	1.2091414	9.6867247	14.016691
2.4514816	1.1882007	9.6892471	14.012578
2.4483631	1.2030202	9.6858835	14.016691
2.4530408	1.1985099	9.688406	14.00435
2.4514816	1.2010872	9.6867247	14.037262
2.4483631	1.1914223	9.6867247	14.037262
2.4514816	1.2065641	9.6867247	14.020806
2.4483631	1.2136517	9.6850424	14.016691
2.442126	1.2136517	9.6833611	14.02492
2.4343297	1.2178397	9.6850424	14.012578
2.435889	1.1981878	9.6833611	14.008463
2.4343297	1.2181619	9.6808386	14.029035
2.429652	1.2039868	9.6833611	14.020806
2.4327705	1.216229	9.6842022	14.033148
2.4312112	1.2068862	9.6816797	14.020806
2.435889	1.2001208	9.6825199	14.02492
2.429652	1.2149403	9.6833611	14.012578
2.435889	1.2049532	9.6825199	13.996122
2.435889	1.1959326	9.6825199	14.000236
2.4343297	1.1917446	9.6833611	14.00435
2.429652	1.1872343	9.6833611	14.00435
2.4390075	1.1991543	9.6816797	14.029035
2.4312112	1.1981878	9.6799984	14.049603
2.4265335	1.2097857	9.6825199	14.041375
2.4265335	1.194644	9.6833611	14.008463
2.429652	1.190778	9.6808386	13.996122
2.4265335	1.1911002	9.6799984	14.008463
2.424974	1.1843348	9.6808386	14.008463
2.424974	1.1943219	9.6825199	14.016691
2.429652	1.1791801	9.6825199	14.016691
2.424974	1.1956105	9.6816797	14.02492
2.4218554	1.2055975	9.6799984	14.041375
2.429652	1.2097857	9.6808386	13.996122
2.4265335	1.2126851	9.6825199	14.016691
2.4280927	1.2046311	9.6799984	13.992007
2.4234147	1.21043	9.6799984	14.012578
2.4234147	1.2065641	9.6783161	14.020806
2.4187369	1.2026981	9.6816797	14.008463
2.4218554	1.2033424	9.6816797	14.008463
2.4124999	1.1730591	9.6783161	13.996122
2.4140592	1.1733812	9.677475	14.000236
2.4124999	1.1762807	9.6791563	14.012578
2.4093814	1.1795024	9.6749525	14.012578
2.4047036	1.2078527	9.6749525	14.04549
2.4093814	1.2197727	9.6757936	14.04549
2.4047036	1.2275046	9.6766348	14.02492
2.4109406	1.2136517	9.6749525	14.00435
2.4109406	1.2233166	9.6749525	14.029035
2.4124999	1.2265382	9.67243	14.033148
2.4124999	1.2081748	9.6757936	14.020806
2.4078221	1.218484	9.6732712	14.016691
2.4093814	1.2110744	9.6732712	14.012578
2.4140592	1.2136517	9.6715889	14.012578
2.4187369	1.2001208	9.6732712	14.008463
2.4109406	1.1862677	9.67243	14.012578
2.4062629	1.1878786	9.67243	14.033148
2.4062629	1.196577	9.6699076	14.020806
2.3969073	1.1933553	9.6699076	14.00435
2.4047036	1.1785358	9.6690664	13.983779
2.4047036	1.196577	9.6707487	14.016691
2.4015851	1.2007651	9.6657028	14.012578
2.3984666	1.2004429	9.6682262	14.000236
2.3969073	1.2110744	9.6682262	14.04549
2.3937888	1.2197727	9.6657028	14.033148
2.3953481	1.2278268	9.6673851	14.02492
2.3984666	1.2068862	9.666544	13.992007
2.3937888	1.2072084	9.6673851	14.016691
2.3953481	1.1952883	9.6657028	13.983779
2.3906701	1.192711	9.6648626	14.008463
2.3859923	1.1717705	9.6648626	13.975552
2.3891108	1.188845	9.6631804	14.020806
2.3813145	1.1872343	9.6631804	14.016691
2.3875515	1.1853013	9.6640215	14.008463
2.3859923	1.1791801	9.6631804	14.016691
2.384433	1.1894894	9.661499	14.016691
2.3828738	1.1862677	9.661499	13.987894
2.384433	1.1872343	9.6606588	14.016691
2.3828738	1.1962548	9.6589766	14.008463
2.378196	1.2052754	9.6606588	14.012578
2.3735182	1.208497	9.6606588	14.016691
2.3828738	1.2023759	9.6564541	14.020806
2.378196	1.1943219	9.6589766	14.008463
2.3750775	1.1956105	9.6598167	13.996122
2.3750775	1.2072084	9.6572952	14.02492
2.3703997	1.2023759	9.6556129	14.02492
2.371959	1.1956105	9.6556129	14.012578
2.3688405	1.2107521	9.6556129	14.020806
2.3641627	1.2043089	9.6547728	13.979666
2.3672812	1.2068862	9.6547728	14.00435
2.3672812	1.2152624	9.6522493	14.02492
2.3657219	1.216229	9.6522493	14.016691
2.3657219	1.2207392	9.6514091	14.033148
2.3594849	1.2046311	9.6530905	13.992007
2.3641627	1.1862677	9.650568	13.971437
2.3579257	1.1708039	9.6522493	13.971437
2.3610442	1.1885229	9.6514091	13.996122
2.3626034	1.2020538	9.6497269	14.008463
2.3579257	1.1956105	9.6497269	13.983779
2.3563664	1.2094635	9.6488867	13.983779
2.3548071	1.2052754	9.6480455	13.975552
2.3516886	1.2149403	9.6472054	14.012578
2.3532479	1.2149403	9.6472054	14.016691
2.3501294	1.2271825	9.6472054	14.053719
2.3407736	1.208497	9.6463633	13.996122
2.3392143	1.1904559	9.6463633	13.992007
2.3423328	1.1795024	9.6446819	13.996122
2.3438923	1.1801467	9.6463633	14.00435
2.3423328	1.180791	9.6421595	14.012578
2.3376551	1.1833683	9.6455231	13.992007
2.3329773	1.1988322	9.6446819	13.996122
2.325181	1.2043089	9.6455231	13.983779
2.3345366	1.2213836	9.6421595	14.029035
2.325181	1.21043	9.6404772	14.016691
2.3267403	1.2094635	9.6404772	14.029035
2.3267403	1.2139738	9.6379557	14.000236
2.3220625	1.2149403	9.6379557	13.996122
2.3236217	1.22235	9.6379557	14.012578
2.3205032	1.2152624	9.6371145	14.008463
2.325181	1.2094635	9.6371145	13.979666
2.3173847	1.1975435	9.6371145	13.971437
2.3158255	1.1743478	9.6371145	13.987894
2.318944	1.1646829	9.6354332	13.983779
2.3095882	1.1582396	9.6354332	13.987894
2.3127069	1.1730591	9.6337509	13.975552
2.3049104	1.1772472	9.6312284	14.012578
2.3049104	1.188845	9.6329098	13.96321
2.3049104	1.1730591	9.6329098	13.946754
2.3017919	1.1972213	9.6320696	13.983779
2.3049104	1.2030202	9.6320696	14.00435
2.2955551	1.2075305	9.6278658	14.008463
2.3002326	1.2049532	9.6303873	14.008463
2.3002326	1.2010872	9.6303873	13.996122
2.2924364	1.1869121	9.6303873	13.992007
2.2908771	1.196577	9.6270237	13.996122
2.2893178	1.1811131	9.6270237	13.971437
2.2815216	1.1914223	9.6245022	14.000236
2.2893178	1.1991543	9.6253424	13.996122
2.2815216	1.1991543	9.6245022	13.996122
2.2830808	1.2088192	9.6253424	14.00435
2.2815216	1.1904559	9.6211386	14.008463
2.278403	1.2036645	9.6219797	14.008463
2.2752845	1.1939996	9.6211386	14.000236
2.2706068	1.1849791	9.6219797	14.000236
2.2706068	1.1959326	9.6186161	14.00435
2.2674882	1.1878786	9.6186161	13.996122
2.261251	1.1994765	9.617775	14.012578
2.265929	1.1985099	9.617775	13.983779
2.2690475	1.2046311	9.617775	14.020806
2.2706068	1.2023759	9.617775	13.975552
2.2628105	1.2020538	9.6152525	14.016691
2.2581325	1.2136517	9.6160936	13.975552
2.2628105	1.1972213	9.6144114	13.979666
2.2628105	1.1885229	9.6144114	13.967323
2.2581325	1.2091414	9.6135702	14.00435
2.2596917	1.2133294	9.6144114	13.996122
2.2550139	1.2052754	9.61273	14.000236
2.2456584	1.1939996	9.61273	13.987894
2.2472177	1.2036645	9.6110477	13.996122
2.2503362	1.208497	9.6102076	14.008463
2.2394214	1.196577	9.6093664	14.00435
2.2472177	1.1956105	9.6085253	14.016691
2.2472177	1.1891673	9.6093664	13.987894
2.2440991	1.188845	9.6093664	14.000236
2.2378621	1.1920667	9.6085253	14.00435
2.2394214	1.1859456	9.6085253	14.008463
2.2363029	1.1949662	9.6060028	14.000236
2.2300656	1.2059197	9.6060028	13.996122
2.2253881	1.2065641	9.6060028	13.992007
2.2269473	1.1920667	9.6034803	13.979666
2.2300656	1.1824018	9.6034803	13.971437
2.2331843	1.190778	9.5992765	14.012578
2.2253881	1.1901337	9.601799	14.029035
2.2253881	1.1972213	9.601799	14.012578
2.2238288	1.1962548	9.5992765	14.00435
2.2269473	1.2046311	9.6001167	14.00435
2.2253881	1.2017316	9.6001167	14.000236
2.219151	1.1878786	9.5975943	13.967323
2.219151	1.1985099	9.5959129	13.992007
2.2160325	1.196577	9.5975943	14.008463
2.2238288	1.178858	9.5959129	13.979666
2.219151	1.1782137	9.5959129	13.971437
2.2253881	1.1814353	9.5950718	13.975552
2.2238288	1.1933553	9.5959129	13.987894
2.2207103	1.2055975	9.5925493	13.983779
2.2222695	1.2072084	9.5917082	13.971437
2.2222695	1.1952883	9.5933905	13.954982
2.2253881	1.1994765	9.5917082	13.971437
2.2269473	1.190778	9.5917082	13.996122
2.2207103	1.2017316	9.5883446	14.012578
2.2144732	1.18659	9.5900269	14.000236
2.2175918	1.1840127	9.5891857	14.000236
2.219151	1.1849791	9.5891857	13.983779
2.2144732	1.1791801	9.5883446	13.975552
2.2175918	1.1820797	9.5883446	13.992007
2.2113545	1.1727369	9.5875044	13.96321
2.2175918	1.1914223	9.5866632	13.987894
2.2160325	1.192711	9.5883446	13.975552
2.2175918	1.1956105	9.5866632	13.967323
2.2144732	1.2059197	9.5866632	13.987894
2.212914	1.1939996	9.5858231	13.983779
2.2160325	1.2043089	9.5841408	13.983779
2.2175918	1.2062418	9.5841408	13.975552
2.212914	1.1959326	9.5832996	13.975552
2.2066767	1.2030202	9.5832996	14.000236
2.208236	1.1930332	9.5807772	13.979666
2.2066767	1.1997986	9.5816183	13.975552
2.208236	1.1817575	9.5782547	13.967323
2.208236	1.1936775	9.5790958	13.996122
2.2019989	1.1836904	9.5790958	13.971437
2.2066767	1.1801467	9.5782547	13.971437
2.2019989	1.1920667	9.579937	13.971437
2.2004397	1.1949662	9.5816183	13.983779
2.2035582	1.2046311	9.5816183	13.992007
2.1988804	1.1936775	9.5790958	13.975552
2.1988804	1.1994765	9.5782547	13.975552
2.2019989	1.2081748	9.5782547	13.971437
2.1988804	1.2001208	9.5765734	13.983779
2.1988804	1.2039868	9.5757322	13.992007
2.1942027	1.218484	9.5732098	14.000236
2.1910841	1.2130073	9.5732098	13.975552
2.1942027	1.2001208	9.5715275	13.996122
2.1848471	1.1981878	9.5698462	13.975552
2.1895249	1.2068862	9.569006	13.992007
2.1895249	1.1972213	9.5715275	13.96321
2.1832879	1.1904559	9.5681648	13.967323
2.1817286	1.1762807	9.5698462	13.950867
2.1832879	1.192711	9.5698462	13.946754
2.1770506	1.1981878	9.569006	13.975552
2.1832879	1.1988322	9.5664835	13.975552
2.1754913	1.1978656	9.5648012	14.008463
2.1817286	1.2139738	9.5648012	13.967323
2.1723728	1.2188063	9.5639601	13.954982
2.1770506	1.2126851	9.5648012	13.987894
2.1770506	1.2175176	9.5648012	13.996122
2.1723728	1.2065641	9.5656414	13.96321
2.1754913	1.224283	9.5648012	13.967323
2.1692543	1.2072084	9.5648012	13.979666
2.1708136	1.1933553	9.5631199	13.967323
2.1708136	1.1830461	9.5639601	13.971437
2.1692543	1.1782137	9.5605974	13.959095
2.161458	1.194644	9.5589151	14.012578
2.1645765	1.1840127	9.558074	13.954982
2.161458	1.188845	9.5589151	13.96321
2.161458	1.2049532	9.5589151	13.959095
2.1583395	1.2010872	9.5572338	13.950867
2.161458	1.2075305	9.5563927	13.959095
2.155221	1.2055975	9.5563927	13.996122
2.1505432	1.2152624	9.5572338	14.00435
2.1521025	1.218484	9.5563927	13.967323
2.148984	1.2068862	9.5555515	13.96321
2.1443062	1.1988322	9.5547113	13.946754
2.1427469	1.2088192	9.5547113	14.000236
2.1427469	1.1997986	9.5538702	13.942639
2.1365099	1.1920667	9.55303	13.983779
2.1443062	1.1917446	9.5505066	13.979666
2.1443062	1.1904559	9.5513477	13.967323
2.1365099	1.1956105	9.5479841	13.967323
2.1349506	1.190778	9.5505066	13.971437
2.1349506	1.1853013	9.5479841	13.979666
2.1333914	1.192711	9.5479841	13.96321
2.1380692	1.2043089	9.5488253	13.975552
2.1318321	1.1898116	9.5488253	13.950867
2.1255949	1.1856234	9.5437803	13.950867
2.1302726	1.1962548	9.5454617	13.959095
2.1302726	1.2178397	9.5437803	14.000236
2.1193578	1.2213836	9.5446205	13.979666
2.1255949	1.2236387	9.5429392	13.979666
2.1271541	1.208497	9.5412579	13.942639
2.1302726	1.2036645	9.5412579	13.959095
2.1224763	1.2033424	9.5404167	13.950867
2.1240356	1.1856234	9.5404167	13.959095
2.1271541	1.1717705	9.5378942	13.96321
2.1240356	1.178858	9.5395756	13.967323
2.1240356	1.1817575	9.5378942	13.926183
2.1193578	1.1859456	9.536212	13.967323
2.1193578	1.1820797	9.5353718	13.971437
2.1224763	1.1962548	9.5353718	13.987894
2.1209171	1.1988322	9.5345306	13.954982
2.1177986	1.1962548	9.5345306	13.954982
2.1146801	1.188845	9.5328484	13.946754
2.1177986	1.1894894	9.5328484	13.959095
2.1177986	1.2078527	9.5336905	13.971437
2.1162393	1.2026981	9.5345306	13.959095
2.1131208	1.1911002	9.531167	13.942639
2.1131208	1.2017316	9.5320082	13.954982
2.1131208	1.2165511	9.5303268	13.96321
2.1131208	1.2062418	9.5269632	13.942639
2.1115615	1.18659	9.5303268	13.959095
2.1115615	1.1911002	9.5278044	13.971437
2.1146801	1.1914223	9.5261221	13.96321
2.1146801	1.1824018	9.5286446	13.934411
2.1100023	1.1730591	9.525281	13.975552
2.1053245	1.1682266	9.5278044	13.934411
2.1100023	1.1711261	9.5269632	13.942639
2.108443	1.1914223	9.5235996	13.954982
2.1053245	1.1939996	9.525281	13.946754
2.1037652	1.2059197	9.5244408	13.96321
2.1037652	1.2043089	9.5235996	13.967323
2.1006467	1.2252495	9.520236	13.992007
2.1006467	1.2229943	9.520236	13.959095
2.1053245	1.2039868	9.5177135	13.950867
2.097528	1.1956105	9.5193949	13.917954
2.1006467	1.2020538	9.520236	13.942639
2.0990872	1.2120408	9.5177135	13.954982
2.0928502	1.1849791	9.520236	13.946754
2.1006467	1.1746699	9.5168734	13.971437
2.097528	1.1811131	9.5185547	13.954982
2.0990872	1.1782137	9.5177135	13.950867
2.0944095	1.1820797	9.5168734	13.938526
2.0897317	1.1817575	9.5151911	13.975552
2.0897317	1.1859456	9.5143499	13.946754
2.0897317	1.1869121	9.5160322	13.930298
2.0834949	1.1859456	9.5143499	13.96321
2.0897317	1.1801467	9.5135088	13.942639
2.0819356	1.2014095	9.5118275	13.975552
2.0788169	1.2036645	9.5126686	13.950867
2.0850542	1.194644	9.5118275	13.971437
2.0866134	1.190778	9.5126686	13.934411
2.0803761	1.194644	9.5101461	13.950867
2.0850542	1.1901337	9.5118275	13.946754
2.0819356	1.1791801	9.5118275	13.934411
2.0819356	1.1762807	9.5118275	13.959095
2.0803761	1.1746699	9.5109873	13.938526
2.0819356	1.1759585	9.5101461	13.950867
2.0850542	1.1917446	9.5101461	13.942639
2.0803761	1.1724148	9.5084639	13.917954
2.0741391	1.1901337	9.5076237	13.901499
2.0788169	1.1994765	9.5059414	13.96321
2.0788169	1.2039868	9.5051012	13.942639
2.0881724	1.2062418	9.5042601	13.950867
2.0788169	1.1978656	9.5034189	13.934411
2.0819356	1.2055975	9.5042601	13.917954
2.0819356	1.1972213	9.5059414	13.926183
2.0834949	1.2014095	9.5017376	13.942639
2.0803761	1.2007651	9.5017376	13.934411
2.0850542	1.1817575	9.5025778	13.930298
2.0850542	1.1962548	9.5034189	13.950867
2.0866134	1.1769251	9.5034189	13.930298
2.0944095	1.180791	9.5034189	13.934411
2.0803761	1.1772472	9.5008965	13.942639
2.0881724	1.1875564	9.5000553	13.950867
2.0850542	1.1936775	9.5000553	13.930298
2.091291	1.1923889	9.4975338	13.930298
2.097528	1.2091414	9.498374	13.917954
2.1068838	1.2088192	9.4950104	13.938526
2.1068838	1.2139738	9.4966917	13.942639
2.1146801	1.1939996	9.4966917	13.913841
2.1224763	1.1904559	9.4958515	13.92207
2.1287134	1.1911002	9.4950104	13.913841
2.1396284	1.1904559	9.4941702	13.942639
2.1380692	1.1930332	9.4941702	13.917954
2.1474247	1.1981878	9.4924879	13.913841
2.1598988	1.2075305	9.4941702	13.930298
2.1645765	1.2065641	9.493329	13.909727
2.1692543	1.1991543	9.4916477	13.889157
2.1770506	1.2049532	9.4908066	13.909727
2.1770506	1.2130073	9.4924879	13.946754
2.1801691	1.1988322	9.4899654	13.889157
2.1910841	1.1843348	9.4891243	13.864473
2.2004397	1.1894894	9.4891243	13.872702
2.2004397	1.1749921	9.4882841	13.852131
2.2144732	1.1840127	9.4857616	13.856245
