Fout	Lin	Lout	sono
1.6718485	0.74458259	9.9103909	14.30056
1.6765263	0.9301483	9.9070272	14.30056
1.6765263	1.0348512	9.9103909	14.288217
1.6734078	1.1037941	9.9095497	14.308787
1.6749671	1.161139	9.9103909	14.3417
1.6765263	1.1959326	9.9095497	14.345813
1.6749671	1.2026981	9.9095497	14.333472
1.6796449	1.2004429	9.911232	14.321129
1.6780856	1.2014095	9.9103909	14.296445
1.6780856	1.1978656	9.9103909	14.30056
1.6780856	1.2175176	9.9103909	14.333472
1.6749671	1.2200949	9.9095497	14.296445
1.6780856	1.2171954	9.9103909	14.304673
1.6734078	1.2197727	9.9103909	14.333472
1.6749671	1.2391025	9.9103909	14.366385
1.6734078	1.2246052	9.9103909	14.321129
1.6780856	1.2120408	9.9078684	14.312901
1.6734078	1.2068862	9.911232	14.317016
1.6780856	1.2007651	9.9120731	14.308787
1.6749671	1.2255716	9.9087095	14.329357
1.6749671	1.2233166	9.9103909	14.325244
1.6749671	1.2159067	9.9095497	14.325244
1.6734078	1.2239609	9.911232	14.321129
1.6749671	1.2194506	9.9103909	14.288217
1.6765263	1.2271825	9.9095497	14.325244
1.6734078	1.2097857	9.911232	14.292332
1.6749671	1.2194506	9.9095497	14.296445
1.6765263	1.2229943	9.9103909	14.296445
1.6765263	1.2233166	9.9103909	14.30056
1.6765263	1.1978656	9.9103909	14.292332
1.6765263	1.2030202	9.9095497	14.333472
1.6812042	1.1914223	9.911232	14.333472
1.6780856	1.1972213	9.9120731	14.333472
1.6734078	1.2059197	9.9095497	14.333472
1.6749671	1.2155846	9.9120731	14.312901
1.6702893	1.2239609	9.9103909	14.3417
1.6812042	1.2255716	9.9095497	14.325244
1.6749671	1.2213836	9.911232	14.325244
1.6780856	1.2291155	9.9070272	14.3417
1.6765263	1.2252495	9.9095497	14.3417
1.6765263	1.2358809	9.9087095	14.3417
1.6812042	1.23427	9.9095497	14.317016
1.6765263	1.2278268	9.9103909	14.317016
1.6780856	1.2507004	9.9078684	14.354041
1.6749671	1.236203	9.9087095	14.312901
1.6734078	1.2213836	9.9103909	14.333472
1.6796449	1.2097857	9.9103909	14.358156
1.6796449	1.2120408	9.9078684	14.337585
1.6780856	1.2110744	9.9078684	14.333472
1.6765263	1.2094635	9.9087095	14.325244
1.6796449	1.2088192	9.9095497	14.337585
1.6749671	1.2014095	9.9095497	14.304673
1.6796449	1.2181619	9.9095497	14.321129
1.6749671	1.2255716	9.9087095	14.349928
1.6765263	1.2252495	9.9087095	14.325244
1.6765263	1.2329813	9.911232	14.354041
1.6734078	1.2455457	9.9095497	14.325244
1.6780856	1.2513447	9.9103909	14.354041
1.6765263	1.2468344	9.9103909	14.308787
1.6765263	1.2381359	9.9087095	14.308787
1.6780856	1.2387803	9.9103909	14.304673
1.6765263	1.2316927	9.9078684	14.325244
1.6796449	1.2255716	9.911232	14.333472
1.6780856	1.2271825	9.9087095	14.325244
1.6780856	1.2197727	9.9095497	14.325244
1.6780856	1.2200949	9.9103909	14.325244
1.6749671	1.2094635	9.9103909	14.304673
1.6780856	1.230404	9.9103909	14.333472
1.6749671	1.2268603	9.9103909	14.325244
1.6765263	1.2294376	9.9078684	14.304673
1.6780856	1.2139738	9.9095497	14.317016
1.6765263	1.214296	9.9095497	14.312901
1.6780856	1.2120408	9.9095497	14.288217
1.6734078	1.2191284	9.911232	14.308787
1.6780856	1.226216	9.9103909	14.312901
1.6765263	1.2258939	9.9103909	14.325244
1.6749671	1.2297598	9.9120731	14.279989
1.6765263	1.2400689	9.9103909	14.304673
1.6827635	1.2449014	9.9095497	14.325244
1.6749671	1.2358809	9.9087095	14.325244
1.6734078	1.2336257	9.9103909	14.325244
1.6780856	1.2281489	9.9103909	14.308787
1.6765263	1.2355586	9.9095497	14.333472
1.6780856	1.226216	9.9103909	14.329357
1.6765263	1.2097857	9.9103909	14.296445
1.6734078	1.2094635	9.9103909	14.304673
1.6780856	1.2120408	9.9095497	14.321129
1.6749671	1.2217057	9.9120731	14.308787
1.6749671	1.2097857	9.9103909	14.308787
1.6749671	1.2152624	9.9095497	14.325244
1.6796449	1.2136517	9.9120731	14.30056
1.6734078	1.2297598	9.9103909	14.312901
1.6765263	1.2236387	9.9103909	14.312901
1.6749671	1.2252495	9.9103909	14.321129
1.6796449	1.216229	9.9103909	14.308787
1.6734078	1.2159067	9.9095497	14.329357
1.6765263	1.2326592	9.9095497	14.349928
1.6640522	1.2297598	9.9095497	14.337585
1.66873	1.2336257	9.9103909	14.337585
1.6780856	1.23427	9.9070272	14.354041
1.6765263	1.2297598	9.9103909	14.304673
1.6780856	1.2384582	9.9103909	14.321129
1.6765263	1.22235	9.9120731	14.288217
1.6702893	1.2265382	9.9095497	14.333472
1.6718485	1.2316927	9.911232	14.354041
1.6749671	1.2281489	9.9103909	14.325244
1.6812042	1.2255716	9.9103909	14.308787
1.6765263	1.2265382	9.9095497	14.321129
1.6796449	1.2213836	9.9095497	14.312901
1.6734078	1.212363	9.911232	14.292332
1.6765263	1.2188063	9.9120731	14.317016
1.6749671	1.2233166	9.9095497	14.325244
1.6780856	1.2265382	9.9103909	14.333472
1.6765263	1.2200949	9.9078684	14.321129
1.6796449	1.2101078	9.9095497	14.321129
1.6765263	1.2355586	9.9095497	14.366385
1.6718485	1.2110744	9.9103909	14.308787
1.6749671	1.2239609	9.9103909	14.329357
1.6749671	1.2168733	9.9103909	14.30056
1.6749671	1.218484	9.9103909	14.329357
1.6780856	1.2175176	9.9095497	14.288217
1.6765263	1.22235	9.9078684	14.312901
1.6780856	1.2381359	9.9095497	14.3417
1.6718485	1.2271825	9.9087095	14.337585
1.6765263	1.2439349	9.9095497	14.312901
1.6812042	1.2429684	9.9095497	14.333472
1.6749671	1.2336257	9.9095497	14.329357
1.6780856	1.2297598	9.9095497	14.317016
1.6749671	1.2097857	9.9103909	14.296445
1.66873	1.2194506	9.9103909	14.337585
1.6765263	1.2258939	9.9087095	14.325244
1.6734078	1.2239609	9.9095497	14.329357
1.6734078	1.2255716	9.911232	14.325244
1.6749671	1.232337	9.9095497	14.333472
1.6780856	1.2365252	9.9103909	14.3417
1.6765263	1.2329813	9.9087095	14.333472
1.6734078	1.2239609	9.911232	14.312901
1.6780856	1.2300819	9.9087095	14.325244
1.6796449	1.2374916	9.9103909	14.329357
1.6734078	1.2313706	9.9103909	14.312901
1.6749671	1.2294376	9.9103909	14.325244
1.6780856	1.2400689	9.9078684	14.317016
1.6780856	1.2287933	9.9087095	14.284103
1.6702893	1.2310483	9.9095497	14.304673
1.6765263	1.2249273	9.9078684	14.333472
1.6780856	1.2246052	9.9103909	14.321129
1.6827635	1.2355586	9.9087095	14.354041
1.6702893	1.2291155	9.9103909	14.329357
1.6780856	1.2410355	9.9095497	14.329357
1.6749671	1.2407132	9.9095497	14.349928
1.6749671	1.2378138	9.9120731	14.321129
1.6812042	1.2297598	9.9120731	14.333472
1.6702893	1.2097857	9.911232	14.304673
1.6765263	1.2059197	9.9103909	14.321129
1.6734078	1.2078527	9.9103909	14.312901
1.6780856	1.218484	9.9120731	14.333472
1.6765263	1.2265382	9.9078684	14.325244
1.6734078	1.2391025	9.9095497	14.317016
1.6734078	1.2513447	9.911232	14.3417
1.6749671	1.2471565	9.9095497	14.296445
1.6765263	1.2310483	9.9103909	14.304673
1.6780856	1.2155846	9.9103909	14.308787
1.6765263	1.2101078	9.9095497	14.349928
1.6702893	1.2126851	9.9103909	14.312901
1.6765263	1.2062418	9.9095497	14.317016
1.6749671	1.2026981	9.9095497	14.325244
1.6765263	1.220417	9.9095497	14.345813
1.6765263	1.2246052	9.9087095	14.312901
1.6734078	1.2310483	9.9103909	14.304673
1.6780856	1.2236387	9.911232	14.317016
1.6765263	1.2384582	9.9103909	14.337585
1.6749671	1.2310483	9.9103909	14.321129
1.6765263	1.2313706	9.911232	14.321129
1.6780856	1.2181619	9.911232	14.312901
1.6765263	1.2194506	9.9095497	14.317016
1.6765263	1.212363	9.9087095	14.288217
1.6765263	1.2171954	9.9103909	14.312901
1.6734078	1.2326592	9.911232	14.308787
1.6765263	1.2287933	9.9095497	14.312901
1.6765263	1.2249273	9.9078684	14.312901
1.6702893	1.232337	9.9103909	14.3417
1.6734078	1.2249273	9.911232	14.308787
1.6812042	1.2239609	9.911232	14.321129
1.6734078	1.2175176	9.911232	14.325244
1.6734078	1.2236387	9.9095497	14.3417
1.6749671	1.2329813	9.9095497	14.329357
1.6734078	1.236203	9.9103909	14.325244
1.6780856	1.2284712	9.9095497	14.321129
1.6796449	1.2310483	9.9103909	14.3417
1.6812042	1.2384582	9.9087095	14.329357
1.6718485	1.2352365	9.9129133	14.308787
1.6749671	1.2268603	9.9120731	14.325244
1.6718485	1.214296	9.9078684	14.304673
1.6749671	1.2097857	9.911232	14.296445
1.6749671	1.224283	9.911232	14.304673
1.6765263	1.2117187	9.9103909	14.325244
1.6734078	1.2059197	9.911232	14.321129
1.6749671	1.1978656	9.9120731	14.30056
1.6734078	1.2136517	9.911232	14.329357
1.6749671	1.2171954	9.9095497	14.333472
1.6734078	1.2091414	9.9103909	14.304673
1.6671708	1.2126851	9.9095497	14.304673
1.6749671	1.2220279	9.9120731	14.329357
1.6718485	1.2207392	9.9103909	14.317016
1.6702893	1.2281489	9.9087095	14.321129
1.6734078	1.212363	9.9103909	14.30056
1.6734078	1.2352365	9.9087095	14.329357
1.6734078	1.2410355	9.9103909	14.312901
1.6749671	1.2374916	9.9129133	14.296445
1.6718485	1.2368473	9.9103909	14.304673
1.6780856	1.2287933	9.911232	14.288217
1.6718485	1.2294376	9.9103909	14.304673
1.6734078	1.2159067	9.9095497	14.325244
1.6734078	1.2165511	9.9095497	14.337585
1.66873	1.2155846	9.9103909	14.349928
1.6734078	1.2146181	9.9103909	14.3417
1.66873	1.2291155	9.9103909	14.325244
1.6749671	1.2217057	9.911232	14.30056
1.6702893	1.2252495	9.911232	14.308787
1.6734078	1.22235	9.911232	14.312901
1.6656115	1.2265382	9.9095497	14.349928
1.6765263	1.2423241	9.9095497	14.337585
1.6765263	1.2400689	9.9103909	14.333472
1.6702893	1.2168733	9.9078684	14.312901
1.6718485	1.226216	9.9078684	14.349928
1.6749671	1.2461901	9.9103909	14.333472
1.6671708	1.2507004	9.911232	14.333472
1.6734078	1.2265382	9.911232	14.308787
1.6780856	1.2252495	9.9095497	14.308787
1.6749671	1.2194506	9.9087095	14.304673
1.6749671	1.2065641	9.9095497	14.304673
1.6765263	1.2078527	9.911232	14.345813
1.6780856	1.2091414	9.9087095	14.325244
1.6749671	1.2094635	9.9070272	14.308787
1.6734078	1.2075305	9.911232	14.317016
1.6765263	1.2017316	9.9103909	14.308787
1.6734078	1.212363	9.9087095	14.304673
1.6749671	1.2226722	9.9087095	14.325244
1.6734078	1.236203	9.9095497	14.337585
1.6734078	1.22235	9.9087095	14.30056
1.6718485	1.2239609	9.9129133	14.30056
1.6702893	1.2310483	9.9078684	14.337585
1.6702893	1.2226722	9.9087095	14.317016
1.6734078	1.2226722	9.9095497	14.288217
1.6640522	1.208497	9.911232	14.292332
1.6749671	1.2055975	9.9095497	14.308787
1.6765263	1.2146181	9.9095497	14.333472
1.6734078	1.2200949	9.911232	14.317016
1.6765263	1.2059197	9.9078684	14.312901
1.6718485	1.2091414	9.9095497	14.329357
1.6702893	1.2007651	9.9103909	14.30056
1.6749671	1.2091414	9.911232	14.308787
1.6702893	1.2046311	9.911232	14.284103
1.6718485	1.2229943	9.9103909	14.321129
1.6765263	1.2210613	9.9095497	14.312901
1.6718485	1.2236387	9.911232	14.30056
1.6718485	1.2265382	9.9095497	14.304673
1.6765263	1.2297598	9.9095497	14.312901
1.6749671	1.214296	9.911232	14.304673
1.6718485	1.2120408	9.9103909	14.30056
1.6749671	1.2271825	9.911232	14.349928
1.6734078	1.2294376	9.9120731	14.325244
1.6749671	1.2139738	9.911232	14.337585
1.6749671	1.2159067	9.9103909	14.3417
1.6734078	1.224283	9.9087095	14.333472
1.6734078	1.2391025	9.9078684	14.358156
1.6765263	1.214296	9.9095497	14.325244
1.6702893	1.2197727	9.9087095	14.354041
1.6718485	1.226216	9.911232	14.317016
1.6749671	1.2165511	9.9103909	14.317016
1.6749671	1.2310483	9.9103909	14.329357
1.6780856	1.2197727	9.9095497	14.337585
1.6765263	1.2236387	9.9087095	14.321129
1.6780856	1.2229943	9.9103909	14.30056
1.6749671	1.2313706	9.9087095	14.308787
1.6812042	1.2278268	9.9103909	14.292332
1.6796449	1.2255716	9.9103909	14.304673
1.6780856	1.2194506	9.9103909	14.308787
1.6780856	1.2113965	9.9095497	14.325244
1.6765263	1.2188063	9.9095497	14.317016
1.6718485	1.2165511	9.9087095	14.329357
1.6734078	1.2088192	9.9087095	14.329357
1.6765263	1.2220279	9.9095497	14.378725
1.6812042	1.2333035	9.9087095	14.321129
1.6812042	1.2381359	9.9095497	14.321129
1.6780856	1.2197727	9.9103909	14.304673
1.6749671	1.2200949	9.9103909	14.317016
1.6749671	1.2307262	9.9095497	14.325244
1.6765263	1.2352365	9.9087095	14.3417
1.6734078	1.2265382	9.9070272	14.337585
1.6765263	1.2281489	9.9078684	14.329357
1.6765263	1.2220279	9.9078684	14.30056
1.6812042	1.2365252	9.9095497	14.329357
1.6796449	1.2258939	9.9103909	14.337585
1.6765263	1.2297598	9.9103909	14.321129
1.6780856	1.2287933	9.9103909	14.321129
1.6765263	1.2236387	9.9087095	14.329357
1.6734078	1.2300819	9.9095497	14.345813
1.6718485	1.2229943	9.9095497	14.325244
1.6780856	1.218484	9.9103909	14.304673
1.6765263	1.2165511	9.9103909	14.333472
1.6765263	1.2255716	9.911232	14.321129
1.6780856	1.2294376	9.9095497	14.329357
1.6780856	1.2101078	9.9095497	14.288217
1.6718485	1.2297598	9.9070272	14.325244
1.6718485	1.2236387	9.9087095	14.304673
1.6749671	1.2416798	9.9103909	14.329357
1.6734078	1.2333035	9.9087095	14.308787
1.6749671	1.2268603	9.911232	14.292332
1.6765263	1.2229943	9.9103909	14.288217
1.6702893	1.2236387	9.911232	14.296445
1.6734078	1.2249273	9.9120731	14.30056
1.6718485	1.2175176	9.911232	14.308787
1.6765263	1.2300819	9.9095497	14.345813
1.6765263	1.2197727	9.9120731	14.308787
1.6765263	1.220417	9.9129133	14.308787
1.6734078	1.2062418	9.9095497	14.308787
1.6734078	1.2017316	9.9120731	14.308787
1.6734078	1.2126851	9.9095497	14.312901
1.6734078	1.2091414	9.911232	14.312901
1.6734078	1.2281489	9.911232	14.317016
1.6749671	1.2255716	9.9078684	14.337585
1.6734078	1.2352365	9.9103909	14.333472
1.6780856	1.248123	9.9087095	14.3417
1.6702893	1.251989	9.9078684	14.3417
1.6734078	1.2387803	9.9087095	14.321129
1.6734078	1.2278268	9.9095497	14.321129
1.6749671	1.2217057	9.9103909	14.30056
1.6734078	1.2275046	9.9103909	14.333472
1.6734078	1.2268603	9.9103909	14.354041
1.6702893	1.2265382	9.9095497	14.325244
1.6796449	1.2407132	9.9087095	14.337585
1.6718485	1.2368473	9.9103909	14.325244
1.6749671	1.2297598	9.9103909	14.321129
1.6749671	1.2287933	9.9095497	14.321129
1.6780856	1.2146181	9.9087095	14.317016
1.6702893	1.2101078	9.9087095	14.317016
1.6718485	1.2065641	9.9120731	14.321129
1.6749671	1.212363	9.911232	14.317016
1.6765263	1.2265382	9.9120731	14.333472
1.6780856	1.2268603	9.9095497	14.333472
1.6734078	1.2246052	9.9095497	14.304673
1.6765263	1.2407132	9.9095497	14.317016
1.6780856	1.2217057	9.9095497	14.288217
1.6749671	1.2233166	9.9120731	14.321129
1.6765263	1.2217057	9.9087095	14.333472
1.6734078	1.2175176	9.911232	14.349928
1.6796449	1.216229	9.9103909	14.3417
1.6780856	1.2229943	9.9095497	14.333472
1.6796449	1.2171954	9.911232	14.325244
1.6749671	1.2178397	9.9095497	14.329357
1.6671708	1.2255716	9.9087095	14.345813
1.6734078	1.2416798	9.9095497	14.354041
1.6796449	1.2307262	9.9078684	14.3417
1.6702893	1.2294376	9.9095497	14.333472
1.6780856	1.208497	9.9103909	14.308787
1.6765263	1.2146181	9.9087095	14.317016
1.6702893	1.2310483	9.9095497	14.329357
1.6718485	1.230404	9.9095497	14.349928
1.6765263	1.2407132	9.9103909	14.308787
1.6734078	1.2374916	9.9103909	14.308787
1.6749671	1.2413576	9.9087095	14.345813
1.6749671	1.2255716	9.9078684	14.312901
1.6749671	1.2178397	9.9120731	14.325244
1.6734078	1.2229943	9.9095497	14.3417
1.6718485	1.2175176	9.9087095	14.333472
1.6734078	1.22235	9.9103909	14.349928
1.6780856	1.2191284	9.9103909	14.329357
1.6702893	1.2236387	9.9087095	14.3417
1.6702893	1.2159067	9.9087095	14.358156
1.6702893	1.2249273	9.9103909	14.321129
1.6765263	1.2352365	9.9095497	14.3417
1.6765263	1.2300819	9.9095497	14.308787
1.6718485	1.2436128	9.9078684	14.312901
1.6734078	1.2268603	9.9087095	14.30056
1.6765263	1.2403911	9.9103909	14.304673
1.6765263	1.2355586	9.9095497	14.308787
1.6702893	1.2297598	9.911232	14.30056
1.6765263	1.220417	9.9087095	14.321129
1.6765263	1.2188063	9.9087095	14.349928
1.6780856	1.2236387	9.9087095	14.329357
1.6671708	1.2178397	9.9095497	14.321129
1.6718485	1.2275046	9.9095497	14.337585
1.6749671	1.218484	9.9095497	14.308787
1.6702893	1.220417	9.9087095	14.304673
1.66873	1.2117187	9.9120731	14.296445
1.6718485	1.218484	9.911232	14.333472
1.6702893	1.2200949	9.9095497	14.3417
1.6749671	1.226216	9.9103909	14.3417
1.6780856	1.2278268	9.9095497	14.321129
1.6765263	1.2339479	9.9095497	14.312901
1.6780856	1.2333035	9.9095497	14.321129
1.6765263	1.2326592	9.911232	14.325244
1.6718485	1.2297598	9.9078684	14.312901
1.6718485	1.2378138	9.9095497	14.337585
1.6734078	1.2197727	9.9087095	14.312901
1.6702893	1.2200949	9.9087095	14.3417
1.6765263	1.2010872	9.9095497	14.325244
1.6749671	1.1997986	9.9103909	14.349928
1.6780856	1.2233166	9.9103909	14.354041
1.6780856	1.2236387	9.911232	14.3417
1.6765263	1.2275046	9.9095497	14.325244
1.6718485	1.2068862	9.9095497	14.304673
1.6702893	1.2175176	9.911232	14.30056
1.6734078	1.2345922	9.911232	14.329357
1.6749671	1.2249273	9.9103909	14.312901
1.6734078	1.2265382	9.911232	14.30056
1.6765263	1.2281489	9.9103909	14.312901
1.6718485	1.2374916	9.9103909	14.288217
1.6749671	1.2200949	9.9103909	14.321129
1.6780856	1.2229943	9.911232	14.308787
1.6765263	1.2181619	9.9087095	14.312901
1.6749671	1.2233166	9.9103909	14.30056
1.6749671	1.2284712	9.9095497	14.325244
1.6749671	1.2194506	9.9087095	14.292332
1.6765263	1.2252495	9.9087095	14.30056
1.6765263	1.2271825	9.9087095	14.312901
1.6780856	1.2217057	9.9087095	14.292332
1.6765263	1.2200949	9.9078684	14.304673
1.6734078	1.2097857	9.9095497	14.288217
1.6765263	1.2117187	9.9087095	14.30056
1.6749671	1.22235	9.9087095	14.317016
1.6749671	1.2139738	9.9095497	14.30056
1.6734078	1.2423241	9.9103909	14.325244
1.6734078	1.2497338	9.9095497	14.329357
1.6734078	1.2442571	9.9095497	14.296445
1.6749671	1.2400689	9.9087095	14.312901
1.6765263	1.2339479	9.9095497	14.317016
1.6718485	1.2281489	9.911232	14.30056
1.6718485	1.2307262	9.9087095	14.337585
1.6749671	1.2281489	9.9087095	14.337585
1.6702893	1.2268603	9.9103909	14.3417
1.6765263	1.2313706	9.9095497	14.329357
1.6718485	1.2255716	9.9095497	14.292332
1.6718485	1.2355586	9.911232	14.325244
1.6749671	1.2271825	9.9061871	14.321129
1.6749671	1.2358809	9.911232	14.308787
1.6734078	1.2384582	9.9103909	14.308787
1.6749671	1.2381359	9.9103909	14.337585
1.6734078	1.226216	9.9103909	14.321129
1.6734078	1.2194506	9.911232	14.30056
1.6718485	1.2310483	9.9103909	14.304673
1.6702893	1.2249273	9.9095497	14.321129
1.6765263	1.2217057	9.9103909	14.312901
1.6718485	1.2287933	9.9078684	14.337585
1.6796449	1.2391025	9.9103909	14.366385
1.6765263	1.2394246	9.911232	14.333472
1.6765263	1.2252495	9.9095497	14.317016
1.6702893	1.2233166	9.911232	14.312901
1.6734078	1.2275046	9.9087095	14.349928
1.6765263	1.2210613	9.9129133	14.317016
1.6765263	1.2191284	9.9095497	14.325244
1.6765263	1.2210613	9.9103909	14.325244
1.6765263	1.2226722	9.9095497	14.304673
1.6734078	1.2229943	9.9095497	14.325244
1.6734078	1.2336257	9.9095497	14.333472
1.6702893	1.2503781	9.9095497	14.366385
1.6749671	1.2423241	9.9087095	14.317016
1.6749671	1.2449014	9.9095497	14.325244
1.66873	1.2265382	9.9129133	14.30056
1.6734078	1.2194506	9.9120731	14.325244
1.6765263	1.2088192	9.9095497	14.308787
1.6765263	1.2191284	9.9087095	14.333472
1.66873	1.2097857	9.9070272	14.325244
1.6796449	1.2059197	9.9087095	14.312901
1.6734078	1.2062418	9.9095497	14.296445
1.6749671	1.2078527	9.911232	14.317016
1.6749671	1.2213836	9.911232	14.333472
1.6765263	1.2133294	9.9095497	14.292332
1.6702893	1.2120408	9.9087095	14.317016
1.6718485	1.2255716	9.9087095	14.3417
1.6749671	1.2416798	9.9095497	14.345813
1.6702893	1.2255716	9.911232	14.296445
1.6718485	1.2133294	9.9087095	14.296445
1.6734078	1.2258939	9.9078684	14.345813
1.66873	1.2136517	9.9095497	14.308787
1.6718485	1.2168733	9.9087095	14.304673
1.6765263	1.2043089	9.9095497	14.308787
1.6749671	1.2094635	9.911232	14.325244
1.6749671	1.2120408	9.9103909	14.333472
1.6780856	1.2152624	9.9120731	14.317016
1.6780856	1.2307262	9.9095497	14.345813
1.6765263	1.2278268	9.9087095	14.333472
1.6780856	1.2014095	9.9095497	14.312901
1.6749671	1.2101078	9.9095497	14.321129
1.6765263	1.2101078	9.9087095	14.345813
1.6702893	1.2217057	9.9103909	14.317016
1.6718485	1.2233166	9.911232	14.333472
1.6765263	1.2287933	9.9087095	14.321129
1.6765263	1.2416798	9.911232	14.3417
1.6718485	1.2403911	9.9103909	14.321129
1.6765263	1.2284712	9.9087095	14.304673
1.6765263	1.2197727	9.9087095	14.304673
1.6749671	1.2271825	9.9095497	14.308787
1.6780856	1.2126851	9.9129133	14.292332
1.6734078	1.2117187	9.911232	14.30056
1.6718485	1.2020538	9.9095497	14.333472
1.6718485	1.2049532	9.9103909	14.312901
1.6640522	1.2175176	9.9087095	14.325244
1.6765263	1.2055975	9.9095497	14.312901
1.6749671	1.2191284	9.9095497	14.312901
1.6702893	1.2065641	9.9095497	14.288217
1.6734078	1.2072084	9.9078684	14.296445
1.6734078	1.2139738	9.911232	14.30056
1.6734078	1.2252495	9.9103909	14.321129
1.6796449	1.2246052	9.9103909	14.321129
1.66873	1.2275046	9.9095497	14.3417
1.66873	1.2400689	9.911232	14.354041
1.6749671	1.2300819	9.9095497	14.317016
1.6749671	1.2217057	9.9095497	14.292332
1.6671708	1.2275046	9.9095497	14.321129
1.6734078	1.224283	9.9095497	14.321129
1.6734078	1.2265382	9.9087095	14.337585
1.66873	1.2333035	9.9120731	14.3417
1.6765263	1.224283	9.9120731	14.3417
1.6671708	1.2152624	9.911232	14.317016
1.6734078	1.2065641	9.9103909	14.308787
1.6702893	1.2287933	9.9087095	14.325244
1.6780856	1.230404	9.9095497	14.337585
1.6718485	1.218484	9.9095497	14.30056
1.6749671	1.2136517	9.911232	14.312901
1.6765263	1.2159067	9.9103909	14.312901
1.6734078	1.2246052	9.9087095	14.325244
1.6734078	1.2246052	9.9078684	14.325244
1.6734078	1.2236387	9.9095497	14.304673
1.6780856	1.21043	9.9103909	14.329357
1.6749671	1.2197727	9.9095497	14.304673
1.6749671	1.2207392	9.9078684	14.317016
1.6765263	1.2078527	9.9087095	14.308787
1.66873	1.2265382	9.9095497	14.337585
1.6734078	1.2165511	9.9095497	14.308787
1.6765263	1.2297598	9.9103909	14.325244
1.6734078	1.2052754	9.9087095	14.292332
1.6734078	1.2046311	9.9095497	14.284103
1.6640522	1.2136517	9.9095497	14.317016
1.6765263	1.2065641	9.9120731	14.284103
1.6765263	1.1917446	9.911232	14.279989
1.6718485	1.2007651	9.9095497	14.304673
1.6671708	1.2030202	9.911232	14.325244
1.6734078	1.214296	9.911232	14.321129
1.6749671	1.2281489	9.9103909	14.321129
1.6718485	1.2300819	9.9095497	14.312901
1.6734078	1.2349143	9.9095497	14.308787
1.66873	1.2255716	9.9095497	14.321129
1.6749671	1.2126851	9.9095497	14.296445
1.6718485	1.2097857	9.911232	14.325244
1.6718485	1.2052754	9.9103909	14.308787
1.6718485	1.2068862	9.911232	14.321129
1.6702893	1.2059197	9.9095497	14.325244
1.6656115	1.2094635	9.9103909	14.321129
1.66873	1.1956105	9.9103909	14.284103
1.6702893	1.2188063	9.9103909	14.325244
1.6749671	1.2065641	9.911232	14.308787
1.6702893	1.2236387	9.911232	14.317016
1.6702893	1.2217057	9.9103909	14.337585
1.6718485	1.218484	9.9078684	14.325244
1.6718485	1.2291155	9.9095497	14.3417
1.6734078	1.2339479	9.9087095	14.333472
1.6780856	1.2400689	9.9095497	14.329357
1.6734078	1.218484	9.9095497	14.30056
1.6734078	1.2117187	9.911232	14.308787
1.6734078	1.2168733	9.9087095	14.337585
1.66873	1.232337	9.911232	14.3417
1.6702893	1.2316927	9.9078684	14.312901
1.66873	1.2097857	9.911232	14.304673
1.6718485	1.2188063	9.9087095	14.333472
1.6702893	1.218484	9.9103909	14.325244
1.6734078	1.2126851	9.9095497	14.284103
1.6702893	1.2210613	9.9103909	14.312901
1.6718485	1.2246052	9.911232	14.321129
1.66873	1.2097857	9.9087095	14.308787
1.6765263	1.2088192	9.9095497	14.325244
1.66873	1.2355586	9.9095497	14.366385
1.66873	1.2336257	9.9070272	14.333472
1.6734078	1.2355586	9.911232	14.3417
1.66873	1.2394246	9.9095497	14.329357
1.6671708	1.251989	9.911232	14.345813
1.6734078	1.2436128	9.9087095	14.304673
1.6734078	1.2310483	9.9095497	14.312901
1.6749671	1.2284712	9.9087095	14.345813
1.6702893	1.2297598	9.911232	14.329357
1.6749671	1.2300819	9.9095497	14.329357
1.6656115	1.2039868	9.911232	14.30056
1.6718485	1.2091414	9.9095497	14.3417
1.6702893	1.2146181	9.9087095	14.30056
1.6765263	1.2349143	9.9095497	14.349928
1.6780856	1.2226722	9.9087095	14.312901
1.6702893	1.2275046	9.9095497	14.325244
1.6718485	1.2284712	9.9103909	14.312901
1.6749671	1.2152624	9.9087095	14.304673
1.6780856	1.236203	9.9103909	14.333472
1.6765263	1.220417	9.9095497	14.304673
1.6718485	1.2175176	9.911232	14.288217
1.6718485	1.2149403	9.9103909	14.288217
1.6734078	1.2152624	9.911232	14.312901
1.6749671	1.2036645	9.9120731	14.30056
1.6734078	1.1952883	9.9103909	14.329357
1.6702893	1.18659	9.9103909	14.30056
1.6718485	1.2020538	9.9103909	14.312901
1.6734078	1.2055975	9.9095497	14.296445
1.6734078	1.2059197	9.9103909	14.292332
1.6671708	1.1994765	9.9120731	14.30056
1.6718485	1.2146181	9.9103909	14.329357
1.6718485	1.2113965	9.911232	14.30056
1.6780856	1.2213836	9.911232	14.329357
1.6734078	1.2210613	9.911232	14.3417
1.6749671	1.2168733	9.9103909	14.312901
1.6702893	1.226216	9.9103909	14.337585
1.6734078	1.2313706	9.9103909	14.317016
1.6702893	1.224283	9.9095497	14.312901
1.6656115	1.2097857	9.9095497	14.296445
1.6702893	1.2249273	9.9095497	14.321129
1.6796449	1.2371695	9.9087095	14.386953
1.6765263	1.2400689	9.9120731	14.362269
1.6780856	1.2181619	9.9103909	14.312901
1.6765263	1.2139738	9.9103909	14.317016
1.6718485	1.216229	9.911232	14.325244
1.6718485	1.2110744	9.9087095	14.308787
1.6749671	1.2200949	9.9078684	14.3417
1.6749671	1.2281489	9.9103909	14.349928
1.6734078	1.2436128	9.9095497	14.345813
1.6718485	1.2355586	9.9095497	14.337585
1.6765263	1.22235	9.9103909	14.329357
1.6671708	1.2313706	9.9078684	14.358156
1.6718485	1.2316927	9.9095497	14.329357
1.6749671	1.2236387	9.9095497	14.329357
1.6671708	1.2233166	9.9103909	14.333472
1.6749671	1.2249273	9.9087095	14.317016
1.6780856	1.2307262	9.9087095	14.329357
1.6780856	1.218484	9.911232	14.321129
1.6765263	1.2397468	9.911232	14.386953
1.6734078	1.2407132	9.9103909	14.333472
1.6671708	1.2136517	9.9087095	14.296445
1.6765263	1.2081748	9.9103909	14.308787
1.6765263	1.216229	9.9095497	14.354041
1.6702893	1.226216	9.911232	14.358156
1.6702893	1.2249273	9.9103909	14.3417
1.6765263	1.2278268	9.9095497	14.349928
1.6796449	1.2403911	9.9095497	14.345813
1.6734078	1.2484452	9.9070272	14.354041
1.6718485	1.2426462	9.911232	14.329357
1.6765263	1.2210613	9.9120731	14.325244
1.6749671	1.214296	9.9095497	14.304673
1.6749671	1.2271825	9.9078684	14.321129
1.6812042	1.2278268	9.9070272	14.333472
1.6702893	1.218484	9.9103909	14.317016
1.6718485	1.2220279	9.9095497	14.329357
1.6718485	1.2391025	9.9095497	14.354041
1.6718485	1.2310483	9.9103909	14.312901
1.6734078	1.2072084	9.9095497	14.296445
1.66873	1.2081748	9.9103909	14.312901
1.66873	1.2252495	9.9087095	14.312901
1.6718485	1.2146181	9.9103909	14.329357
1.6702893	1.216229	9.911232	14.317016
1.66873	1.2117187	9.9103909	14.325244
1.6734078	1.2171954	9.9095497	14.317016
1.6702893	1.2200949	9.9095497	14.30056
1.6749671	1.2300819	9.911232	14.308787
1.6734078	1.2426462	9.9095497	14.317016
1.66873	1.2297598	9.9103909	14.292332
1.6734078	1.2191284	9.9095497	14.296445
1.6734078	1.2255716	9.9095497	14.308787
1.6734078	1.22235	9.9087095	14.317016
1.6734078	1.224283	9.911232	14.325244
1.6749671	1.2220279	9.9095497	14.308787
1.6702893	1.2287933	9.9103909	14.3417
1.6812042	1.2213836	9.9103909	14.325244
1.6734078	1.2246052	9.911232	14.317016
1.6734078	1.2175176	9.9095497	14.308787
1.6749671	1.2146181	9.9078684	14.304673
1.6765263	1.2313706	9.9120731	14.354041
1.6749671	1.2117187	9.911232	14.292332
1.6749671	1.2146181	9.9095497	14.333472
1.6749671	1.2271825	9.911232	14.337585
1.6749671	1.2397468	9.9103909	14.337585
1.6749671	1.2378138	9.9095497	14.312901
1.6671708	1.232337	9.911232	14.329357
1.6734078	1.2300819	9.9078684	14.296445
1.6734078	1.2352365	9.9103909	14.317016
1.6765263	1.2384582	9.9103909	14.337585
1.6718485	1.2294376	9.911232	14.3417
1.6765263	1.21043	9.9103909	14.337585
1.6718485	1.2236387	9.9095497	14.321129
1.6702893	1.216229	9.9103909	14.288217
1.6765263	1.2004429	9.9087095	14.304673
1.6734078	1.2101078	9.9095497	14.308787
1.6718485	1.2133294	9.9087095	14.321129
1.6702893	1.2252495	9.9070272	14.317016
1.6734078	1.2213836	9.911232	14.345813
1.6718485	1.226216	9.911232	14.312901
1.6765263	1.2255716	9.9095497	14.321129
1.6734078	1.2188063	9.9103909	14.308787
1.6734078	1.2461901	9.911232	14.358156
1.6640522	1.2316927	9.9103909	14.312901
1.6765263	1.2368473	9.9103909	14.317016
1.6765263	1.2139738	9.9095497	14.317016
1.6718485	1.2178397	9.9103909	14.312901
1.6749671	1.2326592	9.9103909	14.317016
1.6734078	1.2113965	9.9103909	14.279989
1.6749671	1.2110744	9.9078684	14.321129
1.6780856	1.1923889	9.911232	14.304673
1.6718485	1.2107521	9.9103909	14.317016
1.6765263	1.1939996	9.9103909	14.304673
1.6749671	1.2075305	9.9087095	14.321129
1.6702893	1.2233166	9.911232	14.337585
1.6734078	1.2155846	9.911232	14.325244
1.6749671	1.2333035	9.9078684	14.333472
1.6734078	1.2217057	9.9087095	14.317016
1.6734078	1.2407132	9.9103909	14.329357
1.6734078	1.2278268	9.9103909	14.288217
1.6734078	1.2384582	9.9103909	14.333472
1.6765263	1.2333035	9.9087095	14.308787
1.6734078	1.2217057	9.911232	14.296445
1.6734078	1.2126851	9.9103909	14.308787
1.6749671	1.2175176	9.911232	14.317016
1.6749671	1.2110744	9.9103909	14.308787
1.6702893	1.214296	9.9103909	14.296445
1.6765263	1.2191284	9.9103909	14.312901
1.6671708	1.2249273	9.9103909	14.317016
1.6718485	1.2229943	9.911232	14.308787
1.6702893	1.2171954	9.9095497	14.308787
1.6765263	1.2352365	9.9103909	14.3417
1.66873	1.2265382	9.9095497	14.317016
1.66873	1.2110744	9.9087095	14.321129
1.6702893	1.2207392	9.9103909	14.333472
1.6734078	1.2233166	9.9087095	14.304673
1.66873	1.2213836	9.9103909	14.308787
1.66873	1.2059197	9.9095497	14.275876
1.6656115	1.2181619	9.9103909	14.345813
1.6734078	1.2233166	9.9103909	14.333472
1.6718485	1.2271825	9.911232	14.329357
1.66873	1.214296	9.9095497	14.325244
1.6671708	1.2036645	9.9120731	14.325244
1.6702893	1.2149403	9.9078684	14.317016
1.6734078	1.2178397	9.9103909	14.337585
1.6671708	1.2088192	9.9095497	14.304673
1.6656115	1.2168733	9.9095497	14.308787
1.6718485	1.2258939	9.9103909	14.30056
1.6718485	1.2281489	9.9095497	14.325244
1.6734078	1.2268603	9.9078684	14.349928
1.6749671	1.226216	9.9103909	14.333472
1.6718485	1.2313706	9.9087095	14.325244
1.6624929	1.2297598	9.911232	14.312901
1.6702893	1.2355586	9.9103909	14.3417
1.66873	1.2246052	9.911232	14.304673
1.6749671	1.2152624	9.9078684	14.304673
1.6734078	1.2281489	9.9095497	14.354041
1.66873	1.2333035	9.9103909	14.325244
1.6718485	1.230404	9.9103909	14.308787
1.6765263	1.2265382	9.911232	14.329357
1.6702893	1.2265382	9.9095497	14.349928
1.6718485	1.2275046	9.9087095	14.333472
1.6718485	1.2358809	9.9120731	14.325244
1.6624929	1.2291155	9.9095497	14.325244
1.66873	1.2139738	9.911232	14.308787
1.6702893	1.226216	9.911232	14.321129
1.6656115	1.2200949	9.9103909	14.308787
1.6702893	1.2374916	9.9145956	14.337585
1.6718485	1.2339479	9.911232	14.333472
1.6718485	1.2442571	9.9103909	14.354041
1.6702893	1.2326592	9.9103909	14.325244
1.6749671	1.2371695	9.9095497	14.321129
1.6702893	1.2297598	9.9095497	14.325244
1.66873	1.2268603	9.9103909	14.333472
1.6702893	1.2291155	9.9103909	14.3417
1.6671708	1.2181619	9.9095497	14.325244
1.6671708	1.2200949	9.911232	14.308787
1.6734078	1.2107521	9.9103909	14.321129
1.6749671	1.2120408	9.9095497	14.325244
1.66873	1.2249273	9.9087095	14.317016
1.6765263	1.2194506	9.9103909	14.329357
1.6671708	1.2313706	9.911232	14.333472
1.66873	1.2171954	9.911232	14.30056
1.66873	1.218484	9.9087095	14.337585
1.6749671	1.2171954	9.911232	14.308787
1.66873	1.2146181	9.9103909	14.312901
1.6734078	1.220417	9.9070272	14.317016
1.6734078	1.2310483	9.911232	14.312901
1.6718485	1.2278268	9.9095497	14.325244
1.66873	1.2416798	9.911232	14.329357
1.6656115	1.2474787	9.9095497	14.354041
1.66873	1.2368473	9.9078684	14.329357
1.6718485	1.22235	9.9103909	14.312901
1.6749671	1.2181619	9.9078684	14.321129
1.6765263	1.2110744	9.9103909	14.308787
1.6702893	1.2094635	9.9095497	14.304673
1.6749671	1.2075305	9.911232	14.317016
1.6702893	1.2171954	9.9095497	14.321129
1.6734078	1.2339479	9.9103909	14.321129
1.6718485	1.23427	9.9103909	14.337585
1.6718485	1.2297598	9.9120731	14.345813
1.6718485	1.2336257	9.9103909	14.329357
1.6749671	1.2297598	9.9095497	14.304673
1.6734078	1.2287933	9.9078684	14.317016
1.6702893	1.2278268	9.9087095	14.325244
1.6718485	1.2226722	9.9095497	14.325244
1.6718485	1.2191284	9.9095497	14.312901
1.6718485	1.2191284	9.9095497	14.345813
1.6702893	1.214296	9.9103909	14.30056
1.66873	1.218484	9.911232	14.317016
1.6749671	1.2023759	9.9103909	14.308787
1.6765263	1.2233166	9.9103909	14.358156
1.6702893	1.2345922	9.9103909	14.333472
1.6718485	1.2358809	9.9087095	14.333472
1.6734078	1.224283	9.911232	14.321129
1.6718485	1.2452235	9.9095497	14.354041
1.6734078	1.2349143	9.9103909	14.325244
1.66873	1.2268603	9.9103909	14.325244
1.6718485	1.2300819	9.9103909	14.349928
1.66873	1.23427	9.911232	14.325244
1.6718485	1.2258939	9.9078684	14.312901
1.6734078	1.2300819	9.9078684	14.321129
1.6718485	1.2213836	9.9120731	14.308787
1.6718485	1.218484	9.9103909	14.317016
1.6734078	1.2294376	9.9095497	14.333472
1.6718485	1.2275046	9.9095497	14.358156
1.6702893	1.2271825	9.9095497	14.317016
1.6702893	1.2191284	9.9103909	14.312901
1.6749671	1.2152624	9.9095497	14.317016
1.6718485	1.2026981	9.911232	14.288217
1.6656115	1.196577	9.9095497	14.317016
1.6718485	1.2171954	9.9095497	14.308787
1.6749671	1.2246052	9.9103909	14.325244
1.6765263	1.2278268	9.9103909	14.321129
1.6718485	1.2265382	9.911232	14.304673
1.6718485	1.2307262	9.9095497	14.312901
1.6718485	1.2426462	9.9103909	14.3417
1.6734078	1.224283	9.9103909	14.288217
1.6671708	1.2191284	9.9129133	14.296445
1.6796449	1.2149403	9.9087095	14.292332
1.6734078	1.2178397	9.9103909	14.296445
1.6734078	1.1985099	9.911232	14.288217
1.6671708	1.2059197	9.9087095	14.317016
1.6734078	1.2020538	9.911232	14.321129
1.6780856	1.218484	9.9070272	14.312901
1.6780856	1.2226722	9.911232	14.312901
1.6734078	1.2265382	9.9095497	14.321129
1.6718485	1.2352365	9.9087095	14.329357
1.6718485	1.236203	9.9103909	14.3417
1.6734078	1.2368473	9.9078684	14.345813
1.6734078	1.2139738	9.911232	14.325244
1.6749671	1.2168733	9.9103909	14.325244
1.6749671	1.21043	9.9095497	14.30056
1.6671708	1.2255716	9.9087095	14.333472
1.6749671	1.2291155	9.9103909	14.349928
1.66873	1.2442571	9.9103909	14.349928
1.6734078	1.2461901	9.9103909	14.337585
1.6702893	1.2474787	9.9095497	14.354041
1.6702893	1.232337	9.9078684	14.354041
1.6640522	1.2275046	9.9078684	14.317016
1.6734078	1.22235	9.911232	14.329357
1.6765263	1.2126851	9.911232	14.325244
1.6734078	1.2139738	9.9095497	14.333472
1.6718485	1.2120408	9.9070272	14.317016
1.6749671	1.218484	9.9070272	14.317016
1.6765263	1.2152624	9.9103909	14.349928
1.6718485	1.2271825	9.9095497	14.312901
1.6718485	1.2336257	9.9103909	14.329357
1.6734078	1.2233166	9.9095497	14.308787
1.6765263	1.2352365	9.9103909	14.345813
1.6765263	1.232337	9.911232	14.296445
1.6718485	1.2152624	9.9087095	14.296445
1.6749671	1.2010872	9.9103909	14.312901
1.6796449	1.2113965	9.9087095	14.308787
1.66873	1.2026981	9.9087095	14.30056
1.6765263	1.2178397	9.9095497	14.325244
1.6765263	1.2133294	9.9095497	14.349928
1.6765263	1.2126851	9.9103909	14.312901
1.6624929	1.2236387	9.9103909	14.312901
1.6734078	1.2200949	9.9103909	14.308787
1.6765263	1.2252495	9.9095497	14.329357
1.6718485	1.2175176	9.911232	14.312901
1.6702893	1.2043089	9.9095497	14.292332
1.6702893	1.2078527	9.9087095	14.345813
1.6734078	1.2120408	9.9078684	14.312901
1.66873	1.2155846	9.911232	14.30056
1.6734078	1.2133294	9.9103909	14.308787
1.6702893	1.2287933	9.9087095	14.333472
1.6780856	1.2378138	9.911232	14.333472
1.6765263	1.2349143	9.9103909	14.325244
1.6702893	1.2291155	9.911232	14.321129
1.6656115	1.2220279	9.9103909	14.325244
1.6702893	1.2333035	9.9095497	14.333472
1.6749671	1.2139738	9.9120731	14.292332
1.6718485	1.2046311	9.9095497	14.312901
1.66873	1.2020538	9.9103909	14.292332
1.6656115	1.194644	9.9120731	14.292332
1.6702893	1.2165511	9.9103909	14.308787
1.6671708	1.208497	9.9095497	14.312901
1.6765263	1.224283	9.9103909	14.312901
1.6718485	1.218484	9.9103909	14.308787
1.6718485	1.2213836	9.911232	14.304673
1.6734078	1.224283	9.9095497	14.296445
1.66873	1.2333035	9.9095497	14.321129
1.6734078	1.2271825	9.9095497	14.304673
1.6734078	1.22235	9.9070272	14.337585
1.6780856	1.2284712	9.9095497	14.312901
1.6749671	1.2088192	9.9095497	14.312901
1.6749671	1.2136517	9.9095497	14.30056
1.6734078	1.2091414	9.9120731	14.317016
1.6749671	1.2075305	9.9103909	14.312901
1.66873	1.2107521	9.9095497	14.296445
1.6734078	1.2133294	9.9087095	14.312901
1.6780856	1.2213836	9.9103909	14.333472
1.66873	1.2171954	9.9087095	14.3417
1.6765263	1.2320149	9.9087095	14.345813
1.6702893	1.2287933	9.911232	14.349928
1.6656115	1.2349143	9.9103909	14.333472
1.6656115	1.2316927	9.9120731	14.345813
1.66873	1.2188063	9.9095497	14.312901
1.6718485	1.2381359	9.9087095	14.333472
1.6718485	1.2436128	9.9103909	14.321129
1.6749671	1.2294376	9.9103909	14.317016
1.6718485	1.2249273	9.911232	14.329357
1.6718485	1.2220279	9.9087095	14.317016
1.6734078	1.2336257	9.911232	14.345813
1.66873	1.2171954	9.9078684	14.337585
1.6734078	1.2181619	9.9087095	14.349928
1.6656115	1.2278268	9.9078684	14.321129
1.66873	1.2352365	9.9120731	14.292332
1.6702893	1.248123	9.9087095	14.358156
1.6702893	1.2310483	9.9103909	14.325244
1.6702893	1.2387803	9.9087095	14.3417
1.6734078	1.2420019	9.9103909	14.333472
1.6749671	1.2278268	9.9103909	14.321129
1.6734078	1.2097857	9.9103909	14.321129
1.6734078	1.216229	9.9095497	14.325244
1.6718485	1.220417	9.9120731	14.296445
1.66873	1.2181619	9.911232	14.296445
1.6702893	1.2278268	9.911232	14.317016
1.6702893	1.2300819	9.9078684	14.3417
1.6656115	1.2275046	9.911232	14.325244
1.6734078	1.2255716	9.9103909	14.308787
1.6718485	1.2165511	9.9087095	14.312901
1.6671708	1.2097857	9.911232	14.308787
1.6718485	1.2152624	9.9103909	14.354041
1.66873	1.2178397	9.9095497	14.325244
1.6640522	1.21043	9.911232	14.308787
1.66873	1.226216	9.9087095	14.329357
1.6718485	1.2181619	9.9120731	14.317016
1.6702893	1.2326592	9.9103909	14.308787
1.6749671	1.2175176	9.9103909	14.321129
1.6718485	1.2316927	9.9103909	14.333472
1.6718485	1.212363	9.9095497	14.30056
1.6671708	1.2110744	9.911232	14.30056
1.6718485	1.2033424	9.9103909	14.304673
1.6734078	1.2133294	9.9103909	14.345813
1.6749671	1.2300819	9.9078684	14.329357
1.6702893	1.2197727	9.9129133	14.321129
1.6765263	1.22235	9.9087095	14.325244
1.6765263	1.2236387	9.9095497	14.325244
1.6749671	1.2268603	9.911232	14.30056
1.6702893	1.218484	9.9087095	14.296445
1.6734078	1.2249273	9.9103909	14.337585
1.6702893	1.2358809	9.9095497	14.337585
1.6702893	1.2297598	9.9095497	14.333472
1.6734078	1.2420019	9.9095497	14.325244
1.6749671	1.2313706	9.9078684	14.292332
1.6702893	1.2329813	9.9129133	14.308787
1.6702893	1.2268603	9.9095497	14.317016
1.6640522	1.2191284	9.911232	14.304673
1.6702893	1.2287933	9.9095497	14.321129
1.6671708	1.2281489	9.9095497	14.308787
1.66873	1.218484	9.9078684	14.308787
1.66873	1.2072084	9.9103909	14.317016
1.6671708	1.2246052	9.9095497	14.321129
1.6718485	1.2300819	9.9095497	14.317016
1.6718485	1.2149403	9.9103909	14.312901
1.6702893	1.2113965	9.9095497	14.329357
1.6765263	1.214296	9.9078684	14.333472
1.6749671	1.2268603	9.911232	14.349928
1.6702893	1.2178397	9.9095497	14.362269
1.6765263	1.2165511	9.9103909	14.329357
1.6702893	1.2175176	9.9087095	14.345813
1.6749671	1.2287933	9.9095497	14.325244
1.6734078	1.2249273	9.9095497	14.358156
1.6702893	1.2310483	9.9103909	14.345813
1.6734078	1.2329813	9.9095497	14.349928
1.6718485	1.2397468	9.9087095	14.325244
1.6640522	1.2487674	9.9078684	14.349928
1.6749671	1.2365252	9.9103909	14.317016
1.66873	1.2384582	9.9095497	14.3417
1.66873	1.2249273	9.9103909	14.3417
1.6718485	1.2197727	9.9095497	14.308787
1.6718485	1.2101078	9.9095497	14.333472
1.6749671	1.2107521	9.9095497	14.312901
1.6671708	1.2094635	9.9087095	14.317016
1.6718485	1.2226722	9.9087095	14.325244
1.6640522	1.2287933	9.9103909	14.317016
1.6624929	1.2326592	9.9095497	14.312901
1.6702893	1.2229943	9.9103909	14.308787
1.6702893	1.2168733	9.9103909	14.304673
1.6656115	1.2146181	9.9087095	14.308787
1.6718485	1.2165511	9.9103909	14.296445
1.6702893	1.2120408	9.9095497	14.308787
1.6749671	1.2120408	9.911232	14.312901
1.6656115	1.1972213	9.911232	14.30056
1.6796449	1.2126851	9.911232	14.308787
1.6702893	1.2059197	9.9103909	14.329357
1.6734078	1.214296	9.911232	14.337585
1.6702893	1.2200949	9.9103909	14.337585
1.66873	1.2320149	9.9103909	14.337585
1.6749671	1.23427	9.9078684	14.354041
1.6656115	1.2268603	9.9070272	14.337585
1.6671708	1.2126851	9.911232	14.325244
1.6656115	1.2287933	9.9070272	14.349928
1.6702893	1.2336257	9.911232	14.3417
1.66873	1.2275046	9.9103909	14.317016
1.6718485	1.220417	9.911232	14.308787
1.66873	1.2236387	9.9095497	14.321129
1.6749671	1.2355586	9.911232	14.321129
1.6890004	1.2271825	9.9103909	14.358156
1.7295413	1.208497	9.9078684	14.30056
1.8137418	1.2059197	9.9011421	14.321129
1.9556348	1.2049532	9.8927336	14.275876
2.1536617	1.2065641	9.8775978	14.255304
2.3953481	1.2126851	9.862463	14.214165
2.6697788	1.2188063	9.8422813	14.210052
2.9457693	1.2146181	9.8237839	14.12777
3.2498262	1.2217057	9.8128519	14.074287
3.5460868	1.2110744	9.8002396	14.008463
3.8657367	1.1933553	9.7926722	13.971437
4.2352829	1.1811131	9.7859449	13.917954
4.5923553	1.1904559	9.7792177	13.852131
5.0133576	1.1849791	9.769969	13.786306
5.4203267	1.1811131	9.7598782	13.72871
5.867837	1.1820797	9.7514706	13.695798
6.3262615	1.1688709	9.743062	13.605289
6.7535014	1.1637163	9.7346525	13.560036
7.1058965	1.1656493	9.7354946	13.547692
7.6376076	1.161139	9.7363348	13.481869
8.0289841	1.1476082	9.7329712	13.444843
8.4811726	1.1498634	9.732131	13.420158
8.9910536	1.151152	9.7287674	13.37079
9.4354467	1.1366546	9.7245626	13.309079
9.89855	1.135366	9.7220411	13.24737
10.352298	1.1199023	9.7237225	13.193887
10.823198	1.1160363	9.7220411	13.148633
11.314369	1.1292449	9.7220411	13.111608
11.775914	1.1237682	9.7186766	13.082808
12.267086	1.1160363	9.7186766	13.041669
12.725512	1.1289227	9.7178364	13.000528
13.187057	1.1269897	9.7186766	12.942932
13.657957	1.1244124	9.7178364	12.926476
14.111708	1.1302114	9.7195177	12.901792
14.565456	1.1118481	9.7220411	12.840082
15.023883	1.1070157	9.7220411	12.831854
15.477633	1.1089487	9.7237225	12.798943
15.911112	1.0983173	9.7237225	12.76603
16.346151	1.0992838	9.7270851	12.745459
16.757799	1.0886524	9.7287674	12.679635
17.171009	1.081887	9.7346525	12.65495
17.579538	1.0851086	9.7388573	12.634381
17.972477	1.0725442	9.7413797	12.593241
18.371653	1.0696448	9.7447433	12.560328
18.759914	1.0760881	9.7455845	12.556214
19.124784	1.0741551	9.7506294	12.527416
19.489656	1.0741551	9.7548342	12.49039
19.845173	1.0718999	9.7598782	12.486277
20.186655	1.085753	9.7607193	12.457478
20.518782	1.0709335	9.764924	12.416337
20.832197	1.0718999	9.769969	12.416337
21.04426	1.0744772	9.7666054	12.432794
21.162766	1.0722221	9.7472658	12.399881
21.184597	1.0805984	9.7220411	12.38754
21.111309	1.0751215	9.6858835	12.346399
21.000599	1.0728664	9.6514091	12.334057
20.897688	1.062235	9.6186161	12.284689
20.844671	1.0725442	9.5933905	12.301145
20.858706	1.0680339	9.5723696	12.280575
20.916399	1.0767324	9.5547113	12.247663
20.988125	1.0793097	9.5370531	12.243548
21.039581	1.0709335	9.5151911	12.19418
21.056734	1.0767324	9.4891243	12.19418
21.041142	1.0667453	9.4588547	12.140698
21.002159	1.0654566	9.4294243	12.13247
20.967855	1.0802761	9.3957901	12.124243
20.93511	1.0690005	9.3688831	12.111901
20.93355	1.0586913	9.3402939	12.078989
20.941347	1.0606242	9.3150692	12.062532
20.960058	1.050315	9.2915249	12.05019
20.986568	1.0451604	9.2654581	12.000822
20.999043	1.0329182	9.2385511	11.976137
20.999043	1.0406501	9.2091217	11.96791
20.995922	1.0474155	9.1746464	11.955568
20.978769	1.0290523	9.1468983	11.889744
20.969416	1.0412945	9.118309	11.881516
20.9585	1.0406501	9.0897207	11.869173
20.964737	1.0216426	9.0594501	11.832148
20.98189	1.0284079	9.0325432	11.819805
20.98033	1.0429053	9.0014315	11.823919
20.98189	1.0255085	8.9703197	11.799235
20.970974	1.0313075	8.9425726	11.770436
20.966295	1.0400058	8.9097786	11.749867
20.970974	1.0255085	8.8811903	11.737524
20.972534	1.0290523	8.8509197	11.729296
20.972534	1.0300188	8.8248529	11.700499
20.98033	1.0174544	8.7912188	11.663472
20.98189	1.0197096	8.7626305	11.655244
20.985008	1.026475	8.7306776	11.634674
20.985008	1.0113333	8.700407	11.589419
20.975651	0.99232572	8.6692953	11.556508
20.977211	1.0010241	8.6373434	11.572964
20.972534	1.0084338	8.6053915	11.519482
20.963177	1.0200317	8.5734386	11.540051
20.967855	1.0216426	8.5423269	11.494798
20.966295	1.0135884	8.5112162	11.437201
20.975651	1.0113333	8.4792633	11.44543
20.975651	1.0135884	8.4464703	11.412518
20.988125	1.020676	8.4153595	11.408403
20.991243	1.0113333	8.3834066	11.342579
20.988125	1.0003798	8.34725	11.326122
20.977211	1.0013462	8.3144569	11.326122
20.963177	1.008756	8.2808237	11.297324
20.960058	0.97879487	8.2455072	11.256185
20.960058	0.98169434	8.2127142	11.27264
20.960058	0.9794392	8.1816025	11.239728
20.975651	0.96880782	8.1488094	11.19036
20.983448	0.98008353	8.1126528	11.19036
20.98189	0.98781544	8.0773382	11.153334
20.977211	0.98105001	8.0445442	11.173903
20.977211	0.97847271	8.0117512	11.099852
20.969416	0.97621757	7.9739132	11.087509
20.966295	0.97396243	7.9419613	11.083395
20.966295	0.96751916	7.907486	11.04637
20.969416	0.96429753	7.8730116	11.034027
20.978769	0.96268672	7.8393769	11.017571
20.972534	0.95720994	7.8049026	10.972317
20.978769	0.95624346	7.7679052	10.968203
20.975651	0.95882076	7.7359529	10.951747
20.972534	0.95656562	7.6989555	10.918836
20.972534	0.95720994	7.6644807	10.931177
20.978769	0.95205534	7.6308465	10.869467
20.974092	0.95753211	7.5946903	10.857125
20.972534	0.94206834	7.557693	10.811871
20.970974	0.93433642	7.522377	10.811871
20.970974	0.93949103	7.4870615	10.778958
20.967855	0.94400132	7.4542689	10.75016
20.972534	0.93175912	7.4181123	10.737818
20.98033	0.92789316	7.3819556	10.692564
20.975651	0.94722295	7.3466401	10.700792
20.98033	0.94690078	7.3104835	10.647309
20.98033	0.9398132	7.2751675	10.643196
20.972534	0.94303483	7.2390108	10.618511
20.974092	0.93755805	7.202014	10.569143
20.966295	0.93465859	7.1650167	10.544459
20.969416	0.92531586	7.12886	10.544459
20.970974	0.93111479	7.093544	10.511547
20.970974	0.93659157	7.0557065	10.511547
20.975651	0.91693962	7.022913	10.462178
20.975651	0.92660451	6.9842339	10.437494
20.975651	0.9301483	6.947237	10.416924
20.974092	0.91887259	6.9127622	10.379898
20.970974	0.92112774	6.8749237	10.359328
20.975651	0.92596018	6.8379264	10.359328
20.970974	0.92628235	6.8000884	10.367557
20.974092	0.92467153	6.7639322	10.322302
20.966295	0.90276444	6.7269344	10.285275
20.974092	0.90340877	6.6882558	10.281161
20.974092	0.9066304	6.6537805	10.260592
20.974092	0.9030866	6.6184654	10.223566
20.98189	0.90501958	6.578105	10.18654
20.967855	0.90340877	6.5419483	10.182425
20.969416	0.89116663	6.5041099	10.161856
20.970974	0.91146284	6.4671125	10.157742
20.972534	0.91242933	6.4301152	10.112488
20.975651	0.90501958	6.3897548	10.079576
20.977211	0.90824121	6.3544388	10.08369
20.977211	0.89599907	6.3174415	10.013751
20.974092	0.8966434	6.279604	10.021979
20.974092	0.89471042	6.241765	9.9931812
20.969416	0.88697851	6.20645	9.9684963
20.964737	0.88375688	6.1669302	9.9520407
20.967855	0.87892443	6.1324549	9.9026728
20.974092	0.86861521	6.0920944	9.8779879
20.972534	0.8818239	6.0567794	9.8738737
20.970974	0.86636007	6.0214634	9.82862
20.975651	0.85830599	5.9819436	9.7833652
20.974092	0.8782801	5.943264	9.8368483
20.970974	0.87666929	5.9054265	9.7915936
20.970974	0.85315138	5.8701105	9.7381115
20.966295	0.86281627	5.8331132	9.725769
20.972534	0.8608833	5.7944345	9.7093134
20.969416	0.84509736	5.7582784	9.6681728
20.972534	0.86474925	5.7229624	9.6764011
20.975651	0.86217195	5.6851244	9.6311464
20.972534	0.85379571	5.6464453	9.6229191
20.974092	0.86313844	5.609448	9.6188059
20.967855	0.8512184	5.5724506	9.569437
20.970974	0.84380871	5.5337715	9.5858936
20.966295	0.83962059	5.4976158	9.5241833
20.967855	0.85282922	5.4597774	9.5036125
20.966295	0.83994275	5.4244618	9.4830427
20.966295	0.83575463	5.3874645	9.4665871
20.974092	0.8473525	5.3496261	9.4460163
20.977211	0.83221084	5.3134699	9.4007626
20.975651	0.83349949	5.2747912	9.4131041
20.972534	0.83285517	5.2386346	9.3637362
20.970974	0.82673407	5.1999555	9.3390522
20.961617	0.82512325	5.1629586	9.3308239
20.967855	0.82608974	5.1259608	9.3184814
20.963177	0.82480109	5.0881228	9.2773418
20.966295	0.81610268	5.051126	9.2732277
20.963177	0.82705623	5.0141282	9.2526579
20.974092	0.82770056	4.9771309	9.203289
20.974092	0.82254595	4.9409747	9.1868334
20.967855	0.83188868	4.9031367	9.1868334
20.964737	0.83800977	4.8686619	9.149807
20.972534	0.83156651	4.8316646	9.1127806
20.972534	0.83639896	4.7938266	9.1127806
20.972534	0.82351243	4.7593517	9.0675268
20.967855	0.82351243	4.7215142	9.0428429
20.967855	0.82802272	4.6870394	9.0387287
20.963177	0.83124435	4.6500421	9.0305014
20.967855	0.82802272	4.6147265	9.0099306
20.970974	0.82705623	4.5777292	8.9893608
20.970974	0.8202908	4.5424137	8.9564486
20.972534	0.8090151	4.5054164	8.968791
20.967855	0.80804861	4.4701009	8.9482203
20.967855	0.8016054	4.435626	8.8947382
20.974092	0.8054713	4.4019923	8.8823957
20.970974	0.80224973	4.3616319	8.8700542
20.972534	0.8141697	4.3288383	8.8577118
20.969416	0.79355133	4.2935228	8.812458
20.969416	0.79097402	4.2573667	8.8001156
20.966295	0.79999459	4.2212105	8.7918873
20.963177	0.79258484	4.185895	8.7507477
20.961617	0.7867859	4.1514201	8.7260637
20.966295	0.79451782	4.1161046	8.7342911
20.964737	0.78904104	4.0799484	8.7342911
20.967855	0.78775239	4.0488367	8.705493
20.966295	0.79258484	4.0135212	8.6972656
20.966295	0.78388643	3.9765241	8.6478968
20.969416	0.78195345	3.9437313	8.6396685
20.967855	0.78356427	3.9100974	8.602643
20.963177	0.77293289	3.8756225	8.5903006
20.963177	0.76520097	3.8428297	8.5779581
20.966295	0.76455665	3.8100367	8.5450459
20.974092	0.7719664	3.7764027	8.5368185
20.970974	0.7623015	3.7419283	8.4956789
20.969416	0.77325505	3.7099762	8.4997921
20.975651	0.76326799	3.6746607	8.4545383
20.964737	0.76874477	3.6393452	8.4339685
20.963177	0.77228856	3.607393	8.4339685
20.960058	0.78002048	3.5737591	8.3969421
20.9585	0.77840966	3.5401254	8.4257402
20.963177	0.75167018	3.5090139	8.3846006
20.967855	0.7745437	3.4770617	8.4380827
20.963177	0.76616746	3.4451096	8.3846006
20.963177	0.75392532	3.4123168	8.3516884
20.966295	0.76359016	3.3786829	8.3228903
20.966295	0.75811344	3.3500941	8.3434601
20.961617	0.75392532	3.3164604	8.2694073
20.966295	0.75295883	3.2853489	8.2652931
20.966295	0.7436161	3.2559195	8.2570658
20.955381	0.74264961	3.2256491	8.236495
20.950703	0.73975015	3.1945379	8.2118111
20.960058	0.74007231	3.1625857	8.1912413
20.966295	0.72493064	3.1331561	8.1994696
20.969416	0.72944093	3.1028855	8.1706715
20.966295	0.74007231	3.0709333	8.1706715
20.961617	0.72944093	3.0431857	8.1130743
20.963177	0.73137391	3.0129151	8.1213026
20.967855	0.72911876	2.9834855	8.1171885
20.961617	0.72364199	2.9532151	8.1007328
20.970974	0.72654146	2.9246266	8.1007328
20.969416	0.71172202	2.8951969	8.0225658
20.966295	0.70173496	2.8657675	8.0349083
20.970974	0.71075553	2.8388603	8.02668
20.960058	0.72847444	2.812794	8.0349083
20.961617	0.72525281	2.7808418	8.0061102
20.961617	0.73685068	2.7539346	8.001996
20.966295	0.74554908	2.7245052	7.9896541
20.961617	0.71172202	2.6984391	7.9361725
20.960058	0.7287966	2.6715322	7.9361725
20.960058	0.73910582	2.643784	7.9197164
20.964737	0.72331983	2.617718	7.9073744
20.955381	0.72299767	2.5924926	7.9073744
20.964737	0.73137391	2.5647447	7.9156022
20.967855	0.71204418	2.5403602	7.8909183
20.964737	0.72074252	2.5134532	7.8950324
20.972534	0.71236634	2.4873869	7.858006
20.972534	0.70012414	2.46048	7.8415499
20.960058	0.71043336	2.4344139	7.8497782
20.961617	0.70076847	2.4091885	7.8127518
20.9585	0.69142574	2.3839631	7.7962956
20.961617	0.70270145	2.3595786	7.7880678
20.960058	0.6917479	2.336035	7.7962956
20.961617	0.69593602	2.3108096	7.7716117
20.964737	0.69980198	2.287266	7.7551556
20.964737	0.70560092	2.2645631	7.7304711
20.961617	0.7039901	2.2393377	7.7222433
20.966295	0.69561386	2.216635	7.6934452
20.966295	0.69013709	2.1939323	7.7057872
20.964737	0.69464737	2.1729112	7.6975594
20.966295	0.70109063	2.1476858	7.6893311
20.969416	0.70463443	2.1258237	7.6811032
20.9585	0.68723762	2.1014392	7.648191
20.9585	0.68949276	2.0795774	7.6852169
20.964737	0.68691546	2.0577154	7.6235065
20.9585	0.69432521	2.0383761	7.6317348
20.961617	0.69561386	2.0139914	7.6276207
20.963177	0.67821711	1.9938111	7.5782523
20.964737	0.68627113	1.973631	7.5741386
20.956942	0.68949276	1.9534507	7.5741386
20.955381	0.69851333	1.9324296	7.5617962
20.963177	0.69690251	1.9122493	7.5453401
20.966295	0.69593602	1.8937507	7.5617962
20.972534	0.70850039	1.8727297	7.5576825
20.969416	0.70495659	1.8525494	7.5700245
20.964737	0.71526581	1.8323691	7.5288844
20.963177	0.71429932	1.8121887	7.5371122
20.9585	0.7014128	1.7928493	7.5083141
20.963177	0.71075553	1.7726692	7.516542
20.960058	0.68755978	1.7566931	7.4836307
20.955381	0.67886144	1.7381946	7.4630604
20.9585	0.6891706	1.7205367	7.4959726
20.961617	0.6830495	1.7037199	7.4548326
20.956942	0.68143874	1.6852212	7.4507184
20.9585	0.66790789	1.6692454	7.4260345
20.966295	0.67209601	1.6524284	7.4260345
20.966295	0.68047225	1.6322482	7.4301486
20.967855	0.67338467	1.6179538	7.4054642
20.970974	0.66597492	1.5977734	7.3972363
20.966295	0.67080736	1.5817975	7.3972363
20.967855	0.67338467	1.5658215	7.3684382
20.964737	0.67499548	1.5490046	7.3643241
20.960058	0.67692846	1.5321877	7.3643241
20.960058	0.67789495	1.513689	7.3766661
20.956942	0.66275328	1.4993948	7.3272977
20.9585	0.66984087	1.4842596	7.347868
20.960058	0.66823006	1.4674426	7.347868
20.961617	0.66597492	1.4539891	7.3108416
20.966295	0.6830495	1.438854	7.3190699
20.966295	0.6791836	1.427923	7.2984996
20.961617	0.66951871	1.411947	7.2779298
20.966295	0.6643641	1.3984935	7.2614737
20.967855	0.65792084	1.3841991	7.2491312
20.967855	0.66823006	1.3690639	7.2861576
20.966295	0.66887438	1.3539287	7.2943854
20.961617	0.6766063	1.341316	7.2614737
20.964737	0.67241818	1.3278626	7.2450175
20.960058	0.67596197	1.3135682	7.2573595
20.964737	0.67274034	1.3009555	7.2532454
20.960058	0.6830495	1.2858204	7.2614737
20.960058	0.69142574	1.2740486	7.2614737
20.960058	0.67821711	1.2622768	7.2244473
20.960058	0.69078141	1.2479824	7.2573595
20.966295	0.68949276	1.2378923	7.2203331
20.967855	0.66823006	1.2252796	7.203877
20.972534	0.65727651	1.2118261	7.1874208
20.975651	0.67241818	1.1992134	7.1997633
20.974092	0.66371977	1.1891233	7.1833072
20.966295	0.66565275	1.1756698	7.1874208
20.961617	0.68111658	1.1630572	7.1750789
20.9585	0.67241818	1.1504445	7.1833072
20.955381	0.66790789	1.1395135	7.1709652
20.960058	0.67950577	1.1294234	7.1627369
20.952263	0.65856516	1.1176516	7.1339388
20.961617	0.65502137	1.1075615	7.1380529
20.961617	0.6704852	1.0974712	7.1545091
20.964737	0.66887438	1.0856996	7.1421666
20.963177	0.65695435	1.0764502	7.1339388
20.970974	0.66951871	1.0680418	7.1380529
20.972534	0.65920949	1.0554291	7.0969124
20.975651	0.6495446	1.045339	7.1133685
20.969416	0.66758573	1.0352489	7.1215968
20.967855	0.66919655	1.0251586	7.1215968
20.964737	0.65598786	1.0142277	7.0927987
20.963177	0.67145169	1.0041376	7.1257105
20.960058	0.66339761	0.99404746	7.0969124
20.961617	0.66082031	0.98479819	7.0969124
20.961617	0.65534353	0.97723067	7.0927987
20.961617	0.67402899	0.96545881	7.1215968
20.9585	0.6669414	0.95705032	7.0886846
20.960058	0.65985382	0.94696021	7.0640001
20.967855	0.66114247	0.93939269	7.0640001
20.970974	0.66082031	0.93266588	7.0640001
20.967855	0.66243112	0.9250983	7.0722284
20.969416	0.64664513	0.91584897	7.0475445
20.967855	0.65631002	0.90659976	7.0475445
20.966295	0.64922243	0.89650959	7.0516582
20.966295	0.64922243	0.888942	7.0269752
20.9585	0.65341055	0.87801099	7.0516582
20.960058	0.63536948	0.86960262	7.0187469
20.960058	0.65276623	0.86203504	7.0681143
20.953821	0.66049814	0.85446739	7.0393162
20.956942	0.65276623	0.84858149	7.022861
20.964737	0.65502137	0.83849144	7.0475445
20.964737	0.65759867	0.83428717	7.0187469
20.961617	0.65018892	0.82587874	7.0064049
20.966295	0.65695435	0.81999278	7.010519
20.969416	0.65469921	0.81494772	6.9940629
20.969416	0.64664513	0.80317599	6.9899487
20.975651	0.658243	0.79644918	6.9817204
20.966295	0.65276623	0.78972244	6.9817204
20.967855	0.64986676	0.78215486	6.9899487
20.961617	0.65598786	0.77458727	6.9858346
20.955381	0.63923544	0.76617885	6.9693785
20.961617	0.6395576	0.75945204	6.9734926
20.960058	0.65759867	0.7527253	7.0022907
20.953821	0.63923544	0.74599856	6.9776068
20.960058	0.6334365	0.73927188	6.9981766
20.961617	0.62957054	0.73338592	6.9940629
20.960058	0.6308592	0.72750002	6.9734926
20.967855	0.63891327	0.72161412	6.9693785
20.964737	0.64567864	0.71909153	6.9734926
20.972534	0.64439005	0.70900142	6.9858346
20.972534	0.64406788	0.70311558	6.9693785
20.966295	0.64761162	0.69975221	6.9405804
20.970974	0.64471221	0.69050288	6.9405804
20.966295	0.6421349	0.68545783	6.9323525
20.964737	0.6395576	0.67873102	6.9570365
20.963177	0.64245707	0.67452687	6.9529223
20.961617	0.65115541	0.66695929	6.9858346
20.961617	0.63987976	0.66107339	6.9282384
20.963177	0.63633597	0.65770996	6.9200101
20.967855	0.62924838	0.65182412	6.9200101
20.969416	0.63408083	0.64593816	6.9529223
20.966295	0.63891327	0.64173394	6.9200101
20.970974	0.63923544	0.63752973	6.9158964
20.975651	0.64535648	0.62996215	6.9076681
20.970974	0.64084625	0.62407625	6.8994403
20.972534	0.64535648	0.61987203	6.9035544
20.964737	0.65502137	0.61398613	6.8870983
20.964737	0.65051109	0.60725933	6.9117823
20.963177	0.65018892	0.60221434	6.8994403
20.960058	0.66275328	0.59885091	6.8953261
20.961617	0.6704852	0.59044248	6.9076681
20.963177	0.65405488	0.58876085	6.87887
20.956942	0.66243112	0.58371574	6.9035544
20.964737	0.66823006	0.57951152	6.9323525
20.963177	0.66178679	0.57867068	6.9076681
20.967855	0.64406788	0.5711031	6.891212
20.977211	0.64439005	0.56773973	6.891212
20.975651	0.65051109	0.56437635	6.8953261
20.975651	0.63730246	0.55933124	6.8870983
20.966295	0.62441593	0.55512708	6.8583002
20.970974	0.64342356	0.5467186	6.8994403
20.961617	0.64406788	0.54419607	6.87887
20.964737	0.63987976	0.53915107	6.8706422
20.966295	0.65663218	0.53242427	6.8624139
20.964737	0.65695435	0.52653837	6.8829842
20.961617	0.65147758	0.52485669	6.866528
20.961617	0.65179974	0.52233416	6.8624139
20.963177	0.63891327	0.51812994	6.8541861
20.967855	0.61990565	0.51392573	6.8583002
20.966295	0.63987976	0.50972152	6.8706422
20.970974	0.62989271	0.50803983	6.8541861
20.975651	0.62151647	0.50215393	6.866528
20.972534	0.62506026	0.49963138	6.8459578
20.964737	0.63311434	0.49458635	6.8418441
20.970974	0.63472515	0.48870042	6.8583002
20.970974	0.64277923	0.48533705	6.8500719
20.963177	0.65598786	0.48029199	6.8953261
20.963177	0.65727651	0.47440609	6.8747559
20.961617	0.66178679	0.47440609	6.8583002
20.963177	0.66468626	0.46852016	6.8459578
20.966295	0.64825594	0.46599764	6.8377299
20.9585	0.64632297	0.46347514	6.8171597
20.964737	0.63569164	0.46347514	6.8048177
20.969416	0.63794678	0.45927089	6.8295016
20.972534	0.63247001	0.45758921	6.825388
20.975651	0.61958349	0.45254412	6.8377299
20.978769	0.61990565	0.44833994	6.8377299
20.969416	0.61893916	0.44329485	6.8706422
20.963177	0.61668402	0.43993148	6.8295016
20.963177	0.64149058	0.43572727	6.8212738
20.9585	0.618617	0.4323639	6.8089318
20.966295	0.61539537	0.42563716	6.8212738
20.9585	0.64406788	0.4231146	6.8418441
20.961617	0.6334365	0.41975126	6.8048177
20.963177	0.6273154	0.41638789	6.8377299
20.966295	0.63794678	0.41638789	6.8171597
20.964737	0.63021487	0.41386536	6.8130455
20.967855	0.63408083	0.4113428	6.8007035
20.975651	0.65244406	0.4113428	6.8541861
20.977211	0.63730246	0.4054569	6.7924757
20.974092	0.64310139	0.40125269	6.8048177
20.974092	0.63826895	0.399571	6.8089318
20.970974	0.63923544	0.39536679	6.8089318
20.970974	0.64567864	0.39116254	6.8171597
20.964737	0.64052409	0.38864005	6.8089318
20.9585	0.63665813	0.38443583	6.8336158
20.963177	0.63794678	0.38275412	6.7965899
20.955381	0.6247381	0.38107243	6.7883615
20.9585	0.63408083	0.37686822	6.8048177
20.961617	0.62957054	0.37350488	6.7719054
20.964737	0.62441593	0.37266403	6.7801337
20.970974	0.63569164	0.37098232	6.7965899
20.974092	0.63375866	0.36930063	6.7924757
20.974092	0.63472515	0.36425558	6.7760196
20.975651	0.63472515	0.36257386	6.7801337
20.975651	0.63021487	0.35668799	6.7801337
20.967855	0.62183863	0.35416546	6.8212738
20.963177	0.63730246	0.35164291	6.7760196
20.960058	0.63375866	0.34912038	6.7883615
20.961617	0.62538242	0.34659785	6.7924757
20.9585	0.63408083	0.34239367	6.7719054
20.966295	0.63762462	0.34239367	6.7760196
20.961617	0.62506026	0.34155279	6.7554493
20.961617	0.63794678	0.33734858	6.7677913
20.956942	0.63504732	0.33650774	6.7595634
20.964737	0.63375866	0.33482605	6.7554493
20.970974	0.64471221	0.33062184	6.7677913
20.978769	0.64084625	0.32894015	6.7719054
20.975651	0.62924838	0.32809931	6.7513356
20.972534	0.64052409	0.3238951	6.7801337
20.974092	0.6334365	0.32221338	6.7677913
20.969416	0.63665813	0.31716835	6.7389932
20.964737	0.64116842	0.3146458	6.7595634
20.960058	0.64052409	0.31380495	6.7801337
20.961617	0.64632297	0.30960074	6.8171597
20.956942	0.65308839	0.3087599	6.7801337
20.963177	0.63923544	0.30707821	6.7677913
20.963177	0.64277923	0.302874	6.7431073
20.963177	0.64471221	0.30371484	6.7719054
20.969416	0.64503437	0.30035147	6.7595634
20.977211	0.65083325	0.29951063	6.7513356
20.969416	0.63536948	0.29866979	6.7348795
20.978769	0.62248296	0.29446557	6.7266512
20.974092	0.6369803	0.29194301	6.7472215
20.970974	0.62409377	0.28773883	6.722537
20.966295	0.63536948	0.28689799	6.7636776
20.961617	0.63859111	0.28353459	6.7554493
20.963177	0.61926132	0.27933037	6.7266512
20.9585	0.63891327	0.28017122	6.7760196
20.963177	0.63891327	0.27596703	6.7842474
20.960058	0.61990565	0.27596703	6.7184234
20.963177	0.62022781	0.27260363	6.7431073
20.960058	0.62377161	0.27512616	6.7554493
20.969416	0.61797267	0.27176279	6.7389932
20.961617	0.61926132	0.27344447	6.7307653
20.963177	0.62151647	0.27176279	6.7348795
20.966295	0.62441593	0.27176279	6.7595634
20.967855	0.62022781	0.26924026	6.722537
20.964737	0.61185157	0.26924026	6.7389932
20.964737	0.62344944	0.2700811	6.7513356
20.964737	0.63794678	0.26924026	6.7554493
20.9585	0.62151647	0.26671773	6.722537
20.966295	0.62602675	0.26671773	6.7307653
20.964737	0.62409377	0.26755857	6.7554493
20.961617	0.61765051	0.26671773	6.7348795
20.969416	0.62441593	0.26755857	6.7307653
20.967855	0.63311434	0.26839942	6.722537
20.966295	0.61346239	0.26839942	6.7184234
20.966295	0.60863	0.27092195	6.7389932
20.963177	0.62924838	0.26924026	6.7431073
20.964737	0.61475104	0.2700811	6.7348795
20.960058	0.61765051	0.26587689	6.7184234
20.963177	0.618617	0.26839942	6.7431073
20.961617	0.61410671	0.26924026	6.7348795
20.963177	0.62699324	0.27260363	6.7101951
20.966295	0.62312728	0.2700811	6.7184234
20.967855	0.62763757	0.27260363	6.7677913
20.969416	0.64116842	0.2700811	6.7513356
20.961617	0.62183863	0.27428532	6.7184234
20.966295	0.63182569	0.27428532	6.7554493
20.956942	0.64116842	0.27512616	6.7677913
20.963177	0.63987976	0.28101209	6.7431073
20.963177	0.64084625	0.27933037	6.7472215
20.966295	0.64986676	0.28269377	6.7472215
20.966295	0.63247001	0.28185293	6.7472215
20.963177	0.63472515	0.28353459	6.7677913
20.963177	0.62892622	0.28605711	6.7595634
20.972534	0.62699324	0.28689799	6.7472215
20.969416	0.62506026	0.28942052	6.7389932
20.970974	0.63118136	0.29110217	6.7595634
20.966295	0.62183863	0.29110217	6.7348795
20.966295	0.63504732	0.29110217	6.7348795
20.966295	0.62506026	0.2969881	6.7677913
20.966295	0.65051109	0.29530641	6.7924757
20.970974	0.65469921	0.29866979	6.7760196
20.960058	0.6421349	0.30119231	6.7431073
20.961617	0.65115541	0.30119231	6.8048177
20.964737	0.65759867	0.30455568	6.7595634
20.967855	0.63633597	0.30623737	6.7431073
20.969416	0.62087214	0.3087599	6.7389932
20.967855	0.64696729	0.30960074	6.7760196
20.966295	0.63762462	0.31296411	6.7554493
20.964737	0.62892622	0.31380495	6.7595634
20.967855	0.64439005	0.3180092	6.8048177
20.966295	0.64084625	0.3180092	6.7801337
20.964737	0.62699324	0.32305425	6.7595634
20.966295	0.64116842	0.32557678	6.8048177
20.963177	0.63182569	0.32473594	6.8089318
20.961617	0.63118136	0.32894015	6.7883615
20.964737	0.63891327	0.33146265	6.8048177
20.961617	0.63794678	0.33650774	6.8130455
20.970974	0.63279217	0.33566689	6.7883615
20.966295	0.64310139	0.33903027	6.7965899
20.966295	0.64052409	0.34155279	6.8130455
20.963177	0.62924838	0.34491619	6.8007035
20.963177	0.62570459	0.34575701	6.7883615
20.9585	0.62892622	0.35248375	6.8007035
20.963177	0.63536948	0.35584715	6.8048177
20.963177	0.62699324	0.35752884	6.8007035
20.966295	0.62344944	0.36005136	6.8171597
20.967855	0.63118136	0.36425558	6.8336158
20.963177	0.61829484	0.36761895	6.8295016
20.964737	0.63053703	0.37266403	6.8171597
20.967855	0.6273154	0.37434572	6.8212738
20.964737	0.61732835	0.37770906	6.8212738
20.966295	0.63504732	0.38107243	6.8295016
20.9585	0.63021487	0.38527668	6.8295016
20.961617	0.62957054	0.38948089	6.8418441
20.961617	0.63182569	0.39452595	6.8295016
20.963177	0.62957054	0.399571	6.8377299
20.963177	0.63375866	0.40461609	6.8459578
20.966295	0.64986676	0.40713859	6.8295016
20.960058	0.64277923	0.41218364	6.8459578
20.963177	0.62634891	0.41891041	6.8418441
20.963177	0.63987976	0.42479631	6.866528
20.966295	0.62602675	0.43068221	6.8500719
20.961617	0.62795973	0.43740895	6.8747559
20.955381	0.63311434	0.44413573	6.8747559
20.956942	0.62892622	0.45170328	6.8870983
20.9585	0.63601381	0.45674837	6.8953261
20.953821	0.64052409	0.46599764	6.9035544
20.953821	0.65147758	0.47440609	6.8870983
20.952263	0.63633597	0.48197365	6.8706422
20.950703	0.64503437	0.49206379	6.9323525
20.938229	0.66178679	0.50299478	6.9323525
20.949142	0.65598786	0.51476657	6.9158964
20.942907	0.6421349	0.52569753	6.9117823
20.936668	0.65051109	0.53999192	6.9405804
20.930433	0.63987976	0.55764955	6.9323525
20.922636	0.6334365	0.57362562	6.9405804
20.921076	0.62763757	0.59128332	6.9734926
20.916399	0.64084625	0.61566782	6.9734926
20.908602	0.62667108	0.63752973	6.9899487
20.900806	0.62248296	0.66443676	6.9899487
20.899246	0.63794678	0.6947071	7.0640001
20.903925	0.64149058	0.72581834	7.0475445
20.893011	0.64020193	0.765338	7.0681143
20.894567	0.65695435	0.80233514	7.1010265
20.889891	0.65695435	0.84605896	7.1051407
20.891451	0.65727651	0.88978285	7.1339388
20.891451	0.6730625	0.93939269	7.1709652
20.899246	0.6766063	0.99152493	7.2409034
20.899246	0.67821711	1.045339	7.2409034
20.899246	0.67274034	1.1058798	7.2326751
20.905485	0.66307545	1.1664205	7.2697015
20.916399	0.66951871	1.2311655	7.3437538
20.917959	0.68594897	1.2942288	7.3807802
20.922636	0.68047225	1.3614963	7.3931222
20.924194	0.68594897	1.4321271	7.4507184
20.930433	0.697869	1.5002357	7.5000858
20.927315	0.69464737	1.5708666	7.5329981
20.930433	0.69722468	1.6457016	7.6070504
20.93355	0.7188096	1.7171733	7.6687608
20.922636	0.7162323	1.794531	7.6687608
20.91172	0.70817822	1.8735706	7.7181292
20.908602	0.70688957	1.9551324	7.7510414
20.905485	0.72042036	2.0408986	7.7962956
20.894567	0.71945393	2.1249828	7.845664
20.880535	0.73105174	2.2183166	7.9156022
20.875858	0.74458259	2.314173	7.9690847
20.866501	0.73298472	2.411711	7.9978819
20.868061	0.73749501	2.5159757	8.0595922
20.860264	0.7410388	2.6227632	8.1171885
20.846231	0.74619341	2.7371178	8.1871271
20.84779	0.73040742	2.8556771	8.2035828
20.836876	0.73395121	2.9784403	8.289978
20.838436	0.73846149	3.10709	8.3804865
20.825962	0.74748206	3.2416248	8.4339685
20.829079	0.75070369	3.3854096	8.4915648
20.825962	0.75843561	3.5283535	8.5944147
20.824402	0.76552314	3.6813874	8.6849232
20.816605	0.76391232	3.8411481	8.7548618
20.821283	0.77551019	4.0084763	8.8535976
20.816605	0.7806648	4.1766453	8.9770184
20.815044	0.78710806	4.3549051	9.0675268
20.824402	0.81513619	4.5415726	9.1868334
20.825962	0.81900215	4.728241	9.2979116
20.835316	0.82319027	4.9241581	9.4172182
20.841553	0.85637301	5.124279	9.5406389
20.84935	0.85089624	5.3294458	9.6517172
20.861824	0.8634606	5.5421805	9.7957077
20.87118	0.87376982	5.7540741	9.9684963
20.882093	0.87699145	5.9718533	10.079576
20.903925	0.89020014	6.1938372	10.22768
20.919516	0.88730067	6.4141393	10.3511
20.928873	0.8940661	6.6386456	10.507433
20.953821	0.91468447	6.8639927	10.651423
20.98033	0.92628235	7.0918627	10.799528
20.999043	0.92596018	7.3138466	10.939405
21.019312	0.94657862	7.5349898	11.103966
21.04426	0.95656562	7.7527699	11.256185
21.067648	0.97106296	7.967186	11.412518
21.083242	0.99264789	8.1765575	11.564735
21.098835	1.010689	8.3775206	11.71284
21.109749	1.0190653	8.5768023	11.819805
21.128462	1.0316296	8.765152	11.939112
21.144054	1.0313075	8.9476166	12.070761
21.161205	1.0319518	9.1241951	12.190066
21.165884	1.050315	9.2864799	12.325829
21.169003	1.054181	9.4479227	12.416337
21.170563	1.0586913	9.5925493	12.515074
21.179918	1.0718999	9.7338123	12.617925
21.172123	1.0805984	9.8641443	12.687862
21.159647	1.0844643	9.9902716	12.798943
21.15185	1.0851086	10.105468	12.835968
21.137817	1.1066935	10.214779	12.905907
21.120665	1.111526	10.315681	12.996415
21.070768	1.109593	10.413219	13.049897
20.662235	1.1376212	10.478806	13.140406
20.018251	1.1405206	10.488055	13.181545
19.229258	1.133433	10.449376	13.214458
18.427788	1.1395541	10.391358	13.24737
17.637232	1.1443865	10.340066	13.255598
16.918406	1.1372989	10.295501	13.243255
16.308727	1.1308557	10.256822	13.24737
15.761421	1.1389098	10.221506	13.259711
15.304553	1.1392319	10.184508	13.243255
14.899141	1.1308557	10.153397	13.210343
14.549863	1.1385876	10.118922	13.230914
14.264517	1.1247346	10.088652	13.214458
14.010354	1.1279563	10.063426	13.206229
13.796733	1.1289227	10.040723	13.222686
13.606502	1.1250567	10.021383	13.193887
13.433423	1.1324666	10.003725	13.222686
13.275935	1.1427758	9.9944763	13.222686
13.162109	1.1360103	9.9835453	13.202115
13.052959	1.1347216	9.9717731	13.189774
12.964081	1.1414871	9.9642057	13.210343
12.881439	1.1453531	9.9549561	13.210343
12.786324	1.1347216	9.9499111	13.185658
12.692767	1.1340773	9.9482288	13.181545
12.622601	1.1192579	9.9431849	13.181545
12.552432	1.1250567	9.9423428	13.210343
12.496299	1.1282784	9.938139	13.218571
12.443283	1.1218352	9.9398203	13.185658
12.399623	1.1076601	9.9347754	13.173318
12.34349	1.1179693	9.9314127	13.206229
12.284238	1.115392	9.9314127	13.185658
12.228103	1.1160363	9.9322529	13.16509
12.171969	1.1083044	9.9314127	13.222686
12.122072	1.1208687	9.9322529	13.185658
12.069058	1.1218352	9.933094	13.189774
12.02072	1.1240903	9.9297304	13.243255
11.966146	1.1269897	9.9314127	13.243255
11.910012	1.1421314	9.9305716	13.235027
11.853878	1.1447088	9.9314127	13.239141
11.791507	1.1517963	9.9314127	13.230914
11.736933	1.163072	9.9339352	13.251483
11.680798	1.1521184	9.9314127	13.255598
11.630901	1.1443865	9.933094	13.235027
11.570089	1.1453531	9.933094	13.296738
11.499923	1.1347216	9.9322529	13.259711
11.429756	1.1443865	9.933094	13.259711
11.358029	1.155018	9.9339352	13.300852
11.295658	1.1437422	9.938139	13.292624
11.225492	1.1621056	9.9339352	13.300852
11.169356	1.1662936	9.9347754	13.292624
11.103868	1.1595283	9.9372988	13.321423
11.0337	1.163072	9.9364567	13.313194
10.965092	1.1637163	9.9347754	13.317307
10.901162	1.1488968	9.938139	13.296738
10.837233	1.1662936	9.9364567	13.358448
10.776421	1.149219	9.938139	13.284395
10.703135	1.1476082	9.9372988	13.300852
10.653238	1.1421314	9.9356165	13.309079
10.589307	1.1237682	9.9356165	13.313194
10.530055	1.1247346	9.9347754	13.32965
10.463007	1.1279563	9.9347754	13.333763
10.397516	1.1170027	9.9364567	13.321423
10.342943	1.1141033	9.933094	13.32965
10.288368	1.1141033	9.9347754	13.313194
10.233793	1.1173249	9.9347754	13.313194
10.17766	1.113459	9.9322529	13.337878
10.123085	1.1311779	9.933094	13.37079
10.063832	1.1327887	9.933094	13.383132
10.013936	1.1389098	9.9314127	13.395474
9.9562435	1.1424536	9.9322529	13.387247
9.9079056	1.1414871	9.9322529	13.387247
9.8502131	1.1469638	9.9314127	13.374904
9.7925205	1.1405206	9.933094	13.379019
9.7441826	1.1372989	9.9288893	13.411931
9.6927261	1.1514741	9.9314127	13.428387
9.6272373	1.1521184	9.9314127	13.428387
9.5804586	1.1372989	9.9322529	13.4325
9.5227661	1.1260233	9.9322529	13.403703
9.4713097	1.129567	9.9297304	13.453071
9.4136171	1.1228017	9.9305716	13.411931
9.3621607	1.1514741	9.933094	13.453071
9.3075867	1.1582396	9.9322529	13.436615
9.2467747	1.1508298	9.9314127	13.428387
9.2046738	1.1669379	9.9314127	13.47364
9.1376257	1.1727369	9.9297304	13.481869
9.0877295	1.1749921	9.9314127	13.444843
9.0409508	1.1856234	9.9305716	13.469527
8.9879351	1.1743478	9.9288893	13.457184
8.9411573	1.1746699	9.9314127	13.440728
8.8928204	1.1801467	9.933094	13.448956
8.8382454	1.1688709	9.9288893	13.481869
8.7961454	1.165005	9.9297304	13.448956
8.7478075	1.1688709	9.9305716	13.481869
8.7088261	1.1598504	9.9322529	13.457184
8.6636076	1.153085	9.9288893	13.47364
8.6199474	1.1669379	9.9272079	13.444843
8.5794067	1.1534071	9.9288893	13.457184
8.5357475	1.1543736	9.9280491	13.481869
8.4920874	1.1656493	9.9246855	13.477756
8.4515467	1.161139	9.9280491	13.481869
8.4141245	1.1685488	9.9272079	13.506553
8.3767014	1.1795024	9.9255266	13.547692
8.3423977	1.1749921	9.9280491	13.481869
8.3065348	1.1775694	9.9246855	13.510667
8.2815857	1.1785358	9.9238453	13.490096
8.2426043	1.1904559	9.9230032	13.547692
8.2114182	1.196577	9.9213219	13.535352
8.180233	1.180791	9.9230032	13.523008
8.1474886	1.1737034	9.9230032	13.535352
8.119422	1.1801467	9.9213219	13.547692
8.0835581	1.1695153	9.922163	13.531237
8.0523729	1.1698375	9.9230032	13.523008
8.0321026	1.1643606	9.9230032	13.568264
7.9993582	1.1553401	9.9230032	13.518895
7.9977989	1.1679045	9.9204817	13.551807
7.9572577	1.159206	9.9187994	13.535352
7.9494615	1.1708039	9.9171171	13.572377
7.9026833	1.1862677	9.9162769	13.580605
7.8902092	1.1737034	9.9187994	13.547692
7.8590236	1.165005	9.9213219	13.551807
7.8356342	1.1733812	9.9196405	13.572377
7.8075676	1.1637163	9.9196405	13.547692
7.7701449	1.1614612	9.9204817	13.58472
7.7467566	1.1659715	9.9204817	13.572377
7.7202482	1.1582396	9.9230032	13.547692
7.6812668	1.1482525	9.9213219	13.551807
7.6516404	1.1472861	9.9213219	13.560036
7.6204553	1.1505077	9.922163	13.576491
7.6064219	1.1459974	9.922163	13.576491
7.5487289	1.1572731	9.922163	13.576491
7.5424919	1.1450309	9.922163	13.568264
7.4972734	1.1482525	9.922163	13.592948
7.4754434	1.1582396	9.922163	13.58472
7.4426985	1.1566287	9.922163	13.588833
7.4115133	1.1572731	9.922163	13.605289
7.3834462	1.1543736	9.9246855	13.58472
7.3522611	1.1476082	9.9230032	13.580605
7.324194	1.1469638	9.922163	13.617632
7.3008051	1.1456752	9.922163	13.588833
7.2680602	1.1472861	9.9238453	13.597061
7.2399936	1.153085	9.9213219	13.617632
7.2088079	1.1501855	9.9230032	13.629973
7.1885381	1.1534071	9.9213219	13.629973
7.1620302	1.151152	9.9213219	13.629973
7.1324043	1.1627499	9.9213219	13.642316
7.1043372	1.1595283	9.9204817	13.613517
7.0825076	1.1624277	9.9187994	13.62586
7.051322	1.1627499	9.9204817	13.617632
7.0279326	1.1572731	9.9187994	13.638202
6.9983072	1.1772472	9.9196405	13.642316
6.9795957	1.1720926	9.9187994	13.629973
6.9499693	1.1762807	9.9204817	13.638202
6.9296989	1.1782137	9.9196405	13.646429
6.9078693	1.1753142	9.9187994	13.642316
6.878243	1.1785358	9.9204817	13.62586
6.8626504	1.1859456	9.9187994	13.621745
6.836143	1.1740255	9.9171171	13.629973
6.8158722	1.1624277	9.9196405	13.617632
6.7971611	1.1798245	9.9187994	13.650544
6.7784495	1.1608169	9.9171171	13.683456
6.7581797	1.1579174	9.9204817	13.638202
6.7410274	1.1540514	9.9162769	13.662886
6.7176385	1.1498634	9.9171171	13.650544
6.6973677	1.1543736	9.9196405	13.683456
6.6802158	1.1546957	9.9162769	13.650544
6.6615047	1.1508298	9.9162769	13.654657
6.647471	1.1637163	9.9179592	13.68757
6.6287599	1.1711261	9.9179592	13.683456
6.605371	1.1640385	9.9171171	13.662886
6.5882187	1.1720926	9.9187994	13.654657
6.5648303	1.1724148	9.9162769	13.695798
6.5492373	1.1701596	9.9179592	13.679341
6.5305262	1.1917446	9.9171171	13.695798
6.5102553	1.1775694	9.9171171	13.667
6.4853072	1.1720926	9.9179592	13.679341
6.4665956	1.1759585	9.9187994	13.679341
6.4478846	1.1698375	9.9179592	13.683456
6.4229364	1.1617833	9.9187994	13.679341
6.4042249	1.1653272	9.9179592	13.679341
6.3792768	1.1691931	9.9187994	13.691685
6.3590064	1.1672602	9.9187994	13.667
6.3418541	1.1714482	9.9187994	13.675228
6.323143	1.1798245	9.9179592	13.683456
6.3028727	1.1737034	9.9179592	13.695798
6.2857203	1.1801467	9.9171171	13.695798
6.268569	1.1843348	9.9187994	13.691685
6.2467389	1.1666158	9.9179592	13.662886
6.2405019	1.1766028	9.9162769	13.695798
6.2108755	1.1811131	9.9171171	13.679341
6.1937242	1.1801467	9.9187994	13.679341
6.1796904	1.1740255	9.9171171	13.695798
6.1625385	1.1704818	9.9162769	13.699912
6.1453862	1.1730591	9.9154358	13.712254
6.1251163	1.1498634	9.9171171	13.704025
6.107964	1.156951	9.9179592	13.72871
6.0939307	1.1537293	9.9171171	13.712254
6.0798969	1.1479304	9.9171171	13.683456
6.0549488	1.1508298	9.9179592	13.695798
6.0409155	1.1656493	9.9162769	13.704025
6.0253229	1.1633942	9.9171171	13.72871
6.0175261	1.1659715	9.9162769	13.720482
6.0034933	1.1695153	9.9154358	13.720482
5.986341	1.1782137	9.9171171	13.716369
5.9769855	1.1872343	9.9154358	13.749281
5.9613924	1.1939996	9.9154358	13.741053
5.9473596	1.1901337	9.9145956	13.72871
5.9364448	1.1978656	9.9145956	13.736938
5.9302077	1.190778	9.9179592	13.745166
5.9052596	1.1978656	9.9137545	13.753394
5.8927851	1.1840127	9.9154358	13.72871
5.8771925	1.1856234	9.9154358	13.765737
5.8615999	1.1878786	9.9154358	13.732824
5.8475661	1.1740255	9.9162769	13.732824
5.8366513	1.1656493	9.9162769	13.716369
5.822618	1.1608169	9.9154358	13.753394
5.8085847	1.1637163	9.9162769	13.745166
5.7914324	1.1759585	9.9187994	13.732824
5.7742805	1.1708039	9.9145956	13.753394
5.7618065	1.1814353	9.9171171	13.753394
5.7524509	1.1801467	9.9145956	13.732824
5.7368584	1.1824018	9.9171171	13.745166
5.7259431	1.1939996	9.9145956	13.76985
5.7103505	1.1724148	9.9162769	13.72871
5.6916394	1.1759585	9.9154358	13.741053
5.6807246	1.1820797	9.9162769	13.773965
5.6635723	1.1740255	9.9154358	13.757508
5.6604538	1.1740255	9.9154358	13.778078
5.643302	1.1730591	9.9145956	13.761622
5.6230311	1.1698375	9.9129133	13.786306
5.6089983	1.1753142	9.9171171	13.76985
5.5949645	1.1766028	9.9145956	13.745166
5.5824904	1.1682266	9.9171171	13.757508
5.5684571	1.1701596	9.9162769	13.761622
5.549746	1.1743478	9.9137545	13.765737
5.543509	1.1637163	9.9154358	13.749281
5.5232382	1.1730591	9.9145956	13.761622
5.5154419	1.1753142	9.9162769	13.761622
5.4967308	1.1778915	9.9171171	13.753394
5.488934	1.1724148	9.9145956	13.761622
5.4733415	1.1675823	9.9145956	13.761622
5.4624267	1.1746699	9.9137545	13.761622
5.4546304	1.1675823	9.9145956	13.782193
5.4437156	1.1882007	9.9154358	13.794534
5.4405971	1.1795024	9.9145956	13.76985
5.4172082	1.1624277	9.9162769	13.765737
5.4125304	1.1698375	9.9120731	13.773965
5.4000559	1.1772472	9.9154358	13.757508
5.3875818	1.1772472	9.9137545	13.773965
5.3813448	1.1617833	9.9145956	13.757508
5.3626337	1.1775694	9.9145956	13.765737
5.3548374	1.1795024	9.9154358	13.782193
5.3439226	1.1798245	9.9120731	13.778078
5.3314481	1.1856234	9.9145956	13.765737
5.3205338	1.2065641	9.9145956	13.794534
5.312737	1.2055975	9.9145956	13.815105
5.2955852	1.2039868	9.9145956	13.798649
5.2877889	1.2030202	9.9145956	13.81099
5.2768741	1.1882007	9.9145956	13.802762
5.2628403	1.1939996	9.9162769	13.806877
5.2550445	1.1804688	9.9145956	13.782193
5.2488074	1.18659	9.9145956	13.794534
5.2316551	1.1727369	9.9145956	13.802762
5.2300959	1.1640385	9.9137545	13.794534
5.2129436	1.1637163	9.9145956	13.761622
5.2067065	1.1691931	9.9145956	13.786306
5.1942325	1.1682266	9.9137545	13.794534
5.1848769	1.1711261	9.9171171	13.782193
5.1677251	1.1824018	9.9145956	13.823333
5.1630473	1.1830461	9.9145956	13.827446
5.1536918	1.1820797	9.9145956	13.81099
5.1380987	1.1740255	9.9129133	13.794534
5.1271844	1.184657	9.9154358	13.819219
5.1178288	1.1830461	9.9120731	13.843903
5.1084728	1.1894894	9.9162769	13.81099
5.097558	1.1952883	9.9145956	13.823333
5.088202	1.1778915	9.9129133	13.819219
5.0757279	1.1759585	9.9129133	13.806877
5.0601358	1.1930332	9.9137545	13.827446
5.0507803	1.1930332	9.9145956	13.815105
5.0445433	1.1753142	9.9145956	13.839789
5.0351877	1.184657	9.9145956	13.819219
5.0242724	1.1930332	9.9145956	13.827446
5.0117984	1.1785358	9.9137545	13.81099
4.9993243	1.18659	9.9129133	13.823333
4.9884095	1.1994765	9.9162769	13.802762
4.9806128	1.1862677	9.9137545	13.81099
4.9696984	1.1820797	9.9145956	13.839789
4.9650202	1.18659	9.9129133	13.823333
4.9494276	1.1885229	9.9137545	13.827446
4.9385128	1.1714482	9.9137545	13.823333
4.933835	1.1756364	9.9129133	13.819219
4.918242	1.1753142	9.9145956	13.819219
4.9198017	1.165005	9.9154358	13.81099
4.9073277	1.1598504	9.9120731	13.831561
4.8948536	1.1756364	9.9145956	13.839789
4.8886161	1.1914223	9.9145956	13.860358
4.8792605	1.1856234	9.9145956	13.823333
4.8683457	1.1904559	9.9145956	13.843903
4.8621082	1.2007651	9.9129133	13.835674
4.8558712	1.1975435	9.9137545	13.848017
4.8371606	1.2026981	9.9137545	13.852131
4.8371606	1.1933553	9.9129133	13.843903
4.8262453	1.2068862	9.9145956	13.868587
4.8309236	1.21043	9.9129133	13.852131
4.812212	1.1968992	9.9120731	13.839789
4.8106527	1.2088192	9.9145956	13.843903
4.7966194	1.2072084	9.9145956	13.835674
4.7966194	1.1972213	9.9120731	13.839789
4.7872639	1.1830461	9.9137545	13.852131
4.7747898	1.1849791	9.9120731	13.852131
4.770112	1.1688709	9.9120731	13.831561
4.7560782	1.1746699	9.9137545	13.835674
4.7529597	1.1727369	9.9129133	13.827446
4.7420449	1.1727369	9.9120731	13.843903
4.7358079	1.1566287	9.9137545	13.835674
4.7248931	1.1724148	9.9120731	13.852131
4.7186561	1.192711	9.911232	13.872702
4.7093005	1.1923889	9.911232	13.864473
4.696826	1.2046311	9.9137545	13.880929
4.6921482	1.2236387	9.9137545	13.926183
4.6812334	1.2229943	9.9137545	13.876815
4.6781149	1.2159067	9.9120731	13.852131
4.6656408	1.2136517	9.9120731	13.868587
4.6578445	1.2072084	9.9120731	13.852131
4.6469297	1.192711	9.9145956	13.843903
4.639133	1.1875564	9.9120731	13.868587
4.6282182	1.1952883	9.9137545	13.880929
4.6250997	1.1762807	9.9137545	13.856245
4.6173034	1.1666158	9.9120731	13.868587
4.6079478	1.1756364	9.9137545	13.860358
4.597033	1.1682266	9.9129133	13.889157
4.5876775	1.1666158	9.9145956	13.831561
4.5783219	1.163072	9.9145956	13.876815
4.5783219	1.1601726	9.9120731	13.876815
4.5658479	1.1914223	9.9129133	13.913841
4.5564923	1.196577	9.9120731	13.89327
4.5440183	1.178858	9.9129133	13.852131
4.53934	1.1885229	9.9137545	13.889157
4.5299845	1.1830461	9.9154358	13.843903
4.5237474	1.1679045	9.9120731	13.835674
4.5175104	1.1933553	9.9129133	13.872702
4.5065956	1.2010872	9.9145956	13.872702
4.5034771	1.1824018	9.9137545	13.856245
4.4987993	1.1785358	9.9120731	13.852131
4.4894438	1.1968992	9.911232	13.885042
4.478529	1.1972213	9.9137545	13.872702
4.47541	1.1904559	9.9129133	13.868587
4.4644952	1.2036645	9.911232	13.864473
4.4535804	1.2068862	9.9129133	13.885042
4.4489026	1.1811131	9.9129133	13.860358
4.4395471	1.1824018	9.9120731	13.876815
4.4348693	1.1939996	9.9129133	13.885042
4.4301915	1.1997986	9.9145956	13.889157
4.420836	1.1991543	9.9120731	13.901499
4.4145985	1.2059197	9.9129133	13.880929
4.4052429	1.2200949	9.9120731	13.917954
4.3990059	1.1985099	9.9120731	13.872702
4.3974466	1.1968992	9.9145956	13.880929
4.3896503	1.182724	9.9137545	13.876815
4.3787355	1.1811131	9.9129133	13.89327
4.3724985	1.1840127	9.9145956	13.880929
4.3600245	1.1737034	9.911232	13.872702
4.363143	1.1869121	9.9120731	13.89327
4.3615837	1.1766028	9.9120731	13.876815
4.3506684	1.1704818	9.9145956	13.868587
4.3413134	1.1949662	9.9137545	13.889157
4.3303986	1.1968992	9.9103909	13.926183
4.32728	1.1994765	9.9129133	13.905614
4.3194838	1.220417	9.9120731	13.930298
4.314806	1.2078527	9.9129133	13.905614
4.3101277	1.2014095	9.9145956	13.909727
4.3101277	1.1923889	9.9137545	13.885042
4.3007722	1.1795024	9.9120731	13.872702
4.314806	1.1997986	9.9120731	13.905614
4.4598174	1.184657	9.9045057	13.905614
4.3709393	1.1724148	9.9028234	13.885042
4.4052429	1.1730591	9.900301	13.897386
4.4535804	1.1695153	9.9019823	13.930298
4.4551396	1.1624277	9.9028234	13.876815
4.4816475	1.1766028	9.9036636	13.930298
4.4411063	1.1769251	9.9045057	13.905614
4.4644952	1.1849791	9.9070272	13.905614
4.4629359	1.1840127	9.9078684	13.930298
4.4442248	1.1978656	9.9095497	13.946754
4.4411063	1.2001208	9.9120731	13.975552
4.4348693	1.182724	9.9129133	13.926183
4.4286323	1.2136517	9.9120731	13.96321
4.4177175	1.2307262	9.9129133	13.959095
4.4099207	1.2258939	9.9103909	13.971437
4.4036837	1.2268603	9.9129133	13.934411
4.4021244	1.2233166	9.9129133	13.934411
4.3943281	1.22235	9.9145956	13.942639
4.3771763	1.2188063	9.9145956	13.946754
4.3678207	1.2065641	9.9145956	13.926183
4.3537874	1.21043	9.9137545	13.930298
4.3537874	1.2017316	9.9145956	13.959095
4.3475499	1.1943219	9.9120731	13.934411
4.3350763	1.1872343	9.9137545	13.92207
4.32728	1.1917446	9.9129133	13.934411
4.3241615	1.1917446	9.9129133	13.913841
4.3101277	1.1730591	9.9145956	13.926183
4.3007722	1.1778915	9.9137545	13.930298
4.2960944	1.1943219	9.911232	13.971437
4.2820611	1.1862677	9.9129133	13.917954
4.2727056	1.1930332	9.9137545	13.934411
4.2649093	1.1830461	9.9137545	13.913841
4.257113	1.1878786	9.9137545	13.946754
4.2461977	1.1882007	9.9154358	13.934411
4.2461977	1.1811131	9.9145956	13.938526
4.2290459	1.1962548	9.9120731	13.942639
4.2274866	1.2049532	9.9120731	13.946754
4.2228088	1.1891673	9.9137545	13.930298
4.2134533	1.1820797	9.9120731	13.942639
4.205657	1.1875564	9.9145956	13.946754
4.19942	1.1749921	9.9145956	13.917954
4.1869454	1.1653272	9.9120731	13.938526
4.1838269	1.1814353	9.9120731	13.959095
4.1760306	1.1936775	9.9120731	13.975552
4.1635566	1.178858	9.9120731	13.950867
4.1588788	1.1772472	9.9120731	13.96321
4.1495233	1.2065641	9.9103909	13.975552
4.1495233	1.1988322	9.9129133	13.954982
4.1464047	1.1930332	9.9120731	13.950867
4.1354899	1.2007651	9.9145956	13.950867
4.1261339	1.2197727	9.9129133	14.000236
4.1214561	1.2059197	9.9137545	13.96321
4.1214561	1.2017316	9.9103909	13.946754
4.1089821	1.2007651	9.9120731	13.959095
4.099627	1.2110744	9.9137545	13.992007
4.0980678	1.2001208	9.911232	13.959095
4.0918307	1.196577	9.9120731	13.942639
4.0871525	1.2072084	9.911232	13.950867
4.0824747	1.2036645	9.9095497	13.959095
4.0700006	1.1904559	9.9120731	13.942639
4.0653229	1.2033424	9.911232	13.954982
4.0575266	1.192711	9.9129133	13.96321
4.0559673	1.1898116	9.9120731	13.934411
4.0528488	1.1817575	9.911232	13.930298
4.041934	1.1762807	9.9137545	13.917954
4.0388155	1.1943219	9.9103909	13.971437
4.035697	1.1878786	9.911232	13.942639
4.0310192	1.18659	9.9129133	13.930298
4.0138669	1.1859456	9.9120731	13.959095
4.0154262	1.1659715	9.911232	13.942639
4.0123076	1.1936775	9.9095497	13.959095
4.0029521	1.178858	9.9120731	13.954982
3.9982743	1.1801467	9.9145956	13.959095
3.9951558	1.18659	9.9103909	13.971437
3.990478	1.1769251	9.9120731	13.971437
3.9873595	1.2036645	9.911232	14.00435
3.984241	1.2046311	9.911232	13.96321
3.973326	1.1978656	9.9129133	13.975552
3.9702075	1.1978656	9.9103909	13.950867
3.9686482	1.1978656	9.9120731	13.975552
3.9608519	1.2068862	9.911232	13.971437
3.9530556	1.208497	9.911232	13.971437
3.9561741	1.1978656	9.911232	13.959095
3.9452591	1.1859456	9.9120731	13.954982
3.9405813	1.1740255	9.911232	13.946754
3.9343443	1.1820797	9.911232	13.975552
3.9343443	1.1724148	9.9103909	13.971437
3.926548	1.1795024	9.9095497	13.987894
3.920311	1.1833683	9.911232	13.946754
3.920311	1.1856234	9.911232	13.954982
3.915633	1.1682266	9.9120731	13.942639
3.9062774	1.1782137	9.9120731	13.942639
3.9125144	1.1891673	9.9129133	13.954982
3.8984811	1.2046311	9.9120731	13.983779
3.9015996	1.2159067	9.9120731	13.967323
3.8953626	1.2207392	9.911232	13.971437
3.8938034	1.2252495	9.9103909	13.975552
3.8844481	1.226216	9.9103909	13.959095
3.8813295	1.2007651	9.9129133	13.930298
3.8828888	1.2023759	9.9103909	13.959095
3.8782108	1.2091414	9.9103909	13.96321
3.873533	1.1914223	9.9137545	13.983779
3.867296	1.1869121	9.9137545	13.96321
3.8641775	1.18659	9.9120731	13.959095
3.8579404	1.1988322	9.9095497	13.967323
3.8563812	1.1801467	9.911232	13.938526
3.8563812	1.1814353	9.9095497	13.979666
3.8407884	1.1914223	9.9103909	13.942639
3.8439069	1.1840127	9.911232	13.975552
3.8392291	1.1769251	9.911232	13.950867
3.8329921	1.178858	9.9137545	13.959095
3.8236365	1.1724148	9.9120731	13.950867
3.8220773	1.1804688	9.9129133	13.992007
3.8236365	1.1762807	9.9120731	13.96321
3.820518	1.194644	9.9120731	13.96321
3.81584	1.2014095	9.9120731	13.959095
3.809603	1.1978656	9.911232	13.950867
3.8049252	1.2036645	9.9103909	13.987894
3.7986882	1.2178397	9.911232	13.983779
3.7940104	1.2065641	9.9120731	14.00435
3.7908919	1.2059197	9.9095497	13.983779
3.7846546	1.2081748	9.9120731	13.987894
3.7830954	1.196577	9.9120731	13.950867
3.7846546	1.1943219	9.9120731	13.992007
3.7784176	1.1914223	9.9120731	13.959095
3.7737398	1.1820797	9.9120731	13.967323
3.7643843	1.1775694	9.9103909	13.987894
3.7612658	1.1814353	9.9103909	13.983779
3.7581472	1.1991543	9.9103909	13.992007
3.7550285	1.1956105	9.9103909	13.971437
3.7550285	1.1923889	9.9095497	13.996122
3.7550285	1.2126851	9.9103909	13.992007
3.7487915	1.2171954	9.9129133	13.979666
3.7472322	1.2078527	9.911232	13.996122
3.7409952	1.1981878	9.9120731	13.983779
3.7425544	1.2091414	9.911232	13.996122
3.7347581	1.2039868	9.9129133	13.983779
3.7316396	1.1820797	9.9120731	14.000236
3.7269619	1.2049532	9.9120731	14.008463
3.7238431	1.2146181	9.911232	14.000236
3.7207246	1.2036645	9.9103909	13.959095
3.7191653	1.194644	9.9129133	13.96321
3.711369	1.1988322	9.9129133	13.971437
3.705132	1.2181619	9.911232	14.008463
3.7066913	1.1956105	9.911232	13.983779
3.7004542	1.2043089	9.9120731	13.975552
3.6957765	1.2007651	9.911232	13.971437
3.6910985	1.192711	9.911232	13.983779
3.6957765	1.1891673	9.9103909	13.992007
3.6895392	1.1878786	9.9095497	13.992007
3.6848614	1.1862677	9.911232	13.96321
3.6755061	1.1811131	9.911232	13.975552
3.6817429	1.1766028	9.911232	13.959095
3.6723876	1.1791801	9.9120731	13.979666
3.6723876	1.1811131	9.9103909	13.979666
3.6692691	1.1891673	9.911232	13.975552
3.6661506	1.194644	9.9103909	13.975552
3.6599135	1.2062418	9.911232	13.971437
3.6552355	1.2020538	9.9120731	13.967323
3.6599135	1.2059197	9.9120731	14.000236
3.6552355	1.1991543	9.911232	13.971437
3.652117	1.1917446	9.911232	13.971437
3.6474392	1.196577	9.911232	13.987894
3.64588	1.196577	9.9103909	14.016691
3.6412022	1.2113965	9.9103909	14.008463
3.6412022	1.2049532	9.911232	14.000236
3.6365244	1.2039868	9.9103909	14.012578
3.6334059	1.2255716	9.9103909	14.029035
3.6271689	1.2110744	9.911232	14.008463
3.6271689	1.1985099	9.911232	13.996122
3.6287282	1.1920667	9.9103909	14.029035
3.6240501	1.1997986	9.9087095	13.996122
3.6193724	1.2068862	9.9120731	13.992007
3.6146946	1.1911002	9.9103909	13.996122
3.6100168	1.1962548	9.911232	13.987894
3.6084576	1.2113965	9.911232	14.008463
3.6022205	1.2149403	9.911232	13.996122
3.6053391	1.212363	9.9103909	14.020806
3.6006613	1.2117187	9.9120731	14.00435
3.6006613	1.2113965	9.9120731	14.00435
3.5944242	1.2075305	9.911232	13.996122
3.5959835	1.2110744	9.9103909	14.04549
3.5913055	1.1994765	9.9087095	13.983779
3.5835092	1.1959326	9.911232	13.996122
3.5803907	1.1853013	9.9095497	14.000236
3.5803907	1.1817575	9.911232	13.992007
3.5772722	1.190778	9.9120731	13.983779
3.5710351	1.1981878	9.9120731	13.983779
3.5663574	1.208497	9.9103909	14.008463
3.5710351	1.2120408	9.911232	13.983779
3.5647981	1.220417	9.911232	13.996122
3.5663574	1.216229	9.9120731	13.992007
3.5632389	1.2333035	9.911232	13.996122
3.5616794	1.2065641	9.9095497	13.950867
3.5538831	1.1862677	9.911232	14.000236
3.5507646	1.2055975	9.911232	14.02492
3.547646	1.1959326	9.9103909	14.020806
3.547646	1.1885229	9.9103909	14.00435
3.5429683	1.1859456	9.911232	14.012578
3.5398498	1.1878786	9.911232	14.033148
3.5429683	1.1997986	9.9103909	14.012578
3.5382905	1.1833683	9.911232	14.02492
3.5320535	1.194644	9.9120731	14.02492
3.530494	1.2075305	9.9120731	14.02492
3.5211384	1.2004429	9.9103909	14.00435
3.5320535	1.1978656	9.911232	14.008463
3.5195792	1.1930332	9.911232	14.016691
3.5242569	1.1988322	9.911232	14.008463
3.5164607	1.2081748	9.911232	14.00435
3.5117829	1.2068862	9.911232	14.02492
3.5149014	1.2194506	9.9087095	14.029035
3.5086644	1.2081748	9.9095497	14.016691
3.5102236	1.2200949	9.9103909	14.033148
3.4993086	1.2094635	9.911232	14.012578
3.5117829	1.1933553	9.9095497	14.00435
3.5039866	1.2007651	9.911232	13.996122
3.4961901	1.1917446	9.911232	13.996122
3.4977493	1.1939996	9.9120731	14.020806
3.4946308	1.1720926	9.911232	14.00435
3.4946308	1.1727369	9.9095497	14.008463
3.4915123	1.1749921	9.9120731	14.000236
3.489953	1.1727369	9.9095497	14.008463
3.482157	1.1682266	9.9129133	13.979666
3.4743607	1.182724	9.9103909	13.992007
3.4805977	1.2081748	9.9120731	14.02492
3.4790385	1.21043	9.9103909	13.987894
3.4712422	1.1898116	9.911232	14.012578
3.4696829	1.1997986	9.9103909	14.008463
3.4743607	1.2149403	9.9087095	14.074287
3.4681237	1.2101078	9.9078684	14.033148
3.4681237	1.2020538	9.9095497	14.016691
3.4634459	1.2052754	9.911232	14.016691
3.4556494	1.2110744	9.9120731	14.000236
3.4572086	1.2062418	9.911232	14.008463
3.4618864	1.1862677	9.9120731	14.008463
3.4540901	1.1959326	9.9120731	14.037262
3.4572086	1.1962548	9.9120731	14.008463
3.4540901	1.1872343	9.911232	14.02492
3.4509716	1.1933553	9.9103909	14.00435
3.4462938	1.1804688	9.9103909	14.008463
3.4400568	1.1740255	9.911232	13.987894
3.4369383	1.1714482	9.911232	13.992007
3.4369383	1.1685488	9.911232	14.02492
3.435379	1.1911002	9.9137545	14.020806
3.4291418	1.182724	9.911232	14.016691
3.4322605	1.1856234	9.911232	14.000236
3.4322605	1.2081748	9.9095497	14.04549
3.4260232	1.2046311	9.9103909	13.983779
3.424464	1.2081748	9.9120731	14.00435
3.4166677	1.2001208	9.9120731	13.983779
3.418227	1.2188063	9.911232	14.041375
3.4104307	1.1936775	9.9087095	13.996122
3.4151084	1.1843348	9.9095497	14.000236
3.4104307	1.1869121	9.9095497	14.012578
3.4166677	1.1811131	9.911232	14.012578
3.4119899	1.1824018	9.9120731	13.996122
3.4041936	1.180791	9.9103909	14.000236
3.4057529	1.1923889	9.9103909	14.02492
3.4088714	1.1939996	9.911232	14.008463
3.4010751	1.1975435	9.9095497	14.016691
3.3995156	1.2113965	9.911232	14.037262
3.4010751	1.2052754	9.911232	14.00435
3.4026344	1.2171954	9.9120731	14.016691
3.3870416	1.2068862	9.9103909	14.02492
3.3932786	1.2152624	9.9103909	14.049603
3.3917193	1.2152624	9.911232	14.000236
3.3901601	1.1997986	9.911232	14.016691
3.3854823	1.2062418	9.9087095	14.008463
3.3823638	1.1911002	9.9103909	14.020806
3.3823638	1.18659	9.9095497	13.992007
3.3745675	1.1749921	9.9103909	14.000236
3.3792453	1.188845	9.9103909	14.02492
3.3730083	1.2065641	9.9120731	14.037262
3.3683302	1.196577	9.9120731	13.996122
3.366771	1.2107521	9.9095497	14.012578
3.3652117	1.1985099	9.9103909	14.04549
3.371449	1.1936775	9.911232	14.00435
3.366771	1.2094635	9.9103909	14.012578
3.3620932	1.1943219	9.9095497	14.020806
3.3589747	1.2026981	9.911232	14.029035
3.3574154	1.1968992	9.9103909	14.008463
3.3558562	1.2052754	9.9120731	13.996122
3.3636525	1.2023759	9.9095497	14.008463
3.3542969	1.1836904	9.911232	13.992007
3.3527377	1.1904559	9.911232	14.012578
3.3511784	1.2094635	9.911232	14.041375
3.3480599	1.2068862	9.911232	14.053719
3.3418229	1.1904559	9.911232	14.00435
3.3480599	1.1717705	9.911232	13.992007
3.3433821	1.1891673	9.9120731	14.008463
3.3402636	1.1727369	9.9129133	14.033148
3.3309078	1.1795024	9.9103909	14.033148
3.3340263	1.1994765	9.9103909	14.037262
3.3293486	1.2004429	9.911232	14.037262
3.3340263	1.2049532	9.9103909	14.041375
3.3215523	1.2039868	9.911232	14.033148
3.3324671	1.2194506	9.9120731	14.04549
3.3293486	1.2039868	9.911232	14.037262
3.3277893	1.2062418	9.9103909	14.041375
3.3215523	1.1985099	9.9095497	14.029035
3.3215523	1.2001208	9.9103909	14.02492
3.319993	1.2062418	9.911232	14.041375
3.3184338	1.188845	9.911232	14.029035
3.319993	1.2097857	9.9103909	14.037262
3.3153152	1.2200949	9.9103909	14.06606
3.3090782	1.2213836	9.9103909	14.029035
3.3090782	1.2126851	9.9095497	14.016691
3.3090782	1.1997986	9.9095497	14.012578
3.3106375	1.2049532	9.911232	14.029035
3.307519	1.1956105	9.9103909	14.016691
3.307519	1.1952883	9.9103909	14.041375
3.3028409	1.1972213	9.9103909	14.037262
3.2997224	1.1914223	9.9103909	14.029035
3.2981634	1.2036645	9.9095497	14.008463
3.2950449	1.2023759	9.9095497	14.020806
3.2903671	1.1920667	9.9145956	14.016691
3.2950449	1.2139738	9.911232	14.016691
3.2903671	1.2175176	9.911232	14.041375
3.2856894	1.2020538	9.9103909	14.02492
3.2841301	1.1985099	9.9103909	14.016691
3.2856894	1.2036645	9.9120731	14.037262
3.2903671	1.1936775	9.911232	14.037262
3.2872486	1.1749921	9.9095497	14.020806
3.2794523	1.1843348	9.911232	14.016691
3.2747746	1.1968992	9.911232	14.029035
3.2763338	1.2043089	9.9120731	14.041375
3.2732153	1.2014095	9.911232	14.070174
3.2700968	1.1956105	9.9103909	14.033148
3.2732153	1.2133294	9.9103909	14.041375
3.2747746	1.2210613	9.9095497	14.037262
3.2732153	1.2062418	9.9103909	14.016691
3.2654188	1.2039868	9.911232	14.016691
3.2654188	1.2255716	9.911232	14.037262
3.271656	1.2081748	9.911232	14.049603
3.2638595	1.190778	9.911232	14.016691
3.2654188	1.1853013	9.9103909	14.033148
3.2576225	1.1985099	9.911232	14.037262
3.2623003	1.1959326	9.9095497	14.061946
3.2623003	1.1894894	9.9087095	14.037262
3.2576225	1.2062418	9.9095497	14.02492
3.2576225	1.214296	9.9095497	14.029035
3.2529447	1.208497	9.9087095	14.012578
3.2467077	1.2091414	9.911232	14.037262
3.2498262	1.2188063	9.9095497	14.041375
3.2482669	1.2310483	9.9095497	14.082516
3.2498262	1.214296	9.9095497	14.02492
3.2451484	1.2062418	9.911232	14.033148
3.2435892	1.2081748	9.9095497	14.008463
3.2404706	1.2039868	9.911232	14.04549
3.2404706	1.2055975	9.9095497	14.057832
3.2389114	1.18659	9.9120731	14.033148
3.2404706	1.1923889	9.9095497	14.057832
3.2373519	1.2020538	9.9087095	14.049603
3.2295556	1.2020538	9.9103909	14.04549
3.2264371	1.2010872	9.911232	14.04549
3.2342334	1.2046311	9.911232	14.061946
3.2342334	1.2072084	9.911232	14.041375
3.2248778	1.2036645	9.9078684	14.033148
3.2233186	1.2004429	9.911232	14.029035
3.2264371	1.2094635	9.911232	14.049603
3.2248778	1.2217057	9.9095497	14.061946
3.2264371	1.2175176	9.9120731	14.061946
3.2202001	1.196577	9.9103909	14.053719
3.2217593	1.2178397	9.911232	14.049603
3.2186408	1.2068862	9.9129133	14.016691
3.2155223	1.1991543	9.9087095	14.037262
3.2092853	1.2014095	9.9103909	14.041375
3.2124038	1.2101078	9.9103909	14.061946
3.2124038	1.2175176	9.9095497	14.070174
3.2124038	1.2004429	9.911232	14.049603
3.2092853	1.1898116	9.9103909	14.02492
3.2046072	1.1978656	9.9103909	14.04549
3.2108445	1.18659	9.9120731	14.04549
3.203048	1.1994765	9.9095497	14.06606
3.203048	1.1882007	9.9103909	14.037262
3.1999295	1.1891673	9.911232	14.020806
3.1921332	1.1959326	9.9120731	14.033148
3.1952517	1.2017316	9.9103909	14.049603
3.1999295	1.2175176	9.9103909	14.053719
3.196811	1.2194506	9.911232	14.049603
3.1952517	1.220417	9.9120731	14.033148
3.1936924	1.2220279	9.9103909	14.020806
3.196811	1.2062418	9.9087095	14.020806
3.1921332	1.216229	9.9103909	14.037262
3.1843369	1.2004429	9.911232	14.074287
3.1890147	1.1859456	9.911232	14.061946
3.1890147	1.1791801	9.9095497	14.04549
3.1796591	1.1762807	9.9103909	14.057832
3.1812184	1.1849791	9.911232	14.02492
3.1749811	1.1778915	9.9087095	14.049603
3.1780999	1.1840127	9.9129133	14.029035
3.1812184	1.1923889	9.9129133	14.04549
3.1734219	1.1949662	9.9095497	14.04549
3.1749811	1.1836904	9.911232	14.033148
3.1749811	1.1872343	9.911232	14.04549
3.1718626	1.2088192	9.9103909	14.082516
3.1796591	1.2139738	9.9087095	14.037262
3.1671848	1.1978656	9.9087095	14.033148
3.1687441	1.1978656	9.9087095	14.037262
3.1671848	1.2033424	9.9103909	14.04549
3.1640663	1.2046311	9.9087095	14.04549
3.1687441	1.2033424	9.9095497	14.053719
3.1640663	1.194644	9.9120731	14.057832
3.1625071	1.2030202	9.9095497	14.057832
3.1578293	1.1914223	9.911232	14.033148
3.1609478	1.178858	9.9087095	14.016691
3.1609478	1.1753142	9.9087095	14.049603
3.1593885	1.1885229	9.9103909	14.041375
3.1547108	1.190778	9.911232	14.02492
3.15627	1.1997986	9.9120731	14.04549
3.15627	1.1833683	9.9103909	14.02492
3.1484737	1.1959326	9.911232	14.037262
3.1515923	1.2155846	9.911232	14.053719
3.1515923	1.2030202	9.911232	14.053719
3.1547108	1.2246052	9.911232	14.057832
3.1531515	1.2062418	9.9103909	14.033148
3.1422365	1.2014095	9.9095497	14.037262
3.150033	1.2117187	9.9103909	14.061946
3.139118	1.1956105	9.9087095	14.057832
3.1484737	1.2068862	9.9103909	14.074287
3.139118	1.1930332	9.9120731	14.041375
3.1469145	1.1962548	9.9103909	14.037262
3.1328809	1.1798245	9.9095497	14.020806
3.1422365	1.1737034	9.9087095	14.049603
3.1422365	1.2004429	9.9120731	14.070174
3.1359994	1.1782137	9.9095497	14.033148
3.1282032	1.1939996	9.9129133	14.04549
3.1313217	1.192711	9.9103909	14.033148
3.1297624	1.2033424	9.9095497	14.037262
3.1344402	1.2126851	9.9103909	14.041375
3.1282032	1.2088192	9.9095497	14.029035
3.1282032	1.2307262	9.9120731	14.074287
3.1219664	1.2249273	9.9103909	14.041375
3.1282032	1.2326592	9.9103909	14.049603
3.1250846	1.2168733	9.9095497	14.033148
3.1266439	1.2072084	9.9103909	14.04549
3.1250846	1.2088192	9.9095497	14.04549
3.1250846	1.1878786	9.9103909	14.057832
3.1235254	1.180791	9.9095497	14.037262
3.1172886	1.1801467	9.9103909	14.02492
3.1110516	1.1817575	9.9095497	14.02492
3.1157293	1.1775694	9.911232	14.016691
3.1141701	1.1959326	9.9103909	14.049603
3.1157293	1.2068862	9.9103909	14.029035
3.1110516	1.2036645	9.9103909	14.016691
3.1094923	1.2229943	9.911232	14.041375
3.1157293	1.2226722	9.9087095	14.070174
3.1048143	1.226216	9.911232	14.049603
3.1172886	1.2072084	9.9095497	14.033148
3.1110516	1.1981878	9.9103909	14.04549
3.1063738	1.2081748	9.911232	14.049603
3.1141701	1.1943219	9.9095497	14.053719
3.1094923	1.2023759	9.9087095	14.057832
3.1110516	1.1943219	9.9103909	14.074287
3.1094923	1.1994765	9.9095497	14.04549
3.1110516	1.1891673	9.9120731	14.016691
3.1094923	1.1894894	9.9103909	14.04549
3.107933	1.1952883	9.9095497	14.04549
3.1048143	1.2020538	9.911232	14.033148
3.103255	1.190778	9.9129133	14.037262
3.1063738	1.194644	9.9095497	14.070174
3.0985773	1.1843348	9.9103909	14.029035
3.107933	1.2107521	9.9087095	14.061946
3.1016958	1.2178397	9.9095497	14.041375
3.097018	1.2139738	9.911232	14.074287
3.103255	1.2181619	9.9095497	14.04549
3.097018	1.2249273	9.911232	14.04549
3.0985773	1.2178397	9.9120731	14.049603
3.0938995	1.1956105	9.9103909	14.04549
3.0938995	1.1814353	9.9095497	14.041375
3.0938995	1.2033424	9.911232	14.082516
3.097018	1.1862677	9.9078684	14.070174
3.0954587	1.1804688	9.9095497	14.049603
3.0938995	1.1840127	9.9103909	14.033148
3.0829847	1.192711	9.9103909	14.049603
3.0876625	1.2017316	9.9103909	14.041375
3.0845439	1.1917446	9.9103909	14.049603
3.0845439	1.2007651	9.9120731	14.02492
3.0829847	1.212363	9.9103909	14.053719
3.0861032	1.2075305	9.9103909	14.06606
3.0892217	1.2252495	9.9095497	14.082516
3.0814254	1.2146181	9.911232	14.074287
3.0814254	1.224283	9.9120731	14.078403
3.0798662	1.2133294	9.9120731	14.061946
3.0829847	1.2152624	9.9103909	14.074287
3.0783069	1.2126851	9.9095497	14.074287
3.0783069	1.18659	9.911232	14.06606
3.0798662	1.2026981	9.9103909	14.057832
3.0720696	1.18659	9.9129133	14.053719
3.0736289	1.1849791	9.9103909	14.06606
3.0705104	1.1833683	9.9120731	14.037262
3.0720696	1.1843348	9.9078684	14.06606
3.0736289	1.1904559	9.911232	14.057832
3.0736289	1.1853013	9.9103909	14.06606
3.0673919	1.1988322	9.911232	14.04549
3.0642734	1.2133294	9.911232	14.086631
3.0673919	1.2291155	9.911232	14.070174
3.0580363	1.2284712	9.9095497	14.061946
3.0611548	1.2155846	9.9087095	14.041375
3.0595956	1.2110744	9.9087095	14.04549
3.0595956	1.1968992	9.9103909	14.070174
3.0658326	1.190778	9.9103909	14.061946
3.0595956	1.1730591	9.9103909	14.053719
3.0580363	1.1801467	9.9070272	14.074287
3.0564771	1.1914223	9.9103909	14.078403
3.0595956	1.1968992	9.9087095	14.049603
3.0533586	1.2023759	9.9095497	14.057832
3.05024	1.2072084	9.9120731	14.04549
3.0580363	1.2236387	9.9103909	14.061946
3.0549178	1.2281489	9.9095497	14.074287
3.0517993	1.224283	9.9103909	14.06606
3.0517993	1.2065641	9.9103909	14.078403
3.0471215	1.2194506	9.9095497	14.078403
3.0455623	1.196577	9.911232	14.053719
3.05024	1.2043089	9.9103909	14.053719
3.0455623	1.1872343	9.9095497	14.06606
3.0424435	1.1801467	9.9087095	14.053719
3.0424435	1.2010872	9.911232	14.061946
3.0424435	1.1991543	9.911232	14.078403
3.039325	1.1988322	9.911232	14.049603
3.033088	1.1991543	9.9095497	14.070174
3.039325	1.2026981	9.9129133	14.06606
3.0315287	1.2126851	9.9095497	14.082516
3.0346472	1.2030202	9.9087095	14.070174
3.0299695	1.2091414	9.9095497	14.057832
3.0284102	1.2236387	9.9103909	14.078403
3.0362065	1.21043	9.9103909	14.04549
3.033088	1.2007651	9.9103909	14.053719
3.033088	1.1968992	9.9103909	14.057832
3.033088	1.1975435	9.9103909	14.061946
3.0299695	1.2078527	9.9078684	14.086631
3.0284102	1.2072084	9.9078684	14.057832
3.0284102	1.2088192	9.9095497	14.06606
3.0221732	1.2004429	9.911232	14.04549
3.0252917	1.2036645	9.9103909	14.049603
3.0206139	1.1991543	9.9103909	14.041375
3.0268509	1.2039868	9.9103909	14.070174
3.0237324	1.216229	9.9103909	14.049603
3.0206139	1.2178397	9.9095497	14.078403
3.0143769	1.2055975	9.9103909	14.037262
3.0159361	1.2091414	9.9103909	14.049603
3.0237324	1.1901337	9.9103909	14.02492
3.0174954	1.1885229	9.9087095	14.074287
3.0128176	1.1795024	9.9120731	14.057832
3.0159361	1.1936775	9.9095497	14.074287
3.0128176	1.2049532	9.9103909	14.098971
3.0128176	1.194644	9.9095497	14.070174
3.0096989	1.2049532	9.911232	14.057832
3.0112581	1.2110744	9.9120731	14.070174
3.0081396	1.2149403	9.9103909	14.049603
3.0019026	1.2039868	9.911232	14.053719
3.0096989	1.2239609	9.9095497	14.123656
3.0065804	1.230404	9.9103909	14.082516
3.0112581	1.2291155	9.9070272	14.098971
3.0019026	1.2120408	9.9103909	14.04549
3.0034618	1.1994765	9.911232	14.041375
3.0034618	1.2023759	9.9087095	14.053719
3.0019026	1.180791	9.9103909	14.061946
3.0034618	1.182724	9.9087095	14.082516
3.0019026	1.1904559	9.9095497	14.070174
2.9956656	1.192711	9.9103909	14.057832
2.9972248	1.2094635	9.911232	14.074287
2.9972248	1.194644	9.911232	14.078403
2.9956656	1.2113965	9.9103909	14.070174
2.9956656	1.2088192	9.9120731	14.04549
2.9909878	1.2088192	9.9087095	14.037262
2.992547	1.218484	9.911232	14.04549
2.9941063	1.2316927	9.9095497	14.098971
2.9956656	1.2139738	9.911232	14.078403
2.9878693	1.1991543	9.9103909	14.078403
2.9894285	1.1894894	9.9095497	14.070174
2.9909878	1.1882007	9.9087095	14.078403
2.9909878	1.1859456	9.9078684	14.06606
2.9894285	1.1911002	9.9078684	14.1072
2.9831915	1.1975435	9.9095497	14.074287
2.9800727	1.1956105	9.9095497	14.074287
2.9831915	1.1994765	9.9103909	14.090744
2.9785135	1.2055975	9.911232	14.074287
2.9831915	1.214296	9.9087095	14.090744
2.9831915	1.2271825	9.9103909	14.090744
2.9831915	1.2065641	9.911232	14.078403
2.9769542	1.2091414	9.9103909	14.06606
2.9785135	1.1943219	9.911232	14.037262
2.9785135	1.2043089	9.9103909	14.078403
2.9816322	1.1891673	9.9087095	14.078403
2.975395	1.1824018	9.911232	14.078403
2.9722764	1.1985099	9.9103909	14.094858
2.975395	1.1943219	9.9103909	14.090744
2.9691579	1.1956105	9.9087095	14.078403
2.9722764	1.182724	9.911232	14.061946
2.9769542	1.1904559	9.911232	14.061946
2.9707172	1.1911002	9.9129133	14.06606
2.975395	1.1936775	9.911232	14.086631
2.9722764	1.2062418	9.9103909	14.098971
2.9675987	1.2159067	9.9095497	14.094858
2.9691579	1.2181619	9.911232	14.078403
2.9722764	1.2075305	9.911232	14.053719
2.9629209	1.1981878	9.911232	14.029035
2.9675987	1.2023759	9.9095497	14.053719
2.9675987	1.1859456	9.9095497	14.057832
2.9598024	1.1911002	9.9087095	14.082516
2.9629209	1.192711	9.9120731	14.078403
2.9629209	1.194644	9.911232	14.082516
2.9582431	1.1856234	9.911232	14.04549
2.9551246	1.1885229	9.9095497	14.06606
2.9629209	1.1962548	9.9103909	14.061946
2.9629209	1.2130073	9.911232	14.094858
2.9520063	1.220417	9.9095497	14.06606
2.9598024	1.2246052	9.9095497	14.094858
2.9535654	1.2287933	9.9087095	14.135999
2.9598024	1.2068862	9.9095497	14.074287
2.9520063	1.1930332	9.911232	14.049603
2.9473286	1.1791801	9.911232	14.061946
2.9488878	1.1894894	9.9103909	14.098971
2.9582431	1.1898116	9.9087095	14.078403
2.9457693	1.1994765	9.9103909	14.074287
2.9442101	1.2133294	9.911232	14.098971
2.9457693	1.214296	9.9103909	14.086631
2.9426506	1.2052754	9.9120731	14.070174
2.9442101	1.1962548	9.9095497	14.082516
2.9426506	1.1872343	9.9103909	14.078403
2.9442101	1.2017316	9.9103909	14.082516
2.939532	1.1849791	9.911232	14.070174
2.9410913	1.2033424	9.9095497	14.078403
2.9442101	1.1769251	9.911232	14.037262
2.9426506	1.1985099	9.9095497	14.078403
2.9379728	1.1988322	9.911232	14.074287
2.933295	1.2046311	9.9095497	14.098971
2.9426506	1.216229	9.911232	14.078403
2.9442101	1.2023759	9.9078684	14.061946
2.9426506	1.2081748	9.911232	14.070174
2.9301765	1.2020538	9.911232	14.078403
2.9348543	1.1917446	9.9095497	14.049603
2.939532	1.2178397	9.9095497	14.090744
2.9317358	1.208497	9.9087095	14.06606
2.9379728	1.2049532	9.9120731	14.04549
2.9301765	1.2030202	9.911232	14.06606
2.933295	1.2052754	9.9103909	14.082516
2.9301765	1.2065641	9.9095497	14.090744
2.933295	1.1917446	9.9103909	14.078403
2.933295	1.18659	9.9078684	14.061946
2.927058	1.2046311	9.9103909	14.070174
2.927058	1.2046311	9.9103909	14.078403
2.9239395	1.2007651	9.9095497	14.090744
2.9239395	1.1988322	9.9078684	14.078403
2.9317358	1.2194506	9.9103909	14.115428
2.9239395	1.2171954	9.9087095	14.070174
2.9239395	1.2033424	9.9103909	14.06606
2.920821	1.2117187	9.911232	14.070174
2.9239395	1.2094635	9.9103909	14.094858
2.9254987	1.2120408	9.9095497	14.086631
2.9177024	1.1985099	9.911232	14.078403
2.9223802	1.1862677	9.9095497	14.070174
2.9192617	1.1956105	9.9087095	14.06606
2.9177024	1.2023759	9.9095497	14.090744
2.9192617	1.2068862	9.9095497	14.078403
2.920821	1.2139738	9.911232	14.074287
2.920821	1.2178397	9.911232	14.074287
2.9161432	1.224283	9.9103909	14.074287
2.9130247	1.2026981	9.9095497	14.070174
2.9161432	1.2181619	9.9087095	14.094858
2.9177024	1.2165511	9.9095497	14.070174
2.9177024	1.2188063	9.9095497	14.1072
2.9145839	1.2055975	9.911232	14.053719
2.9161432	1.1997986	9.9103909	14.078403
2.9161432	1.2126851	9.9103909	14.078403
2.9130247	1.2146181	9.911232	14.074287
2.9083467	1.2181619	9.9103909	14.111315
2.9130247	1.208497	9.9095497	14.082516
2.9114652	1.2175176	9.9120731	14.094858
2.9099059	1.2152624	9.9103909	14.082516
2.9083467	1.2188063	9.911232	14.1072
2.9130247	1.2229943	9.9103909	14.090744
2.9114652	1.2107521	9.9087095	14.086631
2.9083467	1.2020538	9.9120731	14.061946
2.9067874	1.188845	9.9095497	14.061946
2.9052281	1.1933553	9.9087095	14.074287
2.9021096	1.1959326	9.9078684	14.090744
2.9036689	1.2094635	9.9095497	14.12777
2.9005504	1.2178397	9.9103909	14.057832
2.9005504	1.1985099	9.9103909	14.061946
2.9052281	1.2017316	9.911232	14.06606
2.8958726	1.1869121	9.9103909	14.078403
2.9036689	1.1962548	9.9087095	14.053719
2.9052281	1.2110744	9.9103909	14.098971
2.8989911	1.2049532	9.9103909	14.1072
2.9036689	1.2068862	9.9103909	14.090744
2.8989911	1.2014095	9.911232	14.061946
2.9005504	1.2014095	9.9120731	14.074287
2.8989911	1.2033424	9.9103909	14.090744
2.8974319	1.1978656	9.9103909	14.06606
2.9005504	1.2010872	9.9103909	14.061946
2.8943133	1.2004429	9.9095497	14.074287
2.8989911	1.2088192	9.9103909	14.06606
2.8943133	1.1840127	9.9095497	14.037262
2.8943133	1.1882007	9.9095497	14.06606
2.8989911	1.2094635	9.9087095	14.090744
2.8880763	1.2091414	9.9095497	14.061946
2.8880763	1.2059197	9.9103909	14.070174
2.8911948	1.1894894	9.9087095	14.053719
2.8927541	1.2075305	9.9095497	14.094858
2.8927541	1.212363	9.9095497	14.090744
2.8911948	1.2023759	9.9103909	14.094858
2.8849578	1.1933553	9.9103909	14.070174
2.8849578	1.2046311	9.9087095	14.074287
2.886517	1.2075305	9.911232	14.06606
2.8880763	1.2062418	9.9120731	14.098971
2.8849578	1.2088192	9.9095497	14.078403
2.8880763	1.2178397	9.9103909	14.090744
2.8849578	1.2139738	9.9095497	14.061946
2.8849578	1.2014095	9.9087095	14.078403
2.8818393	1.1972213	9.9103909	14.06606
2.8849578	1.2191284	9.9095497	14.094858
2.8849578	1.208497	9.911232	14.086631
2.8802798	1.2194506	9.9095497	14.094858
2.875602	1.1972213	9.9103909	14.053719
2.8787205	1.1891673	9.911232	14.053719
2.8818393	1.1997986	9.9103909	14.090744
2.8787205	1.2055975	9.9095497	14.111315
2.8787205	1.2081748	9.9095497	14.082516
2.8724835	1.2017316	9.9095497	14.074287
2.8787205	1.2097857	9.9103909	14.074287
2.8740427	1.1956105	9.9103909	14.049603
2.875602	1.1882007	9.9078684	14.06606
2.869365	1.1836904	9.9095497	14.04549
2.869365	1.1762807	9.9095497	14.078403
2.875602	1.1885229	9.9087095	14.061946
2.8740427	1.1904559	9.9120731	14.061946
2.8740427	1.190778	9.9120731	14.06606
2.8724835	1.2020538	9.9120731	14.094858
2.8600094	1.2097857	9.911232	14.082516
2.8709242	1.2152624	9.9095497	14.061946
2.869365	1.2255716	9.9087095	14.086631
2.869365	1.2355586	9.911232	14.094858
2.8724835	1.2252495	9.9103909	14.074287
2.869365	1.1959326	9.911232	14.061946
2.8631279	1.1885229	9.9095497	14.090744
2.8615687	1.2055975	9.9103909	14.103086
2.8631279	1.1923889	9.911232	14.061946
2.8631279	1.1878786	9.9087095	14.061946
2.8631279	1.1904559	9.9103909	14.082516
2.8662465	1.212363	9.9120731	14.061946
2.8615687	1.2049532	9.911232	14.049603
2.8662465	1.188845	9.9103909	14.086631
2.8631279	1.1878786	9.9120731	14.061946
2.8584502	1.2101078	9.911232	14.090744
2.8600094	1.1994765	9.9095497	14.086631
2.8584502	1.1968992	9.9120731	14.103086
2.8568909	1.1898116	9.9095497	14.074287
2.8584502	1.2094635	9.9078684	14.078403
2.8584502	1.2101078	9.9103909	14.078403
2.8553317	1.2046311	9.9095497	14.090744
2.8568909	1.2175176	9.9095497	14.086631
2.8537724	1.2229943	9.9095497	14.1072
2.8568909	1.220417	9.9103909	14.090744
2.8553317	1.2217057	9.9095497	14.078403
2.8506539	1.2023759	9.9103909	14.057832
2.8537724	1.2059197	9.9095497	14.053719
2.8522131	1.2023759	9.9087095	14.053719
2.8568909	1.196577	9.911232	14.057832
2.8553317	1.1917446	9.9120731	14.082516
2.8490944	1.2046311	9.9095497	14.098971
2.8490944	1.2207392	9.9103909	14.103086
2.8506539	1.2078527	9.9087095	14.078403
2.8428574	1.2217057	9.911232	14.094858
2.8490944	1.2229943	9.9103909	14.094858
2.8459759	1.2181619	9.9120731	14.086631
2.8522131	1.2197727	9.9103909	14.1072
2.8444166	1.2088192	9.9103909	14.098971
2.8490944	1.1917446	9.9095497	14.078403
2.8459759	1.1991543	9.9103909	14.111315
2.8506539	1.1904559	9.9103909	14.094858
2.8459759	1.190778	9.9103909	14.098971
2.8397388	1.1911002	9.9095497	14.070174
2.8459759	1.2110744	9.9095497	14.111315
2.8412981	1.2175176	9.9103909	14.090744
2.8428574	1.2094635	9.9103909	14.123656
2.8412981	1.2081748	9.9095497	14.078403
2.8428574	1.2246052	9.9103909	14.115428
2.8350611	1.2213836	9.9103909	14.094858
2.8366203	1.1994765	9.9103909	14.078403
2.8444166	1.1920667	9.911232	14.070174
2.8381796	1.2020538	9.9103909	14.103086
2.8381796	1.2110744	9.9095497	14.111315
2.8303833	1.1985099	9.9103909	14.090744
2.8335018	1.1923889	9.9078684	14.074287
2.8350611	1.212363	9.9103909	14.115428
2.8397388	1.2081748	9.9103909	14.115428
2.8335018	1.2181619	9.911232	14.111315
2.8350611	1.2130073	9.9087095	14.086631
2.8366203	1.2159067	9.9095497	14.078403
2.8319426	1.2072084	9.9087095	14.082516
2.8335018	1.2178397	9.9103909	14.131884
2.828824	1.2081748	9.9103909	14.098971
2.8257055	1.2007651	9.9095497	14.135999
2.8303833	1.216229	9.9095497	14.115428
2.8335018	1.2072084	9.9095497	14.098971
2.8272648	1.2107521	9.9120731	14.094858
2.828824	1.220417	9.9095497	14.131884
2.8319426	1.2197727	9.911232	14.086631
2.8319426	1.2120408	9.9103909	14.082516
2.822587	1.1991543	9.9120731	14.1072
2.8272648	1.2062418	9.9095497	14.103086
2.8241463	1.2220279	9.9095497	14.115428
2.817909	1.1978656	9.9103909	14.078403
2.822587	1.1753142	9.9103909	14.090744
2.817909	1.2030202	9.9087095	14.111315
2.822587	1.2078527	9.9103909	14.103086
2.8210278	1.192711	9.911232	14.090744
2.8241463	1.190778	9.9078684	14.090744
2.817909	1.1991543	9.9095497	14.090744
2.822587	1.2078527	9.911232	14.098971
2.822587	1.2088192	9.911232	14.111315
2.822587	1.2049532	9.9120731	14.103086
2.8163497	1.2055975	9.9103909	14.098971
2.811672	1.2020538	9.9137545	14.082516
2.817909	1.1936775	9.9095497	14.090744
2.8210278	1.1772472	9.911232	14.078403
2.822587	1.1885229	9.9087095	14.090744
2.8163497	1.2049532	9.9120731	14.094858
2.8132312	1.1978656	9.9103909	14.086631
2.8132312	1.2062418	9.9095497	14.082516
2.8147905	1.2023759	9.9120731	14.090744
2.8163497	1.2026981	9.9129133	14.074287
2.8132312	1.2049532	9.9095497	14.078403
2.817909	1.2101078	9.9103909	14.103086
2.8085535	1.2097857	9.9095497	14.094858
2.811672	1.1959326	9.9103909	14.090744
2.8163497	1.2171954	9.9095497	14.115428
2.8147905	1.2007651	9.9103909	14.111315
2.8163497	1.1968992	9.911232	14.115428
2.8085535	1.1991543	9.9070272	14.082516
2.811672	1.2017316	9.911232	14.082516
2.8101127	1.2023759	9.911232	14.061946
2.8132312	1.2033424	9.9095497	14.131884
2.8101127	1.2152624	9.9103909	14.1072
2.8085535	1.2194506	9.9095497	14.1072
2.8101127	1.218484	9.9078684	14.078403
2.8069942	1.2017316	9.9095497	14.086631
2.8054349	1.2043089	9.9087095	14.090744
2.8038757	1.216229	9.9087095	14.090744
2.8101127	1.2010872	9.9103909	14.090744
2.8101127	1.1933553	9.9095497	14.082516
2.8007572	1.1968992	9.9095497	14.090744
2.8038757	1.2020538	9.9095497	14.078403
2.7991979	1.1994765	9.9103909	14.135999
2.8038757	1.2049532	9.9103909	14.082516
2.8023164	1.2101078	9.9120731	14.078403
2.8038757	1.212363	9.911232	14.070174
2.8054349	1.2120408	9.9095497	14.078403
2.8007572	1.216229	9.9087095	14.086631
2.7991979	1.208497	9.9095497	14.1072
2.7991979	1.196577	9.9070272	14.111315
2.8023164	1.1869121	9.9095497	14.090744
2.8007572	1.1952883	9.911232	14.086631
2.7945201	1.2046311	9.911232	14.086631
2.7976387	1.2120408	9.9087095	14.135999
2.7945201	1.2023759	9.9087095	14.090744
2.7976387	1.212363	9.9087095	14.086631
2.7991979	1.220417	9.911232	14.123656
2.7945201	1.2168733	9.9095497	14.1072
2.7976387	1.2139738	9.9103909	14.1072
2.7898426	1.2281489	9.9087095	14.12777
2.7976387	1.2213836	9.911232	14.082516
2.8007572	1.2149403	9.9103909	14.1072
2.8007572	1.1978656	9.9103909	14.074287
2.7976387	1.2200949	9.9087095	14.1072
2.7898426	1.2207392	9.9095497	14.090744
2.7929609	1.2130073	9.911232	14.082516
2.7914016	1.1985099	9.9095497	14.086631
2.7882833	1.2081748	9.9103909	14.103086
2.7882833	1.2081748	9.911232	14.090744
2.7804868	1.1956105	9.9103909	14.082516
2.7867241	1.1798245	9.9103909	14.074287
2.7914016	1.1952883	9.9095497	14.123656
2.7898426	1.2043089	9.911232	14.1072
2.7804868	1.2117187	9.9103909	14.103086
2.7929609	1.1949662	9.911232	14.078403
2.7882833	1.2072084	9.9095497	14.078403
2.7851648	1.2236387	9.9103909	14.1072
2.7882833	1.22235	9.9078684	14.1072
2.7789276	1.2278268	9.9103909	14.103086
2.7836056	1.2068862	9.911232	14.061946
2.7867241	1.2049532	9.9129133	14.06606
2.7804868	1.1949662	9.911232	14.074287
2.7851648	1.194644	9.9103909	14.082516
2.7867241	1.2062418	9.9095497	14.115428
2.7789276	1.1862677	9.9095497	14.094858
2.7789276	1.208497	9.911232	14.1072
2.7820463	1.1862677	9.911232	14.070174
2.7789276	1.1853013	9.9095497	14.1072
2.7789276	1.1943219	9.9120731	14.111315
2.7820463	1.2017316	9.9095497	14.156569
2.7773683	1.2049532	9.9095497	14.098971
2.7726905	1.1901337	9.9087095	14.094858
2.775809	1.2004429	9.9103909	14.103086
2.7726905	1.2120408	9.9095497	14.135999
2.7773683	1.218484	9.9103909	14.086631
2.7789276	1.2294376	9.911232	14.098971
2.7711313	1.2133294	9.9103909	14.074287
2.7726905	1.220417	9.9087095	14.103086
2.7742498	1.1943219	9.9087095	14.074287
2.7726905	1.1882007	9.9103909	14.086631
2.7726905	1.1759585	9.9087095	14.103086
2.7742498	1.1753142	9.9103909	14.082516
2.7680128	1.1914223	9.9087095	14.094858
2.7742498	1.2004429	9.9120731	14.090744
2.7680128	1.1972213	9.911232	14.094858
2.7680128	1.1991543	9.911232	14.06606
2.7726905	1.208497	9.9095497	14.086631
2.7726905	1.2249273	9.9103909	14.123656
2.7726905	1.2246052	9.9103909	14.098971
2.7726905	1.2175176	9.9095497	14.090744
2.7742498	1.2155846	9.9070272	14.090744
2.7680128	1.2043089	9.9120731	14.090744
2.7680128	1.2007651	9.9095497	14.098971
2.7711313	1.1862677	9.9078684	14.090744
2.7664535	1.1817575	9.9095497	14.078403
2.7680128	1.2052754	9.9087095	14.1072
2.7664535	1.2007651	9.9087095	14.090744
2.7680128	1.1936775	9.9103909	14.082516
2.7680128	1.1904559	9.911232	14.1072
2.7648942	1.1917446	9.9137545	14.082516
2.763335	1.1962548	9.911232	14.070174
2.763335	1.192711	9.9087095	14.082516
2.7648942	1.2091414	9.9095497	14.094858
2.7648942	1.2191284	9.9087095	14.098971
2.7539794	1.2178397	9.9120731	14.090744
2.7602165	1.2120408	9.9103909	14.098971
2.7664535	1.2001208	9.9103909	14.070174
2.7617757	1.216229	9.9103909	14.111315
2.7648942	1.21043	9.9078684	14.082516
2.7664535	1.2059197	9.9095497	14.094858
2.7602165	1.1923889	9.9103909	14.074287
2.7648942	1.1952883	9.911232	14.098971
2.7539794	1.2030202	9.9120731	14.086631
2.7555387	1.2017316	9.9095497	14.103086
2.7508609	1.1972213	9.9095497	14.094858
2.7586572	1.2059197	9.9087095	14.098971
2.7524202	1.2075305	9.9087095	14.098971
2.7508609	1.1994765	9.9087095	14.070174
2.7617757	1.2110744	9.9095497	14.094858
2.7524202	1.2081748	9.9103909	14.098971
2.7602165	1.194644	9.911232	14.111315
2.7539794	1.1859456	9.9095497	14.086631
2.7555387	1.2004429	9.9103909	14.090744
2.7446237	1.2010872	9.9087095	14.074287
2.7555387	1.1923889	9.9087095	14.06606
2.7539794	1.2075305	9.9120731	14.074287
2.7508609	1.2136517	9.9095497	14.053719
2.7555387	1.2155846	9.9103909	14.1072
2.7524202	1.208497	9.9087095	14.111315
2.7524202	1.2120408	9.9095497	14.119543
2.7539794	1.2117187	9.9103909	14.094858
2.7555387	1.196577	9.9095497	14.115428
2.7555387	1.18659	9.911232	14.078403
2.7508609	1.1901337	9.9103909	14.082516
2.757098	1.1939996	9.9103909	14.078403
2.7446237	1.1830461	9.9095497	14.090744
2.757098	1.1843348	9.9078684	14.090744
2.7446237	1.1994765	9.9103909	14.082516
2.7446237	1.2017316	9.9103909	14.123656
2.7477422	1.2101078	9.911232	14.103086
2.7493014	1.1894894	9.9103909	14.074287
2.7524202	1.2043089	9.911232	14.078403
2.7461829	1.2004429	9.9120731	14.098971
2.7446237	1.2078527	9.9120731	14.06606
2.7493014	1.2255716	9.9095497	14.115428
2.7477422	1.2271825	9.9087095	14.123656
2.7461829	1.2097857	9.9103909	14.090744
2.7446237	1.1985099	9.911232	14.074287
2.7493014	1.1878786	9.911232	14.094858
2.7446237	1.1785358	9.9095497	14.082516
2.7461829	1.1756364	9.9103909	14.090744
2.7446237	1.1824018	9.9095497	14.086631
2.7368274	1.1904559	9.9078684	14.086631
2.7430644	1.1968992	9.9103909	14.078403
2.7383866	1.1968992	9.9120731	14.078403
2.7430644	1.2046311	9.9095497	14.074287
2.7446237	1.2178397	9.9095497	14.098971
2.7321496	1.2213836	9.9137545	14.053719
2.7461829	1.216229	9.9095497	14.074287
2.7383866	1.2210613	9.9095497	14.094858
2.7337089	1.2200949	9.911232	14.094858
2.7430644	1.2059197	9.911232	14.098971
2.7430644	1.1988322	9.9103909	14.1072
2.7415051	1.1862677	9.9103909	14.103086
2.7415051	1.1904559	9.9103909	14.098971
2.7368274	1.2007651	9.911232	14.111315
2.7352681	1.2059197	9.9078684	14.111315
2.7399459	1.2023759	9.9095497	14.098971
2.7290311	1.2101078	9.9120731	14.078403
2.7337089	1.214296	9.9137545	14.094858
2.7352681	1.2078527	9.9095497	14.098971
2.7352681	1.2275046	9.9095497	14.115428
2.7368274	1.2265382	9.9095497	14.111315
2.7321496	1.2229943	9.9103909	14.098971
2.7305903	1.208497	9.9103909	14.098971
2.7259126	1.2091414	9.9103909	14.078403
2.7321496	1.2136517	9.9095497	14.086631
2.7259126	1.18659	9.9095497	14.074287
2.7337089	1.1885229	9.9095497	14.119543
2.7259126	1.1836904	9.9095497	14.090744
2.7290311	1.1997986	9.9103909	14.115428
2.7305903	1.2030202	9.9120731	14.074287
2.7290311	1.2020538	9.911232	14.090744
2.7321496	1.2088192	9.9120731	14.094858
2.7321496	1.2133294	9.9078684	14.111315
2.7259126	1.2252495	9.911232	14.12777
2.7337089	1.2339479	9.9070272	14.119543
2.7274718	1.2213836	9.9078684	14.094858
2.7259126	1.2178397	9.9095497	14.098971
2.7212348	1.2072084	9.9120731	14.1072
2.7227941	1.1856234	9.9103909	14.078403
2.7290311	1.2030202	9.9103909	14.12777
2.7274718	1.2046311	9.9070272	14.115428
2.7259126	1.2010872	9.9095497	14.094858
2.7243533	1.2026981	9.9087095	14.111315
2.7243533	1.2139738	9.9103909	14.131884
2.718116	1.2036645	9.9120731	14.123656
2.718116	1.1991543	9.9087095	14.119543
2.7212348	1.1894894	9.9120731	14.090744
2.7212348	1.2026981	9.9103909	14.1072
2.7259126	1.18659	9.9095497	14.123656
2.7196755	1.2052754	9.9103909	14.1072
2.7165568	1.184657	9.911232	14.082516
2.7196755	1.2007651	9.9095497	14.111315
2.718116	1.1885229	9.911232	14.1072
2.7305903	1.192711	9.9103909	14.1072
2.718116	1.2188063	9.9095497	14.12777
2.718116	1.208497	9.9103909	14.123656
2.718116	1.2149403	9.911232	14.1072
2.7165568	1.2026981	9.9095497	14.086631
2.718116	1.2007651	9.9095497	14.103086
2.718116	1.2117187	9.9095497	14.115428
2.718116	1.1997986	9.9103909	14.111315
2.7165568	1.2055975	9.9103909	14.090744
2.7149975	1.2023759	9.9078684	14.1072
2.7103198	1.2023759	9.911232	14.119543
2.718116	1.2110744	9.911232	14.1072
2.7212348	1.1997986	9.9103909	14.103086
2.7212348	1.192711	9.9095497	14.119543
2.7149975	1.2026981	9.911232	14.103086
2.7149975	1.2004429	9.9103909	14.094858
2.7134383	1.1939996	9.9095497	14.115428
2.718116	1.2052754	9.9087095	14.135999
2.7149975	1.2239609	9.9087095	14.135999
2.711879	1.2175176	9.9095497	14.090744
2.7165568	1.2152624	9.911232	14.103086
2.7149975	1.2126851	9.9103909	14.103086
2.7103198	1.2081748	9.911232	14.115428
2.7165568	1.2136517	9.9103909	14.135999
2.7072012	1.2030202	9.9120731	14.111315
2.7072012	1.1814353	9.9087095	14.094858
2.7040827	1.2010872	9.9120731	14.115428
2.7072012	1.2097857	9.9095497	14.1072
2.7103198	1.2107521	9.9103909	14.094858
2.7025235	1.2088192	9.9103909	14.111315
2.7087605	1.2233166	9.9095497	14.111315
2.7087605	1.2378138	9.911232	14.152455
2.705642	1.2094635	9.911232	14.1072
2.7103198	1.2220279	9.9095497	14.111315
2.7087605	1.2091414	9.9087095	14.094858
2.705642	1.2120408	9.9103909	14.144227
2.7103198	1.2072084	9.9087095	14.098971
2.7072012	1.2020538	9.9103909	14.115428
2.7040827	1.2139738	9.9087095	14.1072
2.7025235	1.2152624	9.9103909	14.098971
2.705642	1.2110744	9.9103909	14.094858
2.7040827	1.2072084	9.9095497	14.115428
2.7040827	1.216229	9.9103909	14.131884
2.7072012	1.218484	9.9103909	14.115428
2.7009642	1.2007651	9.911232	14.074287
2.7040827	1.2030202	9.9095497	14.090744
2.7040827	1.1988322	9.9103909	14.086631
2.7072012	1.1872343	9.9103909	14.06606
2.7025235	1.18659	9.9103909	14.1072
2.6962864	1.1952883	9.911232	14.119543
2.6962864	1.2094635	9.9120731	14.1072
2.699405	1.2094635	9.9103909	14.115428
2.699405	1.2200949	9.9103909	14.1072
2.7025235	1.2126851	9.9095497	14.12777
2.705642	1.2175176	9.9103909	14.1072
2.7040827	1.1968992	9.9095497	14.090744
2.7040827	1.2146181	9.9087095	14.12777
2.7025235	1.2110744	9.9095497	14.115428
2.7009642	1.2075305	9.9095497	14.119543
2.699405	1.2014095	9.9103909	14.111315
2.7025235	1.2007651	9.9103909	14.12777
2.705642	1.2072084	9.9120731	14.1072
2.6978457	1.2075305	9.9087095	14.119543
2.699405	1.216229	9.9095497	14.098971
2.6978457	1.2175176	9.9103909	14.1072
2.6916087	1.2168733	9.911232	14.115428
2.6931679	1.2246052	9.911232	14.115428
2.6962864	1.2036645	9.9120731	14.111315
2.6978457	1.2091414	9.9095497	14.111315
2.6916087	1.2036645	9.911232	14.090744
2.6916087	1.216229	9.9103909	14.086631
2.6962864	1.2197727	9.9087095	14.12777
2.6931679	1.1962548	9.9095497	14.082516
2.6931679	1.2213836	9.9095497	14.140112
2.6947272	1.2159067	9.9103909	14.115428
2.6947272	1.2055975	9.9087095	14.086631
2.6916087	1.1853013	9.9120731	14.074287
2.6916087	1.188845	9.9095497	14.06606
2.6947272	1.2043089	9.911232	14.094858
2.6916087	1.2010872	9.9103909	14.111315
2.6916087	1.2078527	9.9103909	14.12777
2.6869307	1.2188063	9.9078684	14.119543
2.6947272	1.224283	9.9103909	14.111315
2.6916087	1.2194506	9.911232	14.1072
2.6869307	1.2120408	9.9095497	14.119543
2.6853714	1.2326592	9.9103909	14.156569
2.6853714	1.2226722	9.9103909	14.1072
2.6931679	1.22235	9.9095497	14.098971
2.6853714	1.1978656	9.9103909	14.082516
2.6853714	1.2030202	9.911232	14.144227
2.6838121	1.2146181	9.911232	14.12777
2.6869307	1.2130073	9.9095497	14.119543
2.6822529	1.188845	9.9103909	14.082516
2.6791344	1.1820797	9.9103909	14.111315
2.6869307	1.1981878	9.9087095	14.1072
2.6806936	1.1840127	9.911232	14.098971
2.6900494	1.194644	9.9103909	14.115428
2.6806936	1.180791	9.911232	14.078403
2.6853714	1.1853013	9.9120731	14.090744
2.6791344	1.2068862	9.9095497	14.098971
2.6791344	1.2059197	9.9095497	14.135999
2.6838121	1.2191284	9.9087095	14.119543
2.6822529	1.2165511	9.911232	14.098971
2.6838121	1.2236387	9.9095497	14.098971
2.6822529	1.2258939	9.9095497	14.131884
2.6853714	1.2072084	9.9087095	14.090744
2.6806936	1.2200949	9.9095497	14.12777
2.6791344	1.212363	9.911232	14.123656
2.6806936	1.2072084	9.9103909	14.111315
2.6791344	1.1939996	9.9103909	14.103086
2.6775751	1.1943219	9.911232	14.094858
2.6744566	1.1975435	9.9095497	14.103086
2.6728973	1.2107521	9.9095497	14.090744
2.6791344	1.1968992	9.911232	14.103086
2.6791344	1.2055975	9.911232	14.094858
2.6775751	1.2033424	9.9103909	14.103086
2.6728973	1.2065641	9.9103909	14.115428
2.6744566	1.190778	9.911232	14.098971
2.6760159	1.1949662	9.9095497	14.119543
2.6728973	1.2055975	9.9103909	14.1072
2.6791344	1.2181619	9.911232	14.1072
2.6791344	1.208497	9.9103909	14.115428
2.6775751	1.2039868	9.9103909	14.090744
2.6728973	1.2139738	9.911232	14.115428
2.6728973	1.2107521	9.9078684	14.103086
2.6760159	1.1972213	9.9103909	14.111315
2.6713381	1.2014095	9.9095497	14.12777
2.6760159	1.2091414	9.9103909	14.123656
2.6682196	1.2065641	9.9095497	14.1072
2.6728973	1.1975435	9.9095497	14.123656
2.6697788	1.196577	9.9103909	14.1072
2.6682196	1.2068862	9.9087095	14.1072
2.6744566	1.2052754	9.911232	14.090744
2.6697788	1.2091414	9.9095497	14.131884
2.6728973	1.2207392	9.9095497	14.111315
2.6775751	1.2236387	9.9087095	14.123656
2.6651011	1.2217057	9.9120731	14.1072
2.6728973	1.2175176	9.911232	14.090744
2.6697788	1.2033424	9.9095497	14.074287
2.6666603	1.2043089	9.9103909	14.090744
2.6697788	1.1894894	9.9103909	14.111315
2.6635418	1.2046311	9.9095497	14.14834
2.6728973	1.1923889	9.9103909	14.111315
2.6697788	1.1904559	9.9103909	14.1072
2.6713381	1.1956105	9.911232	14.098971
2.6682196	1.2007651	9.9095497	14.12777
2.6728973	1.1994765	9.9103909	14.115428
2.6713381	1.2120408	9.911232	14.164796
2.6666603	1.2220279	9.9103909	14.144227
2.6713381	1.2226722	9.9095497	14.14834
2.6728973	1.2049532	9.9095497	14.111315
2.6682196	1.2046311	9.9103909	14.156569
2.6697788	1.2168733	9.911232	14.12777
2.6682196	1.2117187	9.9103909	14.111315
2.6682196	1.216229	9.9095497	14.140112
2.6682196	1.2091414	9.9078684	14.115428
2.6682196	1.2152624	9.9078684	14.135999
2.6713381	1.2181619	9.911232	14.12777
2.6682196	1.2007651	9.9103909	14.14834
2.6635418	1.2046311	9.9070272	14.131884
2.6651011	1.2055975	9.9103909	14.115428
2.6604233	1.1962548	9.911232	14.103086
2.6666603	1.1891673	9.9095497	14.144227
2.6666603	1.1817575	9.9103909	14.1072
2.6682196	1.1978656	9.9095497	14.119543
2.6651011	1.21043	9.9087095	14.140112
2.6619825	1.2081748	9.9103909	14.140112
2.6635418	1.2345922	9.9078684	14.173024
2.6682196	1.2410355	9.9095497	14.156569
2.6682196	1.2397468	9.9095497	14.135999
2.6604233	1.2297598	9.9087095	14.111315
2.6635418	1.226216	9.9095497	14.119543
2.6573048	1.2287933	9.9095497	14.123656
2.6666603	1.2130073	9.9087095	14.115428
2.6635418	1.2059197	9.911232	14.115428
2.6619825	1.1904559	9.9103909	14.111315
2.6573048	1.1914223	9.9103909	14.140112
2.6573048	1.1939996	9.9095497	14.111315
2.6573048	1.1956105	9.9095497	14.12777
2.6604233	1.2049532	9.9087095	14.140112
2.654186	1.2110744	9.9103909	14.123656
2.6619825	1.2155846	9.9103909	14.140112
2.654186	1.2133294	9.9087095	14.140112
2.6557453	1.2133294	9.9087095	14.156569
2.6573048	1.2094635	9.9103909	14.12777
2.6495082	1.2130073	9.9103909	14.111315
2.6557453	1.21043	9.911232	14.103086
2.658864	1.1962548	9.911232	14.131884
2.658864	1.1943219	9.9103909	14.119543
2.654186	1.2110744	9.9103909	14.152455
2.6557453	1.2030202	9.9095497	14.119543
2.654186	1.1923889	9.9095497	14.135999
2.654186	1.1869121	9.9095497	14.12777
2.6526268	1.1917446	9.9103909	14.135999
2.6510675	1.2030202	9.911232	14.12777
2.6510675	1.2007651	9.9095497	14.1072
2.654186	1.1875564	9.9095497	14.103086
2.6510675	1.2049532	9.9078684	14.12777
2.6495082	1.216229	9.911232	14.156569
2.6510675	1.2088192	9.9095497	14.12777
2.6510675	1.2233166	9.9087095	14.144227
2.6510675	1.2297598	9.9103909	14.140112
2.6526268	1.2278268	9.9095497	14.111315
2.6495082	1.2059197	9.9070272	14.094858
2.647949	1.2010872	9.9103909	14.12777
2.654186	1.2188063	9.9095497	14.144227
2.6557453	1.212363	9.911232	14.115428
2.6557453	1.2191284	9.9103909	14.123656
2.6510675	1.2023759	9.9095497	14.111315
2.647949	1.2168733	9.911232	14.193595
2.6526268	1.2284712	9.911232	14.156569
2.647949	1.2139738	9.9087095	14.140112
2.6495082	1.2117187	9.9095497	14.12777
2.6448305	1.2136517	9.9095497	14.115428
2.6495082	1.2152624	9.9120731	14.123656
2.6495082	1.2278268	9.9095497	14.144227
2.6495082	1.2191284	9.9095497	14.160683
2.6495082	1.2391025	9.9103909	14.164796
2.6463897	1.2136517	9.9103909	14.111315
2.6510675	1.2175176	9.9103909	14.12777
2.6463897	1.1956105	9.9095497	14.115428
2.647949	1.1930332	9.911232	14.115428
2.641712	1.2049532	9.9095497	14.135999
2.647949	1.1968992	9.9103909	14.14834
2.6339159	1.1853013	9.9120731	14.123656
2.6385934	1.1772472	9.9103909	14.12777
2.6432712	1.1859456	9.911232	14.119543
2.6432712	1.1997986	9.9078684	14.14834
2.6432712	1.2007651	9.911232	14.131884
2.6448305	1.2133294	9.9087095	14.144227
2.6463897	1.2175176	9.9095497	14.152455
2.6463897	1.2297598	9.9095497	14.135999
2.6432712	1.1991543	9.9078684	14.119543
2.6432712	1.2059197	9.9087095	14.12777
2.6370342	1.2036645	9.9103909	14.119543
2.6432712	1.2055975	9.9103909	14.123656
2.6385934	1.2059197	9.9087095	14.123656
2.647949	1.2094635	9.9103909	14.115428
2.6401527	1.2046311	9.911232	14.123656
2.6463897	1.2020538	9.911232	14.12777
2.641712	1.2171954	9.9095497	14.14834
2.6463897	1.2126851	9.911232	14.140112
2.6370342	1.2146181	9.9103909	14.152455
2.6448305	1.2097857	9.9087095	14.140112
2.6385934	1.2026981	9.911232	14.140112
2.6401527	1.218484	9.9103909	14.140112
2.6370342	1.2110744	9.9095497	14.140112
2.6385934	1.2020538	9.9078684	14.131884
2.6385934	1.1991543	9.9095497	14.1072
2.6370342	1.2146181	9.9095497	14.12777
2.6385934	1.2265382	9.9095497	14.135999
2.6370342	1.2220279	9.9103909	14.156569
2.6339159	1.2229943	9.9095497	14.135999
2.6339159	1.230404	9.9095497	14.135999
2.6385934	1.2281489	9.9103909	14.131884
2.6354749	1.2136517	9.9103909	14.115428
2.6354749	1.2010872	9.9095497	14.144227
2.6385934	1.2043089	9.9087095	14.140112
2.6307974	1.2200949	9.9103909	14.14834
2.6385934	1.2036645	9.9095497	14.12777
2.6323566	1.2030202	9.9095497	14.135999
2.6323566	1.2068862	9.9095497	14.135999
2.6339159	1.2107521	9.911232	14.098971
2.6354749	1.1911002	9.911232	14.111315
2.6370342	1.1775694	9.9103909	14.098971
2.6354749	1.2136517	9.9078684	14.156569
2.6339159	1.2017316	9.9095497	14.12777
2.6323566	1.2126851	9.9095497	14.144227
2.6339159	1.1933553	9.9095497	14.103086
2.6307974	1.2020538	9.9095497	14.094858
2.6276789	1.2133294	9.911232	14.1072
2.6261196	1.2152624	9.9095497	14.094858
2.6261196	1.2229943	9.9087095	14.12777
2.6261196	1.2039868	9.911232	14.131884
2.6276789	1.2081748	9.9120731	14.14834
2.6276789	1.2088192	9.9103909	14.131884
2.6323566	1.2059197	9.9095497	14.135999
2.6292381	1.216229	9.9103909	14.111315
2.6245604	1.2049532	9.9095497	14.144227
2.6276789	1.2139738	9.9103909	14.090744
2.6276789	1.1936775	9.911232	14.082516
2.6261196	1.2033424	9.9095497	14.12777
2.6307974	1.1972213	9.9103909	14.090744
2.6152046	1.2033424	9.9103909	14.123656
2.6276789	1.21043	9.911232	14.098971
2.6261196	1.1978656	9.9120731	14.1072
2.6292381	1.2014095	9.911232	14.082516
2.6292381	1.2088192	9.9087095	14.111315
2.6276789	1.2030202	9.911232	14.086631
2.6245604	1.2207392	9.9095497	14.131884
2.6230011	1.2043089	9.9103909	14.094858
2.6261196	1.2033424	9.911232	14.103086
2.6214418	1.2030202	9.9087095	14.119543
2.6245604	1.1994765	9.9087095	14.119543
2.6183231	1.1756364	9.9103909	14.074287
2.6230011	1.1717705	9.9095497	14.098971
2.6245604	1.18659	9.911232	14.103086
2.6245604	1.1991543	9.9087095	14.094858
2.6230011	1.2075305	9.9095497	14.103086
2.6214418	1.214296	9.911232	14.103086
2.6167638	1.2278268	9.9103909	14.12777
2.6245604	1.2358809	9.9087095	14.115428
2.6230011	1.2400689	9.9095497	14.094858
2.6214418	1.2075305	9.9078684	14.094858
2.6183231	1.2107521	9.9095497	14.115428
2.6136453	1.2036645	9.9103909	14.115428
2.6183231	1.2113965	9.9087095	14.131884
2.6261196	1.1914223	9.9095497	14.131884
2.6152046	1.1997986	9.9078684	14.144227
2.6214418	1.2059197	9.9103909	14.144227
2.6183231	1.1901337	9.9087095	14.123656
2.6183231	1.2007651	9.9095497	14.123656
2.6136453	1.1939996	9.9103909	14.103086
2.6183231	1.1978656	9.9103909	14.119543
2.6198826	1.2072084	9.9087095	14.164796
2.6152046	1.2052754	9.9103909	14.131884
2.6136453	1.2075305	9.9095497	14.123656
2.6183231	1.1949662	9.9095497	14.111315
2.6230011	1.2165511	9.911232	14.135999
2.6183231	1.2036645	9.911232	14.1072
2.6152046	1.1978656	9.9095497	14.119543
2.6089675	1.2088192	9.9103909	14.14834
2.6105268	1.2088192	9.911232	14.111315
2.6183231	1.2088192	9.9120731	14.131884
2.6120861	1.1923889	9.9087095	14.12777
2.6120861	1.2059197	9.9103909	14.14834
2.6136453	1.218484	9.9095497	14.131884
2.6167638	1.2246052	9.911232	14.115428
2.605849	1.2101078	9.9103909	14.115428
2.6089675	1.2007651	9.9095497	14.135999
2.6105268	1.2014095	9.9103909	14.1072
2.6089675	1.1859456	9.9103909	14.111315
2.6136453	1.1991543	9.9103909	14.156569
2.6089675	1.2004429	9.911232	14.111315
2.6198826	1.2052754	9.9078684	14.131884
2.6105268	1.2146181	9.9087095	14.115428
2.6105268	1.2181619	9.9103909	14.144227
2.6089675	1.2249273	9.911232	14.12777
2.6105268	1.2117187	9.9120731	14.111315
2.6089675	1.2117187	9.911232	14.111315
2.6105268	1.2220279	9.9103909	14.140112
2.6136453	1.2294376	9.9103909	14.135999
2.6074083	1.2017316	9.911232	14.123656
2.6089675	1.1917446	9.9103909	14.140112
2.6105268	1.1820797	9.911232	14.098971
2.6011713	1.1978656	9.911232	14.111315
2.6105268	1.1968992	9.9087095	14.123656
2.6074083	1.2004429	9.9087095	14.123656
2.6105268	1.21043	9.9095497	14.144227
2.6089675	1.2010872	9.9120731	14.098971
2.605849	1.1968992	9.9095497	14.1072
2.599612	1.1920667	9.9103909	14.131884
2.6089675	1.2014095	9.9087095	14.12777
2.6136453	1.21043	9.9095497	14.098971
2.6074083	1.218484	9.911232	14.144227
2.6089675	1.2039868	9.9095497	14.103086
2.6120861	1.2055975	9.9095497	14.12777
2.6027305	1.2220279	9.9103909	14.140112
2.6120861	1.2039868	9.9087095	14.135999
2.6105268	1.1904559	9.9103909	14.123656
2.6074083	1.1872343	9.911232	14.1072
2.6120861	1.2026981	9.9103909	14.135999
2.6089675	1.2049532	9.9103909	14.1072
2.6042898	1.1968992	9.9095497	14.094858
2.6027305	1.2110744	9.9095497	14.119543
2.599612	1.2229943	9.9095497	14.131884
2.6011713	1.226216	9.9103909	14.111315
2.6011713	1.218484	9.9087095	14.119543
2.605849	1.2149403	9.9078684	14.1072
2.6011713	1.2097857	9.9095497	14.119543
2.6042898	1.18659	9.9103909	14.103086
2.6011713	1.1904559	9.9120731	14.103086
2.6011713	1.2033424	9.911232	14.156569
2.599612	1.2010872	9.9095497	14.135999
2.6011713	1.1981878	9.9095497	14.12777
2.6011713	1.2197727	9.9103909	14.152455
2.6042898	1.212363	9.9103909	14.140112
2.599612	1.2146181	9.9103909	14.115428
2.5980527	1.2139738	9.9095497	14.12777
2.6027305	1.2181619	9.9095497	14.119543
2.5980527	1.2210613	9.9103909	14.131884
2.5980527	1.2171954	9.9087095	14.12777
2.6011713	1.2178397	9.9103909	14.12777
2.5980527	1.2110744	9.9095497	14.144227
2.599612	1.2249273	9.911232	14.12777
2.6011713	1.2020538	9.9087095	14.111315
2.5980527	1.1949662	9.9103909	14.12777
2.5980527	1.2020538	9.9103909	14.135999
2.593375	1.2165511	9.911232	14.12777
2.5980527	1.218484	9.9103909	14.098971
2.5980527	1.2017316	9.9095497	14.144227
2.6011713	1.2146181	9.9087095	14.135999
2.599612	1.2155846	9.9103909	14.115428
2.5949342	1.2097857	9.9078684	14.111315
2.593375	1.2046311	9.9087095	14.12777
2.5871377	1.1952883	9.9095497	14.090744
2.5980527	1.2020538	9.911232	14.119543
2.5918157	1.1901337	9.9137545	14.103086
2.5980527	1.182724	9.911232	14.1072
2.593375	1.1875564	9.9095497	14.111315
2.5918157	1.1904559	9.9103909	14.115428
2.5886972	1.2075305	9.9103909	14.131884
2.5886972	1.2171954	9.9095497	14.123656
2.5902565	1.216229	9.911232	14.111315
2.5980527	1.2181619	9.9078684	14.14834
2.593375	1.2236387	9.9103909	14.115428
2.5964935	1.2136517	9.911232	14.12777
2.5949342	1.2139738	9.9087095	14.140112
2.5918157	1.1930332	9.9087095	14.12777
2.5871377	1.1936775	9.911232	14.111315
2.593375	1.1791801	9.911232	14.094858
2.5949342	1.1836904	9.9095497	14.1072
2.5902565	1.1795024	9.911232	14.111315
2.5902565	1.196577	9.9095497	14.131884
2.5855784	1.2010872	9.9103909	14.123656
2.5918157	1.2117187	9.9095497	14.14834
2.5902565	1.2055975	9.9095497	14.1072
2.5886972	1.1911002	9.9095497	14.119543
2.5871377	1.1978656	9.911232	14.115428
2.593375	1.2072084	9.9103909	14.123656
2.593375	1.2004429	9.911232	14.111315
2.5855784	1.2258939	9.9103909	14.140112
2.5871377	1.2117187	9.9120731	14.111315
2.5840192	1.2117187	9.9095497	14.131884
2.5886972	1.1981878	9.9103909	14.111315
2.5855784	1.2030202	9.9095497	14.131884
2.5871377	1.2055975	9.9095497	14.119543
2.5871377	1.1939996	9.9103909	14.111315
2.5855784	1.2075305	9.9103909	14.111315
2.5871377	1.1943219	9.911232	14.123656
2.5855784	1.2020538	9.9087095	14.12777
2.5902565	1.214296	9.9087095	14.111315
2.5855784	1.2146181	9.911232	14.103086
2.5871377	1.2213836	9.9103909	14.135999
2.5840192	1.2081748	9.911232	14.144227
2.5855784	1.2246052	9.9078684	14.14834
2.5886972	1.2339479	9.9095497	14.156569
2.5871377	1.2294376	9.9103909	14.144227
2.5886972	1.2075305	9.911232	14.103086
2.5871377	1.2026981	9.9095497	14.103086
2.5840192	1.2110744	9.9087095	14.123656
2.5855784	1.2055975	9.9103909	14.140112
2.5886972	1.1911002	9.9103909	14.123656
2.5855784	1.2039868	9.9095497	14.135999
2.5840192	1.2165511	9.9103909	14.131884
2.5855784	1.2194506	9.9120731	14.12777
2.5871377	1.2107521	9.9103909	14.119543
2.5809007	1.2020538	9.9087095	14.123656
2.5793414	1.218484	9.9087095	14.144227
2.5793414	1.2171954	9.9095497	14.12777
2.5809007	1.2152624	9.9095497	14.131884
2.5824599	1.218484	9.9095497	14.115428
2.5871377	1.2097857	9.9103909	14.140112
2.5793414	1.2255716	9.911232	14.119543
2.5793414	1.2130073	9.9078684	14.111315
2.5824599	1.2110744	9.9087095	14.115428
2.5746636	1.2030202	9.9095497	14.123656
2.5746636	1.2078527	9.9103909	14.140112
2.5824599	1.1959326	9.911232	14.119543
2.5746636	1.1985099	9.9103909	14.119543
2.5809007	1.1939996	9.9103909	14.086631
2.5824599	1.2001208	9.911232	14.1072
2.5762229	1.2055975	9.9103909	14.082516
2.5809007	1.2175176	9.9095497	14.144227
2.5793414	1.22235	9.9103909	14.115428
2.5762229	1.2249273	9.9103909	14.12777
2.5809007	1.2307262	9.9103909	14.140112
2.5777822	1.232337	9.9103909	14.140112
2.5793414	1.2178397	9.9095497	14.135999
2.5809007	1.2014095	9.9095497	14.1072
2.5762229	1.2017316	9.9103909	14.135999
2.5762229	1.2014095	9.9087095	14.123656
2.5777822	1.2075305	9.911232	14.12777
2.5715451	1.2175176	9.9095497	14.140112
2.5793414	1.2246052	9.9095497	14.131884
2.5762229	1.2207392	9.9103909	14.119543
2.5793414	1.2194506	9.9103909	14.144227
2.5793414	1.2117187	9.9078684	14.140112
2.5793414	1.2178397	9.9087095	14.123656
2.5731044	1.2110744	9.9087095	14.1072
2.5777822	1.2039868	9.911232	14.123656
2.5793414	1.2107521	9.911232	14.156569
2.5715451	1.1968992	9.9095497	14.115428
2.5809007	1.2175176	9.911232	14.144227
2.5762229	1.2010872	9.9095497	14.119543
2.5777822	1.2117187	9.911232	14.135999
2.5746636	1.2072084	9.9087095	14.103086
2.5809007	1.1994765	9.9103909	14.123656
2.5840192	1.2175176	9.9087095	14.123656
2.5731044	1.212363	9.9095497	14.135999
2.5731044	1.2068862	9.9095497	14.115428
2.5746636	1.2007651	9.9103909	14.115428
2.5746636	1.2007651	9.9087095	14.135999
2.5699859	1.2036645	9.9078684	14.12777
2.5731044	1.1894894	9.9095497	14.090744
2.5731044	1.2072084	9.9129133	14.111315
2.5731044	1.2046311	9.9103909	14.135999
2.5746636	1.2165511	9.9120731	14.131884
2.5684266	1.2072084	9.9095497	14.144227
2.5653081	1.1962548	9.9095497	14.14834
2.5731044	1.2188063	9.9095497	14.152455
2.5699859	1.2271825	9.9087095	14.156569
2.5684266	1.2165511	9.911232	14.131884
2.5715451	1.2110744	9.9103909	14.144227
2.5699859	1.2281489	9.9103909	14.156569
2.5715451	1.22235	9.9120731	14.115428
2.5684266	1.208497	9.9103909	14.140112
2.5715451	1.2030202	9.9103909	14.140112
2.5684266	1.2159067	9.9078684	14.144227
2.5699859	1.2149403	9.9070272	14.144227
2.5746636	1.2046311	9.9087095	14.156569
2.5653081	1.2152624	9.9103909	14.123656
2.5637488	1.2252495	9.9087095	14.135999
2.5699859	1.2239609	9.9078684	14.131884
2.5621896	1.2007651	9.9103909	14.098971
2.5637488	1.2026981	9.9095497	14.123656
2.5684266	1.2197727	9.9087095	14.140112
2.5715451	1.208497	9.9087095	14.140112
2.5699859	1.216229	9.9087095	14.144227
2.5606303	1.1994765	9.9103909	14.098971
2.5653081	1.2120408	9.9120731	14.131884
2.5653081	1.22235	9.9103909	14.140112
2.5621896	1.2188063	9.9103909	14.119543
2.5668674	1.226216	9.9103909	14.135999
2.5637488	1.2300819	9.9070272	14.152455
2.5621896	1.2246052	9.911232	14.115428
2.5637488	1.2329813	9.911232	14.12777
2.5590711	1.2014095	9.9087095	14.115428
2.5575118	1.2075305	9.9103909	14.140112
2.5621896	1.2094635	9.9095497	14.1072
2.5653081	1.2062418	9.9087095	14.115428
2.5606303	1.1997986	9.9095497	14.119543
2.5684266	1.1978656	9.9095497	14.140112
2.5621896	1.226216	9.911232	14.164796
2.5606303	1.226216	9.9087095	14.14834
2.5621896	1.2297598	9.9103909	14.140112
2.5590711	1.2168733	9.911232	14.12777
2.5606303	1.2155846	9.9103909	14.131884
2.5575118	1.2200949	9.9103909	14.123656
2.5606303	1.2101078	9.9103909	14.164796
2.5621896	1.1943219	9.9087095	14.123656
2.5590711	1.2181619	9.911232	14.177139
2.5637488	1.2117187	9.9087095	14.135999
2.5590711	1.2062418	9.9087095	14.156569
2.5575118	1.2030202	9.911232	14.135999
2.5621896	1.2239609	9.911232	14.156569
2.5621896	1.2284712	9.9095497	14.140112
2.5559523	1.1991543	9.911232	14.119543
2.5575118	1.192711	9.9087095	14.140112
2.5621896	1.1994765	9.9103909	14.131884
2.5606303	1.208497	9.9103909	14.173024
2.5590711	1.220417	9.9120731	14.144227
2.5559523	1.2075305	9.9095497	14.131884
2.5575118	1.2107521	9.911232	14.115428
2.5512745	1.2255716	9.9120731	14.168911
2.5559523	1.2226722	9.9103909	14.115428
2.5590711	1.2236387	9.9095497	14.14834
2.5575118	1.2236387	9.9087095	14.156569
2.5590711	1.218484	9.9087095	14.144227
2.5543931	1.2130073	9.911232	14.131884
2.5575118	1.2020538	9.9087095	14.144227
2.5559523	1.1843348	9.9087095	14.152455
2.5559523	1.1853013	9.9120731	14.115428
2.5512745	1.1975435	9.9078684	14.131884
2.5559523	1.2010872	9.911232	14.14834
2.5543931	1.1988322	9.9078684	14.140112
2.5621896	1.216229	9.9087095	14.140112
2.5559523	1.2246052	9.9103909	14.123656
2.5512745	1.2255716	9.9095497	14.144227
2.5497153	1.2081748	9.9087095	14.12777
2.5543931	1.2194506	9.9087095	14.12777
2.5543931	1.230404	9.9095497	14.14834
2.5606303	1.2291155	9.9078684	14.160683
2.5543931	1.2030202	9.9087095	14.123656
2.5512745	1.2220279	9.9120731	14.156569
2.548156	1.2310483	9.9087095	14.140112
2.5465968	1.2152624	9.9078684	14.131884
2.5528338	1.2033424	9.9087095	14.119543
2.5512745	1.188845	9.9103909	14.1072
2.5543931	1.1988322	9.9103909	14.12777
2.5497153	1.2001208	9.9087095	14.119543
2.5543931	1.2030202	9.911232	14.135999
2.548156	1.1978656	9.9103909	14.12777
2.5497153	1.1962548	9.9103909	14.1072
2.5450375	1.2081748	9.9078684	14.1072
2.5575118	1.2078527	9.9103909	14.144227
2.5512745	1.2120408	9.9103909	14.090744
2.5543931	1.2181619	9.9103909	14.115428
2.5528338	1.224283	9.9103909	14.103086
2.5512745	1.236203	9.9087095	14.144227
2.5543931	1.2081748	9.9095497	14.123656
2.5543931	1.2146181	9.9103909	14.140112
2.5465968	1.1952883	9.911232	14.115428
2.5512745	1.2049532	9.9095497	14.152455
2.541919	1.1853013	9.911232	14.111315
2.5465968	1.1849791	9.911232	14.119543
2.5450375	1.1997986	9.9120731	14.12777
2.5434783	1.190778	9.9095497	14.140112
2.5528338	1.1991543	9.911232	14.12777
2.5528338	1.2020538	9.911232	14.12777
2.5465968	1.2007651	9.9103909	14.123656
2.5497153	1.2181619	9.9103909	14.160683
2.5497153	1.2094635	9.9103909	14.115428
2.548156	1.2191284	9.9095497	14.131884
2.5497153	1.2146181	9.9095497	14.119543
2.5465968	1.2207392	9.9095497	14.12777
2.5465968	1.2055975	9.9087095	14.115428
2.5465968	1.2120408	9.9120731	14.12777
2.5528338	1.216229	9.9103909	14.152455
2.5528338	1.2097857	9.9103909	14.12777
2.5450375	1.1933553	9.9095497	14.115428
2.5465968	1.1875564	9.9095497	14.1072
2.548156	1.1991543	9.9129133	14.131884
2.5434783	1.1936775	9.9103909	14.12777
2.541919	1.2072084	9.911232	14.12777
2.5465968	1.2081748	9.9078684	14.140112
2.5497153	1.2097857	9.9103909	14.103086
2.541919	1.2278268	9.9095497	14.135999
2.5434783	1.2197727	9.911232	14.115428
2.5465968	1.214296	9.9103909	14.131884
2.5465968	1.2043089	9.9087095	14.1072
2.5465968	1.1972213	9.911232	14.094858
2.541919	1.2030202	9.9103909	14.12777
2.541919	1.1894894	9.9103909	14.135999
2.5465968	1.2049532	9.9095497	14.144227
2.548156	1.1791801	9.9095497	14.119543
2.5434783	1.194644	9.9103909	14.144227
2.5497153	1.180791	9.9070272	14.12777
2.5512745	1.18659	9.9087095	14.135999
2.5388005	1.2107521	9.9103909	14.14834
2.541919	1.2136517	9.9078684	14.189481
2.5450375	1.2194506	9.9095497	14.140112
2.5450375	1.2091414	9.9103909	14.131884
2.5434783	1.216229	9.9095497	14.152455
2.5450375	1.2165511	9.9087095	14.115428
2.5450375	1.2165511	9.9103909	14.115428
2.5434783	1.2297598	9.9078684	14.135999
2.5434783	1.2300819	9.9103909	14.131884
2.5388005	1.22235	9.9103909	14.119543
2.541919	1.1956105	9.9095497	14.115428
2.5388005	1.1891673	9.9095497	14.12777
2.5403597	1.1746699	9.9078684	14.111315
2.5434783	1.1875564	9.9120731	14.140112
2.5465968	1.1775694	9.9095497	14.140112
2.5434783	1.1685488	9.9087095	14.115428
2.5403597	1.1978656	9.9095497	14.12777
2.5341227	1.1978656	9.9095497	14.103086
2.535682	1.1997986	9.9078684	14.115428
2.535682	1.2110744	9.9095497	14.156569
2.5403597	1.218484	9.9095497	14.12777
2.5341227	1.2120408	9.9095497	14.12777
2.5341227	1.2078527	9.9120731	14.123656
2.5341227	1.2078527	9.9129133	14.111315
2.5341227	1.1914223	9.9103909	14.111315
2.5388005	1.1962548	9.9095497	14.131884
2.5403597	1.1959326	9.9095497	14.123656
2.5372412	1.2055975	9.9087095	14.123656
2.5341227	1.2120408	9.9095497	14.12777
2.541919	1.2101078	9.9103909	14.144227
2.5341227	1.2249273	9.9120731	14.185367
2.535682	1.2171954	9.9078684	14.131884
2.5388005	1.2136517	9.911232	14.123656
2.5325634	1.1985099	9.9078684	14.103086
2.535682	1.1849791	9.9087095	14.090744
2.5372412	1.2072084	9.9087095	14.14834
2.5325634	1.208497	9.9087095	14.140112
2.5310042	1.2152624	9.9078684	14.173024
2.5310042	1.214296	9.9095497	14.131884
2.5310042	1.2149403	9.9103909	14.12777
2.5372412	1.2213836	9.9103909	14.131884
2.5310042	1.2110744	9.911232	14.12777
2.5341227	1.2097857	9.9095497	14.123656
2.5341227	1.2220279	9.9087095	14.135999
2.5278857	1.2159067	9.9103909	14.131884
2.5325634	1.2043089	9.9103909	14.135999
2.535682	1.1843348	9.911232	14.115428
2.5278857	1.1952883	9.911232	14.119543
2.5325634	1.1904559	9.9103909	14.111315
2.5294449	1.1994765	9.911232	14.135999
2.5263264	1.2094635	9.9087095	14.12777
2.5325634	1.2101078	9.9103909	14.1072
2.5232077	1.2043089	9.9120731	14.103086
2.5294449	1.1959326	9.9103909	14.115428
2.5263264	1.1930332	9.9095497	14.115428
2.5341227	1.2126851	9.911232	14.131884
2.5310042	1.2023759	9.9087095	14.12777
2.5294449	1.2213836	9.9103909	14.140112
2.5325634	1.2068862	9.9103909	14.119543
2.5263264	1.2133294	9.9103909	14.144227
2.5294449	1.2152624	9.9103909	14.135999
2.5294449	1.21043	9.9087095	14.152455
2.5294449	1.224283	9.9095497	14.152455
2.5294449	1.2026981	9.9078684	14.135999
2.5278857	1.2055975	9.911232	14.111315
2.5310042	1.2178397	9.9103909	14.140112
2.5263264	1.2049532	9.9095497	14.12777
2.5310042	1.212363	9.9095497	14.140112
2.5263264	1.2023759	9.911232	14.115428
2.5247669	1.2149403	9.911232	14.12777
2.5263264	1.192711	9.9095497	14.115428
2.5294449	1.2020538	9.9095497	14.152455
2.5232077	1.1988322	9.9095497	14.140112
2.5232077	1.2062418	9.9087095	14.14834
2.5247669	1.2188063	9.911232	14.131884
2.5247669	1.2175176	9.9078684	14.140112
2.5263264	1.2229943	9.9103909	14.12777
2.5294449	1.2345922	9.9103909	14.189481
2.5247669	1.2381359	9.9120731	14.140112
2.5232077	1.2378138	9.9087095	14.177139
2.5278857	1.2300819	9.9103909	14.14834
2.5263264	1.2139738	9.9095497	14.156569
2.5247669	1.1997986	9.9103909	14.123656
2.5247669	1.1985099	9.9103909	14.12777
2.5185299	1.1862677	9.9103909	14.1072
2.5278857	1.1830461	9.9103909	14.123656
2.5200891	1.2004429	9.9095497	14.135999
2.5216484	1.2171954	9.9078684	14.164796
2.5200891	1.2110744	9.9095497	14.156569
2.5200891	1.2178397	9.9120731	14.152455
2.5185299	1.2239609	9.911232	14.140112
2.5247669	1.2194506	9.9103909	14.140112
2.5263264	1.2207392	9.9103909	14.181252
2.5247669	1.2088192	9.9103909	14.140112
2.5200891	1.1978656	9.9103909	14.131884
2.5185299	1.1972213	9.9087095	14.156569
2.5232077	1.1994765	9.911232	14.14834
2.5200891	1.1853013	9.9103909	14.140112
2.5216484	1.1894894	9.9103909	14.135999
2.5154114	1.2055975	9.9103909	14.160683
2.5216484	1.2075305	9.9095497	14.144227
2.5200891	1.2139738	9.9095497	14.156569
2.5154114	1.1939996	9.9095497	14.115428
2.5216484	1.2120408	9.9103909	14.144227
2.5169706	1.2181619	9.9103909	14.152455
2.5154114	1.2210613	9.9120731	14.12777
2.5154114	1.2281489	9.9087095	14.14834
2.5216484	1.2284712	9.9103909	14.12777
2.5185299	1.2207392	9.911232	14.115428
2.5169706	1.2081748	9.9087095	14.123656
2.5169706	1.196577	9.911232	14.131884
2.5122929	1.1901337	9.9103909	14.111315
2.5185299	1.1911002	9.9103909	14.14834
2.5200891	1.2078527	9.9070272	14.177139
2.5185299	1.2039868	9.9087095	14.140112
2.5169706	1.1968992	9.9087095	14.115428
2.5216484	1.2014095	9.911232	14.12777
2.5185299	1.2200949	9.9078684	14.156569
2.5154114	1.2200949	9.9078684	14.123656
2.5185299	1.2297598	9.9078684	14.164796
2.5216484	1.2178397	9.9095497	14.14834
2.5076151	1.2030202	9.9103909	14.140112
2.5138521	1.192711	9.9103909	14.12777
2.5138521	1.1956105	9.9120731	14.14834
2.5185299	1.2065641	9.9095497	14.152455
2.5169706	1.2088192	9.9095497	14.144227
2.5138521	1.2181619	9.9095497	14.152455
2.5185299	1.2191284	9.9103909	14.14834
2.5138521	1.2101078	9.9103909	14.135999
2.5122929	1.2088192	9.9120731	14.144227
2.5154114	1.2175176	9.9087095	14.156569
2.5169706	1.2191284	9.9103909	14.164796
2.5169706	1.214296	9.9087095	14.160683
2.5076151	1.2136517	9.9103909	14.135999
2.5185299	1.2159067	9.9095497	14.1072
2.5107336	1.216229	9.9103909	14.168911
2.5138521	1.2091414	9.911232	14.135999
2.5138521	1.2020538	9.911232	14.140112
2.5138521	1.2030202	9.911232	14.135999
2.5060558	1.2120408	9.9103909	14.152455
2.5154114	1.2010872	9.9103909	14.111315
2.5122929	1.2004429	9.911232	14.131884
2.5138521	1.2194506	9.9103909	14.144227
2.5154114	1.2239609	9.9103909	14.140112
2.5138521	1.2200949	9.9103909	14.140112
2.5122929	1.2126851	9.9095497	14.14834
2.5138521	1.2191284	9.9095497	14.173024
2.5060558	1.2152624	9.9095497	14.14834
2.5154114	1.1901337	9.9087095	14.1072
2.5091743	1.1856234	9.9103909	14.1072
2.5107336	1.1882007	9.9095497	14.156569
2.5154114	1.1994765	9.9087095	14.160683
2.5169706	1.2072084	9.9103909	14.168911
2.5091743	1.2171954	9.9103909	14.177139
2.5044966	1.2226722	9.9120731	14.135999
2.5091743	1.2294376	9.9103909	14.14834
2.5091743	1.2278268	9.911232	14.140112
2.5076151	1.2281489	9.9095497	14.177139
2.5122929	1.226216	9.911232	14.140112
2.5060558	1.2043089	9.9095497	14.115428
2.5060558	1.212363	9.911232	14.152455
2.5091743	1.2091414	9.911232	14.135999
2.5091743	1.1994765	9.9120731	14.14834
2.5107336	1.1949662	9.9095497	14.135999
2.5122929	1.1795024	9.9120731	14.140112
2.5138521	1.1985099	9.9087095	14.140112
2.5076151	1.1914223	9.9095497	14.140112
2.5091743	1.2017316	9.9120731	14.131884
2.5060558	1.1985099	9.9095497	14.131884
2.5060558	1.216229	9.911232	14.144227
2.5044966	1.21043	9.911232	14.144227
2.5044966	1.2152624	9.911232	14.14834
2.5060558	1.2197727	9.9095497	14.160683
2.5060558	1.2320149	9.9087095	14.160683
2.5076151	1.2313706	9.9103909	14.131884
2.5076151	1.2133294	9.9103909	14.119543
2.5076151	1.2017316	9.9103909	14.123656
2.5044966	1.1949662	9.9103909	14.135999
2.5076151	1.1814353	9.9095497	14.135999
2.5029373	1.1820797	9.9095497	14.12777
2.5138521	1.1830461	9.911232	14.135999
2.5076151	1.1894894	9.9103909	14.123656
2.5091743	1.1978656	9.9103909	14.12777
2.5091743	1.2097857	9.9095497	14.14834
2.5076151	1.2091414	9.9095497	14.131884
2.5060558	1.2233166	9.9070272	14.152455
2.5060558	1.2233166	9.9103909	14.177139
2.5076151	1.2265382	9.9095497	14.164796
2.5044966	1.2052754	9.9103909	14.135999
2.5044966	1.2046311	9.9103909	14.144227
2.5044966	1.2010872	9.9078684	14.131884
2.5091743	1.190778	9.9103909	14.12777
2.5013781	1.1968992	9.9095497	14.12777
2.5029373	1.1997986	9.911232	14.156569
2.5091743	1.2023759	9.9095497	14.123656
2.5060558	1.2059197	9.911232	14.152455
2.5122929	1.2020538	9.9103909	14.144227
2.5013781	1.2146181	9.9095497	14.197708
2.5029373	1.1978656	9.9103909	14.14834
2.5060558	1.2117187	9.9070272	14.144227
2.5013781	1.1994765	9.9103909	14.131884
2.4998188	1.1991543	9.911232	14.119543
2.4982595	1.1978656	9.9087095	14.12777
2.5029373	1.2072084	9.9087095	14.160683
2.5044966	1.2171954	9.9087095	14.173024
2.4998188	1.2026981	9.9095497	14.144227
2.4998188	1.2110744	9.9120731	14.135999
2.4982595	1.2030202	9.9087095	14.12777
2.4982595	1.2188063	9.9103909	14.156569
2.5029373	1.2233166	9.9095497	14.123656
2.5013781	1.2281489	9.9095497	14.131884
2.5060558	1.2339479	9.9070272	14.177139
2.5076151	1.2146181	9.9103909	14.12777
2.5029373	1.2062418	9.9103909	14.131884
2.4967003	1.1968992	9.9095497	14.140112
2.5029373	1.1978656	9.9095497	14.177139
2.4967003	1.1891673	9.9087095	14.140112
2.5013781	1.1830461	9.911232	14.123656
2.4982595	1.1878786	9.911232	14.119543
2.5029373	1.2036645	9.911232	14.144227
2.5044966	1.1933553	9.9103909	14.144227
2.5029373	1.2049532	9.911232	14.144227
2.4998188	1.2072084	9.911232	14.144227
2.5013781	1.216229	9.9103909	14.131884
2.4998188	1.2046311	9.9095497	14.131884
2.4935815	1.2052754	9.9095497	14.14834
2.4998188	1.2017316	9.9095497	14.168911
2.4935815	1.2117187	9.9103909	14.152455
2.5013781	1.1981878	9.9095497	14.160683
2.4982595	1.2059197	9.9120731	14.160683
2.4967003	1.212363	9.9103909	14.14834
2.5044966	1.2233166	9.9078684	14.14834
2.4967003	1.21043	9.9087095	14.140112
2.4998188	1.214296	9.9087095	14.152455
2.4935815	1.2149403	9.9103909	14.144227
2.4982595	1.2052754	9.9103909	14.131884
2.495141	1.190778	9.9095497	14.135999
2.4998188	1.1875564	9.9087095	14.12777
2.4998188	1.2062418	9.911232	14.135999
2.4935815	1.2043089	9.9103909	14.160683
2.4967003	1.1939996	9.911232	14.103086
2.4982595	1.2152624	9.9095497	14.140112
2.495141	1.2178397	9.9103909	14.123656
2.4873445	1.224283	9.911232	14.12777
2.4889038	1.2001208	9.9120731	14.12777
2.4920223	1.2039868	9.9087095	14.14834
2.495141	1.194644	9.9078684	14.14834
2.4889038	1.1878786	9.9078684	14.152455
2.490463	1.1769251	9.9103909	14.14834
2.4935815	1.1824018	9.9103909	14.135999
2.4935815	1.1968992	9.911232	14.152455
2.4889038	1.1956105	9.9103909	14.140112
2.4920223	1.2136517	9.9095497	14.164796
2.495141	1.2168733	9.9103909	14.12777
2.4935815	1.2107521	9.911232	14.135999
2.490463	1.212363	9.911232	14.14834
2.490463	1.2258939	9.911232	14.156569
2.4920223	1.2236387	9.9087095	14.135999
2.490463	1.2107521	9.9087095	14.140112
2.4935815	1.2091414	9.9087095	14.111315
2.4889038	1.1933553	9.9103909	14.123656
2.495141	1.188845	9.911232	14.131884
2.4889038	1.1956105	9.9095497	14.168911
2.490463	1.1972213	9.911232	14.131884
2.4935815	1.2133294	9.9095497	14.173024
2.4920223	1.2136517	9.9103909	14.12777
2.4857852	1.2233166	9.9103909	14.177139
2.4873445	1.2075305	9.9103909	14.12777
2.4873445	1.2178397	9.9087095	14.12777
2.490463	1.2107521	9.9103909	14.131884
2.4889038	1.2017316	9.9103909	14.131884
2.4889038	1.2152624	9.9087095	14.140112
2.490463	1.2033424	9.911232	14.135999
2.4873445	1.2236387	9.911232	14.14834
2.4935815	1.214296	9.911232	14.115428
2.4873445	1.2294376	9.9087095	14.131884
2.484226	1.2126851	9.911232	14.103086
2.4889038	1.2097857	9.911232	14.156569
2.4857852	1.2110744	9.911232	14.144227
2.490463	1.2055975	9.911232	14.140112
2.4889038	1.1988322	9.9095497	14.135999
2.4811077	1.1875564	9.911232	14.12777
2.4873445	1.1817575	9.9095497	14.111315
2.490463	1.1952883	9.9087095	14.135999
2.4826667	1.1862677	9.9103909	14.14834
2.4889038	1.1978656	9.9087095	14.12777
2.484226	1.2133294	9.9095497	14.156569
2.4857852	1.2188063	9.9103909	14.140112
2.4826667	1.2062418	9.9103909	14.160683
2.4857852	1.2065641	9.911232	14.131884
2.4873445	1.2088192	9.9095497	14.144227
2.4889038	1.2191284	9.9095497	14.144227
2.484226	1.2191284	9.911232	14.14834
2.4826667	1.2033424	9.911232	14.111315
2.4826667	1.218484	9.911232	14.140112
2.4873445	1.2094635	9.9095497	14.12777
2.4857852	1.2062418	9.9095497	14.131884
2.484226	1.192711	9.9087095	14.12777
2.484226	1.2010872	9.9095497	14.12777
2.4764299	1.2110744	9.9103909	14.12777
2.4795485	1.1978656	9.9095497	14.115428
2.4873445	1.2004429	9.911232	14.119543
2.4857852	1.212363	9.9078684	14.156569
2.484226	1.2246052	9.9095497	14.140112
2.484226	1.2062418	9.911232	14.115428
2.4764299	1.1862677	9.9103909	14.115428
2.484226	1.1943219	9.9103909	14.140112
2.484226	1.1920667	9.911232	14.123656
2.484226	1.2094635	9.9095497	14.152455
2.4795485	1.2017316	9.9095497	14.12777
2.4826667	1.2059197	9.9103909	14.135999
2.4779892	1.2046311	9.9095497	14.115428
2.484226	1.2159067	9.9103909	14.152455
2.4795485	1.2149403	9.9095497	14.173024
2.4779892	1.2126851	9.9078684	14.144227
2.4857852	1.224283	9.911232	14.152455
2.484226	1.2226722	9.9103909	14.140112
2.4795485	1.1978656	9.9103909	14.156569
2.4826667	1.1988322	9.9103909	14.12777
2.4764299	1.2101078	9.911232	14.12777
2.4779892	1.2229943	9.911232	14.152455
2.484226	1.2217057	9.9095497	14.135999
2.4795485	1.2113965	9.9078684	14.123656
2.4748707	1.23427	9.9103909	14.168911
2.4764299	1.2329813	9.9095497	14.14834
2.4748707	1.216229	9.911232	14.12777
2.4826667	1.2036645	9.9095497	14.115428
2.4795485	1.2146181	9.9095497	14.119543
2.4764299	1.2039868	9.9103909	14.115428
2.4764299	1.1962548	9.911232	14.115428
2.4795485	1.1840127	9.911232	14.094858
2.4764299	1.2052754	9.9087095	14.144227
2.4733114	1.1994765	9.911232	14.1072
2.4826667	1.2033424	9.9095497	14.1072
2.4795485	1.1991543	9.911232	14.090744
2.4795485	1.2075305	9.9103909	14.1072
2.4779892	1.218484	9.911232	14.135999
2.4779892	1.2023759	9.911232	14.103086
2.4811077	1.178858	9.9103909	14.090744
2.4748707	1.1836904	9.9095497	14.12777
2.4764299	1.1856234	9.9103909	14.140112
2.4764299	1.1981878	9.9120731	14.135999
2.4748707	1.1991543	9.911232	14.156569
2.4764299	1.2120408	9.911232	14.135999
2.4811077	1.2130073	9.9103909	14.156569
2.4686337	1.2178397	9.911232	14.152455
2.4811077	1.2036645	9.9087095	14.131884
2.4701929	1.2075305	9.9070272	14.152455
2.4733114	1.2126851	9.911232	14.14834
2.4857852	1.2117187	9.9095497	14.140112
2.4733114	1.2059197	9.911232	14.131884
2.4717522	1.2001208	9.9095497	14.119543
2.4748707	1.1820797	9.9103909	14.094858
2.4733114	1.1911002	9.9103909	14.160683
2.4748707	1.2065641	9.9087095	14.156569
2.4795485	1.2036645	9.9095497	14.144227
2.4701929	1.2178397	9.9095497	14.144227
2.4733114	1.2316927	9.9103909	14.144227
2.4733114	1.2213836	9.9095497	14.152455
2.4717522	1.2020538	9.911232	14.123656
2.4764299	1.2101078	9.9078684	14.173024
2.4748707	1.2020538	9.9095497	14.123656
2.4779892	1.2023759	9.911232	14.144227
2.4717522	1.1904559	9.9103909	14.140112
2.4748707	1.2139738	9.9095497	14.193595
2.4686337	1.2220279	9.9103909	14.140112
2.4701929	1.2236387	9.911232	14.123656
2.4748707	1.2159067	9.9087095	14.111315
2.4717522	1.2194506	9.9103909	14.144227
2.4764299	1.2291155	9.9103909	14.131884
2.4733114	1.216229	9.9095497	14.12777
2.4733114	1.2007651	9.911232	14.164796
2.4701929	1.2010872	9.9103909	14.131884
2.4748707	1.1936775	9.9087095	14.152455
2.4686337	1.2007651	9.9103909	14.140112
2.4686337	1.2065641	9.9087095	14.181252
2.4686337	1.2188063	9.911232	14.140112
2.4670744	1.2181619	9.9095497	14.14834
2.4701929	1.2094635	9.911232	14.144227
2.4717522	1.2307262	9.9070272	14.205936
2.4686337	1.2055975	9.9095497	14.131884
2.4717522	1.218484	9.9078684	14.164796
2.4748707	1.2133294	9.9095497	14.168911
2.4701929	1.2052754	9.9095497	14.131884
2.4701929	1.1901337	9.911232	14.111315
2.4686337	1.1936775	9.911232	14.12777
2.4686337	1.2171954	9.9095497	14.156569
2.4717522	1.2200949	9.9103909	14.168911
2.4701929	1.2081748	9.9103909	14.144227
2.4686337	1.2236387	9.9095497	14.152455
2.4733114	1.2217057	9.9103909	14.115428
2.4748707	1.2229943	9.9103909	14.12777
2.4686337	1.2059197	9.911232	14.119543
2.4717522	1.2107521	9.9103909	14.119543
2.4686337	1.2055975	9.9095497	14.123656
2.4733114	1.2136517	9.9095497	14.144227
2.4670744	1.18659	9.9120731	14.115428
2.4686337	1.2046311	9.911232	14.135999
2.4748707	1.2072084	9.911232	14.12777
2.4748707	1.2097857	9.9087095	14.12777
2.4686337	1.194644	9.911232	14.119543
2.4686337	1.180791	9.9095497	14.111315
2.4701929	1.1891673	9.911232	14.123656
2.4748707	1.1968992	9.9070272	14.173024
2.4701929	1.2075305	9.9095497	14.156569
2.4717522	1.2117187	9.9087095	14.144227
2.4639559	1.2178397	9.9103909	14.160683
2.4639559	1.2316927	9.9103909	14.14834
2.4686337	1.1997986	9.911232	14.103086
2.4701929	1.2030202	9.9095497	14.119543
2.4639559	1.2113965	9.911232	14.12777
2.4639559	1.2113965	9.911232	14.156569
2.4623966	1.2297598	9.9087095	14.181252
2.4639559	1.2107521	9.911232	14.140112
2.4655151	1.2233166	9.9103909	14.160683
2.4608374	1.2097857	9.911232	14.131884
2.4639559	1.216229	9.9103909	14.131884
2.4670744	1.2001208	9.9095497	14.119543
2.4701929	1.2030202	9.9078684	14.164796
2.4686337	1.21043	9.9103909	14.135999
2.4608374	1.2107521	9.911232	14.156569
2.4655151	1.218484	9.9103909	14.164796
2.4670744	1.2130073	9.9103909	14.156569
2.4686337	1.22235	9.911232	14.119543
2.4686337	1.2171954	9.9087095	14.119543
2.4686337	1.22235	9.9095497	14.135999
2.4655151	1.2313706	9.9103909	14.140112
2.4608374	1.2255716	9.9103909	14.144227
2.4639559	1.2291155	9.9103909	14.14834
2.4639559	1.2020538	9.9087095	14.144227
2.4608374	1.1898116	9.911232	14.12777
2.4592781	1.1795024	9.9095497	14.115428
2.4608374	1.188845	9.9095497	14.12777
2.4686337	1.1894894	9.9095497	14.144227
2.4608374	1.1882007	9.9095497	14.12777
2.4623966	1.2117187	9.9095497	14.173024
2.4639559	1.212363	9.9103909	14.156569
2.4623966	1.216229	9.9103909	14.14834
2.4561596	1.2149403	9.9095497	14.14834
2.4608374	1.2126851	9.911232	14.135999
2.4623966	1.2275046	9.9070272	14.160683
2.4561596	1.216229	9.9120731	14.12777
2.4592781	1.2210613	9.9087095	14.144227
2.4608374	1.1917446	9.9103909	14.119543
2.4608374	1.1981878	9.911232	14.160683
2.4608374	1.1920667	9.9103909	14.144227
2.4592781	1.2075305	9.9087095	14.164796
2.4577188	1.2213836	9.9095497	14.144227
2.4639559	1.2091414	9.9103909	14.156569
2.4608374	1.2178397	9.9087095	14.135999
2.4592781	1.2268603	9.9095497	14.12777
2.4608374	1.2333035	9.911232	14.177139
2.4608374	1.2097857	9.911232	14.1072
2.4561596	1.2088192	9.9087095	14.140112
2.4592781	1.2178397	9.9078684	14.140112
2.4561596	1.2200949	9.911232	14.131884
2.4592781	1.2110744	9.9078684	14.140112
2.4608374	1.2258939	9.9095497	14.140112
2.4561596	1.2191284	9.9103909	14.12777
2.4561596	1.2113965	9.9137545	14.103086
2.4499223	1.1956105	9.9103909	14.123656
2.4546001	1.1975435	9.911232	14.12777
2.4608374	1.2014095	9.9078684	14.156569
2.4546001	1.1920667	9.9103909	14.140112
2.4608374	1.1898116	9.9103909	14.123656
2.4499223	1.1843348	9.9087095	14.123656
2.4608374	1.194644	9.911232	14.140112
2.4577188	1.2149403	9.9095497	14.152455
2.4608374	1.2033424	9.9103909	14.140112
2.4546001	1.2213836	9.9078684	14.197708
2.4577188	1.22235	9.9095497	14.164796
2.4514816	1.2333035	9.9103909	14.152455
2.4530408	1.2275046	9.9095497	14.14834
2.4577188	1.2023759	9.9095497	14.14834
2.4561596	1.21043	9.9103909	14.156569
2.4608374	1.2065641	9.9103909	14.135999
2.4546001	1.2255716	9.911232	14.152455
2.4530408	1.2014095	9.9103909	14.119543
2.4592781	1.1952883	9.9103909	14.144227
2.4530408	1.2075305	9.9078684	14.152455
2.4530408	1.2126851	9.911232	14.193595
2.4499223	1.2007651	9.9095497	14.123656
2.4530408	1.1917446	9.911232	14.135999
2.4514816	1.2091414	9.9120731	14.131884
2.4499223	1.2049532	9.9087095	14.131884
2.4546001	1.2023759	9.9103909	14.12777
2.4546001	1.2287933	9.9095497	14.173024
2.4546001	1.2149403	9.9087095	14.156569
2.4483631	1.2329813	9.911232	14.152455
2.4468038	1.2287933	9.9095497	14.123656
2.4514816	1.2152624	9.911232	14.144227
2.4546001	1.2081748	9.9087095	14.144227
2.4561596	1.2062418	9.9095497	14.135999
2.4514816	1.2130073	9.9095497	14.119543
2.4514816	1.2033424	9.911232	14.123656
2.4499223	1.2133294	9.9095497	14.119543
2.4546001	1.2049532	9.9103909	14.131884
2.4499223	1.2210613	9.9103909	14.14834
2.4499223	1.230404	9.9078684	14.177139
2.4561596	1.2258939	9.9087095	14.123656
2.4468038	1.2139738	9.9078684	14.14834
2.4530408	1.2055975	9.9095497	14.131884
2.4452446	1.1939996	9.9103909	14.115428
2.4499223	1.1975435	9.9095497	14.152455
2.4468038	1.1920667	9.9095497	14.140112
2.4546001	1.2001208	9.9103909	14.168911
2.4530408	1.2287933	9.9087095	14.177139
2.4546001	1.2178397	9.9087095	14.144227
2.4483631	1.2217057	9.9095497	14.14834
2.4514816	1.2126851	9.9078684	14.156569
2.4514816	1.2149403	9.9095497	14.12777
2.4530408	1.2233166	9.9095497	14.173024
2.4468038	1.216229	9.9078684	14.164796
2.4499223	1.2159067	9.9095497	14.14834
2.4499223	1.2033424	9.9103909	14.140112
2.4483631	1.218484	9.9087095	14.156569
2.4499223	1.1978656	9.9103909	14.140112
2.4468038	1.2072084	9.9103909	14.144227
2.4436853	1.1985099	9.9120731	14.119543
2.4452446	1.2091414	9.9103909	14.14834
2.442126	1.2265382	9.9095497	14.181252
2.4483631	1.2159067	9.9095497	14.144227
2.4452446	1.2291155	9.9103909	14.164796
2.4514816	1.2391025	9.9095497	14.160683
2.4483631	1.248123	9.9095497	14.160683
2.4452446	1.2358809	9.9095497	14.12777
2.4499223	1.2310483	9.9095497	14.111315
2.4499223	1.2171954	9.9095497	14.156569
2.4468038	1.1949662	9.9103909	14.123656
2.4452446	1.1814353	9.911232	14.140112
2.442126	1.1759585	9.9087095	14.135999
2.4468038	1.1894894	9.9103909	14.168911
2.4436853	1.2055975	9.9095497	14.168911
2.4436853	1.2178397	9.9103909	14.14834
2.442126	1.2188063	9.911232	14.131884
2.442126	1.2159067	9.9103909	14.115428
2.4436853	1.2284712	9.9103909	14.140112
2.4436853	1.232337	9.9087095	14.160683
2.4468038	1.2420019	9.9103909	14.193595
2.4452446	1.2171954	9.9087095	14.115428
2.4468038	1.2039868	9.9103909	14.12777
2.4436853	1.1933553	9.9078684	14.123656
2.4452446	1.2055975	9.9095497	14.152455
2.4514816	1.2101078	9.9078684	14.135999
2.4436853	1.2101078	9.911232	14.156569
2.4452446	1.214296	9.9120731	14.164796
2.4436853	1.2152624	9.9095497	14.140112
2.4452446	1.2097857	9.911232	14.12777
2.4468038	1.1920667	9.9103909	14.140112
2.442126	1.2068862	9.9087095	14.181252
2.4468038	1.214296	9.9087095	14.135999
2.4452446	1.2110744	9.911232	14.131884
2.4436853	1.1891673	9.9095497	14.111315
2.4390075	1.1878786	9.9087095	14.144227
2.442126	1.2062418	9.9087095	14.152455
2.4405668	1.21043	9.9103909	14.152455
2.4468038	1.2075305	9.9078684	14.14834
2.442126	1.2043089	9.9095497	14.115428
2.4436853	1.2149403	9.9095497	14.123656
2.4468038	1.1968992	9.911232	14.098971
2.442126	1.2088192	9.9095497	14.131884
2.442126	1.2062418	9.9095497	14.144227
2.4499223	1.2075305	9.9103909	14.144227
2.4436853	1.2239609	9.9095497	14.177139
2.4374483	1.2062418	9.9120731	14.12777
2.4405668	1.1869121	9.9103909	14.123656
2.4405668	1.1766028	9.9103909	14.131884
2.4452446	1.1814353	9.9095497	14.152455
2.4405668	1.1836904	9.9095497	14.131884
2.4405668	1.1878786	9.9087095	14.14834
2.4405668	1.2039868	9.9095497	14.156569
2.442126	1.2043089	9.9095497	14.14834
2.4436853	1.2207392	9.9087095	14.135999
2.442126	1.230404	9.9095497	14.177139
2.4452446	1.2358809	9.9087095	14.156569
2.435889	1.2252495	9.9103909	14.12777
2.4436853	1.2320149	9.9095497	14.144227
2.4374483	1.2316927	9.911232	14.14834
2.4436853	1.2165511	9.9095497	14.135999
2.4452446	1.1936775	9.9095497	14.135999
2.4436853	1.1836904	9.911232	14.140112
2.442126	1.2001208	9.9095497	14.12777
2.4374483	1.2075305	9.911232	14.14834
2.442126	1.2065641	9.9103909	14.135999
2.4390075	1.2020538	9.9095497	14.12777
2.4327705	1.2097857	9.9120731	14.14834
2.4374483	1.2246052	9.9103909	14.140112
2.4390075	1.2197727	9.9095497	14.144227
2.4390075	1.2352365	9.9095497	14.185367
2.4374483	1.232337	9.9087095	14.14834
2.4390075	1.2336257	9.9087095	14.12777
2.4374483	1.212363	9.9095497	14.090744
2.435889	1.2039868	9.9120731	14.119543
2.4374483	1.1997986	9.9095497	14.123656
2.4405668	1.1978656	9.9095497	14.160683
2.4405668	1.194644	9.9095497	14.156569
2.4374483	1.1939996	9.9078684	14.168911
2.4327705	1.1914223	9.9103909	14.135999
2.4390075	1.1869121	9.9095497	14.123656
2.4374483	1.2107521	9.9087095	14.144227
2.4374483	1.2236387	9.9078684	14.193595
2.4374483	1.2136517	9.9070272	14.131884
2.4405668	1.2168733	9.9103909	14.140112
2.4343297	1.2136517	9.9087095	14.140112
2.435889	1.1917446	9.9103909	14.12777
2.4390075	1.1882007	9.9095497	14.135999
2.4343297	1.1930332	9.9103909	14.131884
2.4327705	1.1943219	9.9095497	14.156569
2.4405668	1.2091414	9.9087095	14.135999
2.4327705	1.2020538	9.9078684	14.140112
2.4343297	1.2052754	9.9087095	14.140112
2.435889	1.2059197	9.9103909	14.131884
2.4390075	1.2094635	9.9103909	14.12777
2.4327705	1.2068862	9.9095497	14.14834
2.435889	1.1959326	9.9095497	14.164796
2.4374483	1.1933553	9.9103909	14.115428
2.4343297	1.1824018	9.9095497	14.12777
2.4327705	1.1991543	9.9087095	14.135999
2.4343297	1.1859456	9.9120731	14.1072
2.4343297	1.1962548	9.9103909	14.144227
2.4390075	1.2094635	9.9103909	14.12777
2.435889	1.1956105	9.911232	14.12777
2.4312112	1.2229943	9.9087095	14.144227
2.435889	1.2049532	9.911232	14.135999
2.4343297	1.214296	9.9129133	14.098971
2.4312112	1.2258939	9.9095497	14.131884
2.4405668	1.22235	9.9103909	14.144227
2.4327705	1.2110744	9.9103909	14.140112
2.4374483	1.1920667	9.9095497	14.14834
2.4374483	1.2065641	9.911232	14.173024
2.4390075	1.2039868	9.9103909	14.14834
2.4265335	1.1930332	9.9087095	14.144227
2.4343297	1.1933553	9.9103909	14.168911
2.4374483	1.1959326	9.9087095	14.12777
2.4374483	1.2014095	9.9103909	14.12777
2.4374483	1.1991543	9.911232	14.12777
2.4327705	1.1904559	9.911232	14.164796
2.4405668	1.212363	9.9095497	14.152455
2.429652	1.2281489	9.9120731	14.152455
2.4327705	1.2313706	9.9103909	14.135999
2.429652	1.214296	9.9095497	14.12777
2.4312112	1.1975435	9.911232	14.119543
2.429652	1.2101078	9.9087095	14.131884
2.4265335	1.2126851	9.9095497	14.152455
2.4327705	1.2139738	9.9095497	14.168911
2.429652	1.2094635	9.9103909	14.140112
2.4280927	1.2188063	9.911232	14.14834
2.435889	1.2213836	9.9095497	14.156569
2.429652	1.1930332	9.911232	14.12777
2.4312112	1.2159067	9.9095497	14.156569
2.4265335	1.2133294	9.911232	14.12777
2.4280927	1.2088192	9.9103909	14.12777
2.4343297	1.2017316	9.911232	14.131884
2.424974	1.1914223	9.9095497	14.131884
2.4327705	1.2046311	9.9087095	14.14834
2.4343297	1.2191284	9.9103909	14.144227
2.429652	1.2255716	9.911232	14.12777
2.429652	1.230404	9.9103909	14.144227
2.424974	1.224283	9.9103909	14.168911
2.429652	1.2255716	9.9095497	14.152455
2.429652	1.212363	9.9103909	14.131884
2.429652	1.1962548	9.9078684	14.135999
2.429652	1.1849791	9.9120731	14.140112
2.4312112	1.1856234	9.9087095	14.144227
2.4343297	1.1898116	9.9103909	14.160683
2.429652	1.2055975	9.9103909	14.168911
2.424974	1.208497	9.9095497	14.135999
2.4234147	1.2155846	9.9095497	14.12777
2.424974	1.2200949	9.9095497	14.156569
2.4312112	1.2229943	9.9087095	14.156569
2.424974	1.2226722	9.911232	14.156569
2.424974	1.1933553	9.911232	14.131884
2.4265335	1.2059197	9.9095497	14.156569
2.424974	1.2072084	9.9087095	14.131884
2.429652	1.2059197	9.9103909	14.12777
2.429652	1.1914223	9.9095497	14.123656
2.4312112	1.2059197	9.9120731	14.168911
2.429652	1.2068862	9.9129133	14.131884
2.429652	1.1956105	9.9078684	14.14834
2.4218554	1.192711	9.911232	14.12777
2.429652	1.1936775	9.911232	14.12777
2.424974	1.1968992	9.911232	14.111315
2.424974	1.2110744	9.911232	14.131884
2.424974	1.1981878	9.911232	14.131884
2.4202962	1.2149403	9.9087095	14.123656
2.4280927	1.1952883	9.9103909	14.123656
2.429652	1.208497	9.911232	14.12777
2.4218554	1.2097857	9.9103909	14.12777
2.4265335	1.2126851	9.9095497	14.140112
2.429652	1.220417	9.9087095	14.160683
2.4265335	1.1997986	9.9095497	14.135999
2.4234147	1.2004429	9.9103909	14.111315
2.4218554	1.1853013	9.9095497	14.123656
2.4280927	1.1904559	9.9095497	14.144227
2.4234147	1.2065641	9.9103909	14.160683
2.4187369	1.2159067	9.9103909	14.164796
2.424974	1.2101078	9.9103909	14.144227
2.4187369	1.1904559	9.911232	14.12777
2.4265335	1.2033424	9.9095497	14.14834
2.4280927	1.2159067	9.9095497	14.152455
2.4234147	1.2207392	9.9078684	14.160683
2.4218554	1.2020538	9.911232	14.144227
2.4202962	1.2110744	9.9120731	14.14834
2.424974	1.2194506	9.911232	14.144227
2.4218554	1.2155846	9.911232	14.140112
2.424974	1.2110744	9.9103909	14.164796
2.4265335	1.2094635	9.9103909	14.12777
2.424974	1.2217057	9.9103909	14.152455
2.4265335	1.2120408	9.9095497	14.140112
2.4234147	1.1968992	9.9095497	14.140112
2.4265335	1.2023759	9.9103909	14.131884
2.4187369	1.1978656	9.911232	14.140112
2.424974	1.2101078	9.9103909	14.140112
2.4218554	1.2014095	9.9103909	14.140112
2.4187369	1.2059197	9.9103909	14.144227
2.4234147	1.2139738	9.9103909	14.14834
2.424974	1.2252495	9.9095497	14.152455
2.4202962	1.2249273	9.9120731	14.144227
2.4187369	1.196577	9.9129133	14.1072
2.4187369	1.2094635	9.9103909	14.135999
2.4202962	1.2030202	9.9103909	14.115428
2.4234147	1.2075305	9.9095497	14.14834
2.4202962	1.2062418	9.9129133	14.14834
2.4234147	1.2120408	9.9095497	14.168911
2.4265335	1.2271825	9.9095497	14.152455
2.4187369	1.2313706	9.9087095	14.135999
2.4202962	1.212363	9.9103909	14.115428
2.4171777	1.1985099	9.911232	14.12777
2.4187369	1.216229	9.9120731	14.164796
2.4234147	1.2188063	9.9087095	14.160683
2.4187369	1.1994765	9.9120731	14.131884
2.4218554	1.1878786	9.9087095	14.140112
2.4187369	1.1962548	9.911232	14.140112
2.4202962	1.1978656	9.9103909	14.119543
2.4202962	1.194644	9.9078684	14.156569
2.4156184	1.18659	9.9103909	14.119543
2.4156184	1.2126851	9.911232	14.156569
2.4156184	1.2191284	9.9095497	14.156569
2.4093814	1.2130073	9.911232	14.12777
2.4109406	1.1981878	9.911232	14.1072
2.4187369	1.2059197	9.9103909	14.140112
2.4171777	1.1956105	9.911232	14.12777
2.4202962	1.1997986	9.911232	14.12777
2.4140592	1.2017316	9.9103909	14.144227
2.424974	1.2072084	9.9095497	14.12777
2.4187369	1.2120408	9.911232	14.14834
2.4171777	1.2171954	9.9103909	14.135999
2.4140592	1.208497	9.9120731	14.144227
2.4234147	1.2139738	9.9095497	14.14834
2.4156184	1.2117187	9.911232	14.131884
2.4156184	1.2046311	9.9120731	14.103086
2.4140592	1.192711	9.911232	14.12777
2.4109406	1.178858	9.9087095	14.131884
2.4156184	1.1804688	9.9103909	14.12777
2.4140592	1.1991543	9.911232	14.156569
2.4202962	1.1923889	9.9095497	14.14834
2.4124999	1.2120408	9.911232	14.185367
2.4156184	1.2152624	9.9120731	14.135999
2.4171777	1.220417	9.9103909	14.135999
2.4156184	1.2236387	9.9103909	14.12777
2.4218554	1.2101078	9.9095497	14.140112
2.4124999	1.2046311	9.9070272	14.152455
2.4109406	1.2068862	9.9120731	14.144227
2.4140592	1.1981878	9.911232	14.164796
2.4171777	1.1798245	9.911232	14.135999
2.4202962	1.1801467	9.9095497	14.131884
2.4171777	1.2007651	9.911232	14.135999
2.4140592	1.2072084	9.9120731	14.152455
2.4171777	1.2026981	9.9103909	14.119543
2.4109406	1.220417	9.9103909	14.156569
2.4109406	1.2339479	9.9103909	14.181252
2.4109406	1.2287933	9.9103909	14.156569
2.4078221	1.2152624	9.9087095	14.140112
2.4140592	1.2117187	9.9095497	14.140112
2.4109406	1.2081748	9.9103909	14.131884
2.4047036	1.2175176	9.9103909	14.14834
2.4124999	1.212363	9.9095497	14.131884
2.4109406	1.2159067	9.9078684	14.14834
2.4109406	1.2271825	9.9103909	14.156569
2.4124999	1.2168733	9.9103909	14.144227
2.4109406	1.2101078	9.9087095	14.119543
2.4171777	1.2039868	9.9087095	14.156569
2.4140592	1.2126851	9.9078684	14.144227
2.4124999	1.1869121	9.911232	14.094858
2.4078221	1.1930332	9.9095497	14.12777
2.4078221	1.1891673	9.9103909	14.115428
2.4140592	1.1920667	9.9120731	14.135999
2.4109406	1.2149403	9.911232	14.144227
2.4109406	1.2200949	9.9095497	14.181252
2.4093814	1.2178397	9.911232	14.131884
2.4047036	1.2374916	9.9095497	14.173024
2.4093814	1.2413576	9.9095497	14.152455
2.4093814	1.2410355	9.9103909	14.156569
2.4078221	1.2178397	9.9103909	14.135999
2.4109406	1.2239609	9.9087095	14.156569
2.4078221	1.2220279	9.9103909	14.152455
2.4078221	1.2120408	9.9103909	14.152455
2.4109406	1.1824018	9.911232	14.1072
2.4109406	1.1801467	9.9078684	14.131884
2.4093814	1.1936775	9.9103909	14.152455
2.4140592	1.1968992	9.911232	14.103086
2.4109406	1.1791801	9.9095497	14.12777
2.4062629	1.1853013	9.9103909	14.131884
2.4047036	1.1975435	9.911232	14.168911
2.4093814	1.2065641	9.9120731	14.152455
2.4109406	1.2149403	9.9103909	14.156569
2.4062629	1.2191284	9.9103909	14.14834
2.4093814	1.2220279	9.9087095	14.152455
2.4062629	1.2368473	9.9087095	14.152455
2.4031444	1.2229943	9.9103909	14.181252
2.4015851	1.2168733	9.9087095	14.14834
2.4000258	1.224283	9.9095497	14.164796
2.4093814	1.2178397	9.9087095	14.144227
2.4140592	1.2030202	9.9087095	14.140112
2.4031444	1.2010872	9.9095497	14.164796
2.4047036	1.2039868	9.9103909	14.111315
2.4031444	1.2101078	9.911232	14.135999
2.4047036	1.2197727	9.9103909	14.14834
2.4047036	1.2091414	9.9095497	14.14834
2.4047036	1.2126851	9.9095497	14.14834
2.4062629	1.2291155	9.911232	14.164796
2.4062629	1.2126851	9.9070272	14.160683
2.4109406	1.2101078	9.9095497	14.152455
2.4000258	1.2030202	9.9087095	14.140112
2.4062629	1.2207392	9.9103909	14.144227
2.4000258	1.2159067	9.911232	14.156569
2.4047036	1.2133294	9.9095497	14.12777
2.4078221	1.2133294	9.9078684	14.12777
2.4047036	1.1914223	9.9087095	14.135999
2.4078221	1.2091414	9.911232	14.160683
2.4031444	1.1943219	9.9103909	14.131884
2.4062629	1.1914223	9.9095497	14.140112
2.4015851	1.1843348	9.9087095	14.144227
2.4093814	1.1843348	9.9087095	14.135999
2.4047036	1.1878786	9.9095497	14.135999
2.4000258	1.1885229	9.9095497	14.140112
2.4015851	1.2072084	9.911232	14.135999
2.4031444	1.2107521	9.9087095	14.140112
2.4000258	1.2168733	9.911232	14.131884
2.4015851	1.2255716	9.9087095	14.14834
2.4000258	1.2146181	9.9103909	14.115428
2.4093814	1.212363	9.9078684	14.131884
2.4047036	1.2043089	9.9078684	14.135999
2.4047036	1.1872343	9.9078684	14.123656
2.4000258	1.1766028	9.9103909	14.115428
2.4031444	1.2001208	9.9103909	14.152455
2.4062629	1.1894894	9.9103909	14.144227
2.4015851	1.1952883	9.9095497	14.119543
2.4047036	1.2078527	9.9087095	14.156569
2.4093814	1.2149403	9.9095497	14.140112
2.4062629	1.2268603	9.911232	14.168911
2.4047036	1.2200949	9.9078684	14.156569
2.4047036	1.2316927	9.9095497	14.168911
2.4015851	1.2194506	9.9095497	14.160683
2.4015851	1.2113965	9.9095497	14.156569
2.4031444	1.2200949	9.9103909	14.156569
2.4015851	1.2139738	9.9087095	14.152455
2.4000258	1.2136517	9.9087095	14.144227
2.4078221	1.1972213	9.9095497	14.12777
2.4015851	1.2117187	9.9095497	14.12777
2.4015851	1.2094635	9.9095497	14.123656
2.4000258	1.1994765	9.9095497	14.185367
2.4031444	1.2065641	9.9095497	14.156569
2.3969073	1.2020538	9.9095497	14.152455
2.3984666	1.2007651	9.9120731	14.131884
2.4062629	1.2004429	9.9095497	14.164796
2.3984666	1.192711	9.9078684	14.135999
2.4047036	1.1991543	9.9103909	14.140112
2.4031444	1.2033424	9.9103909	14.156569
2.4000258	1.2091414	9.911232	14.144227
2.4047036	1.2110744	9.9095497	14.140112
2.3969073	1.2117187	9.911232	14.12777
2.4000258	1.2300819	9.9078684	14.189481
2.4015851	1.2088192	9.9087095	14.123656
2.3984666	1.2026981	9.9103909	14.131884
2.3969073	1.2026981	9.911232	14.123656
2.4000258	1.2046311	9.9103909	14.12777
2.4047036	1.2007651	9.9095497	14.12777
2.4047036	1.1891673	9.9095497	14.12777
2.4015851	1.196577	9.911232	14.156569
2.4000258	1.2133294	9.911232	14.164796
2.4000258	1.2110744	9.9078684	14.173024
2.3969073	1.2113965	9.9103909	14.164796
2.3937888	1.2014095	9.9103909	14.164796
2.3969073	1.2133294	9.9103909	14.140112
2.3953481	1.1997986	9.9095497	14.12777
2.4015851	1.2101078	9.9103909	14.177139
2.4000258	1.218484	9.9078684	14.164796
2.3969073	1.21043	9.9078684	14.156569
2.3891108	1.2175176	9.9095497	14.160683
2.3953481	1.2033424	9.911232	14.156569
2.4000258	1.2110744	9.9095497	14.164796
2.3984666	1.2094635	9.911232	14.144227
2.4015851	1.2113965	9.9103909	14.144227
2.4000258	1.2255716	9.9103909	14.164796
2.3984666	1.224283	9.9095497	14.181252
2.4015851	1.2178397	9.9103909	14.14834
2.3984666	1.2081748	9.9103909	14.164796
2.3984666	1.216229	9.9087095	14.181252
2.3969073	1.2133294	9.9095497	14.14834
2.3937888	1.2017316	9.9120731	14.152455
2.4015851	1.208497	9.9095497	14.177139
2.3984666	1.1988322	9.9103909	14.14834
2.3906701	1.212363	9.9103909	14.185367
2.3984666	1.1959326	9.911232	14.144227
2.4015851	1.1991543	9.9095497	14.14834
2.4015851	1.2007651	9.9103909	14.140112
2.3937888	1.2126851	9.911232	14.115428
2.3953481	1.2194506	9.911232	14.156569
2.4015851	1.2355586	9.9078684	14.177139
2.3937888	1.2126851	9.9078684	14.135999
2.3984666	1.2197727	9.9087095	14.156569
2.4000258	1.2110744	9.9103909	14.164796
2.3969073	1.2068862	9.9087095	14.189481
2.3969073	1.1975435	9.9103909	14.173024
2.3969073	1.1920667	9.9078684	14.168911
2.3922293	1.2078527	9.9087095	14.173024
2.3969073	1.2159067	9.9078684	14.181252
2.3969073	1.2165511	9.9087095	14.168911
2.3984666	1.2217057	9.9087095	14.181252
2.3953481	1.2220279	9.911232	14.156569
2.3984666	1.2255716	9.9095497	14.156569
2.3953481	1.208497	9.911232	14.144227
2.3953481	1.2159067	9.9087095	14.177139
2.3906701	1.2097857	9.9103909	14.135999
2.3906701	1.2213836	9.9103909	14.168911
2.3922293	1.2030202	9.9103909	14.140112
2.3922293	1.194644	9.9129133	14.123656
2.3953481	1.1959326	9.9103909	14.14834
2.3953481	1.1882007	9.9103909	14.164796
2.3937888	1.1978656	9.9095497	14.205936
2.3969073	1.194644	9.9087095	14.156569
2.3937888	1.1962548	9.9095497	14.144227
2.3953481	1.1952883	9.9087095	14.135999
2.3906701	1.2014095	9.9103909	14.164796
2.3922293	1.2062418	9.9103909	14.140112
2.3969073	1.2239609	9.9095497	14.168911
2.3813145	1.2310483	9.9095497	14.173024
2.3891108	1.2171954	9.9087095	14.135999
2.3891108	1.2136517	9.9103909	14.12777
2.3891108	1.212363	9.9078684	14.131884
2.3922293	1.2081748	9.9087095	14.164796
2.3891108	1.1978656	9.911232	14.115428
2.3875515	1.2007651	9.911232	14.140112
2.3937888	1.2065641	9.911232	14.160683
2.3937888	1.1952883	9.9070272	14.14834
2.3937888	1.2191284	9.9095497	14.177139
2.3875515	1.2188063	9.9103909	14.152455
2.3922293	1.2200949	9.9120731	14.160683
2.3875515	1.2246052	9.911232	14.168911
2.3922293	1.2217057	9.9087095	14.160683
2.3906701	1.2384582	9.9087095	14.185367
2.3859923	1.2239609	9.911232	14.156569
2.3875515	1.1978656	9.9103909	14.131884
2.3922293	1.1920667	9.9095497	14.152455
2.3906701	1.212363	9.9103909	14.164796
2.3891108	1.208497	9.9087095	14.164796
2.3969073	1.2004429	9.9095497	14.152455
2.3937888	1.2065641	9.9103909	14.131884
2.3984666	1.218484	9.9087095	14.168911
2.3891108	1.2068862	9.9103909	14.12777
2.3891108	1.2043089	9.9103909	14.173024
2.3922293	1.1943219	9.9103909	14.144227
2.3875515	1.2001208	9.911232	14.144227
2.384433	1.2107521	9.9103909	14.160683
2.3937888	1.2039868	9.9103909	14.111315
2.3922293	1.1878786	9.9095497	14.123656
2.3937888	1.1849791	9.9103909	14.123656
2.3906701	1.1778915	9.9095497	14.144227
2.3937888	1.1833683	9.911232	14.131884
2.3891108	1.1862677	9.9103909	14.160683
2.3875515	1.2043089	9.9095497	14.14834
2.3891108	1.2059197	9.911232	14.156569
2.3859923	1.218484	9.9103909	14.14834
2.3875515	1.2191284	9.9095497	14.144227
2.3891108	1.2278268	9.9087095	14.152455
2.3891108	1.2336257	9.9103909	14.152455
2.3891108	1.2258939	9.9095497	14.177139
2.3906701	1.2252495	9.9087095	14.160683
2.3906701	1.2152624	9.9095497	14.177139
2.3859923	1.1830461	9.9103909	14.144227
2.3953481	1.1746699	9.9103909	14.164796
2.3937888	1.1882007	9.9103909	14.160683
2.3891108	1.1959326	9.9095497	14.164796
2.3891108	1.2017316	9.9095497	14.164796
2.3922293	1.2155846	9.9070272	14.156569
2.3891108	1.2213836	9.9103909	14.164796
2.384433	1.2226722	9.9129133	14.160683
2.3859923	1.2136517	9.9087095	14.177139
2.3875515	1.22235	9.9070272	14.173024
2.3906701	1.236203	9.911232	14.177139
2.3891108	1.2271825	9.9103909	14.168911
2.384433	1.2265382	9.911232	14.168911
2.3891108	1.2249273	9.911232	14.144227
2.384433	1.2326592	9.9095497	14.168911
2.3891108	1.2133294	9.9078684	14.181252
2.3875515	1.2059197	9.9103909	14.173024
2.384433	1.2065641	9.911232	14.156569
2.3813145	1.2107521	9.911232	14.152455
2.3813145	1.2094635	9.911232	14.177139
2.3891108	1.2068862	9.911232	14.140112
2.3922293	1.2155846	9.9095497	14.152455
2.3906701	1.2175176	9.9103909	14.160683
2.3922293	1.2229943	9.9095497	14.164796
2.3859923	1.2291155	9.9095497	14.140112
2.3937888	1.2091414	9.9078684	14.140112
2.3891108	1.2001208	9.9103909	14.144227
2.384433	1.212363	9.9095497	14.156569
2.384433	1.2030202	9.9087095	14.144227
2.384433	1.208497	9.9095497	14.177139
2.3875515	1.2043089	9.9078684	14.164796
2.3875515	1.2059197	9.9103909	14.152455
2.3891108	1.2188063	9.9095497	14.168911
2.3953481	1.2146181	9.911232	14.14834
2.3859923	1.2171954	9.9103909	14.168911
2.384433	1.2149403	9.9103909	14.177139
2.384433	1.2139738	9.911232	14.160683
2.384433	1.2155846	9.9103909	14.164796
2.378196	1.1994765	9.911232	14.131884
2.3828738	1.2052754	9.911232	14.14834
2.3891108	1.1975435	9.9087095	14.144227
2.3891108	1.2043089	9.911232	14.135999
2.3828738	1.1840127	9.9087095	14.135999
2.3875515	1.1994765	9.9095497	14.164796
2.384433	1.2052754	9.911232	14.173024
2.3875515	1.2065641	9.9095497	14.14834
2.3797553	1.2049532	9.9103909	14.144227
2.3797553	1.1985099	9.9070272	14.14834
2.3859923	1.1975435	9.9103909	14.164796
2.3797553	1.2039868	9.9103909	14.173024
2.384433	1.2020538	9.9087095	14.164796
2.3813145	1.2181619	9.9070272	14.185367
2.3828738	1.2059197	9.9103909	14.140112
2.3828738	1.2117187	9.9103909	14.140112
2.3797553	1.2007651	9.9095497	14.14834
2.3766367	1.2165511	9.9103909	14.181252
2.384433	1.1894894	9.9103909	14.123656
2.384433	1.1791801	9.911232	14.14834
2.3766367	1.2068862	9.911232	14.144227
2.384433	1.2039868	9.911232	14.156569
2.3797553	1.214296	9.9087095	14.156569
2.3766367	1.2336257	9.9103909	14.168911
2.371959	1.2371695	9.9078684	14.177139
2.3797553	1.2271825	9.9103909	14.140112
2.378196	1.2052754	9.9103909	14.14834
2.3797553	1.2026981	9.9087095	14.156569
2.3797553	1.2194506	9.9087095	14.197708
2.3813145	1.2139738	9.9095497	14.152455
2.378196	1.1994765	9.9120731	14.14834
2.3766367	1.1872343	9.911232	14.140112
2.384433	1.2039868	9.9103909	14.164796
2.3766367	1.208497	9.9070272	14.140112
2.3766367	1.1956105	9.9087095	14.156569
2.3797553	1.2152624	9.9078684	14.177139
2.3766367	1.2220279	9.9120731	14.173024
2.3797553	1.2097857	9.9087095	14.140112
2.3735182	1.2010872	9.9103909	14.156569
2.3766367	1.1849791	9.9087095	14.164796
2.378196	1.1972213	9.9103909	14.140112
2.3797553	1.1991543	9.911232	14.160683
2.3750775	1.2152624	9.911232	14.156569
2.378196	1.2126851	9.9095497	14.144227
2.378196	1.2213836	9.9103909	14.173024
2.3750775	1.2320149	9.9103909	14.185367
2.3828738	1.2014095	9.9103909	14.135999
2.3766367	1.2036645	9.9095497	14.156569
2.3750775	1.18659	9.9103909	14.12777
2.3750775	1.1836904	9.9103909	14.144227
2.3766367	1.1891673	9.9095497	14.160683
2.3766367	1.1997986	9.9120731	14.144227
2.3703997	1.1936775	9.911232	14.140112
2.3735182	1.1972213	9.9095497	14.14834
2.3735182	1.2136517	9.9103909	14.14834
2.3766367	1.2136517	9.9087095	14.156569
2.3750775	1.2381359	9.9103909	14.193595
2.3813145	1.2384582	9.9095497	14.177139
2.3750775	1.2326592	9.9095497	14.152455
2.3766367	1.2278268	9.9078684	14.156569
2.3703997	1.2175176	9.9103909	14.168911
2.3703997	1.2059197	9.9095497	14.156569
2.378196	1.1914223	9.9095497	14.144227
2.3766367	1.1978656	9.911232	14.160683
2.378196	1.1959326	9.9095497	14.173024
2.3735182	1.2030202	9.9120731	14.140112
2.3750775	1.2075305	9.9120731	14.140112
2.371959	1.2094635	9.9103909	14.14834
2.3735182	1.2072084	9.9103909	14.164796
2.3766367	1.2014095	9.9095497	14.135999
2.378196	1.208497	9.9087095	14.164796
2.3735182	1.2136517	9.9095497	14.14834
2.371959	1.2065641	9.9103909	14.164796
2.3703997	1.2081748	9.9103909	14.156569
2.3750775	1.1930332	9.9095497	14.135999
2.3672812	1.2094635	9.9095497	14.164796
2.3766367	1.1923889	9.9103909	14.144227
2.371959	1.2030202	9.9095497	14.152455
2.3735182	1.1962548	9.9095497	14.14834
2.3735182	1.1985099	9.9095497	14.193595
2.3735182	1.2188063	9.9095497	14.168911
2.371959	1.2188063	9.9078684	14.164796
2.3703997	1.2159067	9.9103909	14.140112
2.3750775	1.2039868	9.9087095	14.14834
2.3750775	1.2133294	9.911232	14.140112
2.3735182	1.2188063	9.9103909	14.14834
2.3735182	1.2149403	9.9095497	14.177139
2.371959	1.2046311	9.9087095	14.14834
2.3750775	1.2181619	9.9078684	14.181252
2.3735182	1.2275046	9.9103909	14.160683
2.3766367	1.2120408	9.911232	14.177139
2.3750775	1.1978656	9.9103909	14.14834
2.3750775	1.2120408	9.9087095	14.160683
2.3735182	1.2207392	9.911232	14.173024
2.3688405	1.1997986	9.9095497	14.14834
2.3735182	1.184657	9.9078684	14.14834
2.3672812	1.2068862	9.911232	14.177139
2.3703997	1.1972213	9.9087095	14.156569
2.3735182	1.1997986	9.9103909	14.14834
2.3688405	1.2039868	9.9095497	14.135999
2.3735182	1.2133294	9.9078684	14.156569
2.3688405	1.232337	9.9087095	14.177139
2.3688405	1.2339479	9.9095497	14.173024
2.3750775	1.2381359	9.9087095	14.156569
2.3750775	1.2310483	9.9095497	14.173024
2.371959	1.2413576	9.9103909	14.177139
2.3797553	1.2268603	9.9078684	14.144227
2.371959	1.2136517	9.9129133	14.144227
2.3688405	1.2139738	9.9103909	14.164796
2.3688405	1.1930332	9.9095497	14.131884
2.3750775	1.2049532	9.911232	14.181252
2.3735182	1.1878786	9.9103909	14.144227
2.371959	1.2030202	9.911232	14.168911
2.371959	1.2213836	9.911232	14.156569
2.3703997	1.2146181	9.9087095	14.14834
2.3735182	1.2155846	9.9078684	14.14834
2.371959	1.2130073	9.9095497	14.1072
2.3735182	1.2178397	9.9120731	14.14834
2.3688405	1.2213836	9.9087095	14.168911
2.3703997	1.2088192	9.9095497	14.156569
2.3735182	1.2094635	9.9087095	14.173024
2.3672812	1.2026981	9.9103909	14.152455
2.3672812	1.2088192	9.9087095	14.14834
2.371959	1.2120408	9.9095497	14.156569
2.3703997	1.1968992	9.9103909	14.140112
2.3735182	1.2146181	9.911232	14.14834
2.3735182	1.2249273	9.911232	14.197708
2.3672812	1.2152624	9.9120731	14.152455
2.371959	1.1956105	9.9095497	14.156569
2.3703997	1.1975435	9.9095497	14.160683
2.3657219	1.1930332	9.9095497	14.140112
2.3688405	1.2023759	9.9087095	14.181252
2.3657219	1.1875564	9.9095497	14.140112
2.3610442	1.2052754	9.9103909	14.160683
2.3688405	1.2171954	9.9095497	14.140112
2.3657219	1.2094635	9.9095497	14.140112
2.3688405	1.2165511	9.9087095	14.160683
2.3672812	1.2246052	9.9103909	14.201823
2.3657219	1.2210613	9.9095497	14.14834
2.3672812	1.2049532	9.9087095	14.144227
2.3688405	1.1853013	9.9095497	14.135999
2.3672812	1.1785358	9.9103909	14.160683
2.3672812	1.1914223	9.9103909	14.140112
2.3703997	1.1988322	9.9103909	14.14834
2.3703997	1.1952883	9.9095497	14.177139
2.3672812	1.2171954	9.911232	14.173024
2.3750775	1.2252495	9.911232	14.168911
2.3703997	1.2165511	9.9103909	14.135999
2.3641627	1.2117187	9.9087095	14.160683
2.3610442	1.2065641	9.9078684	14.140112
2.3626034	1.2017316	9.9078684	14.14834
2.3657219	1.2149403	9.9095497	14.193595
2.3750775	1.2175176	9.9103909	14.177139
2.3657219	1.2078527	9.9103909	14.173024
2.3641627	1.2117187	9.911232	14.14834
2.3641627	1.2217057	9.9087095	14.152455
2.3641627	1.2229943	9.9095497	14.140112
2.3657219	1.2300819	9.9095497	14.181252
2.3641627	1.2294376	9.911232	14.140112
2.3641627	1.2349143	9.9095497	14.173024
2.3610442	1.2210613	9.9095497	14.156569
2.3641627	1.2014095	9.911232	14.131884
2.3641627	1.1917446	9.9095497	14.164796
2.3688405	1.2059197	9.9095497	14.144227
2.3672812	1.2068862	9.9095497	14.152455
2.3626034	1.2007651	9.9087095	14.160683
2.3610442	1.2171954	9.911232	14.177139
2.3641627	1.2255716	9.9095497	14.14834
2.3626034	1.2281489	9.9103909	14.14834
2.3657219	1.230404	9.9120731	14.156569
2.3641627	1.2258939	9.9078684	14.160683
2.3657219	1.230404	9.9103909	14.173024
2.3626034	1.220417	9.9087095	14.14834
2.3626034	1.2110744	9.9095497	14.14834
2.3657219	1.2004429	9.9087095	14.12777
2.3703997	1.2110744	9.9095497	14.140112
2.3610442	1.2126851	9.911232	14.144227
2.3626034	1.2139738	9.9103909	14.140112
2.3641627	1.214296	9.9095497	14.135999
2.3563664	1.2072084	9.9095497	14.12777
2.3610442	1.2030202	9.911232	14.115428
2.3626034	1.2197727	9.911232	14.14834
2.3610442	1.2065641	9.9103909	14.144227
2.3610442	1.2139738	9.9087095	14.131884
2.3594849	1.1981878	9.911232	14.14834
2.3657219	1.2078527	9.911232	14.131884
2.3610442	1.1885229	9.9103909	14.123656
2.3641627	1.1959326	9.911232	14.156569
2.3641627	1.2107521	9.9103909	14.181252
2.3610442	1.2175176	9.9095497	14.144227
2.3563664	1.226216	9.9103909	14.164796
2.3563664	1.2171954	9.9087095	14.14834
2.3626034	1.2333035	9.9095497	14.177139
2.3579257	1.2149403	9.9103909	14.14834
2.3579257	1.2152624	9.9095497	14.181252
2.3610442	1.196577	9.9103909	14.177139
2.3594849	1.216229	9.9095497	14.181252
2.3641627	1.2229943	9.9103909	14.168911
2.3563664	1.2097857	9.911232	14.14834
2.3516886	1.216229	9.911232	14.177139
2.3579257	1.214296	9.9103909	14.160683
2.3610442	1.2229943	9.9103909	14.156569
2.3641627	1.212363	9.9078684	14.173024
2.3610442	1.2065641	9.911232	14.168911
2.3626034	1.2139738	9.9095497	14.156569
2.3594849	1.2191284	9.911232	14.160683
2.3657219	1.2236387	9.9103909	14.168911
2.3672812	1.2072084	9.9103909	14.135999
2.3641627	1.2113965	9.9103909	14.131884
2.3610442	1.2165511	9.9095497	14.144227
2.3594849	1.2101078	9.9095497	14.144227
2.3563664	1.214296	9.9087095	14.164796
2.3579257	1.2030202	9.9095497	14.14834
2.3563664	1.226216	9.9103909	14.210052
2.3548071	1.2059197	9.9103909	14.14834
2.3594849	1.2149403	9.9103909	14.173024
2.3610442	1.2088192	9.9095497	14.14834
2.3641627	1.1981878	9.9103909	14.173024
2.3563664	1.2043089	9.911232	14.152455
2.3594849	1.196577	9.9103909	14.14834
2.3485701	1.2081748	9.9103909	14.177139
2.3548071	1.212363	9.9095497	14.168911
2.3548071	1.2171954	9.911232	14.140112
2.3563664	1.2213836	9.9095497	14.14834
2.3594849	1.2120408	9.9095497	14.156569
2.3610442	1.232337	9.9095497	14.181252
2.3579257	1.2329813	9.911232	14.164796
2.3548071	1.2258939	9.9103909	14.168911
2.3610442	1.2191284	9.9087095	14.173024
2.3579257	1.2146181	9.9095497	14.140112
2.3610442	1.2213836	9.9070272	14.156569
2.3688405	1.2113965	9.9087095	14.152455
2.3610442	1.2107521	9.9087095	14.140112
2.3579257	1.2065641	9.911232	14.144227
2.3532479	1.2155846	9.9078684	14.131884
2.3548071	1.212363	9.9120731	14.14834
2.3610442	1.2139738	9.911232	14.131884
2.3579257	1.2294376	9.9095497	14.152455
2.3579257	1.2284712	9.9087095	14.131884
2.3548071	1.2310483	9.9103909	14.135999
2.3610442	1.2078527	9.9103909	14.119543
2.3548071	1.2120408	9.9095497	14.135999
2.3579257	1.196577	9.9103909	14.123656
2.3641627	1.2017316	9.9095497	14.140112
2.3579257	1.1972213	9.9087095	14.123656
2.3594849	1.2065641	9.9095497	14.14834
